"family","source","seed","timestep","n_pairs","n_iou_pairs","n_centroid_pairs","iou_mean","dice_mean","fp_area_frac_mean","fn_area_frac_mean","centroid_err_mean_px","mass_signed_mean","mass_abs_mean","miss_count"
"CTA-UNet+FFL TC","canonical","0","0","170","170","170","0.9124781465729416","0.9538836351862291","0.0003086519607843137","0.0006613480392156867","1.7667679904135618","-20.03872606614057","22.108180483649758","0"
"CTA-UNet+FFL TC","canonical","0","1","170","170","170","0.919243831834113","0.9576315489238492","0.0004036274509803922","0.0006796813725490196","1.5072646728076333","-38.36505818086512","40.67675871007583","0"
"CTA-UNet+FFL TC","canonical","0","2","170","170","170","0.920730392138474","0.9584673358569762","0.000423406862745098","0.0008016176470588234","1.2213945055393027","-27.218972778320314","46.571223808737365","0"
"CTA-UNet+FFL TC","canonical","0","3","170","170","170","0.9251713053243783","0.9608957855999964","0.0007773529411764703","0.0005295833333333335","1.1878432376215087","17.35071137372185","71.60900703878964","0"
"CTA-UNet+FFL TC","canonical","0","4","170","170","170","0.927180252836342","0.9620637755893158","0.00034732843137254906","0.001743921568627451","1.1521806019203762","-9.532361109116499","49.47663134406595","0"
"CTA-UNet+FFL TC","canonical","0","5","170","170","170","0.9396238731340512","0.9687129182106451","0.001091299019607843","0.0008093872549019611","1.238478475801948","58.13807660271139","96.68272130629596","0"
"CTA-UNet+FFL TC","canonical","0","6","170","170","170","0.9400563803600139","0.9688652808826982","0.0010730637254901965","0.0012679166666666665","1.8459714456365797","261.42435823328356","274.208519969267","0"
"CTA-UNet+FFL TC","canonical","0","7","170","170","170","0.9382297142566554","0.9680007756920395","0.0006723039215686277","0.002578431372549019","2.038964949320535","101.52182814654182","146.07625104118796","0"
"CTA-UNet+FFL TC","canonical","0","8","170","170","170","0.9471943433784781","0.972761941296565","0.0017920343137254903","0.0011887745098039218","2.0767282561766742","161.26775351131664","179.79797919778264","0"
"CTA-UNet+FFL TC","canonical","0","9","170","170","170","0.9473753766699399","0.9728447333613139","0.002411421568627451","0.001255122549019608","3.6489922975358433","584.8987613453585","587.4100621840533","0"
"CTA-UNet+FFL TC","canonical","0","10","170","170","170","0.9518231970259202","0.9751988685125577","0.0016563235294117654","0.0031242647058823546","3.9732350239786696","467.27689065372243","487.04789680032167","0"
"CTA-UNet+FFL TC","canonical","0","11","170","170","170","0.95429098152546","0.9765170784985439","0.002424754901960784","0.003408357843137255","3.998558216020205","588.4071245978861","683.7044476677389","0"
"CTA-UNet+FFL TC","canonical","0","12","170","170","170","0.9539864464100599","0.9763564173092657","0.00299627450980392","0.00449575980392157","3.0831031946093836","231.34461669921876","404.38230052274815","0"
"CTA-UNet+FFL TC","canonical","0","13","170","170","170","0.951317501968258","0.9749634930625831","0.006882328431372549","0.0027739460784313736","2.6471246941715427","215.92219740923713","446.41698572495403","0"
"CTA-UNet+FFL TC","canonical","0","14","170","170","170","0.9532954484260492","0.9759855376538712","0.0052242156862745085","0.006232916666666668","3.400637630491955","144.77838062959557","322.59927619485296","0"
"CTA-UNet+FFL TC","canonical","0","15","170","170","170","0.9561504420365469","0.9775017915909622","0.0060973529411764696","0.006000122549019609","2.7769382054394813","31.790610638786763","395.79140625","0"
"CTA-UNet+FFL TC","canonical","0","16","170","170","170","0.9575597861761983","0.9782559551252827","0.007991053921568621","0.004855245098039213","2.6810488519371494","54.58646742876838","495.2104133157169","0"
"CTA-UNet+FFL TC","canonical","0","17","170","170","170","0.9581463287794079","0.9785381978336565","0.00822210784313726","0.005262205882352937","2.2996472661387126","-166.2879940257353","387.38913717830883","0"
"CTA-UNet+FFL TC","canonical","0","18","170","170","170","0.9651822760551463","0.9821840812628437","0.00609936274509804","0.00602514705882353","2.8626271934473415","-173.30254480698528","345.98466796875","0"
"CTA-UNet+FFL TC","canonical","0","19","170","170","170","0.9684563689547557","0.9839032494334933","0.006772671568627451","0.005168480392156864","2.641108839693623","-246.3126091452206","522.0389533547794","0"
"CTA-UNet+FFL TC","canonical","0","20","170","170","170","0.9696452255176895","0.9843956995502537","0.006624509803921568","0.005670269607843137","2.9055795767101142","-25.994534122242648","458.0424431295956","0"
"CTA-UNet+FFL TC","canonical","0","21","170","170","170","0.9709835285483246","0.9852214166768114","0.00759651960784314","0.004950710784313725","2.6955706326457802","-255.3002010569853","587.7298081341912","0"
"CTA-UNet+FFL TC","canonical","0","22","170","170","170","0.9745173904503159","0.9870537598664092","0.005808186274509804","0.005906176470588238","3.2992770810074656","-308.87710822610296","792.4903435202206","0"
"CTA-UNet+FFL TC","canonical","0","23","170","170","170","0.9708589545839815","0.9846634095789076","0.00849813725490196","0.004745637254901958","3.2810856957355266","-43.05510684742647","834.0766716452206","0"
"CTA-UNet+FFL TC","canonical","0","24","170","170","170","0.971639286980171","0.9848310958371355","0.007683848039215688","0.005558774509803919","3.7066111526930943","-24663.557703354778","25579.968307674633","0"
"CTA-UNet+FFL TC","canonical","1","0","170","170","170","0.8958535363911444","0.944362630812824","0.0001773774509803921","0.0009727205882352933","1.7569655874678751","-26.421940489376293","26.421940489376293","0"
"CTA-UNet+FFL TC","canonical","1","1","170","170","170","0.9074761375154562","0.9509763453226024","0.0002655637254901959","0.0009212500000000006","1.4512618606740777","-50.04718215044807","50.04718215044807","0"
"CTA-UNet+FFL TC","canonical","1","2","170","170","170","0.9058737151675035","0.9502573789143371","0.00026654411764705883","0.0012046813725490196","1.2438853139842487","-62.1084462334128","62.56247419469497","0"
"CTA-UNet+FFL TC","canonical","1","3","170","170","170","0.9225763726859715","0.9594332377326287","0.0004948039215686275","0.0008365931372549023","1.1244565990251785","-51.739608046587776","58.95196515251608","0"
"CTA-UNet+FFL TC","canonical","1","4","170","170","170","0.920176767441872","0.9582694744719548","0.00027852941176470584","0.002119240196078432","1.0848088954775759","-37.354933705049405","55.3473565494313","0"
"CTA-UNet+FFL TC","canonical","1","5","170","170","170","0.9411687036506269","0.9695376230619283","0.0008234313725490197","0.0010205637254901965","1.1490939679399241","8.862338795381433","71.53348029641545","0"
"CTA-UNet+FFL TC","canonical","1","6","170","170","170","0.9405582318255992","0.9691383416234407","0.0007682107843137258","0.0015605147058823537","2.0223764965344486","67.64048291374655","128.9847371718463","0"
"CTA-UNet+FFL TC","canonical","1","7","170","170","170","0.9354849142290633","0.9665193520416598","0.0004935784313725492","0.0028766421568627446","2.2088194070951865","-14.899113733628218","102.1459047205308","0"
"CTA-UNet+FFL TC","canonical","1","8","170","170","170","0.9490882107383091","0.9737676753286021","0.0015292156862745092","0.0013551470588235293","2.090504572108205","79.51877064424403","126.79779932358686","0"
"CTA-UNet+FFL TC","canonical","1","9","170","170","170","0.9486042754305448","0.9734997637497476","0.0023911029411764705","0.001234828431372549","2.252422681084371","115.57761733111214","163.68136919806986","0"
"CTA-UNet+FFL TC","canonical","1","10","170","170","170","0.9523424679526556","0.9754894894219419","0.0015994117647058815","0.0031105392156862747","2.183730924775955","-9.696110624425552","151.6344981474035","0"
"CTA-UNet+FFL TC","canonical","1","11","170","170","170","0.9556880010099569","0.977257742108658","0.0027608088235294113","0.0028802450980392157","2.0380277758765333","-34.72084314682905","150.91696705537683","0"
"CTA-UNet+FFL TC","canonical","1","12","170","170","170","0.9560010371030679","0.9774202846545577","0.0029846813725490193","0.003907303921568627","2.4674790281740053","90.0144437902114","163.23540110868566","0"
"CTA-UNet+FFL TC","canonical","1","13","170","170","170","0.9503082661809045","0.974447364211766","0.007685367647058826","0.0020902941176470582","1.7384850523317954","43.33883990119485","148.68094123391543","0"
"CTA-UNet+FFL TC","canonical","1","14","170","170","170","0.9560149427938646","0.9774213488872416","0.005221642156862747","0.00524919117647059","1.6220787120846554","-50.053097713694854","194.66594525505514","0"
"CTA-UNet+FFL TC","canonical","1","15","170","170","170","0.9575645410310812","0.9782437375083741","0.005585441176470587","0.005535000000000001","2.27784733106226","-44.29224494485294","298.1812385110294","0"
"CTA-UNet+FFL TC","canonical","1","16","170","170","170","0.9586244196674939","0.9788084285852556","0.0082221568627451","0.0038252696078431396","1.8195086602552495","183.19283806295957","354.2046630859375","0"
"CTA-UNet+FFL TC","canonical","1","17","170","170","170","0.9597862963469138","0.9794095419169433","0.008222034313725491","0.004420318627450978","1.887672668040871","0.25207375919117647","333.7283088235294","0"
"CTA-UNet+FFL TC","canonical","1","18","170","170","170","0.9665379921422546","0.9829006230824155","0.00623470588235294","0.005218259803921569","2.4308549523503906","-162.3504078584559","334.9539636948529","0"
"CTA-UNet+FFL TC","canonical","1","19","170","170","170","0.9685959412998218","0.9839709935892447","0.006657034313725489","0.005057254901960782","1.986720429921865","-240.96563648897057","424.39241153492645","0"
"CTA-UNet+FFL TC","canonical","1","20","170","170","170","0.9695726545224114","0.9843561370156888","0.006548676470588236","0.005615171568627449","1.881032007544545","-271.71716452205885","502.13784466911767","0"
"CTA-UNet+FFL TC","canonical","1","21","170","170","170","0.9717132976638242","0.9855937387307367","0.0075570343137254855","0.004431544117647061","2.113635729501588","-288.289404296875","601.4231129365809","0"
"CTA-UNet+FFL TC","canonical","1","22","170","170","170","0.9748586386889174","0.9872211413919123","0.005965784313725491","0.005368014705882355","2.4223982685938426","-292.6875114889706","714.5779986213236","0"
"CTA-UNet+FFL TC","canonical","1","23","170","170","170","0.9712677973849121","0.9848659698265012","0.008466519607843132","0.004417892156862745","3.331146769625176","-353.3321231617647","824.1400390625","0"
"CTA-UNet+FFL TC","canonical","1","24","170","170","170","0.971865328882275","0.9849358978788162","0.007847475490196073","0.005223235294117646","3.355935323927094","-24716.316400505515","25469.47470703125","0"
"CTA-UNet+FFL TC","canonical","2","0","170","170","170","0.9048294442866557","0.9495998301282921","0.0002052696078431373","0.0008401960784313723","1.5658339363896054","-20.93777125863468","21.52609972112319","0"
"CTA-UNet+FFL TC","canonical","2","1","170","170","170","0.9084004394839673","0.951633320041601","0.00025017156862745083","0.0009691911764705879","1.394598880335784","-34.25952413222369","38.54836798275218","0"
"CTA-UNet+FFL TC","canonical","2","2","170","170","170","0.9165840952114007","0.9561378468693236","0.00033316176470588233","0.000930808823529412","1.1785346570280217","-31.3278554131003","47.777517027013445","0"
"CTA-UNet+FFL TC","canonical","2","3","170","170","170","0.923909075273556","0.9601555528713522","0.0006763480392156863","0.0006183088235294119","1.094892818100472","-52.976131259693815","60.96338693955365","0"
"CTA-UNet+FFL TC","canonical","2","4","170","170","170","0.9212616271589431","0.9588272379957784","0.00025835784313725486","0.0020098039215686275","1.1671348666619","-42.11833572387695","58.842208189122815","0"
"CTA-UNet+FFL TC","canonical","2","5","170","170","170","0.9411529402709989","0.969521634067022","0.0009656862745098045","0.0008740441176470587","1.1909145058911497","-48.83446143655216","71.84532677145565","0"
"CTA-UNet+FFL TC","canonical","2","6","170","170","170","0.942084110311506","0.9699393296412399","0.0009525490196078429","0.0013051470588235296","1.2693666229732086","-24.861274898753447","87.98085569493911","0"
"CTA-UNet+FFL TC","canonical","2","7","170","170","170","0.9408877234225608","0.96939065545061","0.0006111029411764703","0.0024002941176470573","1.5121964770687897","19.08001906451057","112.68977140538833","0"
"CTA-UNet+FFL TC","canonical","2","8","170","170","170","0.9483912210401472","0.9734018396084062","0.0018918872549019603","0.0010625490196078432","1.608556008732973","111.6936424704159","164.26890707576976","0"
"CTA-UNet+FFL TC","canonical","2","9","170","170","170","0.9502958445850375","0.9743828323940248","0.0022843627450980395","0.0011963725490196076","2.055262617285207","226.41153815774356","258.9349943273208","0"
"CTA-UNet+FFL TC","canonical","2","10","170","170","170","0.9527171410065165","0.9756900828483333","0.0017904166666666663","0.0027410784313725476","2.0118780210117975","-14.64410400390625","159.46229678883273","0"
"CTA-UNet+FFL TC","canonical","2","11","170","170","170","0.9564108337436416","0.9776377090513536","0.0030635539215686266","0.0025412745098039214","2.101270025033891","124.7379301183364","274.17784854664524","0"
"CTA-UNet+FFL TC","canonical","2","12","170","170","170","0.9565723280650903","0.9777183080625185","0.0030386764705882348","0.0038035784313725477","2.6399502706918567","32.24736328125","247.21701516544118","0"
"CTA-UNet+FFL TC","canonical","2","13","170","170","170","0.9540134015384982","0.9763876240525243","0.007069632352941178","0.0021447549019607856","2.4303477947458596","125.81068905101102","267.79192181755514","0"
"CTA-UNet+FFL TC","canonical","2","14","170","170","170","0.957452556572741","0.978174645900716","0.0050571568627451","0.004901715686274506","1.6781125397038306","-174.25473776424633","246.64076717601102","0"
"CTA-UNet+FFL TC","canonical","2","15","170","170","170","0.9600380700146682","0.9795380668683975","0.005446936274509801","0.005003308823529413","1.759236894938092","23.259241440716913","313.2822682100184","0"
"CTA-UNet+FFL TC","canonical","2","16","170","170","170","0.9598653694981504","0.9794638216388076","0.008332745098039213","0.0035462990196078433","1.3840320188055817","-56.40320398667279","268.5762451171875","0"
"CTA-UNet+FFL TC","canonical","2","17","170","170","170","0.959218145047656","0.9791051278348942","0.008561446078431373","0.004246004901960783","1.4330608506928226","-117.81589786305148","284.0390079273897","0"
"CTA-UNet+FFL TC","canonical","2","18","170","170","170","0.9671440232096329","0.9832080173074312","0.006459362745098039","0.004837500000000003","1.637699165649508","-119.96733111213236","311.0922736672794","0"
"CTA-UNet+FFL TC","canonical","2","19","170","170","170","0.9678462187306681","0.9835811201333142","0.007907083333333328","0.004145833333333336","1.6808860297491948","-175.03027630974265","365.1956255744485","0"
"CTA-UNet+FFL TC","canonical","2","20","170","170","170","0.9691744386343482","0.9841452387952455","0.008148014705882355","0.0042477450980392155","2.0911993111386047","4.302208754595588","505.70681008731617","0"
"CTA-UNet+FFL TC","canonical","2","21","170","170","170","0.9694418314542411","0.9844084467344437","0.009661642156862745","0.003221691176470587","2.3097574730872306","-75.43069852941177","500.3808019301471","0"
"CTA-UNet+FFL TC","canonical","2","22","170","170","170","0.9744471276888238","0.9870028873275015","0.007769509803921564","0.0036966421568627446","2.4602311024284376","-112.7185604319853","487.54365234375","0"
"CTA-UNet+FFL TC","canonical","2","23","170","170","170","0.9690347425345217","0.9836916367224271","0.011003014705882348","0.002852401960784315","3.3530595713421","67.65741038602941","830.6825022977941","0"
"CTA-UNet+FFL TC","canonical","2","24","170","170","170","0.9707102297389544","0.9843164520147575","0.009525637254901954","0.004044215686274513","4.4166667332705885","-24649.251763556986","25243.209932215075","0"
"CTA-UNet+FFL TC","canonical","3","0","170","170","170","0.9186614250759003","0.957322506556473","0.0005135539215686274","0.00038156862745098065","1.6192503818831132","-20.618184347713694","21.909953397863053","0"
"CTA-UNet+FFL TC","canonical","3","1","170","170","170","0.9199600740023851","0.9580534161303278","0.0004333088235294118","0.0006466666666666666","1.3422557562813744","-20.684879617130054","37.11569599824793","0"
"CTA-UNet+FFL TC","canonical","3","2","170","170","170","0.922491796623542","0.9594471294476661","0.0005357843137254902","0.0006610539215686272","1.2591131899204355","-13.369769444185145","50.153397391824164","0"
"CTA-UNet+FFL TC","canonical","3","3","170","170","170","0.9224695685757536","0.9594429306015729","0.0008514950980392162","0.0005084068627450982","1.315212900035915","32.36098574470071","78.38881930182961","0"
"CTA-UNet+FFL TC","canonical","3","4","170","170","170","0.9261076307646728","0.9615013015745882","0.0004212990196078432","0.0017535294117647067","1.3825987824036141","60.85343816420611","94.76002206241384","0"
"CTA-UNet+FFL TC","canonical","3","5","170","170","170","0.9386316344900029","0.9682068624869571","0.0011238235294117641","0.0008323774509803921","1.5830397432532082","51.45056035658892","90.57400880701401","0"
"CTA-UNet+FFL TC","canonical","3","6","170","170","170","0.9398832149843205","0.9687928385079354","0.0011024509803921568","0.0012610784313725487","2.0686113469546776","106.334423828125","130.49018949620864","0"
"CTA-UNet+FFL TC","canonical","3","7","170","170","170","0.9378513547970531","0.9677825572449654","0.0006947794117647061","0.0025487254901960777","2.5018617203726845","60.47238949046415","106.36981093462775","0"
"CTA-UNet+FFL TC","canonical","3","8","170","170","170","0.9470429429211235","0.9726891825886758","0.001649117647058823","0.0013761274509803926","2.107783467452524","138.26937776453354","156.27493232278263","0"
"CTA-UNet+FFL TC","canonical","3","9","170","170","170","0.9471083470081852","0.9727044486022187","0.0022970833333333324","0.001410245098039215","2.060877191828714","97.98993745691637","139.69630952722886","0"
"CTA-UNet+FFL TC","canonical","3","10","170","170","170","0.950222470256479","0.9743520006828144","0.00183078431372549","0.0030903186274509812","2.1038070081441345","-64.22235645967372","114.9118454877068","0"
"CTA-UNet+FFL TC","canonical","3","11","170","170","170","0.9530931572147159","0.9758893153604359","0.0031106862745098034","0.002937794117647059","1.8413800632975803","-37.17039220473345","132.78951272403492","0"
"CTA-UNet+FFL TC","canonical","3","12","170","170","170","0.9521990107850203","0.9754063319187698","0.0031895098039215666","0.00434970588235294","1.8378298023409163","-167.4563699161305","263.06646297679225","0"
"CTA-UNet+FFL TC","canonical","3","13","170","170","170","0.9514007716161148","0.9749974129207394","0.006976200980392158","0.0027253431372549013","1.9411220615352343","-179.92730066636028","210.88960822610295","0"
"CTA-UNet+FFL TC","canonical","3","14","170","170","170","0.9521871453194409","0.9753987677897262","0.005683700980392156","0.005678848039215687","2.1647181653369576","-190.5324520335478","246.10633760340073","0"
"CTA-UNet+FFL TC","canonical","3","15","170","170","170","0.9556648248270143","0.9772449863728829","0.005929191176470588","0.005858946078431374","2.0896706549614366","-167.08836454503677","218.26567670036764","0"
"CTA-UNet+FFL TC","canonical","3","16","170","170","170","0.9580484380052819","0.9785191606735276","0.007514117647058826","0.004690710784313723","1.8290851658229603","-137.96850729549632","287.4516816980699","0"
"CTA-UNet+FFL TC","canonical","3","17","170","170","170","0.9582897271263371","0.9786213571429446","0.008139191176470585","0.005172328431372551","1.8747916839609793","-161.6735969094669","333.7717184627757","0"
"CTA-UNet+FFL TC","canonical","3","18","170","170","170","0.9654481303899418","0.9823249378333501","0.006523799019607839","0.005465171568627452","2.134996050470831","-337.2834673713235","467.27648207720586","0"
"CTA-UNet+FFL TC","canonical","3","19","170","170","170","0.9679591647773669","0.9836432341558541","0.006936985294117643","0.005091666666666665","2.290822353598052","-224.18459616268382","596.9286908318014","0"
"CTA-UNet+FFL TC","canonical","3","20","170","170","170","0.9692708295134639","0.9841857536040391","0.00686850490196078","0.005503088235294119","2.399484907523413","-422.95854204963234","590.6409409466912","0"
"CTA-UNet+FFL TC","canonical","3","21","170","170","170","0.9712536459248386","0.9853593545323974","0.0080340931372549","0.004261519607843135","2.2196529481628104","-508.8912396599265","651.082381663603","0"
"CTA-UNet+FFL TC","canonical","3","22","170","170","170","0.9749902631948067","0.9872934100227025","0.006400049019607838","0.004852671568627449","2.6076146641949487","-462.33909696691177","706.597127757353","0"
"CTA-UNet+FFL TC","canonical","3","23","170","170","170","0.9707888471469406","0.9846207056658987","0.009295808823529414","0.0038469362745098047","3.594780677013095","-296.5892635569853","833.5962143841912","0"
"CTA-UNet+FFL TC","canonical","3","24","170","170","170","0.9714531896303958","0.984719452732491","0.008407377450980396","0.004857426470588233","3.7449645968264904","-24673.024075137866","25325.376418887867","0"
"CTA-UNet+FFL TC","canonical","4","0","170","170","170","0.9077614315986616","0.9510963675024003","0.00026249999999999993","0.0007489215686274513","1.4224399061952486","-14.081276512145996","20.141717473198387","0"
"CTA-UNet+FFL TC","canonical","4","1","170","170","170","0.9148312996075247","0.9551667183874445","0.00033443627450980385","0.000808063725490196","1.2296049381183878","-40.177712429271025","42.9036148520077","0"
"CTA-UNet+FFL TC","canonical","4","2","170","170","170","0.9170154030958051","0.9564374575991276","0.00036129901960784295","0.0009515686274509801","1.106992379091255","-37.73071093839758","52.87491206000833","0"
"CTA-UNet+FFL TC","canonical","4","3","170","170","170","0.923851326620295","0.9601601835367364","0.0006401225490196082","0.000700661764705882","1.1279091894656943","-28.45723405725816","65.52624220006606","0"
"CTA-UNet+FFL TC","canonical","4","4","170","170","170","0.9196573847851598","0.9579761872057925","0.00034058823529411775","0.0020036029411764716","1.089968824733038","-41.598814122817096","63.01954704733456","0"
"CTA-UNet+FFL TC","canonical","4","5","170","170","170","0.9379253107904907","0.96780658209402","0.0008836764705882355","0.0010785049019607848","1.125962575929866","-40.277592647776885","75.21140217500574","0"
"CTA-UNet+FFL TC","canonical","4","6","170","170","170","0.9371012265280253","0.9672915046078631","0.0009309803921568627","0.0015399019607843139","1.4497742905856492","-6.182949918859145","92.56735435934628","0"
"CTA-UNet+FFL TC","canonical","4","7","170","170","170","0.9334722178036615","0.9654498171883596","0.0006508088235294116","0.0027687009803921566","2.3512100399049563","27.850495282341452","131.6981813318589","0"
"CTA-UNet+FFL TC","canonical","4","8","170","170","170","0.9436326109498534","0.9708819370593579","0.0016446568627450989","0.0015902696078431376","2.2536537055584867","160.97852944766774","192.3931961957146","0"
"CTA-UNet+FFL TC","canonical","4","9","170","170","170","0.9451191691496038","0.9716573769505985","0.002159926470588236","0.0016804166666666662","3.0815714383882997","230.3829735251034","254.63754290412453","0"
"CTA-UNet+FFL TC","canonical","4","10","170","170","170","0.9482250498330729","0.9733207397769043","0.0017226715686274507","0.003398357843137254","4.013640707249094","271.1801176183364","300.8364882525276","0"
"CTA-UNet+FFL TC","canonical","4","11","170","170","170","0.9520449717673173","0.9753506293452058","0.003213333333333333","0.0030192647058823532","3.570294866667501","403.3670496323529","413.35768037683823","0"
"CTA-UNet+FFL TC","canonical","4","12","170","170","170","0.951978676683209","0.9753094540306975","0.0029357843137254895","0.00470980392156863","3.5714845043750336","230.09835779526654","248.98186825022978","0"
"CTA-UNet+FFL TC","canonical","4","13","170","170","170","0.9502934008472375","0.9744216322243118","0.007575833333333333","0.0024011029411764723","3.1684845951283687","171.45902674057905","270.0699455710018","0"
"CTA-UNet+FFL TC","canonical","4","14","170","170","170","0.9530619028841657","0.9758700395749871","0.006238259803921571","0.005072450980392155","2.5560784862253354","-105.86702378216911","202.50663200827205","0"
"CTA-UNet+FFL TC","canonical","4","15","170","170","170","0.9556399876879044","0.9772367200752452","0.0067678676470588235","0.005204215686274511","2.2758920582655056","-132.1801700367647","220.5378791360294","0"
"CTA-UNet+FFL TC","canonical","4","16","170","170","170","0.9558773465330125","0.9773718257129324","0.009424191176470592","0.003967303921568628","1.8777769108495945","-23.379592715992647","180.3986098345588","0"
"CTA-UNet+FFL TC","canonical","4","17","170","170","170","0.9563815435500916","0.9776200461221216","0.009993651960784309","0.00415764705882353","2.0953866125192167","-221.78787769990808","274.7760325712316","0"
"CTA-UNet+FFL TC","canonical","4","18","170","170","170","0.9646934954191001","0.9819302429341636","0.007992377450980394","0.004298651960784313","1.826633273180404","-152.8476505055147","302.31884765625","0"
"CTA-UNet+FFL TC","canonical","4","19","170","170","170","0.9664640662507521","0.9828571181320187","0.00901546568627451","0.003591078431372548","1.9499685743591075","-83.4191032858456","382.8512379365809","0"
"CTA-UNet+FFL TC","canonical","4","20","170","170","170","0.9677013618007096","0.9833702183251856","0.00930997549019608","0.0037424754901960785","2.316165028693452","-14.316604434742647","458.05295553768383","0"
"CTA-UNet+FFL TC","canonical","4","21","170","170","170","0.9680715630789708","0.983697240063857","0.010574583333333332","0.0030232843137254907","2.3813093671602665","-210.77679802389707","496.49165326286766","0"
"CTA-UNet+FFL TC","canonical","4","22","170","170","170","0.9728458499924211","0.9861765199443118","0.008883235294117652","0.003424289215686275","2.5806084640910534","10.255962775735295","551.7904986213235","0"
"CTA-UNet+FFL TC","canonical","4","23","170","170","170","0.9678334678253071","0.9830810885973673","0.011608112745098043","0.0030074999999999998","3.2012174852457655","232.22925091911765","730.988028492647","0"
"CTA-UNet+FFL TC","canonical","4","24","170","170","170","0.9703489019741621","0.9841324466183397","0.010095416666666671","0.0038063725490196073","3.8738548210207835","-24271.33626493566","25180.00184397978","0"
"CTA-UNet+FFL TC","canonical","5","0","170","170","170","0.8953081213112846","0.9433985473387019","0.0002875490196078432","0.0008470833333333326","2.4752315322864598","-26.621997036653408","27.84492462382597","0"
"CTA-UNet+FFL TC","canonical","5","1","170","170","170","0.8976556021095098","0.9449540789716281","0.0003159068627450982","0.0010118137254901964","2.153242253040157","-46.18257645999684","49.71807881523581","0"
"CTA-UNet+FFL TC","canonical","5","2","170","170","170","0.9008700854960102","0.9468340743118093","0.0003653921568627449","0.0011129411764705872","1.722348054999488","-36.077680520450365","61.07159289191751","0"
"CTA-UNet+FFL TC","canonical","5","3","170","170","170","0.9124954720669586","0.953418388872487","0.0006678431372549019","0.0007650000000000002","1.525667405622116","-23.889535118551816","75.88395471011891","0"
"CTA-UNet+FFL TC","canonical","5","4","170","170","170","0.9180896698644512","0.9568947639372464","0.00041710784313725484","0.0018624999999999994","1.5821389431113517","-18.62160675946404","84.66459938498105","0"
"CTA-UNet+FFL TC","canonical","5","5","170","170","170","0.9322425331894975","0.964643099585346","0.0011477450980392156","0.0009421568627450978","1.4857613070516318","14.295707612879136","107.07536208208869","0"
"CTA-UNet+FFL TC","canonical","5","6","170","170","170","0.9350478577827954","0.9661350699892886","0.0010324019607843137","0.0015136519607843136","1.7309558748866367","214.83451906092026","275.8202757891487","0"
"CTA-UNet+FFL TC","canonical","5","7","170","170","170","0.9305034031259658","0.9638383709808285","0.0006174019607843136","0.002969338235294118","2.022760025107766","88.34233362534466","182.5749536850873","0"
"CTA-UNet+FFL TC","canonical","5","8","170","170","170","0.9429716143925924","0.9705189942748788","0.0018969117647058824","0.0014227941176470581","2.205617978716366","329.6254401711857","373.7364968692555","0"
"CTA-UNet+FFL TC","canonical","5","9","170","170","170","0.9428069937567953","0.9704203394556976","0.0024101470588235286","0.0016894362745098048","2.6717723196729164","358.9020638858571","391.8101560704848","0"
"CTA-UNet+FFL TC","canonical","5","10","170","170","170","0.9484634435580419","0.9734394701913255","0.0022768137254901965","0.002893014705882351","2.840414904628623","94.09600327435662","182.50657743566177","0"
"CTA-UNet+FFL TC","canonical","5","11","170","170","170","0.9501597153079542","0.9743505483406996","0.003929558823529411","0.00270127450980392","1.9813472413468192","3.4083000631893383","184.98869700712316","0"
"CTA-UNet+FFL TC","canonical","5","12","170","170","170","0.9493361787945426","0.9739200277080199","0.0045195588235294095","0.003739583333333334","2.0691123140737733","50.99111256318934","205.6924036362592","0"
"CTA-UNet+FFL TC","canonical","5","13","170","170","170","0.9451621417130017","0.9717144753251928","0.00892708333333333","0.0023463725490196086","1.9740319041548016","116.3623405905331","345.4629006778493","0"
"CTA-UNet+FFL TC","canonical","5","14","170","170","170","0.9491933712153259","0.9738419463645075","0.007568504901960782","0.004939387254901959","2.0635087000555283","-123.46882036994485","306.68398868336396","0"
"CTA-UNet+FFL TC","canonical","5","15","170","170","170","0.9520296190105438","0.975356144774556","0.007972892156862742","0.0050714460784313745","2.8625826449080023","37.87251263786764","450.1478573069853","0"
"CTA-UNet+FFL TC","canonical","5","16","170","170","170","0.9523556677503581","0.975536452390369","0.010234093137254902","0.003979656862745097","2.268461520892424","162.99263413373163","411.9586784811581","0"
"CTA-UNet+FFL TC","canonical","5","17","170","170","170","0.9513580184671432","0.9749832032139805","0.011340122549019609","0.004366176470588237","2.354792761172997","48.69498650045956","327.65477797564336","0"
"CTA-UNet+FFL TC","canonical","5","18","170","170","170","0.9588587184682064","0.9788635669977347","0.008600073529411766","0.005275367647058828","2.687579189845693","-315.0043629365809","521.6265021829045","0"
"CTA-UNet+FFL TC","canonical","5","19","170","170","170","0.9619394724707571","0.9804769796685203","0.009266715686274503","0.004795392156862745","2.6022597902070768","-186.1910529641544","441.5606588924632","0"
"CTA-UNet+FFL TC","canonical","5","20","170","170","170","0.9641549038971254","0.9815189192596269","0.00937985294117647","0.004893578431372549","2.4363367078745366","-188.11957720588236","505.50521599264704","0"
"CTA-UNet+FFL TC","canonical","5","21","170","170","170","0.9642402871207527","0.9816819036281019","0.011160906862745098","0.0038564705882352954","2.5470984054246135","-152.78197093290441","596.9832576976103","0"
"CTA-UNet+FFL TC","canonical","5","22","170","170","170","0.9693362985048659","0.984351353650032","0.009108406862745102","0.004532965686274509","2.825955602125227","-259.80561810661766","691.4079848345589","0"
"CTA-UNet+FFL TC","canonical","5","23","170","170","170","0.9651937277418393","0.9817048356691949","0.01133002450980392","0.004105367647058824","3.916069943057206","-146.6335075827206","885.5974437040442","0"
"CTA-UNet+FFL TC","canonical","5","24","170","170","170","0.9665329494246591","0.9821482149442408","0.010300049019607843","0.00513713235294117","3.9962063434275725","-24559.59141773897","25525.482525275736","0"
"CTA-UNet+FFL TC","canonical","6","0","170","170","170","0.9075572173047982","0.9509430864605148","0.0003525245098039213","0.0006937745098039213","1.8558616199915499","-20.265415472142838","23.34542241937974","0"
"CTA-UNet+FFL TC","canonical","6","1","170","170","170","0.9100132325026045","0.9523619623852094","0.0003346323529411765","0.0008980637254901963","1.4832403205233948","-30.531749366311466","39.304040841495286","0"
"CTA-UNet+FFL TC","canonical","6","2","170","170","170","0.9142037308831176","0.9547613771555424","0.00037531862745098063","0.0009869852941176464","1.4422975008829002","-42.99887443991268","57.034625872443705","0"
"CTA-UNet+FFL TC","canonical","6","3","170","170","170","0.9219738653787571","0.9590319302675882","0.0006604901960784314","0.0006739215686274509","1.2677347667055432","-49.083685302734374","63.97271836224724","0"
"CTA-UNet+FFL TC","canonical","6","4","170","170","170","0.9183119318177322","0.9572115002962427","0.0003568627450980392","0.002027156862745099","1.278651234036617","-24.72537998872645","71.45737354054171","0"
"CTA-UNet+FFL TC","canonical","6","5","170","170","170","0.9382098289860386","0.9679262954604463","0.0009541176470588237","0.0009696323529411766","1.363524340976424","-13.986254074994255","89.38648744470933","0"
"CTA-UNet+FFL TC","canonical","6","6","170","170","170","0.9390095442490447","0.9682612888887867","0.0009602205882352938","0.0014208578431372555","1.5611299376172691","-66.13501730526195","105.04892937155331","0"
"CTA-UNet+FFL TC","canonical","6","7","170","170","170","0.9332775427929095","0.9653319316859025","0.0005720588235294116","0.0029266911764705907","1.8743169161001965","19.788683004940257","141.24206507065716","0"
"CTA-UNet+FFL TC","canonical","6","8","170","170","170","0.94627014748948","0.9722803079348252","0.0016143382352941174","0.0014738725490196084","1.9957183192966825","66.2826114430147","148.18117173138788","0"
"CTA-UNet+FFL TC","canonical","6","9","170","170","170","0.9477660708669109","0.9730695578578261","0.002281960784313727","0.0014829166666666667","2.118816837173234","81.4650676054113","184.66758979348575","0"
"CTA-UNet+FFL TC","canonical","6","10","170","170","170","0.9497025764758239","0.974091628835597","0.0023919852941176488","0.0027186764705882374","1.9694707394713753","-31.090219654756435","137.66656099207262","0"
"CTA-UNet+FFL TC","canonical","6","11","170","170","170","0.9518262692259498","0.97522367396712","0.0031982598039215684","0.0031244117647058816","1.7801293669615457","-126.95704668830423","215.2662795122932","0"
"CTA-UNet+FFL TC","canonical","6","12","170","170","170","0.9519456122989576","0.975281879826135","0.0038462500000000016","0.0040490441176470595","2.1726341555379123","119.0733922621783","297.07736888212315","0"
"CTA-UNet+FFL TC","canonical","6","13","170","170","170","0.94843517740284","0.9734370537813996","0.008045563725490196","0.0024118872549019612","2.1230702545971907","-151.16383990119485","214.2276984719669","0"
"CTA-UNet+FFL TC","canonical","6","14","170","170","170","0.9515959534950665","0.9751053536533714","0.006550269607843142","0.005291372549019607","2.110934783094152","-80.72825568704044","325.46669778262867","0"
"CTA-UNet+FFL TC","canonical","6","15","170","170","170","0.9538382118651105","0.9762867622121131","0.0066887499999999985","0.0057361519607843124","3.44714483327602","82.83595186121323","627.9649069393382","0"
"CTA-UNet+FFL TC","canonical","6","16","170","170","170","0.9559691448580592","0.9774183957160163","0.008653627450980392","0.004397867647058823","2.5052039824133336","124.79925034466912","416.7919864430147","0"
"CTA-UNet+FFL TC","canonical","6","17","170","170","170","0.9567619256544345","0.9778271619138755","0.009491740196078435","0.004440073529411765","3.1732938598886213","156.97075482536764","604.4029756433823","0"
"CTA-UNet+FFL TC","canonical","6","18","170","170","170","0.9644490962918759","0.981802267857889","0.007157696078431373","0.005064975490196079","2.55776106862154","-108.79479836856618","573.5972397748162","0"
"CTA-UNet+FFL TC","canonical","6","19","170","170","170","0.9672846378000195","0.9832844202922515","0.007541666666666669","0.0046844607843137265","2.7076518971154195","-278.6377211626838","441.40303596047795","0"
"CTA-UNet+FFL TC","canonical","6","20","170","170","170","0.9678324436750068","0.9834442980454322","0.008015171568627456","0.004906985294117649","2.7867629767056505","-330.38550091911765","566.5533318014706","0"
"CTA-UNet+FFL TC","canonical","6","21","170","170","170","0.9685101546719876","0.9839320913641239","0.009674289215686274","0.0037291176470588263","2.9530552989733123","-219.36689740349266","663.4452406939338","0"
"CTA-UNet+FFL TC","canonical","6","22","170","170","170","0.9734705835433645","0.9865051542378139","0.007657598039215689","0.004238529411764706","2.891700847402225","-409.15656594669116","786.83115234375","0"
"CTA-UNet+FFL TC","canonical","6","23","170","170","170","0.9684019748396065","0.9833780009903142","0.010771495098039216","0.0034618872549019596","4.009772293132655","-104.52348345588236","708.3501034007353","0"
"CTA-UNet+FFL TC","canonical","6","24","170","170","170","0.9695368016376873","0.9837256152996514","0.00985639705882353","0.004348529411764706","4.537097100382648","-24806.435834099266","25307.822116268384","0"
"CTA-UNet+FFL TC","canonical","7","0","170","170","170","0.911761696643331","0.9531604253351501","0.0004269607843137254","0.0004997058823529413","1.549547353055042","-20.483869036506203","26.62421933342429","0"
"CTA-UNet+FFL TC","canonical","7","1","170","170","170","0.9155098905586428","0.9554076077127952","0.00041732843137254875","0.0006849509803921572","1.2960276201213998","-25.25015379961799","46.697738692339726","0"
"CTA-UNet+FFL TC","canonical","7","2","170","170","170","0.9171180658357398","0.956311996290359","0.0004960784313725491","0.0007389705882352944","1.256106936487027","-9.289775152767406","68.67101734385771","0"
"CTA-UNet+FFL TC","canonical","7","3","170","170","170","0.9214968543760681","0.9588069875852232","0.0008534068627450977","0.0005047058823529409","1.2436651498956777","1.2953768113080193","84.44671859741212","0"
"CTA-UNet+FFL TC","canonical","7","4","170","170","170","0.926276343266014","0.9615440333795714","0.0004063480392156861","0.0017631617647058827","1.2714859008337418","20.232730506448185","95.34443875481101","0"
"CTA-UNet+FFL TC","canonical","7","5","170","170","170","0.9391610777970143","0.9684791846923573","0.0011807107843137257","0.0007647794117647057","1.407704900819955","3.8235735724954045","96.17322746725644","0"
"CTA-UNet+FFL TC","canonical","7","6","170","170","170","0.9391634737173592","0.9683898191294169","0.0011817156862745093","0.0012120098039215693","1.8746267626589415","8.366535949707032","114.54696430879481","0"
"CTA-UNet+FFL TC","canonical","7","7","170","170","170","0.9376644830880602","0.9676790883104851","0.0007756862745098034","0.002415857843137255","1.7744763946370135","11.267892276539522","134.7118828268612","0"
"CTA-UNet+FFL TC","canonical","7","8","170","170","170","0.945811042315161","0.972047160962426","0.0020842892156862753","0.0011200490196078441","1.555141157289543","-6.964494413488051","90.26429479262409","0"
"CTA-UNet+FFL TC","canonical","7","9","170","170","170","0.9465032811235476","0.9723889950491228","0.0025422794117647067","0.0013023039215686273","1.874318117907983","-2.518945671530331","114.0603770536535","0"
"CTA-UNet+FFL TC","canonical","7","10","170","170","170","0.9500105885118821","0.9742533852390626","0.002210710784313725","0.0027780882352941173","1.5390058850405337","-108.3293259564568","165.41398530847886","0"
"CTA-UNet+FFL TC","canonical","7","11","170","170","170","0.9521308380793708","0.9753894929842358","0.003993333333333335","0.002381985294117648","1.4189293991243426","-47.5216495289522","206.374853515625","0"
"CTA-UNet+FFL TC","canonical","7","12","170","170","170","0.9528853161699867","0.9757683228531806","0.004036495098039216","0.0035949754901960793","1.430975258808385","-94.42637221392464","190.34105224609374","0"
"CTA-UNet+FFL TC","canonical","7","13","170","170","170","0.9476359886319724","0.973018564530901","0.008558725490196073","0.0021588235294117647","1.4748793784158105","-37.48553610409007","175.88859791475184","0"
"CTA-UNet+FFL TC","canonical","7","14","170","170","170","0.9533960590804118","0.9760483111088547","0.006517499999999997","0.004744460784313725","1.7582460475411033","-94.20223604090073","212.13463493795956","0"
"CTA-UNet+FFL TC","canonical","7","15","170","170","170","0.9551438903081785","0.9769796065928482","0.007255392156862746","0.004811053921568626","1.6932566858693472","-208.9802562040441","291.35419921875","0"
"CTA-UNet+FFL TC","canonical","7","16","170","170","170","0.9547145531819071","0.9767699033526439","0.010244338235294113","0.003564215686274511","1.5081672058709614","-121.84054888556986","277.17200568704044","0"
"CTA-UNet+FFL TC","canonical","7","17","170","170","170","0.9551530653820199","0.9769961306488965","0.01118671568627451","0.003702401960784315","1.718937647460315","-256.3380859375","345.02945197610296","0"
"CTA-UNet+FFL TC","canonical","7","18","170","170","170","0.9643898357113189","0.9817773173285708","0.007851053921568622","0.004441593137254901","2.4280131619544596","-288.4735638786765","411.41540670955885","0"
"CTA-UNet+FFL TC","canonical","7","19","170","170","170","0.9664629734151947","0.9828666494396201","0.008699509803921571","0.003916911764705885","2.430335907496508","-180.2037109375","402.3360811121324","0"
"CTA-UNet+FFL TC","canonical","7","20","170","170","170","0.9680243353165083","0.9835544390749709","0.00921656862745098","0.0037883088235294102","2.156454008788862","-293.9263499540441","566.0779124540442","0"
"CTA-UNet+FFL TC","canonical","7","21","170","170","170","0.9682441968385451","0.983794689650646","0.010448700980392155","0.0030822058823529405","2.175633503184019","-349.7057186351103","648.2527315027573","0"
"CTA-UNet+FFL TC","canonical","7","22","170","170","170","0.9734011274359466","0.9864704774555274","0.008505343137254899","0.003561593137254901","2.5295146233955883","-191.1052964154412","747.726309742647","0"
"CTA-UNet+FFL TC","canonical","7","23","170","170","170","0.9680479765268566","0.9831962492216394","0.011341029411764712","0.0031480882352941187","2.951130661104064","-218.72047909007352","795.6544060202206","0"
"CTA-UNet+FFL TC","canonical","7","24","170","170","170","0.9698817138335637","0.9838985360456453","0.010301691176470588","0.003862279411764707","3.387264013283005","-24784.319514016544","25577.574775965073","0"
"CTA-UNet+FFL TC","canonical","8","0","170","170","170","0.915625128454836","0.9555054851255351","0.0004103431372549019","0.0004891911764705886","1.810850636492198","-20.057378970875458","22.102306635239547","0"
"CTA-UNet+FFL TC","canonical","8","1","170","170","170","0.9192026003406581","0.9575693175357581","0.0003838480392156863","0.0006915441176470586","1.3984762571157503","-14.72929339689367","40.35744281095617","0"
"CTA-UNet+FFL TC","canonical","8","2","170","170","170","0.9245144787685221","0.9605177544936876","0.0005533088235294118","0.0006089215686274509","1.226960879017088","-32.47336524514591","50.45691932229435","0"
"CTA-UNet+FFL TC","canonical","8","3","170","170","170","0.9225637380522822","0.959491187793474","0.0010057352941176465","0.00037198529411764714","1.2485747755999592","-36.44267344755285","66.71765190573299","0"
"CTA-UNet+FFL TC","canonical","8","4","170","170","170","0.9292800891847577","0.9631588761823152","0.00046012254901960813","0.0015259803921568625","1.217884123006616","-50.73721129473518","59.80463772942038","0"
"CTA-UNet+FFL TC","canonical","8","5","170","170","170","0.9393611964844327","0.9685935991971467","0.001222058823529412","0.0006916911764705878","1.327289194831145","-9.04768398509306","80.21499032413259","0"
"CTA-UNet+FFL TC","canonical","8","6","170","170","170","0.9393338625727526","0.9685043995455846","0.0012509558823529418","0.001111617647058824","1.6308771693792725","67.53403311336741","143.51869479908663","0"
"CTA-UNet+FFL TC","canonical","8","7","170","170","170","0.941128922583355","0.9695444442428055","0.0008642156862745103","0.002191495098039216","2.1140855799290073","109.78483599494486","187.9207203584559","0"
"CTA-UNet+FFL TC","canonical","8","8","170","170","170","0.9453162009768665","0.9717839809762293","0.0020373039215686273","0.0011559558823529413","2.0251567455310737","143.66128486184513","185.09896976246554","0"
"CTA-UNet+FFL TC","canonical","8","9","170","170","170","0.9450348570037649","0.971611888409369","0.0027979411764705872","0.0011749264705882354","2.721413199512136","187.01163186465993","220.04579216452206","0"
"CTA-UNet+FFL TC","canonical","8","10","170","170","170","0.9510441478920777","0.9748054594116216","0.0020727205882352935","0.002810686274509805","3.6132915361747777","99.06738747989431","168.96590612074908","0"
"CTA-UNet+FFL TC","canonical","8","11","170","170","170","0.9533804554710061","0.9760478086870739","0.003457671568627452","0.0026671323529411776","2.3962256325367974","127.96732895795037","187.8358075310202","0"
"CTA-UNet+FFL TC","canonical","8","12","170","170","170","0.9533890063343653","0.9760612535389944","0.0035830147058823554","0.003974852941176473","2.788945821071627","146.58711727366727","308.95411520565256","0"
"CTA-UNet+FFL TC","canonical","8","13","170","170","170","0.9496450375532477","0.9740925469932444","0.007706813725490198","0.0024208088235294105","1.55518766641836","83.57205882352942","274.66580020680146","0"
"CTA-UNet+FFL TC","canonical","8","14","170","170","170","0.9525802917196178","0.9756219108153588","0.005670441176470588","0.005525245098039219","2.7215751710977165","53.22317756204044","214.6210032743566","0"
"CTA-UNet+FFL TC","canonical","8","15","170","170","170","0.955231669116967","0.9770225175268812","0.006809730392156862","0.005121348039215689","1.7024505482819667","-57.947568646599265","352.0288559857537","0"
"CTA-UNet+FFL TC","canonical","8","16","170","170","170","0.9560817361237335","0.9774869858327577","0.009002647058823528","0.004162818627450978","1.8211996074692025","-92.0105224609375","319.843159754136","0"
"CTA-UNet+FFL TC","canonical","8","17","170","170","170","0.9559264297642358","0.9773978246821415","0.010060024509803926","0.004375392156862746","1.9286419510280786","-247.7781063304228","374.99070973115806","0"
"CTA-UNet+FFL TC","canonical","8","18","170","170","170","0.9648632018662614","0.9820290999596578","0.007167941176470586","0.004854779411764705","1.9643147564768164","-343.316064453125","463.83363108915444","0"
"CTA-UNet+FFL TC","canonical","8","19","170","170","170","0.9664326196980619","0.982841387859767","0.008195808823529408","0.0043713970588235285","2.172618782508172","-397.3882640165441","495.8979434742647","0"
"CTA-UNet+FFL TC","canonical","8","20","170","170","170","0.9684884906521571","0.9837935666308918","0.007500269607843141","0.005135906862745095","2.1483463303221892","-429.6633473115809","591.1863941865809","0"
"CTA-UNet+FFL TC","canonical","8","21","170","170","170","0.9694778830146492","0.9844376536008062","0.008854191176470584","0.004054656862745095","2.3042369419295126","-513.6900534237133","673.1001292509192","0"
"CTA-UNet+FFL TC","canonical","8","22","170","170","170","0.9741116166746391","0.9868363932172464","0.006869950980392158","0.004791078431372547","2.38092519309916","-578.537744140625","745.5155589384191","0"
"CTA-UNet+FFL TC","canonical","8","23","170","170","170","0.9702584209332172","0.9843482898462119","0.009352230392156859","0.003987671568627451","3.329930580559117","-521.0677849264706","866.8127182904411","0"
"CTA-UNet+FFL TC","canonical","8","24","170","170","170","0.9715482050415848","0.9847744551180181","0.007845245098039218","0.005379289215686277","3.7132018886409086","-25134.6845301011","25548.933358226102","0"
"CTA-UNet+FFL TC","canonical","9","0","170","170","170","0.9179337033475375","0.9568713946360882","0.00035460784313725506","0.000566274509803922","1.6818650809114113","-18.425204467773437","22.298142646340764","0"
"CTA-UNet+FFL TC","canonical","9","1","170","170","170","0.9194870806541763","0.9577312783093145","0.00038710784313725503","0.0007066911764705884","1.4408467946041785","-28.064605712890625","39.462964405733","0"
"CTA-UNet+FFL TC","canonical","9","2","170","170","170","0.921131947878032","0.9586839073542176","0.00045475490196078474","0.0007972303921568628","1.2875510261193137","-10.864758682250976","55.33710248610553","0"
"CTA-UNet+FFL TC","canonical","9","3","170","170","170","0.9215211487836038","0.958902516554331","0.0007661029411764706","0.0006082107843137255","1.2782912976921479","43.50374455171473","96.6813626906451","0"
"CTA-UNet+FFL TC","canonical","9","4","170","170","170","0.9248803263684225","0.9607962674317533","0.000370514705882353","0.0018865931372549023","1.31861639695325","5.193882212919347","73.67038421630859","0"
"CTA-UNet+FFL TC","canonical","9","5","170","170","170","0.9388888023284391","0.9683333569041669","0.000892475490196078","0.0010551715686274513","1.4216354987012791","1.7682990579044118","83.63803387810202","0"
"CTA-UNet+FFL TC","canonical","9","6","170","170","170","0.9386104073240888","0.968106707931089","0.0008474019607843137","0.0015914705882352942","1.7605918222369121","62.009555951286764","125.70322804170496","0"
"CTA-UNet+FFL TC","canonical","9","7","170","170","170","0.9355628605134156","0.9665743909295925","0.0006036764705882356","0.0027586764705882344","2.431818033241482","113.29168108771829","166.72765772202436","0"
"CTA-UNet+FFL TC","canonical","9","8","170","170","170","0.9470308077123575","0.9726858408369449","0.0013853186274509802","0.0015858088235294124","2.1719215896550597","349.99283231847426","364.28905531939336","0"
"CTA-UNet+FFL TC","canonical","9","9","170","170","170","0.9485090995913342","0.9734414389491469","0.0021749509803921565","0.00137610294117647","2.8007718670691037","414.2821579877068","425.69503066119023","0"
"CTA-UNet+FFL TC","canonical","9","10","170","170","170","0.9491607510732851","0.9737996248225792","0.0016110784313725483","0.003261666666666669","2.805388508611914","321.64033562155333","370.10048181870405","0"
"CTA-UNet+FFL TC","canonical","9","11","170","170","170","0.9535657152013073","0.9761369444040253","0.00304686274509804","0.002929485294117649","3.30011641583926","209.55524040670957","261.273335535386","0"
"CTA-UNet+FFL TC","canonical","9","12","170","170","170","0.9529487386868362","0.9758065401666985","0.00312517156862745","0.004311102941176467","1.6721712066527767","-97.53176843979779","176.96643928079044","0"
"CTA-UNet+FFL TC","canonical","9","13","170","170","170","0.9511591703463917","0.9748798737660644","0.0070082107843137285","0.002856200980392156","2.0939976456293796","14.29917782054228","243.75930103975185","0"
"CTA-UNet+FFL TC","canonical","9","14","170","170","170","0.9542048877504982","0.9764724608959702","0.005068627450980391","0.005888210784313723","2.1901722628811218","-54.01326401654412","358.12598517922794","0"
"CTA-UNet+FFL TC","canonical","9","15","170","170","170","0.9562838932533189","0.9775737077839315","0.006050808823529413","0.005695906862745098","2.1847112673795164","-185.54643267463234","367.0246754365809","0"
"CTA-UNet+FFL TC","canonical","9","16","170","170","170","0.9577145156849254","0.9783415363920352","0.008025686274509804","0.0045921568627450985","2.2546388415812557","120.04501378676471","412.87906709558825","0"
"CTA-UNet+FFL TC","canonical","9","17","170","170","170","0.9586093545654201","0.9787882223881861","0.008141372549019608","0.00500372549019608","2.4862124917924135","76.112841796875","416.69572323069855","0"
"CTA-UNet+FFL TC","canonical","9","18","170","170","170","0.9659945802827063","0.9826087208372223","0.006015588235294119","0.005727205882352939","2.332412490930091","-178.33589728860295","506.60688763786766","0"
"CTA-UNet+FFL TC","canonical","9","19","170","170","170","0.9688640484448047","0.9841094144926368","0.006783651960784315","0.004801715686274509","2.3532361497026377","-130.9619083180147","484.58735064338236","0"
"CTA-UNet+FFL TC","canonical","9","20","170","170","170","0.9696120351856883","0.984362579886287","0.007230539215686281","0.004962598039215684","2.7024928045170076","-97.66036017922794","627.5836138556986","0"
"CTA-UNet+FFL TC","canonical","9","21","170","170","170","0.9714272451582641","0.9854423451717806","0.008333382352941178","0.0038196078431372554","2.631695016395947","-294.7640337775735","709.6229607077206","0"
"CTA-UNet+FFL TC","canonical","9","22","170","170","170","0.9746449982074107","0.9871093071006775","0.006834191176470588","0.004533799019607848","2.7571939326809396","-321.1208237591912","894.2203642003676","0"
"CTA-UNet+FFL TC","canonical","9","23","170","170","170","0.9704919863378317","0.9844715589271904","0.009261029411764708","0.0038972794117647057","3.5622586467533623","-183.39476677389706","894.29306640625","0"
"CTA-UNet+FFL TC","canonical","9","24","170","170","170","0.9705174563699942","0.9842147058061667","0.009325857843137258","0.004375931372549022","3.5919485699921045","-24570.35380859375","25533.324971277572","0"
"CTA-UNet+FFL K-only","canonical","1","0","170","170","170","0.5523162581127575","0.7043508715331008","0.003281029411764706","0.003874926470588236","3.1943543962990995","-26.030499491972083","28.778951532700482","0"
"CTA-UNet+FFL K-only","canonical","1","1","170","170","170","0.5457145072076361","0.6982998642817086","0.003932058823529411","0.004945465686274511","2.83161535826149","-59.849201067756205","61.50195689481848","0"
"CTA-UNet+FFL K-only","canonical","1","2","170","170","170","0.5387091590666884","0.6926270190865846","0.004677818627450982","0.005756151960784314","2.570391539742839","-46.26807551664464","71.65774262372186","0"
"CTA-UNet+FFL K-only","canonical","1","3","170","170","170","0.523662515912997","0.6800914192648786","0.006014681372549021","0.006247622549019609","2.4775761859084136","-37.42052621280446","89.09239223704618","0"
"CTA-UNet+FFL K-only","canonical","1","4","170","170","170","0.573307765446636","0.7157049201147682","0.005710000000000002","0.011949681372549013","2.560334946749588","-78.52399390725529","101.18647757137524","0"
"CTA-UNet+FFL K-only","canonical","1","5","170","170","170","0.541293263695246","0.6929590028892268","0.009025563725490198","0.012312377450980395","2.6349274641050715","-159.95796140782974","166.19464533188764","0"
"CTA-UNet+FFL K-only","canonical","1","6","170","170","170","0.5389081019222082","0.6900881778821962","0.011305465686274512","0.01564632352941177","2.822516478521538","-203.52396401798023","212.32949452119715","0"
"CTA-UNet+FFL K-only","canonical","1","7","170","170","170","0.5499358395234166","0.6969555223638254","0.01272764705882353","0.021506960784313727","3.259109969961044","-213.46581402946921","237.0179287181181","0"
"CTA-UNet+FFL K-only","canonical","1","8","170","170","170","0.5322192187720406","0.6836683669431008","0.017431127450980393","0.02194110294117647","3.267931739701725","-227.1951311896829","245.32914644129136","0"
"CTA-UNet+FFL K-only","canonical","1","9","170","170","170","0.5240936724907095","0.6766892377541458","0.023367303921568626","0.026452352941176465","4.837088697003112","-132.65243243049173","256.40469862994024","0"
"CTA-UNet+FFL K-only","canonical","1","10","170","170","170","0.5405841752872181","0.6890249418085369","0.028510661764705868","0.03929534313725489","6.394612134095842","-206.05082469267003","379.16117625517006","0"
"CTA-UNet+FFL K-only","canonical","1","11","170","170","170","0.5303556483923489","0.6805445001349723","0.039525245098039195","0.04886651960784315","8.006866085538789","-387.45975808536303","465.7091692756204","0"
"CTA-UNet+FFL K-only","canonical","1","12","170","170","170","0.5270765837533997","0.6781246949275279","0.051741764705882355","0.05781825980392156","7.619292301639776","-868.1640029009651","868.7207167681526","0"
"CTA-UNet+FFL K-only","canonical","1","13","170","170","170","0.5137096989225551","0.6672244141527669","0.06903718137254905","0.06226485294117649","7.481317915851129","-1107.9510598575368","1107.9510598575368","0"
"CTA-UNet+FFL K-only","canonical","1","14","170","170","170","0.5284354924678647","0.6806130263226168","0.07877455882352943","0.08084399509803922","8.196194234264736","-1353.5322811351102","1353.5322811351102","0"
"CTA-UNet+FFL K-only","canonical","1","15","170","170","170","0.5331719806325766","0.6844841018046133","0.093275637254902","0.08861311274509802","7.711585199083177","-1541.431120749081","1541.431120749081","0"
"CTA-UNet+FFL K-only","canonical","1","16","170","170","170","0.5418327048269477","0.6916203327588978","0.10874526960784313","0.09010541666666665","7.548546183265763","-1630.9050695082722","1630.9050695082722","0"
"CTA-UNet+FFL K-only","canonical","1","17","170","170","170","0.5532489662862339","0.7013359970837572","0.1215844117647058","0.09668132352941179","9.98516113621238","-1629.9850126378676","1629.9850126378676","0"
"CTA-UNet+FFL K-only","canonical","1","18","170","170","170","0.5823549721192697","0.7254536221078142","0.13500115196078435","0.09773659313725491","6.8718864698459505","-2465.4654555376837","2465.4654555376837","0"
"CTA-UNet+FFL K-only","canonical","1","19","170","170","170","0.6020521569080742","0.7399261703169313","0.15761095588235294","0.08389401960784314","6.233298582233979","-2613.0526654411765","2613.0526654411765","0"
"CTA-UNet+FFL K-only","canonical","1","20","170","170","170","0.619677895534354","0.7527229327858732","0.1713606617647059","0.07454703431372549","5.787972839637734","-3328.7469180836397","3328.7469180836397","0"
"CTA-UNet+FFL K-only","canonical","1","21","170","170","170","0.6219722093746596","0.7533105667588472","0.18761644607843142","0.06821598039215687","5.887581586810176","-3819.660124655331","3819.660124655331","0"
"CTA-UNet+FFL K-only","canonical","1","22","170","170","170","0.6284500465830245","0.75745366486734","0.20023840686274513","0.06306122549019609","6.373129371465811","-3841.984619140625","3841.984619140625","0"
"CTA-UNet+FFL K-only","canonical","1","23","170","170","170","0.6246625041766946","0.7526213360796583","0.21941651960784314","0.05648328431372547","7.291384382359403","-4057.441745174632","4057.441745174632","0"
"CTA-UNet+FFL K-only","canonical","1","24","170","170","170","0.63082696307545","0.7571604330695132","0.22606316176470592","0.055530833333333335","7.715645335682328","-28976.748454733457","28976.748454733457","0"
"CTA-UNet+FFL K-only","canonical","2","0","170","170","170","0.5542475614042065","0.7061656151451269","0.0032666666666666673","0.0038504656862745107","3.1529780528662923","-21.702427033817067","26.733197234658633","0"
"CTA-UNet+FFL K-only","canonical","2","1","170","170","170","0.5487318888616729","0.7012214863508078","0.004005147058823531","0.004787892156862747","2.814803018544538","-32.52599307789522","47.844025555778956","0"
"CTA-UNet+FFL K-only","canonical","2","2","170","170","170","0.5359444093638327","0.6901988569287847","0.005168774509803922","0.005401446078431374","2.524754385185001","-42.73970377304975","65.9552500556497","0"
"CTA-UNet+FFL K-only","canonical","2","3","170","170","170","0.5242516209085044","0.680181871597742","0.00646247549019608","0.0058398284313725506","2.506050318468079","-50.76280611823587","84.47960999432732","0"
"CTA-UNet+FFL K-only","canonical","2","4","170","170","170","0.5703424879043841","0.7158330467217142","0.006345392156862746","0.011291470588235299","2.426547431274263","7.074816849652459","100.22216891120462","0"
"CTA-UNet+FFL K-only","canonical","2","5","170","170","170","0.5435229378790651","0.6956408370798525","0.009441838235294117","0.01173526960784314","2.5877034370040213","121.03325114530675","185.7306910795324","0"
"CTA-UNet+FFL K-only","canonical","2","6","170","170","170","0.5474946254547859","0.6977112284201007","0.010977034313725488","0.015289681372549019","2.7755090137754195","-158.93013099221622","187.27029786951402","0"
"CTA-UNet+FFL K-only","canonical","2","7","170","170","170","0.5565773227265952","0.7036407498640693","0.012409877450980399","0.02104870098039216","3.7195819596885653","54.680685963350186","227.1287249396829","0"
"CTA-UNet+FFL K-only","canonical","2","8","170","170","170","0.5360152855936084","0.6886135662555001","0.017496323529411762","0.02113031862745098","3.9338890785165592","108.13181654986214","237.21106890510111","0"
"CTA-UNet+FFL K-only","canonical","2","9","170","170","170","0.5314124326653731","0.684482167734764","0.022484044117647067","0.025798186274509808","4.818090673808078","337.60270098517924","432.16624145507814","0"
"CTA-UNet+FFL K-only","canonical","2","10","170","170","170","0.5462374434892876","0.6964743223445866","0.028653627450980393","0.03711536764705881","8.440519452971207","1611.7037820255055","1627.5315494312958","0"
"CTA-UNet+FFL K-only","canonical","2","11","170","170","170","0.5377067129799012","0.6895093407283502","0.039769926470588246","0.0452805882352941","10.557938223735915","1565.2031393612133","1579.6456916360294","0"
"CTA-UNet+FFL K-only","canonical","2","12","170","170","170","0.5341891595600033","0.6867597114212242","0.051749166666666666","0.05351531862745098","13.919202206465048","2931.462652946921","2931.462652946921","0"
"CTA-UNet+FFL K-only","canonical","2","13","170","170","170","0.5243786185126809","0.676967025053279","0.0690360539215686","0.05679610294117647","13.792545250889262","1698.9182459214155","1707.0840087890624","0"
"CTA-UNet+FFL K-only","canonical","2","14","170","170","170","0.5427100755144579","0.6931393882052662","0.07756227941176469","0.07424227941176473","13.178043674540463","-80.83760627297794","482.4805376838235","0"
"CTA-UNet+FFL K-only","canonical","2","15","170","170","170","0.548385100868233","0.6973532430027513","0.0910556862745098","0.08172188725490197","12.937518005019784","-197.36714010799633","587.4672176585478","0"
"CTA-UNet+FFL K-only","canonical","2","16","170","170","170","0.5555773423326401","0.7027171820225069","0.10666767156862744","0.08322416666666663","15.57347802757464","738.119055893842","904.6191478056066","0"
"CTA-UNet+FFL K-only","canonical","2","17","170","170","170","0.5664362375484162","0.7114882991304944","0.12167387254901958","0.08745431372549017","15.08887747529664","-75.05229204963236","728.2199391084558","0"
"CTA-UNet+FFL K-only","canonical","2","18","170","170","170","0.5941755425177616","0.7343008811076913","0.13540299019607843","0.08814921568627453","14.492153809793637","-350.053173828125","900.1489458869486","0"
"CTA-UNet+FFL K-only","canonical","2","19","170","170","170","0.6118465205143897","0.7476365805117996","0.15131490196078437","0.08074122549019609","11.45420697754379","-1577.6773724724264","1602.2007927389707","0"
"CTA-UNet+FFL K-only","canonical","2","20","170","170","170","0.6242000172690039","0.7557000588619813","0.17306235294117656","0.06906164215686275","11.04199790738355","-2133.510423368566","2134.3882841222426","0"
"CTA-UNet+FFL K-only","canonical","2","21","170","170","170","0.6226259590988324","0.7526605212649008","0.19799107843137254","0.05905090686274511","12.505629927977399","-1823.9165326286766","1881.7352596507353","0"
"CTA-UNet+FFL K-only","canonical","2","22","170","170","170","0.6278189485822299","0.7555356767192977","0.21455247549019607","0.05219014705882353","7.679542687689874","-3212.9984346277574","3212.9984346277574","0"
"CTA-UNet+FFL K-only","canonical","2","23","170","170","170","0.6218385715463445","0.7492143031227736","0.235410612745098","0.04623475490196079","8.689378604212127","-3107.1333926930147","3107.1333926930147","0"
"CTA-UNet+FFL K-only","canonical","2","24","170","170","170","0.6293014617705341","0.7537276235097052","0.24609620098039206","0.04253480392156863","12.042995487155896","-27570.206818704046","27663.883553538602","0"
"CTA-UNet+FFL K-only","canonical","3","0","170","170","170","0.5760231981067475","0.7218542854025587","0.0027137254901960788","0.0040536029411764735","3.586429572278963","-36.784920389512","36.784920389512","0"
"CTA-UNet+FFL K-only","canonical","3","1","170","170","170","0.5486219324754613","0.7013221540854373","0.004138897058823528","0.004669803921568631","3.427274120201619","-67.77889911427218","67.77889911427218","0"
"CTA-UNet+FFL K-only","canonical","3","2","170","170","170","0.5365169925957063","0.6915591660421909","0.005208799019607842","0.005273088235294119","2.9279077717760233","-92.92627410888672","92.92627410888672","0"
"CTA-UNet+FFL K-only","canonical","3","3","170","170","170","0.5153223951816136","0.6714764481344849","0.007437083333333334","0.005287843137254901","3.0909193247370252","-123.38497772216797","123.38497772216797","0"
"CTA-UNet+FFL K-only","canonical","3","4","170","170","170","0.5623293048310639","0.7115384774355046","0.007094093137254902","0.010724803921568628","2.85164498904632","-106.09165048038258","107.84851549933938","0"
"CTA-UNet+FFL K-only","canonical","3","5","170","170","170","0.5365982904695202","0.6911636494181238","0.010300049019607843","0.01109735294117647","2.3520197275741137","-103.40839287252987","113.70710933909697","0"
"CTA-UNet+FFL K-only","canonical","3","6","170","170","170","0.5382721445881647","0.6918695830065981","0.012147500000000002","0.014475490196078432","2.378104118748557","-159.17281018425436","164.7403075274299","0"
"CTA-UNet+FFL K-only","canonical","3","7","170","170","170","0.5454842164404801","0.6966910097916069","0.014143676470588243","0.019928627450980393","2.3626611289068435","-166.87266540527344","181.47651133817786","0"
"CTA-UNet+FFL K-only","canonical","3","8","170","170","170","0.5244470496818665","0.6792783916467335","0.019807990196078432","0.02000088235294117","2.3751557049362373","-220.73388671875","228.1419756721048","0"
"CTA-UNet+FFL K-only","canonical","3","9","170","170","170","0.5206787247664854","0.6756380537975086","0.025217892156862758","0.024442156862745097","3.7032530234246144","-21.5994192684398","212.7798356000115","0"
"CTA-UNet+FFL K-only","canonical","3","10","170","170","170","0.5348716500655486","0.6879071069729534","0.03137085784313723","0.0360051225490196","3.6583164189873045","-221.92318438361673","254.8755022834329","0"
"CTA-UNet+FFL K-only","canonical","3","11","170","170","170","0.5305834828763633","0.6838910050521485","0.04114370098039215","0.04506546568627451","3.994027280845461","-260.4955257640165","283.42026438993565","0"
"CTA-UNet+FFL K-only","canonical","3","12","170","170","170","0.5274552220334707","0.680752189388515","0.05455882352941176","0.0525866176470588","5.707091760612775","330.41280302159925","430.8579891429228","0"
"CTA-UNet+FFL K-only","canonical","3","13","170","170","170","0.5167097181925577","0.6696614927255123","0.07312419117647063","0.056121176470588244","6.9840446062814365","680.3411764705883","705.9332059972427","0"
"CTA-UNet+FFL K-only","canonical","3","14","170","170","170","0.5322276580634846","0.6838428968175877","0.08348220588235296","0.0737932598039216","6.655149919486737","221.22392865349264","384.6952866498162","0"
"CTA-UNet+FFL K-only","canonical","3","15","170","170","170","0.5351845798297432","0.6856608466514701","0.10106374999999998","0.08027387254901958","4.292802613916645","-84.56925551470589","330.36701516544116","0"
"CTA-UNet+FFL K-only","canonical","3","16","170","170","170","0.5438628089189133","0.6920694455039222","0.1193146568627451","0.08000749999999998","4.464635172738094","306.6799517463235","463.0660989200368","0"
"CTA-UNet+FFL K-only","canonical","3","17","170","170","170","0.5560277587627834","0.7014979378022507","0.13747367647058822","0.08206205882352943","4.932570196826237","-284.099169921875","386.49119657628677","0"
"CTA-UNet+FFL K-only","canonical","3","18","170","170","170","0.5853389587397777","0.725278867459452","0.15610421568627442","0.07849313725490197","4.49044204866636","-246.9160816865809","401.8146340762868","0"
"CTA-UNet+FFL K-only","canonical","3","19","170","170","170","0.607940394581051","0.7423254135386954","0.17107639705882347","0.0689873774509804","5.529522192981483","411.25968807444855","663.4443962545956","0"
"CTA-UNet+FFL K-only","canonical","3","20","170","170","170","0.6241019761915985","0.7547875529077899","0.18167144607843141","0.06232811274509805","5.719472282008578","-1049.287385110294","1049.287385110294","0"
"CTA-UNet+FFL K-only","canonical","3","21","170","170","170","0.6239505850552066","0.7539719470413868","0.19827139705882355","0.056800245098039215","6.301083334219591","-488.6560546875","694.3523207720589","0"
"CTA-UNet+FFL K-only","canonical","3","22","170","170","170","0.6307847875143527","0.7586282467030717","0.20844176470588244","0.052849387254901965","6.928141665455472","560.9606100643382","1051.0812212775736","0"
"CTA-UNet+FFL K-only","canonical","3","23","170","170","170","0.6274607074031238","0.7546783953416921","0.22228071078431375","0.04964571078431372","8.691385088395279","818.6279009650735","1230.6906192555148","0"
"CTA-UNet+FFL K-only","canonical","3","24","170","170","170","0.6366461802235599","0.7613715898101691","0.22452504901960774","0.04968291666666666","10.55636762868729","-22858.359150965072","26327.591997931984","0"
"CTA-UNet+FFL K-only","canonical","4","0","170","170","170","0.5894238382821427","0.7260770838720371","0.0018490196078431377","0.004793112745098042","2.6491645794224317","-32.16029416252585","32.92687256756951","0"
"CTA-UNet+FFL K-only","canonical","4","1","170","170","170","0.5605706755719315","0.7076235488348469","0.0032193872549019613","0.005374436274509806","2.730571091757188","-73.08506492165958","73.08506492165958","0"
"CTA-UNet+FFL K-only","canonical","4","2","170","170","170","0.5391290281052268","0.6910293052655322","0.004323406862745097","0.006128970588235296","2.4382113668937064","-96.89679677626665","97.3256617377786","0"
"CTA-UNet+FFL K-only","canonical","4","3","170","170","170","0.5161458113390536","0.6726466453416315","0.0059666421568627444","0.00654450980392157","2.2889589176733987","-90.79933274213006","100.6907948213465","0"
"CTA-UNet+FFL K-only","canonical","4","4","170","170","170","0.5766474302460446","0.7154089169364642","0.00498036764705882","0.01263779411764706","2.292660257859117","-104.60052086325253","119.33936489329619","0"
"CTA-UNet+FFL K-only","canonical","4","5","170","170","170","0.5452386281343028","0.6942105563339795","0.007819828431372555","0.013258823529411764","2.329899667712734","-146.01217238482306","157.11786732393153","0"
"CTA-UNet+FFL K-only","canonical","4","6","170","170","170","0.543487620092576","0.6909360129861492","0.009524681372549021","0.017074632352941172","2.5853210782910114","-164.06187421013328","189.63289902630973","0"
"CTA-UNet+FFL K-only","canonical","4","7","170","170","170","0.5562308598163955","0.6992820716483668","0.010420980392156862","0.023273112745098048","2.752480498078996","-246.08263083065256","266.79030259076285","0"
"CTA-UNet+FFL K-only","canonical","4","8","170","170","170","0.5363923812108708","0.6865450062431172","0.01479821078431373","0.023697450980392144","2.835015536768387","-106.80024737189798","185.59683155732995","0"
"CTA-UNet+FFL K-only","canonical","4","9","170","170","170","0.5309991432674691","0.6817719363564033","0.01906725490196079","0.029075441176470603","3.576480356323424","-117.09012522977942","240.73642219094668","0"
"CTA-UNet+FFL K-only","canonical","4","10","170","170","170","0.5440829886777498","0.6907593861252456","0.023943504901960774","0.04226845588235295","5.547578360152322","54.163491282743564","351.08406874712773","0"
"CTA-UNet+FFL K-only","canonical","4","11","170","170","170","0.5329557828260687","0.6811855305041422","0.03248375","0.053656740196078426","5.3059532682696915","-126.22502513212316","355.87661061006435","0"
"CTA-UNet+FFL K-only","canonical","4","12","170","170","170","0.5277809162919604","0.6776655769795914","0.043428480392156875","0.0633582843137255","6.217951615661698","-79.91160457835478","500.967970904182","0"
"CTA-UNet+FFL K-only","canonical","4","13","170","170","170","0.5128789257285444","0.6657516512534482","0.059899019607843114","0.0687267401960784","7.291264321399951","204.53915728400736","514.7083668428309","0"
"CTA-UNet+FFL K-only","canonical","4","14","170","170","170","0.5246044230925087","0.6755503766815394","0.07010919117647056","0.08898850490196078","6.337276271796569","-106.69367532169117","466.3491325827206","0"
"CTA-UNet+FFL K-only","canonical","4","15","170","170","170","0.5308560787750263","0.6808056736879553","0.08429666666666667","0.0969497549019608","7.712850292799441","63.13681209788603","608.4438979204963","0"
"CTA-UNet+FFL K-only","canonical","4","16","170","170","170","0.5394104606819613","0.6885434936339374","0.09584637254901965","0.10157392156862743","5.929809417157021","-103.58034955193014","549.5451933019301","0"
"CTA-UNet+FFL K-only","canonical","4","17","170","170","170","0.5503092414348398","0.6983048889351716","0.11277970588235299","0.10512556372549021","5.267532287507288","-389.7911376953125","696.5593362247242","0"
"CTA-UNet+FFL K-only","canonical","4","18","170","170","170","0.5812959507225671","0.7245334243026016","0.12567102941176478","0.10559789215686277","5.727710908076708","194.81224437040441","597.8336196001839","0"
"CTA-UNet+FFL K-only","canonical","4","19","170","170","170","0.6037542120377162","0.7425056385279527","0.13980549019607844","0.09626323529411764","7.016480158212122","487.4683306525735","784.08583984375","0"
"CTA-UNet+FFL K-only","canonical","4","20","170","170","170","0.621187442338782","0.755877201706239","0.15056933823529411","0.08851294117647061","6.699343356962738","331.75993221507355","723.4067038143382","0"
"CTA-UNet+FFL K-only","canonical","4","21","170","170","170","0.6237626807626284","0.7573055127529661","0.16286960784313723","0.0840279656862745","6.1272043300191665","90.64455997242646","581.7257065716911","0"
"CTA-UNet+FFL K-only","canonical","4","22","170","170","170","0.6305140411346641","0.7627685240831221","0.16817100490196074","0.08305357843137257","7.796794710710039","1347.6014533547793","1497.6180204503676","0"
"CTA-UNet+FFL K-only","canonical","4","23","170","170","170","0.6271066495332422","0.7591136089252876","0.1819567156862745","0.07894335784313725","6.735836592080051","27.245921415441178","986.9802389705883","0"
"CTA-UNet+FFL K-only","canonical","4","24","170","170","170","0.6303563765532101","0.7616795999793876","0.1896363235294118","0.0795244362745098","7.262382293674454","-22533.439711626837","26492.340240119483","0"
"CTA-UNet+FFL K-only","canonical","5","0","170","170","170","0.5566305692983864","0.7009848373432093","0.0025211274509803925","0.004644411764705886","2.285000903860559","-35.93721970950856","35.93721970950856","0"
"CTA-UNet+FFL K-only","canonical","5","1","170","170","170","0.5632332609104059","0.702553472863469","0.00258889705882353","0.0060856372549019586","2.2180785832537633","-74.18803742352654","74.18803742352654","0"
"CTA-UNet+FFL K-only","canonical","5","2","170","170","170","0.5449852289271387","0.6910394107902614","0.0036612254901960783","0.006747352941176472","2.1116794426559915","-105.66111872055951","105.66111872055951","0"
"CTA-UNet+FFL K-only","canonical","5","3","170","170","170","0.5315915749193363","0.6815798805366737","0.004618749999999998","0.007436617647058822","2.077047326612539","-131.03286823945888","131.03286823945888","0"
"CTA-UNet+FFL K-only","canonical","5","4","170","170","170","0.578821649715586","0.711040256018485","0.004218406862745099","0.013592132352941176","2.272728170103295","-137.73926651898552","137.73926651898552","0"
"CTA-UNet+FFL K-only","canonical","5","5","170","170","170","0.5472915702516981","0.692877297625287","0.007069656862745098","0.01402526960784313","2.352408406735811","-201.67019958496093","201.67019958496093","0"
"CTA-UNet+FFL K-only","canonical","5","6","170","170","170","0.543052908839847","0.6886213834057294","0.008822279411764708","0.01784708333333333","2.600294626519304","-279.9993948543773","279.9993948543773","0"
"CTA-UNet+FFL K-only","canonical","5","7","170","170","170","0.5548726745047856","0.6952373530788338","0.009830955882352945","0.024194852941176466","3.3015141105227426","-353.04045858944164","353.04045858944164","0"
"CTA-UNet+FFL K-only","canonical","5","8","170","170","170","0.5358766686620056","0.6832533750277991","0.013784999999999997","0.024992377450980395","3.721012694654204","-318.2289570527918","318.2289570527918","0"
"CTA-UNet+FFL K-only","canonical","5","9","170","170","170","0.5224760652271648","0.6731726174537498","0.019543039215686283","0.029854117647058826","3.6052828802670596","-398.60995555204505","398.81396089441637","0"
"CTA-UNet+FFL K-only","canonical","5","10","170","170","170","0.5306495942086763","0.6804015876316365","0.026544877450980397","0.04175884803921568","5.039636170893696","-671.129737405216","671.129737405216","0"
"CTA-UNet+FFL K-only","canonical","5","11","170","170","170","0.5218015475385953","0.6739635533662734","0.03627639705882352","0.051774387254901966","6.324860950774265","-746.3043952493107","746.3043952493107","0"
"CTA-UNet+FFL K-only","canonical","5","12","170","170","170","0.5209498212755825","0.6737410340727766","0.046341446078431395","0.06172159313725489","7.700472868821674","-777.7551793715533","777.7551793715533","0"
"CTA-UNet+FFL K-only","canonical","5","13","170","170","170","0.5108811472914676","0.6656713974484639","0.061813063725490246","0.06648232843137253","10.736304978508837","39.53552820542279","350.2427001953125","0"
"CTA-UNet+FFL K-only","canonical","5","14","170","170","170","0.5293819836988668","0.6811291114220771","0.07101303921568627","0.08518551470588234","8.974806581379857","-515.1747501148897","525.6569536994485","0"
"CTA-UNet+FFL K-only","canonical","5","15","170","170","170","0.5344449301446915","0.6852315996855823","0.08461529411764707","0.09381627450980391","6.895024417232507","-984.7023509306066","984.7023509306066","0"
"CTA-UNet+FFL K-only","canonical","5","16","170","170","170","0.5406778596013453","0.6904581597398184","0.10011125000000004","0.09660625000000002","6.883867730288475","-1001.6581887637867","1001.6581887637867","0"
"CTA-UNet+FFL K-only","canonical","5","17","170","170","170","0.5525039009930867","0.7003196291429178","0.11712191176470582","0.0997896568627451","5.666152907836168","-1104.705641084559","1104.705641084559","0"
"CTA-UNet+FFL K-only","canonical","5","18","170","170","170","0.5790482734778134","0.7222131431545394","0.13615938725490195","0.0984070833333334","4.340643123848751","-1803.3685489430147","1803.3685489430147","0"
"CTA-UNet+FFL K-only","canonical","5","19","170","170","170","0.5989456255655393","0.7371027950236198","0.1581994852941176","0.08548754901960785","10.01975963269921","-516.899755859375","797.2668974034926","0"
"CTA-UNet+FFL K-only","canonical","5","20","170","170","170","0.613081354230999","0.7478860332025515","0.17218848039215695","0.07855374999999998","6.331169281134441","-1550.4007496553309","1551.417236328125","0"
"CTA-UNet+FFL K-only","canonical","5","21","170","170","170","0.614296982711958","0.7482655895012258","0.18680058823529408","0.07392404411764708","5.218272893679575","-1848.4675321691177","1848.4675321691177","0"
"CTA-UNet+FFL K-only","canonical","5","22","170","170","170","0.6214457950692085","0.7535798920301533","0.19607583333333334","0.07032333333333336","7.507962406256368","-1175.0325884650736","1270.74248046875","0"
"CTA-UNet+FFL K-only","canonical","5","23","170","170","170","0.6185467752806366","0.7504412725780241","0.2074448284313726","0.06819865196078434","8.154391156285975","-722.8230583639706","1126.1986787683823","0"
"CTA-UNet+FFL K-only","canonical","5","24","170","170","170","0.6264474079437964","0.7563447833469861","0.21285012254901967","0.06695678921568626","8.848953457871191","-26019.4921472886","26071.429658777575","0"
"CTA-UNet+FFL K-only","canonical","6","0","170","170","170","0.5601449864558822","0.7113459315824674","0.003199313725490196","0.003800416666666668","2.667025492148913","53.112738070768465","59.92319341547349","0"
"CTA-UNet+FFL K-only","canonical","6","1","170","170","170","0.5652201601828295","0.7137489797196085","0.0033399999999999992","0.005087671568627451","2.406725035646788","34.7940497230081","62.83518970713896","0"
"CTA-UNet+FFL K-only","canonical","6","2","170","170","170","0.5576477844275719","0.7073987823952201","0.004011102941176472","0.005937867647058824","2.369577894229709","6.603679432588465","59.37953015495749","0"
"CTA-UNet+FFL K-only","canonical","6","3","170","170","170","0.5450593025530662","0.6972461348610339","0.00495813725490196","0.0066072303921568655","2.378177832952758","45.56222982967601","89.08574075137868","0"
"CTA-UNet+FFL K-only","canonical","6","4","170","170","170","0.5990620358373292","0.7321350785531215","0.003955808823529412","0.01282002450980392","2.436805228373934","83.93971310783834","121.13028595868279","0"
"CTA-UNet+FFL K-only","canonical","6","5","170","170","170","0.5757709715003181","0.7179231458227511","0.006304215686274509","0.01334497549019607","2.4642500034733184","240.913317601821","257.78096232694736","0"
"CTA-UNet+FFL K-only","canonical","6","6","170","170","170","0.5799275777073998","0.7196272004725739","0.0071381127450980365","0.017281274509803917","2.781726939833095","361.771406285903","374.7535272934858","0"
"CTA-UNet+FFL K-only","canonical","6","7","170","170","170","0.5829495802416617","0.7203706925174032","0.008607745098039217","0.023145196078431365","3.5049724935495887","416.548147762523","434.6127358829274","0"
"CTA-UNet+FFL K-only","canonical","6","8","170","170","170","0.5731758796312156","0.7144468677333727","0.011116348039215688","0.02434654411764705","3.7051141039579893","318.0702432071461","340.7149589987362","0"
"CTA-UNet+FFL K-only","canonical","6","9","170","170","170","0.5641577164913917","0.7083276516888173","0.01494676470588235","0.029513823529411776","4.032867985857089","235.46377707088695","277.89921480066636","0"
"CTA-UNet+FFL K-only","canonical","6","10","170","170","170","0.5764530071789206","0.7167764983964477","0.017863455882352934","0.04338884803921568","6.592379076738458","445.572119140625","483.6802332261029","0"
"CTA-UNet+FFL K-only","canonical","6","11","170","170","170","0.5662830663587548","0.7104731694257996","0.025608259803921563","0.053279240196078444","9.179275806675715","1905.163567756204","1905.5888477998622","0"
"CTA-UNet+FFL K-only","canonical","6","12","170","170","170","0.5580899610887191","0.7054677485399216","0.036492500000000004","0.06170120098039216","8.261618149301599","897.950783404182","901.8375696518842","0"
"CTA-UNet+FFL K-only","canonical","6","13","170","170","170","0.5463422761673434","0.6965919539385441","0.049753333333333316","0.06686705882352932","9.723874360413223","1599.6357220818015","1600.8920984604779","0"
"CTA-UNet+FFL K-only","canonical","6","14","170","170","170","0.5516246392414772","0.7011897382807178","0.06297862745098039","0.08411600490196082","10.132994367401059","1198.4709860409007","1198.4709860409007","0"
"CTA-UNet+FFL K-only","canonical","6","15","170","170","170","0.5513706207364233","0.7008418409177173","0.08243558823529414","0.08806610294117652","10.239944954603263","983.7490607766545","998.1525677849264","0"
"CTA-UNet+FFL K-only","canonical","6","16","170","170","170","0.5561779700721847","0.7044986386904568","0.10016311274509802","0.08830960784313724","11.179361374687206","459.1165613511029","552.2291274126839","0"
"CTA-UNet+FFL K-only","canonical","6","17","170","170","170","0.558425468627776","0.704302917347003","0.13296830882352947","0.08361328431372547","14.021458211745635","1934.5301154641545","1944.6077579273897","0"
"CTA-UNet+FFL K-only","canonical","6","18","170","170","170","0.5858065102331972","0.7251680753802885","0.1584722794117647","0.07636649509803924","15.672202587125403","2320.0834501378677","2340.1066291360294","0"
"CTA-UNet+FFL K-only","canonical","6","19","170","170","170","0.6017435363796017","0.736342582430028","0.18361747549019608","0.06438399509803922","13.082273361049047","2714.379696116728","2726.9512838924634","0"
"CTA-UNet+FFL K-only","canonical","6","20","170","170","170","0.6185508875346734","0.7495486562935575","0.19180892156862756","0.05961237745098039","11.811025189234778","1742.487890625","1813.1533088235294","0"
"CTA-UNet+FFL K-only","canonical","6","21","170","170","170","0.6206693442936599","0.7503592603078408","0.20601031862745095","0.05485127450980391","13.532826373683204","3092.9035903033086","3117.6329216452204","0"
"CTA-UNet+FFL K-only","canonical","6","22","170","170","170","0.6287464357858694","0.7561509103975296","0.2146219852941177","0.05115480392156861","9.593410424788976","2298.396271829044","2359.6139533547794","0"
"CTA-UNet+FFL K-only","canonical","6","23","170","170","170","0.6245913870969781","0.7514573347264644","0.23125639705882348","0.04665257352941176","12.083303191868973","3739.9440889246325","3929.6587718290443","0"
"CTA-UNet+FFL K-only","canonical","6","24","170","170","170","0.633186760614995","0.757620326486697","0.23514963235294117","0.04612198529411766","14.429844558824698","-16497.80766888787","32307.67234030331","0"
"CTA-UNet+FFL K-only","canonical","7","0","170","170","170","0.5910601025789448","0.726862234276309","0.0017190196078431367","0.0049201225490196066","2.8178960493639864","-33.47288847530589","33.47288847530589","0"
"CTA-UNet+FFL K-only","canonical","7","1","170","170","170","0.5848879190545087","0.7222523918558394","0.0022662009803921575","0.0059521323529411795","2.784125349878472","-42.40078158659094","44.88095727808335","0"
"CTA-UNet+FFL K-only","canonical","7","2","170","170","170","0.5744155441204433","0.7147101819650474","0.0029006127450980405","0.006828970588235297","2.378343153519049","-80.96824201696059","80.96824201696059","0"
"CTA-UNet+FFL K-only","canonical","7","3","170","170","170","0.5546591970690246","0.7018748484120481","0.004128161764705881","0.007261691176470588","2.2686008798792687","-95.68251297894646","95.71485119987936","0"
"CTA-UNet+FFL K-only","canonical","7","4","170","170","170","0.6021302129055123","0.7313013751958376","0.0037330637254901957","0.013155857843137261","2.0928706410885427","-113.00675183464499","113.00675183464499","0"
"CTA-UNet+FFL K-only","canonical","7","5","170","170","170","0.5661091517831071","0.7112171525104506","0.006867549019607848","0.013205759803921566","2.1577109089699","-139.97710355870865","139.97710355870865","0"
"CTA-UNet+FFL K-only","canonical","7","6","170","170","170","0.5613634830720204","0.7076415640105721","0.008825735294117646","0.016521911764705886","2.449717172007841","-138.34657817167394","142.32749104219323","0"
"CTA-UNet+FFL K-only","canonical","7","7","170","170","170","0.5755715223713999","0.7161392183142257","0.009359387254901964","0.022793504901960783","3.0207932123343304","-39.50367503446691","125.78694996553308","0"
"CTA-UNet+FFL K-only","canonical","7","8","170","170","170","0.5559309482394134","0.7038554553690503","0.01304450980392157","0.023504754901960787","3.1755274675899807","-84.01528661391315","123.64233380485983","0"
"CTA-UNet+FFL K-only","canonical","7","9","170","170","170","0.54987484259802","0.6992174231065105","0.01702519607843137","0.02867186274509805","3.740554018941997","88.46320513556985","203.05688117532168","0"
"CTA-UNet+FFL K-only","canonical","7","10","170","170","170","0.5622278178936753","0.708175301001","0.02196654411764706","0.04099098039215687","6.128726803894258","252.9397159352022","318.1553165211397","0"
"CTA-UNet+FFL K-only","canonical","7","11","170","170","170","0.5463300979528967","0.6966635684512441","0.0328825","0.049620367647058815","6.720583203979913","524.4385088752298","540.4769236845128","0"
"CTA-UNet+FFL K-only","canonical","7","12","170","170","170","0.535754167696796","0.6884324994708864","0.04854973039215687","0.05563730392156863","8.701638397615795","825.4750287224265","830.6153435202206","0"
"CTA-UNet+FFL K-only","canonical","7","13","170","170","170","0.5254924205614778","0.6786577795597417","0.06609198529411763","0.05870132352941177","9.25331709202765","717.8018669577206","735.2560345818015","0"
"CTA-UNet+FFL K-only","canonical","7","14","170","170","170","0.5428359083352777","0.6938415688838463","0.07481700980392156","0.07659676470588235","9.175772059986011","194.51947236902575","365.37035989200365","0"
"CTA-UNet+FFL K-only","canonical","7","15","170","170","170","0.5463432629334256","0.6962079087925169","0.08987115196078432","0.08378958333333336","8.505379462070577","143.54484719669117","423.75797909007355","0"
"CTA-UNet+FFL K-only","canonical","7","16","170","170","170","0.5514382496428457","0.6993721504716781","0.10978455882352943","0.08316791666666663","8.200272364123583","258.3001881318934","472.14063218060664","0"
"CTA-UNet+FFL K-only","canonical","7","17","170","170","170","0.5612657430865768","0.7060873597317154","0.13294215686274505","0.08211218137254903","7.668583755966567","1196.6821920955883","1260.2803021599266","0"
"CTA-UNet+FFL K-only","canonical","7","18","170","170","170","0.5896079225340157","0.7291801917760995","0.14887990196078432","0.0808394362745098","7.8976907278883255","454.63487477022056","622.4086339613971","0"
"CTA-UNet+FFL K-only","canonical","7","19","170","170","170","0.6104587063239731","0.7451182950169245","0.16301127450980388","0.07283931372549021","9.834281784461021","1298.2505313648896","1370.7273064108456","0"
"CTA-UNet+FFL K-only","canonical","7","20","170","170","170","0.6259970488267161","0.7571694653740575","0.17203259803921567","0.06791480392156864","5.54054074416031","-621.8872443704045","733.8165757123162","0"
"CTA-UNet+FFL K-only","canonical","7","21","170","170","170","0.6274168312283616","0.7576058247587789","0.18592024509803914","0.06320213235294117","7.545855908676757","955.8423426011029","1088.3345875459559","0"
"CTA-UNet+FFL K-only","canonical","7","22","170","170","170","0.6362969948336622","0.7642570809673775","0.19109754901960793","0.06100306372549021","7.887205921868314","1371.4765739889706","1443.908846507353","0"
"CTA-UNet+FFL K-only","canonical","7","23","170","170","170","0.634020519418788","0.7613398993758106","0.2027179656862746","0.057964142156862755","8.192532768033532","2306.605681295956","2526.068169806985","0"
"CTA-UNet+FFL K-only","canonical","7","24","170","170","170","0.64141883426196","0.7670971232460925","0.20479833333333347","0.0590738480392157","8.657499540948058","-22271.344008501837","26729.397397748162","0"
"CTA-UNet+FFL K-only","canonical","8","0","170","170","170","0.5745385086841184","0.7205040120838141","0.0025993872549019592","0.004180220588235294","2.963906190029208","-27.278725567985983","27.278725567985983","0"
"CTA-UNet+FFL K-only","canonical","8","1","170","170","170","0.5664601483368347","0.7141011471493731","0.003199705882352942","0.005206617647058824","2.5488184981101605","-31.75588513542624","36.25856691248276","0"
"CTA-UNet+FFL K-only","canonical","8","2","170","170","170","0.558492439806474","0.7076880241080183","0.0038551470588235296","0.006056446078431373","2.3445838139683266","-61.585677965949564","62.445787093218634","0"
"CTA-UNet+FFL K-only","canonical","8","3","170","170","170","0.5361734714927708","0.6907359562963978","0.005425441176470587","0.006363039215686276","2.473704165058439","-85.70848227108226","85.81370580336628","0"
"CTA-UNet+FFL K-only","canonical","8","4","170","170","170","0.5835260454867456","0.7244126351101846","0.0051714950980392155","0.011968872549019599","2.0992394877057516","-131.34414044548484","131.34414044548484","0"
"CTA-UNet+FFL K-only","canonical","8","5","170","170","170","0.5529266362049942","0.7032378876102771","0.008115955882352938","0.012423700980392157","2.1333332970474186","-191.47347160788144","191.47347160788144","0"
"CTA-UNet+FFL K-only","canonical","8","6","170","170","170","0.5516813709311265","0.7016169963226072","0.009948308823529413","0.015846470588235295","2.393837773303582","-275.5284443574793","275.5284443574793","0"
"CTA-UNet+FFL K-only","canonical","8","7","170","170","170","0.5616742055360747","0.7082781578758442","0.011239117647058823","0.021588799019607845","2.730737367860551","-216.04478544347427","216.04478544347427","0"
"CTA-UNet+FFL K-only","canonical","8","8","170","170","170","0.5449143707606695","0.6964567872774688","0.015426078431372546","0.02199191176470589","2.369731258576196","-199.61065763585708","199.61065763585708","0"
"CTA-UNet+FFL K-only","canonical","8","9","170","170","170","0.5376048090103256","0.6900781550397144","0.021012524509803922","0.026183651960784312","2.7226960428756963","-297.38092669318706","297.38092669318706","0"
"CTA-UNet+FFL K-only","canonical","8","10","170","170","170","0.5494598941989922","0.6989233555378915","0.02709710784313725","0.038013284313725484","3.3196614935268323","-96.13785256778493","157.85860164866727","0"
"CTA-UNet+FFL K-only","canonical","8","11","170","170","170","0.5344629540856688","0.6869654306752409","0.039745122549019594","0.04592058823529411","5.237586038680616","43.91387149586397","144.12773293887867","0"
"CTA-UNet+FFL K-only","canonical","8","12","170","170","170","0.531086207633015","0.6841835066503588","0.05236085784313723","0.05382377450980392","5.589275762787717","102.39039306640625","218.2406530043658","0"
"CTA-UNet+FFL K-only","canonical","8","13","170","170","170","0.5202254682646663","0.6730922412849851","0.07232549019607844","0.055630269607843126","6.122119107072351","541.4746194278492","545.1758200252757","0"
"CTA-UNet+FFL K-only","canonical","8","14","170","170","170","0.5319957072708175","0.6828815259749789","0.08965960784313724","0.06865995098039215","6.073241087220878","46.157773724724265","194.5966667624081","0"
"CTA-UNet+FFL K-only","canonical","8","15","170","170","170","0.5362038047531253","0.6848388650244311","0.11022575980392162","0.07235816176470589","6.785969634167772","364.16426642922795","471.63227251838236","0"
"CTA-UNet+FFL K-only","canonical","8","16","170","170","170","0.5425218032158048","0.6884198331058686","0.13276948529411764","0.07074053921568625","6.618034875856478","648.9765366498161","719.167822265625","0"
"CTA-UNet+FFL K-only","canonical","8","17","170","170","170","0.5516314535589519","0.6948262367203216","0.15679977941176476","0.07088808823529412","6.795811606608607","327.69950310202205","432.830712890625","0"
"CTA-UNet+FFL K-only","canonical","8","18","170","170","170","0.5825106569348599","0.7211718938836266","0.16959178921568627","0.07052404411764707","6.1428049405296274","-572.2112994025736","586.678262867647","0"
"CTA-UNet+FFL K-only","canonical","8","19","170","170","170","0.6005284759301551","0.7358510808606935","0.18481629901960783","0.0636520343137255","5.4478501570579105","-355.6830078125","506.62641888786766","0"
"CTA-UNet+FFL K-only","canonical","8","20","170","170","170","0.6199373079471487","0.7515886778785605","0.18689071078431382","0.061291102941176484","5.918132447373608","-51.53256548713235","458.0502010569853","0"
"CTA-UNet+FFL K-only","canonical","8","21","170","170","170","0.6208923273166728","0.751709304273862","0.20114901960784298","0.05711031862745097","6.037421074369853","-171.86154641544118","844.0228745404412","0"
"CTA-UNet+FFL K-only","canonical","8","22","170","170","170","0.6309735012034575","0.7592990215077058","0.2052455882352941","0.05498080882352942","6.005857551208017","-334.0578929227941","757.0607192095588","0"
"CTA-UNet+FFL K-only","canonical","8","23","170","170","170","0.6283231824524267","0.7560163792693141","0.21793632352941167","0.05176509803921568","6.411462801035401","-921.879647288603","1159.86298828125","0"
"CTA-UNet+FFL K-only","canonical","8","24","170","170","170","0.6375030626056502","0.7627548313687199","0.2198766666666666","0.05187392156862747","7.308763575753656","-24517.252171415443","25668.78712086397","0"
"CTA-UNet+FFL K-only","canonical","9","0","170","170","170","0.5583505116187923","0.7098329528407021","0.0032450980392156846","0.0037700245098039207","2.6293150858702536","-29.63633342069738","31.362851715087892","0"
"CTA-UNet+FFL K-only","canonical","9","1","170","170","170","0.5464979102319305","0.6999679886266549","0.0042653676470588205","0.004561642156862744","2.369521395968152","-38.00812642714556","51.056985249238856","0"
"CTA-UNet+FFL K-only","canonical","9","2","170","170","170","0.5352654993229182","0.6905495321787202","0.005201176470588234","0.005317328431372548","2.323893488338179","-57.35441629746381","74.86357839247759","0"
"CTA-UNet+FFL K-only","canonical","9","3","170","170","170","0.5218987385239761","0.6787780567391012","0.006450759803921569","0.0058808333333333325","2.3074661531239022","-73.6070509517894","97.03701203290154","0"
"CTA-UNet+FFL K-only","canonical","9","4","170","170","170","0.5740801988664873","0.7185735446831125","0.00600955882352941","0.01146625","2.284427116388141","-54.75471819709329","108.46685108857996","0"
"CTA-UNet+FFL K-only","canonical","9","5","170","170","170","0.5447508384476836","0.6974049591381214","0.008994019607843136","0.011975343137254896","2.4479995038043194","-15.363440031163833","147.9758955114028","0"
"CTA-UNet+FFL K-only","canonical","9","6","170","170","170","0.5408667832084292","0.6934492693929635","0.011274411764705878","0.015274166666666675","2.6372679451154957","76.27867691937615","220.21480775720934","0"
"CTA-UNet+FFL K-only","canonical","9","7","170","170","170","0.5485036345684482","0.6977615912752474","0.012979362745098038","0.0210728431372549","3.3943334977553064","481.23703685087315","565.7027616613052","0"
"CTA-UNet+FFL K-only","canonical","9","8","170","170","170","0.5288501337435589","0.6828788796266322","0.01769649509803922","0.021595098039215676","3.2386663093885004","390.16223359949447","472.30352783203125","0"
"CTA-UNet+FFL K-only","canonical","9","9","170","170","170","0.5217519240338804","0.6768639371170467","0.023247083333333335","0.026150784313725486","3.7397171789705412","438.70783619600184","524.0045639935662","0"
"CTA-UNet+FFL K-only","canonical","9","10","170","170","170","0.5400142879614698","0.6916468104401386","0.028072696078431377","0.038391372549019614","5.264026228256314","849.1653600356158","911.5733621036305","0"
"CTA-UNet+FFL K-only","canonical","9","11","170","170","170","0.5340333010873728","0.6865360168106646","0.036991176470588236","0.04835730392156862","6.7914208953647535","1295.548586138557","1331.5608104032628","0"
"CTA-UNet+FFL K-only","canonical","9","12","170","170","170","0.5330777003534705","0.685830341409202","0.04623960784313724","0.05861117647058826","8.285015721543788","1204.0322761086857","1252.488177131204","0"
"CTA-UNet+FFL K-only","canonical","9","13","170","170","170","0.5219319041658382","0.676310448795734","0.060659607843137245","0.06436691176470591","9.004621258026573","1251.4552188648897","1309.32314453125","0"
"CTA-UNet+FFL K-only","canonical","9","14","170","170","170","0.5372695697218027","0.6890460663889707","0.07014644607843137","0.08347517156862744","9.127085680083264","1297.5061164407168","1354.3326731962316","0"
"CTA-UNet+FFL K-only","canonical","9","15","170","170","170","0.5419085040653835","0.692808287284132","0.0835764460784314","0.09198482843137254","8.7383094870726","1402.0798483455883","1468.235075827206","0"
"CTA-UNet+FFL K-only","canonical","9","16","170","170","170","0.549546799622272","0.6992658729591354","0.0967922794117647","0.09533595588235297","9.597217177948185","1481.4722196691177","1550.2164924172794","0"
"CTA-UNet+FFL K-only","canonical","9","17","170","170","170","0.5591473950141734","0.7071325241226583","0.11203046568627452","0.10045877450980392","8.375747478420465","692.8789694393382","872.1853343290442","0"
"CTA-UNet+FFL K-only","canonical","9","18","170","170","170","0.5851105281673074","0.7286592251757704","0.12850210784313731","0.1003268382352941","11.02443582039035","1524.8117015165442","1689.0777630974264","0"
"CTA-UNet+FFL K-only","canonical","9","19","170","170","170","0.6033787452329028","0.7422763442893873","0.14951333333333347","0.08851107843137256","11.214919553242643","1324.565398092831","1527.1313103170955","0"
"CTA-UNet+FFL K-only","canonical","9","20","170","170","170","0.6210682724594163","0.7547675509583543","0.1648167892156863","0.07783448529411766","11.6804475138021","1343.2047047334559","1549.8955710018383","0"
"CTA-UNet+FFL K-only","canonical","9","21","170","170","170","0.625012485854782","0.7563525237821035","0.18072208333333348","0.0701786519607843","10.611779136165113","1529.6975183823529","1700.2454963235293","0"
"CTA-UNet+FFL K-only","canonical","9","22","170","170","170","0.6329127354445943","0.7625500839288832","0.18575848039215684","0.06849355392156863","9.155022187704764","145.0645450367647","914.2836167279412","0"
"CTA-UNet+FFL K-only","canonical","9","23","170","170","170","0.6302711678941942","0.7586727413488872","0.20272000000000007","0.062049289215686275","11.652226622390282","720.2502182904411","1375.6728975183823","0"
"CTA-UNet+FFL K-only","canonical","9","24","170","170","170","0.6347712513497074","0.7621522602849733","0.21018012254901966","0.06139556372549022","15.729524413460254","-23320.573196231617","25974.657984834557","0"
"MS-TMO-UNet TC","canonical","0","0","170","170","170","0.7662063716390776","0.8627770037745986","0.0025348774509803902","0.00014691176470588236","1.9358490195773663","5.534541657391716","20.205219560510972","0"
"MS-TMO-UNet TC","canonical","0","1","170","170","170","0.8014968739474149","0.8857412618056563","0.002075931372549019","0.0004635784313725491","1.6060940274980782","-41.9467846141142","42.92731565587661","0"
"MS-TMO-UNet TC","canonical","0","2","170","170","170","0.8119927272522935","0.8928610331266208","0.002150759803921569","0.000586519607843137","1.378251439314992","-71.04444488076602","71.05809736812816","0"
"MS-TMO-UNet TC","canonical","0","3","170","170","170","0.8159193451091424","0.8955483100226441","0.002391323529411766","0.0005538970588235292","1.2944161936965306","-80.94933215870577","81.16239799050724","0"
"MS-TMO-UNet TC","canonical","0","4","170","170","170","0.9155318793698536","0.9556516722795082","0.00037401960784313743","0.002697818627450981","1.3803775842876451","-51.25938002642463","60.90337596220129","0"
"MS-TMO-UNet TC","canonical","0","5","170","170","170","0.9370738267459392","0.967386490737375","0.0007757598039215685","0.0012953921568627448","1.5257511634406382","33.55038146972656","88.98430265538833","0"
"MS-TMO-UNet TC","canonical","0","6","170","170","170","0.9349166866583255","0.9661209868687173","0.0005182107843137254","0.0023082107843137236","1.821280170275055","-2.5666095509248623","98.19945472268498","0"
"MS-TMO-UNet TC","canonical","0","7","170","170","170","0.9185629749446256","0.9573360240464853","0.00033362745098039227","0.0038753186274509827","1.7893344840393652","-153.154636517693","168.0759837431066","0"
"MS-TMO-UNet TC","canonical","0","8","170","170","170","0.9346801004016883","0.9661082617333419","0.0004856372549019608","0.0033155882352941175","1.8122884939024368","-27.020349659639248","116.41865216423483","0"
"MS-TMO-UNet TC","canonical","0","9","170","170","170","0.9470946908248556","0.9727011464509164","0.001106642156862745","0.0026622549019607845","1.45099582000176","-65.46642617618336","128.263794483858","0"
"MS-TMO-UNet TC","canonical","0","10","170","170","170","0.9494723346944552","0.9739755597286389","0.001054681372549019","0.004338063725490195","1.5077250564697329","-80.63422707950367","155.4041805491728","0"
"MS-TMO-UNet TC","canonical","0","11","170","170","170","0.9560837596859796","0.977436330842589","0.0025382598039215692","0.002973872549019608","1.4050845387019926","-180.27581320369944","229.52768159754137","0"
"MS-TMO-UNet TC","canonical","0","12","170","170","170","0.9504884362456218","0.974515040358402","0.002334142156862745","0.005045441176470589","1.532431288716679","-74.3899320714614","205.19920941521139","0"
"MS-TMO-UNet TC","canonical","0","13","170","170","170","0.9543796581916405","0.9765561404989229","0.004881715686274512","0.0036727205882352942","1.8376765343763914","-231.8186803481158","257.5388176413143","0"
"MS-TMO-UNet TC","canonical","0","14","170","170","170","0.9552427033561312","0.977012832063638","0.0036668627450980405","0.006727794117647057","4.342480981108664","433.4942081227022","459.05087459788604","0"
"MS-TMO-UNet TC","canonical","0","15","170","170","170","0.9578572201490615","0.9783983863639294","0.005546813725490195","0.005507156862745094","4.864030319324084","134.8515811695772","365.5289191750919","0"
"MS-TMO-UNet TC","canonical","0","16","170","170","170","0.9609687478694509","0.9800274227320986","0.005883553921568626","0.005337549019607842","2.765234470837775","399.08486615349267","424.49923311121324","0"
"MS-TMO-UNet TC","canonical","0","17","170","170","170","0.960227410581761","0.9796235984534781","0.00566919117647059","0.006506617647058821","2.7637028006347464","92.87433938419117","216.82317325367646","0"
"MS-TMO-UNet TC","canonical","0","18","170","170","170","0.9662567195780893","0.9827513136633022","0.00516392156862745","0.006497647058823531","2.3756880291485323","-263.01826171875","343.92045036764705","0"
"MS-TMO-UNet TC","canonical","0","19","170","170","170","0.9659798170631506","0.9825942287633465","0.007780098039215692","0.004770147058823527","2.4480229282878874","-464.64568589154413","477.96500459558825","0"
"MS-TMO-UNet TC","canonical","0","20","170","170","170","0.9667934359794316","0.9828981300523031","0.009162720588235291","0.003990661764705885","2.6752115284456846","248.36096909466912","439.3138470818015","0"
"MS-TMO-UNet TC","canonical","0","21","170","170","170","0.9722614993338402","0.9858733941773337","0.007175980392156859","0.004479166666666667","3.0386316248836454","-13.005916819852942","386.13884420955884","0"
"MS-TMO-UNet TC","canonical","0","22","170","170","170","0.9751657779238045","0.9873803590395255","0.006504436274509806","0.004558382352941175","3.5648963936590046","-127.23761488970588","502.4379825367647","0"
"MS-TMO-UNet TC","canonical","0","23","170","170","170","0.9718665632121853","0.9851875128194526","0.008530759803921574","0.004059313725490197","3.4545062395044015","8.675476792279412","546.3669175091911","0"
"MS-TMO-UNet TC","canonical","0","24","170","170","170","0.9716397667229566","0.9848312733419018","0.008458553921568626","0.004660147058823529","3.6998817307962466","-24640.562298943016","25423.953153722425","0"
"MS-TMO-UNet TC","canonical","1","0","170","170","170","0.638389002706017","0.7746414486023181","0.005564313725490191","2.558823529411765e-05","1.4971135703847667","-9.878834219539867","20.351781284107883","0"
"MS-TMO-UNet TC","canonical","1","1","170","170","170","0.6725344279753883","0.8001639540441917","0.005651299019607843","3.799019607843137e-05","1.2928912318633792","-19.762447581571692","35.98366887709674","0"
"MS-TMO-UNet TC","canonical","1","2","170","170","170","0.8165877378081189","0.8958334212655739","0.0022948529411764714","0.00034546568627450986","1.1157862066210504","-27.60469768748564","58.48003059835995","0"
"MS-TMO-UNet TC","canonical","1","3","170","170","170","0.8206651188299438","0.8984536296477845","0.0021997549019607842","0.0006727205882352938","1.2270979051155284","32.05209202485926","96.09554968441233","0"
"MS-TMO-UNet TC","canonical","1","4","170","170","170","0.9065814708777465","0.9506498108094446","0.00033007352941176454","0.003111740196078431","1.3383766344004104","5.66285862642176","83.73054634543026","0"
"MS-TMO-UNet TC","canonical","1","5","170","170","170","0.9344834235293324","0.9659852375092525","0.0009348039215686269","0.0011317156862745096","1.3451336147489352","4.734638797535616","118.85312042236328","0"
"MS-TMO-UNet TC","canonical","1","6","170","170","170","0.9394604179678707","0.9685908023992743","0.0007599754901960781","0.001764926470588235","1.6407787092564847","-0.9770614624023437","134.58296966552734","0"
"MS-TMO-UNet TC","canonical","1","7","170","170","170","0.918725442218169","0.9574467505102675","0.0002560784313725489","0.003945857843137254","1.6332567823877338","-39.98707562614889","129.2433557846967","0"
"MS-TMO-UNet TC","canonical","1","8","170","170","170","0.9396565549160573","0.9687787414877445","0.00046749999999999987","0.003006985294117648","1.2442965694195638","-81.72362096449908","124.7544817756204","0"
"MS-TMO-UNet TC","canonical","1","9","170","170","170","0.9505885890062951","0.9745657738479103","0.0008679656862745093","0.0025394607843137267","1.3980548550164027","-163.1509403004366","168.13070463292738","0"
"MS-TMO-UNet TC","canonical","1","10","170","170","170","0.9560959395981794","0.9774677070289688","0.001302230392156863","0.0030689215686274507","1.543820160182237","-199.59527516084557","207.46888930376838","0"
"MS-TMO-UNet TC","canonical","1","11","170","170","170","0.9574707020406015","0.978198593498376","0.0015624019607843134","0.003767500000000001","1.2681817309097256","-354.892720301011","354.892720301011","0"
"MS-TMO-UNet TC","canonical","1","12","170","170","170","0.9534011654868214","0.976069381749934","0.001401299019607843","0.005999313725490196","1.4528399841010315","-127.68446906594669","176.50632252412683","0"
"MS-TMO-UNet TC","canonical","1","13","170","170","170","0.9577140181004976","0.9783235511575802","0.004214975490196075","0.0034055147058823535","1.4489096666664114","-120.41756807215073","161.10721363740808","0"
"MS-TMO-UNet TC","canonical","1","14","170","170","170","0.9510071165889159","0.9748114701831273","0.00232688725490196","0.010046740196078433","1.5604374021618814","-41.303887580422796","147.78432186351102","0"
"MS-TMO-UNet TC","canonical","1","15","170","170","170","0.9589091605823419","0.978950389383242","0.0037615931372548994","0.007273357843137254","2.523965530671795","169.34586109834558","511.0378044577206","0"
"MS-TMO-UNet TC","canonical","1","16","170","170","170","0.9614879612458721","0.9802991594436621","0.004725808823529408","0.006513970588235296","1.9890696660999103","122.11897403492647","331.1860667509191","0"
"MS-TMO-UNet TC","canonical","1","17","170","170","170","0.9567248553591765","0.9777925463598924","0.006387034313725494","0.0066331372549019605","1.6607592568613012","-93.98030646829044","365.6259291704963","0"
"MS-TMO-UNet TC","canonical","1","18","170","170","170","0.9660053921261714","0.9826225719347289","0.005141666666666663","0.006312867647058822","1.8388765102951925","-505.4617618336397","557.6391228170955","0"
"MS-TMO-UNet TC","canonical","1","19","170","170","170","0.9693652030235859","0.9843655130695617","0.005127990196078432","0.006143602941176471","2.5782280835231317","354.96031422334556","415.48086224724267","0"
"MS-TMO-UNet TC","canonical","1","20","170","170","170","0.9720320943888252","0.9856141786724691","0.005939485294117647","0.005171348039215689","2.2408270819555347","478.1035414751838","601.5456887637868","0"
"MS-TMO-UNet TC","canonical","1","21","170","170","170","0.9746869061807896","0.9871332809540514","0.005857328431372551","0.004848063725490197","1.684721703115619","68.95981732536765","367.6421702665441","0"
"MS-TMO-UNet TC","canonical","1","22","170","170","170","0.977543535794202","0.9886101817544418","0.004658504901960785","0.005526960784313725","2.3807636262303293","123.78729319852941","380.4919002757353","0"
"MS-TMO-UNet TC","canonical","1","23","170","170","170","0.974569694855093","0.9865774800682668","0.006034583333333334","0.00547485294117647","3.1840636268730047","-156.6576229319853","542.99873046875","0"
"MS-TMO-UNet TC","canonical","1","24","170","170","170","0.9731816523125193","0.9856417255125249","0.006818406862745101","0.005739313725490195","4.632923623867021","-25296.858139935663","25442.31710133272","0"
"MS-TMO-UNet TC","canonical","2","0","170","170","170","0.5932753209417875","0.7414356742088858","0.007091102941176474","1.4044117647058822e-05","1.7468387467844764","3.47853946685791","16.973383544473087","0"
"MS-TMO-UNet TC","canonical","2","1","170","170","170","0.7366023324796935","0.8436933350088345","0.003821446078431374","0.0001255392156862745","1.3497008939796942","-22.05264098223518","32.701276307947495","0"
"MS-TMO-UNet TC","canonical","2","2","170","170","170","0.8425634662481167","0.9124240119955217","0.0016354411764705893","0.0006378676470588234","1.2893878310721565","-25.310069880766026","47.663997941858625","0"
"MS-TMO-UNet TC","canonical","2","3","170","170","170","0.8521837159689285","0.918452682315699","0.0016634068627450975","0.0007325735294117641","1.3302442977909485","3.8888039981617646","66.56519954905791","0"
"MS-TMO-UNet TC","canonical","2","4","170","170","170","0.8967134817968937","0.9450398376102559","0.0003798039215686274","0.0035392647058823546","1.5243272640836363","8.64447250366211","72.38744277954102","0"
"MS-TMO-UNet TC","canonical","2","5","170","170","170","0.9272902737791571","0.9621175744028835","0.001004705882352941","0.0013573529411764695","1.41911260547805","-9.689667825137867","76.4725690056296","0"
"MS-TMO-UNet TC","canonical","2","6","170","170","170","0.9389661027338407","0.9683094623597872","0.0008638725490196079","0.0015559313725490187","1.4584664033942238","-117.18686397776884","125.49774726418887","0"
"MS-TMO-UNet TC","canonical","2","7","170","170","170","0.9257703821775911","0.9613411398010697","0.0003696568627450979","0.003687647058823529","1.4276773794110935","-35.88208672018612","100.03021689022289","0"
"MS-TMO-UNet TC","canonical","2","8","170","170","170","0.9454351399826787","0.9718655975758043","0.0009115686274509804","0.0024140931372549006","1.3852013253353093","0.11309365665211397","111.37336659150965","0"
"MS-TMO-UNet TC","canonical","2","9","170","170","170","0.94763047189029","0.9730037169438881","0.0012253676470588234","0.002360441176470589","1.4538205481126423","-91.20786258473116","125.43450407140395","0"
"MS-TMO-UNet TC","canonical","2","10","170","170","170","0.9433641982051035","0.9707588578340578","0.0009996568627450976","0.004276936274509803","2.1030385487064813","-115.0910737879136","172.39704087201287","0"
"MS-TMO-UNet TC","canonical","2","11","170","170","170","0.9535574696803139","0.9761402877151545","0.0018657352941176479","0.0041816176470588235","1.6167150313557868","-0.13088522518382353","121.33400591681985","0"
"MS-TMO-UNet TC","canonical","2","12","170","170","170","0.9562032243427198","0.9775196770876963","0.0028684558823529414","0.004020318627450979","2.568096878438877","-95.07677720013787","238.56259406594668","0"
"MS-TMO-UNet TC","canonical","2","13","170","170","170","0.95154917706135","0.9750911773751592","0.005869534313725487","0.0034918627450980393","2.0729922242080248","323.7759377872243","344.3628575942096","0"
"MS-TMO-UNet TC","canonical","2","14","170","170","170","0.9527903069737095","0.9757221193227914","0.0034689950980392155","0.007239950980392158","1.9278231819435467","370.63900361902574","422.8677720013787","0"
"MS-TMO-UNet TC","canonical","2","15","170","170","170","0.959273264923974","0.979147313315786","0.004361544117647058","0.006533333333333329","2.661603840524714","246.09215590533088","303.8750603170956","0"
"MS-TMO-UNet TC","canonical","2","16","170","170","170","0.9624057484301008","0.9807895094429819","0.005578823529411764","0.005210784313725495","1.814507775314129","228.66502900965074","355.71651395909925","0"
"MS-TMO-UNet TC","canonical","2","17","170","170","170","0.9544256302721799","0.9765805557681788","0.008358651960784313","0.004905735294117648","4.08631906134028","618.9615780101103","622.0744514016544","0"
"MS-TMO-UNet TC","canonical","2","18","170","170","170","0.9602393641174142","0.9795888296368042","0.008281323529411765","0.004732475490196078","1.8750854425986052","-107.76821863511029","327.42850700827205","0"
"MS-TMO-UNet TC","canonical","2","19","170","170","170","0.9670902672174416","0.9831831367466932","0.008046323529411767","0.0040558823529411765","2.347339618714388","94.7925666360294","356.8808536305147","0"
"MS-TMO-UNet TC","canonical","2","20","170","170","170","0.9701641223203581","0.9846505268932497","0.00753122549019608","0.00427686274509804","1.9383229895443725","-481.4898983226103","596.4420352711397","0"
"MS-TMO-UNet TC","canonical","2","21","170","170","170","0.9731556367589708","0.9863422833878265","0.007182696078431373","0.004117549019607843","2.195934466088873","-170.30804227941175","397.1381893382353","0"
"MS-TMO-UNet TC","canonical","2","22","170","170","170","0.9754881566940681","0.9875448978860583","0.006991985294117644","0.0039687254901960775","2.395659638582907","127.41121323529411","521.5331112132353","0"
"MS-TMO-UNet TC","canonical","2","23","170","170","170","0.9704785768059243","0.984449193014529","0.009822867647058824","0.003408872549019611","3.0013352567540994","459.07653952205885","682.926034007353","0"
"MS-TMO-UNet TC","canonical","2","24","170","170","170","0.9720306449412678","0.9850419730258155","0.007377990196078432","0.0055408088235294126","7.652143136740309","-24143.90296415441","25077.721932444852","0"
"MS-TMO-UNet TC","canonical","3","0","170","170","170","0.601482993810351","0.747907319488973","0.00680512254901961","2.0882352941176472e-05","1.7159344249369557","-5.614418747845818","12.764888539033777","0"
"MS-TMO-UNet TC","canonical","3","1","170","170","170","0.8312328935220757","0.9050237280068907","0.0017679656862745093","0.0003645098039215686","1.2572089341903399","-42.574444782032685","42.71926280750948","0"
"MS-TMO-UNet TC","canonical","3","2","170","170","170","0.8362245284672402","0.9085406092721054","0.0020361029411764707","0.00033063725490196087","1.1726119300462383","-41.292313340130974","45.48625165153952","0"
"MS-TMO-UNet TC","canonical","3","3","170","170","170","0.8136977957291027","0.8942891978959212","0.002707524509803923","0.00033590686274509793","1.1971804742547583","-88.27806221457088","88.30427519854378","0"
"MS-TMO-UNet TC","canonical","3","4","170","170","170","0.9047045364077084","0.9496459844660876","0.0003810049019607842","0.0030683578431372547","1.287856108157796","89.25858948651482","118.13655211504768","0"
"MS-TMO-UNet TC","canonical","3","5","170","170","170","0.9221988864928022","0.9593431015582746","0.0009380637254901956","0.0016450735294117633","1.3929191155872427","35.36728470746208","91.07171101289637","0"
"MS-TMO-UNet TC","canonical","3","6","170","170","170","0.9308273884543695","0.9639947484721539","0.0008094852941176471","0.0021029166666666666","1.541033016859331","48.701896577722884","108.18190253762639","0"
"MS-TMO-UNet TC","canonical","3","7","170","170","170","0.9197830307501276","0.9580597582683887","0.00026377450980392156","0.00416982843137255","1.9385063596562238","154.12545255773207","193.51410899442786","0"
"MS-TMO-UNet TC","canonical","3","8","170","170","170","0.9452844527893313","0.971723602994081","0.0008267401960784319","0.0021407598039215677","1.31242388754129","-8.993647676355698","108.00036297966452","0"
"MS-TMO-UNet TC","canonical","3","9","170","170","170","0.9422182765476929","0.9701022324103491","0.0007258823529411761","0.0031029411764705896","1.52079273358109","-163.15760462143842","173.7440347110524","0"
"MS-TMO-UNet TC","canonical","3","10","170","170","170","0.9429864218617287","0.9705558130514578","0.0007405882352941173","0.004847696078431372","2.008345078205404","-30.267840217141543","155.31000186695772","0"
"MS-TMO-UNet TC","canonical","3","11","170","170","170","0.9555578637711559","0.9771832190097118","0.002709681372549018","0.0028987009803921582","2.3107745594984914","188.66071202895222","240.22241067325368","0"
"MS-TMO-UNet TC","canonical","3","12","170","170","170","0.9527175681738752","0.9756777434869935","0.002438088235294117","0.004699730392156861","1.9536057226453563","-64.80477079503676","224.83052045036766","0"
"MS-TMO-UNet TC","canonical","3","13","170","170","170","0.9548425831613286","0.9768131047403361","0.005481053921568625","0.0028967647058823526","2.481176560785938","-302.15081212660846","305.9515388039982","0"
"MS-TMO-UNet TC","canonical","3","14","170","170","170","0.9561235982586946","0.9774795305504107","0.0026811764705882354","0.0078025245098039195","1.8322185371832975","223.2558723000919","466.7531321806066","0"
"MS-TMO-UNet TC","canonical","3","15","170","170","170","0.957636992027809","0.9782736177835052","0.0034289705882352955","0.007546789215686277","1.7689345873260114","-83.5210994944853","176.8040642233456","0"
"MS-TMO-UNet TC","canonical","3","16","170","170","170","0.9627353798326979","0.9809440764355115","0.004830612745098037","0.005688602941176466","1.5890704949774581","-103.73865033318015","216.84937241498162","0"
"MS-TMO-UNet TC","canonical","3","17","170","170","170","0.9617947894503264","0.9804492053498276","0.006492058823529409","0.005181029411764707","1.8729071422493666","-31.14983628216912","249.67323931525735","0"
"MS-TMO-UNet TC","canonical","3","18","170","170","170","0.9669159652300983","0.983091113716006","0.004853333333333333","0.006368112745098042","1.8600084789149485","-149.3423828125","282.9660041360294","0"
"MS-TMO-UNet TC","canonical","3","19","170","170","170","0.9658130351667221","0.982500848012011","0.007941029411764706","0.004406323529411763","1.625619223350019","-118.24040670955883","294.1791073069853","0"
"MS-TMO-UNet TC","canonical","3","20","170","170","170","0.9711943817762874","0.9851786373850705","0.006400857843137255","0.0050272303921568605","2.516863808532467","-16.621817555147057","258.28650045955885","0"
"MS-TMO-UNet TC","canonical","3","21","170","170","170","0.9732599233626134","0.9863922521623355","0.007165024509803919","0.004143823529411763","2.28942146458614","-272.45215130974265","504.66962603400736","0"
"MS-TMO-UNet TC","canonical","3","22","170","170","170","0.9763758615238901","0.9880095012245278","0.006136544117647058","0.0045372549019607866","2.218715930132187","68.52120289522058","365.04036649816175","0"
"MS-TMO-UNet TC","canonical","3","23","170","170","170","0.9733543246517325","0.9859597161799385","0.008021495098039212","0.0040886519607843145","3.4550562453504963","-196.83346737132354","496.6464039522059","0"
"MS-TMO-UNet TC","canonical","3","24","170","170","170","0.9722842685390836","0.985170859661812","0.007748161764705876","0.005258137254901959","3.0159683394629813","-24994.140510110294","25176.117899816178","0"
"MS-TMO-UNet TC","canonical","4","0","170","170","170","0.6248606990342359","0.7663674713490519","0.006272769607843138","7.941176470588236e-06","1.9137530917143368","-26.804014879114487","26.804014879114487","0"
"MS-TMO-UNet TC","canonical","4","1","170","170","170","0.7749028863563897","0.8698082176482979","0.0031098284313725495","8.600490196078433e-05","1.3662819267569506","-30.75214796627269","35.77051048278808","0"
"MS-TMO-UNet TC","canonical","4","2","170","170","170","0.8519727314177798","0.9180996995947345","0.0016423529411764696","0.00042794117647058813","1.2373429731410392","-70.05547817454618","70.27535588881548","0"
"MS-TMO-UNet TC","canonical","4","3","170","170","170","0.8737410119496972","0.9314583340989265","0.001247941176470588","0.0008284803921568625","1.2860277957498132","-12.20947925343233","69.16686720006606","0"
"MS-TMO-UNet TC","canonical","4","4","170","170","170","0.9025742000177956","0.9484626955146159","0.0002841911764705882","0.003129289215686275","1.3956195286966084","62.62793341243968","101.47851172054516","0"
"MS-TMO-UNet TC","canonical","4","5","170","170","170","0.9337237014288706","0.9655778429197035","0.0006647794117647059","0.001544901960784314","1.4758952358207336","-0.0033191456514246325","87.72214454202091","0"
"MS-TMO-UNet TC","canonical","4","6","170","170","170","0.9346571246052662","0.9659910295246253","0.0006646568627450978","0.0020618627450980395","1.8579317919402527","41.66282447366154","127.87873580035041","0"
"MS-TMO-UNet TC","canonical","4","7","170","170","170","0.9217783208597509","0.9591139980422716","0.00039713235294117647","0.0036946813725490173","1.612701197987791","-171.92668654497933","176.80769886690027","0"
"MS-TMO-UNet TC","canonical","4","8","170","170","170","0.9345648671347622","0.9659983218095538","0.0009000980392156863","0.0025365441176470574","1.6175561451013671","-29.96419677734375","102.5394775390625","0"
"MS-TMO-UNet TC","canonical","4","9","170","170","170","0.9358380093383161","0.9666631045677305","0.0013453186274509797","0.0027121078431372554","1.8435144733086273","-79.40767193962546","135.0314088709214","0"
"MS-TMO-UNet TC","canonical","4","10","170","170","170","0.9431081336550967","0.9706054891049121","0.0011998284313725488","0.004205122549019606","1.858565232351042","-267.6419246897978","273.3112620634191","0"
"MS-TMO-UNet TC","canonical","4","11","170","170","170","0.9494878696100412","0.9739784210858893","0.0023083088235294116","0.003796617647058821","2.13768833955157","-208.52949721392463","226.99047492532168","0"
"MS-TMO-UNet TC","canonical","4","12","170","170","170","0.9526527282041756","0.9756507132171625","0.002460980392156864","0.004888088235294121","1.4695925046085716","-113.19218606387868","172.29071403952207","0"
"MS-TMO-UNet TC","canonical","4","13","170","170","170","0.9476746450983651","0.973049374765299","0.0066663970588235295","0.0027218872549019594","1.5588316491364744","-31.618344295726104","154.34603845932904","0"
"MS-TMO-UNet TC","canonical","4","14","170","170","170","0.9550307291934478","0.9768967791511567","0.004973161764705883","0.005677303921568626","1.796486239129353","-181.59266142003676","217.95010627297793","0"
"MS-TMO-UNet TC","canonical","4","15","170","170","170","0.9569431554046265","0.977919431545213","0.00501764705882353","0.006437769607843136","1.983171439711174","22.08759334788603","202.18271053538604","0"
"MS-TMO-UNet TC","canonical","4","16","170","170","170","0.9587089911480995","0.9788508494419363","0.0070137254901960835","0.004868308823529409","2.0136755840262945","-264.241947667739","295.9012508616728","0"
"MS-TMO-UNet TC","canonical","4","17","170","170","170","0.9594330740244417","0.9792157684413982","0.00811595588235294","0.0047439460784313705","1.8211407522713225","-246.6077090992647","328.7746323529412","0"
"MS-TMO-UNet TC","canonical","4","18","170","170","170","0.9629988629437329","0.9810385494791971","0.007258431372549024","0.0049583333333333346","1.6320428232693627","-59.74668543198529","250.11402228860294","0"
"MS-TMO-UNet TC","canonical","4","19","170","170","170","0.9636302660964637","0.9813499519001464","0.009303749999999998","0.0038698529411764684","1.863733451340111","223.41691750919117","545.8510857077206","0"
"MS-TMO-UNet TC","canonical","4","20","170","170","170","0.9669641591644064","0.9829768357453504","0.008689975490196072","0.004245955882352941","1.728132915978231","-320.2367733226103","481.5474810431985","0"
"MS-TMO-UNet TC","canonical","4","21","170","170","170","0.9682091683772429","0.9837582619020613","0.009826936274509803","0.0034027205882352935","2.110721519654787","-163.76841107536765","515.4897920496323","0"
"MS-TMO-UNet TC","canonical","4","22","170","170","170","0.9744881108725075","0.9870255058989008","0.008030073529411767","0.003456544117647061","2.548839529297302","-198.37607421875","444.6131950827206","0"
"MS-TMO-UNet TC","canonical","4","23","170","170","170","0.9718633453385245","0.9851830574528792","0.008137696078431376","0.004535392156862744","3.0797160212483465","-415.9335075827206","631.6656422334559","0"
"MS-TMO-UNet TC","canonical","4","24","170","170","170","0.971541821805949","0.9847771427472929","0.007927598039215682","0.005231397058823529","4.7493782889388205","-23887.7673828125","25432.317497702206","0"
"MS-TMO-UNet TC","recovered","5","0","170","170","170","0.7111058709980129","0.8260516786864892","0.0037753186274509794","4.227941176470589e-05","1.5145484785090957","-2.3636123545029584","16.275707502926096","0"
"MS-TMO-UNet TC","recovered","5","1","170","170","170","0.7748257452995785","0.8678378144826824","0.0028176470588235306","0.00017629901960784317","1.3079981290274356","-48.106502824671125","48.106502824671125","0"
"MS-TMO-UNet TC","recovered","5","2","170","170","170","0.8017057704317136","0.8855890804972236","0.0023573529411764706","0.0005038480392156859","1.1966458896418466","-44.81182080437155","55.91794128417969","0"
"MS-TMO-UNet TC","recovered","5","3","170","170","170","0.8518935142852407","0.9179904403884229","0.0018277696078431373","0.0004817156862745098","1.1605536024854728","-49.64454341215246","67.02537568036247","0"
"MS-TMO-UNet TC","recovered","5","4","170","170","170","0.9037427675737726","0.9490688013831537","0.0006104901960784316","0.002928995098039216","1.128285045059823","-3.753330679500804","57.72054582483628","0"
"MS-TMO-UNet TC","recovered","5","5","170","170","170","0.932656682723787","0.9649850002117623","0.0010472794117647056","0.0010394117647058816","1.1800433096145047","-56.21661233340993","89.52634026022518","0"
"MS-TMO-UNet TC","recovered","5","6","170","170","170","0.9352061039356934","0.9662721507132106","0.0006704166666666669","0.002005490196078431","1.3494765340872774","-96.46278480080997","119.80941673727597","0"
"MS-TMO-UNet TC","recovered","5","7","170","170","170","0.9200973102765697","0.9582277808373353","0.00035671568627450973","0.003865098039215689","1.4814375944085534","-36.37309534409467","111.09513190774356","0"
"MS-TMO-UNet TC","recovered","5","8","170","170","170","0.942514006472821","0.9703025083500257","0.000875710784313726","0.0025196813725490205","1.6382985699609212","-48.75402257582721","104.10575453814339","0"
"MS-TMO-UNet TC","recovered","5","9","170","170","170","0.934083566784788","0.9657816665899471","0.0007378186274509804","0.0036368137254901975","1.7243973617646529","-46.00543769387638","122.96375355440027","0"
"MS-TMO-UNet TC","recovered","5","10","170","170","170","0.940631859481092","0.9693016292696118","0.0013259558823529407","0.0042415931372549","1.647582851885426","-288.4687288172105","289.0969557818245","0"
"MS-TMO-UNet TC","recovered","5","11","170","170","170","0.951397515451984","0.9750051308368552","0.0017720833333333338","0.004370490196078432","1.433330614517753","-120.40263743681066","136.69752628102023","0"
"MS-TMO-UNet TC","recovered","5","12","170","170","170","0.9520866859790332","0.9753579203739321","0.002390245098039216","0.004940882352941173","1.465553065540879","-266.8637917911305","269.9388707778033","0"
"MS-TMO-UNet TC","recovered","5","13","170","170","170","0.9419434251770427","0.9699924609577251","0.00737294117647059","0.0025997058823529423","1.5900560781768078","-169.85112161075367","211.53739803538602","0"
"MS-TMO-UNet TC","recovered","5","14","170","170","170","0.95329111931222","0.975985748268427","0.004972867647058825","0.006129117647058822","1.747377392607347","-350.30755112591913","376.8421788832721","0"
"MS-TMO-UNet TC","recovered","5","15","170","170","170","0.9534675008017878","0.9760762783754744","0.004209313725490197","0.0076155392156862685","2.0470235461902226","-39.40755543428309","185.66586483226104","0"
"MS-TMO-UNet TC","recovered","5","16","170","170","170","0.9584322594094504","0.9787065127639785","0.006405416666666665","0.005587720588235293","1.9651858696471405","-44.35104693244485","219.04089068244485","0"
"MS-TMO-UNet TC","recovered","5","17","170","170","170","0.9533201793812386","0.9760114167960637","0.009839289215686275","0.004422352941176469","2.307851706337777","-160.8925594554228","428.3932258157169","0"
"MS-TMO-UNet TC","recovered","5","18","170","170","170","0.9615370036433553","0.9802816996976911","0.007213946078431365","0.005564142156862746","1.7710262224401072","-134.90961626838236","222.05326286764705","0"
"MS-TMO-UNet TC","recovered","5","19","170","170","170","0.9641424154513156","0.9816354667202231","0.008514215686274512","0.004504240196078431","2.057512948023633","71.56549862132353","310.48726447610295","0"
"MS-TMO-UNet TC","recovered","5","20","170","170","170","0.9673148966534875","0.9831666456604461","0.008322500000000002","0.004637181372549018","1.7419570008523622","-413.6813390395221","511.66566808363973","0"
"MS-TMO-UNet TC","recovered","5","21","170","170","170","0.9704949138576813","0.9849622178792635","0.008587867647058822","0.003917769607843137","2.664933650331874","-522.2531307444852","652.2436868106618","0"
"MS-TMO-UNet TC","recovered","5","22","170","170","170","0.9752535156276851","0.9874240659210276","0.0073826960784313745","0.003862696078431372","2.160404243622179","-371.3784754136029","449.28644875919116","0"
"MS-TMO-UNet TC","recovered","5","23","170","170","170","0.9719544616698058","0.9852370348632146","0.009216568627450976","0.0036648529411764702","2.549076901114985","-227.96719898897058","518.6649126838236","0"
"MS-TMO-UNet TC","recovered","5","24","170","170","170","0.9715450709355682","0.9847965058235029","0.008294191176470588","0.005072475490196077","3.2002288705671953","-24005.928963694852","25406.268232996325","0"
"MS-TMO-UNet TC","recovered","6","0","170","170","170","0.723709290642419","0.8323621032543955","0.0033067401960784303","5.607843137254901e-05","1.6762278868923906","-0.26819565716911764","20.844109254724838","0"
"MS-TMO-UNet TC","recovered","6","1","170","170","170","0.7504660905941194","0.8494410431522466","0.0030747058823529403","0.0002645833333333334","1.3216309851008305","-38.52872054156135","41.4913719626034","0"
"MS-TMO-UNet TC","recovered","6","2","170","170","170","0.7803270724505793","0.8714829122589665","0.002592892156862746","0.0006610539215686273","1.0683541888001127","-68.26838031095618","68.52312516605153","0"
"MS-TMO-UNet TC","recovered","6","3","170","170","170","0.821593636738651","0.8988048860073414","0.0023268382352941183","0.00044357843137254866","0.9983904162196529","-51.63027379653033","60.29612696030561","0"
"MS-TMO-UNet TC","recovered","6","4","170","170","170","0.9149114243383076","0.9553576456401487","0.0002754901960784313","0.0026533823529411764","1.1165438540558548","-13.74436268525965","52.299680283490346","0"
"MS-TMO-UNet TC","recovered","6","5","170","170","170","0.9359948764529853","0.966826703963799","0.00048463235294117626","0.001740196078431373","1.2756436525168804","-2.8904947617474726","73.19451913272633","0"
"MS-TMO-UNet TC","recovered","6","6","170","170","170","0.9346220204191101","0.96596893368919","0.0004045098039215686","0.0024656617647058816","1.8736298077548337","-59.3433666453642","93.63242591409123","0"
"MS-TMO-UNet TC","recovered","6","7","170","170","170","0.9173284873408716","0.956739350401253","0.00023526960784313726","0.004233063725490195","1.73434089338931","43.34059861127068","116.30363536161535","0"
"MS-TMO-UNet TC","recovered","6","8","170","170","170","0.9497915758746525","0.9741437887747265","0.0008889950980392157","0.0019958578431372525","1.6367828421294977","-2.5445124009076285","87.9110636991613","0"
"MS-TMO-UNet TC","recovered","6","9","170","170","170","0.9478241315285405","0.9730733720698523","0.0011546813725490197","0.0021998284313725484","1.7609838591555722","-120.50179120232077","133.67731179630056","0"
"MS-TMO-UNet TC","recovered","6","10","170","170","170","0.9410228970141509","0.9695047861423607","0.0008167401960784315","0.004709583333333336","2.70466152613701","-161.55093599207262","222.29472333122703","0"
"MS-TMO-UNet TC","recovered","6","11","170","170","170","0.9582322554128666","0.9785837624196259","0.0029657843137254883","0.0024331617647058825","1.9596211428823358","-180.14990521599265","256.9689352596507","0"
"MS-TMO-UNet TC","recovered","6","12","170","170","170","0.9561436188777246","0.9774890748046734","0.002465490196078431","0.004444313725490196","1.46453725005954","-107.32789809283088","184.9963694852941","0"
"MS-TMO-UNet TC","recovered","6","13","170","170","170","0.9548488416132709","0.9768165168971","0.005947205882352944","0.002779289215686275","1.310006335642866","277.17827435661764","315.6455882352941","0"
"MS-TMO-UNet TC","recovered","6","14","170","170","170","0.9577694507334071","0.9783415349863485","0.004249607843137255","0.00558392156862745","1.6746856577170115","-65.57563332950367","185.42181037454043","0"
"MS-TMO-UNet TC","recovered","6","15","170","170","170","0.9603319201793028","0.9796968688953016","0.0044553676470588215","0.005904705882352941","1.7561079493062588","285.91435116038605","359.85384736902574","0"
"MS-TMO-UNet TC","recovered","6","16","170","170","170","0.9577012741388451","0.9783278344928689","0.006935367647058825","0.004372475490196078","1.7236744142846017","-377.70321403952204","414.75715188419116","0"
"MS-TMO-UNet TC","recovered","6","17","170","170","170","0.9590523855196053","0.9790232044814214","0.007631053921568628","0.004731789215686275","2.183533648492645","111.85686753216912","214.55211684283088","0"
"MS-TMO-UNet TC","recovered","6","18","170","170","170","0.9637709000891835","0.9814458579041595","0.006068333333333334","0.0059462990196078435","1.7784518794208237","-124.03009248621323","251.6776912913603","0"
"MS-TMO-UNet TC","recovered","6","19","170","170","170","0.9621072216855777","0.9805165741012141","0.008314166666666668","0.005018431372549016","1.989966747359425","-310.79395392922794","370.7193962545956","0"
"MS-TMO-UNet TC","recovered","6","20","170","170","170","0.9684899762838425","0.983765875718623","0.007552058823529413","0.004798749999999999","2.630978674045101","167.2984432444853","445.08002642463236","0"
"MS-TMO-UNet TC","recovered","6","21","170","170","170","0.9712232162945988","0.9853374008879939","0.00778490196078432","0.004219068627450977","2.3008609740772967","-195.73205710018382","320.841650390625","0"
"MS-TMO-UNet TC","recovered","6","22","170","170","170","0.975799605233498","0.9877022098570634","0.007156887254901957","0.0037311029411764693","3.958699595033073","85.14207261029412","438.9017118566176","0"
"MS-TMO-UNet TC","recovered","6","23","170","170","170","0.9729143041899241","0.9857156999863957","0.008237769607843129","0.0037672303921568655","2.628226518716505","-147.9203182444853","551.3033835018382","0"
"MS-TMO-UNet TC","recovered","6","24","170","170","170","0.971981137319994","0.9850038161420632","0.006786568627450985","0.006047500000000002","3.1313906097405164","-24522.92201861213","25044.490458409928","0"
"MS-TMO-UNet TC","recovered","7","0","170","170","170","0.5789568161205458","0.7270804596648112","0.00715549019607843","1.8995098039215682e-05","1.7260851726692616","-19.9169137505924","20.46486925237319","0"
"MS-TMO-UNet TC","recovered","7","1","170","170","170","0.7553721747443588","0.8533879763871017","0.0030426960784313713","0.0002468627450980392","1.2685633616139511","-36.669022324505974","38.43143552892349","0"
"MS-TMO-UNet TC","recovered","7","2","170","170","170","0.820701178418708","0.8983672870320087","0.0018896568627450982","0.0007328921568627449","1.1409038785528118","-43.62156069138471","48.32117769577924","0"
"MS-TMO-UNet TC","recovered","7","3","170","170","170","0.825242252611894","0.9013235102491343","0.002107279411764706","0.0007042156862745093","1.2190362837178796","-39.482814654181986","52.91694084616268","0"
"MS-TMO-UNet TC","recovered","7","4","170","170","170","0.9065732162445078","0.9507252712965207","0.00042100490196078454","0.0029881127450980404","1.4902767422386498","13.5700855030733","74.38666175393497","0"
"MS-TMO-UNet TC","recovered","7","5","170","170","170","0.9334996530661492","0.9654383908797869","0.0009906862745098044","0.001085024509803921","1.5487074596724206","-46.39573660457835","74.24147958194509","0"
"MS-TMO-UNet TC","recovered","7","6","170","170","170","0.9383814029141717","0.9679683886187348","0.0006545588235294117","0.0018258578431372562","1.9499476054934084","-45.671774291992186","117.25577338723575","0"
"MS-TMO-UNet TC","recovered","7","7","170","170","170","0.9165886531934733","0.9563186526624662","0.00026492647058823534","0.004275563725490197","2.1716455481221173","122.37783436494715","174.6156779569738","0"
"MS-TMO-UNet TC","recovered","7","8","170","170","170","0.944089975985501","0.9711122061854043","0.0006956127450980389","0.002461936274509804","1.5966755652715863","-104.08346342198989","129.58903629078586","0"
"MS-TMO-UNet TC","recovered","7","9","170","170","170","0.9481306927536806","0.9732362461903312","0.0011947549019607842","0.0023100000000000013","1.4759339301172743","-98.51253015854779","141.13374238855698","0"
"MS-TMO-UNet TC","recovered","7","10","170","170","170","0.9482019148484937","0.9733054236433221","0.0010628431372549012","0.003952450980392158","1.8118392660076057","-222.41201782226562","225.2786179486443","0"
"MS-TMO-UNet TC","recovered","7","11","170","170","170","0.9549038467163867","0.9768418508690886","0.001955441176470589","0.003835465686274509","2.082108497512588","3.5130170036764707","131.44039091222427","0"
"MS-TMO-UNet TC","recovered","7","12","170","170","170","0.9477743596499392","0.9730960039567981","0.0013054411764705882","0.006716887254901961","1.6734807025847962","70.10413172104779","196.84354463465073","0"
"MS-TMO-UNet TC","recovered","7","13","170","170","170","0.9582284030213759","0.9785789855194421","0.004384975490196076","0.003377622549019609","1.396001591745793","-100.0294189453125","197.7172291475184","0"
"MS-TMO-UNet TC","recovered","7","14","170","170","170","0.955006908190061","0.976877886797554","0.003303235294117647","0.007239656862745098","1.4782447414144266","-33.759660788143385","166.77306267233456","0"
"MS-TMO-UNet TC","recovered","7","15","170","170","170","0.9569870132754649","0.9779345429030187","0.0036933823529411774","0.007621151960784312","1.6520780480495383","-71.24914263556985","213.1985768037684","0"
"MS-TMO-UNet TC","recovered","7","16","170","170","170","0.9610373788539173","0.9800732137555616","0.005507647058823529","0.005978504901960783","1.962223931711193","119.18678050321691","248.03031508501837","0"
"MS-TMO-UNet TC","recovered","7","17","170","170","170","0.9560054570651794","0.9774225959605337","0.0071541911764705915","0.006152745098039216","2.02151186736691","-222.89920295266543","585.0579173368566","0"
"MS-TMO-UNet TC","recovered","7","18","170","170","170","0.9633426862924495","0.9812289139140546","0.006509607843137257","0.005731887254901962","3.8257872243196087","-409.81784811580883","465.2520967371324","0"
"MS-TMO-UNet TC","recovered","7","19","170","170","170","0.9600744613003771","0.9794385696461391","0.01042740196078431","0.004009926470588234","2.227069112372404","-130.73895909926472","264.5801355698529","0"
"MS-TMO-UNet TC","recovered","7","20","170","170","170","0.9663189054567137","0.9826312831458164","0.009002377450980386","0.004167524509803923","2.1684718524193407","-40.85613223805147","343.4962632123162","0"
"MS-TMO-UNet TC","recovered","7","21","170","170","170","0.972034545264778","0.9857553058694106","0.007911715686274513","0.0038862745098039208","2.455264460394695","-244.2934196920956","398.33935259650735","0"
"MS-TMO-UNet TC","recovered","7","22","170","170","170","0.9740658708097811","0.9868199068676019","0.005498357843137253","0.006164264705882352","2.742182222009513","-169.3723517922794","439.9860236672794","0"
"MS-TMO-UNet TC","recovered","7","23","170","170","170","0.9724482571223869","0.9854807840041708","0.007829436274509799","0.0045791666666666645","3.7052041436940173","153.47867072610293","699.6483743106618","0"
"MS-TMO-UNet TC","recovered","7","24","170","170","170","0.9709191504075729","0.9844509270382115","0.008787034313725494","0.004931397058823527","4.491207395285943","-24549.276729090074","25150.80382008272","0"
"MS-TMO-UNet TC","recovered","8","0","170","170","170","0.776923976791716","0.8723233414998851","0.002782107843137254","6.985294117647058e-05","1.659459471984548","-7.69411662606632","16.370208796332864","0"
"MS-TMO-UNet TC","recovered","8","1","170","170","170","0.8385344118076006","0.9094628625543335","0.0015680637254901965","0.0004513725490196075","1.339049067575892","-33.97756156921387","36.50699909434599","0"
"MS-TMO-UNet TC","recovered","8","2","170","170","170","0.861427319976503","0.9241460677305307","0.0012317156862745094","0.0008275980392156863","1.1988085172921314","-30.328947426291073","45.45923872555004","0"
"MS-TMO-UNet TC","recovered","8","3","170","170","170","0.8611908443969563","0.9239318285368671","0.0015837500000000005","0.0006089460784313721","1.220138004795839","-32.63258554795209","50.99042479571174","0"
"MS-TMO-UNet TC","recovered","8","4","170","170","170","0.9038874065035116","0.9493069731917714","0.0002069117647058824","0.0029978186274509807","1.3621473650967515","0.9460739584530101","52.07945094389074","0"
"MS-TMO-UNet TC","recovered","8","5","170","170","170","0.9391337809775416","0.9685083880444978","0.0008922794117647063","0.0010419117647058821","1.5825989215909266","44.592022076775045","89.58945231718175","0"
"MS-TMO-UNet TC","recovered","8","6","170","170","170","0.9425142153996887","0.9701911307160503","0.0010419607843137255","0.001193946078431373","1.7933704136640833","-19.752290074965533","90.52577640309053","0"
"MS-TMO-UNet TC","recovered","8","7","170","170","170","0.9229348335441557","0.9596493578607744","0.0004046813725490196","0.003172279411764706","1.8962890344302794","-85.3298438577091","123.8532382740694","0"
"MS-TMO-UNet TC","recovered","8","8","170","170","170","0.9479618922311362","0.973184964866524","0.0008035294117647059","0.0020945833333333333","1.6913794461970906","-35.695788753733915","132.05909800809974","0"
"MS-TMO-UNet TC","recovered","8","9","170","170","170","0.9472317192018905","0.9728016044709407","0.0008536274509803922","0.0029475245098039195","1.6073715958419394","-107.99306012321921","141.15588612275965","0"
"MS-TMO-UNet TC","recovered","8","10","170","170","170","0.953126644194008","0.9759127925395596","0.0013333088235294114","0.003581544117647057","1.7209228539211625","-154.8041550580193","185.87658870921416","0"
"MS-TMO-UNet TC","recovered","8","11","170","170","170","0.9566208366841696","0.9777443018388238","0.001914975490196078","0.003705980392156864","1.7252712087923525","-362.2687026079963","363.04215303308825","0"
"MS-TMO-UNet TC","recovered","8","12","170","170","170","0.9541872499246041","0.9764796365426279","0.0016497303921568628","0.00552362745098039","1.948583517874163","-162.622560747932","211.68098790785845","0"
"MS-TMO-UNet TC","recovered","8","13","170","170","170","0.9578648837808837","0.9784007945466778","0.004345661764705883","0.0034367156862745102","2.505690952219585","234.9017463235294","279.91617072610296","0"
"MS-TMO-UNet TC","recovered","8","14","170","170","170","0.9575989297296251","0.9782515619534887","0.0034768382352941165","0.006466642156862742","2.8758729417657305","175.89176528033087","251.0238826976103","0"
"MS-TMO-UNet TC","recovered","8","15","170","170","170","0.9590520843387771","0.9790241177030263","0.0041486029411764705","0.006736446078431372","2.426675732450402","266.79711196001836","280.82807473575366","0"
"MS-TMO-UNet TC","recovered","8","16","170","170","170","0.9617481432641714","0.9804442434647548","0.00540892156862745","0.005667009803921566","1.4749953312665307","16.385440602022058","329.75694508272056","0"
"MS-TMO-UNet TC","recovered","8","17","170","170","170","0.956525759794861","0.9776927274242034","0.007991053921568628","0.005054362745098039","1.5447675067434055","-347.86173311121325","376.6784725413603","0"
"MS-TMO-UNet TC","recovered","8","18","170","170","170","0.9639546262573898","0.9815394286617459","0.006282083333333331","0.005571617647058823","1.975504518859985","-77.50238970588235","328.1245921415441","0"
"MS-TMO-UNet TC","recovered","8","19","170","170","170","0.9676365224435007","0.9834562031735788","0.0072877696078431356","0.004518186274509802","2.1958745474850248","433.1415326286765","512.8842888327206","0"
"MS-TMO-UNet TC","recovered","8","20","170","170","170","0.9711297885770481","0.9851344556430929","0.0060867892156862766","0.005254068627450979","1.9383551852152203","177.65546587775736","355.75537971047794","0"
"MS-TMO-UNet TC","recovered","8","21","170","170","170","0.9728576930236861","0.9861827293240678","0.007242867647058822","0.004139558823529413","1.7199076716161756","268.10939797794117","536.2293658088236","0"
"MS-TMO-UNet TC","recovered","8","22","170","170","170","0.976003700187348","0.9878165703458593","0.005369730392156864","0.005407867647058817","2.1355546231468514","-335.1068531709559","593.9895852481618","0"
"MS-TMO-UNet TC","recovered","8","23","170","170","170","0.9725948371942323","0.9855497034705064","0.009270147058823527","0.00332453431372549","2.7314712108080883","-75.28123851102941","582.2019186580883","0"
"MS-TMO-UNet TC","recovered","8","24","170","170","170","0.9726559594148846","0.9853614291168534","0.008527892156862747","0.004384656862745098","4.570473518301795","-24384.759007352943","25479.659271599267","0"
"MS-TMO-UNet TC","recovered","9","0","170","170","170","0.6616709775119148","0.7926708150181008","0.00512004901960784","1.3700980392156861e-05","1.5518002729728262","-13.045527985516717","15.322217537375057","0"
"MS-TMO-UNet TC","recovered","9","1","170","170","170","0.7651379220282606","0.8631719851232239","0.0033004166666666663","6.659313725490196e-05","1.2734629738474963","-20.012261895572436","27.353968564201804","0"
"MS-TMO-UNet TC","recovered","9","2","170","170","170","0.8512102586814184","0.9176628476383228","0.0014797549019607843","0.0006533088235294115","1.1846837540646409","-35.5125638625201","42.625700602811925","0"
"MS-TMO-UNet TC","recovered","9","3","170","170","170","0.811586811046525","0.8931568449455983","0.0027500245098039215","0.00037409313725490166","1.167665952149256","-51.523464068244486","59.11821468577666","0"
"MS-TMO-UNet TC","recovered","9","4","170","170","170","0.911329110059789","0.9533376515887598","0.0004297058823529411","0.002751960784313725","1.175045827269534","-40.523813674029185","48.52945691276999","0"
"MS-TMO-UNet TC","recovered","9","5","170","170","170","0.9253197830172138","0.9610850425397433","0.0005236519607843134","0.0022559068627450974","1.4311618094924161","83.6391185984892","124.56974514231962","0"
"MS-TMO-UNet TC","recovered","9","6","170","170","170","0.9334210184421977","0.9653701926906166","0.0005683823529411768","0.0023313725490196066","1.5289291332253543","204.45562690286076","225.17935414033778","0"
"MS-TMO-UNet TC","recovered","9","7","170","170","170","0.921672702749654","0.9591156681642261","0.0002726960784313726","0.004264950980392158","1.5770971326806018","142.03171548282398","171.43758383358227","0"
"MS-TMO-UNet TC","recovered","9","8","170","170","170","0.9473370835121532","0.9728542265022658","0.0008462499999999993","0.002168210784313725","1.5218900970623257","-178.03742747587316","178.84427490234376","0"
"MS-TMO-UNet TC","recovered","9","9","170","170","170","0.9484350479879717","0.9734055190872508","0.0011475735294117651","0.002348284313725491","2.1021134841918987","-212.99842457490809","215.35186121323528","0"
"MS-TMO-UNet TC","recovered","9","10","170","170","170","0.9413811986644296","0.9696993821007207","0.0007061519607843138","0.005067058823529412","2.190091053826253","76.84925465303309","242.18822380514706","0"
"MS-TMO-UNet TC","recovered","9","11","170","170","170","0.9561910788896868","0.9775247814390513","0.00162235294117647","0.003985931372549019","2.029338640541216","84.72391788258273","137.4126673081342","0"
"MS-TMO-UNet TC","recovered","9","12","170","170","170","0.953956421747436","0.9763452527058147","0.0015207598039215684","0.005765269607843138","1.8504716277501432","119.26376522288604","157.65972972196693","0"
"MS-TMO-UNet TC","recovered","9","13","170","170","170","0.9532958602760738","0.975996465804849","0.004252058823529413","0.0038541666666666646","1.5507459793187082","-227.91655058019302","249.61817626953126","0"
"MS-TMO-UNet TC","recovered","9","14","170","170","170","0.9565092849949816","0.9776845373531025","0.003373676470588235","0.006924411764705878","1.7044709886008393","-3.5134880514705884","149.2641659007353","0"
"MS-TMO-UNet TC","recovered","9","15","170","170","170","0.9577380861793492","0.9783363738478138","0.004148504901960786","0.006980539215686272","2.4169367856647557","235.89648724724265","307.7876981847426","0"
"MS-TMO-UNet TC","recovered","9","16","170","170","170","0.9605880956168753","0.9798482668001685","0.006830147058823527","0.004291568627450981","1.8172645493757955","234.64544462316175","360.9370691636029","0"
"MS-TMO-UNet TC","recovered","9","17","170","170","170","0.9618694494325783","0.9804937099751869","0.005847426470588236","0.005992671568627452","1.875525864747251","-194.75054141773896","456.76844123391544","0"
"MS-TMO-UNet TC","recovered","9","18","170","170","170","0.9634785350263696","0.981302638423069","0.006088431372549022","0.00588475490196078","3.4629481707004035","379.2334041819853","541.9705767463236","0"
"MS-TMO-UNet TC","recovered","9","19","170","170","170","0.9624388775272738","0.9806999622112449","0.009599779411764708","0.003687524509803923","2.1429264502114655","9.101516544117647","454.36366613051473","0"
"MS-TMO-UNet TC","recovered","9","20","170","170","170","0.9694071105446095","0.9842523813597948","0.007293259803921569","0.0047574264705882345","1.8957049552172038","-575.0423799402573","596.4820168887868","0"
"MS-TMO-UNet TC","recovered","9","21","170","170","170","0.9705997060430042","0.985013267629453","0.008573529411764706","0.0036201470588235283","2.5976738503903243","-398.77347196691176","482.98051470588234","0"
"MS-TMO-UNet TC","recovered","9","22","170","170","170","0.9767404446584044","0.9881891920935578","0.006200367647058824","0.004214460784313723","2.2911068547066877","23.116526884191178","394.4333926930147","0"
"MS-TMO-UNet TC","recovered","9","23","170","170","170","0.9733734627272416","0.9859579599764168","0.008547352941176475","0.003495931372549019","2.6767437578325772","333.24925321691177","811.2118221507353","0"
"MS-TMO-UNet TC","recovered","9","24","170","170","170","0.9716010834333653","0.9848383984554937","0.007181985294117652","0.005805343137254899","3.6672408055285652","-24572.438057215073","25183.288011259192","0"
"Pix2Pix TC","canonical","0","0","170","170","170","0.8848545333701399","0.9375962906300199","0.0006589215686274515","0.0005799019607843139","1.9995980479553797","1.1835560181561637","32.88116090437945","0"
"Pix2Pix TC","canonical","0","1","170","170","170","0.8903208651512665","0.9408818061808795","0.0006149509803921571","0.0007877696078431375","1.753538960692927","66.13725983114803","100.84591466118307","0"
"Pix2Pix TC","canonical","0","2","170","170","170","0.8926044468477909","0.9422658995711451","0.000635269607843137","0.0009374754901960784","1.5793661036138718","156.1500867955825","188.20348555620978","0"
"Pix2Pix TC","canonical","0","3","170","170","170","0.8962700900073576","0.9445305632225189","0.0008207598039215686","0.000928725490196078","1.5986445348767742","104.1803679522346","150.42943052404067","0"
"Pix2Pix TC","canonical","0","4","170","170","170","0.9165771446247685","0.9560538179068927","0.0013800245098039212","0.0009536029411764708","1.7321160936215734","-42.69778303258559","74.7119358287138","0"
"Pix2Pix TC","canonical","0","5","170","170","170","0.9191763409442748","0.9574712968622553","0.0013883823529411768","0.0010967156862745102","1.4218266252441307","7.966953053193934","111.32301204905791","0"
"Pix2Pix TC","canonical","0","6","170","170","170","0.9207107150460231","0.9582017766293983","0.001377745098039215","0.0015883823529411767","1.2909382201256396","42.22338436351103","117.94855705710019","0"
"Pix2Pix TC","canonical","0","7","170","170","170","0.9253919636190628","0.9608752587116893","0.002270294117647059","0.0014502205882352948","1.2662603553407583","1.645558256261489","104.5691504983341","0"
"Pix2Pix TC","canonical","0","8","170","170","170","0.9275062667693363","0.9619950395353888","0.0020516421568627452","0.0018286519607843142","1.2739168591885885","-2.5758891386144303","97.2038683723001","0"
"Pix2Pix TC","canonical","0","9","170","170","170","0.9258080816364446","0.9611166796106128","0.0034042401960784332","0.0018108578431372552","1.2640731977156807","89.43510131835937","148.5496987735524","0"
"Pix2Pix TC","canonical","0","10","170","170","170","0.9345026799252575","0.9658509305694183","0.0037883333333333332","0.0026530637254901968","1.3749102505937578","195.46397130629595","236.05923210592832","0"
"Pix2Pix TC","canonical","0","11","170","170","170","0.9337065455377747","0.965515254796412","0.005910735294117649","0.0029240686274509793","1.3169735337673778","-18.548930807674633","123.92690070657169","0"
"Pix2Pix TC","canonical","0","12","170","170","170","0.9321496884140709","0.9646544880055732","0.007518725490196075","0.003955808823529411","1.4833340519092286","115.24878360523897","171.02801585477943","0"
"Pix2Pix TC","canonical","0","13","170","170","170","0.9319859344315444","0.9645645785774305","0.009134779411764705","0.004285098039215688","1.7120576488095023","133.50406494140626","205.35693287568932","0"
"Pix2Pix TC","canonical","0","14","170","170","170","0.9310982433595298","0.964103678213221","0.01226551470588235","0.005462622549019608","1.887835865234194","30.832989142922795","147.99023581112132","0"
"Pix2Pix TC","canonical","0","15","170","170","170","0.9291266240108689","0.9630594199408511","0.016185808823529407","0.005196838235294117","2.152002294646001","142.55176930147059","207.17485926011028","0"
"Pix2Pix TC","canonical","0","16","170","170","170","0.9298617933176513","0.9634881293380393","0.01874933823529411","0.004543848039215686","1.909103237699403","52.0414794921875","176.1578857421875","0"
"Pix2Pix TC","canonical","0","17","170","170","170","0.9318363567054456","0.9645614111347028","0.019477401960784325","0.005042377450980393","1.5667534465350226","51.87337143841912","183.94288545496323","0"
"Pix2Pix TC","canonical","0","18","170","170","170","0.9381816486705068","0.9679001085079268","0.018034362745098037","0.00527401960784314","1.8304619335580967","-35.90404411764706","214.64803538602942","0"
"Pix2Pix TC","canonical","0","19","170","170","170","0.9366898384415285","0.9670606888702232","0.020718112745098043","0.005183651960784316","1.9116485831688952","23.241986443014707","230.01041475183823","0"
"Pix2Pix TC","canonical","0","20","170","170","170","0.9401879240159052","0.9689009994683427","0.021431519607843137","0.005418210784313726","1.9773301157391079","-12.992379940257353","195.16680549172793","0"
"Pix2Pix TC","canonical","0","21","170","170","170","0.9432172507907133","0.9706311938156925","0.021962573529411777","0.00480279411764706","2.1709508572205856","34.538637408088235","224.20006893382353","0"
"Pix2Pix TC","canonical","0","22","170","170","170","0.9454263720685099","0.9718110017374215","0.023473651960784297","0.004079264705882353","2.37952110824784","16.962494255514706","259.5236615349265","0"
"Pix2Pix TC","canonical","0","23","170","170","170","0.9433827529816632","0.9702586633950302","0.02421024509803922","0.0042712745098039216","2.9445255177036205","-61.93240464154412","402.56420611213235","0"
"Pix2Pix TC","canonical","0","24","170","170","170","0.9459776651550258","0.9714286925231199","0.023306053921568624","0.004665465686274507","4.0181914572851545","-24269.973311121325","24938.62536764706","0"
"Pix2Pix TC","canonical","1","0","170","170","170","0.8930780521118775","0.9426633607128866","0.000600220588235294","0.0005409803921568628","1.515437858461588","20.552741780000574","48.44950660256779","0"
"Pix2Pix TC","canonical","1","1","170","170","170","0.8992608047132721","0.9461569108974311","0.0006809803921568627","0.0006302205882352948","1.3343575102455087","42.744042340446924","81.76378640567555","0"
"Pix2Pix TC","canonical","1","2","170","170","170","0.9004816811285113","0.9468657882310906","0.0007692156862745098","0.0007211519607843136","1.2287401875025032","115.16705791248995","149.79318001691033","0"
"Pix2Pix TC","canonical","1","3","170","170","170","0.900478198203459","0.9468912933462247","0.0008958088235294111","0.0007790441176470591","1.1988281722026883","134.8510710323558","174.61091609281652","0"
"Pix2Pix TC","canonical","1","4","170","170","170","0.918436220651274","0.9571014467453232","0.0011027450980392159","0.0011275245098039215","1.1900675307500834","37.057311203900504","100.13120646757238","0"
"Pix2Pix TC","canonical","1","5","170","170","170","0.921793855841387","0.9589457338993852","0.0012630882352941185","0.001115710784313726","1.2581042632553794","165.66933207792394","195.54748921113855","0"
"Pix2Pix TC","canonical","1","6","170","170","170","0.9209138958266756","0.9583811255053029","0.0012785049019607847","0.0016675245098039225","1.5465091976797005","184.23525004667394","213.63999768425435","0"
"Pix2Pix TC","canonical","1","7","170","170","170","0.9290282260950496","0.9628669518595919","0.001998602941176471","0.0015092401960784313","1.5648691988161663","166.44068603515626","196.35038344439337","0"
"Pix2Pix TC","canonical","1","8","170","170","170","0.930583231935054","0.9637413672840531","0.002505024509803921","0.0013423774509803918","1.4394722270433813","116.23132773006664","153.33156504911534","0"
"Pix2Pix TC","canonical","1","9","170","170","170","0.929935578004421","0.963335855837156","0.0030326470588235305","0.0018294852941176478","1.3750143275816695","21.309615729836857","111.78626619226792","0"
"Pix2Pix TC","canonical","1","10","170","170","170","0.935746274998438","0.9665214044466686","0.0033834558823529403","0.002825514705882354","1.2537341940775002","0.9217683679917279","127.05932940314798","0"
"Pix2Pix TC","canonical","1","11","170","170","170","0.9372488933495098","0.9673761664844713","0.00474941176470588","0.0032706862745098034","1.2773731655946492","45.05037698184743","127.30420280905331","0"
"Pix2Pix TC","canonical","1","12","170","170","170","0.9366576297161749","0.9670809154550886","0.006479485294117645","0.003840367647058823","1.2684751985471903","112.78906465418198","143.36222067440258","0"
"Pix2Pix TC","canonical","1","13","170","170","170","0.9369934466066153","0.9672716988018363","0.0076691176470588185","0.0044366911764705886","1.3238495761010296","82.74316980698529","122.10901022518382","0"
"Pix2Pix TC","canonical","1","14","170","170","170","0.9364775714417789","0.9670115923923825","0.010137769607843137","0.005795073529411764","1.658641236671622","76.86453354779412","126.01309455422795","0"
"Pix2Pix TC","canonical","1","15","170","170","170","0.9347895931022517","0.9661494678993202","0.01371960784313725","0.0053130882352941155","1.534581834689498","57.20164435891544","145.1359561695772","0"
"Pix2Pix TC","canonical","1","16","170","170","170","0.932934156159754","0.9651641395213216","0.01784580882352941","0.004559142156862744","1.5904584906604478","48.931685144761026","142.89767204733457","0"
"Pix2Pix TC","canonical","1","17","170","170","170","0.9371463782882484","0.9674059154228348","0.01764237745098039","0.0053286519607843134","1.7561606374883065","49.03395852481618","158.27508903952207","0"
"Pix2Pix TC","canonical","1","18","170","170","170","0.9432369800806062","0.9706360910422802","0.017112009803921562","0.004882524509803918","1.7451200511826481","42.74997127757353","142.9119083180147","0"
"Pix2Pix TC","canonical","1","19","170","170","170","0.938347303511031","0.9679802102584496","0.021344754901960784","0.004197671568627452","1.6387722436626957","4.647251263786765","153.067822265625","0"
"Pix2Pix TC","canonical","1","20","170","170","170","0.9411379381838079","0.9694094823351186","0.022186985294117643","0.004341372549019609","1.6851784060628139","-8.971217256433823","173.41226734834558","0"
"Pix2Pix TC","canonical","1","21","170","170","170","0.9449359150697824","0.9715508914680007","0.02211806372549021","0.0041349264705882365","1.7461970992330844","-81.33486902573529","224.3083869485294","0"
"Pix2Pix TC","canonical","1","22","170","170","170","0.9468385578487549","0.9725707081646471","0.023253186274509802","0.003646127450980393","1.8487574342378899","-8.98826976102941","230.06587775735295","0"
"Pix2Pix TC","canonical","1","23","170","170","170","0.9451733615439449","0.9712342299563811","0.023549901960784318","0.004169068627450981","2.3098312486845556","-55.43750574448529","341.8185029871324","0"
"Pix2Pix TC","canonical","1","24","170","170","170","0.9480052491117028","0.972530107307213","0.02213838235294118","0.00460919117647059","3.0926174158245505","-24198.96696920956","24900.669450827205","0"
"Pix2Pix TC","canonical","2","0","170","170","170","0.8889720509600871","0.9402342301668333","0.0006131127450980393","0.0005932843137254903","1.701701153767096","-3.034450912475586","30.976211121503045","0"
"Pix2Pix TC","canonical","2","1","170","170","170","0.8912508705837626","0.9416522079902179","0.0005845833333333333","0.0008588235294117642","1.5265387878270364","51.23660040462718","93.83577454510858","0"
"Pix2Pix TC","canonical","2","2","170","170","170","0.8946856539256233","0.9436523813579777","0.0006842892156862744","0.0009309803921568631","1.4417640556271758","135.01602574516744","180.2416332693661","0"
"Pix2Pix TC","canonical","2","3","170","170","170","0.896594938269161","0.94480058788137","0.0007605882352941178","0.0010374509803921569","1.4015863498434167","191.22223627427044","235.7537349027746","0"
"Pix2Pix TC","canonical","2","4","170","170","170","0.9110934740657413","0.9529495195968714","0.0008299754901960783","0.001600637254901961","1.4411611892166762","-15.249062257654527","65.23811075547162","0"
"Pix2Pix TC","canonical","2","5","170","170","170","0.9178559448660956","0.9566735770471705","0.0010318137254901958","0.0014661029411764707","1.3277796255212602","23.482166963465072","89.63264196059284","0"
"Pix2Pix TC","canonical","2","6","170","170","170","0.9203740460882766","0.9580275356639146","0.0011596323529411761","0.0018719852941176472","1.460703457101552","82.75679554658778","121.04764924890854","0"
"Pix2Pix TC","canonical","2","7","170","170","170","0.9259863867159888","0.96114521190663","0.001622132352941177","0.001981838235294117","1.3529728201540638","87.41243627211627","128.93904580508962","0"
"Pix2Pix TC","canonical","2","8","170","170","170","0.9282211651859775","0.9623689743168198","0.0019639215686274494","0.0018752696078431375","1.3139247322052428","63.28776173311121","116.06282707663144","0"
"Pix2Pix TC","canonical","2","9","170","170","170","0.9281517668904943","0.9623380387944481","0.0026098529411764694","0.00218014705882353","1.619668014910917","-19.38835287655101","150.91020705279183","0"
"Pix2Pix TC","canonical","2","10","170","170","170","0.9333682639412364","0.9652526737568536","0.003555514705882355","0.0029880882352941165","1.8856902797282042","97.73816061580882","204.22613309972425","0"
"Pix2Pix TC","canonical","2","11","170","170","170","0.9368377094127781","0.9671699372065935","0.004969264705882355","0.003360049019607842","1.7860310250892706","155.67105246151195","247.93072832892923","0"
"Pix2Pix TC","canonical","2","12","170","170","170","0.9352254762108653","0.9663082877329539","0.006332720588235295","0.004294289215686275","1.4358702966746997","143.22647920496323","199.89441636029412","0"
"Pix2Pix TC","canonical","2","13","170","170","170","0.9341598463723793","0.9657343005914878","0.008220833333333337","0.004715220588235291","1.4185922571587617","133.53869198069853","207.93703469669117","0"
"Pix2Pix TC","canonical","2","14","170","170","170","0.9331700173193931","0.965235714460945","0.01140370098039216","0.005747426470588236","1.8317265294149563","116.83364114200367","216.16877728630516","0"
"Pix2Pix TC","canonical","2","15","170","170","170","0.9346873684798923","0.9660752266217688","0.013338651960784311","0.005332941176470591","1.8857612727711994","82.04661793428309","179.74047133501838","0"
"Pix2Pix TC","canonical","2","16","170","170","170","0.9337924756935847","0.9656151283038101","0.016371029411764704","0.005142426470588233","1.7276750164218306","48.47408949908088","171.60651999080883","0"
"Pix2Pix TC","canonical","2","17","170","170","170","0.9359061698389118","0.9667488987725822","0.016980024509803914","0.005761666666666664","1.9659248451729858","68.93996438419117","196.71210363051472","0"
"Pix2Pix TC","canonical","2","18","170","170","170","0.9419380372573426","0.9699357854353586","0.016547450980392172","0.006047990196078431","1.8672027160820783","58.91202607996323","196.5788631663603","0"
"Pix2Pix TC","canonical","2","19","170","170","170","0.9366702402013103","0.967102964458324","0.021864264705882357","0.004683897058823529","2.0193793526293415","-59.185610064338235","188.44978745404413","0"
"Pix2Pix TC","canonical","2","20","170","170","170","0.9414774054005365","0.969608278114275","0.021433455882352934","0.005000833333333332","2.0947838164601302","-38.309314682904414","212.59334501378677","0"
"Pix2Pix TC","canonical","2","21","170","170","170","0.9432856583227032","0.9706768715287688","0.02247107843137255","0.004569387254901963","2.1036190437221043","7.310966222426471","233.68054342830882","0"
"Pix2Pix TC","canonical","2","22","170","170","170","0.9451270909969716","0.9716389758326875","0.02375183823529413","0.0038020343137254893","2.383534989279734","-47.70346392463235","284.4839671415441","0"
"Pix2Pix TC","canonical","2","23","170","170","170","0.9434347275945257","0.9702669985629345","0.024194411764705867","0.004332475490196078","3.012760480514311","-158.53220932904412","387.8094956341912","0"
"Pix2Pix TC","canonical","2","24","170","170","170","0.9455333010850637","0.9711801743270122","0.024074264705882358","0.004513480392156861","3.8121290541774187","-24394.34294577206","24876.232513786767","0"
"Pix2Pix TC","canonical","3","0","170","170","170","0.8887386789964891","0.9402763007770095","0.0006176225490196077","0.0005875","1.9004120978738657","-19.477384511162253","29.36951613706701","0"
"Pix2Pix TC","canonical","3","1","170","170","170","0.8930547522421994","0.9428260555398118","0.0006775245098039216","0.0007153676470588238","1.518421758257278","74.80995236565084","108.00885480992935","0"
"Pix2Pix TC","canonical","3","2","170","170","170","0.8968358769231687","0.9450561483426929","0.0006790196078431376","0.0008861274509803926","1.3773464448836614","292.1491713355569","313.3431191163904","0"
"Pix2Pix TC","canonical","3","3","170","170","170","0.8995243355542868","0.9466190778229485","0.0007737990196078433","0.0009484803921568629","1.3954302119461373","318.0672920675839","343.2841104844037","0"
"Pix2Pix TC","canonical","3","4","170","170","170","0.9181918240869523","0.9570361914312597","0.0011667156862745095","0.0011374019607843138","1.4744965374555246","-64.3394266465131","90.76796381333295","0"
"Pix2Pix TC","canonical","3","5","170","170","170","0.919928603006932","0.9579823356837754","0.0016474264705882355","0.0008772794117647055","1.4196099486010594","-41.174101077809055","103.98726277070887","0"
"Pix2Pix TC","canonical","3","6","170","170","170","0.918497402765236","0.9570192257872737","0.0014566666666666664","0.001567990196078431","1.3702912424000901","49.2880298390108","106.94332427978516","0"
"Pix2Pix TC","canonical","3","7","170","170","170","0.9275805700538698","0.9620809880850593","0.0019887499999999996","0.0015805147058823524","1.4743610045785813","139.12987419577206","162.63446188534007","0"
"Pix2Pix TC","canonical","3","8","170","170","170","0.9287738363430952","0.9627228079009716","0.0022720833333333334","0.0015838970588235295","1.3402598212517052","77.42689101275276","126.17000481100644","0"
"Pix2Pix TC","canonical","3","9","170","170","170","0.9294483452396785","0.9630801018971161","0.0025442892156862743","0.002172279411764706","1.3573179218565665","-39.53527275534237","127.46471324247473","0"
"Pix2Pix TC","canonical","3","10","170","170","170","0.9367398980825321","0.967085052890655","0.0035236519607843133","0.002749166666666668","1.3037671544124632","78.14744154986214","129.92107579848346","0"
"Pix2Pix TC","canonical","3","11","170","170","170","0.9377702076993588","0.9676901344813752","0.004836176470588235","0.00326296568627451","1.4228810447555684","69.90284280215992","145.77126393037685","0"
"Pix2Pix TC","canonical","3","12","170","170","170","0.9355621234699686","0.9665144378886675","0.006877156862745097","0.0037168872549019605","1.3204417451143107","-39.654787310431985","153.65366857192095","0"
"Pix2Pix TC","canonical","3","13","170","170","170","0.9338254269242747","0.9655766290905299","0.009251862745098031","0.0038876960784313733","1.37727521753086","-75.4333137063419","196.07216653262867","0"
"Pix2Pix TC","canonical","3","14","170","170","170","0.9353894404379591","0.9664031833794708","0.010634411764705878","0.005630392156862744","1.6838983074334972","11.829846909466912","167.5591121897978","0"
"Pix2Pix TC","canonical","3","15","170","170","170","0.9364810409068153","0.9670333717101499","0.013261470588235296","0.005420833333333335","1.696180575405424","-11.196747185202206","171.54062643612133","0"
"Pix2Pix TC","canonical","3","16","170","170","170","0.9345330170484609","0.9660094005069336","0.016951225490196092","0.00488627450980392","1.429440440161387","-34.98553825827206","145.15399241727943","0"
"Pix2Pix TC","canonical","3","17","170","170","170","0.936030494625284","0.9667923921979815","0.017443137254901958","0.00573497549019608","1.5787816783910757","-22.221462833180148","177.52605267693014","0"
"Pix2Pix TC","canonical","3","18","170","170","170","0.9428311847569568","0.9703891909945849","0.01593051470588236","0.005612500000000002","1.5184166700674817","-27.258835018382353","178.7053883272059","0"
"Pix2Pix TC","canonical","3","19","170","170","170","0.9395823127585066","0.9686198413102227","0.019626446078431378","0.0048118872549019615","1.8448752807542057","14.969582950367647","206.9962948069853","0"
"Pix2Pix TC","canonical","3","20","170","170","170","0.940525585849957","0.9690631950574412","0.021783431372549022","0.004712990196078429","1.8073581285112927","20.498072725183825","235.73475126378676","0"
"Pix2Pix TC","canonical","3","21","170","170","170","0.9435407148711107","0.9707957542004438","0.0220436274509804","0.0046199264705882375","1.9014549203547417","-53.18819508272059","242.6385627297794","0"
"Pix2Pix TC","canonical","3","22","170","170","170","0.9463801820266879","0.972291156976255","0.022310220588235296","0.004117254901960784","2.1101373014190195","44.81502757352941","275.7030330882353","0"
"Pix2Pix TC","canonical","3","23","170","170","170","0.9443784103977402","0.9707629025916641","0.02313066176470588","0.004394436274509804","2.5350564930459756","-14.758840762867647","433.64435317095587","0"
"Pix2Pix TC","canonical","3","24","170","170","170","0.9447055823136549","0.9707410566521602","0.02386813725490196","0.004312524509803923","3.3902290424800525","-24106.953986672794","24994.23946461397","0"
"Pix2Pix TC","canonical","4","0","170","170","170","0.8910603340943263","0.9417688967164022","0.0006691176470588234","0.0005256372549019607","1.5746502229431876","47.80054102504955","68.36912176468793","0"
"Pix2Pix TC","canonical","4","1","170","170","170","0.8957083622627079","0.9444081472569733","0.0006673284313725491","0.000713872549019608","1.4299604346652866","101.03254897173713","130.90679931640625","0"
"Pix2Pix TC","canonical","4","2","170","170","170","0.8984094508818661","0.9458839076603959","0.0007493627450980393","0.0007853431372549022","1.4111899152181597","180.4486816630644","210.37910602793974","0"
"Pix2Pix TC","canonical","4","3","170","170","170","0.8971527424394651","0.9451646658991993","0.0008702941176470593","0.0008749509803921569","1.4101671081338711","180.91925318100874","215.121242388557","0"
"Pix2Pix TC","canonical","4","4","170","170","170","0.9166512610170745","0.9561792781999914","0.0014091421568627447","0.0009105882352941181","1.3108537366897355","-2.1082072987275966","82.38537584192612","0"
"Pix2Pix TC","canonical","4","5","170","170","170","0.9197235162979958","0.9578701949005288","0.0015232843137254906","0.0009640686274509807","1.2883898358320174","62.47001217112822","119.24569289263557","0"
"Pix2Pix TC","canonical","4","6","170","170","170","0.9223414441334642","0.9592104520962933","0.0013900735294117641","0.0015654411764705885","1.3219505348844867","150.93894087847542","180.0784290089327","0"
"Pix2Pix TC","canonical","4","7","170","170","170","0.9283073002571501","0.9625105797284735","0.002104142156862745","0.0014740931372549018","1.4360762680007828","120.56676330566407","154.6325258142808","0"
"Pix2Pix TC","canonical","4","8","170","170","170","0.9296944093185389","0.9632507350581437","0.002160441176470588","0.0016474999999999994","1.3337403636195253","117.09075084013098","145.32211824304918","0"
"Pix2Pix TC","canonical","4","9","170","170","170","0.9287617875441192","0.9627653673391869","0.0034257107843137257","0.0015261029411764695","1.4775268383460287","79.15597139246323","130.7405610926011","0"
"Pix2Pix TC","canonical","4","10","170","170","170","0.9355089535691323","0.9664406871204646","0.004225906862745101","0.0023019362745098026","1.2447249931218727","41.883242618336396","116.35646757238051","0"
"Pix2Pix TC","canonical","4","11","170","170","170","0.9365817971704826","0.9670680001397918","0.005522450980392157","0.0029567892156862744","1.460472136852353","25.96875789866728","134.66154856962316","0"
"Pix2Pix TC","canonical","4","12","170","170","170","0.9359504191423325","0.9667313463790657","0.007539803921568626","0.0033689950980392153","1.5624476805689163","64.06542681525735","134.7709242876838","0"
"Pix2Pix TC","canonical","4","13","170","170","170","0.9358100348005295","0.966646948861917","0.008987450980392147","0.003980588235294118","1.541108108800603","122.09094022863052","174.96480712890624","0"
"Pix2Pix TC","canonical","4","14","170","170","170","0.9342995648222641","0.9658219841852684","0.010912573529411756","0.005850980392156863","1.7981383815215872","133.5195614085478","202.8117977366728","0"
"Pix2Pix TC","canonical","4","15","170","170","170","0.9345031059003653","0.9659881574471291","0.014219289215686274","0.004988504901960787","1.5475668876286073","50.828883272058825","144.06053251378677","0"
"Pix2Pix TC","canonical","4","16","170","170","170","0.9331504952602702","0.9652829991767506","0.017323897058823527","0.00478441176470588","1.4901654825665058","32.64068100873162","145.97377498851102","0"
"Pix2Pix TC","canonical","4","17","170","170","170","0.9362354921496053","0.9669080624391042","0.016675416666666668","0.006213235294117649","1.6245810880190423","10.635595703125","125.46111845128677","0"
"Pix2Pix TC","canonical","4","18","170","170","170","0.938652212034316","0.9681856383891793","0.018890539215686276","0.004897524509803923","2.0709780653151153","90.31807215073529","187.6127010569853","0"
"Pix2Pix TC","canonical","4","19","170","170","170","0.9354267294211425","0.9664144639167231","0.02239399509803923","0.004541691176470585","1.9922505057852358","11.250629021139705","195.2945858226103","0"
"Pix2Pix TC","canonical","4","20","170","170","170","0.9381225253678515","0.96781887215252","0.02347375000000001","0.004686176470588239","1.9976775462776934","9.970384306066176","224.98279813878676","0"
"Pix2Pix TC","canonical","4","21","170","170","170","0.9403104596331644","0.9690855494196482","0.02432382352941178","0.004270735294117649","2.0322470970689075","46.18687959558824","289.86714154411766","0"
"Pix2Pix TC","canonical","4","22","170","170","170","0.9451539272759933","0.9716711169964172","0.023286102941176463","0.004227401960784314","2.0803265845114347","60.13246208639706","297.89846622242646","0"
"Pix2Pix TC","canonical","4","23","170","170","170","0.9437173588589628","0.9704508701718559","0.02337541666666667","0.004746176470588235","2.4550265975339527","-15.284231387867647","419.66389590992645","0"
"Pix2Pix TC","canonical","4","24","170","170","170","0.9465889196062168","0.9717560673655162","0.02183534313725491","0.005443235294117648","3.3682670916006154","-24295.849609375","24880.178308823528","0"
"Pix2Pix TC","canonical","5","0","170","170","170","0.896508673167683","0.944737035241443","0.0006503921568627453","0.00048374999999999986","1.8388661107235802","-11.7247901355519","25.218978376949536","0"
"Pix2Pix TC","canonical","5","1","170","170","170","0.9016493491700364","0.9476777858475717","0.0006362009803921568","0.0006466911764705883","1.584626128222013","35.56118404164034","73.58673403122846","0"
"Pix2Pix TC","canonical","5","2","170","170","170","0.9039895964083695","0.9490746431093997","0.000707328431372549","0.0007434803921568627","1.3478802688464138","123.33771826800178","151.3677542518167","0"
"Pix2Pix TC","canonical","5","3","170","170","170","0.9049514298236794","0.9496636825138596","0.000960735294117647","0.0006806617647058826","1.2527522257507286","188.84717694450828","212.41249461454504","0"
"Pix2Pix TC","canonical","5","4","170","170","170","0.919336907212524","0.9576061656314477","0.001208799019607843","0.0010289215686274508","1.2088094098435413","33.976307812859034","77.89214508954217","0"
"Pix2Pix TC","canonical","5","5","170","170","170","0.9215351410464101","0.9588205804255755","0.0011686519607843136","0.0012347058823529411","1.1003336142575393","83.51178687600529","116.38756220200483","0"
"Pix2Pix TC","canonical","5","6","170","170","170","0.9251113326993551","0.9607088828204217","0.0013556127450980397","0.001533725490196079","1.2608334226410118","57.20890107996323","99.31181676528033","0"
"Pix2Pix TC","canonical","5","7","170","170","170","0.9314095007446841","0.964198679661496","0.0016562499999999997","0.0018130147058823532","1.4959690753637873","77.03868551815258","106.66332648782169","0"
"Pix2Pix TC","canonical","5","8","170","170","170","0.9323483632747213","0.9646950381301398","0.0016698774509803917","0.0020784803921568636","1.4383495412912215","108.06492937873392","126.69733796961167","0"
"Pix2Pix TC","canonical","5","9","170","170","170","0.9333788355041679","0.9652106776294592","0.0024727696078431383","0.0020172303921568626","1.1134446406283258","114.49434922162224","124.56086318072151","0"
"Pix2Pix TC","canonical","5","10","170","170","170","0.9382674686354385","0.967878680967957","0.0035680392156862755","0.0024991176470588244","1.1393681976148804","78.80756548713235","125.20498908547795","0"
"Pix2Pix TC","canonical","5","11","170","170","170","0.9395986269030946","0.9686528596219728","0.004956250000000001","0.0029765196078431378","1.3519435124584973","117.40678782743566","156.82292552274816","0"
"Pix2Pix TC","canonical","5","12","170","170","170","0.9385463915102289","0.9680735952840656","0.005629142156862745","0.00421637254901961","1.2827314940015517","46.881575281479776","132.31229391659008","0"
"Pix2Pix TC","canonical","5","13","170","170","170","0.9383917882657163","0.9679884829355834","0.007117696078431371","0.004729044117647061","1.6324079130925264","-9.402240349264705","127.45080710018382","0"
"Pix2Pix TC","canonical","5","14","170","170","170","0.9366199001331103","0.9670616146756176","0.010820367647058826","0.005264436274509804","1.4963410409488238","204.74299747242648","247.1977481617647","0"
"Pix2Pix TC","canonical","5","15","170","170","170","0.9385105942378175","0.96811824781531","0.011994803921568636","0.005352720588235295","1.70918543081304","171.85382151884193","218.88175982306984","0"
"Pix2Pix TC","canonical","5","16","170","170","170","0.9381302631555112","0.9679381444149375","0.014727352941176476","0.005092279411764705","1.7294792038115936","31.20206657858456","127.43077464384191","0"
"Pix2Pix TC","canonical","5","17","170","170","170","0.9399887044201518","0.9689054960880842","0.015217083333333341","0.006074828431372551","1.9842510075600508","-10.372515510110293","154.77294634650735","0"
"Pix2Pix TC","canonical","5","18","170","170","170","0.9454401115608726","0.971794168328787","0.014794215686274516","0.005790980392156864","1.750764725257542","-0.09388212316176471","128.64694967830883","0"
"Pix2Pix TC","canonical","5","19","170","170","170","0.9433416070147259","0.9706686766531426","0.01755968137254901","0.00529546568627451","1.8289745048253916","11.312459788602942","143.96768727022058","0"
"Pix2Pix TC","canonical","5","20","170","170","170","0.9450680843389818","0.9715277465189464","0.01934088235294117","0.005049068627450982","1.7230254479866824","-33.86043198529412","200.40721507352941","0"
"Pix2Pix TC","canonical","5","21","170","170","170","0.9459115213248244","0.9720680296190962","0.021128382352941184","0.004051200980392156","1.7869136955596643","18.601091452205882","187.12359834558825","0"
"Pix2Pix TC","canonical","5","22","170","170","170","0.9499903483989044","0.9742380202711454","0.020539632352941168","0.00401107843137255","1.9616261611253591","-14.607117417279412","213.23557559742648","0"
"Pix2Pix TC","canonical","5","23","170","170","170","0.9474821884098834","0.9724391391966238","0.021604117647058843","0.004321544117647061","2.3515693513462748","-69.04312959558824","357.4666015625","0"
"Pix2Pix TC","canonical","5","24","170","170","170","0.9493427465903327","0.9732180451825343","0.021274117647058825","0.00467566176470588","3.5435004341948484","-24350.800735294117","24826.737821691175","0"
"Pix2Pix TC","canonical","6","0","170","170","170","0.8903048102486478","0.9408124471527957","0.0006050000000000003","0.000568529411764706","2.0532723669067545","-0.39953093809240003","33.42176106396843","0"
"Pix2Pix TC","canonical","6","1","170","170","170","0.8915644519808865","0.9417670394847478","0.0005000000000000006","0.0009077696078431372","1.7285007622982225","42.496779228659236","80.42639842313879","0"
"Pix2Pix TC","canonical","6","2","170","170","170","0.8955249739059555","0.9441549996810231","0.0006044607843137254","0.0009587745098039214","1.516690618264987","35.494083763571346","87.33129061530619","0"
"Pix2Pix TC","canonical","6","3","170","170","170","0.8988880961180856","0.9461070183630687","0.0007048284313725489","0.0010117156862745097","1.4348766072544226","38.554989803538604","102.65608592313879","0"
"Pix2Pix TC","canonical","6","4","170","170","170","0.9161954356032105","0.9558886743663599","0.0009804166666666672","0.0013321078431372548","1.5026360757828499","-25.75990923713235","60.68820818732767","0"
"Pix2Pix TC","canonical","6","5","170","170","170","0.9202813713134679","0.9581413973494366","0.001489289215686274","0.0009879656862745098","1.2313942551831294","48.728184240004595","98.48567397173713","0"
"Pix2Pix TC","canonical","6","6","170","170","170","0.9204744494873772","0.9581724014484736","0.001625563725490196","0.001423627450980393","1.416500864156417","131.93360496969785","179.68374301686006","0"
"Pix2Pix TC","canonical","6","7","170","170","170","0.9264974061424863","0.9615120882051135","0.002039803921568629","0.0016234313725490184","1.2659672553349635","39.62999608656939","109.7542101691751","0"
"Pix2Pix TC","canonical","6","8","170","170","170","0.9285873421244533","0.9626441928094512","0.002227352941176471","0.001655612745098039","1.2766003708062257","-10.37945520737592","79.1456740435432","0"
"Pix2Pix TC","canonical","6","9","170","170","170","0.9292580425904509","0.9629709234694385","0.002722401960784314","0.0020379411764705874","1.4236403246679068","-47.41356973087086","94.0039857752183","0"
"Pix2Pix TC","canonical","6","10","170","170","170","0.9350841906843691","0.9662086575762094","0.00450139705882353","0.002122279411764706","1.2842688135205254","81.12771175608916","109.39817433076746","0"
"Pix2Pix TC","canonical","6","11","170","170","170","0.934475220675194","0.9659282475375962","0.006212573529411766","0.00276169117647059","1.3252461848295536","103.7246732823989","148.433835736443","0"
"Pix2Pix TC","canonical","6","12","170","170","170","0.9322740449867599","0.9647329758696486","0.008254509803921568","0.0034269362745098057","1.4203185482214624","50.33135842715993","169.53812255859376","0"
"Pix2Pix TC","canonical","6","13","170","170","170","0.9315469207000252","0.9643371601133813","0.009949166666666669","0.003978676470588232","1.3398670206677974","53.289394244025736","156.02202579273896","0"
"Pix2Pix TC","canonical","6","14","170","170","170","0.9310186033626227","0.9640321133671444","0.01210276960784314","0.005686789215686274","1.6090232786051415","200.27942038143382","259.9469525505515","0"
"Pix2Pix TC","canonical","6","15","170","170","170","0.9302940365625412","0.9636845479915919","0.01603149509803921","0.0049781127450980395","1.514723182818794","75.02972340303309","157.52274385340073","0"
"Pix2Pix TC","canonical","6","16","170","170","170","0.9325506381323599","0.9649290788032456","0.016970343137254894","0.005287598039215684","1.7047798697064038","12.517994600183824","149.72992302389707","0"
"Pix2Pix TC","canonical","6","17","170","170","170","0.9320127573729349","0.9646591860619","0.01975389705882353","0.004949877450980391","1.6985419674543056","-17.760161994485294","164.20906479779413","0"
"Pix2Pix TC","canonical","6","18","170","170","170","0.938955093133721","0.9683264444979607","0.018351348039215683","0.004969264705882354","1.6463534111173748","9.467012293198529","172.16009593290443","0"
"Pix2Pix TC","canonical","6","19","170","170","170","0.9375144541849922","0.9675253922959393","0.020766862745098043","0.004811446078431371","1.8943552970895365","-20.307806755514704","187.17153607536764","0"
"Pix2Pix TC","canonical","6","20","170","170","170","0.9390223892980084","0.9683079438528508","0.022939215686274505","0.004611446078431373","1.9382969815509659","-102.57168543198529","229.14419232536764","0"
"Pix2Pix TC","canonical","6","21","170","170","170","0.9428076294369877","0.9704207272549117","0.02252561274509805","0.004532303921568627","2.0304196399084575","-11.215854779411766","233.7267578125","0"
"Pix2Pix TC","canonical","6","22","170","170","170","0.9461714973693115","0.9722141172760765","0.022791666666666665","0.004304632352941178","2.358509962630973","148.57658547794117","326.0554457720588","0"
"Pix2Pix TC","canonical","6","23","170","170","170","0.9426278388545652","0.9698494166138865","0.024641642156862747","0.004161764705882355","2.89000709687446","-24.877866498161765","434.57355813419116","0"
"Pix2Pix TC","canonical","6","24","170","170","170","0.946675430307869","0.9718477322115578","0.02298453431372549","0.004646004901960785","4.125597713890357","-24101.769416360294","25106.050356158088","0"
"Pix2Pix TC","canonical","7","0","170","170","170","0.8920581836729549","0.9419907784161117","0.0004940686274509805","0.0006699754901960785","1.8143967152106113","5.191691578135771","34.420105036567236","0"
"Pix2Pix TC","canonical","7","1","170","170","170","0.8950257159963149","0.943811583989996","0.0005333823529411765","0.0008535294117647058","1.4699098689181878","76.67032578412224","108.38610067928539","0"
"Pix2Pix TC","canonical","7","2","170","170","170","0.8969090430995169","0.9448971425921557","0.0006788235294117646","0.0008669362745098037","1.30312912639958","174.80873527526856","202.4318750044879","0"
"Pix2Pix TC","canonical","7","3","170","170","170","0.8984779588739102","0.9458833269092214","0.0008714215686274508","0.0008522303921568629","1.3257054658988805","381.86451936609603","409.28429726993335","0"
"Pix2Pix TC","canonical","7","4","170","170","170","0.914062116186318","0.954741822560396","0.0009971323529411765","0.0013981372549019605","1.3688215304120992","77.11378039191752","139.8162508796243","0"
"Pix2Pix TC","canonical","7","5","170","170","170","0.9199502023096102","0.9579593779284471","0.0013338725490196087","0.0011328676470588241","1.3062243204430963","193.56471629423254","226.2289737477022","0"
"Pix2Pix TC","canonical","7","6","170","170","170","0.9200394785771965","0.9579011602241777","0.0014190931372549016","0.001578357843137255","1.5757415691095191","179.1356875251321","206.61406941133387","0"
"Pix2Pix TC","canonical","7","7","170","170","170","0.9255834926533125","0.9609877693548652","0.001996029411764706","0.0016333088235294113","1.7890228381081807","152.22899672564338","175.70694005629596","0"
"Pix2Pix TC","canonical","7","8","170","170","170","0.926768507683234","0.9616272027853574","0.0023247794117647064","0.0016171813725490193","1.6029075211632908","108.7325132482192","142.23773606244256","0"
"Pix2Pix TC","canonical","7","9","170","170","170","0.9308876692091029","0.9638653785998673","0.0028084558823529403","0.0018288480392156868","1.3275100673847566","150.94651417451746","176.6678326775046","0"
"Pix2Pix TC","canonical","7","10","170","170","170","0.9348390469354301","0.9660782133917006","0.00478022058823529","0.0019795343137254903","1.185027122669025","-10.820311063878677","123.54115349264706","0"
"Pix2Pix TC","canonical","7","11","170","170","170","0.9362158823042072","0.9668536183485685","0.005545490196078433","0.0028359313725490193","1.242043508616861","65.10988984949448","174.83552748736213","0"
"Pix2Pix TC","canonical","7","12","170","170","170","0.9329404880264262","0.9651030617094818","0.008183504901960782","0.0032368627450980393","1.359085554007661","88.02514217601103","167.20779670266543","0"
"Pix2Pix TC","canonical","7","13","170","170","170","0.9322440759409348","0.9647246126891593","0.010367867647058824","0.0035375735294117657","1.299167197448036","109.85074175666361","174.0497350356158","0"
"Pix2Pix TC","canonical","7","14","170","170","170","0.9323693062600639","0.9647944174604424","0.012423921568627452","0.005045269607843135","1.5203674600604427","40.56537367876838","178.83463493795955","0"
"Pix2Pix TC","canonical","7","15","170","170","170","0.9320460205854212","0.9646450437975099","0.015194901960784307","0.004970392156862747","1.431103611627876","42.57153463924632","155.91493997012867","0"
"Pix2Pix TC","canonical","7","16","170","170","170","0.9329573433662198","0.9651657644360913","0.017093284313725483","0.005132279411764705","1.8732687663751744","54.036243393841914","183.5387020335478","0"
"Pix2Pix TC","canonical","7","17","170","170","170","0.9354265865675441","0.9664842580361178","0.017873578431372546","0.005488995098039216","1.9459746522392223","139.8290096507353","234.84438763786764","0"
"Pix2Pix TC","canonical","7","18","170","170","170","0.9413370746317822","0.9696238684427467","0.016595759803921573","0.005893088235294119","2.0251726728792745","93.23029928768382","197.26395048253676","0"
"Pix2Pix TC","canonical","7","19","170","170","170","0.9372007779047596","0.9673708163684112","0.020892867647058826","0.004958872549019608","1.8879091418036797","-105.77800723805147","221.94609662224264","0"
"Pix2Pix TC","canonical","7","20","170","170","170","0.9396340486749262","0.9686335568819472","0.022088799019607856","0.00504325980392157","1.9089589974352086","-24.97788373161765","266.76593520220587","0"
"Pix2Pix TC","canonical","7","21","170","170","170","0.9421058316359389","0.9700609751485453","0.023006274509803918","0.004411323529411766","1.8386697564248062","-176.22290326286765","267.3463292738971","0"
"Pix2Pix TC","canonical","7","22","170","170","170","0.9469902514918049","0.9726655797478474","0.022188235294117648","0.004173529411764707","2.0478602372397257","-42.69870174632353","222.4831227022059","0"
"Pix2Pix TC","canonical","7","23","170","170","170","0.9428899736240666","0.9700124618992438","0.024484436274509795","0.003965147058823529","2.454543346727662","-20.647575827205884","387.72541360294116","0"
"Pix2Pix TC","canonical","7","24","170","170","170","0.9468608508112428","0.9719736110497159","0.022820661764705884","0.0048468382352941175","3.4812918202595804","-24324.28383501838","24877.122771139704","0"
"Pix2Pix TC","canonical","8","0","170","170","170","0.8958762077146457","0.9443513647007886","0.0007094852941176471","0.00042134803921568625","1.8038023867806707","-0.7599049399880802","34.83559284210205","0"
"Pix2Pix TC","canonical","8","1","170","170","170","0.9019772402355158","0.9478607998644467","0.0005198774509803923","0.0007690686274509806","1.5115566481353422","59.674822145349836","92.30680474674","0"
"Pix2Pix TC","canonical","8","2","170","170","170","0.9076099166604892","0.9510966383727858","0.0006279656862745101","0.0007777205882352943","1.3680995110374572","182.07319733114804","206.219666222965","0"
"Pix2Pix TC","canonical","8","3","170","170","170","0.9084461355422482","0.9516259444759716","0.0007118872549019608","0.0008678186274509799","1.2871080282427725","303.4945367700913","329.16100414500517","0"
"Pix2Pix TC","canonical","8","4","170","170","170","0.9203505014101117","0.9581255450026506","0.0011912990196078423","0.0010113235294117648","1.345219479396481","0.6582142549402573","68.37035845588235","0"
"Pix2Pix TC","canonical","8","5","170","170","170","0.9215990351261494","0.9588142649980863","0.001208431372549019","0.0011952696078431373","1.2449907374031703","28.020222203871782","97.0953410429113","0"
"Pix2Pix TC","canonical","8","6","170","170","170","0.9236015564690551","0.9598038610867128","0.0012737254901960785","0.0016199509803921568","1.4411392714326818","177.2859410903033","193.99446195714614","0"
"Pix2Pix TC","canonical","8","7","170","170","170","0.9308660877593645","0.9638580397903364","0.0018520588235294115","0.0015787990196078421","1.3708252026866623","143.05861331715303","170.88996276855468","0"
"Pix2Pix TC","canonical","8","8","170","170","170","0.9299382224546084","0.9633789981344935","0.0024260049019607854","0.0014292892156862736","1.3655238724844343","72.77452590044807","124.03407143985524","0"
"Pix2Pix TC","canonical","8","9","170","170","170","0.930655250553388","0.9637692748887791","0.0029157107843137244","0.001871446078431372","1.216113620782229","-19.527679802389706","120.66828756893382","0"
"Pix2Pix TC","canonical","8","10","170","170","170","0.9363442963038744","0.9668849976840228","0.004172328431372548","0.002376838235294117","1.6877990197786827","201.58476023954503","216.63940106560202","0"
"Pix2Pix TC","canonical","8","11","170","170","170","0.9377175270128583","0.96766058081539","0.004909852941176472","0.003355710784313725","1.6560755999838637","49.40709874770221","222.59571892233456","0"
"Pix2Pix TC","canonical","8","12","170","170","170","0.9357106598805777","0.9665986365111652","0.007381813725490196","0.0036065686274509815","1.2721563499942088","129.9776460535386","209.86489329618567","0"
"Pix2Pix TC","canonical","8","13","170","170","170","0.9340546015263029","0.9657063003525692","0.009767156862745091","0.0037825245098039206","1.6866547512584111","132.9915247300092","182.2674050723805","0"
"Pix2Pix TC","canonical","8","14","170","170","170","0.9320304249986261","0.9646180286331413","0.013315563725490196","0.004605514705882355","1.7877547699224077","57.319817038143384","152.78344870174632","0"
"Pix2Pix TC","canonical","8","15","170","170","170","0.9345529253266557","0.9660181114201698","0.014169485294117642","0.004965147058823527","1.6009195467373214","49.98275936351103","182.65424373851104","0"
"Pix2Pix TC","canonical","8","16","170","170","170","0.9367504710269586","0.9672116876695964","0.014739044117647055","0.005353112745098042","1.5308710091964037","60.27073328354779","199.11938045726103","0"
"Pix2Pix TC","canonical","8","17","170","170","170","0.9364044137834272","0.9670072591512917","0.01585860294117647","0.006106519607843136","1.6780959743730317","66.04705307904412","192.25190716911766","0"
"Pix2Pix TC","canonical","8","18","170","170","170","0.9420766772237319","0.9700134621163381","0.01634151960784313","0.005777230392156865","1.675182112364853","-5.969841452205882","147.75281479779412","0"
"Pix2Pix TC","canonical","8","19","170","170","170","0.9383377604779183","0.9679952416415742","0.02031409313725491","0.005266789215686275","1.7470932885378616","-28.748089958639707","183.39136891084559","0"
"Pix2Pix TC","canonical","8","20","170","170","170","0.9416948597335877","0.9697406077013275","0.021071960784313733","0.00544450980392157","1.8001583321065469","-31.460521024816178","179.53314280790443","0"
"Pix2Pix TC","canonical","8","21","170","170","170","0.9444086294624877","0.9712871522277261","0.021852843137254902","0.004771250000000001","1.8995779224553864","61.798041130514704","244.3084156709559","0"
"Pix2Pix TC","canonical","8","22","170","170","170","0.9486506005178039","0.9735328781228179","0.021325955882352945","0.00455953431372549","2.1661262670184684","123.69800091911765","253.68922334558823","0"
"Pix2Pix TC","canonical","8","23","170","170","170","0.9470482083248035","0.9722002076381436","0.021594632352941175","0.004974558823529412","2.4784081576678276","13.998247931985293","344.68948184742646","0"
"Pix2Pix TC","canonical","8","24","170","170","170","0.9502613528924981","0.9737321667028394","0.019698553921568624","0.005576004901960787","4.074836369905473","-24156.08775850184","24953.002682674633","0"
"Pix2Pix TC","canonical","9","0","170","170","170","0.8908969900625763","0.9415458275149751","0.0004598039215686275","0.0007177696078431371","1.6978911939760977","75.20869505265179","92.398689438315","0"
"Pix2Pix TC","canonical","9","1","170","170","170","0.9002423132597105","0.9468091220711022","0.0005724264705882355","0.0007455882352941183","1.5746126872881834","59.252411180384016","92.59844447865206","0"
"Pix2Pix TC","canonical","9","2","170","170","170","0.9010693891869005","0.9472595492326891","0.0006642647058823527","0.0008380392156862751","1.4579590782605785","184.39345106237076","206.53333170273726","0"
"Pix2Pix TC","canonical","9","3","170","170","170","0.8996696941109515","0.9464371652291683","0.0007114460784313726","0.0009893382352941175","1.388012032300059","209.2760907341452","230.7483470243566","0"
"Pix2Pix TC","canonical","9","4","170","170","170","0.9185220661379703","0.9570872061760782","0.0010478921568627454","0.0011981617647058823","1.3837250911293792","-12.873215080710018","53.438167975930604","0"
"Pix2Pix TC","canonical","9","5","170","170","170","0.9213952530161929","0.9586810450371627","0.0011614215686274504","0.0012350980392156865","1.225584592164096","26.01042776668773","77.1098154404584","0"
"Pix2Pix TC","canonical","9","6","170","170","170","0.9217873407983391","0.9588693795228257","0.0015831862745098032","0.0014241911764705884","1.2409242271349554","-2.0835974300608915","77.5204745124368","0"
"Pix2Pix TC","canonical","9","7","170","170","170","0.9281939869835877","0.9624226309593316","0.001686985294117647","0.0018537254901960763","1.1749006139264344","67.34935195025275","103.48812148150276","0"
"Pix2Pix TC","canonical","9","8","170","170","170","0.9302967184696188","0.9635421688140239","0.0020636274509803917","0.001687156862745098","1.4442219153440712","176.50996542537914","187.04230867273668","0"
"Pix2Pix TC","canonical","9","9","170","170","170","0.9312549551333077","0.9640608892496906","0.002564264705882353","0.002011715686274509","1.4170874311680697","140.54528054630055","187.1994467342601","0"
"Pix2Pix TC","canonical","9","10","170","170","170","0.9365611876318749","0.9669697815125771","0.003653700980392156","0.0025896078431372556","1.4029433042732662","14.790341725068934","169.56714621151195","0"
"Pix2Pix TC","canonical","9","11","170","170","170","0.9355268397776345","0.9665002185633745","0.006133455882352943","0.0025752941176470597","1.3003817303350984","40.341460822610294","153.3118178423713","0"
"Pix2Pix TC","canonical","9","12","170","170","170","0.9325630211424953","0.9648929831469397","0.0077800735294117655","0.0035872058823529416","1.6774820459966173","138.95165512982535","201.57079719094668","0"
"Pix2Pix TC","canonical","9","13","170","170","170","0.9330732282541899","0.9651609110290597","0.009309681372549013","0.0040559803921568615","2.3396259104493526","136.07037999770222","178.0362979664522","0"
"Pix2Pix TC","canonical","9","14","170","170","170","0.9328297126133007","0.9650409278551597","0.012737450980392159","0.004876004901960784","1.8469810115465775","59.998898494944854","236.79144502527575","0"
"Pix2Pix TC","canonical","9","15","170","170","170","0.934607564013206","0.9660229045733241","0.014638872549019607","0.005009705882352941","2.0866047783605333","103.97283863740809","211.16021800321693","0"
"Pix2Pix TC","canonical","9","16","170","170","170","0.9351420012101812","0.9663297510917752","0.01613752450980392","0.005244436274509803","1.9901979312670908","55.83977338005515","142.05175637637868","0"
"Pix2Pix TC","canonical","9","17","170","170","170","0.9334419742626345","0.9654312003649506","0.019733799019607843","0.004686544117647056","2.056127583458967","89.03632956112132","200.48918744255514","0"
"Pix2Pix TC","canonical","9","18","170","170","170","0.9414415613955354","0.9696594476736268","0.017468700980392167","0.005240588235294119","1.931825303435596","-29.11282169117647","158.08102022058824","0"
"Pix2Pix TC","canonical","9","19","170","170","170","0.9388255306144425","0.9682304906828557","0.020611495098039216","0.004744656862745099","1.8866782391181203","-115.07565774356618","182.01090016084558","0"
"Pix2Pix TC","canonical","9","20","170","170","170","0.941069413309195","0.9693635444053411","0.021672034313725493","0.0049027696078431365","1.7860662926703976","-72.68004078584559","197.03851964613972","0"
"Pix2Pix TC","canonical","9","21","170","170","170","0.9436290217735196","0.9708324389040108","0.02212372549019607","0.004508333333333335","1.8707704073911546","-84.01122472426471","192.47730928308823","0"
"Pix2Pix TC","canonical","9","22","170","170","170","0.9460413103350982","0.9721116399014609","0.022756887254901974","0.003865857843137256","2.1049924000948854","-30.84231387867647","219.55865119485293","0"
"Pix2Pix TC","canonical","9","23","170","170","170","0.9430038803410915","0.9700338680387717","0.02432068627450981","0.004120269607843138","2.543807271741311","-143.85944393382354","345.07068014705885","0"
"Pix2Pix TC","canonical","9","24","170","170","170","0.946056023318053","0.971440357425956","0.022788137254901968","0.0046363725490196055","3.3156666562925445","-24452.961517693017","24824.422581571693","0"
"FNO TC","canonical","0","0","170","170","170","0.822304449813709","0.9009817125829409","0.000708186274509804","0.001646789215686273","1.9866914266003495","-28.19098431082333","29.664326981937183","0"
"FNO TC","canonical","0","1","170","170","170","0.8292243114665979","0.9051815024371666","0.0007203186274509801","0.002074681372549019","1.7493761090107358","-64.91805619632497","64.97492121528177","0"
"FNO TC","canonical","0","2","170","170","170","0.839995657273384","0.9118627247097538","0.000759852941176471","0.0022310294117647055","1.6763152542867945","-95.42308551563936","95.46255578433767","0"
"FNO TC","canonical","0","3","170","170","170","0.855359496134584","0.9214135625475504","0.0011685049019607846","0.0017528921568627446","1.7097115832299103","-112.44260428933536","114.00084062464097","0"
"FNO TC","canonical","0","4","170","170","170","0.8428390646286438","0.913553446552486","0.0005371813725490194","0.004539264705882352","1.5934671965619704","-92.9261308109059","113.14479787489947","0"
"FNO TC","canonical","0","5","170","170","170","0.8802718700281997","0.9357349838469589","0.0010063970588235296","0.0032917647058823534","1.753131605923895","-94.86580173268038","155.8457836375517","0"
"FNO TC","canonical","0","6","170","170","170","0.8851795534107249","0.938612073232019","0.0010733333333333328","0.003948700980392156","1.8812483596259968","-73.4399689618279","213.78030637853286","0"
"FNO TC","canonical","0","7","170","170","170","0.8749145244364368","0.9326651728740638","0.0007463970588235298","0.00617519607843137","2.1732239021923605","-173.95562582576977","295.4103707706227","0"
"FNO TC","canonical","0","8","170","170","170","0.8943726114106358","0.9438362810870615","0.0015405882352941174","0.0048231862745098004","2.24725876796492","-88.01209250057445","314.9540753532859","0"
"FNO TC","canonical","0","9","170","170","170","0.9024766505729825","0.948465230770722","0.0022593872549019605","0.0048988480392156844","2.3504000346699288","-136.27102140538832","308.5267213709214","0"
"FNO TC","canonical","0","10","170","170","170","0.9059312358309384","0.9503996651959807","0.0028903676470588236","0.007011225490196073","2.807662972692818","-94.01636747472426","372.79310948988973","0"
"FNO TC","canonical","0","11","170","170","170","0.9113235783976382","0.9534119840759083","0.005599215686274512","0.00696781862745098","3.122916742153847","-215.1308442957261","429.03628432329964","0"
"FNO TC","canonical","0","12","170","170","170","0.9091798141540942","0.9521691267846978","0.009233578431372548","0.007405686274509801","3.3648477744174885","-211.39870677274817","503.11615564682904","0"
"FNO TC","canonical","0","13","170","170","170","0.9023911327420333","0.9483245109621969","0.018088014705882356","0.005269019607843138","4.05686346028779","-375.70903392118566","676.2622335994945","0"
"FNO TC","canonical","0","14","170","170","170","0.900410783934208","0.9471302692425998","0.02341416666666666","0.007788553921568631","3.9667663643543545","-489.61123334099267","577.3634449678309","0"
"FNO TC","canonical","0","15","170","170","170","0.8993105689387733","0.9464852311234488","0.029083480392156844","0.007897156862745095","4.241201504837971","-464.25170180376836","823.5109791475184","0"
"FNO TC","canonical","0","16","170","170","170","0.8987649641168992","0.9461409267588701","0.03567257352941175","0.006478799019607846","3.6833238819226914","-72.02308134191176","1059.4283806295955","0"
"FNO TC","canonical","0","17","170","170","170","0.9039067909963397","0.9491838679396553","0.034983676470588226","0.006160784313725486","4.121075081519341","-631.0243494370404","800.6577651079963","0"
"FNO TC","canonical","0","18","170","170","170","0.9137769300552597","0.9546618624140487","0.03064632352941177","0.007299142156862745","4.283842662246188","-1000.8252541934743","1099.6445211971507","0"
"FNO TC","canonical","0","19","170","170","170","0.9130511033263277","0.954225679761087","0.03516274509803922","0.00656845588235294","4.243843533236563","-816.4765567555147","905.7494887408088","0"
"FNO TC","canonical","0","20","170","170","170","0.9197961867275507","0.9578945127608565","0.034671127450980395","0.0070581617647058875","4.961126260559073","-772.256844554228","911.5255141314339","0"
"FNO TC","canonical","0","21","170","170","170","0.9225208493418787","0.9594755213207413","0.036381470588235286","0.0058638235294117625","4.306580880794488","-728.0935661764706","1047.8032513786766","0"
"FNO TC","canonical","0","22","170","170","170","0.9304374829295107","0.9637601606455966","0.03300409313725489","0.0065640441176470585","5.262587013562956","-1033.386394186581","1227.057292624081","0"
"FNO TC","canonical","0","23","170","170","170","0.9266849191528111","0.9612759410602917","0.035252916666666696","0.006053406862745101","6.150705854836366","-1330.6181698069854","1413.7019818474264","0"
"FNO TC","canonical","0","24","170","170","170","0.9304051202872367","0.9629998370770178","0.03136899509803925","0.007696446078431373","11.416785789216227","-26172.347334558825","26442.44005055147","0"
"FNO TC","canonical","1","0","170","170","170","0.8308864839144481","0.9064597791973894","0.0007319362745098036","0.0014559803921568623","1.923450324949219","-26.935014500337488","29.105176431992476","0"
"FNO TC","canonical","1","1","170","170","170","0.8322407184760651","0.9073886529394113","0.0007883578431372547","0.001926911764705882","1.6965422180249745","-62.67249587563907","63.61886491214528","0"
"FNO TC","canonical","1","2","170","170","170","0.8450895902222336","0.9150974067366827","0.0007643137254901963","0.0020800245098039206","1.5679904659263724","-90.28008054845473","91.51936519847197","0"
"FNO TC","canonical","1","3","170","170","170","0.8544739049138864","0.920890781086642","0.0011361029411764703","0.0017606372549019609","1.6567875760948436","-107.98191779641544","114.62438085219439","0"
"FNO TC","canonical","1","4","170","170","170","0.848928502293039","0.917245516873117","0.0005301225490196078","0.004419093137254902","1.5923392459897892","-67.86846187815947","123.17840558220358","0"
"FNO TC","canonical","1","5","170","170","170","0.8789046251511049","0.9349225376459352","0.0010353921568627441","0.0033771813725490176","1.559738131608483","-86.56367420869715","160.79792031680836","0"
"FNO TC","canonical","1","6","170","170","170","0.8803697183859895","0.9357883938370342","0.0010733333333333333","0.004183725490196079","1.7196758884948933","-137.63497386259192","219.9780144186581","0"
"FNO TC","canonical","1","7","170","170","170","0.8707287311525669","0.9302600553027824","0.0007397058823529412","0.006594411764705881","1.9917653334887768","-81.45457673914292","319.4933405259076","0"
"FNO TC","canonical","1","8","170","170","170","0.889885604575359","0.9412827213660487","0.0013032107843137253","0.00531519607843137","2.0806433483449047","87.96513815487133","439.08657298368564","0"
"FNO TC","canonical","1","9","170","170","170","0.8986931415759168","0.946342994729741","0.0021194117647058814","0.00553105392156863","2.1990316900207265","-207.909204640108","337.29547388413374","0"
"FNO TC","canonical","1","10","170","170","170","0.9034053590319253","0.9490018531459771","0.0030587990196078423","0.0071163970588235285","2.5748426564210676","-339.9868271771599","421.9463788200827","0"
"FNO TC","canonical","1","11","170","170","170","0.9084856138150175","0.9518593328546764","0.0055269362745098026","0.007554607843137256","2.937951160444569","-354.2035339355469","460.36730059455425","0"
"FNO TC","canonical","1","12","170","170","170","0.9061061206012299","0.9505163087819879","0.008937426470588239","0.008214166666666666","3.5027016261892814","-537.4791126924403","617.8409147374771","0"
"FNO TC","canonical","1","13","170","170","170","0.9036775716371634","0.9490249312947374","0.016950612745098036","0.006013897058823531","4.011374406176477","-463.93383645450365","645.3349882238051","0"
"FNO TC","canonical","1","14","170","170","170","0.8986193280985574","0.9461122633047455","0.0223606862745098","0.008876813725490191","3.8831648524198012","-748.8900354721967","804.4294254078585","0"
"FNO TC","canonical","1","15","170","170","170","0.8980647314992604","0.945739110947101","0.029644019607843138","0.0076213480392156845","3.7028550382199032","-629.835268985524","814.1579108743107","0"
"FNO TC","canonical","1","16","170","170","170","0.8959424683372377","0.9445937948407496","0.03592000000000001","0.006465539215686272","3.6230255154141675","-852.5250502642464","877.248100011489","0"
"FNO TC","canonical","1","17","170","170","170","0.9009459595427454","0.9475225513178871","0.03519090686274509","0.006163186274509803","3.8418311114381694","-1128.8313663258273","1132.7726404526654","0"
"FNO TC","canonical","1","18","170","170","170","0.9121510445602282","0.9537245624119551","0.03135720588235294","0.0066183088235294155","3.730451489667279","-928.2050594554228","1091.8748032513786","0"
"FNO TC","canonical","1","19","170","170","170","0.9094361394235648","0.9522082735396191","0.03715708333333333","0.0059447794117647055","3.9440691406643387","-993.6543442670037","1043.1929472081802","0"
"FNO TC","canonical","1","20","170","170","170","0.9166102991250699","0.9561458713501098","0.03698421568627449","0.0064875980392156835","4.561097660183032","-965.5140423943014","1114.4008185891544","0"
"FNO TC","canonical","1","21","170","170","170","0.918410993850254","0.9572188016975014","0.038657254901960765","0.005568529411764705","4.812330760754753","-1095.8865004595589","1204.5525045955883","0"
"FNO TC","canonical","1","22","170","170","170","0.9256861036446515","0.9611629971193703","0.03601784313725488","0.006165784313725488","6.173788002803989","-1182.6443962545957","1365.5330106847427","0"
"FNO TC","canonical","1","23","170","170","170","0.921309691642748","0.9583350219442287","0.03851350490196078","0.005798848039215688","7.547880428139093","-1254.919620289522","1393.3693790211396","0"
"FNO TC","canonical","1","24","170","170","170","0.9261444617998824","0.9606708417342702","0.03427242647058825","0.007260073529411769","8.055507331343193","-26341.584748391546","26495.632002527575","0"
"FNO TC","canonical","2","0","170","170","170","0.805545321628105","0.8907761674541919","0.0009307843137254902","0.001635441176470588","1.78477530834951","-32.73952681597542","32.73952681597542","0"
"FNO TC","canonical","2","1","170","170","170","0.8161942956077941","0.8974278968654767","0.0009934803921568631","0.001946838235294118","1.5234190387425333","-67.99734398336972","67.99734398336972","0"
"FNO TC","canonical","2","2","170","170","170","0.8312886247410284","0.9067018317537008","0.001037573529411764","0.00204671568627451","1.530951239404399","-93.36233289382037","93.62691500046674","0"
"FNO TC","canonical","2","3","170","170","170","0.8442822208899521","0.914633335415178","0.0012705637254901956","0.0017946568627450986","1.4901457522465291","-114.73937867108513","116.27925024593577","0"
"FNO TC","canonical","2","4","170","170","170","0.8490510115316581","0.9169189902194356","0.0005716911764705882","0.004556568627450983","1.4787372130359762","-93.91169604133157","109.78842082304114","0"
"FNO TC","canonical","2","5","170","170","170","0.8743428033587111","0.9321412636102453","0.0011622303921568632","0.003302916666666667","1.5272774180485904","-147.1038381239947","155.68874484791476","0"
"FNO TC","canonical","2","6","170","170","170","0.878903196116037","0.9347569692493055","0.0011093627450980393","0.004127622549019606","1.9626142058865241","-45.610085521024814","243.5754024730009","0"
"FNO TC","canonical","2","7","170","170","170","0.8716781638585543","0.9306610136371162","0.0007845343137254903","0.0063378186274509855","2.177276822831869","-34.830775720932905","320.9705447926241","0"
"FNO TC","canonical","2","8","170","170","170","0.8945979027709527","0.9439834248874333","0.0014330637254901964","0.0050322303921568655","2.0624568414690936","66.87703731761259","378.1925786635455","0"
"FNO TC","canonical","2","9","170","170","170","0.8976351195585146","0.9457370666747975","0.0018052205882352933","0.005823259803921567","2.546302321897413","121.89578444536994","418.2517691219554","0"
"FNO TC","canonical","2","10","170","170","170","0.8995744977724854","0.9468675760575717","0.002540857843137254","0.008073799019607843","2.8827159256990056","192.57231624827665","592.0299140481388","0"
"FNO TC","canonical","2","11","170","170","170","0.9093280093506394","0.9523296727053953","0.005879117647058823","0.007140955882352945","3.0773950629575286","247.9750265682445","809.1456219841452","0"
"FNO TC","canonical","2","12","170","170","170","0.9082888210774657","0.9516964528579196","0.009254093137254907","0.007899068627450984","3.1245215251770535","-15.976289636948529","511.3070657169118","0"
"FNO TC","canonical","2","13","170","170","170","0.9065994138714248","0.9506809400058248","0.015877843137254898","0.006180367647058824","2.977419457773253","-181.5688792509191","484.0735236672794","0"
"FNO TC","canonical","2","14","170","170","170","0.9027430262286771","0.9484793500213481","0.02033024509803922","0.009345343137254904","3.2091103429931183","-656.1693172679228","721.2867977366728","0"
"FNO TC","canonical","2","15","170","170","170","0.9002852642795985","0.9469983450323716","0.0276805637254902","0.008630686274509811","3.9592824298066898","-796.441847857307","818.3240342084099","0"
"FNO TC","canonical","2","16","170","170","170","0.9005294999902074","0.947182475848068","0.03255745098039215","0.007661078431372551","3.0517651561833845","-1005.058744542739","1029.791947667739","0"
"FNO TC","canonical","2","17","170","170","170","0.9058179745547156","0.9502543371688255","0.03282568627450982","0.007125196078431371","2.927973528823247","-1029.269091796875","1038.7361701516545","0"
"FNO TC","canonical","2","18","170","170","170","0.9142492659625928","0.9549144836214728","0.02988306372549019","0.007897475490196081","3.1070575159454203","-935.7992130055147","1006.2018210018382","0"
"FNO TC","canonical","2","19","170","170","170","0.913409400318251","0.9544507109864842","0.03467276960784313","0.007005318627450982","3.328324415730949","-837.2798282398898","946.0656048943015","0"
"FNO TC","canonical","2","20","170","170","170","0.9173048785784511","0.9565504048446669","0.03619936274509801","0.0069787254901960815","3.642351938003199","-619.5044778262868","1217.792023782169","0"
"FNO TC","canonical","2","21","170","170","170","0.9217499196423758","0.9590742232572874","0.03636919117647056","0.0065586274509803946","5.5729746439438905","-917.9945197610294","1035.6878561580882","0"
"FNO TC","canonical","2","22","170","170","170","0.9297152045917075","0.9633919351095035","0.032698725490196076","0.007372769607843138","5.764097906560382","-1102.3128963694853","1278.2492015165442","0"
"FNO TC","canonical","2","23","170","170","170","0.9260317892099477","0.9609443503797763","0.03521874999999999","0.006683921568627453","5.958231502499669","-1418.6964499080882","1525.2605813419118","0"
"FNO TC","canonical","2","24","170","170","170","0.9295785033699193","0.9625719323015431","0.03148301470588236","0.008306151960784313","8.139160316501755","-26197.008254825367","26283.301407398896","0"
"FNO TC","canonical","3","0","170","170","170","0.8150510777465608","0.8963510160584476","0.0007029656862745096","0.0017084068627450984","2.243399466821397","-26.645646106495576","27.756856020759134","0"
"FNO TC","canonical","3","1","170","170","170","0.8178443951448728","0.8982137982066233","0.0006829166666666666","0.0023052450980392144","1.9874038789884376","-65.46155871223002","65.46155871223002","0"
"FNO TC","canonical","3","2","170","170","170","0.8253035271631611","0.9028696148505109","0.0007265931372549018","0.002520906862745098","1.86000822134938","-89.69470336016487","90.49576824412627","0"
"FNO TC","canonical","3","3","170","170","170","0.8463657359528651","0.915929111376395","0.0009735784313725486","0.0021048529411764705","1.8220562854004811","-117.34664270737592","118.46767667882582","0"
"FNO TC","canonical","3","4","170","170","170","0.8403967255361513","0.9116920237819773","0.0004941176470588237","0.004664117647058821","1.714981475860294","-104.80768540326287","115.16238080193014","0"
"FNO TC","canonical","3","5","170","170","170","0.871070453230541","0.9301604009153559","0.0010556127450980387","0.003460784313725488","1.7132914125950305","-138.2185843972599","148.81719028248506","0"
"FNO TC","canonical","3","6","170","170","170","0.878773606725921","0.9347307342714328","0.0012865196078431368","0.0038901960784313737","1.9462198360911984","-193.7437821332146","206.09499314252068","0"
"FNO TC","canonical","3","7","170","170","170","0.8712461590135392","0.9303968997356824","0.0009844117647058825","0.006080049019607846","2.2998523118291416","-135.16186092601103","277.32777745863973","0"
"FNO TC","canonical","3","8","170","170","170","0.8920026046491676","0.9424063865372122","0.001654313725490196","0.004787475490196082","2.2616647832420234","-55.77529207117417","289.8063568115234","0"
"FNO TC","canonical","3","9","170","170","170","0.8986349078112554","0.9462449092523538","0.0025539705882352925","0.004979681372549019","2.4339473894519776","-66.1087781120749","348.59530011345356","0"
"FNO TC","canonical","3","10","170","170","170","0.905711963005353","0.9502613635131304","0.0033652205882352933","0.006593921568627452","2.676270911925762","-185.98193179859834","459.6795550178079","0"
"FNO TC","canonical","3","11","170","170","170","0.9097422133187795","0.9525079820833531","0.006465980392156866","0.006680196078431368","2.940168496776927","-174.30486450195312","555.3592360552619","0"
"FNO TC","canonical","3","12","170","170","170","0.9077630865849515","0.9513532424062532","0.010218970588235296","0.007463382352941177","3.2319389579348434","-166.21604614257814","546.5175296559054","0"
"FNO TC","canonical","3","13","170","170","170","0.9032277092584392","0.9486989439739398","0.018493039215686277","0.00530392156862745","3.5853952361977806","-452.8601447610294","618.4531910615809","0"
"FNO TC","canonical","3","14","170","170","170","0.9005725516284336","0.9470881488421451","0.024301838235294124","0.007926960784313729","3.380973315370915","-555.1024536132812","686.0514425838695","0"
"FNO TC","canonical","3","15","170","170","170","0.8970438475390441","0.9450913534527982","0.0319854411764706","0.007047377450980395","3.525299858968408","-647.588567756204","867.0348539464615","0"
"FNO TC","canonical","3","16","170","170","170","0.8972350072879894","0.9452974186432531","0.03601558823529412","0.005948137254901958","3.838676932422793","-833.2358254825367","953.0708122702206","0"
"FNO TC","canonical","3","17","170","170","170","0.9000754232684451","0.9470675288966929","0.03550973039215686","0.00574884803921569","3.539190157137858","-1156.571564797794","1178.9612591911764","0"
"FNO TC","canonical","3","18","170","170","170","0.9090404800825732","0.95200093175924","0.03271779411764707","0.006415196078431368","3.7471265264929037","-1143.0074017693014","1251.3089815027574","0"
"FNO TC","canonical","3","19","170","170","170","0.9078979056245551","0.9513640160482784","0.03726338235294117","0.006011985294117645","4.022392511741912","-1198.987007410386","1294.648921472886","0"
"FNO TC","canonical","3","20","170","170","170","0.9156226865264987","0.9556369840494995","0.03687718137254903","0.006532328431372551","4.801362178751238","-1070.6898724724265","1183.9063591452207","0"
"FNO TC","canonical","3","21","170","170","170","0.9185683708210838","0.957325148128517","0.03817585784313726","0.005916323529411768","4.81925957846732","-1194.9396254595588","1381.932892922794","0"
"FNO TC","canonical","3","22","170","170","170","0.927046094028937","0.9619254773377863","0.03432647058823532","0.006797107843137261","4.729640457322644","-1565.4625373391543","1659.6657312729778","0"
"FNO TC","canonical","3","23","170","170","170","0.922409478699914","0.9589162265082501","0.03762335784313726","0.0061469117647058825","5.206462317402691","-1696.6692526424633","1886.1748592601102","0"
"FNO TC","canonical","3","24","170","170","170","0.9272459196572943","0.9612802880261248","0.03294781862745098","0.007984338235294116","7.225425112518662","-26759.179951746322","26911.823138786764","0"
"FNO TC","canonical","4","0","170","170","170","0.8228527369494701","0.90162081153378","0.0008516666666666669","0.0014170833333333327","1.6393262322770032","-31.53207622976864","31.657862551072064","0"
"FNO TC","canonical","4","1","170","170","170","0.8327853258999979","0.9076091280824916","0.0007297549019607842","0.0019603431372549017","1.519225471777973","-67.7588706072639","67.7588706072639","0"
"FNO TC","canonical","4","2","170","170","170","0.8372056438970737","0.9104391138261345","0.0008440196078431367","0.0021895343137254917","1.4829808306425958","-91.67418966854319","91.87221670711742","0"
"FNO TC","canonical","4","3","170","170","170","0.8448538629189096","0.9152942776836864","0.0012789460784313727","0.0018267892156862743","1.497882975369359","-122.8728551976821","122.8728551976821","0"
"FNO TC","canonical","4","4","170","170","170","0.8554862962969332","0.9210265889242315","0.0005468627450980394","0.004281495098039214","1.5079459942793756","-102.96123495662914","110.68066424201517","0"
"FNO TC","canonical","4","5","170","170","170","0.8825315656157388","0.9369767029742273","0.0011277696078431374","0.0031076715686274505","1.6059254923969868","-129.310513754452","144.76275589886833","0"
"FNO TC","canonical","4","6","170","170","170","0.8816551014492995","0.9364818127599496","0.0013823284313725492","0.003855049019607844","2.0879546389214854","-37.145483847225414","246.79465305103975","0"
"FNO TC","canonical","4","7","170","170","170","0.8797637190966855","0.9354078214027263","0.0009585049019607849","0.005758259803921567","2.1983954492179563","-130.98497314453124","286.6625868853401","0"
"FNO TC","canonical","4","8","170","170","170","0.8970414346343631","0.9452907287006332","0.0017693382352941163","0.00441151960784314","2.0514940499057364","-88.18316632439108","326.88210215849034","0"
"FNO TC","canonical","4","9","170","170","170","0.9024621236530105","0.9484472093753678","0.002646617647058822","0.004721421568627452","2.329000173327196","-159.60997368307676","340.9880527271944","0"
"FNO TC","canonical","4","10","170","170","170","0.9056046149904289","0.9502417825777139","0.0031831372549019615","0.006888063725490198","2.6601507079245565","-170.90302770278032","433.4039353314568","0"
"FNO TC","canonical","4","11","170","170","170","0.9105614330279372","0.953015360272614","0.005310343137254904","0.00738276960784314","3.1066444583489554","-92.6392718146829","444.7044257668888","0"
"FNO TC","canonical","4","12","170","170","170","0.9099544997710327","0.9526206200670139","0.008395686274509807","0.008264460784313725","3.8434789110316046","-625.6846385282629","644.5836188821231","0"
"FNO TC","canonical","4","13","170","170","170","0.904358147243842","0.9493751671968255","0.017178235294117647","0.005832058823529412","3.5616543191118204","-602.7522353228401","643.9582182042739","0"
"FNO TC","canonical","4","14","170","170","170","0.8992275601239403","0.9463867814161275","0.023866789215686284","0.008170147058823534","3.2753221263303773","-384.11967988855696","685.607113826976","0"
"FNO TC","canonical","4","15","170","170","170","0.89545736744493","0.9441840207952895","0.031413235294117665","0.008038259803921567","3.6716659589741942","-794.7891443589155","871.2796889361214","0"
"FNO TC","canonical","4","16","170","170","170","0.8947190377999147","0.9438572501402629","0.036713700980392144","0.007110318627450978","2.9599272653716713","-776.596528894761","829.3779770795037","0"
"FNO TC","canonical","4","17","170","170","170","0.8989875651711887","0.9464453134402753","0.03660806372549021","0.0064466421568627474","3.2498561584452172","-1099.7436135684743","1123.2445786420037","0"
"FNO TC","canonical","4","18","170","170","170","0.9082693327342394","0.9515988357646646","0.03266906862745096","0.0075459313725490225","3.161340695937949","-1192.4099106732538","1233.7164651309743","0"
"FNO TC","canonical","4","19","170","170","170","0.9070825084986123","0.9509485326449237","0.03819720588235294","0.0067036274509803965","3.7414330959610242","-1152.4030503216911","1195.9924115349265","0"
"FNO TC","canonical","4","20","170","170","170","0.9135702222634252","0.9545191877084069","0.038141593137254896","0.007166127450980391","4.374421351652983","-958.0797995174632","1036.1075453814337","0"
"FNO TC","canonical","4","21","170","170","170","0.9162401408156094","0.9560414117292453","0.0397611274509804","0.006171544117647056","4.843390432796448","-1094.7833812040442","1217.3411477481618","0"
"FNO TC","canonical","4","22","170","170","170","0.924210240978258","0.960374018620203","0.03631600490196078","0.007060612745098038","4.844836717651895","-1475.6319623161764","1547.4683823529413","0"
"FNO TC","canonical","4","23","170","170","170","0.9203684774829939","0.9578233221182005","0.03888110294117646","0.006398063725490195","5.857285876231515","-1397.5859892003677","1573.08916015625","0"
"FNO TC","canonical","4","24","170","170","170","0.9250790690917104","0.9601265696601187","0.03467178921568628","0.00788053921568627","9.246513705233678","-26246.701999080884","26536.63905101103","0"
"FNO TC","canonical","5","0","170","170","170","0.824198923015764","0.9018831648841725","0.000538406862745098","0.0017497549019607833","1.8012648837842742","-28.567930995716768","30.45660192826215","0"
"FNO TC","canonical","5","1","170","170","170","0.8289375049715053","0.9047192154104124","0.0004972549019607842","0.0022094117647058825","1.6325500997978666","-60.96897268856273","62.220975718778725","0"
"FNO TC","canonical","5","2","170","170","170","0.8405380072580322","0.9115652751730765","0.0005356862745098035","0.0022520588235294134","1.5458837952126678","-97.70663016824162","97.75306921566234","0"
"FNO TC","canonical","5","3","170","170","170","0.8598546147185233","0.923710847071963","0.00091485294117647","0.0018610539215686273","1.474314076511633","-118.15667262357825","120.20678123025333","0"
"FNO TC","canonical","5","4","170","170","170","0.8446935921758544","0.914630013585684","0.00042235294117647044","0.004559607843137255","1.5817108171470886","-102.17217425178079","118.16687622070313","0"
"FNO TC","canonical","5","5","170","170","170","0.8783248621699458","0.9344769997268536","0.0008924264705882352","0.0033662499999999995","1.7437785580014242","-133.3140961590935","161.79892389634077","0"
"FNO TC","canonical","5","6","170","170","170","0.8811360260423865","0.9361321722599174","0.0009420588235294112","0.004145514705882355","1.9614480809332777","-175.0396530151367","216.64008815989774","0"
"FNO TC","canonical","5","7","170","170","170","0.8777016769803847","0.9342832689544603","0.0007525245098039212","0.00624637254901961","2.329725766367261","-213.45286937040441","285.94987936580884","0"
"FNO TC","canonical","5","8","170","170","170","0.8970603605960897","0.9452732764940138","0.0015640931372549022","0.004627377450980391","2.2933658635065117","-237.486107859892","292.1881026324104","0"
"FNO TC","canonical","5","9","170","170","170","0.9028014566682935","0.9486164735131632","0.0022898529411764707","0.004945073529411764","2.6183632564779926","-213.04609033921184","361.4452997544233","0"
"FNO TC","canonical","5","10","170","170","170","0.9067340849035138","0.9508723791998588","0.002933014705882353","0.00708308823529412","2.6474212322697745","-410.66679256663605","457.89657341452204","0"
"FNO TC","canonical","5","11","170","170","170","0.910586945863903","0.9530313812977453","0.005566421568627453","0.007288970588235302","3.512769611816602","-590.8098209156709","620.1021721335019","0"
"FNO TC","canonical","5","12","170","170","170","0.9101462283531147","0.9527438194325508","0.008554583333333329","0.007715882352941173","3.7415260125721814","-692.5176097196692","724.315966796875","0"
"FNO TC","canonical","5","13","170","170","170","0.9044245307522123","0.9494706943750931","0.016599705882352933","0.0056722549019607845","3.8428937697125454","-699.2679256663603","800.2314137178308","0"
"FNO TC","canonical","5","14","170","170","170","0.9028902281972596","0.9485487490925545","0.02112482843137253","0.008348063725490195","4.305401948287509","-836.4391730813419","943.072669175092","0"
"FNO TC","canonical","5","15","170","170","170","0.8992664933470607","0.9464340755619564","0.028958872549019604","0.00753264705882353","4.463259742485289","-835.203748994715","1042.4636409983916","0"
"FNO TC","canonical","5","16","170","170","170","0.900331955304495","0.9470750287040973","0.03303906862745097","0.006586151960784312","3.90910184275407","-1233.6170848173253","1250.1314374138328","0"
"FNO TC","canonical","5","17","170","170","170","0.9042252934807526","0.9493646658348152","0.032972426470588234","0.005927794117647056","4.599554575267322","-1308.3756864659927","1378.0608599494485","0"
"FNO TC","canonical","5","18","170","170","170","0.9146176118651909","0.9550644102254566","0.029334387254901968","0.00689438725490196","4.297687062048718","-1183.8736443014707","1310.891934742647","0"
"FNO TC","canonical","5","19","170","170","170","0.9127244549544419","0.9540530291424676","0.03480306372549018","0.005869044117647061","4.529458441571891","-1381.7413143382353","1403.3868681066176","0"
"FNO TC","canonical","5","20","170","170","170","0.9198500203071257","0.9579627820656799","0.03438737745098038","0.006755686274509803","4.890831130221758","-1226.8778205422793","1307.6831744025735","0"
"FNO TC","canonical","5","21","170","170","170","0.9213696938139853","0.9588766836342703","0.036338235294117636","0.005836617647058823","4.723498749238189","-1100.0642290900735","1240.2283375459558","0"
"FNO TC","canonical","5","22","170","170","170","0.9293938241863824","0.963217607125569","0.03285357843137256","0.006605343137254902","5.449054899220423","-1410.472575827206","1453.0026884191177","0"
"FNO TC","canonical","5","23","170","170","170","0.924886525991731","0.9603111042624973","0.03598757352941176","0.00606593137254902","6.118525653765447","-1602.4525735294117","1655.825666360294","0"
"FNO TC","canonical","5","24","170","170","170","0.928589799765482","0.9620245110320625","0.032305784313725494","0.007724901960784316","8.162159091584599","-26774.473799402575","26847.145433134192","0"
"FNO TC","canonical","6","0","170","170","170","0.8221467519264687","0.9008207789074001","0.0007758578431372547","0.0014764215686274506","1.968871079728704","-31.791692980598","31.943744973575367","0"
"FNO TC","canonical","6","1","170","170","170","0.8257899221633942","0.9030756717281724","0.0007568382352941175","0.0019839705882352936","1.6718305656101036","-68.7191411859849","68.7191411859849","0"
"FNO TC","canonical","6","2","170","170","170","0.8322633619563743","0.907032868290038","0.0007596323529411764","0.0022885049019607836","1.5692318160917542","-101.37783133562873","101.37783133562873","0"
"FNO TC","canonical","6","3","170","170","170","0.8442902974037504","0.914618766099002","0.0011586274509803925","0.0018915196078431375","1.434948851000238","-126.12361095652861","126.12361095652861","0"
"FNO TC","canonical","6","4","170","170","170","0.8418796324288756","0.9127787813671551","0.0005655882352941173","0.004528872549019604","1.3595481444675321","-122.52425415936638","124.11230347577263","0"
"FNO TC","canonical","6","5","170","170","170","0.8736254110766491","0.9318653324928804","0.0010422794117647058","0.0033920098039215683","1.497393629983284","-102.9716256534352","139.339817720301","0"
"FNO TC","canonical","6","6","170","170","170","0.8768130919410473","0.9338098002585044","0.001127254901960784","0.004238186274509805","1.7218909718543212","-146.47805400175207","190.27452257941752","0"
"FNO TC","canonical","6","7","170","170","170","0.87410507361261","0.932208766855706","0.0007867892156862746","0.006356200980392156","2.178184643312687","-141.8920665067785","248.98711260627297","0"
"FNO TC","canonical","6","8","170","170","170","0.8940121680255472","0.9436682832294754","0.001691299019607842","0.00469732843137255","2.0076038914163954","-75.66617575252758","268.6442670036765","0"
"FNO TC","canonical","6","9","170","170","170","0.9001257391086726","0.9471556503215885","0.0026048039215686267","0.004776348039215687","2.5977816181649804","-13.32109177533318","358.0748565673828","0"
"FNO TC","canonical","6","10","170","170","170","0.9080673805837055","0.9515999785175403","0.0033002941176470593","0.0066769607843137286","3.0958307125126217","-249.07898954503676","395.95154670266544","0"
"FNO TC","canonical","6","11","170","170","170","0.9096271310031305","0.9524615566583154","0.0059469607843137245","0.006849975490196079","3.33665326689899","23.7016206629136","580.1052612304687","0"
"FNO TC","canonical","6","12","170","170","170","0.9088082655795257","0.9519433224494258","0.008745759803921569","0.007780686274509802","3.534545606010158","-94.22720660041361","545.4920718922334","0"
"FNO TC","canonical","6","13","170","170","170","0.8997392753428161","0.9468259295674568","0.018507745098039218","0.005314509803921566","3.7752037627116812","-424.0788208007813","535.3478407915901","0"
"FNO TC","canonical","6","14","170","170","170","0.898151346331411","0.945817312282437","0.023044191176470583","0.008374754901960787","3.5909941475636273","-778.1162676642923","796.6910694795496","0"
"FNO TC","canonical","6","15","170","170","170","0.8946365440250797","0.9438280460444227","0.031081666666666667","0.007326078431372547","3.3530199520460924","-913.3670295266544","932.1529497931986","0"
"FNO TC","canonical","6","16","170","170","170","0.8950224795301048","0.9441052625368508","0.03589747549019607","0.006237475490196079","3.5714547061407003","-655.284623448989","702.1183004940258","0"
"FNO TC","canonical","6","17","170","170","170","0.9004569275922082","0.9472901680460626","0.03462208333333334","0.00631029411764706","3.570101280976653","-751.5736586626838","870.5493422564339","0"
"FNO TC","canonical","6","18","170","170","170","0.9053198697856689","0.9498590677067237","0.03372480392156863","0.006397843137254906","4.1125034846544315","-827.6878705193014","1168.525089039522","0"
"FNO TC","canonical","6","19","170","170","170","0.9063861925287657","0.9504554423898707","0.03795894607843139","0.0059656127450980435","3.9632511613910175","-800.9108714384191","1159.592862477022","0"
"FNO TC","canonical","6","20","170","170","170","0.9148780832236854","0.9551784631863017","0.037784926470588225","0.006462965686274508","4.245607721531643","-723.7501407398897","1116.989777688419","0"
"FNO TC","canonical","6","21","170","170","170","0.917960367549205","0.9569301596525507","0.03879350490196077","0.005659460784313723","4.091835090958734","-1115.6235207950367","1292.8103314568016","0"
"FNO TC","canonical","6","22","170","170","170","0.9260085083648193","0.9613092617839735","0.03563017156862744","0.00655276960784314","5.1702997549847165","-1075.2306008731618","1299.3742474724265","0"
"FNO TC","canonical","6","23","170","170","170","0.9212593050085129","0.9582595362484335","0.038602426470588216","0.006338308823529409","6.961630138515547","-787.25419921875","1353.9513154871324","0"
"FNO TC","canonical","6","24","170","170","170","0.9245583548715796","0.9597807879463934","0.03553571078431371","0.007433700980392158","10.61687418289893","-26098.36225298713","26381.239895450366","0"
"FNO TC","canonical","7","0","170","170","170","0.8187728223885196","0.8990335981193031","0.0008496813725490191","0.001507401960784313","2.1290447981700966","-31.80236156688017","32.4229710298426","0"
"FNO TC","canonical","7","1","170","170","170","0.8247107302106338","0.9026457938769765","0.0008643382352941175","0.001962303921568627","2.0100122266177474","-66.30641766716452","66.47204921946806","0"
"FNO TC","canonical","7","2","170","170","170","0.8265413917835469","0.9036980680892719","0.0009737500000000002","0.002219068627450981","1.7860055910756698","-92.01653895658605","93.59215864293715","0"
"FNO TC","canonical","7","3","170","170","170","0.8454467625408547","0.9152818182581728","0.0011582843137254906","0.0018937990196078427","1.8140359313398893","-117.46394626393038","119.71247944551355","0"
"FNO TC","canonical","7","4","170","170","170","0.8485073277216469","0.916914017715919","0.0007480637254901961","0.004291789215686275","1.6321355096802084","-88.20028955796185","110.72503105612363","0"
"FNO TC","canonical","7","5","170","170","170","0.8721315241300245","0.9310009628881724","0.0013595588235294118","0.0031888235294117656","1.7039287378998171","-87.48217019473805","153.69164285098805","0"
"FNO TC","canonical","7","6","170","170","170","0.8805726611379585","0.9359740014663886","0.0014244607843137255","0.0037903921568627455","1.767270295073992","-93.37559132295496","208.86303531422334","0"
"FNO TC","canonical","7","7","170","170","170","0.8775563064305055","0.9340649227610714","0.0011477450980392156","0.005649044117647058","2.3000777224731626","-58.32718092974495","313.3590944177964","0"
"FNO TC","canonical","7","8","170","170","170","0.8925681536133512","0.9427332997563511","0.0020164460784313715","0.004361421568627453","2.164301027796771","24.056341193704043","338.6178567325368","0"
"FNO TC","canonical","7","9","170","170","170","0.896926252891281","0.9452844059310311","0.003053014705882354","0.004543186274509804","2.3254183783319085","-166.3087133071002","339.540381936466","0"
"FNO TC","canonical","7","10","170","170","170","0.9034836285618809","0.9490060114445973","0.0035201960784313722","0.0068214215686274475","2.782615996497059","-345.96235279756434","423.61162899241725","0"
"FNO TC","canonical","7","11","170","170","170","0.9098847312635873","0.9525843339361586","0.007085245098039215","0.00605174019607843","3.4677417919917235","-331.2244435029871","503.4273717543658","0"
"FNO TC","canonical","7","12","170","170","170","0.908092426627623","0.9515633160398013","0.009452034313725493","0.007395171568627449","3.464905115034499","-492.22985516716454","586.7177098891315","0"
"FNO TC","canonical","7","13","170","170","170","0.9027662311042394","0.9485519097015307","0.01774647058823529","0.005247254901960783","3.9650829126581604","-524.0111543543198","656.2534567440257","0"
"FNO TC","canonical","7","14","170","170","170","0.900305477622277","0.9471008772658676","0.023343161764705887","0.007541446078431375","5.365211927290989","-663.2639454561121","911.5882360121783","0"
"FNO TC","canonical","7","15","170","170","170","0.8983569473457302","0.9459192119863713","0.03041450980392155","0.007108308823529415","3.9051255525098814","-655.9209199793198","897.4267736098345","0"
"FNO TC","canonical","7","16","170","170","170","0.8950320503140562","0.9440895616602079","0.0370533333333333","0.006018970588235293","3.583804241335356","-679.5439769071692","845.128377757353","0"
"FNO TC","canonical","7","17","170","170","170","0.8987105406642769","0.9462887196324729","0.03732031862745102","0.0056917401960784346","3.927995098400028","-693.6091681985295","767.4349494485294","0"
"FNO TC","canonical","7","18","170","170","170","0.9070748826496937","0.9509303595991571","0.03403710784313725","0.006888480392156862","3.619397072642541","-936.5076545266544","980.8879222196691","0"
"FNO TC","canonical","7","19","170","170","170","0.9045526287786505","0.9495357170456503","0.04003286764705883","0.006369730392156863","3.5614024828545277","-781.3976131663603","978.2416159237132","0"
"FNO TC","canonical","7","20","170","170","170","0.9100935770490451","0.952582834320889","0.041201691176470594","0.006099215686274511","4.074871412169861","-499.8639447380515","968.1189309512868","0"
"FNO TC","canonical","7","21","170","170","170","0.9150400591008346","0.9553894934074711","0.040651495098039205","0.005830000000000001","5.222849438563753","-857.5359777113971","1148.837873391544","0"
"FNO TC","canonical","7","22","170","170","170","0.9228104691408122","0.9596267641714022","0.0372213725490196","0.006715955882352946","6.441035429878982","-925.7712172564338","1198.4604750689339","0"
"FNO TC","canonical","7","23","170","170","170","0.9175084832687043","0.956265223974691","0.040858382352941175","0.005863774509803924","5.622986377100889","-1006.8365349264706","1439.3266084558823","0"
"FNO TC","canonical","7","24","170","170","170","0.9214925846764226","0.9581587814440332","0.03717710784313726","0.007083039215686272","8.15803570836424","-26346.153182444854","26632.774873621325","0"
"FNO TC","canonical","8","0","170","170","170","0.8257842380159865","0.9028274615259726","0.0006709803921568627","0.0016290196078431374","2.2286491911164967","-30.160846104341395","30.61525230407715","0"
"FNO TC","canonical","8","1","170","170","170","0.833474275308146","0.9078442971502523","0.0007250245098039218","0.0020130147058823535","1.897157005729838","-65.33174319547766","65.42058273764218","0"
"FNO TC","canonical","8","2","170","170","170","0.8399607497383246","0.9118515767583286","0.0007541421568627452","0.0022771078431372545","1.7456618591444377","-95.31137482138242","95.63052855098948","0"
"FNO TC","canonical","8","3","170","170","170","0.8482844977610581","0.917219201136793","0.0012236274509803925","0.0018641176470588234","1.7029033939754854","-120.28361470839556","120.61730019064511","0"
"FNO TC","canonical","8","4","170","170","170","0.852551017468107","0.9191606019862715","0.0005827941176470586","0.004484215686274511","1.6460139043284685","-116.31886336382698","121.58769755643957","0"
"FNO TC","canonical","8","5","170","170","170","0.8790676575203566","0.9348877396715176","0.0011105882352941182","0.0031825980392156867","1.7109627157384255","-132.51728551528032","156.75976382984834","0"
"FNO TC","canonical","8","6","170","170","170","0.8837638827340538","0.9375717220448577","0.0012970343137254895","0.0037034803921568616","1.8474406249165969","-118.29633555692784","221.1054506189683","0"
"FNO TC","canonical","8","7","170","170","170","0.8751102540685977","0.9324852709043356","0.0009736764705882355","0.005735367647058822","2.0234276766349857","-168.8098289938534","303.9438061882468","0"
"FNO TC","canonical","8","8","170","170","170","0.8948020846258311","0.9439803409542956","0.0019365931372549011","0.004452352941176472","2.0929035665425326","-180.03484263700597","282.03359608369715","0"
"FNO TC","canonical","8","9","170","170","170","0.9008068931770183","0.9475234900375104","0.002837279411764705","0.004590392156862746","2.260735834091265","-139.35817530014936","320.0240401324104","0"
"FNO TC","canonical","8","10","170","170","170","0.9016285773464036","0.9480060561464353","0.0028744362745098044","0.0073919607843137254","2.730791932310971","-224.49560870002298","426.2592030244715","0"
"FNO TC","canonical","8","11","170","170","170","0.9075190222749763","0.9513431985976074","0.005375367647058822","0.00769796568627451","3.512422500340873","-281.39436789119947","441.59191499597887","0"
"FNO TC","canonical","8","12","170","170","170","0.9057670114095111","0.9503385468247741","0.008695024509803922","0.008372818627450975","3.2396479672690033","-360.914110251034","486.23026230755977","0"
"FNO TC","canonical","8","13","170","170","170","0.9055296195742422","0.9501276008160214","0.01510612745098039","0.006292818627450982","3.0395130653310156","-154.64916920381432","442.80702478745405","0"
"FNO TC","canonical","8","14","170","170","170","0.903315288107178","0.9488236895992198","0.020304117647058823","0.008864142156862745","3.4258690726352836","-371.1371388154871","564.3028815774356","0"
"FNO TC","canonical","8","15","170","170","170","0.8999723418825811","0.9468846942563443","0.027719191176470592","0.008007696078431367","3.925395134344408","-770.87293844784","833.8765344956342","0"
"FNO TC","canonical","8","16","170","170","170","0.8977708765678373","0.9456208277902747","0.03468549019607844","0.006805784313725491","3.8865358534597485","-865.1230834960937","888.6491347369026","0"
"FNO TC","canonical","8","17","170","170","170","0.9032734273968877","0.9488241725967551","0.034407794117647064","0.006347622549019608","4.156949770693698","-962.0693201401655","1015.9952909581801","0"
"FNO TC","canonical","8","18","170","170","170","0.9154364964283126","0.9555504492189569","0.02953426470588235","0.007021936274509803","3.581275404534447","-860.5482479319853","1013.2657169117647","0"
"FNO TC","canonical","8","19","170","170","170","0.9140436403939851","0.9547985566856736","0.035192230392156854","0.0061392156862745085","4.662384059117897","-997.5751436121324","1035.6295381433824","0"
"FNO TC","canonical","8","20","170","170","170","0.919786013791641","0.9579108913819292","0.035456764705882354","0.006397965686274512","4.917802081469916","-911.1047909007353","1064.5842026654411","0"
"FNO TC","canonical","8","21","170","170","170","0.9220573052087959","0.9592378807224863","0.03717024509803923","0.005464338235294117","4.935613336269175","-1127.0712057674632","1303.5847282858456","0"
"FNO TC","canonical","8","22","170","170","170","0.9293795338803945","0.9631941222605631","0.033987352941176475","0.006338946078431371","4.679219496552263","-1177.5071059283089","1406.36806640625","0"
"FNO TC","canonical","8","23","170","170","170","0.9253420119261963","0.9605556363816086","0.03619000000000002","0.006199975490196078","6.654399464886223","-929.360946116728","1368.4131290211396","0"
"FNO TC","canonical","8","24","170","170","170","0.9285007975706409","0.961982874380397","0.0327454656862745","0.007511715686274509","9.110146391350545","-26356.818244485294","26502.290533088235","0"
"FNO TC","canonical","9","0","170","170","170","0.8206623748902473","0.9000652711903722","0.0008349264705882351","0.0014546568627450977","1.7361489224079187","-24.72244530846091","27.724239517660703","0"
"FNO TC","canonical","9","1","170","170","170","0.825671882625469","0.9031929569378643","0.0007477941176470587","0.0020798774509803923","1.6298175693887043","-60.11626191980699","60.12853608972886","0"
"FNO TC","canonical","9","2","170","170","170","0.8314031734046813","0.9066629941564228","0.0008030882352941175","0.002268553921568628","1.6477055120271042","-81.20035900789149","82.77123437769272","0"
"FNO TC","canonical","9","3","170","170","170","0.8485586742616742","0.9172100732435884","0.0010824019607843138","0.0019214950980392155","1.6381925231429075","-114.74422863230986","115.05850260117475","0"
"FNO TC","canonical","9","4","170","170","170","0.8414592203251411","0.912630879029668","0.0006552205882352941","0.004430073529411764","1.6957527330883813","-123.70675349516027","127.23428896735696","0"
"FNO TC","canonical","9","5","170","170","170","0.8786863302129888","0.934650206040976","0.0011303431372549015","0.0032057352941176464","1.7771561955132518","-102.5947025972254","168.1626200058881","0"
"FNO TC","canonical","9","6","170","170","170","0.8815036981663282","0.9363208842785816","0.001264117647058823","0.0039183333333333336","1.6728733632095412","-135.25306342629824","242.22948410931755","0"
"FNO TC","canonical","9","7","170","170","170","0.8777366999699291","0.9341169420179438","0.0009253431372549019","0.005853749999999998","1.7138363657251394","-223.59414942124312","298.2742275462431","0"
"FNO TC","canonical","9","8","170","170","170","0.8963298326142171","0.9448482691191407","0.0018984558823529423","0.004306200980392156","1.7718773599220345","-180.601100248449","318.87670413746554","0"
"FNO TC","canonical","9","9","170","170","170","0.9017816721836738","0.9480246414679884","0.002733750000000001","0.00461049019607843","2.0912645856613667","-145.87966685575597","400.8528429816751","0"
"FNO TC","canonical","9","10","170","170","170","0.9060722215336474","0.9504767559022049","0.0032961764705882355","0.0066615931372549005","2.3252369064712326","-230.05805699965532","433.18878137925094","0"
"FNO TC","canonical","9","11","170","170","170","0.9098365305476536","0.9525857639206636","0.00594225490196078","0.0068688235294117675","3.264296164970052","-202.5095426671645","469.01363274069394","0"
"FNO TC","canonical","9","12","170","170","170","0.9095205197341749","0.95240503401994","0.008420392156862747","0.00783286764705882","3.2570040283271147","-37.57196547564338","575.7820470473346","0"
"FNO TC","canonical","9","13","170","170","170","0.9035520503250276","0.9490130442579512","0.01730257352941176","0.005353235294117646","4.267483018592798","-156.21217184627758","657.8079209271599","0"
"FNO TC","canonical","9","14","170","170","170","0.9046488808314076","0.9495505098791165","0.02066928921568627","0.00825002450980392","4.819584753897565","-473.68953498391545","758.141548426011","0"
"FNO TC","canonical","9","15","170","170","170","0.9004445586326287","0.9471257002192575","0.02818958333333332","0.007733921568627452","4.740108849728219","-775.8968175551471","921.7297076056985","0"
"FNO TC","canonical","9","16","170","170","170","0.8997126694743071","0.9467219341095704","0.03399781862745099","0.006556323529411764","4.275127320752297","-787.5320240693934","902.3110394646139","0"
"FNO TC","canonical","9","17","170","170","170","0.9042427217014369","0.9493974945271892","0.03392754901960786","0.006471176470588233","3.8635370159885642","-1034.6845315372243","1056.2682688993566","0"
"FNO TC","canonical","9","18","170","170","170","0.9137567685359385","0.9546401622450149","0.03039924019607843","0.006780245098039216","4.201484889186461","-1102.5241153492648","1131.0329159007354","0"
"FNO TC","canonical","9","19","170","170","170","0.9102153623266122","0.9526646021184833","0.036388823529411765","0.006366862745098038","3.8654440664981826","-709.9893669577206","933.9561408547794","0"
"FNO TC","canonical","9","20","170","170","170","0.9156904829135536","0.9556481773501603","0.03702495098039218","0.006735784313725491","3.412644709820226","-673.5831399356617","992.6705020680147","0"
"FNO TC","canonical","9","21","170","170","170","0.9183492654513807","0.9571796866515595","0.038399607843137264","0.006119436274509804","4.562519522119124","-985.2990176930147","1085.614826516544","0"
"FNO TC","canonical","9","22","170","170","170","0.9265603454670063","0.9616329936174003","0.03479107843137256","0.007118357843137255","5.467402034747431","-1074.1638585707722","1241.2990952435662","0"
"FNO TC","canonical","9","23","170","170","170","0.9232434934410975","0.9593833026541223","0.03705938725490198","0.006403431372549019","5.306008890009478","-1277.8049230238971","1538.4803825827205","0"
"FNO TC","canonical","9","24","170","170","170","0.9272488520178211","0.9612757756967589","0.03316007352941177","0.008017794117647059","8.370963260421279","-26070.645438878677","26360.450838694855","0"
"CNN/U-Net TC","canonical","0","0","170","170","170","0.36917685938875855","0.5350546660418825","0.018483921568627455","7.843137254901962e-07","3.2984453680479846","40.366639395321116","40.45199243882123","0"
"CNN/U-Net TC","canonical","0","1","170","170","170","0.49051587972826716","0.6528596560529659","0.013116348039215688","1.2034313725490194e-05","2.304263301975481","-16.66640582365148","20.180019356222715","0"
"CNN/U-Net TC","canonical","0","2","170","170","170","0.5536607261258534","0.7043533438606087","0.011121274509803922","3.8553921568627456e-05","1.7944680586382005","-24.821191069659065","34.557308623370005","0"
"CNN/U-Net TC","canonical","0","3","170","170","170","0.5151991443208681","0.6773260974606956","0.01582664215686275","6.9362745098039195e-06","1.7678341040956127","-51.89589888628792","52.777071515251606","0"
"CNN/U-Net TC","canonical","0","4","170","170","170","0.8473194674357426","0.9161734409836199","0.0019041176470588237","0.0027194607843137267","1.3248426668447908","-32.48454194910386","65.3932279698989","0"
"CNN/U-Net TC","canonical","0","5","170","170","170","0.8836151544858587","0.9373903043993288","0.0019105392156862741","0.0016594117647058808","1.2543916892842573","-43.80365887810202","84.45252470128676","0"
"CNN/U-Net TC","canonical","0","6","170","170","170","0.9038137116725228","0.9491987925879476","0.0008463480392156858","0.003644044117647058","1.5454845082698088","-33.06578225528493","93.13226067038143","0"
"CNN/U-Net TC","canonical","0","7","170","170","170","0.8950421591513836","0.9443137657925161","0.0003069607843137255","0.005991299019607844","1.6301291962892923","-40.160077981387865","100.23858786190257","0"
"CNN/U-Net TC","canonical","0","8","170","170","170","0.9127897537920047","0.9542087931573788","0.0006431862745098039","0.005292352941176468","1.9235263936017","-114.99570168887868","169.94554586971506","0"
"CNN/U-Net TC","canonical","0","9","170","170","170","0.9152486149268635","0.9555142907582242","0.0008211274509803916","0.0052013970588235285","1.8199738717084455","-171.28327205882354","232.77096090877757","0"
"CNN/U-Net TC","canonical","0","10","170","170","170","0.8724924221557296","0.9315773325825353","0.0002886274509803922","0.014886838235294122","2.2635707969495185","258.2900397805607","327.6227402630974","0"
"CNN/U-Net TC","canonical","0","11","170","170","170","0.9240759398671713","0.9603587647781774","0.0017417401960784327","0.00948357843137255","1.9418313175333615","-193.220021685432","302.64586612477024","0"
"CNN/U-Net TC","canonical","0","12","170","170","170","0.93398911300566","0.965736700486603","0.005669975490196078","0.005803504901960787","2.1438952213910993","72.293359375","177.14350298713236","0"
"CNN/U-Net TC","canonical","0","13","170","170","170","0.9237752474028136","0.9602557587058681","0.00582529411764706","0.009378039215686276","1.7662597524859578","-33.01191549862132","167.23957232306986","0"
"CNN/U-Net TC","canonical","0","14","170","170","170","0.8943714985629295","0.9439727065705011","0.01666384803921569","0.0087665931372549","2.0719458736228535","-222.2577694163603","292.37288028492645","0"
"CNN/U-Net TC","canonical","0","15","170","170","170","0.8998281801369455","0.9470680631791509","0.01538225490196079","0.013705710784313728","2.0252527404292087","-434.7656350528493","439.65157255284925","0"
"CNN/U-Net TC","canonical","0","16","170","170","170","0.899603796525501","0.9468977594972507","0.019449534313725494","0.012691397058823535","3.6245946362726604","-58.29941980698529","312.1158547794118","0"
"CNN/U-Net TC","canonical","0","17","170","170","170","0.8947984423373943","0.9439473713814722","0.025485171568627455","0.010265024509803924","2.572181712956425","-281.6603372012868","502.3716883042279","0"
"CNN/U-Net TC","canonical","0","18","170","170","170","0.9239068781852945","0.9601675117696036","0.018172132352941177","0.010529779411764709","2.4927822327002276","-295.7738654641544","834.7083725873161","0"
"CNN/U-Net TC","canonical","0","19","170","170","170","0.9209788773465449","0.9585032183387067","0.027224583333333347","0.006428529411764705","3.6292126770608797","402.5774528952206","508.68662109375","0"
"CNN/U-Net TC","canonical","0","20","170","170","170","0.9319963454742662","0.9644500158968904","0.017696715686274508","0.012619068627450982","4.634473251151354","909.1878303079044","1287.6149500229778","0"
"CNN/U-Net TC","canonical","0","21","170","170","170","0.9311035546736137","0.9640488285834437","0.013058774509803922","0.017900563725490187","2.995597429319919","-75.3314568014706","270.61701516544116","0"
"CNN/U-Net TC","canonical","0","22","170","170","170","0.9264252902782756","0.9614269770273166","0.012811691176470593","0.02076252450980392","3.655410383316395","900.1916360294117","1192.0151999080883","0"
"CNN/U-Net TC","canonical","0","23","170","170","170","0.9138930162366758","0.9540795527363947","0.00930757352941176","0.029333235294117636","8.480012757203133","110.00066061580883","662.82998046875","0"
"CNN/U-Net TC","canonical","0","24","170","170","170","0.9091226106210637","0.9512420926978609","0.0101809068627451","0.03214602941176471","8.017338242907115","-24937.768474264707","25206.56410845588","0"
"CNN/U-Net TC","canonical","1","0","170","170","170","0.34952626491919836","0.5161294501970803","0.020865686274509816","0.0","3.574443248563331","85.6303721932804","85.6303721932804","0"
"CNN/U-Net TC","canonical","1","1","170","170","170","0.4727992721387944","0.6378689156716851","0.014436495098039213","3.8725490196078425e-06","2.680643492112317","36.60241842830882","37.53707275390625","0"
"CNN/U-Net TC","canonical","1","2","170","170","170","0.5039993122566813","0.6667555327105966","0.01467218137254903","5.784313725490195e-06","2.1453880736830686","42.535412238625916","47.64991580738741","0"
"CNN/U-Net TC","canonical","1","3","170","170","170","0.6800210337911073","0.8008139439008973","0.006486004901960787","0.00016098039215686272","1.3993130858190364","-61.49497326121611","63.0673968595617","0"
"CNN/U-Net TC","canonical","1","4","170","170","170","0.8563463216719334","0.92129935989985","0.00236436274509804","0.001653333333333333","1.2033136233882995","-53.273727282355814","55.954264068603514","0"
"CNN/U-Net TC","canonical","1","5","170","170","170","0.8784888956686877","0.9344843058522728","0.0019101715686274524","0.001985661764705883","1.1602136085502475","-8.463032352223117","64.17827570298138","0"
"CNN/U-Net TC","canonical","1","6","170","170","170","0.901878944054362","0.9481399286450596","0.0011275735294117644","0.003288578431372549","1.542591685710607","-80.4496935676126","103.9822073543773","0"
"CNN/U-Net TC","canonical","1","7","170","170","170","0.8718269727870752","0.9310732382031351","0.0002946568627450981","0.006562132352941176","1.7824834667777876","-62.45287762810202","172.78652954101562","0"
"CNN/U-Net TC","canonical","1","8","170","170","170","0.8214100289295289","0.901322092971673","0.00010642156862745097","0.011738676470588237","2.235831839919539","-175.23606746897977","178.00226404526654","0"
"CNN/U-Net TC","canonical","1","9","170","170","170","0.88222443543859","0.9371128426818207","0.00041438725490196076","0.00786666666666667","2.1714829153610884","-175.12824132582722","212.3881441004136","0"
"CNN/U-Net TC","canonical","1","10","170","170","170","0.9212469198002051","0.9588082925252148","0.0015201225490196078","0.007836519607843137","3.672469391969365","-306.25535888671874","362.2556116440717","0"
"CNN/U-Net TC","canonical","1","11","170","170","170","0.8952907155540731","0.9444801700219336","0.009377549019607842","0.0036669852941176475","7.0603141110428","-711.7941452923943","711.7941452923943","0"
"CNN/U-Net TC","canonical","1","12","170","170","170","0.9288977269532663","0.9630195726017787","0.004319068627450984","0.007773774509803921","1.8753629071203333","194.68554831112132","223.05363338694852","0"
"CNN/U-Net TC","canonical","1","13","170","170","170","0.924468325396657","0.96063278932008","0.005214338235294116","0.009590049019607841","2.064749092800696","315.72938232421876","412.52884377872243","0"
"CNN/U-Net TC","canonical","1","14","170","170","170","0.9179183451646082","0.9570528763822032","0.007345637254901958","0.014165539215686276","1.918157402703777","-498.34087201286764","498.4925063189338","0"
"CNN/U-Net TC","canonical","1","15","170","170","170","0.8947738855148696","0.9441565602247666","0.020170098039215694","0.009275171568627453","2.0421106020762116","117.30501349954044","229.30089183134191","0"
"CNN/U-Net TC","canonical","1","16","170","170","170","0.916612008119773","0.9563646857775538","0.010526544117647061","0.01724823529411765","2.1123290789331435","97.13594180836397","213.29587115119486","0"
"CNN/U-Net TC","canonical","1","17","170","170","170","0.9033271258400335","0.9488643067554438","0.02537816176470588","0.008541053921568627","1.906931774268922","-109.91789407169118","239.85495749080883","0"
"CNN/U-Net TC","canonical","1","18","170","170","170","0.9153080308775745","0.9553600702190553","0.024186617647058827","0.00794916666666666","2.494027004255228","231.98675896139707","286.41704388786764","0"
"CNN/U-Net TC","canonical","1","19","170","170","170","0.919607580268865","0.9577709211477343","0.027214877450980394","0.006922671568627449","2.3929456769450312","254.95602022058824","505.0872759650735","0"
"CNN/U-Net TC","canonical","1","20","170","170","170","0.9289693595826461","0.9627678990616608","0.01708036764705883","0.013907475490196079","3.21474983914034","413.7737994025735","524.3786362591911","0"
"CNN/U-Net TC","canonical","1","21","170","170","170","0.9299341420549103","0.9633639209100845","0.014389509803921573","0.016821666666666665","3.042156690064803","-299.8119140625","447.8489200367647","0"
"CNN/U-Net TC","canonical","1","22","170","170","170","0.9118039718248082","0.9532433055352644","0.008328553921568636","0.03034428921568628","5.448970654313792","-1057.9785386029412","1338.986799172794","0"
"CNN/U-Net TC","canonical","1","23","170","170","170","0.9190413020924733","0.9569241353465712","0.009782818627450982","0.02659857843137256","4.844072641836944","382.8415153952206","769.9377470128677","0"
"CNN/U-Net TC","canonical","1","24","170","170","170","0.9102251451858369","0.9518486850824712","0.00916982843137255","0.03219088235294118","6.100457377443286","-24719.312769990807","25512.416802619486","0"
"CNN/U-Net TC","canonical","2","0","170","170","170","0.3543085091204438","0.5197284332355424","0.019908063725490185","1.4705882352941178e-07","3.775224375904048","46.18044880137724","46.18044880137724","0"
"CNN/U-Net TC","canonical","2","1","170","170","170","0.4316831063412115","0.5983067567187283","0.016902058823529412","2.5735294117647057e-06","3.1076205817281406","67.06450388291303","67.20871227488799","0"
"CNN/U-Net TC","canonical","2","2","170","170","170","0.5486163539777971","0.7010359172180582","0.011415833333333335","2.6544117647058818e-05","2.3008566814934346","-34.467819079230814","36.22937886855181","0"
"CNN/U-Net TC","canonical","2","3","170","170","170","0.5409118110369965","0.6932111566621877","0.012989485294117637","3.933823529411766e-05","1.9665627156291876","-50.52283352122587","51.11706480138442","0"
"CNN/U-Net TC","canonical","2","4","170","170","170","0.8113885080261606","0.8928041312369747","0.0037504411764705875","0.0013798774509803911","1.3381034638468008","-45.14698279885685","49.804644147087544","0"
"CNN/U-Net TC","canonical","2","5","170","170","170","0.841053846003595","0.9123987359302206","0.002366568627450982","0.0029470343137254907","1.1720871061978178","-107.70147767908433","107.85972173354205","0"
"CNN/U-Net TC","canonical","2","6","170","170","170","0.8629689283800017","0.9256540616765521","0.0011950490196078428","0.005769583333333332","1.4189437812232097","-263.65343224020563","263.65343224020563","0"
"CNN/U-Net TC","canonical","2","7","170","170","170","0.9136602135638197","0.9546882023580265","0.000994705882352941","0.004064975490196079","1.2522688528586172","-214.4897933062385","214.9583688174977","0"
"CNN/U-Net TC","canonical","2","8","170","170","170","0.9025600643943406","0.9484815186893406","0.0005398284313725491","0.006211470588235295","1.3638108376503415","-314.9723216337316","314.9723216337316","0"
"CNN/U-Net TC","canonical","2","9","170","170","170","0.9156965233469366","0.955724436178438","0.000944117647058824","0.005563186274509805","1.3102604430029459","-235.7559257956112","264.67944515452666","0"
"CNN/U-Net TC","canonical","2","10","170","170","170","0.8813202578369042","0.9367051893890994","0.0004118627450980391","0.012247867647058826","2.7336795446019164","-129.62367374195773","270.2079022575827","0"
"CNN/U-Net TC","canonical","2","11","170","170","170","0.9191290082097592","0.9576893841728294","0.0020658088235294115","0.010073725490196079","2.8475551898714415","325.2521391027114","415.6268676757812","0"
"CNN/U-Net TC","canonical","2","12","170","170","170","0.9272795775568355","0.9621158373310217","0.003100318627450981","0.009400343137254902","4.163646924274573","-530.4101756376378","591.1750394933364","0"
"CNN/U-Net TC","canonical","2","13","170","170","170","0.9096886451449009","0.9525625318105017","0.007099534313725492","0.010642107843137258","2.6304534947691605","-481.6264540728401","546.7521204331342","0"
"CNN/U-Net TC","canonical","2","14","170","170","170","0.9100202072720865","0.9527159984086154","0.005952720588235297","0.018735","2.5012095948413338","-584.7714786305147","586.0707892922794","0"
"CNN/U-Net TC","canonical","2","15","170","170","170","0.8790990516795993","0.9352145466341016","0.025218235294117666","0.008437328431372546","5.143680226828338","-87.68915728400735","263.1475356158088","0"
"CNN/U-Net TC","canonical","2","16","170","170","170","0.9045273914638037","0.9496682736666668","0.01786884803921568","0.012531397058823534","3.2125150722513105","148.41118020450367","285.84668686810664","0"
"CNN/U-Net TC","canonical","2","17","170","170","170","0.9112203656023941","0.9533689065755125","0.016864436274509797","0.014383995098039217","5.483204901542498","-336.2203900505515","1027.001318359375","0"
"CNN/U-Net TC","canonical","2","18","170","170","170","0.9219543846382957","0.9590909552338738","0.020134558823529415","0.009494240196078429","5.278742604127902","108.0338493795956","320.4606186810662","0"
"CNN/U-Net TC","canonical","2","19","170","170","170","0.9260004803668519","0.9612630902666295","0.02285144607843137","0.008459656862745094","3.453414971245028","334.7314280790441","787.4825252757353","0"
"CNN/U-Net TC","canonical","2","20","170","170","170","0.9318734426488967","0.9643833305973586","0.015482990196078435","0.014407965686274504","2.5479344382298597","123.00353860294118","390.52897518382355","0"
"CNN/U-Net TC","canonical","2","21","170","170","170","0.934759525951934","0.9660666846719681","0.017947524509803928","0.012292450980392151","6.495338300137592","1703.4268037683823","1829.2541015625","0"
"CNN/U-Net TC","canonical","2","22","170","170","170","0.9256550489031939","0.9610342415917839","0.01160703431372549","0.021880833333333335","3.5102262834718396","-269.80778952205884","425.96236213235295","0"
"CNN/U-Net TC","canonical","2","23","170","170","170","0.9208225672803576","0.9579715602883657","0.01000801470588235","0.02555198529411765","5.593562686495165","-23.429721966911764","621.3278377757352","0"
"CNN/U-Net TC","canonical","2","24","170","170","170","0.9056750518643606","0.9493142447229059","0.007657941176470585","0.03533759803921569","4.99812456247822","-24925.23796530331","25309.390803079044","0"
"CNN/U-Net TC","canonical","3","0","170","170","170","0.4580826308883291","0.6169474689391117","0.012159313725490197","7.745098039215687e-06","2.5999669309046047","24.895716723273782","25.583406201530906","0"
"CNN/U-Net TC","canonical","3","1","170","170","170","0.5379222814068563","0.6851993361115004","0.010206397058823532","3.240196078431373e-05","2.1135387687296334","-36.51858240015366","36.51858240015366","0"
"CNN/U-Net TC","canonical","3","2","170","170","170","0.6280861973064423","0.7565393156573158","0.0074282107843137305","0.00019328431372549017","1.6117033508879568","-58.791822814941405","58.99873675178079","0"
"CNN/U-Net TC","canonical","3","3","170","170","170","0.5148855354762799","0.6761621277420385","0.015597843137254893","8.480392156862742e-06","1.7512620089456679","-44.234597194896025","45.68412345437442","0"
"CNN/U-Net TC","canonical","3","4","170","170","170","0.8370736580046996","0.9101172810835017","0.0018283823529411769","0.0034522058823529427","1.0119490932661153","-50.3707753349753","60.94805553660673","0"
"CNN/U-Net TC","canonical","3","5","170","170","170","0.8442865668034953","0.9132003175630292","0.003412009803921569","0.0010738480392156855","0.9382969048363502","-129.0743309469784","129.62285138298483","0"
"CNN/U-Net TC","canonical","3","6","170","170","170","0.9013617051920985","0.9478244382907404","0.0007062745098039216","0.0039043872549019603","1.682617741300567","-138.74280521168427","142.29145848891315","0"
"CNN/U-Net TC","canonical","3","7","170","170","170","0.9077522543297372","0.9514087430307901","0.0005377450980392154","0.0050956617647058815","1.3102831974358105","-119.05926854750689","142.92181019502527","0"
"CNN/U-Net TC","canonical","3","8","170","170","170","0.9119356506281965","0.9537420027904179","0.0005191176470588233","0.004923137254901962","1.2947841597675407","-212.15791985006894","215.1906203326057","0"
"CNN/U-Net TC","canonical","3","9","170","170","170","0.9081857234633243","0.9516621576610842","0.0004828676470588234","0.007163088235294111","1.7696965780735758","-194.55752814797793","227.29612319048712","0"
"CNN/U-Net TC","canonical","3","10","170","170","170","0.9309265005552504","0.9640808818130198","0.0012866666666666673","0.006664999999999998","3.059631691255327","137.43374167049632","214.65062040441177","0"
"CNN/U-Net TC","canonical","3","11","170","170","170","0.9274924676512288","0.9622523434738055","0.0046312500000000026","0.0048903431372549","2.051555536479866","57.86994987936581","118.52804098690257","0"
"CNN/U-Net TC","canonical","3","12","170","170","170","0.9252656406022443","0.9610128702050035","0.0021897794117647063","0.010980465686274511","1.889187447155177","54.44199290556066","170.7821999942555","0"
"CNN/U-Net TC","canonical","3","13","170","170","170","0.9063822003141712","0.9506699308892658","0.010826470588235295","0.005806740196078428","2.592647771642889","-132.07113898782168","559.3219920438879","0"
"CNN/U-Net TC","canonical","3","14","170","170","170","0.912142920892934","0.9539108566326925","0.008616985294117651","0.01351360294117647","1.8112233252387475","-482.9265869140625","482.9265869140625","0"
"CNN/U-Net TC","canonical","3","15","170","170","170","0.9081586397795993","0.9517023062982409","0.013437965686274509","0.012918700980392153","1.8843626852068962","-5.824016256893382","176.9531120749081","0"
"CNN/U-Net TC","canonical","3","16","170","170","170","0.8601588640734793","0.9240100336946171","0.03936855392156863","0.005911348039215689","4.541593240872228","1146.1668212890625","1178.349280503217","0"
"CNN/U-Net TC","canonical","3","17","170","170","170","0.897477507644142","0.9455230386659798","0.021902671568627453","0.012715735294117644","6.768803235028161","-202.94024011948528","750.6391371783088","0"
"CNN/U-Net TC","canonical","3","18","170","170","170","0.9100722736247034","0.9523453929383199","0.02667009803921569","0.006459901960784311","3.476627028100901","-788.0826516544117","856.0723920036764","0"
"CNN/U-Net TC","canonical","3","19","170","170","170","0.9342960966588163","0.9658021603836427","0.014704093137254893","0.012721225490196079","4.598790081876675","-156.56306295955883","355.8470301011029","0"
"CNN/U-Net TC","canonical","3","20","170","170","170","0.9341029710880105","0.9655763829954718","0.012569705882352941","0.016021372549019617","4.878872332917868","1090.1566837086398","1636.9417767693014","0"
"CNN/U-Net TC","canonical","3","21","170","170","170","0.9358132772004742","0.9666055195292033","0.014019509803921568","0.015056372549019608","5.418986735773861","-297.1777228860294","557.9485523897059","0"
"CNN/U-Net TC","canonical","3","22","170","170","170","0.9330661527093201","0.9651407609700154","0.02045693627450981","0.012155686274509806","10.317131277048514","-643.4894588694852","955.3871725643382","0"
"CNN/U-Net TC","canonical","3","23","170","170","170","0.9277906149309664","0.9617722522717485","0.012894142156862744","0.020294191176470588","6.119426879190671","-703.8285500919118","728.1953699448529","0"
"CNN/U-Net TC","canonical","3","24","170","170","170","0.8821804666744522","0.9359141221948246","0.004880245098039218","0.05001732843137256","5.463710062144494","-24137.430020680145","26440.5228515625","0"
"CNN/U-Net TC","canonical","4","0","170","170","170","0.37197003904077647","0.5390271448258813","0.018811323529411755","7.352941176470589e-08","3.02933102580067","44.31757949380314","44.57650978985955","0"
"CNN/U-Net TC","canonical","4","1","170","170","170","0.4125597332646224","0.5798077061724047","0.018785098039215697","2.450980392156863e-07","2.94402856991454","30.150239809821635","33.71122725991642","0"
"CNN/U-Net TC","canonical","4","2","170","170","170","0.5042692347582852","0.6663631006529963","0.014853161764705887","5.7843137254901944e-06","2.3308680969686226","18.74652837865493","36.27385009316837","0"
"CNN/U-Net TC","canonical","4","3","170","170","170","0.6312730659240722","0.7640031246117192","0.008507647058823531","0.00010365196078431376","1.4778847530085992","-51.149313534007355","53.071385641659006","0"
"CNN/U-Net TC","canonical","4","4","170","170","170","0.8050907707126473","0.8889632103150157","0.004576323529411765","0.000943651960784313","1.1642764196507704","-74.45705018884995","75.43993054558248","0"
"CNN/U-Net TC","canonical","4","5","170","170","170","0.8457830267916725","0.9153225490054921","0.0015052205882352934","0.004269901960784315","1.1852054725255157","-89.30923713235295","93.25627297794118","0"
"CNN/U-Net TC","canonical","4","6","170","170","170","0.8380616090350181","0.9102522492510504","0.0010201470588235295","0.007383823529411765","1.6355981563976651","-26.908386769014246","89.70603476131663","0"
"CNN/U-Net TC","canonical","4","7","170","170","170","0.8873463029134299","0.9399349919574188","0.00032051470588235305","0.006592941176470586","1.8768415161149268","-267.4295212689568","268.24604456284465","0"
"CNN/U-Net TC","canonical","4","8","170","170","170","0.9141784669482902","0.9550076663308842","0.000741911764705882","0.004698749999999997","1.5153601091787838","-0.2684389002182904","172.317993702608","0"
"CNN/U-Net TC","canonical","4","9","170","170","170","0.8693741891266606","0.9298182348349283","0.00017426470588235285","0.009670637254901958","3.2480725789968763","-189.66970196892234","227.2485751881319","0"
"CNN/U-Net TC","canonical","4","10","170","170","170","0.9299944383116957","0.9635580067485696","0.0016069117647058827","0.005833186274509804","2.2976348568175844","-390.94042214786305","393.4419056611903","0"
"CNN/U-Net TC","canonical","4","11","170","170","170","0.9233822907927915","0.9599713610662416","0.0017722794117647062","0.00923813725490196","1.6303196219545897","193.51348302504596","212.65508602366728","0"
"CNN/U-Net TC","canonical","4","12","170","170","170","0.9324680180805","0.9649192954723381","0.004375441176470584","0.007260269607843138","1.6858645988046936","-96.02284007352941","212.64111328125","0"
"CNN/U-Net TC","canonical","4","13","170","170","170","0.92996315902691","0.9635446318510255","0.003651960784313723","0.010662745098039219","1.9712260105497872","246.56080178653494","410.266013470818","0"
"CNN/U-Net TC","canonical","4","14","170","170","170","0.89834350190319","0.9462139652397414","0.013523529411764709","0.010368725490196075","2.058687201650479","-415.72592270795036","574.8910536822151","0"
"CNN/U-Net TC","canonical","4","15","170","170","170","0.8707307392210168","0.9303547962911687","0.02797470588235294","0.007985","2.004850777964957","-276.77928251378677","492.23448988970586","0"
"CNN/U-Net TC","canonical","4","16","170","170","170","0.9095557444938972","0.9524600000526203","0.018338112745098042","0.011228504901960779","2.979053826956563","83.05591107536765","207.71121036305146","0"
"CNN/U-Net TC","canonical","4","17","170","170","170","0.8945715354628124","0.9437922719675289","0.028333602941176456","0.007547230392156858","3.3306879554206885","816.1010483685661","816.1010483685661","0"
"CNN/U-Net TC","canonical","4","18","170","170","170","0.9105973261474973","0.9526941300686949","0.0266423774509804","0.007113259803921567","3.4657705900104054","-606.2916963465074","606.5374339384191","0"
"CNN/U-Net TC","canonical","4","19","170","170","170","0.9314208894694151","0.9642466185346102","0.020348112745098044","0.009017107843137253","4.9575883110629375","-833.1223805147059","1132.0986615349266","0"
"CNN/U-Net TC","canonical","4","20","170","170","170","0.9327682820448464","0.9648786442075332","0.018988284313725488","0.011478235294117647","4.506393622927537","74.95017520680148","1176.9873592601102","0"
"CNN/U-Net TC","canonical","4","21","170","170","170","0.9323500353219233","0.9647205863480475","0.012300784313725489","0.018126078431372546","2.605967149359876","-746.2152889476102","849.4601878446691","0"
"CNN/U-Net TC","canonical","4","22","170","170","170","0.9187863804230562","0.957190885968158","0.009124705882352948","0.02730482843137254","4.274441340095193","237.66691176470587","1053.2790785845589","0"
"CNN/U-Net TC","canonical","4","23","170","170","170","0.9099306257150804","0.9518763435720656","0.00820009803921568","0.03241144607843138","4.035253089119625","98.15043658088236","485.12516084558825","0"
"CNN/U-Net TC","canonical","4","24","170","170","170","0.9068134643423553","0.9499771375621072","0.00786745098039216","0.035742058823529425","6.035159100866254","-25191.15278033088","25347.349046415442","0"
"CNN/U-Net TC","canonical","5","0","170","170","170","0.4517052487297979","0.6159770663448747","0.01286700980392157","3.651960784313725e-06","2.610916002163421","16.428960149428423","17.229190826416016","0"
"CNN/U-Net TC","canonical","5","1","170","170","170","0.4609146174480553","0.6266636002946919","0.015305637254901949","3.8480392156862745e-06","2.432503423446892","-13.14418067932129","19.189314112943762","0"
"CNN/U-Net TC","canonical","5","2","170","170","170","0.5570647865037179","0.7086693671500932","0.01121330882352941","2.6911764705882354e-05","1.8089062361609531","-25.064029693603516","28.799149053237016","0"
"CNN/U-Net TC","canonical","5","3","170","170","170","0.6557978996506619","0.7849255149842458","0.0077224999999999985","0.00011281862745098031","1.39872127411073","-60.2933780445772","60.39915250890395","0"
"CNN/U-Net TC","canonical","5","4","170","170","170","0.8398743220808915","0.9111336360152807","0.0037315686274509777","0.0008487009803921566","1.2002288292208816","-57.695273051542394","61.02166914098403","0"
"CNN/U-Net TC","canonical","5","5","170","170","170","0.8888006967496571","0.940557377483007","0.0015738725490196078","0.002116642156862744","1.0858700836551602","72.15487563189338","77.63867367015166","0"
"CNN/U-Net TC","canonical","5","6","170","170","170","0.8902138644205912","0.9415657419612217","0.0012763725490196073","0.00370232843137255","1.3629610297630317","-56.933204650878906","65.65040579403149","0"
"CNN/U-Net TC","canonical","5","7","170","170","170","0.8570063480113416","0.9224517843465974","0.00017982843137254894","0.008280686274509801","1.6844507366340211","-21.794470394358914","91.56094557818244","0"
"CNN/U-Net TC","canonical","5","8","170","170","170","0.8120145654779042","0.8953200651861241","0.00010318627450980391","0.012703112745098041","2.322575442973591","-132.8711551441866","140.4811160816866","0"
"CNN/U-Net TC","canonical","5","9","170","170","170","0.6940237095114553","0.8174047774168979","4.034313725490195e-05","0.02557823529411765","4.601662165787139","-65.13996725643382","98.91921027688419","0"
"CNN/U-Net TC","canonical","5","10","170","170","170","0.9225381630377081","0.9595284162230414","0.0035531862745098028","0.0042914460784313725","1.986712404060682","172.7980526194853","294.40736299402573","0"
"CNN/U-Net TC","canonical","5","11","170","170","170","0.9073709221136601","0.9512568754632394","0.005834289215686276","0.005899215686274507","4.7129650621982835","-265.13430463005517","309.09422535615806","0"
"CNN/U-Net TC","canonical","5","12","170","170","170","0.9207491083092713","0.9586348461190235","0.005226004901960783","0.008063088235294115","2.51622083943388","221.5995397231158","654.3267499138327","0"
"CNN/U-Net TC","canonical","5","13","170","170","170","0.9265296720925958","0.9617302975696587","0.004918063725490197","0.00986365196078431","2.5466539713741927","-186.98024686925552","271.31290139590993","0"
"CNN/U-Net TC","canonical","5","14","170","170","170","0.9141439290853406","0.954899061639266","0.004783088235294118","0.018866299019607843","4.614379218525149","-832.0843800264246","832.0843800264246","0"
"CNN/U-Net TC","canonical","5","15","170","170","170","0.865486473682091","0.9271659353411841","0.03129686274509805","0.006192009803921572","3.4636774355489357","593.0720947265625","594.140709731158","0"
"CNN/U-Net TC","canonical","5","16","170","170","170","0.909653621635165","0.9525330151115377","0.015759166666666668","0.013799460784313732","2.121659025308405","228.41924689797793","348.6489889705882","0"
"CNN/U-Net TC","canonical","5","17","170","170","170","0.887532225266793","0.9397247138673225","0.029502034313725476","0.008892745098039221","2.2908830941218232","-142.63837316176472","310.08197954963236","0"
"CNN/U-Net TC","canonical","5","18","170","170","170","0.9078201979122811","0.9511110343576136","0.024956225490196073","0.00925436274509804","2.826961965951886","404.7305060891544","558.2602223115808","0"
"CNN/U-Net TC","canonical","5","19","170","170","170","0.9260103700952074","0.9612964692308165","0.022719093137254905","0.008712647058823521","3.320255962793858","-860.0241727941177","1212.3131721047794","0"
"CNN/U-Net TC","canonical","5","20","170","170","170","0.9295802755359686","0.9631594171826693","0.014301004901960785","0.016513504901960775","6.2583872818816495","1081.1195944393382","1086.3307157628676","0"
"CNN/U-Net TC","canonical","5","21","170","170","170","0.9318929542993788","0.9645102392526439","0.012596789215686275","0.01778649509803921","3.4066463478550424","-170.7928768382353","502.2278033088235","0"
"CNN/U-Net TC","canonical","5","22","170","170","170","0.9308947255768197","0.9639375248399146","0.012815833333333337","0.01894276960784313","4.207279782726358","2241.8210248161763","3062.6735064338236","0"
"CNN/U-Net TC","canonical","5","23","170","170","170","0.9183221016838136","0.95658639292628","0.009379730392156865","0.027198259803921557","8.82778558740566","2047.3284409466912","2841.659380744485","0"
"CNN/U-Net TC","canonical","5","24","170","170","170","0.9023419800070197","0.9474929630652594","0.007439754901960781","0.03781276960784315","9.864606665678041","-22439.953050321692","28340.1006261489","0"
"CNN/U-Net TC","canonical","6","0","170","170","170","0.35043967552241073","0.5165820008795657","0.020623529411764714","0.0","3.233097385305539","77.93036833370434","77.93036833370434","0"
"CNN/U-Net TC","canonical","6","1","170","170","170","0.493882363620978","0.6533851647124108","0.01261710784313725","7.034313725490196e-06","2.283218999977177","6.5509271958295034","17.411394994399128","0"
"CNN/U-Net TC","canonical","6","2","170","170","170","0.5230662466522229","0.6810687936886687","0.013010392156862742","8.651960784313724e-06","1.884502749818939","63.73743131300982","67.94511783824248","0"
"CNN/U-Net TC","canonical","6","3","170","170","170","0.6162152788258628","0.7526242942686994","0.00902980392156863","0.000105343137254902","1.4369786349471372","-18.82257703893325","34.25095012889189","0"
"CNN/U-Net TC","canonical","6","4","170","170","170","0.8152871365178649","0.8951600695159765","0.004309656862745097","0.0008304901960784305","1.2460937866013222","-46.58578082813936","50.16357228896197","0"
"CNN/U-Net TC","canonical","6","5","170","170","170","0.8540959739572874","0.9204202275092451","0.0017425490196078435","0.0034559803921568656","1.3635189162602428","-121.4475523107192","121.4475523107192","0"
"CNN/U-Net TC","canonical","6","6","170","170","170","0.8505978412235745","0.9179741132413289","0.0006139460784313724","0.0073151715686274495","2.1132281163196676","-153.21881848503563","155.30559503891888","0"
"CNN/U-Net TC","canonical","6","7","170","170","170","0.8746985743421265","0.9325657986876335","0.0002775000000000001","0.007019779411764708","2.621758789614313","-159.24462441837088","206.02921124626607","0"
"CNN/U-Net TC","canonical","6","8","170","170","170","0.8736582817842882","0.9320224184829763","0.00023578431372549014","0.008491495098039216","2.231942664888008","-253.1353172751034","254.3679588766659","0"
"CNN/U-Net TC","canonical","6","9","170","170","170","0.8905182784779972","0.9417511765023632","0.0003506617647058822","0.008739852941176471","2.8599367760455214","-15.097238159179687","295.2221103443819","0"
"CNN/U-Net TC","canonical","6","10","170","170","170","0.9276406193498865","0.9623209436241825","0.0015963480392156856","0.00674345588235294","2.1350437007591228","-175.39370727539062","345.8006207634421","0"
"CNN/U-Net TC","canonical","6","11","170","170","170","0.9189785328895602","0.9575917903515011","0.006792818627450981","0.003432794117647059","2.2878856314294405","-309.73232350068935","558.4665118049173","0"
"CNN/U-Net TC","canonical","6","12","170","170","170","0.9322970354002797","0.9648449127655968","0.0034288235294117667","0.008205980392156862","2.1696186497998338","-225.54972282858455","616.5395637063419","0"
"CNN/U-Net TC","canonical","6","13","170","170","170","0.9281678084167446","0.9626286935995089","0.004585245098039216","0.009485245098039219","2.0581856230324993","-348.60154885684744","438.0912748448989","0"
"CNN/U-Net TC","canonical","6","14","170","170","170","0.9219078957434055","0.9591812430326462","0.005793553921568629","0.01526791666666667","2.3868997255389575","289.408589441636","365.66152774586396","0"
"CNN/U-Net TC","canonical","6","15","170","170","170","0.8998816448228117","0.9470879610404008","0.017572254901960786","0.011284681372549019","2.6554439782714576","543.1130184397978","602.961860926011","0"
"CNN/U-Net TC","canonical","6","16","170","170","170","0.8974346405679492","0.9456083537247247","0.023499313725490193","0.008794117647058822","3.61947866724181","-318.976416015625","487.40405560661765","0"
"CNN/U-Net TC","canonical","6","17","170","170","170","0.8847813986126875","0.9380708005856756","0.03153058823529413","0.007481397058823532","2.611633033780145","771.2669060202206","816.6795381433824","0"
"CNN/U-Net TC","canonical","6","18","170","170","170","0.9111792757384924","0.9529477486759863","0.026623848039215685","0.006833480392156861","4.846500171255426","-295.826806640625","564.1615894990808","0"
"CNN/U-Net TC","canonical","6","19","170","170","170","0.9362362941905313","0.966837951700113","0.017423872549019618","0.009643210784313728","5.4130007083746206","386.2487591911765","625.4601907169117","0"
"CNN/U-Net TC","canonical","6","20","170","170","170","0.9347835227473215","0.9659549340490557","0.017444068627450977","0.011515465686274508","2.9543047353337033","556.5218319163603","653.8161161534927","0"
"CNN/U-Net TC","canonical","6","21","170","170","170","0.9349307048671605","0.9661128638607029","0.013004803921568628","0.016050833333333323","6.276299273250926","-588.5050034466911","1153.118008961397","0"
"CNN/U-Net TC","canonical","6","22","170","170","170","0.9231521823423439","0.9595795073235969","0.00876605392156863","0.02516095588235295","3.978560099520712","289.25896714154413","663.6098747702206","0"
"CNN/U-Net TC","canonical","6","23","170","170","170","0.9137020580632113","0.9539464223938598","0.00775948529411765","0.030542083333333327","3.6202846020234087","-1231.8943129595589","1250.833088235294","0"
"CNN/U-Net TC","canonical","6","24","170","170","170","0.9053805098422213","0.9491252376685068","0.0066925","0.036822671568627445","7.456099730431391","-23450.683674172793","26116.539453125","0"
"CNN/U-Net TC","canonical","7","0","170","170","170","0.4272037147679784","0.5930390516590928","0.014137034313725498","1.7892156862745097e-06","2.686395649116271","15.418077704485725","17.913990076850443","0"
"CNN/U-Net TC","canonical","7","1","170","170","170","0.42350013484780596","0.5919215232529098","0.017967352941176466","5.392156862745099e-07","2.5818139820507806","-39.453590460384596","39.453590460384596","0"
"CNN/U-Net TC","canonical","7","2","170","170","170","0.5220373921512931","0.6817793425735297","0.013266666666666663","7.401960784313723e-06","2.307903688342831","-12.244345519121955","21.561545315910788","0"
"CNN/U-Net TC","canonical","7","3","170","170","170","0.676275664642041","0.8001014867800182","0.006849509803921571","0.00011723039215686276","1.4117972125077944","-68.14602912454045","72.35135085161994","0"
"CNN/U-Net TC","canonical","7","4","170","170","170","0.8619984137400843","0.9250802002816111","0.0016675245098039223","0.0026021813725490197","1.2332626303949024","27.47223165175494","51.805366650749654","0"
"CNN/U-Net TC","canonical","7","5","170","170","170","0.8781812802521617","0.934580321946381","0.0014676960784313722","0.0028491911764705865","1.507718844147718","-35.56288317512063","80.79590068143956","0"
"CNN/U-Net TC","canonical","7","6","170","170","170","0.8806848577896823","0.9359669774478255","0.0006786519607843134","0.005460833333333334","1.3556162086441392","-89.39238451789407","91.6000659718233","0"
"CNN/U-Net TC","canonical","7","7","170","170","170","0.9040625079022685","0.9493589370194878","0.00046828431372549","0.005390073529411763","1.7220433486139914","-87.01780305750229","108.57487595502069","0"
"CNN/U-Net TC","canonical","7","8","170","170","170","0.8971085224235156","0.9455079568902305","0.0003826960784313726","0.005718186274509806","2.0618484036896207","-49.10360789579504","144.04466875861672","0"
"CNN/U-Net TC","canonical","7","9","170","170","170","0.9235687071102289","0.9600706418631416","0.0008704166666666667","0.004528406862745098","1.9900004403132565","26.236846205767463","93.3669781853171","0"
"CNN/U-Net TC","canonical","7","10","170","170","170","0.9347935241359984","0.9661475368786622","0.0035808823529411764","0.003200588235294117","2.1458716912663913","-323.77913028492645","343.47232450597426","0"
"CNN/U-Net TC","canonical","7","11","170","170","170","0.927746081889593","0.9623851305776567","0.0030186274509803935","0.0071414950980392185","2.0703949920943847","-375.43041812672334","402.63132288315717","0"
"CNN/U-Net TC","canonical","7","12","170","170","170","0.9239511890840405","0.9603446812685512","0.005426568627450978","0.007044754901960786","2.2116374548332347","28.21775189568015","366.83426298253676","0"
"CNN/U-Net TC","canonical","7","13","170","170","170","0.9129590916926971","0.9543383637799628","0.006509950980392159","0.009706642156862746","1.6819373965998985","503.81905732996324","505.38086799172794","0"
"CNN/U-Net TC","canonical","7","14","170","170","170","0.9190680602247889","0.9576717443802355","0.009001102941176477","0.01197485294117647","1.710582868691485","-97.14413631663604","180.41899270450367","0"
"CNN/U-Net TC","canonical","7","15","170","170","170","0.8501891881151918","0.9183024772504328","0.03942375000000001","0.005326372549019606","4.290903129678673","-569.72685546875","572.8961282169117","0"
"CNN/U-Net TC","canonical","7","16","170","170","170","0.9135616187775619","0.9546768235900769","0.010713284313725494","0.017794632352941174","2.293603549167517","220.7697265625","277.8294979319853","0"
"CNN/U-Net TC","canonical","7","17","170","170","170","0.8856778999596726","0.9386328938358383","0.031911102941176474","0.007203382352941177","2.7747445048014976","365.42960564108455","728.6324233111213","0"
"CNN/U-Net TC","canonical","7","18","170","170","170","0.9180967247698744","0.9568944980237499","0.02312615196078431","0.007409583333333329","3.1760295416412934","-3.0990923713235294","382.85893267463234","0"
"CNN/U-Net TC","canonical","7","19","170","170","170","0.9329674713450896","0.9651025315583779","0.010307549019607846","0.01737019607843137","3.762298344532379","-736.1205422794118","854.7593807444853","0"
"CNN/U-Net TC","canonical","7","20","170","170","170","0.9341387649616828","0.9656134725874675","0.01393227941176469","0.014688014705882354","3.24123135247952","-264.01533490349266","632.0336598115808","0"
"CNN/U-Net TC","canonical","7","21","170","170","170","0.9354252185922365","0.9664135730179219","0.015875122549019603","0.013511789215686276","3.6547977003565446","514.556778492647","606.7605238970589","0"
"CNN/U-Net TC","canonical","7","22","170","170","170","0.9262502141711466","0.9613234395397207","0.00987382352941177","0.023081299019607836","6.08498948297062","510.03483455882355","1543.5868910845588","0"
"CNN/U-Net TC","canonical","7","23","170","170","170","0.9208222277935826","0.9579370941442252","0.010937401960784318","0.02465267156862745","4.199337673696833","29.90876034007353","667.6501665900736","0"
"CNN/U-Net TC","canonical","7","24","170","170","170","0.9058034551264305","0.9494064919661642","0.008374852941176462","0.03502749999999998","10.875048327142562","-24510.336540670956","25663.535885799633","0"
"CNN/U-Net TC","canonical","8","0","170","170","170","0.42272109213441306","0.5900974516719821","0.014955147058823533","6.862745098039217e-07","2.7385614961249045","48.21959374371697","48.32581731010886","0"
"CNN/U-Net TC","canonical","8","1","170","170","170","0.5401178499522896","0.6943282896509303","0.010537867647058823","1.5612745098039212e-05","2.2098635759756715","-22.00883649938247","23.301481044993682","0"
"CNN/U-Net TC","canonical","8","2","170","170","170","0.630948582603625","0.7656711835864097","0.007958235294117643","7.735294117647058e-05","1.486122291212051","-30.335618097641888","35.153488024543314","0"
"CNN/U-Net TC","canonical","8","3","170","170","170","0.6957256506905481","0.8121852985662898","0.005968137254901958","0.00022105392156862743","1.266546287846852","-41.696827832390284","44.11878128051758","0"
"CNN/U-Net TC","canonical","8","4","170","170","170","0.8594239300206116","0.9234660215861203","0.0017065196078431375","0.0025473039215686277","1.0342743607792415","-54.51589552935432","57.29742485495175","0"
"CNN/U-Net TC","canonical","8","5","170","170","170","0.8423049087311376","0.9132378837827133","0.0014704166666666663","0.004628210784313729","1.193789847617696","-34.38576642204733","68.13159413057215","0"
"CNN/U-Net TC","canonical","8","6","170","170","170","0.8808338221930748","0.9359366055618957","0.00037365196078431356","0.005396691176470588","1.9275374089023098","-160.13550558651195","173.97424424115349","0"
"CNN/U-Net TC","canonical","8","7","170","170","170","0.897643903435358","0.9458074624680337","0.00027012254901960764","0.005849901960784316","1.478424541333629","46.507175580193014","76.46738137637868","0"
"CNN/U-Net TC","canonical","8","8","170","170","170","0.9140412403575392","0.954876626058603","0.0005601960784313724","0.004241936274509804","1.3496466996013814","-183.40501332002526","184.76225927016316","0"
"CNN/U-Net TC","canonical","8","9","170","170","170","0.9269114216645093","0.9618767399522883","0.0012243382352941183","0.0038250245098039237","2.722326572654797","-136.18438523236443","216.29951979693246","0"
"CNN/U-Net TC","canonical","8","10","170","170","170","0.9250978329250181","0.9609352737908254","0.0011301470588235291","0.007162352941176467","1.7323831950841686","-157.48604987649355","297.1584835276884","0"
"CNN/U-Net TC","canonical","8","11","170","170","170","0.9251870705328502","0.9610053090402301","0.0041747303921568606","0.006131985294117648","2.014315937482642","68.53761704388786","106.65110222311581","0"
"CNN/U-Net TC","canonical","8","12","170","170","170","0.9301535494927036","0.9636923973133944","0.003730735294117647","0.008264656862745095","1.650319080617502","-9.100748219209558","149.10439022288602","0"
"CNN/U-Net TC","canonical","8","13","170","170","170","0.9256105520160676","0.9612581018627641","0.004345465686274509","0.01045196078431373","3.2712221095408838","12.653671444163603","204.76299905215993","0"
"CNN/U-Net TC","canonical","8","14","170","170","170","0.9152137699882956","0.9556062473457354","0.007878186274509804","0.013911617647058828","2.0785365584016944","53.70471335018382","142.09347139246324","0"
"CNN/U-Net TC","canonical","8","15","170","170","170","0.9005024504863371","0.9474685308945135","0.013726029411764706","0.0139292156862745","2.459475995625624","-60.716274126838236","209.01633157169118","0"
"CNN/U-Net TC","canonical","8","16","170","170","170","0.8768333068649268","0.9337128042684629","0.02959225490196081","0.008062254901960783","2.4658566274649316","-251.78116814108455","1103.988796817555","0"
"CNN/U-Net TC","canonical","8","17","170","170","170","0.9077246064034292","0.9513166719009944","0.019431936274509797","0.01166580882352942","2.049208779795536","-253.40623276654412","444.9082950367647","0"
"CNN/U-Net TC","canonical","8","18","170","170","170","0.9203351352285513","0.9581452089388228","0.022090906862745095","0.007590073529411769","2.2496406256966397","377.5827062270221","581.7999913832721","0"
"CNN/U-Net TC","canonical","8","19","170","170","170","0.9356831738667781","0.9665578647252191","0.01473066176470588","0.01222485294117647","3.7580852156062243","621.2591997931985","891.2010885799632","0"
"CNN/U-Net TC","canonical","8","20","170","170","170","0.9356350988585761","0.9664227967576379","0.015187083333333334","0.013097450980392155","1.9737698535265582","369.38764935661766","535.8986443014705","0"
"CNN/U-Net TC","canonical","8","21","170","170","170","0.9330839644693258","0.9651376791733244","0.013946617647058825","0.016122671568627452","2.7577376948146655","108.40514705882353","272.16353400735295","0"
"CNN/U-Net TC","canonical","8","22","170","170","170","0.9249432031918096","0.9606075694412782","0.010810906862745094","0.022730367647058804","2.5519984106020215","-165.60275735294118","1106.1027228860294","0"
"CNN/U-Net TC","canonical","8","23","170","170","170","0.9145704146227024","0.9544663736104759","0.010172034313725495","0.028063774509803928","5.296434794853695","-1395.412678079044","1500.909610523897","0"
"CNN/U-Net TC","canonical","8","24","170","170","170","0.8970868652087189","0.9444170207817097","0.006683676470588238","0.04039294117647058","4.586070879080557","-24447.13215188419","25140.91866383272","0"
"CNN/U-Net TC","canonical","9","0","170","170","170","0.4090319677408078","0.5758946702995614","0.015494975490196078","2.2058823529411767e-06","3.4583290872982535","45.929323802274816","45.929323802274816","0"
"CNN/U-Net TC","canonical","9","1","170","170","170","0.46700929727993307","0.6290434305157868","0.014223504901960782","1.0833333333333334e-05","3.009482025300558","-17.425846324247473","18.833309397977942","0"
"CNN/U-Net TC","canonical","9","2","170","170","170","0.5103156430032079","0.6692925615570365","0.013760563725490204","2.0710784313725487e-05","2.534538551346669","7.725559189740349","23.392731969496783","0"
"CNN/U-Net TC","canonical","9","3","170","170","170","0.6033923482589733","0.740367556336964","0.009522377450980392","0.00012703431372549016","2.1151446706958343","-77.87563081629136","77.87563081629136","0"
"CNN/U-Net TC","canonical","9","4","170","170","170","0.8362931261393521","0.9087989718749716","0.0026189705882352942","0.002010612745098038","1.4456788056068457","-78.15324864107019","78.77969553330365","0"
"CNN/U-Net TC","canonical","9","5","170","170","170","0.8663769974619873","0.9270079543731513","0.0024125245098039214","0.0016610294117647068","1.1989167780048993","-124.92087842155905","126.4564594044405","0"
"CNN/U-Net TC","canonical","9","6","170","170","170","0.8661406485344972","0.9276523674728803","0.00100375","0.005653995098039215","1.582701111795589","-50.53186582677505","108.54570644603056","0"
"CNN/U-Net TC","canonical","9","7","170","170","170","0.8750406668385085","0.9327450267096177","0.000858627450980392","0.007601838235294115","2.0313246592479994","-89.13086619657629","177.70880952722885","0"
"CNN/U-Net TC","canonical","9","8","170","170","170","0.879238078162335","0.9352534985815665","0.0003499019607843138","0.008219338235294122","1.9113316532536595","-59.79495346966912","165.35898150275736","0"
"CNN/U-Net TC","canonical","9","9","170","170","170","0.8175996413879579","0.8986463346557864","0.00012727941176470585","0.01577781862745099","3.448236988279906","-241.0482391357422","282.3495646757238","0"
"CNN/U-Net TC","canonical","9","10","170","170","170","0.9141102292482662","0.9548897926762133","0.001363088235294117","0.007166225490196082","2.4735216061315897","-158.0015660903033","331.1358046587776","0"
"CNN/U-Net TC","canonical","9","11","170","170","170","0.9229444751691874","0.9597775669460482","0.0029807352941176478","0.007762622549019607","1.7273112136840931","-127.48311049517463","397.0825360466452","0"
"CNN/U-Net TC","canonical","9","12","170","170","170","0.9195209495051978","0.957925325927056","0.004040269607843137","0.009562524509803919","1.4202635560729142","-143.0638930376838","483.6003216911765","0"
"CNN/U-Net TC","canonical","9","13","170","170","170","0.9191461858903303","0.9577308359676056","0.0059216421568627445","0.009415710784313726","2.9395867107679092","-255.89286247702205","318.92733513327204","0"
"CNN/U-Net TC","canonical","9","14","170","170","170","0.8914235220642988","0.942274826279819","0.016952794117647066","0.008448063725490193","2.763554329187813","-327.2793062097886","473.14988870059744","0"
"CNN/U-Net TC","canonical","9","15","170","170","170","0.9032053537902233","0.9489522106558798","0.015961176470588236","0.012145147058823528","3.0949642424946915","-387.9244025735294","462.73984375","0"
"CNN/U-Net TC","canonical","9","16","170","170","170","0.9155719001738183","0.955809149257682","0.012418259803921567","0.015462230392156854","2.1055755489735617","-89.33698586856617","177.55763154871323","0"
"CNN/U-Net TC","canonical","9","17","170","170","170","0.906476095808061","0.9506548503092582","0.022522794117647054","0.010316642156862748","2.2253233196683926","-359.7311710133272","367.92633990119486","0"
"CNN/U-Net TC","canonical","9","18","170","170","170","0.925216249387533","0.9609196620014698","0.019870465686274503","0.008899019607843141","4.027504603501655","156.86975528492647","494.0949276194853","0"
"CNN/U-Net TC","canonical","9","19","170","170","170","0.931690016362189","0.9644285922665038","0.012131053921568621","0.01636316176470589","2.4809344288895323","180.39543026194852","406.11412281709556","0"
"CNN/U-Net TC","canonical","9","20","170","170","170","0.9315820751797669","0.9642441881816329","0.015227009803921568","0.01485529411764706","4.516624412475255","-128.08229836856617","702.8430060891544","0"
"CNN/U-Net TC","canonical","9","21","170","170","170","0.9350699300636418","0.9662272795099128","0.016125735294117653","0.013808627450980384","7.847544028128448","655.1968922334559","1007.1290383731617","0"
"CNN/U-Net TC","canonical","9","22","170","170","170","0.9215517330692891","0.9587511244333239","0.009760367647058824","0.02533004901960786","3.2829612471292275","469.4213005514706","758.6017922794117","0"
"CNN/U-Net TC","canonical","9","23","170","170","170","0.9282402296092346","0.9620412779303629","0.014787181372549009","0.0186136519607843","4.220771697441234","-1070.5554285386029","1129.3053366268382","0"
"CNN/U-Net TC","canonical","9","24","170","170","170","0.9215401129109727","0.9581918633409228","0.013833578431372543","0.023333161764705894","8.785796919215423","-24676.688746553307","25014.323604090074","0"
