param_folder,realization,global_ssim,plume_ssim,iou_0.001,iou_0.0001,area_rel_err_1e-3_d365,centroid_err_m_d365,exceed_w500_+400_true,exceed_w500_+400_pred,exceed_w500_-400_true,exceed_w500_-400_pred,exceed_w1000_+400_true,exceed_w1000_+400_pred,exceed_w1000_-400_true,exceed_w1000_-400_pred,exceed_w1500_+600_true,exceed_w1500_+600_pred,exceed_w1500_-600_true,exceed_w1500_-600_pred,exceed_w1900_+0_true,exceed_w1900_+0_pred
param_20000,real_001,0.7855000333573217,0.43450563077522014,0.07338123129482697,0.087894600726744,2.4036576251813426,238.22577076720447,0,1,0,1,0,1,0,1,0,1,0,1,0,1
param_20000,real_002,0.7771494289299248,0.4069172297266772,0.06515789186485732,0.08140085758393205,2.374630613015753,318.9305558872243,0,1,0,1,0,1,0,1,0,1,0,1,0,1
param_20000,real_003,0.7723902282350668,0.4208480610474009,0.07905632309780908,0.09416122775210452,2.4794591316457404,15.092988089588438,0,1,0,1,0,1,0,1,0,1,0,1,0,0
param_20000,real_004,0.7405321781251105,0.38178649014909644,0.03633318756573835,0.05496731815808035,2.6188127610415,579.1284700896057,0,1,0,1,0,1,0,1,0,1,0,1,1,1
param_20000,real_005,0.7681203538976942,0.40783399466160547,0.10613943442650392,0.12114977784563888,2.028882617514772,115.60057237356828,0,1,0,1,0,1,0,1,0,1,0,1,0,1
param_20001,real_001,0.790183906841761,0.44547240473744226,0.07736247932305203,0.09384818182008164,2.174700153767299,237.59504108385724,0,1,0,1,0,1,0,1,0,1,0,1,0,1
param_20001,real_002,0.781148002683003,0.4165618639471463,0.06898267553015724,0.08711075095495918,2.139095568783069,318.43311566596276,0,1,0,1,0,1,0,1,0,1,0,1,0,1
param_20001,real_003,0.7763397175572945,0.42610461402370353,0.0829809807013463,0.09990210384398525,2.2586351971054737,14.459371298230936,0,1,0,1,0,1,0,1,0,1,0,1,0,0
param_20001,real_004,0.7430835348475838,0.3892505141631358,0.03819224088180579,0.05893921728424027,2.3730922946304696,579.6569386494376,0,1,0,1,0,1,0,1,0,1,0,1,0,1
param_20001,real_005,0.7735479227351233,0.4222501619510025,0.11123683249192226,0.12881665638348755,1.8155845220527955,115.93005223099075,0,1,0,1,0,1,0,1,0,1,0,1,0,1
param_20002,real_001,0.7882055903365012,0.4609646465843717,0.07950975675986681,0.0974251569956248,2.067411501356946,242.46559455569283,0,1,0,1,0,1,0,1,0,1,0,1,0,1
param_20002,real_002,0.7788145654257628,0.43232800048423947,0.07037217674358504,0.08984817546268317,2.0348479398952963,323.34979038959665,0,1,0,1,0,1,0,1,0,1,0,1,1,1
param_20002,real_003,0.7744997115898902,0.446842578720216,0.08515504235896108,0.10432523921498124,2.144338894978281,19.544601710394154,0,1,0,1,0,1,0,1,0,1,0,1,0,0
param_20002,real_004,0.7404295830012246,0.40041986547903113,0.04016964453218323,0.06189715043586961,2.2683895822464786,574.5580490170992,0,1,0,1,0,1,0,1,0,1,0,1,1,1
param_20002,real_005,0.7717150596972252,0.42754878927930845,0.1122101245356307,0.1308589894028089,1.7198178578499308,113.64962203348497,0,1,0,1,0,1,0,1,0,1,0,1,0,1
param_20003,real_001,0.8194049849014949,0.524145894244478,0.10037118729266509,0.1292638995292878,1.2567039757490963,235.27777605709932,1,1,1,1,1,1,1,1,0,1,0,1,0,1
param_20003,real_002,0.8092441918028794,0.4942615013683809,0.09085590424627148,0.12100710208411707,1.2375403291150429,317.3435977742208,1,1,1,1,1,1,1,1,0,1,0,1,0,1
param_20003,real_003,0.8066305103928105,0.49697640854689107,0.1065344548902321,0.13703719690821942,1.3251230787704131,13.466931608336228,1,1,1,1,1,1,1,1,0,1,0,1,0,0
param_20003,real_004,0.76632577576686,0.4633183131133145,0.05071353074089861,0.08566207046055427,1.403429043586036,579.7234310806411,1,1,1,1,1,1,1,1,0,1,0,1,0,1
param_20003,real_005,0.8043029307774441,0.501412251620852,0.13989302172972698,0.17262739112670877,0.998370790602953,116.64014673181782,1,1,1,1,1,1,1,1,0,1,0,1,0,1
param_20004,real_001,0.8253200999422227,0.5875950991458633,0.1155776549329597,0.1553026168862452,0.8654346569005397,275.59994739624574,1,1,1,1,1,1,1,1,0,1,0,1,1,1
param_20004,real_002,0.8140618310520128,0.5575951615433099,0.10750611342932706,0.1498402269272295,0.8674781753350547,357.5025265058844,1,1,1,1,1,1,1,1,0,1,0,1,1,1
param_20004,real_003,0.8119375580873066,0.5751597419250905,0.11589054490247602,0.15689223673835145,0.9007705710569585,56.37751426156014,1,1,1,1,1,1,1,1,0,1,0,1,1,0
param_20004,real_004,0.7755792694460112,0.5305368385162218,0.07155630679223539,0.11562249715219128,0.9999754438523685,539.1435619500377,1,1,1,1,1,1,1,1,0,1,0,1,1,1
param_20004,real_005,0.8199413754013216,0.570400855288412,0.16334295733521362,0.20840019323331263,0.6571132180164532,104.23397692759217,1,1,1,1,1,1,1,1,0,1,0,1,1,1
param_20005,real_001,0.8354165151572732,0.672094968353911,0.13132379734325553,0.17899850602241116,0.06017807612238333,224.85868768332637,1,1,1,1,1,1,1,1,1,1,1,1,1,1
param_20005,real_002,0.8376628744589493,0.6645862646547898,0.14233291013746832,0.19375994366003865,0.06887694109136387,309.65005527844704,1,1,1,1,1,1,1,1,1,1,1,1,1,1
param_20005,real_003,0.8301614306828413,0.6634875409433348,0.147278125543616,0.1956418937514826,0.054447014875266285,12.119942765466135,1,1,1,1,1,1,1,1,1,1,1,1,1,0
param_20005,real_004,0.7858818501604696,0.6269781554697123,0.08890475551228022,0.14745206312766396,0.006101653548111538,585.3789304764002,1,1,1,1,1,1,1,1,1,1,1,1,1,1
param_20005,real_005,0.8468382740302637,0.6773496484776057,0.20625989309600976,0.26189584366319024,0.1654638674247947,119.54411193792049,1,1,1,1,1,1,1,1,1,1,1,1,1,1
param_20006,real_001,0.778484216865243,0.485439486332664,0.20032427475668843,0.2099203637151551,1.6503939470957398,153.93780051288013,0,1,0,1,1,1,0,1,0,1,0,1,0,0
param_20006,real_002,0.7512799187747364,0.4390479243081649,0.09283755795515644,0.11027123139086592,1.9393596762675553,190.40762915985005,0,1,1,1,0,1,0,1,0,0,0,1,1,1
param_20006,real_003,0.7558474677590524,0.44185987823110556,0.11545916936508432,0.1290942700851124,1.8741924845286826,33.41026268785428,1,1,0,1,1,1,0,1,0,0,0,1,1,1
param_20006,real_004,0.7142519064274958,0.4453999050130193,0.08697850983104237,0.10419927194775593,2.545573672288886,178.33606241683287,0,1,0,1,0,1,0,1,0,1,0,1,0,1
param_20006,real_005,0.7374864964430672,0.41163807105888606,0.07040452004434122,0.08821710895402324,2.1940624697804854,153.66571589196016,1,1,0,1,1,1,0,1,0,1,0,0,0,1
param_20007,real_001,0.7863949793826821,0.49957443027293946,0.20719081916178964,0.21859590634937567,1.4641461419612833,152.72493784739342,1,1,0,1,1,1,1,1,0,1,0,1,0,0
param_20007,real_002,0.7575130751847067,0.45003790197188354,0.09704995096741388,0.11679930301757988,1.7341316702339655,187.32200785971045,1,1,1,1,0,1,1,1,0,0,0,1,1,1
param_20007,real_003,0.7630960331246552,0.45234653224240323,0.12139213078813559,0.1369685838613267,1.6945293176196712,34.73590901114625,1,1,0,1,1,1,0,1,0,0,0,1,1,1
param_20007,real_004,0.7203265888233302,0.4547743151705925,0.09173733287979559,0.11046456491542561,2.30375551640531,177.22142820163123,1,1,1,1,0,1,1,1,0,1,0,1,0,1
param_20007,real_005,0.7430615330209953,0.42194383319227474,0.07359486394069858,0.09341558094855097,1.9895009322448094,152.10554749416448,1,1,1,1,1,1,0,1,0,1,0,0,0,1
param_20008,real_001,0.7882625034134899,0.527375708740794,0.21177460144982013,0.22857414072540752,1.3868338116449812,156.40150609407482,1,1,0,1,1,1,1,1,0,1,0,1,0,0
param_20008,real_002,0.7594953420127307,0.4721347785395592,0.10405027531817837,0.1257101358004644,1.6620257257832711,192.33686855518982,1,1,1,1,0,1,1,1,0,0,0,1,1,1
param_20008,real_003,0.7642855022540068,0.46641915238312676,0.12738230404101597,0.14513271960676719,1.628370706783991,29.226325696106436,1,1,0,1,1,1,0,1,0,0,0,1,1,1
param_20008,real_004,0.7205453480223819,0.47906720492955296,0.09401511531848411,0.11569299824723102,2.230720682302772,179.16095162484072,0,1,1,1,0,1,1,1,0,1,0,1,0,1
param_20008,real_005,0.7439563281463997,0.44516312600944985,0.07752224284510673,0.09937158015450219,1.9172598964865486,155.8407958198908,1,1,1,1,1,1,0,1,0,1,0,0,0,1
param_20009,real_001,0.8214676436436816,0.5773026888533739,0.24057443605317042,0.26576153473845265,0.8665409134092442,148.93384008648394,1,1,1,1,1,1,1,1,0,1,0,1,0,0
param_20009,real_002,0.7857668729087119,0.5131363722388854,0.1183158840269446,0.15008873513763107,1.071245859017906,175.2828852768798,1,1,1,1,1,1,1,1,0,0,0,1,1,1
param_20009,real_003,0.7959198870893772,0.5114124575868431,0.15545171478336195,0.1838901206403779,1.0539851104240896,35.570321016321465,1,1,1,1,1,1,1,1,0,0,0,1,1,1
param_20009,real_004,0.749469662138995,0.5163210500970226,0.11258878243385516,0.141036078000797,1.5547777058379195,173.61793807790335,1,1,1,1,1,1,1,1,0,1,0,1,0,1
param_20009,real_005,0.7648888152607529,0.47752417533615893,0.0876735298765212,0.11817781309381392,1.325845703180013,145.97196605006698,1,1,1,1,1,1,1,1,0,1,0,0,0,1
param_20010,real_001,0.8473041822248217,0.6687171732710219,0.25985642419923916,0.29951372851589664,0.4949164130386838,178.00544635622305,1,1,1,1,1,1,1,1,0,1,0,1,1,0
param_20010,real_002,0.8160973707624218,0.6239292797419526,0.1680202806116597,0.2169368016927614,0.7019353356687532,212.92945850984734,1,1,1,1,1,1,1,1,0,0,0,1,1,1
param_20010,real_003,0.8275859365670345,0.6104134160461423,0.19605447640388882,0.24359366540655714,0.6686113301047415,4.0793780086797895,1,1,1,1,1,1,1,1,0,0,0,1,1,1
param_20010,real_004,0.7748670902084611,0.6017319923037608,0.12999566872886853,0.174338438757628,1.1243536682481465,188.6271961109311,1,1,1,1,1,1,1,1,0,1,0,1,1,1
param_20010,real_005,0.7928872277192268,0.5879514485213402,0.12480639339467846,0.17238208602168492,0.8902471128203368,175.5248744331739,1,1,1,1,1,1,1,1,0,1,0,0,1,1
param_20011,real_001,0.857387379519604,0.7061916039260326,0.2769733120272941,0.3142340071047327,0.14414414414414414,143.88106400495613,1,1,1,1,1,1,1,1,1,1,1,1,1,0
param_20011,real_002,0.8190662572854045,0.6539037351181584,0.18267333140524955,0.23668950001518238,0.040956073187622566,164.50920298994896,1,1,1,1,1,1,1,1,1,0,1,1,1,1
param_20011,real_003,0.8693223647047849,0.690549317637489,0.2669624834386348,0.3280305817076617,0.05832252815701828,34.21707839038464,1,1,1,1,1,1,1,1,1,0,1,1,1,1
param_20011,real_004,0.797811846332307,0.652677214777708,0.16678252460855897,0.22868327083327297,0.6679083447814295,924.1080697186281,1,1,1,1,1,1,1,1,1,1,1,1,0,1
param_20011,real_005,0.8041537343362757,0.626585312943083,0.14537065704945765,0.20671928375970702,0.08354820719745432,140.30419889546476,1,1,1,1,1,1,1,1,1,1,1,0,1,1
param_20012,real_001,0.7426646640149842,0.43377226799199375,0.12688551176259197,0.14175773536203562,1.5996844152508165,311.18642847309513,1,1,1,1,1,1,1,1,0,1,0,1,1,1
param_20012,real_002,0.6871831277426554,0.41896205739685416,0.09942664186874765,0.12664764004526013,1.3599944043226608,662.5294553818331,0,1,1,1,1,0,1,0,0,1,0,1,1,1
param_20012,real_003,0.7311219998488356,0.40954512091966927,0.09794154334061748,0.12168362239234681,1.4843437057300573,127.89734496453312,1,1,0,1,1,1,1,1,0,1,0,1,1,1
param_20012,real_004,0.7710761951213108,0.4523948866944512,0.14366727663953913,0.16135008742265963,1.5666270552136359,146.47354595984626,1,1,0,1,1,1,1,1,0,0,0,1,0,0
param_20012,real_005,0.6720031755494982,0.3799316362659,0.058239429891569806,0.08820264055185731,1.752484626890477,632.6366008273459,1,1,1,1,1,1,1,1,0,1,0,1,1,1
param_20013,real_001,0.749377264670728,0.44983286788475474,0.130909183277783,0.14776294435901222,1.483358163175883,313.61020487438043,1,1,1,1,1,1,1,1,0,1,0,1,1,1
param_20013,real_002,0.6927151309506318,0.4361294044977224,0.10223838977158232,0.13252217623835047,1.2307603305785124,666.3074305953676,0,1,1,1,1,0,1,0,0,1,0,1,1,1
param_20013,real_003,0.7371281448483005,0.42610646418000037,0.10118045905479596,0.12700542036678988,1.3781622632686463,130.07333699328575,1,1,0,1,1,1,1,1,0,1,0,1,1,1
param_20013,real_004,0.778187283999777,0.46296500729960444,0.14721293677351854,0.16631399052996787,1.4626289098396923,143.52573727176178,1,1,0,1,1,1,1,1,0,0,0,1,0,0
param_20013,real_005,0.6779373946174109,0.39218360109824174,0.05959015236345584,0.0919979287590658,1.607361576851021,637.077330335299,1,1,1,1,1,1,1,1,0,1,0,1,0,1
param_20014,real_001,0.752696928543013,0.4669389342165804,0.1362304272939884,0.15570670161817102,1.4026317574442109,308.2646141935712,1,1,1,1,1,1,1,1,0,1,0,1,1,1
param_20014,real_002,0.6941105691889443,0.44562683926067337,0.10561213363973479,0.13848282482213878,1.1696863495329808,661.7700783034747,0,1,1,1,1,0,1,0,0,1,0,1,1,1
param_20014,real_003,0.7405128260634598,0.4392217691005173,0.10764654370930886,0.13560645399593543,1.3121022004000726,125.15729071241861,1,1,0,1,1,1,1,1,0,1,0,1,1,1
param_20014,real_004,0.7809155484734225,0.4918901681686123,0.15473600855967987,0.1780180288029707,1.3711514198168084,148.57197955520468,1,1,0,1,1,1,1,1,0,0,0,1,0,0
param_20014,real_005,0.6789654230374867,0.40554581425694486,0.06283410728964435,0.09725135531543196,1.5365588433498745,632.135072276596,1,1,1,1,1,1,1,1,0,1,0,1,1,1
param_20015,real_001,0.7764351134288541,0.5170198299405957,0.1541140121061383,0.1822544738795342,0.985677247564992,319.7048437428427,1,1,1,1,1,1,1,1,0,1,0,1,1,1
param_20015,real_002,0.7160561321445092,0.4980887809336248,0.11375658898108387,0.1564565766974318,0.7919537940649273,682.1504970367523,1,1,1,1,1,0,1,0,0,1,0,1,1,1
param_20015,real_003,0.7586135475796361,0.470857514415712,0.11671493608102185,0.15275331743427478,0.9326729412360817,135.6517739238603,1,1,1,1,1,1,1,1,0,1,0,1,1,1
param_20015,real_004,0.8078914020781377,0.5403938871922728,0.16757323189010823,0.19750628516357766,1.0230532643646022,133.32033278844688,1,1,1,1,1,1,1,1,0,0,0,1,0,0
param_20015,real_005,0.6968599664330429,0.44818809688868066,0.06626973637839668,0.11088589146835987,1.0523824276597062,650.652624703402,1,1,1,1,1,1,1,1,1,1,0,1,0,1
param_20016,real_001,0.8208527892165504,0.6134092343477044,0.19507788514374166,0.2461718643583167,0.5107424269888151,282.52224357805295,1,1,1,1,1,1,1,1,1,1,1,1,1,1
param_20016,real_002,0.747499755750667,0.5765708930006719,0.14034532759125307,0.2002044615762779,0.41570947540674075,653.2284256841292,1,1,1,1,1,0,1,0,0,1,0,1,1,1
param_20016,real_003,0.7980668507791552,0.5935864297885604,0.17276258401315658,0.23249329258285015,0.43947127586304496,326.2405935425404,1,1,1,1,1,1,1,1,1,1,0,1,1,1
param_20016,real_004,0.8394035461635816,0.6502224561228648,0.20355114366015742,0.2586592979762329,0.5237498552159126,165.46208526362236,1,1,1,1,1,1,1,1,1,0,0,1,1,0
param_20016,real_005,0.7296377179079384,0.5510092844358929,0.09638008746344308,0.15871383626491123,0.592379285810434,616.8112932827302,1,1,1,1,1,1,1,1,1,1,0,1,1,1
param_20017,real_001,0.8388856184099409,0.6648384423075061,0.22661176376777958,0.2829567215536949,0.0003318248247329516,318.31240447645297,1,1,1,1,1,1,1,1,1,1,1,1,1,1
param_20017,real_002,0.7642163019222734,0.6338609742131499,0.1586145137103293,0.23178136659331933,0.08891394161963655,704.1048233100523,1,1,1,1,1,0,1,0,1,1,1,1,1,1
param_20017,real_003,0.8056474463394734,0.6249689707649543,0.17426335063114753,0.23719822207792388,0.020767125853867408,136.5695962018614,1,1,1,1,1,1,1,1,1,1,1,1,1,1
param_20017,real_004,0.8484406728808507,0.682818252827627,0.23820285558736917,0.2878101056253418,0.016969301731575265,123.30270903272506,1,1,1,1,1,1,1,1,1,0,1,1,0,0
param_20017,real_005,0.72646574378151,0.5800337799829576,0.09717604588812788,0.1636806444877243,0.045726913970007894,657.1038062896571,1,1,1,1,1,1,1,1,1,1,1,1,1,1
param_20018,real_001,0.7310529086114985,0.3859770722353919,0.07155299440772855,0.08447409441605756,2.5883746109081067,330.0475930411641,0,1,0,0,0,1,0,1,0,1,0,1,0,1
param_20018,real_002,0.7704697182829174,0.3870224124857184,0.08958761139146237,0.10015013392671016,2.3327780186677014,65.98364939407661,0,1,0,1,0,1,0,1,0,0,0,0,1,1
param_20018,real_003,0.7358328384943473,0.3548956512201136,0.05353657922645636,0.0698283048730165,2.359578411450774,581.0879890014609,0,1,0,1,0,0,0,1,0,0,0,1,1,1
param_20018,real_004,0.7403846172582004,0.41148975743911825,0.07216863867472674,0.08868046910133857,2.602895392278954,68.03288132467529,0,1,0,1,0,1,0,1,0,1,0,1,1,1
param_20018,real_005,0.7878006803150538,0.3878817570467114,0.13071251982727564,0.1400171820141459,1.836252445083976,219.56951509159092,0,1,0,1,0,1,0,1,0,1,0,1,1,1
param_20019,real_001,0.7368954252283423,0.4048956530320538,0.07558719967031373,0.09093060199309784,2.2963200861961792,331.38806579198877,0,1,0,0,0,1,0,1,0,1,0,1,0,1
param_20019,real_002,0.7776473472295562,0.40621934161082557,0.09407428379443634,0.10685729018923303,2.0780044682375753,64.99979242264116,0,1,0,1,0,1,0,1,0,0,0,0,1,1
param_20019,real_003,0.7405032367494587,0.3760278101129697,0.056192678916718315,0.07516278123038334,2.103510870910516,581.7672002035682,0,1,0,1,0,0,0,1,0,0,0,1,1,1
param_20019,real_004,0.746883481299276,0.4326090313256439,0.07656656321318392,0.09542517452065952,2.3201155785073158,69.3475878482597,0,1,0,1,0,1,0,1,0,1,0,1,1,1
param_20019,real_005,0.7962575058534601,0.4199431016270102,0.1389623891496118,0.1508917513732466,1.6108949416342413,221.22077604352023,0,1,0,1,0,1,0,1,0,1,0,1,0,1
param_20020,real_001,0.7358779282002792,0.4249976567821335,0.07786155673687958,0.09402223016890476,2.1982429335370512,326.6913800728987,0,1,0,0,0,1,0,1,0,1,0,1,0,1
param_20020,real_002,0.7784382227701108,0.43584422602567846,0.10306254469096952,0.11813323872788421,1.9940749548958505,68.70805895065635,0,1,0,1,0,1,0,1,0,0,0,0,1,1
param_20020,real_003,0.7397675869624745,0.3920929505880059,0.06016532548084623,0.0808389239552802,2.0222775757819247,576.4043594901258,0,1,0,1,0,0,0,1,0,0,0,1,1,1
param_20020,real_004,0.7451217780371056,0.4465357433382591,0.07838007950310294,0.09864701669233307,2.2191821649976156,64.44200882669222,0,1,0,1,0,1,0,1,0,1,0,1,1,1
param_20021,real_001,0.7671623447135508,0.4929909653872805,0.09849747332200696,0.12711532674188974,1.293245113302197,334.5942766825858,1,1,1,0,1,1,1,1,0,1,0,1,0,1
param_20021,real_002,0.8150138707174244,0.5055192340012323,0.12493910174915922,0.1526476708487214,1.148580255995292,62.0098937424206,1,1,1,1,1,1,1,1,0,0,0,0,1,1
param_20021,real_003,0.7640954802249115,0.4645907358831004,0.07100512963976484,0.10749881997436982,1.1704920870782058,582.0448536499255,1,1,1,1,1,0,1,1,0,0,0,1,1,1
param_20021,real_004,0.7776806748100529,0.5055852497834976,0.09968552425967994,0.13128826600679408,1.3364290555643685,73.92894156822227,1,1,1,1,1,1,1,1,0,1,0,1,1,1
param_20021,real_005,0.8396097233975804,0.5418258802901599,0.17889298137897783,0.2084548048055687,0.8414422304941245,228.18184949391588,1,1,1,1,1,1,1,1,0,1,0,1,0,1
param_20022,real_001,0.7800229408619965,0.5561788735676165,0.12013444667485765,0.15887257913436792,0.9488790885703785,296.6130724943223,1,1,1,0,1,1,1,1,0,1,0,1,1,1
param_20022,real_002,0.8323440312116261,0.6128745170612149,0.17043339464752105,0.21220976230208113,0.8536161246922042,94.8843603319487,1,1,1,1,1,1,1,1,0,0,0,0,1,1
param_20022,real_003,0.7823326909561302,0.5458847850927225,0.10374220290851312,0.15412579841322316,0.8663954050935977,538.7812485188508,1,1,1,1,1,0,1,1,0,0,0,1,1,1
param_20022,real_004,0.7846754482818092,0.5578572043125525,0.1140469900703207,0.15683417925988985,1.0286361815085645,36.90856099100321,1,1,1,1,1,1,1,1,0,1,0,1,1,1
param_20022,real_005,0.8652190681169921,0.6206379464032262,0.22008276884420724,0.2641835495543799,0.5895064450688609,185.71222480429043,1,1,1,1,1,1,1,1,0,1,0,1,1,1
param_20023,real_001,0.8044531345280843,0.6545927066456251,0.14435888530942756,0.19904463207915002,0.042406038571738136,342.3894978422101,1,1,1,0,1,1,1,1,1,1,1,1,1,1
param_20023,real_002,0.8217972621600453,0.6544308873281075,0.16157351173473125,0.20680680849614505,0.10386829154547575,61.19130826215559,1,1,1,1,1,1,1,1,1,0,1,0,1,1
param_20023,real_003,0.7679108061145418,0.6158531883397727,0.10167784477588658,0.1565366335831618,0.0878711820838335,583.133261102328,1,1,1,1,1,0,1,1,1,0,1,1,1,1
param_20023,real_004,0.82157206419209,0.6630820540852455,0.16107538450547945,0.22263591060842022,0.015632974457433106,89.62378463565067,1,1,1,1,1,1,1,1,1,1,1,1,1,1
param_20023,real_005,0.8498258220671405,0.6796943663612174,0.20418270805083158,0.2514518190692789,0.2295505487592605,243.69656487946972,1,1,1,1,1,1,1,1,1,1,1,1,1,1
param_20024,real_001,0.687835919340488,0.3934775089628997,0.09980051365682285,0.11371196652682754,2.0076943386263344,410.3223055503064,0,1,0,0,0,1,0,1,0,1,0,1,1,1
param_20024,real_002,0.7328084609205949,0.4051777301869943,0.11312916447456146,0.12353860310460085,2.3303308581220614,82.68168244954396,0,1,0,1,0,1,0,1,0,0,0,1,1,1
param_20024,real_003,0.701739873850798,0.3796595771382012,0.076868025151153,0.09467312192549908,2.154613113295312,358.68267818892775,0,1,0,1,1,1,0,1,0,1,0,1,1,1
param_20024,real_004,0.6942833041646833,0.45933335177472906,0.10635830709797968,0.12310769191732504,2.0083753993912237,188.50862755887604,0,1,0,1,0,1,0,1,0,1,0,1,1,1
param_20024,real_005,0.7523094911873798,0.4122637970053319,0.1817644596779786,0.1868099912932767,1.683592510314186,292.14195526744817,0,1,0,1,0,1,0,1,0,1,0,1,1,1
param_20025,real_001,0.6965595915540121,0.41443395917310144,0.1067959173567039,0.12315257549031249,1.7195157302412822,411.5574419639998,0,1,0,0,1,1,1,1,0,1,0,1,1,1
param_20025,real_002,0.7416020123083691,0.42843572591421686,0.11886928184967628,0.1313368627431507,2.049118995896693,72.23841938790416,0,1,0,1,0,1,0,1,0,0,0,1,1,1
param_20025,real_003,0.7094656494956567,0.4027680890704036,0.08348260547512855,0.10383636881935684,1.8854748603351956,362.3934565700259,1,1,0,1,1,1,0,1,0,1,0,1,1,1
param_20025,real_004,0.7023932546848157,0.4863625201981228,0.11277162308544977,0.13238352298772452,1.7514524830543643,192.87757999899316,0,1,0,1,1,1,0,1,0,1,0,1,1,1
param_20025,real_005,0.7630745962082515,0.448717086178312,0.19300572960566872,0.20097184972873866,1.4390431505268826,298.7599274905015,0,1,0,1,1,1,0,1,0,1,0,1,1,1
param_20026,real_001,0.6966002014817189,0.4271884519664287,0.10975273075009291,0.12770712278069776,1.6946119924983527,408.5635484306312,0,1,0,0,1,1,1,1,0,1,0,1,1,1
param_20026,real_002,0.7429121449431442,0.4533042513515042,0.12605297258823966,0.14073513963828718,2.0130587744230883,76.2185396089309,0,1,0,1,0,1,0,1,0,0,0,1,1,1
param_20026,real_003,0.7103449404381595,0.4158012104017735,0.0882722051919165,0.11024330130868684,1.844069650834169,357.60896982132374,1,1,0,1,1,1,0,1,0,1,0,1,1,1
param_20026,real_004,0.7029367109629858,0.5059746865253332,0.11492320082498181,0.13604561162087675,1.7171544687681433,189.36764406049946,0,1,0,1,1,1,0,1,0,1,0,1,1,1
param_20026,real_005,0.7657662444984852,0.47111689130717854,0.19735562961677428,0.2081366355014304,1.4126452741901736,295.1967859405687,0,1,0,1,1,1,0,1,0,1,0,1,1,1
param_20027,real_001,0.7277365223754153,0.4879080142344169,0.1353412617194681,0.16376086746755786,0.9798152837777446,425.3276099605,1,1,1,0,1,1,1,1,1,1,1,1,1,1
param_20027,real_002,0.7792684520845147,0.5213758223832982,0.1466042442136847,0.17368674507978327,1.1568822742665263,47.40066372406845,1,1,1,1,1,1,0,1,0,0,0,1,1,1
param_20027,real_003,0.742723852213251,0.48855159145947946,0.10640789072034879,0.14147298677778,1.112531657570053,368.461938718306,1,1,1,1,1,1,0,1,0,1,0,1,1,1
param_20027,real_004,0.7336395847935124,0.5719801918697034,0.13550036628436207,0.1661292195254649,1.0343399217571403,212.07509800468316,1,1,1,1,1,1,1,1,1,1,1,1,1,1
param_20027,real_005,0.8080216077908297,0.5697323090563314,0.23824125081510034,0.2643530854125038,0.763405580502996,330.2486712881935,1,1,1,1,1,1,0,1,0,1,0,1,1,1
param_20028,real_001,0.7612149135867434,0.5763028084096334,0.1665494315673215,0.21193199756181716,0.7182473416003189,398.60804913188866,1,1,1,0,1,1,1,1,1,1,1,1,1,1
param_20028,real_002,0.8059822281189187,0.6232085660465995,0.18571343705327714,0.22844867492890425,0.8988150412105118,67.87892142922975,1,1,1,1,1,1,1,1,0,0,0,1,1,1
param_20028,real_003,0.7736825210683999,0.5757373669133454,0.14709205059947533,0.1995451384349018,0.7994231989386861,337.51286065351223,1,1,1,1,1,1,1,1,1,1,0,1,1,1
param_20028,real_004,0.7629226208355839,0.6160547807549098,0.16165276457168098,0.20689178235446737,0.7859010763308231,192.85878050531431,1,1,1,1,1,1,1,1,1,1,1,1,1,1
param_20028,real_005,0.8490090676156441,0.6603582122858208,0.28616655745478825,0.33096288830613074,0.5508387538514208,306.063092188877,1,1,1,1,1,1,1,1,0,1,0,1,1,1
param_20029,real_001,0.7895820235356613,0.6527604770036847,0.19916850044466675,0.2572338165247152,0.0061196001695042,448.22740945778975,1,1,1,0,1,1,1,1,1,1,1,1,1,1
param_20029,real_002,0.8044388302311043,0.6493507772097182,0.18858034031321305,0.2378354850982278,0.02143811607955536,45.35907661457458,1,1,1,1,1,1,1,1,1,0,1,1,1,1
param_20029,real_003,0.7833114146248353,0.6395372302039011,0.15849533903039537,0.22058362530392386,0.02929846724458744,373.3434912657982,1,1,1,1,1,1,1,1,1,1,1,1,1,1
param_20029,real_004,0.7856722706051786,0.669282342999964,0.1875408636813372,0.24770847587575162,0.007056649388951122,262.1947576503894,1,1,1,1,1,1,1,1,1,1,1,1,1,1
param_20029,real_005,0.8581389726391672,0.7198516689212754,0.2882729523403594,0.34071053615041735,0.20401631628490743,384.68848677810365,1,1,1,1,1,1,1,1,1,1,1,1,1,1
param_20030,real_001,0.6790106201870165,0.4156666889910876,0.12023830739040182,0.1389001822454886,1.7614053395947473,390.41504460722103,0,1,0,0,1,1,0,1,0,1,0,1,1,1
param_20030,real_002,0.7099095591862998,0.42572938188543086,0.13673999141097248,0.14346813177915752,2.409798474224986,45.40907698558431,0,0,0,1,0,1,0,1,0,1,0,1,1,1
param_20030,real_003,0.6892647299468447,0.3977504281803605,0.10561498763055238,0.12286023704055216,1.9414635079796394,289.32952809121997,0,1,0,1,1,1,0,1,0,1,0,1,1,1
param_20030,real_004,0.6790082797638693,0.4797286663547514,0.1370948357474371,0.156045987711322,1.596653660472191,209.37473932709344,0,1,0,1,1,1,0,1,0,1,0,1,1,1
param_20030,real_005,0.728456003462091,0.42209465218761444,0.19221621722223084,0.19618989805241863,1.5854602026657696,282.9138505899881,0,0,0,1,0,1,0,1,0,0,0,1,1,1
param_20031,real_001,0.6885817725108961,0.43959786632865155,0.12975124292068993,0.15083052887716197,1.4287069189701855,395.8215333476874,0,1,0,0,1,1,1,1,0,1,0,1,1,1
param_20031,real_002,0.718917461505459,0.45208648061611284,0.14314495338625,0.15110561354382834,2.137258084148172,31.275792640871494,0,0,0,1,1,1,0,1,0,1,0,1,1,1
param_20031,real_003,0.6980300984539141,0.42349727593460107,0.1126057743351753,0.13123346539361308,1.6968963278769058,295.32497894107513,0,1,0,1,1,1,0,1,0,1,0,1,1,1
param_20031,real_005,0.7384678286295214,0.45730602674991866,0.20243526379158053,0.20895162620870486,1.3814872192099148,290.7732219638201,1,0,0,1,1,1,0,1,0,0,0,1,1,1
param_20032,real_001,0.6895498844990826,0.4478796686657217,0.13290340892215313,0.1561847657825172,1.4085895899388625,393.10859419243747,0,1,0,0,1,1,1,1,0,1,0,1,1,1
param_20032,real_002,0.7202499594888423,0.4781251119556127,0.14869754825731168,0.1587622166654447,2.1000280639858877,33.60765776064055,0,0,0,1,1,1,0,1,0,1,0,1,1,1
param_20032,real_003,0.7006524559116594,0.43681577341031663,0.11824057392595354,0.13934202071395332,1.65456083998204,292.12335528002046,0,1,0,1,1,1,0,1,0,1,0,1,1,1
param_20032,real_004,0.6907576742423096,0.5271247676273084,0.14780833123725487,0.17001065977960406,1.3638060263086602,212.68722195523304,0,1,0,1,1,1,1,1,0,1,0,1,1,1
param_20032,real_005,0.7417935429087456,0.4764801709040377,0.208475471529895,0.21736752416441527,1.3534589991388384,289.1647048605261,1,0,0,1,1,1,0,1,0,0,0,1,1,1
param_20033,real_002,0.7503447306906469,0.5326053727523568,0.16227047570911146,0.1830437845628784,1.3711381303567869,32.18607071933852,1,0,0,1,1,1,0,1,0,1,0,1,1,1
param_20033,real_003,0.7319753831441334,0.5057667837828429,0.1351768978463227,0.16456337550119166,1.0968379985813281,305.2246837010164,1,1,0,1,1,1,0,1,0,1,0,1,1,1
param_20033,real_004,0.7196943149654207,0.5932052806053484,0.16644357458713446,0.1956143054529529,0.9604064208502884,234.974921154951,0,1,0,1,1,1,1,1,1,1,1,1,1,1
param_20033,real_005,0.780174380529507,0.5685042343827219,0.23902707718564392,0.26427795622853345,0.8057941647210842,322.0951028171554,1,0,0,1,1,1,0,1,0,0,0,1,1,1
param_20034,real_001,0.7643764246843969,0.5998548991451762,0.19433870683838042,0.24618411879314106,0.6079950575271431,402.6919453577932,1,1,1,0,1,1,1,1,1,1,1,1,1,1
param_20034,real_002,0.7833480067159455,0.6162403844189343,0.19944607002097134,0.23805975822316777,0.9773430507607723,28.548872756182774,1,0,0,1,1,1,1,1,0,1,0,1,1,1
param_20034,real_003,0.7717846812647094,0.5897302187840371,0.1806243048929533,0.23668036875224108,0.7385231346912924,289.62332240083174,1,1,1,1,1,1,0,1,1,1,0,1,1,1
param_20034,real_004,0.7648953212127201,0.6391548781204189,0.19897936124431953,0.24586755771375163,0.6651399491094148,231.48292062833212,1,1,1,1,1,1,1,1,1,1,1,1,1,1
param_20034,real_005,0.8294815977882418,0.6686579431959957,0.29440492908906096,0.3405132475542264,0.48954724933989,322.15815926031723,1,0,1,1,1,1,0,1,0,0,0,1,1,1
param_20035,real_001,0.7860175844537379,0.6558461723986281,0.22378598774665476,0.2846907274087809,0.07374393864590871,447.63627727639766,1,1,1,0,1,1,1,1,1,1,1,1,1,1
param_20035,real_002,0.7918558512383852,0.6455154776742625,0.2113368715194333,0.2608242944265829,0.0820144690259295,105.93211747348971,1,0,1,1,1,1,1,1,1,1,1,1,1,1
param_20035,real_003,0.7838880324200281,0.6433930254563913,0.18745630301528857,0.2525374082742339,0.01721217094379078,322.44458544991255,1,1,1,1,1,1,1,1,1,1,1,1,1,1
param_20035,real_004,0.7793563017480281,0.6754270869467507,0.2131276709535205,0.2733836938294877,0.06202876598391972,290.92325373663454,1,1,1,1,1,1,1,1,1,1,1,1,1,1
param_20035,real_005,0.8414283575949233,0.7164660583562675,0.2959992790813498,0.3507960415422616,0.16150762265797583,395.6224332713457,1,0,1,1,1,1,1,1,1,0,1,1,1,1
param_20036,real_001,0.7621977645829268,0.31994424956527,0.06056955417096261,0.07955217292115364,1.8337134836389157,30.40554016173569,0,0,0,1,0,1,0,1,0,1,0,0,1,1
param_20036,real_002,0.7339304944959492,0.3749891017956928,0.06773529407880775,0.08016715117365346,2.618858228130935,166.73279135504632,0,1,0,1,0,1,0,1,0,1,0,1,1,1
param_20036,real_003,0.7663404608700718,0.3765695687893127,0.07101829667764763,0.08389929685769112,2.429252675413066,285.7469217561609,0,1,0,1,0,1,0,1,0,0,0,1,1,1
param_20036,real_004,0.7638176399216426,0.3761554320366717,0.10095716451689488,0.11203897806221176,2.000870516283119,228.44478374681913,0,1,0,1,0,1,0,1,0,1,0,1,0,1
param_20036,real_005,0.7507505400403528,0.38800479961158013,0.08578672522210516,0.09798961356841936,2.4338669818416245,308.7425705991452,0,1,0,1,0,1,0,1,0,1,0,1,0,1
param_20037,real_001,0.7680989071484626,0.3469626153835281,0.06339325658367298,0.08468630914533941,1.630629530092027,29.893338297693248,0,0,0,1,0,1,0,1,0,1,0,0,1,1
param_20037,real_002,0.7407857428086091,0.39732513732992103,0.07174454666231816,0.08640535051325511,2.3318658712199136,167.98682902901282,0,1,0,1,0,1,0,1,0,1,0,1,1,1
param_20037,real_003,0.7731073824113807,0.4041009438409621,0.0756777266554535,0.09136067746970788,2.183832546924692,285.6553026236633,0,1,0,1,0,1,0,1,0,0,0,1,1,1
param_20037,real_004,0.7708126879158544,0.3961589192444103,0.10737347139620153,0.12126201261553288,1.7689170820117808,228.35958505956557,0,1,0,1,0,1,0,1,0,1,0,1,0,1
param_20037,real_005,0.7595448619889789,0.41454007557707706,0.09190276936774346,0.10608925368769245,2.1601898546425393,306.9422481750664,0,1,0,1,0,1,0,1,0,1,0,1,0,1
param_20038,real_001,0.7676758060097257,0.36723284663758754,0.06877746260354262,0.09168115469030122,1.5471355912155502,33.015894194987055,0,0,0,1,0,1,0,1,0,1,0,0,1,1
param_20038,real_002,0.7406739885030821,0.42037518988550365,0.07550214900250019,0.0916081879731129,2.242287750485456,162.69652544179476,0,1,0,1,0,1,0,1,0,1,0,1,1,1
param_20038,real_003,0.7718264938065128,0.420391426060984,0.07908095479343957,0.09575754576698386,2.079309235655985,289.9103138090812,0,1,0,1,0,1,0,1,0,0,0,1,1,1
param_20038,real_004,0.7693283269920838,0.4129985304508142,0.11041422325799653,0.12648191153244606,1.683312376504401,228.4569571453037,0,1,0,1,0,1,0,1,0,1,0,1,0,1
param_20038,real_005,0.7578604976583133,0.43087990665285836,0.09444074555619658,0.11137875696934989,2.058804387358588,311.9945393922063,0,1,0,1,0,1,0,1,0,1,0,1,1,1
param_20039,real_001,0.7897307844746787,0.4452722197440322,0.08007344773788017,0.11297924703510517,0.8773120232473665,29.963463510066607,1,0,1,1,1,1,1,1,0,1,0,0,1,1
param_20039,real_002,0.7732845552150879,0.4829014719580777,0.09291597094624159,0.12008165008042233,1.3700831187075626,168.97326087560035,1,1,1,1,1,1,1,1,0,1,0,1,1,1
param_20039,real_003,0.8027445193512304,0.48543033876037334,0.09688143626867154,0.12607291248155753,1.2324879755137734,281.4249743833092,1,1,1,1,1,1,1,1,0,0,0,1,1,1
param_20039,real_004,0.8062000545467258,0.4680954334377105,0.14115287665011372,0.1724076793754955,0.9452490848320866,227.26535052298868,1,1,1,1,1,1,1,1,0,1,0,1,0,1
param_20040,real_001,0.8155569337145339,0.5547496635764909,0.1280704924337681,0.17632466195317403,0.5872387995528421,63.41528615372538,1,0,1,1,1,1,1,1,0,1,0,0,1,1
param_20040,real_002,0.7919052989998699,0.5717852007412234,0.12553791647567308,0.16480864494462547,1.0360285613717504,126.27116879374184,1,1,1,1,1,1,1,1,0,1,0,1,1,1
param_20040,real_003,0.8155884376570822,0.5631308025383555,0.1298253564502201,0.17033479363972048,0.9223991867163673,324.0837619358125,1,1,1,1,1,1,1,1,0,0,0,1,1,1
param_20040,real_004,0.8072347805234876,0.5498472094215487,0.1484711166650565,0.19021480062028612,0.6646484157349282,231.31236479897908,1,1,1,1,1,1,1,1,0,1,0,1,1,1
param_20040,real_005,0.803830520726076,0.5734646624415085,0.13248470891040617,0.1728271861298164,0.9042029624509933,345.1681014593933,1,1,1,1,1,1,1,1,0,1,0,1,1,1
param_20041,real_001,0.7814136422823423,0.6030486959600829,0.11072728358287315,0.16102626822822544,0.2086990072450898,32.454903898079344,1,0,1,1,1,1,1,1,1,1,1,0,1,1
param_20041,real_002,0.8033970236661293,0.6459930075221207,0.1396449694604915,0.19275641239472321,0.013497545347123245,172.59275999963901,1,1,1,1,1,1,1,1,1,1,1,1,1,1
param_20041,real_003,0.8246450235518459,0.6482117218875878,0.14776611098575304,0.1991033558200403,0.07325233848425078,274.62686267491006,1,1,1,1,1,1,1,1,1,0,1,1,1,1
param_20041,real_004,0.8619933487224225,0.6791434701370561,0.21933274297725597,0.2824127508315019,0.18658034849951596,221.2405332501149,1,1,1,1,1,1,1,1,1,1,1,1,1,1
param_20041,real_005,0.8507170963490425,0.6873149973769273,0.1890856510194442,0.24230420262400476,0.031116797128426518,295.10471494621265,1,1,1,1,1,1,1,1,1,1,1,1,1,1
param_20042,real_001,0.7587788385081783,0.4619292051868076,0.1393644551726136,0.14781828170191202,2.2610150455109155,408.24214385179505,0,0,0,1,0,1,0,1,0,1,0,1,1,1
param_20042,real_002,0.6846711272840099,0.37310324518977467,0.07511482252247417,0.09096928652799754,2.6719870561483297,331.65304003497636,0,1,0,1,0,1,0,1,0,1,0,1,1,1
param_20042,real_003,0.734598344833224,0.42254511559817226,0.1194727994336804,0.1280921881048086,2.2982752789989855,95.1726768857558,0,1,0,1,0,1,0,1,0,1,0,1,1,1
param_20042,real_004,0.6912988349269265,0.34866757998487935,0.07981448070074766,0.09828618118381492,1.9322552884904036,671.1856769458437,0,1,0,1,1,1,0,1,0,1,0,1,1,1
param_20042,real_005,0.7039036334263244,0.3639867623423385,0.08094591301542135,0.09456310075285657,2.2986487327978082,326.0331594712005,0,1,0,1,0,1,0,1,0,1,0,1,1,1
param_20043,real_001,0.7700543422278602,0.4935959647500788,0.15044466404261703,0.1610887759675225,1.8875766616940162,397.7237763912592,0,0,0,1,0,1,0,1,0,1,0,1,1,1
param_20043,real_002,0.694199603517997,0.40219971261722187,0.08153815991649481,0.09996387772507057,2.304253728406721,335.56875508391676,0,1,0,1,0,1,0,1,0,1,0,1,1,1
param_20043,real_003,0.7463891541790082,0.4531623784324821,0.1271586504172377,0.13897032996590242,1.967368981516696,92.59729771835374,0,1,0,1,0,1,0,1,0,1,0,1,1,1
param_20043,real_004,0.7011575898638691,0.37833683469720575,0.08772379625111476,0.1085516831886,1.6294102867808047,676.9033758491719,0,1,1,1,1,1,0,1,0,1,0,1,1,1
param_20043,real_005,0.7132223120230243,0.3916002825421747,0.08688217722609962,0.10308468823829207,1.9981322869109157,329.90549242486856,0,1,0,1,0,1,0,1,0,1,0,1,1,1
param_20044,real_001,0.7711288343724647,0.5101295689945026,0.15558264194821245,0.16800126508414995,1.8640772708590219,401.79674562629566,0,0,0,1,0,1,0,1,0,1,0,1,1,1
param_20044,real_002,0.6941032208945426,0.412810292386987,0.0839803044521375,0.1034675660612684,2.269134937319941,330.42515560400153,0,1,0,1,0,1,0,1,0,1,0,1,1,1
param_20044,real_003,0.7475542279975622,0.47134066216325915,0.13140444650788566,0.14530978203952716,1.9225208352842027,95.69498896373894,0,1,0,1,0,1,0,1,0,1,0,1,1,1
param_20044,real_004,0.7009012487009764,0.38881087399053926,0.09141536414219616,0.11367112834955634,1.5875704219133568,671.829324176805,0,1,1,1,1,1,0,1,0,1,0,1,1,1
param_20044,real_005,0.7117917439939062,0.39869991533480126,0.0894135165964416,0.10695042758625412,1.9562475584575032,324.08083189577036,0,1,0,1,0,1,0,1,0,1,0,1,1,1
param_20045,real_001,0.8112997453743486,0.5967621727145296,0.1890608432638154,0.21382937006344777,0.8594777782225247,370.49993028607,1,0,0,1,1,1,0,1,1,1,0,1,1,1
param_20045,real_002,0.7264861357474253,0.48407343587551765,0.10796791315259899,0.13859562269112413,1.3353496586152713,347.2365552466372,1,1,1,1,1,1,1,1,0,1,0,1,1,1
param_20045,real_003,0.7884435897429265,0.5407026137542402,0.1569643274535716,0.1837920355014732,1.0555079889879737,86.76457617768469,1,1,1,1,1,1,1,1,1,1,0,1,1,1
param_20045,real_004,0.7316497399379956,0.4600761418113646,0.11406427541870809,0.14809191629748464,0.8877035662749948,690.2873983200102,1,1,1,1,1,1,1,1,0,1,0,1,1,1
param_20045,real_005,0.749980151530606,0.469924024557442,0.11352835718286236,0.14118049447032774,1.2239808556194633,332.6959542102709,1,1,1,1,1,1,1,1,0,1,0,1,1,1
param_20046,real_001,0.8372766849774567,0.6541369692820028,0.21561186597833665,0.2557323736111298,0.7001244296972211,389.636076476412,1,0,1,1,1,1,1,1,0,1,0,1,1,1
param_20046,real_002,0.7603909475166892,0.5601566395856685,0.1373014220768242,0.1835130718905922,1.0205979666726823,314.63649164466136,1,1,1,1,1,1,1,1,0,1,0,1,1,1
param_20046,real_003,0.8168849963587229,0.6262226109306641,0.1852032425305482,0.22837611157837942,0.8025227556253755,107.2536564448402,1,1,1,1,1,1,1,1,1,1,0,1,1,1
param_20046,real_004,0.7623022663105999,0.5375635712591389,0.14970667952445862,0.20228111744082686,0.6399453784334356,653.4397012980846,1,1,1,1,1,1,1,1,0,1,0,1,1,1
param_20046,real_005,0.7790954593846047,0.5619256433467384,0.14318764495817957,0.18314733991257603,0.9238190930440888,292.3187302882065,1,1,1,1,1,1,1,1,0,1,0,1,1,1
param_20047,real_001,0.8329654639173043,0.6994958063940113,0.2101844284541759,0.25635855844341304,0.11879560428443163,307.8214531548418,1,0,1,1,1,1,1,1,1,1,1,1,1,1
param_20047,real_002,0.8080272916592248,0.6723189269669844,0.19769248725965077,0.2598464778870466,0.04450636249424701,370.79739882702404,1,1,1,1,1,1,1,1,1,1,1,1,1,1
param_20047,real_003,0.8441043913349082,0.6998283120033397,0.22110478185347662,0.2743947115907066,0.0724348229252113,80.50683731809633,1,1,1,1,1,1,1,1,1,1,1,1,1,1
param_20047,real_004,0.7862629939832843,0.6272856656279046,0.17346760717882057,0.23849607260888617,0.07052457290034447,694.1482682015064,1,1,1,1,1,1,1,1,1,1,1,1,1,1
param_20047,real_005,0.8317196700257113,0.6775623071603519,0.2124329087192947,0.2729570650857096,0.015164284917516702,324.1825270552675,1,1,1,1,1,1,1,1,1,1,1,1,1,1
param_20048,real_001,0.6887573852230822,0.37297977419384615,0.1073829949221849,0.12246610172485196,2.014680959240742,333.2579071404919,0,1,0,0,0,1,0,1,0,1,0,1,1,1
param_20048,real_002,0.6987545871909208,0.4137527225968219,0.12589502496145674,0.13003031931529374,2.4084668763416706,212.43330253143182,0,1,0,0,0,1,0,0,0,1,0,0,1,1
param_20048,real_003,0.7179662006271014,0.37270077014052744,0.15710245519007482,0.15987437513881075,1.7357529183285652,174.37361011889763,0,1,0,1,0,1,0,1,0,1,0,1,1,1
param_20048,real_004,0.7092570633279083,0.4300742088546374,0.14602228361647085,0.15658878761920697,1.6883513914489952,332.3690889577916,0,0,0,1,0,1,0,1,0,1,0,1,1,1
param_20048,real_005,0.690008634410518,0.36235008558569526,0.10208873421072637,0.11164361525535296,2.448765281984392,322.1059825833389,0,0,0,1,0,1,0,1,0,1,0,1,1,1
param_20049,real_001,0.698595639450938,0.40131479242739476,0.11371612828012138,0.13208465598288568,1.7424359221429948,336.3997819433905,0,1,0,0,0,1,1,1,0,1,0,1,1,1
param_20049,real_002,0.7058843619742106,0.4387240823688597,0.1327786179897971,0.13926263340331574,2.027380556479326,218.88218493059884,0,1,0,0,0,1,0,0,0,1,0,0,1,1
param_20049,real_003,0.7284174967787248,0.40305218135867454,0.1687899582368231,0.17308657412846468,1.517187049668556,180.6230568884463,0,1,0,1,0,1,0,1,0,1,0,1,1,1
param_20049,real_004,0.7212687242963709,0.4609112054556305,0.15920813117754654,0.1729252420075709,1.3144836662021986,334.8628647802397,1,0,0,1,1,1,0,1,0,1,0,1,1,1
param_20049,real_005,0.7008425697819867,0.3930489798002171,0.10904940429279385,0.1214443410026865,2.112117463990743,326.27946688532637,0,0,0,1,1,1,0,1,0,1,0,1,1,1
param_20050,real_001,0.7011539716842822,0.42645949528699084,0.12017624174542242,0.14069980266549031,1.6983901245804653,332.445229468319,0,1,0,0,0,1,1,1,0,1,0,1,1,1
param_20050,real_002,0.7075584005297247,0.4533003748492519,0.1371023161065947,0.14661086186321964,1.9943205490866829,216.81715749645178,0,1,0,0,0,1,0,0,0,1,0,0,1,1
param_20050,real_003,0.7299783450275892,0.4216866102169818,0.1774766655050253,0.1838584373490675,1.4902959682171575,176.0852326932906,0,1,0,1,0,1,0,1,0,1,0,1,1,1
param_20050,real_004,0.7229402868074185,0.47472927446121865,0.16468760018123882,0.1804717354276002,1.2929616350633664,333.1177833951151,1,0,0,1,1,1,0,1,0,1,0,1,1,1
param_20050,real_005,0.7033052524899687,0.40891314627422626,0.11542888199511697,0.12930559892219037,2.0747004099653106,321.9659049776374,0,0,0,1,1,1,0,1,0,1,0,1,1,1
param_20051,real_001,0.7307281905297736,0.49509066947788966,0.14024771000220948,0.1731950162636399,0.9919791710410281,346.66329919373334,1,1,0,0,1,1,1,1,0,1,0,1,1,1
param_20051,real_002,0.7386191316480591,0.5168905057966966,0.15490950199786135,0.17534056353913283,1.1231769132692726,235.2734823745423,1,1,1,0,1,1,0,0,0,1,0,0,1,1
param_20051,real_003,0.7724554129084735,0.5073241209203215,0.21153304286801017,0.23212595320957238,0.8681392331056512,196.38357938918352,1,1,1,1,1,1,0,1,0,1,0,1,1,1
param_20051,real_004,0.7624238530627068,0.5474903933133212,0.198074381903808,0.23534845692902168,0.5959485427564856,354.94705497131923,1,0,1,1,1,1,1,1,0,1,0,1,1,1
param_20051,real_005,0.7383549852169264,0.49127187245161047,0.1395079125560713,0.16771109123643846,1.2460298034698727,333.1957730197686,0,0,1,1,1,1,1,1,0,1,0,1,1,1
param_20052,real_001,0.7788716886641319,0.6005073542846059,0.19075434907181776,0.24369430723413166,0.694752762957317,321.17066042645615,1,1,1,0,1,1,1,1,0,1,0,1,1,1
param_20052,real_002,0.7743823554435572,0.5971535882991982,0.1894507349896244,0.23173873389296865,0.763323390023115,226.67860472691612,1,1,1,0,1,1,1,0,0,1,0,0,1,1
param_20052,real_003,0.8163582194722118,0.6216003235036146,0.2576965737665215,0.3059903124561956,0.5683262902086601,168.6218426821897,1,1,1,1,1,1,1,1,0,1,0,1,1,1
param_20052,real_004,0.8098677385930612,0.6369946653585254,0.24586187472936424,0.3110056299986174,0.3545434982048,354.02971970529705,1,0,1,1,1,1,1,1,1,1,0,1,1,1
param_20052,real_005,0.7789400082736916,0.5769793188890364,0.18928788897761145,0.23354202309390804,0.8962863915395368,306.35694005595815,0,0,1,1,1,1,1,1,0,1,0,1,1,1
param_20053,real_001,0.8094731118018755,0.6625060966933716,0.2382563817127313,0.3096073490864346,0.00470918821220294,349.918931822478,1,1,1,0,1,1,1,1,1,1,1,1,1,1
param_20053,real_002,0.7987714166580827,0.6603054250752074,0.2248261581820845,0.27481381057591237,0.07522789147895813,280.6842873786605,1,1,1,0,1,1,1,0,1,1,1,0,1,1
param_20053,real_003,0.8378128790083558,0.6921747992548094,0.28408846446899616,0.35081355667388797,0.206037429395651,201.59075400292951,1,1,1,1,1,1,1,1,1,1,1,1,1,1
param_20053,real_004,0.8093084900885893,0.6675373980745384,0.25154652452437726,0.31429543470389076,0.21790537226563778,410.0510406747413,1,0,1,1,1,1,1,1,1,1,1,1,1,1
param_20053,real_005,0.8016978883462162,0.6518371272378544,0.21767081600351879,0.28365924146588184,0.027966313902763683,328.1884389220744,1,0,1,1,1,1,1,1,1,1,1,1,1,1
param_20054,real_001,0.7741894140451673,0.47377841373475016,0.13862455511470476,0.15041558332188618,2.1211457263494236,107.18921401279984,0,1,0,1,0,1,0,1,0,1,0,1,0,0
param_20054,real_002,0.7687294496072736,0.42221982114230583,0.09110177118617639,0.10055634100943185,2.3008547008547007,123.09396565596025,0,1,0,1,0,1,0,1,0,0,0,0,1,1
param_20054,real_003,0.7490312047315464,0.3913287816526364,0.06755612198838362,0.08315236367968121,2.250206477823166,596.8609054428409,0,0,0,1,0,0,0,1,0,0,0,1,1,1
param_20054,real_004,0.7120214863180787,0.409027332824082,0.04954521135657246,0.06574715111069351,2.943577108298802,321.26598403478175,0,1,0,1,0,1,0,1,0,1,0,1,0,1
param_20054,real_005,0.7433931372009165,0.3293440652968471,0.04046547499260437,0.057794163856118755,2.4282396338547714,246.19452188985917,0,1,0,0,0,1,0,1,0,1,0,1,0,1
param_20055,real_001,0.7799733723835505,0.48415101057709203,0.14367908608841856,0.15741874800132613,1.896572905193595,106.50314390501144,0,1,0,1,0,1,0,1,0,1,0,1,0,0
param_20055,real_002,0.7738515401876124,0.43197672267324044,0.09555578620841754,0.1070541321205544,2.0800068054698966,122.41318242635862,0,1,0,1,0,1,0,1,0,0,0,0,1,1
param_20055,real_003,0.7536754844404893,0.40292794937206217,0.0698089513573138,0.08805952130546368,2.0309956493682217,597.2345368272602,1,0,0,1,1,0,0,1,0,0,0,1,1,1
param_20055,real_004,0.7159080326450852,0.41636423177277715,0.052870691350956206,0.07095761126982167,2.658790523690773,322.43059129876815,0,1,0,1,0,1,0,1,0,1,0,1,0,1
param_20055,real_005,0.7470382063629845,0.33447379674524463,0.042929048976259765,0.06247427619161126,2.1862103993397244,247.29261271609974,0,1,0,0,0,1,0,1,0,1,0,1,0,1
param_20056,real_001,0.7788611276584427,0.5086209840402585,0.14321634446287873,0.15829879475905062,1.7988743348342202,111.18415640803057,0,1,0,1,0,1,0,1,0,1,0,1,0,0
param_20056,real_002,0.7745924273996405,0.46324883242471065,0.10379236357594193,0.11688818909367148,1.9827614614655846,125.18434475086381,0,1,0,1,0,1,0,1,0,0,0,0,1,1
param_20056,real_003,0.7536871289804873,0.42331725163134293,0.07529521133225175,0.09572602842859597,1.927047944517037,592.1522006589036,1,0,0,1,1,0,0,1,0,0,0,1,1,1
param_20056,real_004,0.7140816410663107,0.4346071894831944,0.054962740714960975,0.07397320134036675,2.5374213899660445,317.2010346770828,0,1,0,1,0,1,0,1,0,1,0,1,1,1
param_20056,real_005,0.7464020983617624,0.35851863315345744,0.046796205518023076,0.06764721916675825,2.0815424290801916,242.4006126352462,0,1,0,0,0,1,0,1,0,1,0,1,1,1
param_20057,real_001,0.8150181395433945,0.5551515755139206,0.1701633781712662,0.19745241425099636,1.0249204116384096,105.08834686568,1,1,1,1,1,1,1,1,0,1,0,1,0,0
param_20057,real_002,0.8062475532144425,0.5143792349821417,0.12672147370895853,0.15225833540848827,1.1701180771997124,118.91172153286729,1,1,1,1,1,1,1,1,0,0,0,0,0,1
param_20057,real_003,0.7741225943533863,0.4812710916703425,0.08508000777277477,0.11633677419242847,1.1357369162168505,596.6184050061612,1,0,1,1,1,0,1,1,0,0,0,1,0,1
param_20057,real_004,0.7409481564836261,0.471709203163748,0.07290705390617915,0.10218370932248463,1.5300846422463965,325.84030166117117,1,1,1,1,1,1,1,1,0,1,0,1,1,1
param_20057,real_005,0.7727155090849819,0.4234346642034204,0.05996576946569144,0.09360652192940827,1.2310507831602033,251.08418547812084,1,1,1,0,1,1,1,1,0,1,0,1,0,1
param_20058,real_001,0.8157468855424739,0.5987969043903004,0.16328055816498163,0.19708208061677776,0.6851879235982749,144.7018410876481,1,1,1,1,1,1,1,1,0,1,0,1,1,0
param_20058,real_002,0.8227051610208638,0.612742038570609,0.16826618554066794,0.20773608911717883,0.842393171091633,145.43961917896956,1,1,1,1,1,1,1,1,0,0,0,0,1,1
param_20058,real_003,0.7923536973555345,0.569585715679514,0.11586091416328703,0.16572646717243067,0.7922723747861301,555.3397327167307,1,0,1,1,1,0,1,1,0,0,0,1,1,1
param_20058,real_004,0.7486883819971222,0.5283448103363132,0.09096371583211207,0.12986514360925708,1.214241696326387,285.5391181212717,1,1,1,1,1,1,1,1,0,1,0,1,1,1
param_20058,real_005,0.7919265429931392,0.5255179105932242,0.09702587352288142,0.14305515129142296,0.913572872049721,211.84110819120275,1,1,1,0,1,1,1,1,0,1,0,1,1,1
param_20059,real_001,0.8424867245032871,0.6808642787358947,0.19078413515382966,0.23607718266538577,0.17151027183560216,103.92504605504833,1,1,1,1,1,1,1,1,1,1,1,1,1,0
param_20059,real_002,0.8208813778422487,0.6592217963451635,0.1744421528601712,0.21961596528273414,0.10273408216496187,109.42572657772314,1,1,1,1,1,1,1,1,1,0,1,0,1,1
param_20059,real_003,0.7720797762909026,0.6207447430129214,0.11295018321367511,0.16592837931129306,0.11100392583049937,596.876649865914,1,0,1,1,1,0,1,1,1,0,1,1,1,1
param_20059,real_004,0.7900771888201505,0.6320064438471502,0.13686518326773006,0.20007204256525576,0.07804549490248905,345.9864367761142,1,1,1,1,1,1,1,1,1,1,1,1,1,1
param_20060,real_001,0.7511295657574796,0.4432400517877533,0.11214981072269606,0.12497972625359655,2.030811717131867,79.27084177357078,0,1,0,1,1,1,0,1,0,1,0,1,0,0
param_20060,real_002,0.745071572657301,0.4789896024540202,0.11196128303614337,0.12228599901651985,2.1164714263099573,126.79428959314167,1,1,1,1,0,1,0,1,0,1,0,0,1,1
param_20060,real_003,0.7256657648488326,0.39959843753707175,0.06774114195377531,0.08841949815414975,1.9146910478493304,359.1924807501138,1,0,0,1,1,1,0,1,0,1,0,1,0,1
param_20060,real_004,0.6843565522005742,0.4554035909613339,0.07260039235757149,0.0937843190124145,2.2499718816781016,210.44962739172018,0,1,0,1,1,1,0,1,0,1,0,1,0,1
param_20060,real_005,0.7105873441778239,0.36778899094446316,0.046170169173422405,0.0677608864390392,2.2931055596375214,234.21700342532236,1,1,0,0,0,1,0,1,0,1,0,1,0,1
param_20061,real_001,0.7591615400908934,0.4575983006841171,0.1180795359118967,0.13334536542385178,1.7905375953505267,77.47667273878419,0,1,0,1,1,1,1,1,0,1,0,1,0,0
param_20061,real_002,0.7519708110255761,0.4878196674816879,0.1175582272093434,0.12993301472756008,1.8892150208214855,122.93166662817258,1,1,1,1,0,1,1,1,0,1,0,0,1,1
param_20061,real_003,0.7277876786495067,0.4114760222782731,0.07096371731618763,0.09368065803581448,1.7146928937136021,361.0607660470152,1,0,0,1,1,1,0,1,0,1,0,1,0,1
param_20061,real_004,0.6888981898957506,0.4634326940960804,0.07643043184292142,0.10015232891976401,2.0298841334475104,214.22770520436185,0,1,0,1,1,1,0,1,0,1,0,1,0,1
param_20061,real_005,0.7151733060023318,0.37586506277417464,0.04922438247246091,0.07317343744422457,2.0350438282984085,236.51646029388857,1,1,0,0,1,1,0,1,0,1,0,1,0,1
param_20062,real_001,0.759638002986931,0.48343009115679086,0.12162938213650458,0.13939855218767166,1.701723228415685,81.87545497075743,0,1,0,1,1,1,1,1,0,1,0,1,0,0
param_20062,real_002,0.7531130574403315,0.5127255839254581,0.12439375297019191,0.13882738792082167,1.8018857854474293,126.63727741254866,1,1,1,1,0,1,1,1,0,1,0,0,1,1
param_20062,real_003,0.7318739889537035,0.4304183533246554,0.0764311507275263,0.10097403743934567,1.632795836532719,355.3891003452451,1,0,0,1,1,1,0,1,0,1,0,1,0,1
param_20062,real_004,0.6890102886366158,0.48482549817763065,0.07857066835572359,0.10372893372105058,1.9746752912513084,210.1189528334982,0,1,0,1,1,1,0,1,0,1,0,1,0,1
param_20062,real_005,0.7160777201831191,0.3972584614450447,0.052477225643556835,0.0776442056745163,1.9723122835457962,231.95575179471462,1,1,0,0,1,1,0,1,0,1,0,1,0,1
param_20063,real_001,0.7932887166040181,0.5350365542467784,0.14592275878049837,0.1746976095416396,1.079007902143321,72.84467729056072,1,1,1,1,1,1,1,1,0,1,0,1,0,0
param_20063,real_002,0.7816256076645439,0.5535230119885798,0.14438062114032463,0.16825430066161268,1.150705321662183,104.84557815266749,1,1,1,1,1,1,1,1,0,1,0,0,1,1
param_20063,real_003,0.748765630535421,0.483177082277899,0.08622502105754518,0.11871687116182321,0.957139414234433,365.1328218669574,1,0,1,1,1,1,0,1,0,1,0,1,0,1
param_20063,real_004,0.7134668582016565,0.5232082223198846,0.09494903258898083,0.12844190243288192,1.2455315511345975,233.9003244090868,1,1,1,1,1,1,1,1,1,1,0,1,0,1
param_20063,real_005,0.7380381358628257,0.4419854661047112,0.06405620948569754,0.09898087979213538,1.2582401433190107,248.4824572799858,1,1,1,0,1,1,0,1,0,1,0,1,0,1
param_20064,real_001,0.8096102946520882,0.6203666753865936,0.15982768323437682,0.1993987376624041,0.6595774556609276,108.07428781269473,1,1,1,1,1,1,1,1,1,1,1,1,1,0
param_20064,real_002,0.8019800337022792,0.6479342162605399,0.17443068320368846,0.21393667984762157,0.8423798605587011,131.80335706308173,1,1,1,1,1,1,1,1,0,1,0,0,1,1
param_20064,real_003,0.7766334620232267,0.5744964151821208,0.12605917311864132,0.17376058366425745,0.6532551860106292,324.39018217418726,1,0,1,1,1,1,0,1,1,1,0,1,1,1
param_20064,real_004,0.7410349390116002,0.5766140502999587,0.1181077775200345,0.1658123463849415,0.9051768661882836,205.49686670759073,1,1,1,1,1,1,1,1,1,1,1,1,1,1
param_20064,real_005,0.7693739275250624,0.5485563983259111,0.09801814107277808,0.14722558251361323,0.9103146977338922,212.40279962833708,1,1,1,0,1,1,1,1,0,1,0,1,1,1
param_20065,real_002,0.8160140206594945,0.6779133720526046,0.1981312012978141,0.2478487431962861,0.03602886519270871,81.51319084880822,1,1,1,1,1,1,1,1,1,1,1,0,1,1
param_20065,real_003,0.7695487959634342,0.6154431934330049,0.12517865809903916,0.1792347819864681,0.010466436216947674,358.5447658251277,1,0,1,1,1,1,1,1,1,1,0,1,1,1
param_20065,real_004,0.768327095943043,0.6319421498008911,0.1571089090315718,0.2219864131726613,0.09354618965321491,281.69371517621687,1,1,1,1,1,1,1,1,1,1,1,1,1,1
param_20065,real_005,0.796425862059335,0.6107249505791821,0.1366007007469922,0.20694786439313703,0.07674392221502979,276.0891060914364,1,1,1,0,1,1,1,1,1,1,0,1,1,1
param_20066,real_001,0.6843711736074809,0.4048111344924682,0.05495084937374692,0.08532729191063733,1.066871817301384,484.2802831850458,1,0,1,0,1,1,1,1,0,1,0,1,1,1
param_20066,real_002,0.7066804842428834,0.44238153594417606,0.0862612620017506,0.11821425364895598,1.428213716108453,226.724651062559,0,1,1,1,0,1,1,1,0,1,1,1,1,1
param_20066,real_003,0.7406364749611867,0.48028895283421724,0.09636465888583873,0.11637076413735396,1.5558527576104955,142.5216986322791,1,1,1,1,0,1,1,1,0,1,1,1,0,1
param_20066,real_004,0.6700962356843783,0.3925903764285082,0.04295369966708124,0.06724832908551293,2.313431397119778,324.4515698211178,1,1,0,1,1,1,0,1,0,0,0,1,1,1
param_20066,real_005,0.7894557013016488,0.584452216513126,0.223730771534836,0.24319789758265245,1.165758887699207,319.3223968660222,1,1,0,1,1,1,0,1,0,1,0,1,0,0
param_20067,real_001,0.6883953135504476,0.41443210279831805,0.05810070685217712,0.09090817808185207,0.8907290446114715,486.68650997251683,1,0,1,0,1,1,1,1,1,1,0,1,1,1
param_20067,real_002,0.7142767252634112,0.45343086256307047,0.09232045808231489,0.12727019916050983,1.245394882383305,222.23497018160947,1,1,1,1,1,1,1,1,0,1,1,1,1,1
param_20067,real_003,0.7476121361382247,0.49191592250227373,0.10104393601764759,0.12304951477790078,1.430511605371932,143.13308727773284,1,1,1,1,0,1,1,1,0,1,1,1,0,1
param_20067,real_004,0.6757220081305964,0.4043228975652549,0.04570731642297841,0.0730603803231237,2.0335351324637734,328.7000374857576,1,1,0,1,1,1,0,1,0,0,0,1,1,1
param_20067,real_005,0.8005407973359211,0.6135895990496913,0.23477814137433928,0.2593060245367578,0.9901326108655354,313.54110777790885,1,1,0,1,1,1,0,1,1,1,0,1,0,0
param_20068,real_001,0.6866335045592521,0.4233824324341894,0.0617028166613352,0.09605849710806443,0.866063999323057,481.7982693883562,1,0,1,0,1,1,1,1,1,1,0,1,1,1
param_20068,real_002,0.7158278556415933,0.47621830389270975,0.09665878988367481,0.13435612854836354,1.2028039817119047,225.3470432214133,1,1,1,1,1,1,1,1,0,1,1,1,1,1
param_20068,real_003,0.7495073487841931,0.5057506829775864,0.10513049385165937,0.12934706235363325,1.3759750159110755,142.99357871845177,1,1,1,1,0,1,1,1,0,1,1,1,0,1
param_20068,real_004,0.676569897807119,0.4149760354917539,0.04893266211723746,0.07785118148593324,1.9769975577226195,324.39249173562155,1,1,0,1,1,1,0,1,0,0,0,1,1,1
param_20068,real_005,0.8034941231938401,0.6272047547324204,0.23766749669310655,0.2634125845086629,0.9689078238298112,318.0147119166768,1,1,0,1,1,1,0,1,1,1,0,1,0,0
param_20069,real_001,0.6982213649194297,0.45502470292190705,0.06633337160981165,0.10729544620927467,0.4833079234115062,495.352019098487,1,0,1,0,1,1,1,1,1,1,0,1,1,1
param_20069,real_002,0.7415963897630644,0.5110791175284877,0.11695612149890994,0.1626058444657206,0.7053552426716847,197.14816081566937,1,1,1,1,1,1,1,1,0,1,1,1,1,1
param_20069,real_003,0.7711695982742656,0.53929867240526,0.12002677370992391,0.15200519113033553,0.9549883086515978,144.7737429785624,1,1,1,1,1,1,1,1,0,1,1,1,0,1
param_20069,real_004,0.6951093673418163,0.4439209880585077,0.05813469302800038,0.09760361495219864,1.1975859555805597,349.00485331897914,1,1,1,1,1,1,1,1,0,0,0,1,1,1
param_20069,real_005,0.8360925711752156,0.6973291002998643,0.2627842722105673,0.3011350100388524,0.5050034506556246,289.82433231015847,1,1,1,1,1,1,1,1,1,1,1,1,0,0
param_20070,real_001,0.7296093372682203,0.5545106258277788,0.09969934982903766,0.15713496317351316,0.26321768850361826,463.4356147631265,1,0,1,0,1,1,1,1,1,1,0,1,1,1
param_20070,real_002,0.7775144833977913,0.6104442054585979,0.15395072877229732,0.21952530845644255,0.44580452784319685,201.69815469593402,1,1,1,1,1,1,1,1,0,1,1,1,1,1
param_20070,real_003,0.8002573456606786,0.6155716865662892,0.15676291261025155,0.20686318391904077,0.6129414719919618,148.73600622879658,1,1,1,1,1,1,1,1,0,1,1,1,1,1
param_20070,real_004,0.7297264783882056,0.5446786132343671,0.09033889909026073,0.14584064922258225,0.8653852415424856,322.226875298034,1,1,1,1,1,1,1,1,0,0,0,1,1,1
param_20070,real_005,0.8606840592817574,0.7393484487759481,0.2588332195877206,0.3077487805780221,0.3045932960684975,313.5433871129453,1,1,1,1,1,1,1,1,1,1,1,1,1,0
param_20071,real_001,0.7283059662295589,0.5821850030001985,0.10057913657423011,0.1621739446528941,0.20184703732077042,504.3534195552622,1,0,1,0,1,1,1,1,1,1,1,1,1,1
param_20071,real_002,0.7840034782521907,0.633407373177844,0.16960973593125736,0.23548916417175408,0.03235667980170332,140.290434052038,1,1,1,1,1,1,1,1,1,1,1,1,1,1
param_20071,real_004,0.7531694661065704,0.6002550648759667,0.11582343230764261,0.19115153770962176,0.1273556131317438,376.84508608523794,1,1,1,1,1,1,1,1,1,0,1,1,1,1
param_20071,real_005,0.8424999006306995,0.7311781428397603,0.22678942168425975,0.27305504834698424,0.10521861777150916,249.56972154213844,1,1,1,1,1,1,1,1,1,1,1,1,1,0
param_20072,real_001,0.7328521798214909,0.3626528991074586,0.058283455495602786,0.07260184838684855,2.634469826896252,361.7123312479897,0,1,0,1,0,1,0,1,0,1,0,1,0,1
param_20072,real_002,0.7744545629306088,0.4225801795818779,0.10203857677772202,0.11176154762395778,2.3237685097759253,100.13007660906845,0,1,0,1,0,1,0,1,0,1,0,1,1,1
param_20072,real_003,0.742599958094427,0.3533756313659869,0.043381998539056596,0.06423566633316614,1.971981761712813,487.7571379756496,0,0,0,1,1,1,0,1,0,0,0,1,1,1
param_20072,real_004,0.7238753483989356,0.40107211608598947,0.05716709997804128,0.0729889484306843,2.751764491598743,270.87619765375894,0,1,0,1,0,1,0,1,0,1,0,1,1,1
param_20072,real_005,0.7760178728927336,0.361261479965832,0.12208400677306562,0.1333325659119328,1.7981292246068412,373.954654966309,0,1,0,1,0,1,0,1,0,1,0,1,1,1
param_20073,real_001,0.7385919935579877,0.3804617888071823,0.06207660210717559,0.07875409498861365,2.3508106170809353,362.7982165412846,0,1,0,1,0,1,0,1,0,1,0,1,0,1
param_20073,real_002,0.7810823425896445,0.4417999150909172,0.1064641499679466,0.11852961883435274,2.0751922953998254,98.8103058584077,0,1,0,1,0,1,0,1,0,1,0,1,1,1
param_20073,real_003,0.746913500748201,0.36864786358182877,0.04493310628091879,0.0679503515443644,1.7632144831964611,488.0565494858586,1,0,0,1,1,1,0,1,0,0,0,1,1,1
param_20073,real_004,0.7276107095507485,0.41265146878828873,0.06022087206543336,0.07845872464681833,2.4604157916841665,272.2112610585595,0,1,0,1,0,1,0,1,0,1,0,1,1,1
param_20073,real_005,0.7831421180304186,0.3850690233337258,0.13005477236733143,0.14410747288225914,1.5736744049737288,375.74209518412897,0,1,0,1,0,1,0,1,0,1,0,1,1,1
param_20074,real_001,0.737442181773461,0.40400017900138663,0.06445100309889497,0.08194230298879222,2.239488005217781,357.76944286562156,0,1,0,1,0,1,0,1,0,1,0,1,0,1
param_20074,real_002,0.7817951531602284,0.47327686867108965,0.11268577732964996,0.12723964925234935,1.9859318106587223,103.30413042198552,0,1,0,1,0,1,0,1,0,1,0,1,1,1
param_20074,real_003,0.746430077430436,0.3865489053740109,0.0488016632419023,0.07331937192212384,1.668558770593936,482.70719674249625,1,0,0,1,1,1,0,1,0,0,0,1,1,1
param_20074,real_004,0.7257394528317666,0.42168728190445626,0.06217203986873294,0.08142909294702254,2.3541971991532322,267.0541599728502,0,1,0,1,0,1,0,1,0,1,0,1,1,1
param_20074,real_005,0.7833588451718092,0.4023601516969183,0.13348876341662705,0.14925492468510462,1.50426723698951,370.833550125093,0,1,0,1,0,1,0,1,0,1,0,1,1,1
param_20075,real_001,0.7700898456139104,0.4785537531587069,0.08549246167392194,0.11601498021485618,1.3052678908131001,365.17245404816066,1,1,1,1,1,1,1,1,0,1,0,1,0,1
param_20075,real_002,0.8183748520778353,0.5423945225403528,0.13503548511131866,0.1623121725108611,1.1367364462736504,93.1225099509191,1,1,1,1,1,1,1,1,0,1,0,1,1,1
param_20075,real_003,0.7556757670385034,0.44420836430336635,0.055036754009884684,0.08785473624232998,0.9324415290528637,486.34711175962224,1,0,1,1,1,1,1,1,0,0,0,1,0,1
param_20075,real_004,0.7528299100893485,0.4743384412614272,0.07870525801691898,0.10966986017156626,1.4219553778770686,277.8385787734634,1,1,1,1,1,1,1,1,0,1,0,1,1,1
param_20075,real_005,0.8228070069495367,0.49812113717315354,0.17349961696522978,0.20625467736236722,0.7949515300163513,384.2736623007445,1,1,1,1,1,1,1,1,0,1,0,1,0,1
param_20076,real_001,0.7818391094938587,0.543826244064208,0.10828768932811464,0.14829065647469836,0.9399602094496454,324.0017007475771,1,1,1,1,1,1,1,1,0,1,0,1,1,1
param_20076,real_002,0.8354426715602653,0.6310140700058736,0.1613973081141571,0.20233943038758437,0.8580293004454286,130.50552385828485,1,1,1,1,1,1,1,1,0,1,0,1,1,1
param_20076,real_003,0.7735673331079487,0.5261020356009841,0.08932183670425767,0.13403941285647883,0.6267783940197733,443.2365917888053,1,0,1,1,1,1,1,1,0,0,0,1,1,1
param_20076,real_004,0.761103813084062,0.5279102487658589,0.09912841614172306,0.1400117514238684,1.1022517063213626,236.1879040358576,1,1,1,1,1,1,1,1,0,1,0,1,1,1
param_20076,real_005,0.84878232211683,0.5911363011329389,0.21079055809408825,0.2582143024100216,0.5798894885633513,342.80974361935387,1,1,1,1,1,1,1,1,0,1,0,1,1,1
param_20077,real_001,0.8052392394656205,0.6493910663055747,0.1353832421394896,0.19094125312805044,0.047744865434850334,369.0479503441034,1,1,1,1,1,1,1,1,1,1,1,1,1,1
param_20077,real_002,0.823546296969608,0.6682849039590032,0.15143139671489403,0.19829835723015202,0.12013899472673514,86.27262964518675,1,1,1,1,1,1,1,1,1,1,1,1,1,1
param_20077,real_003,0.7453049088855858,0.5890491858822474,0.08445665481914494,0.13152649494843038,0.18455597055517278,482.72864371249204,1,0,1,1,1,1,1,1,1,0,1,1,1,1
param_20077,real_004,0.7939817863907024,0.6359846217303816,0.13840196612368938,0.1979560091285924,0.006283739221768973,298.2248837931371,1,1,1,1,1,1,1,1,1,1,1,1,1,1
param_20077,real_005,0.8609818325131678,0.6887498110152349,0.2428484646927861,0.2952447832007693,0.24437028296088698,404.69370965063626,1,1,1,1,1,1,1,1,1,1,1,1,1,1
param_20078,real_001,0.7351448075391714,0.3961823776484137,0.0947126296352344,0.10570227559024235,2.31422351233672,126.5415173280765,0,1,0,1,0,1,0,1,0,1,0,1,1,1
param_20078,real_002,0.6825775834698526,0.3739233859257911,0.052573722044615724,0.07739163971610528,2.0251688401241204,98.39125076582185,0,1,0,1,0,1,1,1,0,1,0,1,1,1
param_20078,real_003,0.6978182946898321,0.3659232058401152,0.07047383330865936,0.09305946842513156,1.72944939715708,465.843993697629,0,1,1,1,0,1,0,1,0,1,0,1,1,1
param_20078,real_004,0.7371261863416656,0.41160445669722434,0.09688449109889642,0.1136144220709366,2.200253887654713,273.724700564238,0,1,0,1,0,1,0,1,0,1,0,1,1,1
param_20078,real_005,0.6932029474409425,0.3722362241954663,0.06214532894470283,0.08827233014163745,1.4850276799194766,626.3375924262596,1,0,0,1,1,1,0,1,0,1,0,1,0,1
param_20079,real_001,0.7420540276164046,0.4112460586464958,0.09921187515358725,0.11278497479834132,2.023107937335767,127.37684801648427,1,1,0,1,0,1,0,1,0,1,0,1,1,1
param_20079,real_002,0.6900080235784213,0.3906451458606698,0.058299539491022824,0.08721090471366978,1.6869742222542468,97.35905801641296,0,1,0,1,0,1,1,1,0,1,0,1,1,1
param_20079,real_003,0.7079755420242677,0.3885685888870675,0.07851648322004401,0.10474306983198721,1.4154536774928392,463.7913009597847,1,1,1,1,0,1,1,1,0,1,0,1,1,1
param_20079,real_004,0.7464362444096602,0.4425320690875479,0.10585551360471822,0.12523581621261443,1.8613687552095342,272.0353738138744,0,1,0,1,0,1,0,1,0,1,0,1,1,1
param_20079,real_005,0.7022000586515371,0.39403785038490047,0.06619601303529783,0.09494584067992315,1.2912613314330224,630.9194139381699,1,0,0,1,1,1,0,1,0,1,0,1,0,1
param_20080,real_001,0.7428315217881937,0.4353653607978965,0.10754921693926148,0.1221011630853665,1.9686804420194222,126.70624760549694,1,1,0,1,0,1,0,1,0,1,0,1,1,1
param_20080,real_002,0.6892417350444169,0.401157678180013,0.061211163353991224,0.09136379581877607,1.643403983837811,96.24591699555373,0,1,1,1,0,1,1,1,0,1,0,1,1,1
param_20080,real_003,0.7070830803326806,0.3975529697372455,0.08206730268826709,0.10970173540697795,1.3850912158250772,458.45951489841195,1,1,1,1,0,1,1,1,0,1,0,1,1,1
param_20080,real_004,0.745536514918901,0.46100108412800017,0.10721335671995759,0.12849029846419943,1.822278197593059,276.6698500609001,0,1,0,1,0,1,0,1,0,1,0,1,1,1
param_20080,real_005,0.702307791085558,0.40520868274974925,0.0706327570172217,0.10089893414200729,1.2451243078222178,626.1345205658367,1,0,0,1,1,1,0,1,0,1,0,1,0,1
param_20081,real_001,0.7671773206216318,0.4787008536284811,0.11964516880770747,0.14619190752294423,1.1465134165099984,132.89696976834406,1,1,0,1,1,1,1,1,0,1,0,1,1,1
param_20081,real_002,0.7210518419629586,0.4587848440303883,0.0834812746760813,0.12867341881237268,0.8204029827066476,96.72331763481648,1,1,1,1,1,1,1,1,0,1,1,1,1,1
param_20081,real_003,0.734201840787977,0.4495749988120956,0.10588121039778993,0.14445303762414136,0.7286000263716241,455.2615138676683,1,1,1,1,1,1,1,1,0,1,0,1,1,1
param_20081,real_004,0.7861764897243488,0.5433856023650043,0.14034471754360908,0.17367028541560303,1.05950906932513,268.97007541793784,1,1,1,1,1,1,1,1,0,1,0,1,1,1
param_20081,real_005,0.7258859752451612,0.4609086141794716,0.07972103865840913,0.12301747689545005,0.6417536484865757,646.6236259438647,1,0,1,1,1,1,1,1,0,1,0,1,0,1
param_20082,real_001,0.7930693714121029,0.579800924748202,0.1737379077960466,0.21478090389176024,0.910975578829914,127.41034448344186,1,1,0,1,1,1,1,1,0,1,0,1,1,1
param_20082,real_002,0.7564087062124881,0.5553598759369017,0.11685336494659554,0.17841854620546702,0.5789852541099008,86.8288278167249,1,1,1,1,1,1,1,1,0,1,1,1,1,1
param_20082,real_003,0.7659858675706818,0.5536880744956569,0.14016023969338773,0.19574906145282145,0.5280971505473195,416.9079177729313,1,1,1,1,1,1,1,1,0,1,1,1,1,1
param_20082,real_004,0.8043915832393936,0.6126379046489455,0.14938329398661754,0.19434392702631992,0.8306253971135518,303.9637737560669,1,1,1,1,1,1,1,1,0,1,0,1,1,1
param_20082,real_005,0.7625496919412488,0.5505856364055468,0.1225745476890435,0.1823679310668657,0.43157273470909224,612.1837643034075,1,0,1,1,1,1,1,1,1,1,1,1,1,1
param_20083,real_001,0.8090075950612333,0.6292488570478633,0.17760018491044993,0.23268626661613015,0.05065356059813866,152.66082475949818,1,1,1,1,1,1,1,1,1,1,1,1,1,1
param_20083,real_002,0.7743548637675188,0.6286215986879807,0.16147630763406365,0.2330454268495874,0.12823270193976727,99.98810021730512,1,1,1,1,1,1,1,1,1,1,1,1,1,1
param_20083,real_003,0.7867812537550539,0.6233687169051083,0.16693879299489642,0.23505515459627924,0.15366195777846903,436.96181472209554,1,1,1,1,1,1,1,1,1,1,1,1,1,1
param_20083,real_004,0.8455256886016517,0.7051284064976963,0.20402909157620372,0.2624566271144007,0.007669551205171258,256.6587180015441,1,1,1,1,1,1,1,1,1,1,1,1,1,1
param_20083,real_005,0.7570213210143443,0.6110477446301583,0.13038820719048666,0.19401062223937907,0.18148018779120365,655.8496298949365,1,0,1,1,1,1,1,1,1,1,1,1,1,1
param_20084,real_001,0.7153116640006381,0.4125406807926131,0.08324239008146085,0.1076317562519497,1.6076609117213099,240.79649642387352,0,1,0,1,0,1,1,1,0,1,0,1,1,1
param_20084,real_002,0.7250276155553819,0.4206458023375293,0.12616615413123075,0.13495492812251791,2.0857403940447536,162.52278997319533,0,1,0,1,0,1,0,1,0,0,0,0,1,1
param_20084,real_003,0.6964749199742157,0.3682807324890572,0.09153102934806066,0.11083097025108284,1.6827552216991553,482.05156746790965,0,1,1,1,0,1,0,1,0,1,0,1,1,1
param_20084,real_004,0.6838971864060605,0.3799488877400796,0.07829251463438862,0.106172741890014,0.8431592291157612,595.9425968216441,0,1,0,1,1,0,1,0,0,0,0,0,1,1
param_20084,real_005,0.7380044731403764,0.3990970353591288,0.11780430597686398,0.1341399651503264,1.601799972668528,214.10583224651785,1,1,0,1,0,1,0,1,0,1,0,1,1,1
param_20085,real_001,0.72326079242873,0.43231514156021367,0.08890682445262164,0.11733213216258426,1.3556109466687438,234.94249191271547,0,1,0,1,0,1,1,1,0,1,0,1,1,1
param_20085,real_003,0.7068027670754463,0.39318092618994854,0.09865636915339417,0.1211085897566621,1.4538473496036064,484.89535235074845,0,1,1,1,0,1,1,1,0,1,0,1,1,1
param_20085,real_004,0.6902454453688422,0.40343895124061907,0.08243254381928848,0.11542940557294676,0.6961402559637525,602.8778534321091,0,1,0,1,1,0,1,0,1,0,0,0,1,1
param_20085,real_005,0.749931404069106,0.4269195278072085,0.12793354208277885,0.1480998929589188,1.2989425747356438,216.79072443169383,1,1,0,1,1,1,0,1,0,1,0,1,1,1
param_20086,real_001,0.7235858480035838,0.4499316731729703,0.0921902253823993,0.12219999712774594,1.3256998325187135,236.8499570942889,0,1,0,1,0,1,1,1,0,1,0,1,1,1
param_20086,real_003,0.7091256462272311,0.41048276914782905,0.10522877015710158,0.1295835387813948,1.4154731301260863,479.83409903914713,0,1,1,1,0,1,1,1,0,1,0,1,1,1
param_20086,real_004,0.6898460455103179,0.4185624601675925,0.08502828617093577,0.11936970211955118,0.6616977225672878,598.3294928729402,0,1,0,1,1,0,1,0,1,0,0,0,1,1
param_20086,real_005,0.7515870246108,0.43470879559796743,0.13527938102074838,0.15797243091347557,1.2465864266208153,210.44379373080798,1,1,0,1,1,1,0,1,0,1,0,1,1,1
param_20087,real_001,0.7567363104543681,0.517167023710944,0.11230405741521725,0.15468138383998042,0.6865495916419834,220.91587067386317,1,1,1,1,1,1,1,1,0,1,1,1,1,1
param_20087,real_002,0.7598984799315623,0.5323794710140871,0.17584072447315854,0.20066115121429218,0.9738110173357665,193.67071390402543,0,1,1,1,0,1,1,1,0,0,1,0,1,1
param_20087,real_003,0.7390944990083755,0.47583801855213936,0.12541330955893007,0.1612019865927241,0.8133112780572977,495.3223501189909,1,1,1,1,1,1,1,1,0,1,1,1,1,1
param_20087,real_004,0.7168995076444954,0.48454229091554946,0.1095689224457821,0.15170654531814576,0.2459482619440891,624.759011392558,1,1,1,1,1,0,1,0,1,0,1,0,0,1
param_20087,real_005,0.7840527251153996,0.5013562151825423,0.1673792027862287,0.20216212224912097,0.690239448051948,223.15444598001218,1,1,1,1,1,1,1,1,0,1,0,1,1,1
param_20088,real_001,0.7905196095927054,0.6100977761427985,0.15277895138865819,0.21543669197159704,0.4669498102794067,230.338836341287,1,1,1,1,1,1,1,1,0,1,1,1,1,1
param_20088,real_002,0.8063902076986467,0.6272746073397698,0.21454067477012095,0.2573459832371301,0.6701569417469873,190.05695069189164,0,1,1,1,0,1,1,1,0,0,1,0,1,1
param_20088,real_003,0.7863005087920595,0.5971055901112836,0.1815047189096196,0.23671232615980264,0.5784810759462027,463.56251637513185,1,1,1,1,1,1,1,1,0,1,1,1,1,1
param_20088,real_004,0.7433310766465209,0.5735284272222261,0.13499417929843577,0.19072670864713726,0.003129624445066592,597.1825218311271,1,1,1,1,1,0,1,0,1,0,1,0,1,1
param_20088,real_005,0.8130203368793226,0.5891847878539638,0.20515790813453708,0.2571082341352086,0.41557351800907094,187.70342866359655,1,1,1,1,1,1,1,1,1,1,0,1,1,1
param_20089,real_001,0.7849750466421422,0.6481157032796656,0.17134673771903053,0.222133269629592,0.1760852455046316,195.39601371368258,1,1,1,1,1,1,1,1,1,1,1,1,1,1
param_20089,real_002,0.814737155201917,0.680174385334967,0.22941836963725704,0.2922859729122175,0.05695038552706863,218.29650193834055,1,1,1,1,1,1,1,1,0,0,1,0,1,1
param_20089,real_003,0.8060466651605818,0.6473019027887682,0.19716104380653302,0.27499699945825573,0.07591433907223381,489.014381663433,1,1,1,1,1,1,1,1,0,1,1,1,1,1
param_20089,real_004,0.7620521073467795,0.625625852349907,0.16320738486258318,0.2248757001710898,0.40188392404685963,662.4155488495458,1,1,1,1,1,0,1,0,1,0,1,0,1,1
param_20089,real_005,0.8400619009233927,0.6629238634226746,0.2553318935594534,0.3117994475995205,0.161811320754717,232.01926354984295,1,1,1,1,1,1,1,1,1,1,1,1,1,1
param_20090,real_001,0.7936622139899626,0.4151944198572232,0.09634014567382929,0.10608696232053852,2.330236618835486,305.7714354229283,0,1,0,1,0,1,0,1,0,0,0,1,1,1
param_20090,real_002,0.7806683515199992,0.37749431129953637,0.06730523391519479,0.079763045415084,2.1194551694551693,94.81023064613312,0,1,0,1,0,1,0,1,0,1,0,0,0,1
param_20090,real_003,0.7661093880218369,0.38070700580267053,0.059978434615810754,0.07167100398188869,2.420118473984351,37.32237338114891,0,1,0,1,0,1,0,1,0,1,0,1,0,1
param_20090,real_004,0.7504251466194085,0.3184630124937483,0.06586999487626098,0.08173032382476624,2.025177533892834,512.4097924589173,0,1,0,0,0,1,0,1,0,1,0,0,1,1
param_20090,real_005,0.7371549464789711,0.3450376886747863,0.06680379246860305,0.07823787588101169,2.427427632929583,405.2786422766522,0,1,0,1,0,1,0,1,0,1,0,1,1,1
param_20091,real_001,0.8017974076702785,0.4431721444367531,0.1020952430771109,0.11405763933514484,2.0583023251033037,304.1388608789562,0,1,0,1,0,1,0,1,0,0,0,1,1,1
param_20091,real_002,0.789148168360573,0.40523308774115785,0.07170540313794745,0.08627707750877459,1.8792690411609811,94.50198194089283,0,1,1,1,0,1,0,1,0,1,0,0,0,1
param_20091,real_003,0.7722746968735253,0.39853789243290794,0.06365914360052675,0.07740622835437114,2.1647270570429304,36.5251444757468,0,1,1,1,0,1,0,1,0,1,0,1,0,1
param_20091,real_004,0.7553749325020217,0.33911308942180507,0.06851092495492653,0.0872658472231371,1.7841425937307929,513.8500391049856,0,1,0,0,0,1,0,1,0,1,0,0,1,1
param_20091,real_005,0.7425953382152798,0.36079829529078156,0.07099584057923529,0.08493080590734368,2.126859925498928,406.57059232540087,0,1,0,1,0,1,0,1,0,1,0,1,1,1
param_20092,real_001,0.8015852327419141,0.46523875154159067,0.10840476870548951,0.12353025897603963,1.9675842808697386,309.1766250181181,0,1,0,1,0,1,0,1,0,0,0,1,1,1
param_20092,real_002,0.7885074009179545,0.42863328741483775,0.07596842960692687,0.09203498211249744,1.7833834140366323,97.11453512542681,0,1,1,1,0,1,0,1,0,1,0,0,0,1
param_20092,real_003,0.77065290317723,0.421009721446969,0.06678564351075134,0.08163443999909724,2.05663545494054,40.666381699405214,0,1,1,1,0,1,0,1,0,1,0,1,0,1
param_20092,real_004,0.755650188083316,0.3618081510051735,0.07552090765834454,0.09589006514754793,1.7130507696300585,508.32710845256304,0,1,0,0,0,1,0,1,0,1,0,0,1,1
param_20092,real_005,0.7421568429739918,0.38420134453657256,0.0758611357988844,0.09170372127276603,2.0433857932794557,401.3618259437842,0,1,0,1,0,1,0,1,0,1,0,1,1,1
param_20093,real_001,0.8369495391926606,0.538989734389607,0.1299071211881862,0.15725536296445455,1.1670696888474537,298.22532155638834,1,1,1,1,1,1,1,1,0,0,0,1,1,1
param_20093,real_002,0.8206840527934169,0.5033962146460086,0.09369871738352309,0.12150970314482684,1.0232474018837212,95.14401547284388,1,1,1,1,1,1,1,1,0,1,0,0,0,1
param_20093,real_003,0.8001015722303051,0.487708943072164,0.08371527088350904,0.10968235235185617,1.2573270894422806,35.579868538864,1,1,1,1,1,1,1,1,0,1,0,1,0,1
param_20093,real_004,0.7800616004111005,0.435284859382512,0.08495870517379062,0.11842254429893487,0.9289698931141677,515.6338224047836,1,1,1,0,1,1,1,1,0,1,0,0,1,1
param_20093,real_005,0.775872230810581,0.4483137974953747,0.09426917229904787,0.12435875771209759,1.1683069729854536,409.1946688134136,1,1,1,1,1,1,1,1,0,1,0,1,1,1
param_20094,real_001,0.8504166863701661,0.6149440920345243,0.1590829360818691,0.20174825146408484,0.8167773924087733,340.06155323042947,1,1,1,1,1,1,1,1,0,0,0,1,1,1
param_20094,real_002,0.8373776876533299,0.59060393434694,0.13124143888072123,0.1722317973342372,0.6559518116189565,122.04834417202967,1,1,1,1,1,1,1,1,0,1,0,0,1,1
param_20094,real_003,0.813209554348503,0.5686652160899078,0.11234650518661297,0.14957972701586786,0.8534449714915433,73.07271393691518,1,1,1,1,1,1,1,1,0,1,0,1,1,1
param_20094,real_004,0.8078172140947447,0.5527777820436808,0.14233013260685368,0.18947746408947644,0.6559312739901297,470.7987650094318,1,1,1,0,1,1,1,1,0,1,0,0,1,1
param_20094,real_005,0.7951361041715843,0.5437120136244054,0.13038602325638826,0.1737190205547363,0.8760066422783515,366.9853050962969,1,1,1,1,1,1,1,1,0,1,0,1,1,1
param_20095,real_001,0.835189831224236,0.665174130167259,0.1470678835338111,0.1941253856849417,0.10386848826562575,287.62574472588784,1,1,1,1,1,1,1,1,1,0,1,1,1,1
param_20095,real_002,0.8180227796580372,0.6419513436895761,0.12276838506467655,0.16789282080622453,0.12804508798752887,96.5537758344257,1,1,1,1,1,1,1,1,1,1,1,0,1,1
param_20095,real_003,0.8219689343321632,0.648080234606442,0.12617837573513097,0.1775132388102168,0.046600039434120374,34.05125143807135,1,1,1,1,1,1,1,1,1,1,1,1,1,1
param_20095,real_004,0.7845299554131465,0.602072809152318,0.12809584262559992,0.17940109888045558,0.17150434385002286,513.0804410967093,1,1,1,0,1,1,1,1,1,1,1,0,1,1
param_20095,real_005,0.8005394680248432,0.6357298954281153,0.14443036371356374,0.2004391980614318,0.09082932968668692,410.70415822965634,1,1,1,1,1,1,1,1,1,1,1,1,1,1
param_20096,real_001,0.7166773836908926,0.34512582825823834,0.0839218094317905,0.09822424863816638,2.116480313346845,521.0962541513657,0,1,0,1,0,1,0,1,0,0,0,1,1,1
param_20096,real_002,0.7263017598318545,0.4548180802272031,0.12953871965356867,0.12595231823029776,3.550088241452544,124.87935215056801,0,1,0,1,1,1,0,1,0,1,0,1,1,1
param_20096,real_003,0.6801155651928223,0.3852623216391383,0.06543079199275273,0.09125597181827427,1.9240508651852395,290.7226199785601,0,0,0,1,1,1,0,1,0,1,0,1,0,1
param_20096,real_004,0.752735133063418,0.38964453333480054,0.12957091287091646,0.144247529985116,1.6565784960555252,242.16611843652626,0,1,0,1,0,1,1,1,0,0,0,1,1,1
param_20096,real_005,0.7748338609044546,0.43471159553440636,0.18588523139150792,0.18843851814993914,1.8377262688600384,181.8299836113763,0,1,0,1,0,1,0,1,0,1,0,1,1,1
param_20097,real_001,0.7262329271188231,0.3810190302626825,0.09265223081841162,0.11054903390499646,1.7738614021930803,522.9181885554153,0,1,0,1,0,1,0,1,0,0,0,1,1,1
param_20097,real_002,0.7373752249577936,0.48677273131051385,0.14383664739282273,0.14203746094158634,2.863703327406655,120.57923899261655,0,1,0,1,1,1,0,1,0,1,0,1,1,1
param_20097,real_003,0.6889377009965172,0.4092933156814384,0.07096881593055032,0.09993824064140969,1.675936188077246,292.02811043527197,0,0,0,1,1,1,0,1,0,1,0,1,1,1
param_20097,real_004,0.7669664734632933,0.42530010970626536,0.14412449761838853,0.16177009876197612,1.3552939913779225,240.93430651594696,0,1,0,1,0,1,1,1,0,0,0,1,1,1
param_20097,real_005,0.7858004278740921,0.4683678740234204,0.200357530106044,0.20553597256570758,1.5142183128211693,183.99876144922928,0,1,0,1,1,1,0,1,0,1,0,1,1,1
param_20098,real_001,0.7268554329903171,0.4007937653466888,0.09731307028257719,0.11650858193041684,1.749673504651303,517.3925789075095,0,1,0,1,0,1,0,1,0,0,0,1,1,1
param_20098,real_002,0.7378830988023499,0.5024939226505017,0.14757126804037365,0.14755022835458792,2.799620322725683,120.88337293029022,0,1,0,1,1,1,0,1,0,1,0,1,1,1
param_20098,real_003,0.6885561107258164,0.4272031289835301,0.0733001180151292,0.10414949478145787,1.6309602430326244,286.3233377249603,0,0,0,1,1,1,0,1,0,1,0,1,1,1
param_20098,real_004,0.7660381693203697,0.4404799322049782,0.14577627077832778,0.16523066379132278,1.3394335666820654,242.6124340329845,0,1,0,1,0,1,1,1,0,0,0,1,1,1
param_20098,real_005,0.7866859981957671,0.47674823588934706,0.20700425964204125,0.21510927031725338,1.457458978300504,180.3828883936249,0,1,0,1,1,1,0,1,0,1,0,1,1,1
param_20099,real_001,0.7581524657334603,0.4845410046450872,0.12099422935040458,0.15593306727907588,0.8420103370302573,529.4510089692524,1,1,1,1,1,1,0,1,0,0,0,1,1,1
param_20099,real_002,0.7812434232593368,0.5901207838230305,0.19707690929566216,0.20962870692966784,1.1896042953174706,110.73030466467863,1,1,0,1,1,1,0,1,1,1,0,1,1,1
param_20099,real_003,0.7250491771216726,0.4966988094604842,0.08811700471868136,0.13098615364871943,1.0080396184331566,294.9185310413309,1,0,1,1,1,1,0,1,0,1,0,1,1,1
param_20099,real_004,0.8075102310822811,0.5310133811419496,0.19235858552855717,0.22453795920589534,0.6694942117742528,240.30487406605204,1,1,1,1,1,1,1,1,0,0,0,1,1,1
param_20099,real_005,0.835633397145141,0.5854193608783436,0.26817693952873417,0.2894045527313826,0.7188418117944166,189.17316131508758,1,1,1,1,1,1,1,1,0,1,0,1,1,1
param_20100,real_001,0.7867371781873268,0.582221397418761,0.15579158581462724,0.2035951492510113,0.6669793049685129,494.6850035893193,1,1,1,1,1,1,1,1,0,0,0,1,1,1
param_20100,real_002,0.8036721492539622,0.6402834041695209,0.21416991564997878,0.24443184507542662,0.9164934295901526,110.2286266551001,1,1,1,1,1,1,0,1,1,1,0,1,1,1
param_20100,real_003,0.7511657603424707,0.5832718932244687,0.1086032293831467,0.1637828339823626,0.7742643047220336,254.77628497162652,1,0,1,1,1,1,1,1,1,1,0,1,1,1
param_20100,real_004,0.8258081763023581,0.6052583634835353,0.20625403207193116,0.249090523919843,0.5144000736105999,250.14999828919272,1,1,1,1,1,1,1,1,0,0,0,1,1,1
param_20100,real_005,0.8589248453598131,0.6523284338969363,0.2980445427822399,0.33771291446038854,0.5324468322261358,162.93582352317625,1,1,1,1,1,1,1,1,1,1,0,1,1,1
param_20101,real_001,0.7758050233341355,0.627825165021732,0.15526625070487174,0.20889849472678776,0.10537738439211893,534.3314531196833,1,1,1,1,1,1,1,1,1,0,1,1,1,1
param_20101,real_002,0.8022846526357733,0.6785200053965548,0.20723333700639746,0.2529841077325162,0.01712919587762091,119.54825917095327,1,1,1,1,1,1,1,1,1,1,1,1,1,1
param_20101,real_003,0.7675416277737857,0.6390796355521553,0.13291147897678382,0.1986018572863285,0.0447839926149272,292.88838822590026,1,0,1,1,1,1,1,1,1,1,1,1,1,1
param_20101,real_004,0.8536798217088759,0.7020515061616203,0.24384614144720979,0.2963313543598725,0.2130814422576963,235.72664018411058,1,1,1,1,1,1,1,1,1,0,1,1,1,1
param_20101,real_005,0.8812755794376567,0.7356619897792598,0.30228500471329534,0.3513852630016542,0.18415727603415638,201.32867670362825,1,1,1,1,1,1,1,1,1,1,1,1,1,1
param_20102,real_001,0.6834149207532172,0.3685275345706986,0.10213091092034234,0.11673701929357783,1.7684630015397156,462.5315444797672,0,1,0,1,1,1,0,1,0,1,0,1,0,1
param_20102,real_002,0.754272149168589,0.47213039679419133,0.2853573847038007,0.27552654742111815,1.9924047561271536,103.13509989229507,0,1,0,1,0,1,0,1,0,1,0,1,1,1
param_20102,real_003,0.7092608499297645,0.3773409278666147,0.06680066470896726,0.08998402224897914,1.1284852162772665,336.56177725868224,1,0,0,0,1,0,0,1,1,0,0,1,1,1
param_20102,real_004,0.6816600296271558,0.5031982413484548,0.16280937374657023,0.19470247919359,1.5753773514759462,232.22360705403952,0,1,0,1,1,1,0,1,0,1,0,1,1,1
param_20102,real_005,0.7173812576306922,0.37169467066712136,0.12594016416063258,0.14863702818663105,1.3526041904414114,552.2083799311552,0,0,0,1,0,0,0,1,0,0,0,1,1,1
param_20103,real_001,0.6930989035205873,0.3896667928703718,0.11063048433905981,0.13037551725824337,1.4282332380044487,471.85031267881646,0,1,0,1,1,1,1,1,0,1,0,1,0,1
param_20103,real_002,0.7645809503396819,0.5134683178893791,0.3050411030371862,0.29540950977397046,1.6722068128629626,120.44825104188496,0,1,0,1,0,1,0,1,0,1,0,1,1,1
param_20103,real_003,0.7156197769930815,0.39867706571974487,0.07204163576259201,0.09730891940955361,0.8920222968113163,339.7042437964831,1,0,0,0,1,0,0,1,1,0,0,1,1,1
param_20103,real_004,0.6883833784685187,0.5285969608231145,0.16780700730997392,0.20189147898746657,1.3429387989785737,238.37854148852034,0,1,0,1,1,1,0,1,0,1,0,1,1,1
param_20103,real_005,0.72487898004124,0.3958155437541955,0.13809648493117432,0.16382711645769987,1.119399609334841,552.754700275297,0,0,0,1,0,0,0,1,0,0,0,1,1,1
param_20104,real_001,0.6938328120241601,0.40164635019762657,0.11435257506140616,0.13587227697648463,1.394263155421177,467.45955182224566,0,1,0,1,1,1,1,1,0,1,0,1,0,1
param_20104,real_002,0.7668858485602448,0.54378839859239,0.31179319491653606,0.3090481799943106,1.642261789976645,118.74070201116328,0,1,0,1,0,1,0,1,0,1,0,1,1,1
param_20104,real_003,0.7170696114681523,0.41382948967216165,0.07771855671621544,0.1043343375345755,0.8556249540745096,333.75468734873607,1,0,0,0,1,0,0,1,1,0,0,1,1,1
param_20104,real_004,0.6892780898745404,0.5283477295447687,0.16521692148641975,0.19893095905126007,1.3118189857998632,237.16469113929716,0,1,0,1,1,1,0,1,0,1,0,1,1,1
param_20104,real_005,0.7254616219140452,0.40717537159043443,0.1411302081600655,0.16899943932797334,1.0977898078801693,551.8206199606184,0,0,0,1,0,0,0,1,0,0,0,1,1,1
param_20105,real_001,0.7242275533717029,0.45881840957447684,0.13816682871371166,0.17130780652330366,0.8179471624498923,488.04960147029897,1,1,1,1,1,1,1,1,1,1,1,1,0,1
param_20105,real_002,0.8067181831457485,0.6363690184356176,0.3476128859415273,0.35301807412166475,1.0169280842642416,187.71446565630146,1,1,0,1,1,1,0,1,0,1,0,1,1,1
param_20105,real_003,0.7318748659428439,0.48024950607638855,0.08642276065600887,0.11660611245874732,0.42815454915622314,340.7255901829348,1,0,1,0,1,0,0,1,1,0,0,1,1,1
param_20105,real_004,0.7048653626023751,0.5669982896239077,0.1763537023434198,0.2167726318987455,0.7958805382002956,265.3278869225378,0,1,0,1,1,1,1,1,1,1,0,1,1,1
param_20105,real_005,0.7535483936125286,0.5027103300151176,0.17176223797395532,0.21225588759660927,0.5129014266424,576.3132112997796,1,0,1,1,1,0,0,1,0,0,0,1,1,1
param_20106,real_001,0.767084248529966,0.5665924245980514,0.17310718169583592,0.2234884137618299,0.5420542831197659,461.1365650767337,1,1,1,1,1,1,1,1,1,1,1,1,1,1
param_20106,real_002,0.8424504855154588,0.7073542226282324,0.3570544183367921,0.385699630884524,0.7297210104778871,184.39628286897465,1,1,0,1,1,1,1,1,0,1,0,1,1,1
param_20106,real_003,0.7545016548100605,0.554954187747593,0.11997091952756431,0.1610591429372685,0.2554162482476113,312.88610317292705,1,0,1,0,1,0,0,1,1,0,0,1,1,1
param_20106,real_004,0.7385077929707888,0.5984948700102022,0.18854436905937808,0.23843357708314022,0.5694526258552721,259.51542680505884,1,1,0,1,1,1,1,1,1,1,1,1,1,1
param_20106,real_005,0.7797519806616124,0.5831840379423971,0.20362020300570052,0.2573420613513882,0.32180503193044546,575.4747020828497,1,0,1,1,1,0,0,1,0,0,0,1,1,1
param_20107,real_001,0.7996909295910654,0.6505982027734022,0.22281529496531935,0.2842476368120323,0.025448910880987604,494.2033557083358,1,1,1,1,1,1,1,1,1,1,1,1,1,1
param_20107,real_002,0.8412767862089611,0.7168682913427549,0.3291683322984758,0.371028960772613,0.12413793103448276,299.886395161562,1,1,1,1,1,1,1,1,1,1,1,1,1,1
param_20107,real_003,0.7455302969241204,0.6157233532348365,0.1158942121246867,0.1671052371607252,0.19812273359455873,341.1963016088387,1,0,1,0,1,0,1,1,1,0,1,1,1,1
param_20107,real_004,0.7633232692948636,0.6474032958024174,0.20634400740982162,0.2650170937011332,0.04341551994365925,324.9601871335079,1,1,1,1,1,1,1,1,1,1,1,1,1,1
param_20107,real_005,0.8110614042076382,0.677772459544952,0.2393232366209339,0.29845784836144523,0.31314968814968813,650.4974125217177,1,0,1,1,1,0,1,1,1,0,1,1,1,1
param_20108,real_001,0.6984013478645259,0.3252695181727537,0.03545654603922532,0.05344442461720383,2.835034679816577,576.4433474068067,0,1,0,1,0,1,0,1,0,1,0,1,0,1
param_20108,real_002,0.7508386660907626,0.42408891616554745,0.08068091714396469,0.09666120948891907,1.9841844165301292,460.26652198686526,0,1,0,0,0,1,0,0,0,1,0,1,0,1
param_20108,real_003,0.8039290483844103,0.4261400884458507,0.07168967314352212,0.08510702575264568,2.1351929397991807,282.9766692112465,1,1,0,1,1,1,0,1,0,1,0,1,0,1
param_20108,real_004,0.7825015829462911,0.41745790108775516,0.07651999612496661,0.08955103844869283,2.1731222712521303,272.3302546440201,0,1,0,1,0,1,0,1,0,1,0,1,1,1
param_20108,real_005,0.744144669744643,0.3573334992626505,0.08789030573745045,0.1019926183025431,2.084856702043106,368.5904952677863,0,1,0,1,0,1,0,1,0,0,0,1,1,1
param_20109,real_001,0.7003672923242505,0.33357594399723794,0.038149556868061346,0.05831629351063363,2.545040151660383,576.9833566348454,0,1,0,1,0,1,0,1,0,1,0,1,0,1
param_20109,real_002,0.7549282834163907,0.43569067859296084,0.08390586692872824,0.10215551774966283,1.8005168069021484,461.2670830472615,0,1,0,0,0,1,0,0,0,1,0,1,0,1
param_20109,real_003,0.809023882874682,0.4391013349664508,0.07454346063098524,0.0900452234654718,1.9403107976859086,282.8519121244782,1,1,0,1,1,1,0,1,0,1,0,1,0,1
param_20109,real_004,0.7865580715020323,0.4312876933557097,0.08070382897197359,0.0958131258025887,1.9476652135250612,273.17483190594874,0,1,0,1,0,1,0,1,0,1,0,1,1,1
param_20109,real_005,0.7484138885050392,0.373593105046436,0.09341912222894497,0.11017416083063536,1.8378744543128105,369.76212636493983,0,1,0,1,0,1,0,1,0,0,0,1,1,1
param_20110,real_001,0.6980269063490668,0.3514544801429077,0.039966856019971436,0.061033306492676805,2.4241127456023044,571.678403070262,0,1,0,1,0,1,0,1,0,1,0,1,0,1
param_20110,real_002,0.7546874618314399,0.4532488588699237,0.08741502851651532,0.10715985354849128,1.7010154270766822,456.30723114467037,0,1,0,0,0,1,0,0,0,1,0,1,0,1
param_20110,real_003,0.808465881616483,0.4604508823685661,0.07905537587722915,0.09605726639890405,1.8353659778071871,287.22295855031314,1,1,0,1,1,1,0,1,0,1,0,1,0,1
param_20110,real_004,0.7857778241180534,0.45192488709948514,0.08355253211899921,0.09947084769069806,1.8480898593851505,268.04462381619317,0,1,0,1,0,1,0,1,0,1,0,1,1,1
param_20110,real_005,0.7472781208228816,0.3879546905912691,0.09566369215665294,0.11341842806293627,1.7839331673769039,365.6923814872804,0,1,0,1,0,1,0,1,0,0,0,1,1,1
param_20111,real_001,0.7245013142929357,0.41479390276647565,0.05514895208503035,0.08935521987294778,1.4401647997184917,577.1544939512544,1,1,1,1,1,1,1,1,0,1,0,1,0,1
param_20111,real_002,0.7805428659288656,0.5214446367243056,0.10423582358920007,0.1351446084567589,0.9912083573749583,465.9227261834598,1,1,1,0,1,1,1,0,0,1,0,1,0,1
param_20111,real_003,0.8324948988386083,0.5158817340868986,0.09426188625091314,0.12125833514890971,1.0646868698849483,285.48444005553574,1,1,1,1,1,1,0,1,0,1,0,1,0,1
param_20111,real_004,0.8162265543223657,0.5247278163976513,0.10395530961312677,0.13347509283876746,1.0481027155731035,276.02902455661393,1,1,1,1,1,1,1,1,0,1,0,1,1,1
param_20111,real_005,0.781407079526165,0.47980166394781665,0.12477157427613418,0.15850056057752948,0.9461133477856921,376.4210375459147,1,1,1,1,1,1,1,1,0,0,0,1,1,1
param_20112,real_001,0.7330038743419071,0.48166759952963983,0.07463309835671403,0.11835455019810193,1.049542504587269,533.4856184177271,1,1,1,1,1,1,1,1,0,1,0,1,1,1
param_20112,real_002,0.8011267639491976,0.5789902181373054,0.1360593661378996,0.1794072507566091,0.6545167802170073,424.62302430305215,1,1,1,0,1,1,1,0,0,1,0,1,1,1
param_20112,real_003,0.8418940104251438,0.6004574263789276,0.11966020768958206,0.1598971687945591,0.7048295280651282,321.98130308679106,1,1,1,1,1,1,1,1,0,1,0,1,1,1
param_20112,real_004,0.8262022027786265,0.5807222738695635,0.1273387684954439,0.16622987931505728,0.7534253644691008,234.2387512113304,1,1,1,1,1,1,1,1,0,1,0,1,1,1
param_20112,real_005,0.7923707562536189,0.5467065527087894,0.15057434611307996,0.19263630362257206,0.7550037902464325,343.14282776196654,1,1,1,1,1,1,1,1,0,0,0,1,1,1
param_20113,real_001,0.7742284379002541,0.6192151312995682,0.11880109854189705,0.18118539159483874,0.0036816647110940828,575.59567403633,1,1,1,1,1,1,1,1,1,1,1,1,1,1
param_20113,real_002,0.7864920083552697,0.640492450016035,0.1350087799392885,0.18514055493492268,0.1838826516641358,481.7817519366582,1,1,1,0,1,1,1,0,1,1,1,1,1,1
param_20113,real_003,0.8335253536344147,0.6595627804575729,0.1254908028393303,0.168632713526259,0.14560313146124632,297.079230027903,1,1,1,1,1,1,1,1,1,1,1,1,1,1
param_20113,real_004,0.8217828602103137,0.6586594966074232,0.1335325511980915,0.17963885148562292,0.16668914858915718,283.4813172703738,1,1,1,1,1,1,1,1,1,1,1,1,1,1
param_20113,real_005,0.8180373450564042,0.6604498008141059,0.18739121652605006,0.24046835654775084,0.18121746468037053,400.7318778151514,1,1,1,1,1,1,1,1,1,0,1,1,1,1
param_20114,real_001,0.6772273764995529,0.3462985758386833,0.03794071891441587,0.05813372419465093,2.4275194613928046,424.0456535692096,0,1,1,1,0,1,1,0,0,1,0,1,0,1
param_20114,real_002,0.7363581624400662,0.4600724644801669,0.10060793023766794,0.1158646635406423,1.983741563017362,284.9300027234101,1,1,1,0,0,1,0,1,0,1,0,0,0,1
param_20114,real_003,0.7760462805713518,0.45019258545281815,0.0669810048882541,0.08550421388857979,1.8449401305514397,252.22010141019217,1,1,0,1,1,1,0,1,0,0,0,1,0,1
param_20114,real_004,0.7621987017043199,0.43856339596532107,0.09449971039427821,0.10346828372373101,2.1574660425844345,176.69635251966326,0,1,0,0,0,1,0,1,0,1,0,1,1,1
param_20114,real_005,0.7423478939384778,0.3820009516090336,0.10361091636445188,0.12238371119123279,1.6600548182342758,346.44531209164893,0,1,0,0,0,1,0,1,0,0,0,1,1,1
param_20115,real_001,0.6813480439179154,0.35853556060323816,0.04126258848453916,0.06444556941393338,2.116701740960398,424.62003431772195,0,1,1,1,1,1,1,0,0,1,0,1,0,1
param_20115,real_002,0.7409785690708294,0.4713229042024084,0.10439642307942083,0.12157204382063437,1.8083746204251239,287.6776404668128,1,1,1,0,0,1,0,1,0,1,0,0,0,1
param_20115,real_003,0.7788061769532917,0.45707559587927116,0.06930738230943426,0.08941049936175247,1.6201338816456747,253.4284356453952,1,1,0,1,1,1,0,1,0,0,0,1,0,1
param_20115,real_004,0.7670854807685081,0.4527559951742942,0.10025711596845444,0.11163749584511665,1.8926514482700634,179.43900542679523,0,1,0,0,0,1,0,1,0,1,0,1,1,1
param_20115,real_005,0.7476745779912198,0.39857831649656994,0.11275623290334408,0.13491435836144372,1.3469876962240135,347.47614667487306,1,1,0,0,0,1,0,1,0,0,0,1,1,1
param_20116,real_001,0.6792161040033692,0.371448411663763,0.04283114450773082,0.06707300967021458,2.020879691440439,419.33362933396296,0,1,1,1,1,1,1,0,0,1,0,1,0,1
param_20116,real_002,0.7416792450898835,0.49767356786663647,0.10833651006632682,0.12773331868414675,1.6363602265481414,280.3033368770729,1,1,1,0,0,1,0,1,0,1,0,0,0,1
param_20116,real_003,0.7789771837249289,0.47179548204400873,0.07455662320886872,0.09649363399954797,1.5103270375801692,251.62488299992802,1,1,0,1,1,1,0,1,0,0,0,1,0,1
param_20116,real_004,0.767275457154926,0.47400861832223207,0.10253897646119642,0.11505442685800064,1.8310018514708908,174.98192967866598,0,1,0,0,0,1,0,1,0,1,0,1,1,1
param_20116,real_005,0.7467460528557943,0.4090499074253005,0.11518965618513825,0.13821838446726967,1.3149690324740542,345.3899129406565,1,1,0,0,0,1,0,1,0,0,0,1,1,1
param_20117,real_001,0.7097931344629188,0.4370611238590623,0.0617561958308403,0.1021943515759657,1.0704862611524872,424.3731943852271,0,1,1,1,1,1,1,0,0,1,1,1,0,1
param_20117,real_002,0.7648813907240414,0.5538608862965795,0.12513261199662007,0.15390173530661047,1.0672029175183448,306.36871669866457,1,1,1,0,1,1,1,1,0,1,0,0,0,1
param_20117,real_003,0.7879771287840618,0.4959425848987661,0.0817989535786652,0.11115920493335872,0.834499677211104,260.7345735641416,1,1,1,1,1,1,0,1,1,0,0,1,0,1
param_20117,real_004,0.7982058482697265,0.5361307742550262,0.129246167475643,0.15424407624178946,0.9884261935036412,194.1041230045192,1,1,0,0,1,1,1,1,0,1,0,1,1,1
param_20117,real_005,0.7695082215295838,0.48092816883174405,0.14777545403444023,0.1855199708536286,0.5915099903620697,356.34123466890804,1,1,0,0,1,1,0,1,0,0,0,1,1,1
param_20118,real_001,0.7237435853362557,0.5071221659714511,0.08157336851357742,0.1336086667574201,0.7834583173682194,383.43086074995426,1,1,1,1,1,1,1,0,0,1,1,1,1,1
param_20118,real_002,0.7858243547993919,0.6091663023149522,0.15001825460496465,0.19142822309279414,0.7067236481072288,272.3581350393204,1,1,1,0,1,1,1,1,0,1,0,0,1,1
param_20118,real_003,0.8100158503908197,0.5965932539305373,0.11919607745447518,0.16184734994749303,0.4885177890458031,247.45989760546462,1,1,1,1,1,1,0,1,1,0,0,1,1,1
param_20118,real_004,0.8137081741793256,0.6008016938642449,0.14982898178722623,0.18506340080870987,0.7666050476263833,161.04772271477196,1,1,0,0,1,1,1,1,0,1,0,1,1,1
param_20118,real_005,0.7881384805159086,0.5560878770432388,0.17382983765063273,0.22158271672901694,0.4762622758326217,339.1197658149909,1,1,0,0,1,1,0,1,0,0,0,1,1,1
param_20119,real_001,0.7681165113196495,0.6173972948178217,0.1328940228083427,0.2024407329226912,0.023385747942281983,415.0256583006978,1,1,1,1,1,1,1,0,1,1,1,1,1,1
param_20119,real_002,0.7803425158747848,0.6477394344980395,0.14312075310537953,0.19501694095989863,0.0649709998403661,352.2181037542862,1,1,1,0,1,1,1,1,1,1,1,0,1,1
param_20119,real_004,0.8228966871153078,0.6659948815356026,0.17218724246987846,0.2210754945787787,0.13046637558999893,224.87006808213442,1,1,1,0,1,1,1,1,1,1,1,1,1,1
param_20119,real_005,0.8183652149652448,0.6555712498950776,0.2160436180443227,0.2774897535418602,0.25065528802194453,403.6101263069435,1,1,1,0,1,1,1,1,1,0,1,1,1,1
param_20120,real_001,0.7009192253443177,0.4094428904751798,0.06332694472636828,0.07662558205081649,3.8208754994313043,402.362385427267,0,1,0,1,0,1,0,1,0,1,0,0,1,1
param_20120,real_002,0.7347357247923776,0.46837561366354485,0.0725747440634922,0.09543633230955167,2.0817821067821067,398.7561995605349,1,1,0,1,1,1,1,1,1,0,0,1,0,1
param_20120,real_003,0.7102665222779653,0.3432615751463091,0.04119425365190316,0.05787523498201187,2.240336707996815,122.72385443118085,1,0,0,0,0,1,0,1,0,1,0,1,0,1
param_20120,real_004,0.7134146090373599,0.3313307477083191,0.06477200383918905,0.07974998951696481,2.2567945188466396,148.2534249970227,1,1,0,1,1,1,0,1,0,0,0,1,0,1
param_20120,real_005,0.7833669849499302,0.43432538614989696,0.2135510459500326,0.22940252385856916,1.380952380952381,551.4855765481011,0,1,1,1,0,1,1,1,0,1,0,1,1,1
param_20121,real_001,0.7059533147118033,0.4180238975792791,0.068939075148676,0.0848317937065882,3.2343041573810805,403.62958892396773,0,1,1,1,0,1,0,1,0,1,0,0,1,1
param_20121,real_002,0.7388555373576056,0.4788085859168693,0.07604556726413783,0.10134682411386722,1.8053922695477982,400.08015369830764,1,1,1,1,1,1,1,1,1,0,0,1,0,1
param_20121,real_003,0.7138567957945061,0.3525141050291801,0.04409441030422259,0.06302411098893435,1.9843687794656888,125.20682992428627,1,0,0,0,0,1,0,1,0,1,0,1,0,1
param_20121,real_004,0.7189873106286473,0.3451288731010957,0.07029929177497524,0.08786611490303554,1.9533918984870668,149.19654671647743,1,1,0,1,1,1,0,1,0,0,0,1,0,1
param_20121,real_005,0.7908500772871456,0.45755439713172064,0.22275434255615464,0.24207634654801027,1.2117761630084651,552.1237612704683,0,1,1,1,0,1,1,1,0,1,0,1,1,1
param_20122,real_001,0.7044735056996412,0.4308845931541158,0.06995577144270756,0.08686908344837749,3.1811812318199064,405.18328966528117,0,1,1,1,0,1,0,1,0,1,0,0,1,1
param_20122,real_002,0.7385316448654088,0.49993346748109835,0.07769206232622607,0.10495038940415607,1.7729736748141656,399.13913491723906,1,1,1,1,1,1,1,1,1,0,0,1,0,1
param_20122,real_003,0.7129089535344861,0.36648210452360064,0.047273144389972446,0.06760753314075593,1.8834116122762976,120.30994950549726,1,0,0,0,0,1,0,1,0,1,0,1,0,1
param_20122,real_004,0.7190086200921201,0.36177207194874583,0.07600502438552058,0.09479370811262822,1.8935908045977012,146.6817609401599,1,1,0,1,1,1,0,1,0,0,0,1,0,1
param_20122,real_005,0.7943458761504002,0.4744088913214087,0.22872971764102634,0.25061556002650703,1.1476632114929988,546.752186885321,0,1,1,1,0,1,1,1,0,1,0,1,1,1
param_20123,real_001,0.7342592616190907,0.4884066433197025,0.09445141591511376,0.12342150967243437,1.6617126111039546,400.76126730504006,0,1,1,1,0,1,1,1,0,1,0,0,1,1
param_20123,real_002,0.7537076780706536,0.5452246358471635,0.0848150221246428,0.12072737274087762,0.9875757611009643,414.3879859112889,1,1,1,1,1,1,1,1,1,0,0,1,0,1
param_20123,real_003,0.7341663661165363,0.416414804237814,0.05853295982230508,0.0893500476293595,1.0760126517702275,136.35006724040687,1,0,1,0,1,1,0,1,0,1,0,1,0,1
param_20123,real_004,0.7505309147855,0.43332623306066476,0.10175597597966055,0.13156333070516613,1.1212721781804456,149.36650293922762,1,1,0,1,1,1,1,1,0,0,0,1,1,1
param_20123,real_005,0.8343224026071198,0.5751502172012064,0.2716252744286908,0.3120144582259446,0.5820071799817821,554.1279014502646,1,1,1,1,0,1,1,1,0,1,1,1,1,1
param_20124,real_001,0.7408008627961118,0.5539154128608391,0.10375846787514022,0.14242673539667583,1.324707834671692,414.62790555211063,1,1,1,1,0,1,1,1,0,1,0,0,1,1
param_20124,real_002,0.767151062871203,0.6084936609288181,0.09453501208273493,0.14131636188483485,0.7067820145250392,403.1040331352996,1,1,1,1,1,1,1,1,1,0,0,1,1,1
param_20124,real_003,0.7537069729357665,0.5137832030091417,0.09170502006467812,0.1352239857889553,0.7288639646529017,99.69531282858978,1,0,1,0,1,1,1,1,0,1,0,1,1,1
param_20124,real_004,0.775688310597436,0.5372314607209654,0.14465703173315364,0.1884656723344094,0.8858803787606376,136.80253330787434,1,1,1,1,1,1,1,1,0,0,0,1,1,1
param_20124,real_005,0.8703784650084901,0.6713363583889812,0.3184933933302045,0.378242055029387,0.303474460288729,513.6511353014313,1,1,1,1,0,1,1,1,0,1,1,1,1,1
param_20125,real_001,0.7898139008543459,0.6523107758349727,0.1441683056406881,0.20972589967827568,0.16821908127208482,371.537552388515,1,1,1,1,1,1,1,1,1,1,1,0,1,1
param_20125,real_002,0.7603826148573618,0.640759810490271,0.09892026303029913,0.15983829992016957,0.01329679975327972,469.2395929628816,1,1,1,1,1,1,1,1,1,0,1,1,0,1
param_20125,real_003,0.7641908719629252,0.5751378132939267,0.10620879338424398,0.16578284192346412,0.0002668707994185026,146.27672524322804,1,0,1,0,1,1,1,1,1,1,0,1,0,1
param_20125,real_004,0.7978898946823331,0.6199662886162737,0.1710453589247897,0.2316091998075467,0.0011071167244615533,147.20921427813965,1,1,1,1,1,1,1,1,1,0,1,1,1,1
param_20125,real_005,0.8654775080956792,0.7158180322941118,0.31793017482442365,0.38987588072762647,0.20938826333194982,565.0452846900025,1,1,1,1,1,1,1,1,1,1,1,1,1,1
param_20126,real_001,0.7730451568895,0.3767448634996059,0.042107871411211056,0.057933816686030426,2.9672466970492106,426.17484450351697,0,1,0,1,0,1,0,1,0,1,0,1,0,1
param_20126,real_002,0.7345315513690704,0.3290302601004544,0.04466306586935403,0.06498230000681521,1.6651606535804364,90.86387372291172,0,0,0,1,0,1,0,1,0,0,0,1,1,1
param_20126,real_003,0.7376880359872733,0.30457807011009375,0.042386429104571646,0.06007705805649276,2.4288631242959067,567.7824557466113,0,1,0,0,0,1,0,1,0,0,0,1,0,1
param_20126,real_004,0.729673060954718,0.30875765243482545,0.031358410648357475,0.046084993411690034,2.0230299232335893,214.43106068475342,0,1,0,0,0,1,0,1,0,1,0,1,0,1
param_20127,real_001,0.7766588630430695,0.38403614281969317,0.04488936715605028,0.062417618960127784,2.689944552674959,425.24666402971354,0,1,0,1,0,1,0,1,0,1,0,1,0,1
param_20127,real_002,0.7382758014147907,0.3372782675760652,0.047334046352945,0.07011750915304345,1.4657184018830023,90.87271860262946,0,0,0,1,0,1,0,1,0,0,0,1,1,1
param_20127,real_003,0.7410447238312012,0.32100180350260193,0.04532548997352372,0.06577129744439154,2.1252032172499358,568.1652087034952,0,1,0,0,0,1,0,1,0,0,0,1,0,1
param_20127,real_004,0.730907334849778,0.3148070002832248,0.033026894096614474,0.049568359987914264,1.812945145570411,215.28285550158589,0,1,0,0,1,1,0,1,0,1,0,1,0,1
param_20127,real_005,0.797421077806044,0.416177767905266,0.20032331082058136,0.19887217651474517,1.327018121911038,427.3386164889764,0,1,0,1,0,1,0,1,0,1,0,0,0,1
param_20128,real_001,0.7737501705357073,0.40006324614765193,0.046441635599902914,0.06543474233366155,2.5608098336948664,430.3980880738862,0,1,0,1,0,1,0,1,0,1,0,1,0,1
param_20128,real_002,0.7380454822264967,0.36141259149379884,0.05195744095663889,0.07633593751771521,1.3821453775582215,89.93963076578184,0,0,0,1,0,1,0,1,0,0,0,1,1,1
param_20128,real_003,0.7403946024809025,0.33962944578723386,0.04939073268979985,0.0710533118900448,2.0217795979151156,562.5269755833732,0,1,0,0,0,1,0,1,0,0,0,1,0,1
param_20128,real_004,0.729551284818468,0.3358130611497927,0.036686395401797765,0.05459396526144192,1.718840579710145,210.52319427413406,0,1,0,0,1,1,0,1,0,1,0,1,0,1
param_20128,real_005,0.7996105859854827,0.44703675043833563,0.2155738672800319,0.2166414948724672,1.2682821378572018,421.81038461045426,0,1,0,1,0,1,0,1,0,1,0,0,0,1
param_20129,real_001,0.8018357905436971,0.4631830283186712,0.06312173098702142,0.09268063805398433,1.5970497830279653,422.3601533613195,1,1,1,1,1,1,1,1,0,1,0,1,0,1
param_20129,real_002,0.7631375766931875,0.4232254399072244,0.06450962770867012,0.10190481933295782,0.7206332125056638,90.37561377892033,1,0,1,1,1,1,1,1,0,0,0,1,0,1
param_20129,real_003,0.765362026818339,0.4285042612533943,0.06220641260091723,0.09506734683083025,1.1604631560267955,566.7872841302188,1,1,1,0,1,1,1,1,0,0,0,1,0,1
param_20129,real_004,0.7475517895292684,0.3954151539663965,0.04641086028210843,0.07349595585016282,0.977512297962052,217.40615635924905,1,1,1,0,1,1,1,1,0,1,0,1,0,1
param_20129,real_005,0.8439931601580345,0.5500984387905985,0.26845229019000244,0.2849176047745498,0.5939900750878919,427.5260215919499,1,1,1,1,1,1,1,1,0,1,0,0,0,1
param_20130,real_001,0.8024120557719899,0.5353615955204061,0.07570628478406967,0.11480240324627455,1.1499438692777848,465.26189847429623,1,1,1,1,1,1,1,1,0,1,0,1,1,1
param_20130,real_002,0.7905576720392231,0.5381691547847102,0.10926275442360942,0.1628941846718365,0.44178541342856803,90.5890507111653,1,0,1,1,1,1,1,1,0,0,0,1,1,1
param_20130,real_003,0.7848640498325581,0.5144864177941362,0.09772465063826324,0.14273882590292358,0.8360583629714343,519.3759129844694,1,1,1,0,1,1,1,1,0,0,0,1,1,1
param_20130,real_004,0.7673326736132978,0.5031396947710607,0.0824365826468058,0.12201330518463237,0.6649861325115562,178.160841658198,1,1,1,0,1,1,1,1,0,1,0,1,1,1
param_20130,real_005,0.8808777555400188,0.67267291901248,0.35387745385430075,0.3937322005375885,0.36549544525004646,382.39546865506924,1,1,1,1,1,1,1,1,0,1,0,0,1,1
param_20131,real_001,0.8398670760798252,0.6577426522869465,0.12268708766715594,0.18137197132070904,0.04885840858749361,412.28803762509307,1,1,1,1,1,1,1,1,1,1,1,1,1,1
param_20131,real_002,0.7705011240060595,0.5970070987121029,0.11625933588345948,0.17235121755901428,0.2766699603566709,89.22927307755266,1,0,1,1,1,1,1,1,1,0,1,1,1,1
param_20131,real_003,0.767668681807008,0.5999062067071638,0.0955370441436488,0.1449884918661914,0.0948197346980502,560.2025535303579,1,1,1,0,1,1,1,1,1,0,1,1,1,1
param_20131,real_004,0.770672073174218,0.5914083912876237,0.09969717214069,0.15193745893470684,0.16988599698859969,222.50698258440022,1,1,1,0,1,1,1,1,1,1,1,1,1,1
param_20131,real_005,0.8507920976422745,0.6982660057147527,0.30264412486310577,0.3461513922838126,0.3402497080750921,424.5303648526751,1,1,1,1,1,1,1,1,1,1,1,0,1,1
param_20132,real_002,0.7300333973124817,0.42521128418041704,0.09274546224346708,0.1069697841761505,2.1130525521191803,284.1023485737352,0,1,0,0,0,1,0,1,0,1,0,1,1,1
param_20132,real_003,0.7759791384467863,0.442808022047782,0.08018437944601775,0.10160682003626037,1.5318153649321313,282.47305013086554,1,1,0,1,1,1,0,1,0,0,0,1,0,1
param_20132,real_004,0.72859342967636,0.42375343103273727,0.05954084063228701,0.07385581832967898,2.702078410570478,258.91666261538137,0,1,0,1,0,1,0,1,0,1,0,1,1,1
param_20132,real_005,0.7150736387178828,0.3704450234811607,0.08246728874911068,0.10356373306403135,1.8476511744127937,383.59261189520856,0,1,0,1,0,0,0,1,0,0,0,1,1,1
param_20133,real_001,0.6968137407823397,0.35641946639409205,0.06144648390536376,0.08325110959395289,2.000656801761774,469.42822966859285,0,1,1,1,1,1,1,1,0,1,0,1,0,1
param_20133,real_002,0.735361001098191,0.4453017333277984,0.09759516648727522,0.1141752956190823,1.862640615748964,289.39984347870023,0,1,0,0,0,1,0,1,0,1,0,1,1,1
param_20133,real_003,0.780732902758877,0.4582045613891515,0.08339612628013832,0.10814136462757247,1.28604176819913,284.1422239150767,1,1,0,1,1,1,0,1,0,0,0,1,0,1
param_20133,real_004,0.7320650195673163,0.43572279238641476,0.06425769805107472,0.08074644999699132,2.357239690383522,263.79106954985696,0,1,0,1,0,1,0,1,0,1,0,1,1,1
param_20133,real_005,0.7210215010176494,0.3858899925626534,0.0932100015320726,0.11796887918618981,1.462574009248455,382.5282328769699,0,1,0,1,0,0,0,1,0,0,0,1,1,1
param_20134,real_001,0.6961085743002288,0.3746189700584131,0.06340183382644062,0.08660410062706975,1.9155545544981887,464.049729664901,0,1,1,1,1,1,1,1,0,1,0,1,0,1
param_20134,real_002,0.7358138712049584,0.4687836540693136,0.10115499617766725,0.1190726402916175,1.805758994677232,285.3728357686103,0,1,0,0,0,1,0,1,0,1,0,1,1,1
param_20134,real_003,0.7813437013904065,0.47188402884679187,0.08889983278531842,0.11561523028655069,1.2032043699116275,280.84670971624,1,1,0,1,1,1,0,1,0,0,0,1,0,1
param_20134,real_004,0.7314749830362759,0.45143408395683515,0.06621803206156164,0.08348604304362597,2.304636046661788,259.9909294419594,0,1,0,1,0,1,0,1,0,1,0,1,1,1
param_20134,real_005,0.7202534838086802,0.3967952201784517,0.09554150916495287,0.12131842288131704,1.4454005106967363,381.40644664528656,0,1,0,1,0,0,0,1,0,0,0,1,1,1
param_20135,real_001,0.7313270134899951,0.45378742743769407,0.08792248453516095,0.12902616589285182,0.9628983749083833,470.3417299167286,0,1,1,1,1,1,1,1,0,1,1,1,0,1
param_20135,real_002,0.7612009335469704,0.5478118327126493,0.1169422492512087,0.146900956421243,1.0057935769973536,320.9099099671968,1,1,1,0,1,1,1,1,0,1,0,1,1,1
param_20135,real_003,0.7928759359714307,0.511279238672998,0.0955108446681558,0.1283107590778601,0.5388138949977522,291.58519818090565,1,1,1,1,1,1,0,1,1,0,0,1,1,1
param_20135,real_004,0.7587696861850336,0.5043535796595421,0.08659936969553889,0.11542477493117378,1.2631664283713868,292.06392874170507,1,1,0,1,1,1,0,1,0,1,0,1,1,1
param_20136,real_001,0.7506931393364634,0.535041299937446,0.11068906118481923,0.16395343262541534,0.7171915937959472,429.2741310188882,1,1,1,1,1,1,1,1,0,1,1,1,1,1
param_20136,real_002,0.7819226925364137,0.5988374412748478,0.14534957757562605,0.1857241764212251,0.7944304380654986,290.3794031839915,1,1,1,0,1,1,1,1,0,1,0,1,1,1
param_20136,real_003,0.8137089111268752,0.6001116245388906,0.13360960536544117,0.1779651213186119,0.3209253329717665,265.76091688423526,1,1,1,1,1,1,0,1,1,0,0,1,1,1
param_20136,real_004,0.7739096247177888,0.5646601352801401,0.10585790001805244,0.14392837576356501,1.0411581718114382,264.29937724242797,1,1,0,1,1,1,1,1,0,1,0,1,1,1
param_20136,real_005,0.7583175623794348,0.5348714149966175,0.14745257891901697,0.19402603607209737,0.5183729481986783,380.58789377667716,1,1,0,1,1,0,0,1,0,0,0,1,1,1
param_20137,real_001,0.7854865644375014,0.6366743736888956,0.16499729859728438,0.2284844286249711,0.07923579867100576,465.45010429479817,1,1,1,1,1,1,1,1,1,1,1,1,1,1
param_20137,real_002,0.769928290800067,0.6276033261425271,0.1286935381426599,0.18245108575175956,0.0912184277557052,395.303592594179,1,1,1,0,1,1,1,1,1,1,1,1,1,1
param_20137,real_003,0.8015666674509819,0.6418901875058335,0.14382183576846613,0.19227687412320765,0.21524171861251906,319.16848521053066,1,1,1,1,1,1,1,1,1,0,1,1,1,1
param_20137,real_004,0.7863004315444065,0.6400059645016641,0.1214980663157316,0.17679984130726858,0.01733142184219958,361.11143255606055,1,1,1,1,1,1,1,1,1,1,1,1,1,1
param_20137,real_005,0.7922779137653765,0.6413458290412288,0.1863977696805636,0.2511000049051397,0.23785862368755434,454.9032302752822,1,1,1,1,1,0,1,1,1,0,1,1,1,1
param_20138,real_001,0.6749061807810017,0.3548095275242575,0.061916456161466744,0.08164939453114979,2.2052749440159243,481.85647584550907,0,1,0,1,1,1,0,0,0,1,0,1,1,1
param_20138,real_002,0.7232410741874883,0.44237890515141415,0.10903570842676041,0.1212928679399535,2.0374057713017297,181.49203153100063,0,1,0,0,0,1,0,1,0,1,0,1,1,1
param_20138,real_003,0.7538150861892475,0.44288196195262086,0.08890758706551187,0.11303893212856923,1.2077131381422315,415.0381755576865,1,1,0,0,1,1,0,1,0,0,0,1,0,1
param_20138,real_004,0.7191440913524545,0.45753669182195444,0.08602137285489399,0.09580777491762432,2.6677462278125077,145.2409863085374,0,1,0,1,0,1,0,1,0,0,0,1,1,1
param_20138,real_005,0.7001746122994493,0.3915468178018317,0.08304342325954851,0.10976089503998249,1.7170052031218732,374.89047146634255,0,1,0,0,0,0,0,1,0,0,0,1,1,1
param_20139,real_001,0.6817194739894422,0.37519295684990694,0.06813839911957467,0.09172850983870867,1.7948653046465377,481.83905145345415,0,1,1,1,1,1,1,0,0,1,0,1,1,1
param_20139,real_002,0.728949147931179,0.4639815300046938,0.11467504865443687,0.12934649907736487,1.7864473074053913,191.91440059200397,1,1,0,0,0,1,0,1,0,1,0,1,1,1
param_20139,real_003,0.7573309658055655,0.45601249612839756,0.09193330991553919,0.11829442548330203,0.9935831158813779,417.2696843766104,1,1,0,0,1,1,0,1,0,0,0,1,0,1
param_20139,real_004,0.7231123045730549,0.47211893412133427,0.09292612896100928,0.10463957043765555,2.3077480414798712,155.11679917306805,0,1,0,1,0,1,0,1,0,0,0,1,1,1
param_20139,real_005,0.7068335575260035,0.4101383220241111,0.09909732341953979,0.1270808766485226,1.3047786784365318,364.74563284745,0,1,0,0,0,0,0,1,0,0,0,1,1,1
param_20140,real_001,0.6813214108949276,0.3875722093019802,0.0696266775630605,0.09475597119709407,1.7525150905432596,478.3904871138526,0,1,1,1,1,1,1,0,0,1,0,1,1,1
param_20140,real_002,0.7296342434322812,0.48642965275654215,0.11791127774246936,0.13433824681532072,1.7319180058906087,188.7530075388911,1,1,0,0,0,1,0,1,0,1,0,1,1,1
param_20140,real_003,0.7586717387527141,0.4720813410288035,0.098022326853267,0.12657371890897495,0.9308716937945066,412.4755087968173,1,1,0,0,1,1,0,1,0,0,0,1,1,1
param_20140,real_004,0.7235025481292628,0.4908090490523346,0.09535996432691488,0.10815425796857069,2.2527330616970587,152.8553186045208,0,1,0,1,0,1,0,1,0,0,0,1,1,1
param_20140,real_005,0.7071014468066976,0.4215904812095726,0.10159752571485299,0.13098599130991773,1.2804383883768293,364.8995569840883,0,1,0,0,0,0,0,1,0,0,0,1,1,1
param_20141,real_001,0.7168657557243766,0.46341668201835723,0.09478280505403422,0.14073684142466153,0.8097144663365293,487.88639508788316,0,1,1,1,1,1,1,0,1,1,1,1,1,1
param_20141,real_002,0.7535895516188273,0.556389989599778,0.13185013255573652,0.16060522396190768,0.9980771733001779,243.8367406009706,1,1,0,0,1,1,1,1,0,1,0,1,1,1
param_20141,real_003,0.7641153783555041,0.5012830835573864,0.09763769839235603,0.13111700048849068,0.3846618563986823,426.3937831042583,1,1,1,0,1,1,0,1,1,0,0,1,1,1
param_20141,real_004,0.7497623299532866,0.536301946737059,0.11559655785234485,0.13895769259364113,1.3098328774487327,199.78569778049746,1,1,0,1,1,1,0,1,0,0,0,1,1,1
param_20142,real_001,0.7440219975573449,0.5486229521441099,0.11935477978115966,0.1783438976221539,0.5925002575461008,451.0391845053661,1,1,1,1,1,1,1,0,1,1,1,1,1,1
param_20142,real_002,0.7756590198081098,0.6077966315673045,0.15851673353574508,0.19895469293682794,0.7630212651962598,220.88210854252588,1,1,0,0,1,1,1,1,0,1,0,1,1,1
param_20142,real_003,0.7868827543454086,0.5910822996992448,0.13662448741538977,0.18298002940224278,0.1754318060864096,389.41951602899235,1,1,1,0,1,1,0,1,1,0,0,1,1,1
param_20142,real_004,0.7709512900558806,0.5948595211129901,0.13668467300797746,0.1701920143577292,1.0192121630960609,187.96541145156658,1,1,0,1,1,1,1,1,0,0,0,1,1,1
param_20142,real_005,0.7489229924181545,0.5478635300635029,0.15665758747837485,0.20555496192226705,0.40195420399101633,348.2489766348926,1,1,0,0,1,0,0,1,0,0,0,1,1,1
param_20143,real_001,0.7744623136762194,0.632106353464401,0.17583047587484493,0.24277225565039928,0.05841936957514847,484.8385714190605,1,1,1,1,1,1,1,0,1,1,1,1,1,1
param_20143,real_002,0.7661209271790256,0.6237841932450424,0.13794879323046252,0.19017294282970254,0.05084850524349457,344.3867387091473,1,1,1,0,1,1,1,1,1,1,1,1,1,1
param_20143,real_003,0.7755982107786548,0.6227533802506501,0.14036070836697148,0.1937048711208932,0.22249033513402802,459.8945702684315,1,1,1,0,1,1,1,1,1,0,1,1,1,1
param_20143,real_004,0.7884754862195753,0.648187021605058,0.15415014434978866,0.20615551048769024,0.021618291163824858,313.3572123223968,1,1,1,1,1,1,1,1,1,0,1,1,1,1
param_20143,real_005,0.7763202787265804,0.6331561885683196,0.187156122805334,0.25176958638705255,0.2324462221217175,393.96134439660307,1,1,1,0,1,0,1,1,1,0,1,1,1,1
param_20144,real_001,0.7084665550164507,0.34953705123660095,0.04935685448495879,0.06440358760317484,2.56012347090431,46.64122122366274,0,1,0,0,0,1,0,1,0,1,0,1,1,1
param_20144,real_002,0.7146823859276098,0.3064564469640324,0.05236623886464985,0.07104083086672014,1.9785092366517714,735.1729901993634,0,1,0,1,0,1,0,0,0,1,0,1,1,1
param_20144,real_003,0.7558567974955815,0.3951109174972969,0.08354705879447633,0.10099189502648329,1.8234805966237908,156.7319220198871,1,1,0,0,0,1,0,1,0,1,0,1,0,1
param_20144,real_004,0.7698380782188728,0.37377043947628913,0.0491536478399494,0.06405999366716174,2.827315649020368,54.687708308342565,0,1,0,1,0,1,0,1,0,1,0,1,0,1
param_20144,real_005,0.7468305586313978,0.36836118416859664,0.06694643144502771,0.08151250001953875,2.582001250223254,144.4275169885819,0,1,0,1,0,1,1,1,0,1,0,1,0,0
param_20145,real_001,0.7105323371311527,0.35346109427369143,0.051767151877433276,0.06875670226389964,2.3097804136640945,47.32795976133666,0,1,0,0,0,1,0,1,0,1,0,1,1,1
param_20145,real_002,0.7172486390566345,0.315308119896635,0.0560319064172858,0.07735824358729579,1.732938814329494,736.7231405464277,0,1,0,1,0,1,0,0,0,1,0,1,1,1
param_20145,real_003,0.7607035769851922,0.4137840193680734,0.08753329739140447,0.10783513849954851,1.6201236194143276,156.9366661816883,1,1,0,0,1,1,0,1,0,1,0,1,0,1
param_20145,real_004,0.7742954503681666,0.3858193864905423,0.052252868076133635,0.0692868227800676,2.556236091978383,54.96792726520199,0,1,0,1,0,1,0,1,0,1,0,1,0,1
param_20145,real_005,0.7513776371959612,0.37634127965217007,0.07110999904044352,0.0877224572114749,2.3391259105098854,145.16611982084453,0,1,1,1,0,1,1,1,0,1,0,1,0,0
param_20146,real_001,0.7097680373601682,0.3744061888784455,0.055798526702859376,0.07436438095533711,2.2292599966815994,44.35722001447686,0,1,0,0,0,1,0,1,0,1,0,1,1,1
param_20146,real_002,0.7165242735833789,0.3326172978371707,0.059722430762905426,0.08241304723933995,1.680423697193317,732.1568247452487,0,1,0,1,0,1,0,0,0,1,0,1,1,1
param_20146,real_003,0.7591921981154823,0.42018986846234596,0.09012034744855599,0.11152252069860286,1.5301865007142996,151.59733673013767,1,1,0,0,1,1,0,1,0,1,0,1,0,1
param_20146,real_004,0.7721380285350169,0.4019895722932165,0.05471209354422129,0.07278615241701883,2.370377809468335,52.7965565328669,0,1,0,1,0,1,0,1,0,1,0,1,0,1
param_20146,real_005,0.7499168375208342,0.39425084483202816,0.07393013557995806,0.09298301336075605,2.223729154108901,140.0510132850528,0,1,1,1,0,1,1,1,0,1,0,1,0,0
param_20147,real_001,0.736046434941679,0.42559379435192446,0.06896580429624069,0.098605179569731,1.3413834586466165,51.135395461670264,1,1,1,0,1,1,1,1,0,1,0,1,1,1
param_20147,real_002,0.7454121517401718,0.3987997453819454,0.07659057665779648,0.11577716623972074,0.8550893049279105,745.0067069774572,1,1,1,1,1,1,1,0,0,1,0,1,1,1
param_20147,real_003,0.7897260956800054,0.505297223899566,0.10989744427637695,0.14487571829029458,0.855721892896614,154.79712903295214,1,1,1,0,1,1,1,1,0,1,0,1,0,1
param_20147,real_004,0.806402767562954,0.48422587252751526,0.07174011772735685,0.10164208798386917,1.5028488753654317,56.016313582488486,1,1,1,1,1,1,1,1,0,1,0,1,0,1
param_20147,real_005,0.7803277541142613,0.44529136402164987,0.09943102626680943,0.12975394139914817,1.3355119508573758,145.7989657393309,1,1,1,1,1,1,1,1,0,1,0,1,0,0
param_20148,real_001,0.7513149046449915,0.5144995663083423,0.10111802492224903,0.14277856552720142,1.0659174439741532,41.81067100619633,1,1,1,0,1,1,1,1,0,1,0,1,1,1
param_20148,real_002,0.7630828053088919,0.49183151265648023,0.11068456449571608,0.16050565500637265,0.6483823266960712,708.2501077583531,1,1,1,1,1,1,1,0,0,1,0,1,1,1
param_20148,real_003,0.8083508969452314,0.5631732402345488,0.14133500495193677,0.18905767940658616,0.5394598971232616,110.87459682705288,1,1,1,0,1,1,1,1,0,1,0,1,1,1
param_20148,real_004,0.8141013457291416,0.5723441701389381,0.09336229794175066,0.13427814345576475,1.087414631719059,54.76437243113363,1,1,1,1,1,1,1,1,0,1,0,1,1,1
param_20148,real_005,0.7908685709242518,0.5392741615999332,0.11683805332759643,0.161380304188811,0.905024815368906,102.9667906388761,1,1,1,1,1,1,1,1,0,1,0,1,1,0
param_20149,real_001,0.7693234500137084,0.6073574407909025,0.12343406935038725,0.1808185621837824,0.024869577198399228,71.7244415265974,1,1,1,0,1,1,1,1,1,1,1,1,1,1
param_20149,real_002,0.7686849642117349,0.5862921154599307,0.12150785659572529,0.1879016167789581,0.21072195908003322,776.7396452106566,1,1,1,1,1,1,1,0,1,1,1,1,1,1
param_20149,real_003,0.801691984754716,0.6316151331640545,0.14590132114244572,0.20152498801307314,0.20637648777553388,153.42848093117908,1,1,1,0,1,1,1,1,1,1,1,1,1,1
param_20149,real_004,0.8238272014578301,0.6592565911379888,0.11659534866939449,0.1719025597339134,0.02695904428504982,61.42527060658207,1,1,1,1,1,1,1,1,1,1,1,1,1,1
param_20149,real_005,0.8308583308100913,0.6473433530970887,0.18694009695109223,0.24376748087537783,0.0425595397936471,143.55624054521834,1,1,1,1,1,1,1,1,1,1,1,1,1,0
param_20150,real_001,0.6710400120732622,0.3687924423555551,0.052821772344600865,0.07836043002892364,1.9142749544121145,324.97358955501085,0,1,0,1,0,1,1,1,0,1,0,1,1,1
param_20150,real_002,0.7847617863667768,0.49520835659512535,0.18284632104269677,0.2024979978894814,1.7388374237169073,170.7968035727963,0,1,0,1,1,1,1,1,0,1,0,1,0,1
param_20150,real_003,0.7524654259758649,0.3945004031958288,0.12163798161087475,0.13719848464147374,2.1034176956136164,254.9508293712611,0,1,0,1,0,1,0,1,0,1,0,1,0,1
param_20150,real_004,0.7495296517477356,0.40768648721284906,0.0893030370647891,0.09943023748761956,2.3001668317605963,416.9821311756689,0,1,0,0,0,1,0,1,0,0,0,1,1,1
param_20150,real_005,0.7683245443109192,0.3964261838980239,0.1526091345217421,0.15576865172980908,1.8146670757901198,456.66490538636566,1,1,0,0,1,1,0,1,0,1,0,1,0,1
param_20151,real_001,0.6762689356558083,0.3808457503175171,0.06020333890134589,0.08889746241433852,1.5720008396599376,324.90118915934767,0,1,0,1,0,1,1,1,0,1,1,1,1,1
param_20151,real_002,0.7943302447375483,0.5180780016929284,0.19487731681146983,0.21894750081639378,1.4478604642037316,169.12327394852872,0,1,1,1,1,1,1,1,0,1,0,1,0,1
param_20151,real_003,0.7602001985494597,0.4175231165081985,0.13319048166791153,0.15316357144556914,1.7067888379841734,256.20148650267396,0,1,0,1,0,1,0,1,0,1,0,1,1,1
param_20151,real_004,0.7570193143954657,0.42689804420192756,0.10067999951228718,0.114486558664868,1.819056313879178,414.996755956397,0,1,0,0,0,1,1,1,0,0,0,1,1,1
param_20151,real_005,0.7763936005779607,0.4200013190896644,0.15863028544756855,0.16346139266598356,1.639440961874422,458.1533760992999,1,1,0,0,1,1,0,1,0,1,0,1,0,1
param_20152,real_001,0.6744950833275116,0.3938789252720846,0.062340165942319635,0.09232740576856002,1.529783207157605,322.0083536666226,0,1,0,1,0,1,1,1,0,1,0,1,1,1
param_20152,real_002,0.7940692393980701,0.5206439809958097,0.19545863182675766,0.22167708039240427,1.3844698417552175,172.43263995493027,0,1,1,1,1,1,1,1,0,1,0,1,0,1
param_20152,real_003,0.7602204748320844,0.42972742578497697,0.1375647398024108,0.1595729796897786,1.6650329030872273,253.32487921320546,0,1,0,1,0,1,0,1,0,1,0,1,1,1
param_20152,real_004,0.7563702208658677,0.43791142082314105,0.10301064874057035,0.1181577371633879,1.777373143496479,417.27626206864363,0,1,0,0,0,1,1,1,0,0,0,1,1,1
param_20152,real_005,0.7790972307496976,0.44297713208916195,0.16992427783128983,0.17786106259231216,1.5314304862904338,452.95434410409945,1,1,0,0,1,1,0,1,0,1,0,1,0,1
param_20153,real_001,0.7086481943079085,0.4621534749774604,0.09115654890104619,0.13489257685244263,0.7857220933480695,324.32569276883976,1,1,1,1,1,1,1,1,1,1,1,1,1,1
param_20153,real_002,0.8415922589664149,0.6174231630338578,0.25093872471670914,0.2975740538229601,0.6113471696651126,158.931727054559,1,1,1,1,1,1,1,1,0,1,1,1,0,1
param_20153,real_003,0.8000143489166512,0.5342342196017738,0.1775854458184086,0.21903907118201327,0.7895599496485891,266.5785276616796,1,1,1,1,1,1,1,1,0,1,1,1,1,1
param_20153,real_004,0.7938166017455813,0.5191622751282742,0.14759681839537378,0.1757993878308775,0.7863331075742183,398.19351895293823,0,1,0,0,0,1,1,1,0,0,1,1,1,1
param_20153,real_005,0.8042745948450262,0.4999814950926728,0.19662888565973094,0.21468707285244434,0.9506349109909472,461.14865856692967,1,1,1,0,1,1,1,1,0,1,0,1,0,1
param_20154,real_001,0.7338859810198599,0.5438873787214367,0.11753574176517859,0.17709473758396566,0.5714988082641271,305.4652924665454,1,1,1,1,1,1,1,1,1,1,1,1,1,1
param_20154,real_002,0.8623895577689492,0.6725917621614669,0.2564920649289951,0.31925946876532596,0.34527673247576635,183.8890513071671,1,1,1,1,1,1,1,1,0,1,1,1,1,1
param_20154,real_003,0.8367863748351226,0.6310855941391295,0.2174129327947957,0.27940869627031323,0.5764796932033452,244.95351742251233,1,1,1,1,1,1,1,1,0,1,1,1,1,1
param_20154,real_004,0.8097288457511798,0.5704759055893724,0.169123299585284,0.20838431331308083,0.6095734536901659,412.17478664201195,0,1,1,0,0,1,1,1,0,0,1,1,1,1
param_20154,real_005,0.8448943094270599,0.6258844018619872,0.2528895578340487,0.29695484969344293,0.45410283410894847,416.9194711753703,1,1,1,0,1,1,1,1,1,1,0,1,1,1
param_20155,real_002,0.8520090918482086,0.7099445287283954,0.2767477653994044,0.329519249051977,0.23875970884152853,108.77627288565128,1,1,1,1,1,1,1,1,1,1,1,1,1,1
param_20155,real_003,0.8298768930261599,0.683102054632814,0.23889450823358935,0.3033789987319955,0.16941643287060987,317.9546986789899,1,1,1,1,1,1,1,1,1,1,1,1,1,1
param_20155,real_004,0.8319769999700957,0.6756288271674593,0.20384169141878877,0.25118959004851615,0.1910530923125092,310.73203470570814,1,1,1,0,1,1,1,1,1,0,1,1,1,1
param_20155,real_005,0.833681501861803,0.643350700319485,0.23406331780460352,0.2855502139317539,0.13289310214443903,453.8421815171681,1,1,1,0,1,1,1,1,1,1,1,1,0,1
param_20156,real_001,0.7505386331710941,0.503761923045301,0.15542539931488858,0.17458155572532763,1.8170493153505611,57.172608662063816,1,1,0,0,1,1,0,1,0,0,0,1,1,1
param_20156,real_002,0.7247704661963416,0.4587270358967107,0.12888351573591922,0.14887592821382295,1.8142666997541002,198.51299866293425,0,1,0,1,0,0,0,1,0,1,0,1,1,1
param_20156,real_003,0.7167573287273994,0.38855664366976156,0.06618552162561377,0.07939020886820453,2.836303292199403,266.48816586258147,0,1,0,1,0,1,0,1,0,1,0,1,1,1
param_20156,real_005,0.7564724892062441,0.5000719155963327,0.197398087567453,0.21097256761407177,0.9450991811983966,403.0546741953924,1,1,0,0,1,0,0,1,0,0,0,1,1,1
param_20157,real_001,0.7586513416414232,0.530834537230244,0.1643862027562651,0.18639542156497083,1.5014170003473937,50.947588719280155,1,1,0,0,1,1,0,1,0,0,0,1,1,1
param_20157,real_002,0.732818289241336,0.4857061474402185,0.14330625188477908,0.16784690348732748,1.416145339040499,210.63963011112855,0,1,0,1,0,0,0,1,0,1,0,1,1,1
param_20157,real_003,0.7234804022357035,0.40435136268089517,0.07532468342394844,0.09062413581582614,2.329988399071926,264.7054986841232,0,1,1,1,0,1,0,1,0,1,0,1,1,1
param_20157,real_004,0.7026615155325578,0.32537426212064147,0.07348934146309906,0.08028138028912395,2.7442293820629957,230.72328809780484,0,1,0,0,0,0,0,1,0,0,0,1,1,1
param_20157,real_005,0.7655458379621325,0.5250198403791647,0.20725687373296636,0.2223681436872442,0.808741776708772,398.3632981613076,1,1,0,0,1,0,0,1,1,0,0,1,1,1
param_20158,real_001,0.759335708473015,0.5463725919211612,0.1662400557523008,0.18944284605638648,1.4508258392748379,50.92209634281829,1,1,0,0,1,1,0,1,0,0,0,1,1,1
param_20158,real_002,0.7331247900083909,0.4898224674135912,0.14671766160071933,0.17320966732669166,1.380096540934501,209.76914388226737,0,1,0,1,0,0,0,1,0,1,0,1,1,1
param_20158,real_003,0.722979753526082,0.4198109807131193,0.07773044242942755,0.09464163349779596,2.28163941922945,261.1251479917819,0,1,1,1,0,1,0,1,0,1,0,1,1,1
param_20158,real_004,0.7024079193395106,0.3377413796124236,0.07801391085384404,0.08558680480821984,2.70911364516033,229.07955510050965,0,1,0,0,0,0,0,1,0,0,0,1,1,1
param_20158,real_005,0.7682731079248063,0.5430739352847387,0.2119548712377307,0.2300206870180924,0.766258613448646,396.76698070181004,1,1,0,0,1,0,0,1,1,0,0,1,1,1
param_20159,real_001,0.7941490342702019,0.6167044166422785,0.18744620513687457,0.22156223240314687,0.752289465257765,32.56747039021643,1,1,1,0,1,1,1,1,0,0,0,1,1,1
param_20159,real_002,0.7745630788179849,0.5994486697949942,0.19634287913156048,0.2376708936816038,0.5498956366166385,272.4802737538116,0,1,0,1,0,0,1,1,1,1,1,1,1,1
param_20159,real_003,0.753347117590388,0.4745302002632687,0.11438037624767164,0.13877444413554538,1.2740740740740741,253.81118494641444,1,1,1,1,1,1,1,1,0,1,0,1,1,1
param_20159,real_004,0.7387764050000344,0.448875220299211,0.10466982418960946,0.1289418941375759,1.22163174320107,233.94807018029485,0,1,1,0,0,0,1,1,0,0,0,1,1,1
param_20159,real_005,0.79814219168751,0.6032215733871259,0.2429013637103721,0.26677819433998773,0.36803489030516967,388.65091840449054,1,1,0,0,1,0,0,1,1,0,0,1,1,1
param_20160,real_001,0.8152196245901012,0.6660785731833013,0.19825506765572026,0.24522634751033887,0.502267511447364,23.1517392983232,1,1,1,0,1,1,1,1,1,0,0,1,1,1
param_20160,real_002,0.8099151188382092,0.6432167821669753,0.234692191257616,0.2917604520474571,0.3989279386368224,270.6461032589744,0,1,1,1,1,0,1,1,1,1,1,1,1,1
param_20160,real_003,0.7753574113784409,0.5679461445143593,0.1353886782747785,0.1759281151815362,1.0069802130188548,226.90920772580557,1,1,1,1,1,1,1,1,0,1,0,1,1,1
param_20160,real_004,0.7663709013095825,0.5481866704094458,0.14502262161542062,0.18134923879480966,0.9304841009111758,219.13486902788156,0,1,1,0,0,0,1,1,0,0,0,1,1,1
param_20160,real_005,0.8228949746220435,0.6707964693493332,0.2653265492476224,0.3043300505860629,0.14374496373892023,383.24865934009205,1,1,0,0,1,0,0,1,1,0,1,1,1,1
param_20161,real_001,0.8019641449431574,0.6895613039188675,0.19167523308524964,0.2491754105041485,0.1939266102613655,73.31057315218948,1,1,1,0,1,1,1,1,1,0,1,1,1,1
param_20161,real_002,0.8121197832027335,0.6937937908454908,0.24589482631186527,0.3059940785623373,0.16321999449963442,440.24100482479895,1,1,1,1,1,0,1,1,1,1,1,1,1,1
param_20161,real_003,0.8318035749216989,0.6723165727420154,0.21234592436190225,0.27633354449211045,0.10776860142019141,241.5899472027503,1,1,1,1,1,1,1,1,1,1,1,1,1,1
param_20161,real_004,0.7764291623437632,0.6170628256792814,0.1723549701206225,0.22477339952904984,0.11695657721260579,242.92598253526432,1,1,1,0,1,0,1,1,1,0,1,1,1,1
param_20161,real_005,0.8102561695829236,0.6948120404632029,0.248202865790958,0.2817631359289436,0.2886211713997532,452.1150187723014,1,1,1,0,1,0,1,1,1,0,1,1,1,1
