param_folder,realization,global_ssim,plume_ssim,iou_0.001,iou_0.0001,area_rel_err_1e-3_d365,centroid_err_m_d365,exceed_w500_+400_true,exceed_w500_+400_pred,exceed_w500_-400_true,exceed_w500_-400_pred,exceed_w1000_+400_true,exceed_w1000_+400_pred,exceed_w1000_-400_true,exceed_w1000_-400_pred,exceed_w1500_+600_true,exceed_w1500_+600_pred,exceed_w1500_-600_true,exceed_w1500_-600_pred,exceed_w1900_+0_true,exceed_w1900_+0_pred
param_20000,real_001,0.8373725135544783,0.4020359887035799,0.037467913299625163,0.0569169064844677,0.927836637798391,733.3066807017535,0,0,0,0,0,0,0,0,0,1,0,0,0,1
param_20000,real_002,0.8209840836782369,0.33897241525032357,0.01004058703646522,0.03193443723147706,0.3405248072522052,623.0711699572074,0,1,0,1,0,1,0,0,0,0,0,0,0,1
param_20000,real_003,0.8356890948733331,0.38114988838527014,0.03594658872002662,0.05481503860363479,0.7877630780979762,273.5383745058957,0,1,0,1,0,0,0,1,0,1,0,0,0,1
param_20000,real_004,0.8080313420983218,0.36129607530553576,0.013503579687386398,0.031248617043726164,0.7911223673687017,1028.705039934923,0,0,0,1,0,1,0,0,0,1,0,0,1,1
param_20000,real_005,0.8671266979492225,0.425209665639803,0.12526200176544297,0.1516617696182187,0.32211835258841165,287.2696294537495,0,1,0,0,0,0,0,0,0,0,0,0,0,1
param_20001,real_001,0.8334817711536422,0.4159835202475105,0.04079097317682102,0.06354275805780461,1.1851563300871348,585.1579410804479,0,0,0,0,0,0,0,0,0,1,0,0,0,1
param_20001,real_002,0.8153675275062511,0.3567494413138349,0.016324340791264616,0.04435630699928552,0.546812996031746,527.1669199414047,0,1,0,1,0,1,0,0,0,0,0,1,0,1
param_20001,real_003,0.8336900296576375,0.397798416782149,0.04366363769879235,0.06738956994717646,1.0723210904960243,172.7284582689542,0,1,0,1,0,0,0,1,0,1,0,0,0,1
param_20001,real_004,0.8047996292003086,0.3720267404872326,0.02045920592791801,0.04063324746593512,1.118779896875194,999.9149149704148,0,0,0,1,0,1,0,0,0,1,0,0,0,1
param_20001,real_005,0.8582103257411782,0.42673151487029143,0.1366948995024954,0.16322818358557548,0.37450811608460405,331.21658956352485,0,1,0,0,0,0,0,0,0,0,0,0,0,1
param_20002,real_001,0.826484115376544,0.43748058713703925,0.04879153492771389,0.07238843890696695,1.1308214971969652,596.4887919411564,0,0,0,0,0,0,0,0,0,0,0,0,0,1
param_20002,real_002,0.8028822444670662,0.3698128244264389,0.01980718220299837,0.04957116644150541,0.5281740798465412,382.9892756128829,0,1,0,1,0,1,0,0,0,0,0,1,1,1
param_20002,real_003,0.8261589403982346,0.41750152617025327,0.048634061275661146,0.07389901119058981,1.1206308610400681,248.61816519121112,0,1,0,1,0,0,0,1,0,1,0,0,0,1
param_20002,real_004,0.7951151502260706,0.38889905553127435,0.023835831464810796,0.04701312422645351,1.098599462257715,972.9209096259683,0,0,0,1,0,1,0,0,0,1,0,0,1,1
param_20002,real_005,0.8457244880599194,0.43943494041241776,0.1341446712251214,0.16245066207110043,0.35971094832706396,394.9774353422699,0,1,0,0,0,0,0,0,0,0,0,0,0,1
param_20003,real_001,0.8123462031660396,0.4913682413356765,0.060801867179564296,0.08997970061035693,1.244403637635537,117.27962351527518,1,1,1,1,1,1,1,1,0,1,0,0,0,1
param_20003,real_002,0.8035370930785696,0.4660943717032941,0.06227271009820008,0.08993533701252719,0.9689889361952887,464.1643005007536,1,1,1,1,1,1,1,0,0,0,0,1,0,1
param_20003,real_003,0.8293783605091517,0.49341258259726517,0.07927331813924343,0.10986630086750113,1.3728686359269933,288.7681227501812,1,1,1,1,1,1,1,1,0,1,0,0,0,1
param_20003,real_004,0.7815635017610417,0.4521652510650217,0.04224197906969081,0.07221914861897806,1.180408416206805,534.872297210186,1,1,1,1,1,1,1,0,0,1,0,1,0,1
param_20003,real_005,0.8072089743358316,0.46131309390265784,0.11850269038997713,0.14698027107660752,0.31885955342206707,568.9377570805281,1,1,1,1,1,0,1,0,0,0,0,1,0,1
param_20004,real_001,0.8056530225499778,0.5794357170695814,0.11189987833462486,0.15502888280919275,0.8825896299151889,64.61288558383691,1,1,1,1,1,1,1,1,0,1,0,0,1,1
param_20004,real_002,0.7856449690716015,0.5371657643181863,0.10846162654977672,0.15667760006628728,0.9315381777941719,243.11179078843892,1,1,1,1,1,1,1,1,0,1,0,1,1,1
param_20004,real_003,0.8115314047698722,0.564772679804426,0.11776607100300808,0.15978847696190926,1.0560136445066137,154.11405464323704,1,1,1,1,1,1,1,1,0,1,0,0,1,1
param_20004,real_004,0.7732450171932842,0.5379010855012566,0.09052612809405343,0.1336721446525724,1.0159737740343295,333.0014665397032,1,1,1,1,1,1,1,1,0,1,0,1,1,1
param_20004,real_005,0.8299926651611779,0.6196757527833334,0.20044417800214667,0.2489191346451962,0.4671901763528021,348.37035216048486,1,1,1,1,1,0,1,1,0,0,0,1,1,1
param_20005,real_001,0.8015361148664379,0.6619515916768469,0.1422666454762701,0.20732291073385287,0.3932362634361287,389.77382935011406,1,1,1,1,1,1,1,1,1,1,1,1,1,1
param_20005,real_002,0.8041572820763321,0.678798908986218,0.17668756590310275,0.2492049138963996,0.4193983459725228,310.39479977981404,1,1,1,1,1,1,1,1,1,1,1,1,1,1
param_20005,real_003,0.8346199223900777,0.6839825124254558,0.1749041787515166,0.24600464573783729,0.4312057083910663,409.23857976727476,1,1,1,1,1,1,1,1,1,1,1,1,1,1
param_20005,real_004,0.7697745125395058,0.6423626721070907,0.12966495664023484,0.19767976065400514,0.4285923485264507,66.36428667635356,1,1,1,1,1,1,1,1,1,1,1,1,1,1
param_20005,real_005,0.8012110544752414,0.6886172401162274,0.19401855552938763,0.2632265561615769,0.3227025319531516,355.5322293925192,1,1,1,1,1,1,1,1,1,1,1,1,1,1
param_20006,real_001,0.850558205723311,0.5010998584413828,0.11494064257041378,0.13598755956262923,1.0880173610432267,274.02902046880604,0,1,0,1,1,1,0,1,0,0,0,0,0,1
param_20006,real_002,0.8469560428379909,0.5185584222522952,0.16100961421647295,0.19129606295975482,0.5844838530508609,332.9589811319388,0,1,1,1,0,1,0,1,0,0,0,0,1,1
param_20006,real_003,0.8261410564932312,0.47142151552770295,0.06868982982637593,0.09259802076092091,1.1046423652200903,72.2467332803221,1,0,0,1,1,1,0,1,0,0,0,1,1,1
param_20006,real_004,0.8043476326286254,0.49611632842733727,0.06800289910636109,0.09178674998214287,0.9950579381867874,445.09373764455,0,1,0,0,0,1,0,0,0,1,0,0,0,1
param_20006,real_005,0.815042625263038,0.439319296741779,0.058299948211690565,0.08340035720682248,1.1514940527995359,258.397521116429,1,1,0,1,1,1,0,1,0,0,0,0,0,1
param_20007,real_001,0.8470945480148429,0.5085898762542915,0.10874852490321621,0.130226975123654,1.110460783422703,339.5350022733674,1,1,0,1,1,1,1,1,0,0,0,0,0,1
param_20007,real_002,0.8441607144138003,0.5329495038428089,0.16764681692731057,0.1927202339272011,0.646615986419662,283.5246623657425,1,1,1,1,0,1,1,1,0,0,0,0,1,1
param_20007,real_003,0.8241322705394828,0.47876953041073933,0.0699410320800519,0.09554316154361865,1.2959770114942528,138.99063839139336,1,0,0,1,1,1,0,1,0,0,0,1,1,1
param_20007,real_004,0.8010189013799952,0.5087151610976501,0.06909320659547392,0.09550220724268474,1.1419177030822096,384.9930135515419,1,1,1,1,0,1,1,0,0,1,0,0,0,1
param_20007,real_005,0.813346198038716,0.45094468958447625,0.06122391748484846,0.08560838239395255,1.3509403906377278,219.18888775384772,1,1,1,1,1,1,0,1,0,0,0,0,0,1
param_20008,real_001,0.8393295874587801,0.5271651606118798,0.11342508638024258,0.1389683184644784,1.0693170413930313,339.6924514627418,1,1,0,1,1,1,1,1,0,0,0,0,0,1
param_20008,real_002,0.8432100525895361,0.5475897650413964,0.18751172905414948,0.21609849818959162,0.5848124461052027,317.07453844997553,1,1,1,1,0,1,1,1,0,0,0,0,1,1
param_20008,real_003,0.8184475693203814,0.48904021347324467,0.07583905894413012,0.10315496458615407,1.227877519159807,119.53386054249822,1,0,0,1,1,1,0,1,0,0,0,1,1,1
param_20008,real_004,0.7945534561847808,0.5313300283900718,0.07901173382834456,0.10769941978498859,1.1359317697228144,398.165483116802,0,1,1,1,0,1,1,0,0,1,0,0,0,1
param_20008,real_005,0.8033497455444537,0.4665730601544205,0.06414121199072205,0.09076762367450282,1.2868347141014997,234.84785245454435,1,1,1,1,1,1,0,1,0,0,0,1,0,1
param_20009,real_001,0.8252475627240776,0.5577209554053977,0.09809667723806977,0.12955328508701935,1.0883806743862645,413.857648337996,1,1,1,1,1,1,1,1,0,1,0,0,0,1
param_20009,real_002,0.8424484967927353,0.5843617296145346,0.19174120240772105,0.2191636352990677,0.6305475182063432,180.8966043198656,1,1,1,1,1,1,1,1,0,0,0,0,1,1
param_20009,real_003,0.821500607131627,0.5276058898067988,0.08801203801245328,0.12310201513473022,1.2096047469188005,324.7383813855319,1,1,1,1,1,1,1,1,0,1,0,1,1,1
param_20009,real_004,0.7938456886523775,0.5689833056974085,0.08198994780007332,0.11614669597746433,1.19537067011978,204.52006088031877,1,1,1,1,1,1,1,1,0,1,0,1,0,1
param_20009,real_005,0.811711847288874,0.5099282777470943,0.07341127721367863,0.10318948489753389,1.4528772216432415,318.40037678767914,1,1,1,1,1,1,1,1,0,0,0,1,0,1
param_20010,real_001,0.8272773614160565,0.6562157863638631,0.16101945881847712,0.21218877031572167,0.7445745666269684,369.2608335439646,1,1,1,1,1,1,1,1,0,1,0,1,1,1
param_20010,real_002,0.8370237569430264,0.672881482815604,0.23506120995437807,0.2730231062693932,0.6972836386607707,146.10537357597786,1,1,1,1,1,1,1,1,0,1,0,0,1,1
param_20010,real_003,0.8117979303501898,0.6080054416057035,0.1391153756337899,0.18901541979834388,0.8813830386304764,121.95222764446626,1,1,1,1,1,1,1,1,0,1,0,1,1,1
param_20010,real_004,0.7897596628047561,0.6513300648048044,0.14185181879768805,0.1875098870186651,0.9826822347095573,154.6728567150252,1,1,1,1,1,1,1,1,0,1,0,1,1,1
param_20010,real_005,0.7883476628229041,0.5897979436422554,0.1125348741018469,0.1568622400908058,1.0681935240188167,197.85095695939225,1,1,1,1,1,1,1,1,0,1,0,1,1,1
param_20011,real_001,0.8240206801572236,0.7056849670286962,0.1748088793722483,0.244660207359226,0.435683756636805,408.29851222653906,1,1,1,1,1,1,1,1,1,1,1,1,1,1
param_20011,real_002,0.8534633625856048,0.7385520050286832,0.2501284323841357,0.3074154044816712,0.3863384830460756,178.05471695095147,1,1,1,1,1,1,1,1,1,1,1,1,1,1
param_20011,real_003,0.8269835873426993,0.6767986588023222,0.1801887387976175,0.25175892007945,0.4841481707472097,298.81215961484736,1,1,1,1,1,1,1,1,1,1,1,1,1,1
param_20011,real_004,0.7793607330636181,0.6824247280850131,0.15342120035572698,0.2198374549199071,1.0849624854697242,931.9738676076616,1,1,1,1,1,1,1,1,1,1,1,1,0,1
param_20011,real_005,0.8065262661256414,0.6608057057836046,0.1385912316846212,0.20510622024092662,0.5264770527835186,258.1177548725652,1,1,1,1,1,1,1,1,1,1,1,1,1,1
param_20012,real_001,0.785938356190421,0.45353020127723853,0.08047002520687782,0.10625902911524923,0.9901104546622143,396.1267985931934,1,1,1,1,1,0,1,1,0,0,0,1,1,1
param_20012,real_002,0.8023734164677756,0.48074965052740454,0.11973689328507753,0.1432244184214142,0.7965621557346949,369.8794076500966,0,0,1,0,1,1,1,1,0,0,0,0,1,1
param_20012,real_003,0.793490179135939,0.4688291112622878,0.07324488263722877,0.1127329482000541,1.0634067705534658,141.11381777952536,1,1,0,0,1,1,1,1,0,1,0,1,1,1
param_20012,real_004,0.8027549186663044,0.4609482826490763,0.09908755031108366,0.1307593929477096,0.8480161756620138,45.28860737045637,1,1,0,1,1,1,1,0,0,0,0,0,0,1
param_20012,real_005,0.7431516367826891,0.4062644381286193,0.032503887444408686,0.05703108147188863,0.6690543460196111,899.8354268255534,1,0,1,1,1,0,1,0,0,0,0,0,1,1
param_20013,real_001,0.7880297585818147,0.46972447402295886,0.07729366663682122,0.09986942712567642,1.156725966172991,369.35233540097533,1,1,1,1,1,0,1,1,0,0,0,1,1,1
param_20013,real_002,0.8046128293835205,0.48966775458156375,0.11801913488827409,0.14307664103688272,0.8912066115702479,301.44418837443055,0,0,1,1,1,1,1,1,0,0,0,0,1,1
param_20013,real_003,0.7945322655090155,0.4865554222120644,0.08124571445009865,0.11774255067631416,1.1325539708518433,207.2782535587816,1,1,0,1,1,1,1,1,0,1,0,1,1,1
param_20013,real_004,0.8039246695340762,0.46586496209838657,0.10071887501298614,0.1314874165889116,0.9508355740104149,127.49013286338175,1,1,0,1,1,1,1,0,0,0,0,0,0,1
param_20013,real_005,0.739898433118062,0.4127067563463577,0.03425061071666919,0.061516993479152425,0.7099607991309687,811.4731380178239,1,0,1,1,1,0,1,0,0,0,0,0,0,1
param_20014,real_001,0.783190460097204,0.4847069518956832,0.08203490024827496,0.10733136474172468,1.1281286034050058,361.42286581090946,1,1,1,1,1,0,1,1,0,0,0,1,1,1
param_20014,real_002,0.8029118231998794,0.5067795680935155,0.1250595941101679,0.15204902686709854,0.8985418709708535,290.76529828194214,0,0,1,1,1,1,1,1,0,0,0,0,1,1
param_20014,real_003,0.7912450978439116,0.4985696641482409,0.08919369851945863,0.12858369792574284,1.066557555919258,248.50039633949314,1,1,0,1,1,1,1,1,0,1,0,1,1,1
param_20014,real_004,0.7970236971106683,0.47950890484616193,0.10714885237867482,0.14025852682770248,0.9067984073145554,39.8486652644517,1,1,0,1,1,1,1,0,0,0,0,0,0,1
param_20014,real_005,0.736718918558104,0.42970046063198564,0.040941416692473254,0.07125792240184003,0.7006677694051339,789.009777713346,1,0,1,1,1,0,1,0,0,0,0,0,1,1
param_20015,real_001,0.7933207248418751,0.5238710163005628,0.0767263802596055,0.10751180268032971,1.3414757199915914,156.7635378503967,1,1,1,1,1,1,1,1,0,0,0,1,1,1
param_20015,real_002,0.8042860583431368,0.5315301650835323,0.11692580099718855,0.15302088081373902,0.9024364336453562,107.86636010298317,1,0,1,1,1,1,1,1,0,0,0,1,1,1
param_20015,real_003,0.7985537125100027,0.5330464843546018,0.10577974943691934,0.14308967627928873,1.0184056851145764,196.34643314106782,1,1,1,1,1,1,1,1,0,1,0,1,1,1
param_20015,real_004,0.8021616045823081,0.513992449489963,0.11011143877350552,0.14261845588298228,1.0601985181042919,326.2832549228086,1,1,1,1,1,1,1,1,0,0,0,0,0,1
param_20015,real_005,0.7279326695606234,0.4441284921297936,0.03840038582986826,0.06965614311656722,0.5598116364086995,518.7967023015807,1,0,1,1,1,0,1,1,1,0,0,1,0,1
param_20016,real_001,0.7941963979390594,0.6199521817877937,0.13543073888136742,0.18767901128743777,0.8423448878842483,116.59751183998222,1,1,1,1,1,1,1,1,1,1,1,1,1,1
param_20016,real_002,0.8101199476588491,0.6363063556159281,0.17551847491639788,0.22430298853768108,0.6522117674208809,54.55905220848703,1,1,1,1,1,1,1,1,0,1,0,1,1,1
param_20016,real_003,0.7873643869951956,0.6201939745329574,0.15806695964968534,0.2133920155316272,0.5908520534762386,558.2401543210677,1,1,1,1,1,1,1,1,1,1,0,1,1,1
param_20016,real_004,0.7975171766692629,0.6090376042858741,0.15956657232852592,0.2133406049120513,0.7073255483368257,204.30337453248137,1,1,1,1,1,1,1,1,1,0,0,1,1,1
param_20016,real_005,0.7501877786968248,0.5855570437532244,0.11072467438705161,0.16459980201761656,0.5289502528700267,375.30609925317844,1,0,1,1,1,1,1,1,1,0,0,1,1,1
param_20017,real_001,0.8089949946451317,0.6648148251749302,0.14601261528210777,0.2134098015542834,0.6166929067148637,240.16099523647173,1,1,1,1,1,1,1,1,1,1,1,1,1,1
param_20017,real_002,0.8178419811852703,0.6757194348277751,0.17907515272735824,0.2395129508594013,0.41228093862230986,186.27988837573588,1,1,1,1,1,1,1,1,1,1,1,1,1,1
param_20017,real_003,0.8001573480625952,0.6616097704855958,0.18717094939016513,0.2516469786970796,0.4290311573792208,84.32951459486705,1,1,1,1,1,1,1,1,1,1,1,1,1,1
param_20017,real_004,0.8221715342339383,0.6767528062821707,0.18640612142616525,0.25510769834643676,0.4668595922748239,406.14856232418396,1,1,1,1,1,1,1,1,1,1,1,1,0,1
param_20017,real_005,0.7399822757344195,0.608808547450515,0.1207893310380965,0.18830058273129385,0.3281831097079716,163.94677704379077,1,1,1,1,1,1,1,1,1,1,1,1,1,1
param_20018,real_001,0.8481787451204086,0.3976112832980322,0.06763832766196966,0.09125091482309296,0.7880858934452114,130.03176025843362,0,1,0,1,0,0,0,0,0,0,0,0,0,1
param_20018,real_002,0.8582657427255701,0.45891617173663923,0.13996116441374865,0.15885502914099073,0.9615007188662452,54.45050579447624,0,1,0,1,0,1,0,0,0,0,0,0,1,1
param_20018,real_003,0.8481245991863061,0.3999587562507507,0.07348707967995827,0.09282050171617101,0.6781144630775071,53.54556772900025,0,0,0,0,0,1,0,1,0,0,0,0,1,1
param_20018,real_004,0.8272523153634692,0.40593132208370813,0.07159055016823268,0.09339570227524385,0.8607676570005337,197.2152112446641,0,0,0,0,0,0,0,0,0,1,0,0,1,1
param_20018,real_005,0.8298583895441399,0.36052960315416516,0.046683797283072606,0.07721739362858418,0.41848595903500685,943.8822967757876,0,0,0,1,0,0,0,0,0,0,0,1,1,1
param_20019,real_001,0.8456952949557481,0.41977920156756937,0.06582085450442389,0.08901853411639044,1.0051800588454685,67.8413290181228,0,1,0,1,0,0,0,0,0,0,0,0,0,1
param_20019,real_002,0.8553870213516798,0.4770007694984695,0.1327130096667456,0.15459620799891977,1.1312439404797032,47.07983613842636,0,1,0,1,0,1,0,0,0,0,0,0,1,1
param_20019,real_003,0.8468789078062816,0.42223467520293645,0.075995164934906,0.09468680839689472,0.9496060068484673,35.858671712435296,0,0,0,1,0,1,0,1,0,0,0,0,1,1
param_20019,real_004,0.8258509118235076,0.43174958812213865,0.07467928585425615,0.09998494638600151,0.9248739702446822,216.84642138039752,0,0,0,1,0,1,0,0,0,1,0,1,1,1
param_20019,real_005,0.8251204714893668,0.3860885355568453,0.05267451349001649,0.08652827826330022,0.561987747330077,876.4698749750064,0,0,0,1,0,0,0,0,0,0,0,1,0,1
param_20020,real_001,0.8399836745956847,0.4467837781821322,0.07636264654081064,0.10121522586614534,1.001507780145551,68.7389568156663,0,1,0,1,0,0,0,0,0,0,0,0,0,1
param_20020,real_002,0.8497783630230267,0.5011182932414843,0.14517620139291393,0.16752506348380522,1.1555683122847302,51.097695827271785,0,1,0,1,0,1,0,1,0,0,0,0,1,1
param_20020,real_003,0.8431329870855079,0.4446999253232589,0.08681937802249325,0.10911708366208166,0.9377875092906932,47.04624758184279,0,0,0,0,0,1,0,1,0,0,0,0,1,1
param_20020,real_004,0.8211861372747867,0.45802636325532675,0.08624865501688724,0.11320955675144463,0.9400135113654426,211.49781021816833,0,0,0,1,0,1,0,0,0,1,0,1,1,1
param_20021,real_001,0.8216655938073042,0.5119464231754515,0.07287473169374747,0.10354340489862864,1.0400449749178342,313.92009222001116,1,1,1,1,1,0,1,1,0,1,0,0,0,1
param_20021,real_002,0.8441121811844503,0.548014749034965,0.13604452968529337,0.16933770604562498,1.066117404737384,213.21613121876763,1,1,1,1,1,1,1,1,0,0,0,1,1,1
param_20021,real_003,0.8226170735107309,0.49150680123972246,0.0839904556511169,0.11752236488003856,1.01980755081726,151.6116730250661,1,1,1,1,1,1,1,1,0,1,0,1,1,1
param_20021,real_004,0.8101641976317069,0.5167292170200286,0.09271370953996146,0.12273847789223374,1.0777439683890226,247.2668937181474,1,1,1,1,1,1,1,1,0,1,0,1,1,1
param_20021,real_005,0.8034479666799111,0.4756016172335218,0.07683598988308286,0.11141065982962452,0.8711042989562806,630.8262883283131,1,1,1,1,1,1,1,0,0,1,0,1,0,1
param_20022,real_001,0.8245191492542661,0.6070680090898489,0.1371632477929563,0.18605139832430986,0.7847727551145413,155.9470093168614,1,1,1,1,1,1,1,1,0,1,0,0,1,1
param_20022,real_002,0.8350872784803163,0.6372279773316023,0.18862016432301032,0.22918873465364342,0.8860457441677455,181.15642442902146,1,1,1,1,1,1,1,1,0,1,0,1,1,1
param_20022,real_003,0.8248118587573667,0.5842581117331752,0.15099592897873207,0.19675043420663507,0.8177419955092977,127.65624432868897,1,1,1,1,1,1,1,1,0,1,0,1,1,1
param_20022,real_004,0.8124890671532858,0.6091055876250406,0.1592412478183232,0.20259841852750227,0.8543398777922468,166.70315180732155,1,1,1,1,1,1,1,1,0,1,0,1,1,1
param_20022,real_005,0.7989460862518888,0.5709995018575728,0.14564119005381662,0.189926667758273,0.7889192696848657,554.2202759920517,1,1,1,1,1,1,1,1,0,1,0,1,1,1
param_20023,real_001,0.8071647958830597,0.6902809795353587,0.159314406946288,0.23026838027932744,0.391194953410541,259.0620222564649,1,1,1,1,1,1,1,1,1,1,1,1,1,1
param_20023,real_002,0.8416089846758826,0.7266060540059972,0.22442570773676349,0.28782835558725656,0.40182001153614866,285.87734676260334,1,1,1,1,1,1,1,1,1,1,1,1,1,1
param_20023,real_003,0.813072141729139,0.6640188861737202,0.17648599914975013,0.24514127777980363,0.39694809210287,206.95439972844713,1,1,1,1,1,1,1,1,1,1,1,1,1,1
param_20023,real_004,0.8050574197325454,0.6855654671629491,0.17523540765656004,0.24633718082305486,0.4114333973315187,251.7031758103975,1,1,1,1,1,1,1,1,1,1,1,1,1,1
param_20023,real_005,0.7973672177464293,0.6762078009893523,0.1787784266540413,0.2528465519387895,0.38278172390416104,182.85541054477065,1,1,1,1,1,1,1,1,1,1,1,1,1,1
param_20024,real_001,0.8142264484466571,0.4355453135048353,0.09313591322815254,0.1259730744649924,0.637196846829857,348.00833222750475,0,0,0,1,0,0,0,0,0,0,0,0,1,1
param_20024,real_002,0.8221557645422662,0.5038813239854111,0.1564152107166195,0.17086802938433102,1.157871611230722,56.077327637263814,0,0,0,1,0,0,0,1,0,0,0,0,1,1
param_20024,real_003,0.8196440499670961,0.45652444494735406,0.10431484564259588,0.12531326918499222,0.9439388423734983,422.2966654609295,0,0,0,1,1,1,0,0,0,0,0,0,1,1
param_20024,real_004,0.8091224216326701,0.47087646193781124,0.12205626118713984,0.14786557102003997,0.8082354942998128,216.62267866792342,0,0,0,1,0,0,0,0,0,1,0,1,1,1
param_20024,real_005,0.7943661304460958,0.3780068097387176,0.08523378134575169,0.11703668146948092,0.21921083253993442,833.5384665883003,0,0,0,1,0,0,0,0,0,0,0,0,1,1
param_20025,real_001,0.8086705263962611,0.4614770122760116,0.09279181900545953,0.1271427473703157,0.7568079120129594,121.75925883640463,0,1,0,1,1,0,1,0,0,0,0,0,1,1
param_20025,real_002,0.8257839177195884,0.5332298236668431,0.15660814929291914,0.17550707316390096,1.312374285944163,78.53594938195519,0,1,0,1,0,1,0,1,0,0,0,0,1,1
param_20025,real_003,0.8178521076806633,0.47562862924156846,0.10405581686764817,0.12980730862366652,1.109844981316364,241.53926476208287,1,0,0,1,1,1,0,0,0,0,0,0,1,1
param_20025,real_004,0.8049755229506136,0.48723204821065097,0.12471683085204732,0.15229335296592456,0.8734091852261724,183.89222943274913,0,0,0,1,1,0,0,0,0,1,0,1,1,1
param_20025,real_005,0.7864309959617618,0.40593556374773554,0.09136050988353851,0.12348491437780316,0.46469502345973385,770.5150935330391,0,0,0,1,1,0,0,0,0,0,0,1,1,1
param_20026,real_001,0.80370484854629,0.47770587119103924,0.09796141345299794,0.1366097203356111,0.7770794262253535,101.4475029672493,0,1,0,1,1,0,1,0,0,0,0,0,1,1
param_20026,real_002,0.8224967680223533,0.5574147393217591,0.16706540070959425,0.1867198944044297,1.317405736320089,73.02497657216988,0,0,0,1,0,1,0,1,0,0,0,0,1,1
param_20026,real_003,0.8154735258948529,0.49002036557300793,0.11136964454795382,0.138698752744274,1.1066824687756405,245.44405509043384,1,0,0,1,1,1,0,1,0,0,0,0,1,1
param_20026,real_004,0.8053816578850439,0.5197470354079718,0.13705922134259438,0.16686193349078565,0.8387179399610669,169.77043643455107,0,0,0,1,1,0,0,0,0,1,0,1,1,1
param_20026,real_005,0.7848227751371246,0.43625222077406656,0.1040793015815994,0.14176836706434634,0.44233732143876137,761.6887416942659,0,0,0,1,1,0,0,0,0,0,0,1,1,1
param_20027,real_001,0.7919702107306853,0.5268319012865806,0.0982797874064787,0.13850510270532004,0.7873653110879388,322.77938912776335,1,1,1,1,1,0,1,1,1,1,1,1,1,1
param_20027,real_002,0.8327185373671075,0.6114415545319075,0.16032881371341723,0.19538261192890446,1.0561310150536412,317.4221550308508,1,1,1,1,1,1,0,1,0,0,0,1,1,1
param_20027,real_003,0.8154818430703581,0.5454772663082249,0.11377614542509536,0.15058689981497417,1.047510055934017,136.97824241840584,1,1,1,1,1,1,0,1,0,0,0,1,1,1
param_20027,real_004,0.7932428021527551,0.5478481630753419,0.12679867485651092,0.16257759670606547,0.7968753995244061,214.90669973768544,1,1,1,1,1,1,1,1,1,1,1,1,1,1
param_20027,real_005,0.7691649742129204,0.5008328024090736,0.10333859789721185,0.1404399039494401,0.7310125262411544,506.42967030294307,1,1,1,1,1,1,0,1,0,1,0,1,1,1
param_20028,real_001,0.8035751230232395,0.6296070541739528,0.16760276011808933,0.22279932663229843,0.6717697885131277,214.5974377103082,1,1,1,1,1,1,1,1,1,1,1,1,1,1
param_20028,real_002,0.8242249740972483,0.6804413782766174,0.2028535458915465,0.25039595791221253,0.9362802815842874,314.1803414999827,1,1,1,1,1,1,1,1,0,1,0,1,1,1
param_20028,real_003,0.8110349238148215,0.6191326979535461,0.16089248149290125,0.21165517243887277,0.8539424352540809,112.43331654800082,1,1,1,1,1,1,1,1,1,0,0,1,1,1
param_20028,real_004,0.8210051090357089,0.6681918193967501,0.20539443400372,0.2565980634351958,0.6665394673340891,141.06259400582985,1,1,1,1,1,1,1,1,1,1,1,1,1,1
param_20028,real_005,0.7826596179428098,0.617019843722099,0.19390786772222846,0.2375772255726947,0.6787548295593485,537.5599511342546,1,1,1,1,1,1,1,1,0,0,0,1,1,1
param_20029,real_001,0.8119301861462176,0.7024875733185533,0.18895083973826307,0.2615041281649821,0.41579006406261687,312.7196288198489,1,1,1,1,1,1,1,1,1,1,1,1,1,1
param_20029,real_002,0.8395086753409455,0.7344766651270018,0.23089816811708289,0.29648479479697704,0.4324483090290554,392.15600924879016,1,1,1,1,1,1,1,1,1,1,1,1,1,1
param_20029,real_003,0.8235336967246889,0.6973991957407086,0.1948063461586401,0.26377783318251213,0.3895613319974361,273.67582378135745,1,1,1,1,1,1,1,1,1,1,1,1,1,1
param_20029,real_004,0.8079339070426687,0.7033993446427157,0.20160950337428024,0.2727556015329282,0.41540564658527784,249.10439626972567,1,1,1,1,1,1,1,1,1,1,1,1,1,1
param_20029,real_005,0.7851778485801573,0.687419305111457,0.18734465276403983,0.2589469909339033,0.4067963602133668,181.38705105553257,1,1,1,1,1,1,1,1,1,1,1,1,1,1
param_20030,real_001,0.7920607618225475,0.4655440287096962,0.12372887450540805,0.15895497504938377,0.5073832507174537,292.2368656807656,0,0,0,1,1,0,0,0,0,0,0,0,1,1
param_20030,real_002,0.7926983584745548,0.5104956359971043,0.17424162926001274,0.183741201178483,1.1257661948229483,25.57019890768816,0,0,0,1,0,0,0,1,0,0,0,1,1,1
param_20030,real_003,0.7889163949052888,0.4578042029754526,0.13602535826825907,0.15863710496925104,0.8850128210034828,574.9849148686052,0,0,0,1,1,1,0,0,0,0,0,0,1,1
param_20030,real_004,0.7909273658417963,0.49991552669746153,0.1562376806509904,0.19003894402524008,0.5196911579921962,163.53940135109096,0,0,0,1,1,0,0,0,0,1,0,1,1,1
param_20030,real_005,0.7787048222098121,0.4084656276152802,0.11865888694512007,0.15036943499225264,0.1411722659042173,658.3274962973887,0,0,0,0,0,0,0,0,0,0,0,0,1,1
param_20031,real_001,0.784687777116964,0.48571337349140814,0.12550900484791985,0.1603436854955455,0.6205198023588442,106.11478813069212,0,1,0,1,1,0,1,1,0,0,0,1,1,1
param_20031,real_002,0.7964193099108833,0.5395300272594176,0.1715254842508121,0.18267024615821548,1.3739197468251714,114.02319578512346,0,0,0,1,1,1,0,1,0,0,0,1,1,1
param_20031,real_003,0.7882066123778203,0.4764642501903636,0.1340666091320235,0.15639609282134143,1.0945137463375265,383.38389865258995,0,0,0,1,1,1,0,0,0,0,0,0,1,1
param_20031,real_005,0.7685013693460842,0.432211117280821,0.12271220695808753,0.1564529878888025,0.44322230828814874,617.9994807972362,1,0,0,1,1,0,0,0,0,0,0,0,1,1
param_20032,real_001,0.7818478842888912,0.5004607425744447,0.13054765983205707,0.16822223056233349,0.6305808820182958,107.71919314593788,0,1,0,1,1,0,1,1,0,0,0,1,1,1
param_20032,real_002,0.7927407446625329,0.5672213362028797,0.18195685667802067,0.19341105500968436,1.407829852062703,92.96614207416758,0,0,0,1,1,1,0,1,0,0,0,1,1,1
param_20032,real_003,0.7876860425011316,0.49132770189618996,0.14144627370389373,0.1638897815646237,1.0927192346216281,372.8616004043863,0,0,0,1,1,1,0,1,0,0,0,0,1,1
param_20032,real_004,0.7906570689638928,0.5518093669831268,0.17411882899143816,0.20871089723955635,0.5745161193221155,159.09282200966092,0,0,0,1,1,0,1,0,0,1,0,1,1,1
param_20032,real_005,0.7691870903793165,0.4656960910085386,0.13485114454487107,0.1744613346426446,0.46164003444646445,614.463520057649,1,0,0,1,1,0,0,0,0,0,0,0,1,1
param_20033,real_002,0.8065763148646412,0.6152030595329973,0.16413112286927745,0.19476249384569946,1.2668005703684395,338.40394783901525,1,1,0,1,1,1,0,1,0,1,0,1,1,1
param_20033,real_003,0.7930556377046658,0.5383079397341092,0.1334880913188278,0.16474060306343852,1.124311125661592,102.07512894951475,1,1,0,1,1,1,0,1,0,1,0,0,1,1
param_20033,real_004,0.781416250803158,0.5724077972222434,0.1612807737920744,0.19461238217934546,0.7200364480615123,186.20299882859885,0,1,0,1,1,1,1,1,1,1,1,1,1,1
param_20033,real_005,0.7579758067487841,0.5192317794259552,0.13572636825893392,0.17373724251393735,0.7456206040849889,431.929868104771,1,1,0,1,1,0,0,1,0,1,0,1,1,1
param_20034,real_001,0.7942083740268651,0.6466750094376122,0.19557826780237747,0.2535247801289557,0.633578431372549,213.21576806169676,1,1,1,1,1,1,1,1,1,1,1,1,1,1
param_20034,real_002,0.8013512282975589,0.6741029335039301,0.20497184285369535,0.25084995978084046,1.0651195499296766,339.92385119115744,1,1,0,1,1,1,1,1,0,1,0,1,1,1
param_20034,real_003,0.7925681004184172,0.6080488077844289,0.17135627861720518,0.2232556044333662,0.920965425201036,141.7232703404262,1,1,1,1,1,1,0,1,1,1,0,1,1,1
param_20034,real_004,0.8203673827299299,0.6908404807779117,0.23896617473489723,0.2897892587383549,0.6228053435114503,179.8668823465239,1,1,1,1,1,1,1,1,1,1,1,1,1,1
param_20034,real_005,0.7779129508032245,0.6459116692177678,0.22259754346606372,0.25766338403101885,0.7690705167025993,447.2267554847564,1,1,1,1,1,1,0,1,0,0,0,1,1,1
param_20035,real_001,0.8082596710963993,0.7049152473219603,0.21183758289740878,0.28324777846986476,0.4797075671398524,342.04718805952734,1,1,1,1,1,1,1,1,1,1,1,1,1,1
param_20035,real_002,0.8310494735296052,0.7328450132099382,0.23708466691439697,0.3052336743551834,0.5171137511719351,442.45884619766315,1,1,1,1,1,1,1,1,1,1,1,1,1,1
param_20035,real_003,0.8227018315527824,0.6976962458716742,0.20429117287040532,0.2749311213997279,0.4516523948806861,320.8268782385275,1,1,1,1,1,1,1,1,1,1,1,1,1,1
param_20035,real_004,0.8152315304344961,0.7166714607655955,0.22838283771665574,0.30060294933417436,0.45905208847534873,260.29359593502454,1,1,1,1,1,1,1,1,1,1,1,1,1,1
param_20035,real_005,0.78731869550035,0.7037592043586364,0.20937767333932086,0.2762707159446222,0.4706070853901328,173.89158033739864,1,1,1,1,1,1,1,1,1,1,1,1,1,1
param_20036,real_001,0.8136322650350997,0.34132332371459034,0.022042314838281552,0.0433472169624633,0.768685849635933,979.4832447399644,0,1,0,1,0,1,0,1,0,1,0,1,1,1
param_20036,real_002,0.8076317973232265,0.37151192327508076,0.030423916541929927,0.06398516459999665,0.7733884482180762,564.5261061424691,0,1,0,1,0,1,0,1,0,1,0,0,1,0
param_20036,real_003,0.8746990960032451,0.43353380972873795,0.1111924253336171,0.1352190476337514,0.6561590471499574,558.4281721760849,0,1,0,0,0,1,0,0,0,0,0,0,1,1
param_20036,real_004,0.8231194388156878,0.3485720540978935,0.036423701037215914,0.07311727886600546,0.44382937880850876,244.3352899128834,0,1,0,1,0,1,0,1,0,1,0,0,0,0
param_20036,real_005,0.8384597879883331,0.38673329120547256,0.08857578644195323,0.11723964809398875,0.7512410013967981,554.1224453501264,0,1,0,1,0,1,0,1,0,0,0,0,0,0
param_20037,real_001,0.8115236880125556,0.36733088289103305,0.028912932067157563,0.05427575469306075,0.9154654287808454,888.4971963041174,0,1,0,1,0,1,0,1,0,1,0,1,1,1
param_20037,real_002,0.808544534654445,0.4026395124377045,0.04482820968604926,0.08201428667362787,1.0885825961736268,535.3662670798275,0,1,0,1,0,1,0,1,0,1,0,0,1,0
param_20037,real_003,0.8767388298676677,0.4673094085009863,0.11686754789619806,0.14092122538095464,0.7582780768671142,544.6048526217539,0,1,0,0,0,1,0,0,0,0,0,0,1,1
param_20037,real_004,0.8227386144535093,0.3811226517754067,0.05673820666549816,0.09261248068288054,0.7492070684186679,171.99227635564623,0,1,0,1,0,1,0,1,0,1,0,0,0,0
param_20037,real_005,0.8415832643035053,0.4287836580926783,0.10687458667499662,0.13086611732487288,0.9130821714624741,516.7288500642284,0,1,0,1,0,1,0,1,0,0,0,0,0,0
param_20038,real_001,0.8033435436806454,0.3851310637267526,0.031837469852786036,0.061278720081590646,0.8651381934313764,883.7689362204446,0,1,0,1,0,1,0,1,0,1,0,1,1,1
param_20038,real_002,0.7970125477249808,0.4091105798870665,0.04246211613055645,0.08188140810019845,1.0786739535163052,538.6318277077792,0,1,0,1,0,1,0,1,0,1,0,0,1,0
param_20038,real_003,0.870621614136963,0.48462528451546805,0.1243998967833446,0.15107469942294136,0.7408829560532347,510.9171378629707,0,1,0,0,0,1,0,0,0,0,0,0,1,1
param_20038,real_004,0.8133231076243084,0.3858544883773507,0.05787511188453072,0.09942770118575113,0.7508532423208191,89.25996268150462,0,1,0,1,0,1,0,1,0,1,0,0,0,0
param_20038,real_005,0.8325628162310025,0.4351891692492271,0.10434504378022857,0.13273242240715696,0.9424972722574223,496.46664041183885,0,1,0,1,0,1,0,1,0,0,0,0,1,1
param_20039,real_001,0.8189350868341293,0.4808573621872139,0.07027102043188237,0.10548658852505965,1.3323501634580457,558.3381299514011,1,1,1,1,1,1,1,1,0,1,0,1,1,1
param_20039,real_002,0.8055267236775638,0.5010590676729371,0.09318073897576444,0.11953488016056221,1.493019784593772,417.23032895403105,1,1,1,1,1,1,1,1,0,1,0,1,1,1
param_20039,real_003,0.8614188568824918,0.5439083504641424,0.12070474897784127,0.15133929289985318,0.8505902929602099,558.8457453844503,1,1,1,1,1,1,1,1,0,0,0,0,1,1
param_20039,real_004,0.8247403309740419,0.4905090910649502,0.10699615733888568,0.13871121407042167,1.144111816879603,245.05623552245635,1,1,1,1,1,1,1,1,0,1,0,1,0,0
param_20040,real_001,0.7974949919908475,0.5599248653320874,0.11531656767417572,0.16144408527804546,0.9795953466088474,536.047038757239,1,1,1,1,1,1,1,1,0,1,0,1,1,1
param_20040,real_002,0.776962438910518,0.5403068476610801,0.12263778619380171,0.1620267566164012,1.1918464323427365,376.4015619973783,1,1,1,1,1,1,1,1,0,1,0,1,1,1
param_20040,real_003,0.8600999924451956,0.6268398488926729,0.18687433592332547,0.2363254289521952,0.6744480841397141,434.0373394800951,1,1,1,1,1,1,1,1,0,0,0,0,1,1
param_20040,real_004,0.8065152643444347,0.5509683403560942,0.1554449907425151,0.20096779928881253,0.9560813738964625,71.9424835770148,1,1,1,1,1,1,1,1,0,1,0,1,1,1
param_20040,real_005,0.8362483845955895,0.6015820333344765,0.1884633556661375,0.23579971362005275,0.8110275629491045,322.61110752463196,1,1,1,1,1,1,1,1,0,1,0,1,1,1
param_20041,real_001,0.8328866490224207,0.6826861791030566,0.1644019974243639,0.23159511680639344,0.44830141533411316,236.8832979090871,1,1,1,1,1,1,1,1,1,1,1,1,1,1
param_20041,real_002,0.8148682256304215,0.6848290420642775,0.17415831311810817,0.24812568556929346,0.458429265796879,337.8177279319811,1,1,1,1,1,1,1,1,1,1,1,1,1,1
param_20041,real_003,0.8523543277675995,0.7103192549431333,0.19150248594796046,0.2595139266327397,0.40440348987766067,500.1126164938546,1,1,1,1,1,1,1,1,1,1,1,1,1,1
param_20041,real_004,0.84107871549272,0.7014188455686792,0.21212591556349703,0.2855096381027454,0.4021599709583737,318.94238601293057,1,1,1,1,1,1,1,1,1,1,1,1,1,1
param_20041,real_005,0.8460705606791967,0.7086465523432843,0.21580932493119115,0.28838983838540855,0.40540360280608995,434.2401452481605,1,1,1,1,1,1,1,1,1,1,1,1,1,1
param_20042,real_001,0.8104820184912299,0.4378936790694694,0.07685591287107982,0.10084871432724529,0.9906872265250252,839.0623064335317,0,0,0,0,0,0,0,1,0,1,0,0,1,1
param_20042,real_002,0.7873519398402697,0.36309405145839024,0.04316637899523803,0.06759700084760903,0.7273045303480846,582.5010243799779,0,1,0,1,0,0,0,1,0,0,0,0,1,1
param_20042,real_003,0.7931262815075715,0.4377012512734128,0.06652208484768568,0.08777627168660407,0.9579387893134934,177.15659647756073,0,1,0,0,0,0,0,1,0,0,0,1,1,1
param_20042,real_004,0.7907140787384007,0.37750487935743043,0.048724513123149224,0.0765477808227555,0.6595352932935737,182.61939854620525,0,0,0,1,1,1,0,1,0,0,0,1,1,1
param_20042,real_005,0.7968698224341072,0.39312775547513107,0.06498801014545759,0.08542641003013818,0.8580650517881977,361.7894201026879,0,0,0,1,0,1,0,1,0,0,0,1,1,1
param_20043,real_001,0.807676477601772,0.459548827524008,0.0884079649707288,0.10887203730180765,1.3433822310624897,764.6954761008603,0,0,0,0,0,0,0,1,0,1,0,0,1,1
param_20043,real_002,0.7890773289112291,0.393735235617338,0.06126793806580151,0.08785815616027064,0.8853736276708771,561.8436763815531,0,1,0,1,0,0,0,1,0,0,0,0,1,1
param_20043,real_003,0.7858259350350483,0.4546033847181784,0.07259841600095257,0.09482894937694679,1.242526812200502,143.3594114616708,0,1,0,1,0,0,0,1,0,0,0,1,1,1
param_20043,real_004,0.7923869691558838,0.40549768188263513,0.06115305589569373,0.09292021468210099,0.8129643587810919,126.28189521122945,0,0,1,1,1,1,0,1,0,1,0,1,1,1
param_20043,real_005,0.7958216883032996,0.42613401027745235,0.07892952170768096,0.09993667809080253,1.1938459797004113,291.9707806490246,0,1,0,1,0,1,0,1,0,0,0,1,1,1
param_20044,real_001,0.8050781384216097,0.4712862229375282,0.09589881729833659,0.11961833893700163,1.2587957254418414,748.1701859706483,0,1,0,0,0,0,0,1,0,1,0,0,1,1
param_20044,real_002,0.7814076517149511,0.40497986240151235,0.06549149565214162,0.09270030595886324,0.8915167795686366,527.1630144669897,0,1,0,1,0,0,0,1,0,0,0,0,1,1
param_20044,real_003,0.7800323573401658,0.4675453373066273,0.07632414075906352,0.09955781162058912,1.221799793988201,135.49472095483694,0,1,0,1,0,0,0,1,0,0,0,1,1,1
param_20044,real_004,0.7852194275798623,0.4203472281695035,0.06412480627891101,0.09760184369917761,0.8274905956943291,116.57475815480817,0,0,1,1,1,1,0,1,0,1,0,1,1,1
param_20044,real_005,0.7912199013595937,0.4394390502992795,0.0855649110854372,0.10501313673524011,1.195583830942947,287.44881417142466,0,1,0,1,0,1,0,1,0,0,0,1,1,1
param_20045,real_001,0.8118996665464308,0.5495787437378401,0.10779068156864786,0.13474850978370584,1.0608146873207114,678.9964436199673,1,1,0,1,1,1,0,1,1,1,0,1,1,1
param_20045,real_002,0.7836887540608916,0.4888118419607325,0.08955414652869872,0.11710308872391606,1.0552751241082976,180.82351499028476,1,1,1,1,1,1,1,1,0,0,0,1,1,1
param_20045,real_003,0.7848761071984118,0.5150594434863336,0.08849966484259143,0.11372679245872694,1.2836913998182224,354.15644412798116,1,1,1,1,1,1,1,1,1,0,0,1,1,1
param_20045,real_004,0.777423356118825,0.4730358289952549,0.07490993200776326,0.11232747486015567,1.0521799628942485,161.68532500844307,1,0,1,1,1,1,1,1,0,1,0,1,1,1
param_20045,real_005,0.7987443302663997,0.5132533681259499,0.08693396287538362,0.1101497001130973,1.4353947129042641,210.84731024976793,1,1,1,1,1,1,1,1,0,1,0,1,1,1
param_20046,real_001,0.8164008999752111,0.6211471742713518,0.16675632270134405,0.21529395348740038,0.9401761534144972,519.4329669723451,1,1,1,1,1,1,1,1,0,1,0,1,1,1
param_20046,real_002,0.77823398215207,0.5638475709540773,0.13190391895151435,0.17761944308373803,1.0146543945136257,98.84942314314016,1,1,1,1,1,1,1,1,0,0,0,1,1,1
param_20046,real_003,0.7751960466200676,0.5827487279262636,0.12474412452114818,0.16698249546931052,1.156979161853717,258.14274155545695,1,1,1,1,1,1,1,1,1,1,0,1,1,1
param_20046,real_004,0.7760827161241711,0.5641271913357143,0.1291735862469138,0.1786603177287098,0.9467439725996731,151.23650973925584,1,1,1,1,1,1,1,1,0,1,0,1,1,1
param_20046,real_005,0.7882540150157125,0.5822946169500044,0.12111221460623481,0.1623768777977699,1.1890540638694527,150.6989879067529,1,1,1,1,1,1,1,1,0,1,0,1,1,1
param_20047,real_001,0.8371723188246908,0.7129233008756536,0.18859328882865012,0.26145648969203383,0.4813789091644852,531.0814219297891,1,1,1,1,1,1,1,1,1,1,1,1,1,1
param_20047,real_002,0.804974063453264,0.685014789457799,0.17390590450952403,0.2503299272028478,0.4371711467416317,333.9939827374495,1,1,1,1,1,1,1,1,1,1,1,1,1,1
param_20047,real_003,0.8199816044384981,0.691160683286126,0.18521712578675653,0.26615145483989433,0.40617829927363075,499.8768357015068,1,1,1,1,1,1,1,1,1,1,1,1,1,1
param_20047,real_004,0.7932072907403718,0.6547637978123746,0.15847225304415055,0.23365040537971254,0.49184498169799473,234.3965781333019,1,1,1,1,1,1,1,1,1,1,1,1,1,1
param_20047,real_005,0.8207472039530066,0.6880828203083618,0.16169431599871906,0.23684112341700087,0.46854355936194736,436.54793347489294,1,1,1,1,1,1,1,1,1,1,1,1,1,1
param_20048,real_001,0.7837916608246929,0.3705871469377975,0.12102333827121946,0.1526306845034368,0.19220828743326837,929.8984804040662,0,0,0,0,0,0,0,1,0,0,0,0,1,1
param_20048,real_002,0.8080772217296692,0.4233000457026634,0.1753333212743341,0.19720934555022357,0.8893714742149668,115.47069557295075,0,0,0,1,0,0,0,1,0,0,0,0,1,1
param_20048,real_003,0.7768983565809314,0.387692861067638,0.09411906402721469,0.12280756282073993,0.5296844655125608,381.02225389816346,0,0,0,1,0,0,0,1,0,0,0,0,1,1
param_20048,real_004,0.840085012579737,0.4984320122857984,0.18319058668959198,0.22401393421291801,0.5398777143370949,181.59234286795015,0,0,0,0,0,0,0,1,0,0,0,0,1,1
param_20048,real_005,0.7656373691008266,0.3852011011543505,0.06998710188186934,0.09314150693710095,0.6227532995821634,576.7373338896958,0,0,0,1,0,1,0,0,0,0,0,0,1,1
param_20049,real_001,0.7688898734764105,0.37876865674168575,0.125489105597457,0.15738976555632955,0.3615147427249952,815.8279317262826,0,0,0,0,0,0,1,0,0,0,0,0,1,1
param_20049,real_002,0.8045368093749097,0.4508674406507972,0.17946986097403364,0.20042470130266937,1.0852677086797473,202.2186928755163,0,1,0,1,0,1,0,1,0,0,0,0,1,1
param_20049,real_003,0.7754538019265663,0.4194506516936824,0.11676059788418659,0.14139641820610677,0.8112979152656355,348.5797065433992,0,1,0,1,0,1,0,1,0,0,0,1,1,1
param_20049,real_004,0.8410363723715101,0.5277542029986261,0.2089011576850353,0.2510982080417287,0.5621806781235485,212.5569052165645,1,1,0,0,1,0,0,1,0,0,0,0,1,1
param_20049,real_005,0.7579303762612817,0.40137359057678923,0.07365931264916566,0.1003293188796013,0.960978334596816,409.2207621381548,0,0,0,1,1,1,0,1,0,0,0,1,1,1
param_20050,real_001,0.770481576718299,0.405963037544415,0.1399196445018622,0.17164144186398442,0.4063181447560536,803.8824270906917,0,0,0,0,0,0,1,1,0,0,0,0,1,1
param_20050,real_002,0.7991716547039475,0.4659807233824578,0.18391444246143737,0.2085188657327025,1.1127338113720588,174.25005752731747,0,0,0,1,0,1,0,1,0,0,0,0,1,1
param_20050,real_003,0.7688138032978187,0.42767905229347186,0.11890714544135518,0.14509509670692006,0.8162601935103694,365.544367304887,0,1,0,1,0,1,0,1,0,0,0,1,1,1
param_20050,real_004,0.8405039105961073,0.5405247839228855,0.2194052274064219,0.2629048006291499,0.5467147266905689,204.4297928649927,1,1,0,0,1,0,0,1,0,0,0,0,1,1
param_20050,real_005,0.7492196523023587,0.4068830566229698,0.07552997609272992,0.10462267549742026,0.9775504572690004,411.0801926296115,0,0,0,1,1,1,0,1,0,0,0,1,1,1
param_20051,real_001,0.7582797618677367,0.4556811513651957,0.14935629676466974,0.18255585539779662,0.6634331387617408,519.7346885960555,1,1,0,1,1,0,1,1,0,0,0,0,1,1
param_20051,real_002,0.8107571711624542,0.5379298321014483,0.1853626384729134,0.21878527942779438,1.0549802531330659,271.1957398578158,1,1,1,1,1,1,0,1,0,1,0,1,1,1
param_20051,real_003,0.77787105761956,0.4917799302859796,0.13935821859954958,0.16619723232372668,1.0587077730403411,208.33935132877178,1,1,1,1,1,1,0,1,0,1,0,1,1,1
param_20051,real_004,0.8452853590664676,0.6021186675245332,0.2681998258767387,0.31133636752153704,0.49252695633607346,143.59785146845408,1,1,1,1,1,1,1,1,0,1,0,1,1,1
param_20051,real_005,0.7585342633689671,0.468252461805675,0.11245886952062957,0.14596923722288657,1.112173349650853,181.0990902246233,0,1,1,1,1,1,1,1,0,1,0,1,1,1
param_20052,real_001,0.7783680029668273,0.5794742915577773,0.20298912487726298,0.24800347938227965,0.7226681592987805,345.5094827744835,1,1,1,1,1,1,1,1,0,0,0,1,1,1
param_20052,real_002,0.8009957317037382,0.6245790994543303,0.22345628563041342,0.26571546026554793,1.0471596998928188,240.6709258423557,1,1,1,1,1,1,1,1,0,1,0,1,1,1
param_20052,real_003,0.7788210374669907,0.5924137327122171,0.18171947040028885,0.21760591013034092,1.0753833814181222,192.81941676468085,1,1,1,1,1,1,1,1,0,1,0,1,1,1
param_20052,real_004,0.8548021213782809,0.7057978830050893,0.30457768582766037,0.35864334219251676,0.4754618251010862,181.41716077693005,1,1,1,1,1,1,1,1,1,0,0,1,1,1
param_20052,real_005,0.7496229934720313,0.5479096979490489,0.1423970325660597,0.18214768177743984,1.2775056220750016,148.47044889486025,0,1,1,1,1,1,1,1,0,1,0,1,1,1
param_20053,real_001,0.7712536026127077,0.6496112879164894,0.2272339443909396,0.2861055299893939,0.42616388257388554,122.20680099302278,1,1,1,1,1,1,1,1,1,1,1,1,1,1
param_20053,real_002,0.8435089647429599,0.7124216452879126,0.26549636207422544,0.3354663892811576,0.494433081851305,331.17851580032766,1,1,1,1,1,1,1,1,1,1,1,1,1,1
param_20053,real_003,0.8293334303354836,0.7002104589629542,0.22342504202829425,0.3025645626994355,0.37083949480012607,305.6649219973851,1,1,1,1,1,1,1,1,1,1,1,1,1,1
param_20053,real_004,0.891262112804998,0.8007027226476953,0.3737617945532502,0.44154820656168114,0.22575286924108165,158.50587780310278,1,1,1,1,1,1,1,1,1,1,1,1,1,1
param_20053,real_005,0.8192896351099392,0.6761568070723782,0.22887456782750526,0.2973444211508738,0.5123489331417953,71.51071033558597,1,1,1,1,1,1,1,1,1,1,1,1,1,1
param_20054,real_001,0.8666028390388929,0.4703099271415796,0.11542202018502738,0.1352803471168451,0.7631404770055917,231.40845402086126,0,1,0,0,0,0,0,0,0,0,0,0,0,1
param_20054,real_002,0.8671349630200582,0.5032987524259515,0.13273934876471183,0.1558895596172152,0.8558404558404559,180.16736289014023,0,1,0,0,0,1,0,0,0,0,0,0,1,1
param_20054,real_003,0.8562464846286995,0.43472462191545447,0.07949440286147322,0.09144634124520773,0.9530793098060224,273.1752744137821,0,0,0,0,0,1,0,1,0,0,0,0,1,1
param_20054,real_004,0.8316242348018424,0.39980597104104953,0.08344122596923091,0.09980804800178575,0.6970097435323105,244.57518503816414,0,0,0,0,0,0,0,0,0,1,0,1,0,1
param_20054,real_005,0.8260855117559796,0.3602825425494962,0.014623473135836033,0.0433307013036095,0.6087619828312498,466.70194032071754,0,1,0,1,0,1,0,1,0,0,0,0,0,1
param_20055,real_001,0.8627216174388423,0.48640075542802685,0.11118037971639233,0.12983227350003956,0.9156782174023553,177.32486902079785,0,1,0,1,0,0,0,1,0,0,0,0,0,1
param_20055,real_002,0.8641643017768327,0.5150635433653101,0.13097365967961855,0.1562121479499488,1.0479147614895472,218.679455493403,0,1,0,0,0,1,0,0,0,0,0,0,1,1
param_20055,real_003,0.8507419054389069,0.44129363915229874,0.07427087651609322,0.09095120246494844,1.1638668581777305,176.09283326937435,1,0,0,1,1,1,0,1,0,0,0,1,1,1
param_20055,real_004,0.8302254766854072,0.4221276331032713,0.08986351285741322,0.11169289745538258,0.8817123857024106,245.66892682368177,0,0,0,1,0,1,0,1,0,1,0,1,0,1
param_20055,real_005,0.8238182155069572,0.37514073163630685,0.02350509067488982,0.05575666492698479,0.9200050790426004,449.829444143156,0,1,0,1,0,1,0,1,0,0,0,1,0,1
param_20056,real_001,0.8567430029682724,0.5141650986244177,0.12160763560414185,0.14632682654796617,0.8543798608268522,188.55010736654856,0,1,0,1,0,0,0,1,0,0,0,0,0,1
param_20056,real_002,0.8573621746481426,0.5377066253061051,0.14481792577551592,0.1694578268180197,1.0988178110969231,163.30314718516604,0,1,0,0,0,1,0,0,0,0,0,0,1,1
param_20056,real_003,0.84605334112669,0.46708841784385446,0.08450533443547725,0.10276162389426602,1.0967534425570409,174.58711699787645,1,0,0,1,1,1,0,1,0,0,0,0,1,1
param_20056,real_004,0.8233514512559245,0.4420414897688793,0.10107897630693859,0.1264728832060196,0.8669707259247353,247.51597667578062,0,0,0,1,0,1,0,1,0,1,0,1,1,1
param_20056,real_005,0.8091191100293069,0.3864676207473802,0.02690210256846087,0.06241232705668539,0.8724262147447706,428.44204420005485,0,1,0,1,0,1,0,1,0,0,0,1,1,1
param_20057,real_001,0.8369019079016262,0.5648549167756538,0.10241834403260698,0.1327892371211028,1.056133856518842,127.22003829045919,1,1,1,1,1,0,1,1,0,1,0,0,0,1
param_20057,real_002,0.8436797733864775,0.5649828146693497,0.13177178754032087,0.16432448788326215,1.1452289618796452,373.5091052928788,1,1,1,1,1,1,1,1,0,1,0,0,0,1
param_20057,real_003,0.8072501399557848,0.4827049203157069,0.07225606742802021,0.10687561022058795,1.1504195024642103,145.48246620268324,1,1,1,1,1,1,1,1,0,1,0,1,0,1
param_20057,real_004,0.8217130732428809,0.5178657588956399,0.11514333622869577,0.1474791638527443,0.9862474312730826,190.04378485790647,1,1,1,1,1,1,1,1,0,1,0,1,1,1
param_20057,real_005,0.8203636959891302,0.4847910039204782,0.06901649104035525,0.09765276573638346,1.517300653497918,437.9884711854087,1,1,1,1,1,1,1,1,0,1,0,1,0,1
param_20058,real_001,0.8424521232242137,0.661044751629948,0.1847693780250163,0.2312062207743196,0.7343314849044978,50.42387906686684,1,1,1,1,1,1,1,1,0,1,0,0,1,1
param_20058,real_002,0.8385145164186493,0.6635551684324426,0.19156715398313154,0.23201720961784414,0.8868675817675271,249.45721275007753,1,1,1,1,1,1,1,1,0,1,0,0,1,1
param_20058,real_003,0.8199777059119644,0.6003744020953394,0.13934438576429856,0.18331399114850677,0.8229465417707807,102.88161698291364,1,1,1,1,1,1,1,1,0,1,0,1,1,1
param_20058,real_004,0.8246216070518527,0.6101903233629836,0.1847477852479165,0.22517767286724027,0.8348697697231899,136.6809167887643,1,1,1,1,1,1,1,1,0,1,0,1,1,1
param_20058,real_005,0.7867934823274624,0.5396356883346008,0.10528550653813319,0.1451301958283868,1.1790566733181662,296.47105625030946,1,1,1,1,1,1,1,1,0,1,0,1,1,1
param_20059,real_001,0.8237791199798683,0.7155754336665574,0.1834320498946692,0.25359365905517867,0.38374438850620674,307.1548821049528,1,1,1,1,1,1,1,1,1,1,1,1,1,1
param_20059,real_002,0.8353290315402407,0.7140368418088238,0.19854289825179275,0.26500205450945447,0.4183771459726034,397.2004747582759,1,1,1,1,1,1,1,1,1,1,1,1,1,1
param_20059,real_003,0.7823612274257076,0.6416004439170324,0.1560718714607131,0.2230801973012451,0.39569074468669674,124.42740699433422,1,1,1,1,1,1,1,1,1,1,1,1,1,1
param_20059,real_004,0.8244139278236255,0.6964869873789834,0.20297627052033718,0.2728595642248584,0.39898968251538436,177.0175835349637,1,1,1,1,1,1,1,1,1,1,1,1,1,1
param_20060,real_001,0.8421368620540371,0.4805758179075038,0.1136709617625626,0.13678209438297256,1.0152086004536938,169.4048408053968,0,1,0,1,1,0,0,1,0,0,0,0,0,1
param_20060,real_002,0.8319250092620556,0.5489956470333713,0.14085079936909117,0.1619600477765523,0.8566764286845021,59.83079952421029,1,1,1,0,0,1,0,1,0,0,0,0,1,1
param_20060,real_003,0.8126101019863234,0.4693122358785216,0.0747070264301671,0.09578647612578411,1.1635529025067533,509.5189921447516,1,0,0,1,1,1,0,1,0,0,0,1,0,1
param_20060,real_004,0.8167629684791939,0.4750998064477177,0.09922757067790675,0.12538505235680225,0.935421587372999,280.7200113391341,0,0,0,1,1,0,0,1,0,1,0,1,0,1
param_20060,real_005,0.8166239363084253,0.42064960163865983,0.06406472911518062,0.09643298443955613,0.7812066291125807,508.2301627641127,1,1,0,1,0,1,0,1,0,0,0,1,0,1
param_20061,real_001,0.8421476414934389,0.5018819505060256,0.11796275079204845,0.14233222073177196,1.0478750454050128,74.00142962994718,0,1,0,1,1,0,1,1,0,0,0,0,0,1
param_20061,real_002,0.8313804159847048,0.5589095127206563,0.13661351283686282,0.16089477733919758,0.9967346040248757,109.36510736743969,1,1,1,0,0,1,1,1,0,0,0,0,1,1
param_20061,real_003,0.8079121052029459,0.4782105036369073,0.07530037513918021,0.09794206533346447,1.2027552474620407,373.3047376793973,1,0,0,1,1,1,0,1,0,0,0,1,0,1
param_20061,real_004,0.8127035216337286,0.482418380571125,0.10529684032103201,0.13320980858726272,0.9402841614092728,256.9483056754212,0,1,0,1,1,0,0,1,0,1,0,1,0,1
param_20061,real_005,0.812786778353723,0.43395063601126116,0.07038876867812156,0.10411284030016399,0.9336556186749935,429.11485928213636,1,1,0,1,1,1,0,1,0,1,0,1,0,1
param_20062,real_001,0.8336601475683643,0.5186594662987173,0.12214360534921923,0.1487461456470564,0.9933180938983647,105.72952528922829,0,1,0,1,1,0,1,1,0,0,0,0,0,1
param_20062,real_002,0.8253735548535953,0.5742161188267326,0.1469648005140038,0.1728076843578287,0.9763031489058887,64.4117570675841,1,1,1,0,0,1,1,1,0,0,0,0,1,1
param_20062,real_003,0.8048787456396012,0.4961974780687033,0.08085762859383427,0.10489356587821351,1.1607200750789182,365.99023380536244,1,0,0,1,1,1,0,1,0,0,0,1,0,1
param_20062,real_004,0.8085254707158165,0.5004072359240159,0.11838670180781614,0.14759288909498716,0.9173000703464131,251.767386428474,0,1,0,1,1,1,0,1,0,1,0,1,0,1
param_20062,real_005,0.8071309985712135,0.4470795666887919,0.07479803507380643,0.11164900722600489,0.8613219364822047,509.22381861517215,1,1,0,1,1,1,0,1,0,0,0,1,0,1
param_20063,real_001,0.8364953367389354,0.5762505113970655,0.1250055104035618,0.15904865935769824,0.9419517211517644,185.8760690775984,1,1,1,1,1,1,1,1,0,1,0,1,0,0
param_20063,real_002,0.8243114239581288,0.6046854412147694,0.1423579043166303,0.1771786678085451,0.9241557306531565,337.2751857511144,1,1,1,1,1,1,1,1,0,1,0,0,1,1
param_20063,real_003,0.8030842150263124,0.5279300113617721,0.08681346030548218,0.11800514846038888,1.026370866471327,171.67101874540634,1,1,1,1,1,1,0,1,0,1,0,1,0,1
param_20063,real_004,0.8060571812830293,0.5424924979893554,0.12143398047515089,0.15328137142410367,0.8363511553206922,202.4546273691141,1,1,1,1,1,1,1,1,1,1,0,1,0,1
param_20063,real_005,0.8072890989433991,0.5020940341727843,0.1025553843108873,0.13773916018902038,1.0696160897983176,354.0601395879828,1,1,1,1,1,1,0,1,0,1,0,1,0,1
param_20064,real_001,0.8266617690403543,0.6653709411695773,0.18374897933956183,0.2334158798823807,0.6120736212222678,87.99948064925465,1,1,1,1,1,1,1,1,1,1,1,1,1,1
param_20064,real_002,0.8238158688329003,0.6904953746216671,0.2006408161475902,0.24528491046357612,0.759475457395536,236.37214975249782,1,1,1,1,1,1,1,1,0,1,0,1,1,1
param_20064,real_003,0.7931538128608842,0.6175739696268088,0.13152623677296726,0.17933286301475376,0.7780944625407166,174.8719541938324,1,1,1,1,1,1,0,1,1,0,0,1,1,1
param_20064,real_004,0.8231442409161319,0.648901915178928,0.1964353194517198,0.24587699790507536,0.6901023065680597,72.57081513200833,1,1,1,1,1,1,1,1,1,1,1,1,1,1
param_20064,real_005,0.7915345958016353,0.5856678429668732,0.14371924129801428,0.1873689625349227,0.9006772276289929,446.3560542118271,1,1,1,1,1,1,1,1,0,1,0,1,1,1
param_20065,real_002,0.8277012952986152,0.7186189898455723,0.2051786950854616,0.27524682257954397,0.4275113967516791,398.23254995421615,1,1,1,1,1,1,1,1,1,1,1,1,1,1
param_20065,real_003,0.7950654367267483,0.6568270548956915,0.1577215404695578,0.22504892473167643,0.438172991207424,145.65404795175954,1,1,1,1,1,1,1,1,1,1,0,1,1,1
param_20065,real_004,0.8165007227870705,0.7028817204787032,0.20328868316267978,0.2741711278081324,0.4032243821826393,127.52840683383455,1,1,1,1,1,1,1,1,1,1,1,1,1,1
param_20065,real_005,0.7925180742199721,0.6688142430397316,0.1442271057311729,0.21307859682272734,0.5803575599436767,180.66285427949197,1,1,1,1,1,1,1,1,1,1,0,1,1,1
param_20066,real_001,0.7262172316982887,0.4352254296728891,0.029678522322664415,0.06106422258960993,0.39748195819925647,564.6032477321356,1,1,1,0,1,0,1,1,0,0,0,1,1,1
param_20066,real_002,0.7590082500339485,0.4610255504514161,0.050697572522164454,0.0810128446674547,0.8080701754385965,206.50239866688293,0,0,1,1,0,1,1,1,0,1,1,1,1,1
param_20066,real_003,0.7645365752894271,0.46575333096891397,0.06113925812879668,0.09020455756974435,0.6699465036301108,382.22830625730774,1,1,1,1,0,1,1,1,0,0,1,1,0,1
param_20066,real_004,0.7498834305133408,0.41911614916972517,0.03501944092805271,0.056901445328407296,0.8692718474677565,528.9198604460832,1,1,0,1,1,1,0,1,0,0,0,1,1,1
param_20066,real_005,0.8239146637675606,0.5803462667213082,0.17942414831998896,0.20100859607279267,0.7240972642490263,153.04705245461386,1,1,0,1,1,1,0,0,0,0,0,1,0,0
param_20067,real_001,0.7249885017297285,0.44371206956089204,0.035757427913314356,0.07145029032538915,0.4880254922694407,465.2992718870275,1,1,1,0,1,1,1,1,1,0,0,1,1,1
param_20067,real_002,0.760214874219979,0.4702913804871084,0.05664050761772822,0.09241608141981175,0.8479168202934887,276.4063510482219,1,1,1,1,1,1,1,1,0,1,1,1,1,1
param_20067,real_003,0.7689708989674543,0.4774466340858145,0.0691043740305034,0.09890282795128381,0.854391569639802,336.96136149641546,1,1,1,1,0,1,1,1,0,0,1,1,0,1
param_20067,real_004,0.748350329352148,0.43593757160941915,0.04013496024849914,0.06484082966724129,0.9755546534408811,391.3740234427019,1,1,0,1,1,1,0,1,0,0,0,1,1,1
param_20067,real_005,0.8286690832233021,0.5989515928254547,0.1779526709028819,0.20470870047953185,0.7111792385569656,203.90635768114652,1,1,0,1,1,1,0,0,1,0,0,1,0,0
param_20068,real_001,0.7129284515694693,0.45097357877096267,0.037318119357420396,0.07446603411255762,0.5258860197159659,400.7551788836132,1,1,1,1,1,1,1,1,1,0,0,1,1,1
param_20068,real_002,0.7521314165748992,0.48968419317453643,0.060066931256478356,0.0990291768733596,0.8731408067596504,313.38895276145445,1,1,1,1,1,1,1,1,0,1,1,1,1,1
param_20068,real_003,0.7595680790579783,0.4856269237106093,0.07204107781209414,0.10349673500147105,0.896792623181327,322.577826042685,1,1,1,1,0,1,1,1,0,0,1,1,0,1
param_20068,real_004,0.7428050477272702,0.44472750394777955,0.04448418400535119,0.07132044138640767,0.9980600349886547,395.7367732936074,1,1,0,1,1,1,0,1,0,0,0,1,1,1
param_20068,real_005,0.827140909741228,0.6210281282330021,0.1928027153448328,0.21995920614846998,0.7134271929577067,187.62801576445594,1,1,0,1,1,1,0,1,1,0,0,1,0,0
param_20069,real_001,0.7268664392613925,0.48256874883190676,0.06331751017137978,0.1093612062520522,0.7388570019281646,256.8951997570841,1,1,1,1,1,1,1,1,1,1,0,1,1,1
param_20069,real_002,0.7617980612703873,0.5168876940649396,0.08410468403325744,0.12786636646388236,0.7946167545952485,346.10503533231685,1,1,1,1,1,1,1,1,0,1,1,1,1,1
param_20069,real_003,0.7794042517853802,0.5176320984942262,0.09376403910713306,0.12247205575409396,1.1210663484021823,281.5537655388669,1,1,1,1,1,1,1,1,0,1,1,1,0,1
param_20069,real_004,0.7384879354901015,0.47264701699064837,0.05459756897493957,0.09128162981250326,1.0263013208198546,265.8160680278932,1,1,1,1,1,1,1,1,0,1,0,1,1,1
param_20069,real_005,0.836796664210422,0.6539043397620935,0.18001897601037922,0.21701280716106472,0.5603756901311249,326.09076548954795,1,1,1,1,1,1,1,1,1,1,1,1,0,0
param_20070,real_001,0.7162341156486484,0.5687329375041563,0.10706182841810508,0.16770035646914025,0.8394783571687702,182.04253573098555,1,1,1,1,1,1,1,1,1,1,0,1,1,1
param_20070,real_002,0.7577940903186114,0.6023020891023642,0.1320550977906681,0.1942342705801458,0.8069019220542429,349.4013121092471,1,1,1,1,1,1,1,1,0,1,1,1,1,1
param_20070,real_003,0.7584885128148875,0.5894105989180757,0.12049091071403266,0.1640671551798457,1.0419593067068575,171.7330896711431,1,1,1,1,1,1,1,1,0,1,1,1,1,1
param_20070,real_004,0.7408401721869979,0.5547885219917099,0.10884623455149231,0.15828974622866276,1.0315942563790876,193.12138539633335,1,1,1,1,1,1,1,1,0,1,0,1,1,1
param_20070,real_005,0.8467342337138659,0.7334267840069493,0.25061350324541815,0.3019235852655246,0.48081920323044997,293.44826260359304,1,1,1,1,1,1,1,1,1,1,1,1,1,1
param_20071,real_001,0.7424511237135407,0.6077796520314197,0.1652738780825741,0.23666824081799107,0.4102509968090048,109.65334300442495,1,1,1,1,1,1,1,1,1,1,1,1,1,1
param_20071,real_002,0.7826125050162779,0.647607837179808,0.1754233257345761,0.24978961176976613,0.475511630863099,259.545797862596,1,1,1,1,1,1,1,1,1,1,1,1,1,1
param_20071,real_004,0.7429503094837464,0.5970887783644685,0.14186729149333488,0.21321558117090103,0.5282280017054213,153.8385260428975,1,1,1,1,1,1,1,1,1,1,1,1,1,1
param_20071,real_005,0.858763438937806,0.7696742674936945,0.25420903675066686,0.31504462195497773,0.34519169124246696,396.11825054389675,1,1,1,1,1,1,1,1,1,1,1,1,1,1
param_20072,real_001,0.8404720586775428,0.37801637270247435,0.052678094132009384,0.07426323317808238,0.8121012554023461,97.06101036210543,0,1,0,1,0,0,0,0,0,0,0,0,0,1
param_20072,real_002,0.8642308810654068,0.49027142483080943,0.1458351055698486,0.17205917425619593,0.9756580613960344,142.4155062824876,0,0,0,1,0,0,0,0,0,0,0,0,1,1
param_20072,real_003,0.8325492539714109,0.36951181493588336,0.047152482287961366,0.06296289553901531,0.5997709200643186,218.70179450190562,0,0,0,0,1,0,0,1,0,0,0,0,1,1
param_20072,real_004,0.8275141705336881,0.39975852895770636,0.09020270403906457,0.10888800766842063,0.7160876098538318,210.50631716013612,0,0,0,0,0,0,0,0,0,1,0,0,1,1
param_20072,real_005,0.8229409457589721,0.33224619646739595,0.03793442255455405,0.06673428227961646,0.299984068822686,923.4021276012385,0,0,0,1,0,0,0,0,0,0,0,0,1,1
param_20073,real_001,0.8381150461147565,0.40095825016315784,0.05324008524643532,0.07589833955452054,1.093437058587903,129.86730265909,0,1,0,1,0,0,0,1,0,0,0,0,0,1
param_20073,real_002,0.8602552426816019,0.5076894688833873,0.13757176581519776,0.16526864180281564,1.2233609613704644,81.90764411081118,0,0,0,1,0,0,0,0,0,0,0,0,1,1
param_20073,real_003,0.8283659959310917,0.3868369738669455,0.0469883345811056,0.06720167906463065,0.8270085400069631,150.46531320485892,1,0,0,0,1,0,0,1,0,0,0,0,1,1
param_20073,real_004,0.8261358830057286,0.4250537893272317,0.09362831209471688,0.11669475258187736,0.8347753044939101,210.8198407151488,0,0,0,0,0,0,0,0,0,1,0,1,1,1
param_20073,real_005,0.8210573562740322,0.35436604904714897,0.04940998630130923,0.08468162087436411,0.3693244855665571,857.4040836432598,0,0,0,1,0,0,0,0,0,0,0,1,1,1
param_20074,real_001,0.8320045624569322,0.42712476266540245,0.06349510415897033,0.08911207396026272,1.0840144304261867,110.91297043921097,0,1,0,1,0,0,0,1,0,0,0,0,0,1
param_20074,real_002,0.8556076167339383,0.5357248745784865,0.15212528692315186,0.17731226198163952,1.2182224428997022,83.52025640076798,0,0,0,1,0,1,0,0,0,0,0,0,1,1
param_20074,real_003,0.8230519172458949,0.4071990085304016,0.05436787197830961,0.07644756614875137,0.8027531101046261,179.00604293318037,1,0,0,0,1,0,0,1,0,0,0,0,1,1
param_20074,real_004,0.8198482695062507,0.4448870312489369,0.10344285246814966,0.12986963088271325,0.8223823481517668,185.91559598877177,0,0,0,1,0,0,0,0,0,1,0,1,1,1
param_20074,real_005,0.8146417199573642,0.3778708269108775,0.05206775149519041,0.09137257759565401,0.35272431001120275,857.2465273745995,0,0,0,1,0,0,0,0,0,0,0,1,1,1
param_20075,real_001,0.8197527487900769,0.49953862446420066,0.06680155553530528,0.09810100556148477,1.107649464798538,347.1636231599025,1,1,1,1,1,0,1,1,0,1,0,0,0,1
param_20075,real_002,0.8414295138454765,0.5708467080626697,0.1259182361318213,0.16209569649966352,1.2461581736890415,252.26370842653319,1,1,1,1,1,1,1,1,0,1,0,1,1,1
param_20075,real_003,0.7934535087106349,0.45207587175035685,0.056177704194115406,0.08798021186188111,0.8017358674324344,66.38471346614332,1,0,1,0,1,1,1,1,0,1,0,1,0,1
param_20075,real_004,0.8139063078415064,0.5155795078155101,0.11024654561029226,0.14410464784193433,0.9405920221052941,167.53079993664696,1,1,1,1,1,1,1,1,0,1,0,1,1,1
param_20075,real_005,0.8085408685249841,0.4497368722434287,0.10320302225562489,0.14694056193489924,0.6950040878299463,634.7941506853621,1,1,1,1,1,1,1,1,0,0,0,1,0,1
param_20076,real_001,0.8158973720515259,0.5878131931901908,0.12618812396423298,0.17263576562162583,0.863857730473947,162.87722514004156,1,1,1,1,1,1,1,1,0,1,0,1,1,1
param_20076,real_002,0.8346294697293092,0.6689367298226497,0.1880056711580368,0.22721232422421306,0.9822987203584026,158.5547414260854,1,1,1,1,1,1,1,1,0,1,0,1,1,1
param_20076,real_003,0.7973862258944133,0.5502275598757363,0.11760488207358388,0.16672363722038613,0.6370267663371112,59.664115699928786,1,0,1,1,1,1,1,1,0,0,0,1,1,1
param_20076,real_004,0.8169085144253551,0.6095861029378989,0.18141359014414576,0.22341178026710407,0.7826242265739618,67.63010223461063,1,1,1,1,1,1,1,1,0,1,0,1,1,1
param_20076,real_005,0.7988614423700625,0.5503323324556687,0.1550883900476345,0.20467238801596477,0.6628116165510152,607.6215442096486,1,1,1,1,1,1,1,1,0,0,0,1,1,1
param_20077,real_001,0.8113289853978316,0.6854307604144995,0.1547709056023637,0.22560966060144289,0.39064035276919024,257.9570721180214,1,1,1,1,1,1,1,1,1,1,1,1,1,1
param_20077,real_002,0.8293478951735994,0.7174840934409383,0.18998712079146238,0.254730814074028,0.42017252415643,300.4786801232341,1,1,1,1,1,1,1,1,1,1,1,1,1,1
param_20077,real_003,0.7683954780504539,0.625493320731999,0.14605370506910162,0.21427152904304783,0.34635747180621534,87.28206550427578,1,1,1,1,1,1,1,1,1,1,1,1,1,1
param_20077,real_004,0.806425933381778,0.6901504794185384,0.19475757837745106,0.2653969147709234,0.38264246806223895,80.10309315167376,1,1,1,1,1,1,1,1,1,1,1,1,1,1
param_20077,real_005,0.8228826633655538,0.690968190444228,0.24367615902098755,0.31580324160871975,0.27919340167662315,219.21308731857658,1,1,1,1,1,1,1,1,1,1,1,1,1,1
param_20078,real_001,0.8229717620450286,0.4617784345987265,0.11184868507733682,0.1256273199308429,0.9358314641333509,155.1223935750265,0,0,0,1,0,0,0,1,0,0,0,0,1,1
param_20078,real_002,0.8048463218425277,0.4334531596951933,0.06348816799035076,0.08807732846775655,1.124627334861176,141.12342528158254,0,1,0,0,0,1,1,0,0,0,0,1,1,1
param_20078,real_003,0.8061486854765891,0.4070382320926422,0.058479785471432164,0.09629913918904641,0.3354721480892624,375.2855682892232,0,0,1,1,0,0,0,0,0,1,0,0,1,1
param_20078,real_004,0.816723996811944,0.39621753452092634,0.06451029086431977,0.09789799553651696,0.7629125674389082,457.87376718577787,0,0,0,1,0,1,0,1,0,0,0,0,1,1
param_20078,real_005,0.8041975523182281,0.4247683537834611,0.06284360987166775,0.0977091568647425,0.42494068588683587,691.6984986492253,1,0,0,0,1,0,0,0,0,0,0,0,0,1
param_20079,real_001,0.8211446314281169,0.4843730810575029,0.11300163820259353,0.12861952830717832,1.1154995687320723,42.68216471059752,1,0,0,1,0,0,0,1,0,0,0,0,1,1
param_20079,real_002,0.8083917261224418,0.467033827018707,0.0751030412622324,0.1031404887347816,1.203844144614775,202.80523182033187,0,1,0,0,0,1,1,1,0,1,0,1,1,1
param_20079,real_003,0.8018349794576062,0.433696264298041,0.07361733274973531,0.11503122373832092,0.4871610190784074,282.3499481535545,1,1,1,1,0,1,1,0,0,1,0,0,1,1
param_20079,real_004,0.8150972869345479,0.4257028930905319,0.08888298457783428,0.1127482953256516,0.9630943302534272,410.57606454569594,0,1,0,1,0,1,0,1,0,0,0,0,1,1
param_20079,real_005,0.8010573256369834,0.443981344041189,0.06905061660072671,0.1059085367503546,0.5542997298685802,499.78044936231026,1,0,0,0,1,0,0,0,0,0,0,0,0,1
param_20080,real_001,0.8139640581661398,0.5030389195529902,0.11815319057213984,0.13525809498189692,1.127011641420608,41.617653602337114,1,0,0,1,0,1,0,1,0,0,0,0,1,1
param_20080,real_002,0.8064025209166061,0.48604526222052763,0.08613232660632798,0.11662290388905358,1.1513433047423265,155.86215285154842,0,1,1,0,0,1,1,1,0,0,0,1,1,1
param_20080,real_003,0.7985989647377945,0.4440538373508604,0.08227885999643374,0.12631232544992574,0.48738856452920065,286.8672948800815,1,1,1,1,0,1,1,0,0,1,0,0,1,1
param_20080,real_004,0.8082759187738472,0.4419696562119434,0.09314493164926624,0.1182017602457376,0.9829450041981528,384.98031018575966,0,1,0,1,0,1,0,1,0,0,0,0,1,1
param_20080,real_005,0.7953519488798406,0.45554737929413014,0.07513201615922108,0.11339809758526076,0.5498936360240984,522.3681584096854,1,0,0,0,1,0,0,0,0,0,0,0,0,1
param_20081,real_001,0.811450881231874,0.5381300456587713,0.11942200876660096,0.1469676118685154,1.0692474220930894,228.27040013818862,1,1,0,1,1,1,1,1,0,1,0,1,1,1
param_20081,real_002,0.8051114542450971,0.543999712573081,0.09850522745578932,0.13565466143362614,0.9297892334541549,289.27440278478923,1,1,1,0,1,1,1,1,0,1,1,1,1,1
param_20081,real_003,0.7909857954997592,0.5048940405509229,0.10393998006222666,0.13890102541605084,0.6406266856862016,47.67283862510365,1,1,1,1,1,1,1,1,0,1,0,0,1,1
param_20081,real_004,0.8170895337993092,0.526542208153012,0.1169719086169516,0.1427787679149958,0.9863417622956051,384.1627599940677,1,1,1,1,1,1,1,1,0,1,0,0,1,1
param_20081,real_005,0.7869178093268263,0.5129339344465024,0.09030095849484657,0.13275948048819897,0.6144657000700604,74.90453510579533,1,1,1,1,1,0,1,1,0,0,0,0,0,1
param_20082,real_001,0.7941600133224656,0.6010199158113358,0.1607365867057329,0.19689537628118256,1.093690563741029,181.62917805416907,1,1,0,1,1,1,1,1,0,1,0,1,1,1
param_20082,real_002,0.8182546729108994,0.638087335614957,0.16536311580225116,0.21933625001756316,0.6906644648395736,223.39508380786782,1,1,1,1,1,1,1,1,0,1,1,1,1,1
param_20082,real_003,0.8174305132849186,0.6202021040856968,0.1707627742872054,0.2255938783478362,0.49134779429685593,92.57734178353972,1,1,1,1,1,1,1,1,0,1,1,0,1,1
param_20082,real_004,0.8131639459851161,0.6060451851401074,0.16012825740688308,0.20686389182994705,0.9517790687119906,310.90463295226715,1,1,1,1,1,1,1,1,0,1,0,1,1,1
param_20082,real_005,0.790779010400352,0.5923860084924937,0.1581072733886792,0.21139017735418375,0.5181564968884931,50.97780206344227,1,1,1,1,1,1,1,1,1,1,1,0,1,1
param_20083,real_001,0.8196852345413962,0.6751217705575852,0.18597735588968273,0.25106540638283203,0.6192338526961553,300.6734044517235,1,1,1,1,1,1,1,1,1,1,1,1,1,1
param_20083,real_002,0.8165532011891279,0.6867779413750459,0.1859693761329996,0.25447615591718065,0.329140926810167,266.1723468240212,1,1,1,1,1,1,1,1,1,1,1,1,1,1
param_20083,real_003,0.8135268186062945,0.6793515341943142,0.18204029307164846,0.25746440824298167,0.3330477090388351,197.80811530553873,1,1,1,1,1,1,1,1,1,1,1,1,1,1
param_20083,real_004,0.8439888281870221,0.71066646784096,0.2049385973445821,0.2825913095464123,0.42969168035131095,432.946134817961,1,1,1,1,1,1,1,1,1,1,1,1,1,1
param_20083,real_005,0.7980416775838424,0.6771513741326634,0.17268600281251179,0.2380446850960864,0.2589766208239842,198.90595414476056,1,1,1,1,1,1,1,1,1,1,1,1,1,1
param_20084,real_001,0.7638557677365398,0.40441581067920174,0.053140046797112976,0.08271060354221187,0.5270086419989652,394.73259506507753,0,0,0,1,0,0,1,0,0,1,0,1,1,1
param_20084,real_002,0.8003531304023592,0.4464508952310375,0.13840606126922544,0.1603732674096402,0.7317687438709102,103.29672090378374,0,0,0,0,0,1,0,0,0,0,0,0,1,1
param_20084,real_003,0.7985690856306019,0.41121876338771945,0.10339940550574907,0.1392271875298987,0.18057137030302,748.0497266141026,0,0,1,0,0,0,0,0,0,0,0,0,1,1
param_20084,real_004,0.7981809010557221,0.38208277118856415,0.10646560703348577,0.13861511454244219,0.028696882291341333,837.4113820024883,0,0,0,1,1,0,1,0,0,0,0,0,1,1
param_20084,real_005,0.8418403020726098,0.45357886952530585,0.18395890400033657,0.22578126416789004,0.23298127794154969,100.97738898413276,1,1,0,0,0,0,0,0,0,0,0,0,1,1
param_20085,real_001,0.7587499862489673,0.4222521325253291,0.06611810317809697,0.1015550950070277,0.7791625556074847,396.83078328419276,0,0,0,1,0,1,1,1,0,1,0,1,1,1
param_20085,real_003,0.7892533492967394,0.4265301878017436,0.10812837861330092,0.14289800148533321,0.29707756878594743,701.2760894549627,0,0,1,0,0,1,1,1,0,0,0,0,1,1
param_20085,real_004,0.7872920909073293,0.395817095312481,0.11286961708497292,0.14576692314208473,0.21290300765862483,745.1567259920669,0,0,0,1,1,0,1,0,1,0,0,0,1,1
param_20085,real_005,0.8398906480437077,0.4786016055658214,0.1909864468760236,0.22220911091553858,0.3154163288540822,86.73427821498359,1,1,0,0,1,0,0,1,0,0,0,0,1,1
param_20086,real_001,0.7546092972019147,0.4443028300116132,0.06950702769432562,0.10813285926938121,0.7588953071059917,402.0914923727594,0,0,0,1,0,1,1,1,0,1,0,1,1,1
param_20086,real_003,0.7877356192907667,0.4493849554666224,0.1170548949651913,0.15449075082596614,0.3079324274697025,688.755328430011,0,0,1,0,0,1,1,1,0,0,0,0,1,1
param_20086,real_004,0.7821429254512499,0.41982498779502214,0.1221180703428924,0.1570979239678063,0.17763975155279504,726.9834225968738,0,1,0,1,1,0,1,0,1,0,0,0,1,1
param_20086,real_005,0.8361269216349583,0.49014968967367634,0.20592167292849914,0.2388767304292756,0.28252587572907184,81.51209156479158,1,1,0,0,1,0,0,1,0,0,0,0,1,1
param_20087,real_001,0.7539651828445563,0.49125040024189787,0.08980305469651087,0.13141930344895306,0.8256763623294378,320.13557398023266,1,1,1,1,1,1,1,1,0,1,1,1,1,1
param_20087,real_002,0.7829052896490609,0.5491887434775049,0.13496736319894603,0.16379489918698995,1.1926180428832116,158.14727124610062,0,1,1,1,0,1,1,1,0,0,1,1,1,1
param_20087,real_003,0.7678884213987968,0.4732897355169288,0.10838695324047709,0.14821148204660584,0.44876743170905414,554.3310181849413,1,1,1,0,1,1,1,1,0,0,1,1,1,1
param_20087,real_004,0.7642530355889723,0.45701958527704634,0.13247463684900546,0.16858058533231138,0.2518473441710858,576.1861525731467,1,1,1,1,1,0,1,0,1,0,1,0,0,1
param_20087,real_005,0.8367464348535575,0.5467642073413433,0.19339550657028767,0.23067386400477247,0.495015726461039,77.59506432893767,1,1,1,1,1,1,1,1,0,0,0,1,1,1
param_20088,real_001,0.7658190347922924,0.5997763889185691,0.14741115640775415,0.2033993354466302,0.8280333735770955,325.2812419494049,1,1,1,1,1,1,1,1,0,1,1,1,1,1
param_20088,real_002,0.8029988538667361,0.6444907720508519,0.18114838827264498,0.22631817610729685,1.050351641193288,190.22740637069919,0,1,1,1,0,1,1,1,0,0,1,1,1,1
param_20088,real_003,0.7822028442917294,0.5979062071637888,0.17372752631212982,0.22133592537166963,0.5740212989350533,391.81048830957843,1,1,1,1,1,1,1,1,0,0,1,1,1,1
param_20088,real_004,0.7828276034679206,0.5996081852065026,0.19974521847293425,0.25062783411927547,0.17735871695396552,360.69985115452477,1,1,1,1,1,1,1,1,1,0,1,0,1,1
param_20088,real_005,0.842222900857654,0.6483109033244822,0.2546320613436701,0.29989991650436565,0.5478878774682145,67.58923112392728,1,1,1,1,1,1,1,1,1,1,0,1,1,1
param_20089,real_001,0.785713042220962,0.6590545205283181,0.18138982744522417,0.257217298488083,0.3802688139492644,188.75952130002992,1,1,1,1,1,1,1,1,1,1,1,1,1,1
param_20089,real_002,0.8316609003723383,0.7182027008962184,0.19586699958424902,0.2674790470565868,0.5730389886385309,408.02070211474415,1,1,1,1,1,1,1,1,0,1,1,1,1,1
param_20089,real_003,0.7949248176362341,0.6494718821459636,0.18472271771762308,0.2505642983249634,0.4506059242901348,101.36587581286007,1,1,1,1,1,1,1,1,0,1,1,1,1,1
param_20089,real_004,0.7948320824870412,0.6760992819024539,0.23360861119624715,0.3058139835774655,0.0888305958804066,228.03870417220818,1,1,1,1,1,1,1,1,1,1,1,1,1,1
param_20089,real_005,0.8582415717167774,0.7122292569717003,0.2597794824723549,0.3269463083024848,0.2990314465408805,136.40614213604405,1,1,1,1,1,1,1,1,1,1,1,1,1,1
param_20090,real_001,0.8279508839361379,0.3566071175053543,0.050328771136752826,0.06731402873009737,1.048532605045779,790.4923135423433,0,0,0,1,0,0,0,1,0,0,0,0,1,1
param_20090,real_002,0.8787337279302198,0.4420486545754123,0.08613213835512443,0.10786750329572845,0.7209566709566709,356.2347105366707,0,0,0,1,0,0,0,1,0,0,0,0,0,0
param_20090,real_003,0.8379639096129193,0.39085887922153056,0.05444529513566301,0.07695384497665032,0.7562884045798152,772.3591439981237,0,1,0,0,0,0,0,1,0,0,0,0,0,0
param_20090,real_004,0.8346758804451565,0.34354993199219236,0.05999938518746947,0.07474419013275144,0.4286636539703034,462.25057555829943,0,0,0,0,0,1,0,0,0,0,0,0,1,1
param_20090,real_005,0.8418741069899618,0.38057298998627465,0.09713414145247537,0.10732002464683658,0.6819498619950273,53.08473924088759,0,0,0,1,0,1,0,1,0,1,0,0,1,1
param_20091,real_001,0.8259276821944066,0.38481030719755616,0.05130015495093027,0.07110343822327865,1.284994757724647,693.9076385078783,0,0,0,1,0,0,0,1,0,0,0,1,1,1
param_20091,real_002,0.8817548609402159,0.4717741866738041,0.08997218811384526,0.11252517265998759,0.8634302797521234,424.4273105766438,0,0,1,1,0,0,0,1,0,0,0,0,0,0
param_20091,real_003,0.8369925679967588,0.4122496508551057,0.06063950106636813,0.08548032909519813,0.94680220072403,660.8686253188316,0,1,1,0,0,0,0,1,0,0,0,1,0,0
param_20091,real_004,0.8304470007307171,0.3631307447426126,0.05759699371344298,0.07517275515080282,0.5894488834255276,342.588724538267,0,0,0,0,0,1,0,0,0,0,0,0,1,1
param_20091,real_005,0.8415591526476391,0.4082069640581601,0.09916355241354466,0.11449523308669886,0.9076436434769941,36.49310117009922,0,0,0,1,0,1,0,1,0,1,0,0,1,1
param_20092,real_001,0.819864477922233,0.4073160470080592,0.060222408800365196,0.08043941982339337,1.2918013165769,662.7208196952981,0,0,0,1,0,0,0,1,0,0,0,1,1,1
param_20092,real_002,0.8746633789233347,0.4940341394801584,0.09575243043857157,0.12005492142862542,0.8401691898409539,364.3432702837548,0,0,1,1,0,0,0,1,0,0,0,0,0,1
param_20092,real_003,0.8301162983014028,0.4376295592597341,0.06738328502912641,0.09285549462595694,0.9161629331120856,618.8150915776363,0,1,1,0,0,1,0,1,0,0,0,1,0,0
param_20092,real_004,0.8257881178783179,0.38836814506210154,0.06543824176186785,0.08527296692618785,0.5677094771307073,315.6239739839162,0,0,0,0,0,1,0,0,0,0,0,0,1,1
param_20092,real_005,0.8337793380701506,0.42823677119904313,0.1067547283429411,0.12371965521101586,0.8811042919932754,21.28631045620681,0,0,0,1,0,1,0,1,0,1,0,0,1,1
param_20093,real_001,0.8052560923333273,0.4729193770350659,0.061219481079746056,0.09111739546332535,1.2903799091015034,265.1907751588575,1,1,1,1,1,1,1,1,0,1,0,1,1,1
param_20093,real_002,0.8654039215520983,0.5506117158344555,0.10596857289039269,0.13536250851701276,0.9021550105037632,555.459281078477,1,1,1,1,1,1,1,1,0,0,0,1,0,0
param_20093,real_003,0.826285428103586,0.5010469170956466,0.08060733937792389,0.10964257331720426,1.2365967876055846,486.58025902133835,1,1,1,1,1,1,1,1,0,1,0,1,0,1
param_20093,real_004,0.7840275967873171,0.4180603915669158,0.06030160085199628,0.08632556031678913,0.6538772729208363,74.70647842712368,1,0,1,0,1,1,1,1,0,1,0,1,1,1
param_20093,real_005,0.8248305473621871,0.4793306561153331,0.10013346246429329,0.13147119908630137,1.1727228122835374,103.8746369170124,1,1,1,1,1,1,1,1,0,1,0,1,1,1
param_20094,real_001,0.7966542396095572,0.5626468314421514,0.11160428137627335,0.15793724102486906,0.9468882809828538,171.80793408942793,1,1,1,1,1,1,1,1,0,0,0,1,1,1
param_20094,real_002,0.8585903892273388,0.6392023522278416,0.1577507152738457,0.20757049887909365,0.6547106647537063,357.83495224666746,1,1,1,1,1,1,1,1,0,0,0,1,1,1
param_20094,real_003,0.8189589906879013,0.5924790577728168,0.13290984234985356,0.18085038255610045,0.913755929279862,391.4118172243678,1,1,1,1,1,1,1,1,0,1,0,1,1,1
param_20094,real_004,0.7994796389180994,0.5436513701075816,0.1258869888643578,0.17569696996103384,0.5828916103089015,60.90962798484611,1,1,1,0,1,1,1,1,0,1,0,1,1,1
param_20094,real_005,0.8186006005535498,0.5798208824137601,0.1633222482781462,0.19956325092034888,1.034360056434395,87.67365098439566,1,1,1,1,1,1,1,1,0,1,0,1,1,1
param_20095,real_001,0.8021426138158827,0.6631255287027794,0.14094117089740227,0.2100558787110312,0.42609392318442485,152.91871408590555,1,1,1,1,1,1,1,1,1,1,1,1,1,1
param_20095,real_002,0.8512417717295705,0.7051493138584776,0.17206014152357252,0.23917092016623853,0.3955091884761819,525.0694923868258,1,1,1,1,1,1,1,1,1,1,1,1,1,1
param_20095,real_003,0.8256956152408962,0.675992675622154,0.15609681963900868,0.22555137434469102,0.46594494010942966,415.79650029147,1,1,1,1,1,1,1,1,1,1,1,1,1,1
param_20095,real_004,0.7516112273900406,0.5910122359840484,0.14710794379446987,0.21588718748365143,0.3538241121780216,64.78750309584369,1,1,1,1,1,1,1,1,1,1,1,1,1,1
param_20095,real_005,0.8295228257174297,0.6772852756944355,0.18770545331080135,0.2553863916898283,0.4327205837861387,264.84523861981324,1,1,1,1,1,1,1,1,1,1,1,1,1,1
param_20096,real_001,0.7633136443853357,0.34544996306573056,0.028878563467572303,0.045932948746943474,0.5705371985516817,892.9472106265491,0,1,0,0,0,0,0,0,0,0,0,0,1,1
param_20096,real_002,0.8372495942283131,0.5398489440707092,0.16639945593650368,0.1720017467974232,1.4007059316203523,89.22430528772465,0,0,0,0,1,1,0,0,0,0,0,1,1,1
param_20096,real_003,0.7740359421351338,0.36994903090457254,0.01652976833193813,0.03912535117952261,0.3738187423160908,117.90831804729038,0,0,0,1,1,0,0,0,0,1,0,0,0,1
param_20096,real_004,0.8197203620030674,0.38864760859113157,0.05032688440464281,0.08070301615108642,0.37237455359845045,498.2183626866874,0,0,0,1,0,0,1,1,0,0,0,1,1,1
param_20096,real_005,0.8516198945951223,0.4554526301343937,0.17471115356471423,0.20072539752926277,0.37903775103717313,45.19296932764159,0,1,0,0,0,1,0,0,0,1,0,1,1,1
param_20097,real_001,0.7570677788506801,0.36978891637777617,0.03198902275232347,0.05263555973765046,0.8598820357946368,784.1761899751887,0,1,0,0,0,1,0,0,0,0,0,0,1,1
param_20097,real_002,0.8289963353741409,0.5566892299013779,0.1492634029219059,0.15667097835890384,1.686487172974346,40.25270586254595,0,0,0,1,1,1,0,1,0,0,0,1,1,1
param_20097,real_003,0.7758144826689807,0.39930663195598176,0.027362717762232442,0.05643087638982682,0.5502099076406382,280.1004240542159,0,0,0,1,1,0,0,1,0,1,0,0,1,1
param_20097,real_004,0.8219477531656848,0.42784288708842616,0.07682395093521534,0.11342484480771489,0.5340321628535141,475.749446156216,0,0,0,1,0,0,1,1,0,0,0,1,1,1
param_20097,real_005,0.8526939335720545,0.4907688424202432,0.19016808203396998,0.21668508411642218,0.4898048753726021,45.07940383044061,0,1,0,0,1,1,0,1,0,1,0,1,1,0
param_20098,real_001,0.7506390816802633,0.38686869055501766,0.035484814362831726,0.058414878296292584,0.8536698077193546,771.4851485882373,0,1,0,0,0,1,0,0,0,0,0,0,1,1
param_20098,real_002,0.8262144688428993,0.5771494471272859,0.16415069283541578,0.17137483919361696,1.6638107608532746,57.61466853518651,0,0,0,1,1,1,0,1,0,0,0,1,1,1
param_20098,real_003,0.7674856010317062,0.40941292824082226,0.03038910184600772,0.06184029051041204,0.5215955620129441,300.0309799156291,0,0,0,1,1,0,0,1,0,1,0,0,1,1
param_20098,real_004,0.8156234357366308,0.45129178676449166,0.08077338278637045,0.12123868641176236,0.5464979922532959,447.8220879938042,0,0,0,1,0,0,1,1,0,0,0,1,1,1
param_20098,real_005,0.8505475007591579,0.5024904546251819,0.2044517399534727,0.23073746472705361,0.4749401208308011,8.831467875207217,0,1,0,1,1,1,0,1,0,1,0,1,1,0
param_20099,real_001,0.7461616974279834,0.4600613397327464,0.057276831721323876,0.09111617111220621,1.2599332400129213,353.6357761393991,1,1,1,1,1,1,0,0,0,1,0,1,1,1
param_20099,real_002,0.81759775033873,0.6088271024460232,0.13236698364559638,0.15554135512924697,1.376257719048236,260.45016044017785,1,1,0,1,1,1,0,1,1,1,0,1,1,1
param_20099,real_003,0.7745410689287782,0.48395386640381205,0.0567998255289313,0.09224814933628708,0.9153193795128344,427.1858558841451,1,1,1,1,1,0,0,1,0,1,0,1,1,1
param_20099,real_004,0.8123688623926835,0.5116891124504347,0.12199776413190305,0.14966645397036474,0.8411122522728137,453.42558686235657,1,1,1,1,1,1,1,1,0,0,0,1,1,1
param_20099,real_005,0.8596980027196598,0.6024420629879941,0.22260803646666047,0.25376463997043536,0.5994099041094177,94.92927423122606,1,1,1,1,1,1,1,1,0,1,0,1,1,0
param_20100,real_001,0.743632521235237,0.5458480362360518,0.10286360929810667,0.14606795408225484,1.2190579436520215,238.5050618888894,1,1,1,1,1,1,1,1,0,1,0,1,1,1
param_20100,real_002,0.8090542259531978,0.6610570132803333,0.1813336077166197,0.22110262945519843,1.1632712199669906,198.75532645160757,1,1,1,1,1,1,0,1,1,1,0,1,1,1
param_20100,real_003,0.7697638090048735,0.5691142566036826,0.10520411689905167,0.15510974391579307,0.9278500885172525,261.63042298123236,1,1,1,1,1,1,1,1,1,1,0,1,1,1
param_20100,real_004,0.8105301517777802,0.6010589931445838,0.1662024331736505,0.20826166265555127,0.8289358667648141,342.33787867745605,1,1,1,1,1,1,1,1,0,0,0,1,1,1
param_20100,real_005,0.8641162978033015,0.6863464721998735,0.28697688300617413,0.3253274147098928,0.5953007267377056,66.73308035497764,1,1,1,1,1,1,1,1,1,1,0,1,1,1
param_20101,real_001,0.7719490541191901,0.6558294307327075,0.15646540956274163,0.2278895383660292,0.5331494240851387,102.54272238081144,1,1,1,1,1,1,1,1,1,1,1,1,1,1
param_20101,real_002,0.8365242046917012,0.7303103229243859,0.19018075063446693,0.26073647469743255,0.5135592672761929,545.186030427755,1,1,1,1,1,1,1,1,1,1,1,1,1,1
param_20101,real_003,0.7940891962357521,0.6701720473237712,0.1575305069832751,0.23032065771183313,0.3885675236628043,188.8318523389937,1,1,1,1,1,1,1,1,1,1,1,1,1,1
param_20101,real_004,0.8412272481914613,0.7019664967079889,0.20272714588244406,0.28086509213416105,0.37765731737199754,481.45406280872743,1,1,1,1,1,1,1,1,1,1,1,1,1,1
param_20101,real_005,0.8663135811733862,0.7768939656555329,0.27338363382775754,0.3426022455320521,0.3505658115702087,297.3445963807703,1,1,1,1,1,1,1,1,1,1,1,1,1,1
param_20102,real_001,0.8058437483807235,0.42616941504933387,0.12556021161992095,0.15237479163085987,0.5175618150529844,621.4117598909077,0,0,0,1,1,0,0,1,0,0,0,1,0,0
param_20102,real_002,0.8140617400900061,0.5080250962473686,0.22553783509855566,0.24035812103364237,0.6461538461538462,206.8838152905539,0,0,0,0,0,0,0,0,0,0,0,0,1,1
param_20102,real_003,0.7681298754791144,0.37880757285646355,0.0675147635381389,0.09037449494459077,0.16044637739792994,594.0927045138417,1,0,0,1,1,0,0,0,1,0,0,0,1,1
param_20102,real_004,0.8003255638023977,0.44723553709782143,0.1333525548492044,0.16453300722572395,0.31232805413041864,73.54461444924078,0,0,0,0,1,0,0,0,0,1,0,0,1,1
param_20102,real_005,0.8052179323090353,0.37561405496387507,0.0937855779230129,0.11622051503733154,0.036244122883096724,696.4711347648542,0,0,0,1,0,0,0,0,0,0,0,0,1,1
param_20103,real_001,0.8012361887813951,0.45330096438174405,0.13129387078010812,0.16070707248932883,0.6311566571337782,347.323458108251,0,1,0,1,1,0,1,1,0,0,0,1,0,0
param_20103,real_002,0.8043668630323509,0.52956298278249,0.20650418662237224,0.21540135680955108,1.0472609863916096,321.7235126285402,0,0,0,1,0,0,0,1,0,0,0,0,1,1
param_20103,real_003,0.7606803963105087,0.39546039332303723,0.07326346544930251,0.09906647812716449,0.3385429153680173,467.9069813348567,1,0,0,1,1,0,0,0,1,0,0,1,1,1
param_20103,real_004,0.7854915173690297,0.4584322989077163,0.13711330592340104,0.16678744686070893,0.46853702670251807,108.13206090714345,0,1,0,1,1,0,0,0,0,1,0,1,1,1
param_20103,real_005,0.787053280053993,0.37892335219701123,0.10172016073457024,0.12530512723877257,0.14847332168191632,664.7119815005433,0,0,0,1,0,0,0,0,0,0,0,0,1,1
param_20104,real_001,0.7989053609016668,0.4731644005445224,0.14144663719121278,0.17280378055016257,0.6065358043645136,339.429492262367,0,1,0,1,1,0,1,1,0,0,0,1,0,0
param_20104,real_002,0.7996781661546143,0.5613374299077638,0.2111349509713273,0.2201286174896706,1.0826208994879047,296.42004996745237,0,0,0,1,0,0,0,1,0,0,0,0,1,1
param_20104,real_003,0.757741565051701,0.4153602606394593,0.07991607638893582,0.10666296114410612,0.375119406275259,452.99276748342294,1,0,0,1,1,0,0,0,1,0,0,1,1,1
param_20104,real_004,0.7857896721047041,0.49678441951178987,0.14938853343394032,0.18233643053926854,0.496637687930718,94.19685685473974,0,1,0,1,1,0,0,0,0,1,0,1,1,1
param_20104,real_005,0.7841952775147705,0.41003670312599105,0.1079358787196246,0.13515002507637883,0.15312601758384892,652.3626093417498,0,0,0,1,0,0,0,0,0,0,0,0,1,1
param_20105,real_001,0.8015598974479032,0.5305582651735354,0.1501626560287661,0.1851981688542057,0.7898749836443874,222.94761970461192,1,1,1,1,1,1,1,1,1,1,1,1,0,0
param_20105,real_002,0.7964532564528506,0.6062181522664357,0.17365548254489893,0.19225886644963672,1.4457728856250307,485.72143989518565,1,1,0,1,1,1,0,1,0,1,0,1,1,1
param_20105,real_003,0.7561240309552701,0.48852423256874855,0.08909173988957299,0.12012879399375014,0.5591548658553137,225.19598937428316,1,0,1,1,1,0,0,1,1,0,0,1,1,1
param_20105,real_004,0.7581044319601626,0.513174752726174,0.13889598216602417,0.17005779010574934,0.7404661291577009,101.08621241546602,0,1,0,1,1,1,1,1,1,1,0,1,1,1
param_20105,real_005,0.7693569930639719,0.47661197290992385,0.13915565501322125,0.17596635552976547,0.3836816767451418,479.97316849764246,1,1,1,1,1,0,0,0,0,0,0,1,1,1
param_20106,real_001,0.8131383761816038,0.6387588067396106,0.20281612221033302,0.2587536031108696,0.6231762687922511,178.18497481583034,1,1,1,1,1,1,1,1,1,1,1,1,1,1
param_20106,real_002,0.7926607065880124,0.6775422388440068,0.21575880716562412,0.24647032155100368,1.29274963881447,401.39542715613146,1,1,0,1,1,1,1,1,0,1,0,1,1,1
param_20106,real_003,0.7583420747941397,0.5809867541480884,0.1331096664954921,0.18257411144172955,0.5310558079879097,220.16897361790785,1,1,1,1,1,1,0,1,1,0,0,1,1,1
param_20106,real_004,0.7887315426135602,0.6539808189450319,0.21514463640978548,0.261039738408273,0.7585527210113734,26.83937143024464,1,1,0,1,1,1,1,1,1,1,1,1,1,1
param_20106,real_005,0.769994151840326,0.6047588575604909,0.19892205248114334,0.24331615318757518,0.6149496037547126,472.7406294469781,1,1,1,1,1,0,0,1,0,0,0,1,1,1
param_20107,real_001,0.8448952981628279,0.7200236410811347,0.23683377748790932,0.3124350268348871,0.4163074529408764,387.2202355538939,1,1,1,1,1,1,1,1,1,1,1,1,1,1
param_20107,real_002,0.8208015589838681,0.7298005988404853,0.22182505992413698,0.2841645861237358,0.6018395539614333,486.0312039106275,1,1,1,1,1,1,1,1,1,1,1,1,1,1
param_20107,real_003,0.7845209195861186,0.6691196982292413,0.16713779675270563,0.2405114979213852,0.39157770396855135,234.74774540239162,1,1,1,1,1,1,1,1,1,1,1,1,1,1
param_20107,real_004,0.7881025301180782,0.6845252214145865,0.2056257130453807,0.27831213131917565,0.5354442702975151,89.4301804414065,1,1,1,1,1,1,1,1,1,1,1,1,1,1
param_20107,real_005,0.8035554809724208,0.7010723362333506,0.24848440560340923,0.3225753540005101,0.2702169625246548,275.90164341953533,1,1,1,1,1,1,1,1,1,1,1,1,1,1
param_20108,real_001,0.8251419850878733,0.36189307543934524,0.03883015789020821,0.06849988538089824,1.1510242643500703,204.1710036861977,0,1,0,1,0,0,0,1,0,1,0,0,0,1
param_20108,real_002,0.8428518522530634,0.4493382908383022,0.07738730232050335,0.10836432810070538,0.7968095758237758,448.08576328126867,0,0,0,1,0,0,0,0,0,0,0,0,0,1
param_20108,real_003,0.8511598087505449,0.3872371431260415,0.055778395789059854,0.07400478048542182,0.8501283263541808,120.12145633727752,1,0,0,1,1,0,0,1,0,0,0,0,0,1
param_20108,real_004,0.8780891769648929,0.48129979323031796,0.1396048134147834,0.15211644473718242,0.7650766967850389,55.00037772637096,0,0,0,0,0,0,0,0,0,1,0,0,1,1
param_20108,real_005,0.81334470721627,0.3204577004937399,0.03436138703438883,0.06010543857570145,0.24066108747487025,906.268483490081,0,0,0,0,0,0,0,0,0,0,0,0,1,1
param_20109,real_001,0.8198214597795302,0.3866880284287077,0.04775951733662516,0.07482800631919574,1.3428760091166634,149.67871906656927,0,1,0,1,0,0,0,1,0,1,0,0,0,1
param_20109,real_002,0.8335175145464446,0.44663816193370237,0.07896313061453167,0.10846290189704738,0.8915559731772946,279.0551839801805,0,0,0,1,0,0,0,0,0,0,0,0,0,1
param_20109,real_003,0.8448492151097713,0.39976969043030963,0.05594871302058341,0.07555268786790904,1.0175457117520375,81.51744440555886,1,0,0,1,1,0,0,1,0,0,0,0,0,1
param_20109,real_004,0.8798949150535066,0.5016108681188001,0.14028412281761826,0.15450521028808292,0.9155876548029583,90.74978043481009,0,0,0,1,0,0,0,0,0,1,0,0,1,1
param_20109,real_005,0.8068256508746258,0.3360260125697876,0.04589714815855664,0.07267443423828109,0.41270080213328747,863.4384239394627,0,0,0,1,0,0,0,0,0,0,0,0,1,1
param_20110,real_001,0.8158037060616636,0.41347766126219526,0.05822282790705116,0.08678832920488035,1.2886122826869664,126.51907063421194,0,1,0,1,0,0,0,1,0,1,0,0,0,1
param_20110,real_002,0.8287937368006486,0.4702658438342982,0.09252690244514804,0.12056691013638558,0.9169121130357768,289.8617725011768,0,0,0,1,0,0,0,0,0,0,0,0,0,1
param_20110,real_003,0.8372087355791342,0.41719393331569454,0.06296359162518826,0.08345122527009616,0.9439682378092232,116.76432324557561,1,0,0,1,1,0,0,1,0,0,0,0,0,1
param_20110,real_004,0.8723656850127631,0.5262097120922568,0.14278572797572614,0.16303534730177802,0.940107713908506,90.9876224694061,0,0,0,1,0,0,0,0,0,1,0,0,1,1
param_20110,real_005,0.799024263916531,0.3539176468523785,0.05094514740502189,0.08103961492114513,0.38004725539006795,868.417913212527,0,0,0,1,0,0,0,0,0,0,0,0,1,1
param_20111,real_001,0.806232852746149,0.4957517109535302,0.0772081368882393,0.11012785055738795,1.3408597736203156,136.14312629180714,1,1,1,1,1,1,1,1,0,1,0,1,0,1
param_20111,real_002,0.793488450679572,0.4731900103936521,0.08132374594322514,0.11338444084938669,1.0341188617935557,178.02266803434716,1,0,1,1,1,1,1,0,0,1,0,1,0,1
param_20111,real_003,0.8236190129792188,0.48305975035465115,0.06512031625847489,0.09296293062138895,0.9768414185743091,260.10338852512797,1,0,1,1,1,1,0,1,0,0,0,1,0,1
param_20111,real_004,0.8800623587650961,0.5909327881041626,0.13526597440783827,0.16279163613964268,1.001115163205642,211.9170321508332,1,1,1,1,1,1,1,1,0,1,0,1,1,1
param_20111,real_005,0.7743527769450127,0.4168492238609295,0.07511949877289237,0.10857990595468134,0.5903198690439322,606.7349714425123,1,1,1,1,1,0,1,0,0,1,0,1,1,1
param_20112,real_001,0.8047598824462291,0.5840910554210468,0.13371575080099687,0.17761667867594078,0.9965149070847136,92.11254291915188,1,1,1,1,1,1,1,1,0,1,0,1,1,1
param_20112,real_002,0.8020378219944299,0.5949513263551078,0.14666154528944542,0.18948268091208828,0.8379636638909916,115.87281242695136,1,1,1,1,1,1,1,1,0,1,0,1,1,1
param_20112,real_003,0.8101250566060514,0.5652874069198475,0.11564051718738298,0.1619392307665354,0.6168451980167717,133.01681150105549,1,0,1,1,1,1,1,1,0,0,0,1,1,1
param_20112,real_004,0.869336583903155,0.683266799597337,0.202124995734226,0.24738291019450132,0.7382918333118307,154.6855663199889,1,1,1,1,1,1,1,1,0,1,0,1,1,1
param_20112,real_005,0.7791953145840281,0.5257784657031729,0.1444226228364175,0.18870832104574475,0.6746239676565637,615.8461860694526,1,1,1,1,1,1,1,1,0,0,0,1,1,1
param_20113,real_001,0.8077538274417913,0.6833409284310913,0.17019766253978802,0.2419930009999181,0.41415435454131844,206.39673941527678,1,1,1,1,1,1,1,1,1,1,1,1,1,1
param_20113,real_002,0.7721920967153014,0.6297323915896285,0.15935175753841907,0.2248915575009871,0.3961377610714197,120.11560997002307,1,1,1,1,1,1,1,1,1,1,1,1,1,1
param_20113,real_003,0.8170257358849871,0.6719372295998701,0.14494111423711334,0.21226447106028115,0.38373897945285323,302.2486768078803,1,1,1,1,1,1,1,1,1,1,1,1,1,1
param_20113,real_004,0.8692055491244399,0.7457221709620413,0.20385874784989622,0.27224118558164123,0.3841404343507425,317.0172948731112,1,1,1,1,1,1,1,1,1,1,1,1,1,1
param_20113,real_005,0.7707797187868727,0.6237187143667353,0.19269469829289954,0.25884167581851836,0.3780394736025712,191.08113162603138,1,1,1,1,1,1,1,1,1,1,1,1,1,1
param_20114,real_001,0.8126016726502213,0.3902533587404726,0.047171656418123965,0.0714698383246901,1.0058910162002945,494.07082413783763,0,0,1,1,0,0,1,1,0,0,0,1,0,1
param_20114,real_002,0.8338909664895249,0.46513805477039294,0.08240163800664231,0.10888917320922188,0.8430615103790805,145.40607157234302,1,0,1,1,0,0,0,1,0,0,0,0,0,1
param_20114,real_003,0.8146750008990409,0.4068122506859258,0.04791863809807793,0.066880053785161,0.6031396419847023,268.45626694709983,1,0,0,1,1,0,0,1,0,0,0,0,0,1
param_20114,real_004,0.8711581498937262,0.5053535231134468,0.14819085971998527,0.1721978338272055,0.7004405286343612,239.93992841979707,0,0,0,0,0,0,0,0,0,1,0,0,1,1
param_20114,real_005,0.8126371869861221,0.4119541034405633,0.060309318890678316,0.07503335464931224,0.37867859203693016,767.1315512666052,0,0,0,0,0,0,0,0,0,0,0,1,1,1
param_20115,real_001,0.806645570101254,0.41243611317476775,0.052643541979829095,0.07912252374297664,1.1009565716472163,277.176036436412,0,0,1,1,1,0,1,1,0,0,0,1,0,1
param_20115,real_002,0.8315238090067638,0.4839053469923721,0.09035592718470417,0.1170206992082343,0.9577073677481222,223.43246640568947,1,0,1,1,0,0,0,1,0,1,0,0,0,1
param_20115,real_003,0.8082150872212738,0.4161248937074451,0.04856703311069211,0.06740314155773237,0.7298209379091597,234.84356182005058,1,0,0,1,1,0,0,1,0,0,0,0,0,1
param_20115,real_004,0.8683737114185394,0.524755623900377,0.14743678942838756,0.17322263870130364,0.8428553411527305,171.87182613894822,0,0,0,1,0,0,0,0,0,1,0,0,1,1
param_20115,real_005,0.7946296992031016,0.41051341668318153,0.06148303536917323,0.07608555655224457,0.5051124310564277,740.1684150805725,1,0,0,0,0,0,0,0,0,0,0,1,1,1
param_20116,real_001,0.7999607254784615,0.42863995225589846,0.05826335523698667,0.0891625393086688,1.063343717549325,249.41401413577339,0,0,1,1,1,0,1,1,0,0,0,1,0,1
param_20116,real_002,0.8238497513622423,0.49713044987681554,0.09891592668631066,0.12684999229509794,0.8588575072202843,176.11183340668092,1,0,1,1,0,0,0,1,0,1,0,0,0,1
param_20116,real_003,0.8003890450836946,0.42864214028729947,0.053820815873296846,0.07511342371845044,0.7009311118571,245.46508320497938,1,0,0,1,1,0,0,1,0,0,0,0,0,1
param_20116,real_004,0.8626645032255689,0.5444261117174954,0.15305893255029476,0.17790330718838046,0.8581156140711788,150.33896900138598,0,0,0,1,0,0,0,0,0,1,0,0,1,1
param_20116,real_005,0.7894314339028893,0.43251293599779783,0.06812553072114652,0.08436460385408004,0.49863993973886844,718.498974277324,1,0,0,0,0,0,0,0,0,0,0,1,1,1
param_20117,real_001,0.7836321500824671,0.4951783330098698,0.07343471142108728,0.11074110054065375,0.9606517373732238,19.16278326435545,0,1,1,1,1,0,1,1,0,1,1,1,0,1
param_20117,real_002,0.8119182592325593,0.5496353845161955,0.10592801370025776,0.13765622340859973,1.0338955634310252,323.19649657273203,1,1,1,1,1,1,1,1,0,1,0,1,0,1
param_20117,real_003,0.7930906270666352,0.47833758892342665,0.05852366488524359,0.08601242381357763,0.7672821174951582,292.83001307585687,1,0,1,1,1,1,0,1,1,0,0,1,0,1
param_20117,real_004,0.8662572031882909,0.5987350289089273,0.14478463465746608,0.17853286851339217,0.9490376835047971,160.1397266861132,1,1,0,1,1,1,1,1,0,1,0,1,1,1
param_20117,real_005,0.7559354681405983,0.46741684871607747,0.07351505417717137,0.09649085984103008,0.7099846080814765,506.3539804612247,1,1,0,1,1,0,0,0,0,0,0,1,1,1
param_20118,real_001,0.7962843812157374,0.6009271817581437,0.14061140433390804,0.1939221751025556,0.7265093874869998,124.68869771907599,1,1,1,1,1,1,1,1,0,1,1,1,1,1
param_20118,real_002,0.8052529622473233,0.6305955803832481,0.15697610838024084,0.1995643486269997,0.7651700944564505,241.32350831294133,1,1,1,1,1,1,1,1,0,1,0,1,1,1
param_20118,real_003,0.7756190439806143,0.5629166612033333,0.10188506890362671,0.14616952558889718,0.43407157524200646,227.81327903445185,1,0,1,1,1,1,0,1,1,0,0,1,1,1
param_20118,real_004,0.8576649999682066,0.6949133569149855,0.19999701679159426,0.24474588909079112,0.7682738966340599,141.1723184028744,1,1,0,1,1,1,1,1,0,1,0,1,1,1
param_20118,real_005,0.7504178827452328,0.5637688665378232,0.12918139452171917,0.16549333849329642,0.8877428479931683,496.5127092398832,1,1,0,1,1,0,0,1,0,0,0,1,1,1
param_20119,real_001,0.7984069761776249,0.6740347239226296,0.17037820692888958,0.24486454709221925,0.3920844548620894,161.81790286686152,1,1,1,1,1,1,1,1,1,1,1,1,1,1
param_20119,real_002,0.7968255892238316,0.6702282400503938,0.1692821640712622,0.23124244957036189,0.49116692385462674,221.61099557816289,1,1,1,1,1,1,1,1,1,1,1,1,1,1
param_20119,real_004,0.8672621359963695,0.747288637883971,0.20512953737313033,0.26993865924270805,0.3968963055167664,253.22284556736355,1,1,1,1,1,1,1,1,1,1,1,1,1,1
param_20119,real_005,0.7532192897117714,0.6295851900275213,0.15111931535204068,0.2211757706000368,0.5045142063733956,223.6587448066291,1,1,1,1,1,1,1,1,1,1,1,1,1,1
param_20120,real_001,0.7817600611411696,0.38374128146021114,0.04420752306900424,0.06145866560040254,1.6862550672227246,365.24515517432224,0,0,0,1,0,1,0,1,0,0,0,0,1,1
param_20120,real_002,0.8020464535809108,0.4957547553895254,0.06467418484497597,0.09044661823601392,0.7371572871572871,368.55371428433324,1,0,0,1,1,1,1,1,1,1,0,1,0,1
param_20120,real_003,0.8071059953464571,0.4013825734592895,0.048002147271866774,0.062073167721617126,0.9511545899215106,212.76021450883508,1,0,0,0,0,1,0,1,0,0,0,0,0,1
param_20120,real_004,0.7785039729600897,0.35624873205164037,0.03934937295428586,0.06472873178999201,0.9269731531121277,439.5318238799016,1,1,0,0,1,1,0,1,0,0,0,1,0,1
param_20120,real_005,0.8693362622544288,0.5100029928627934,0.2177069581620103,0.2397697479161509,0.5176404177250917,269.8578106374197,0,0,1,1,0,0,1,1,0,1,0,1,1,0
param_20121,real_001,0.7696377024922075,0.4002458053601316,0.052284564848470064,0.06979689438542286,1.9903429903429903,485.52495084097507,0,1,1,1,0,1,0,1,0,0,0,1,1,1
param_20121,real_002,0.8063013488925139,0.5179035330038539,0.07957443887698341,0.10672067908823539,0.8841417359035828,400.2208752402877,1,0,1,1,1,1,1,1,1,1,0,1,0,1
param_20121,real_003,0.8036811261424033,0.40923535112586434,0.04992513771202812,0.06571973377083008,1.062943949711891,191.72478448903703,1,0,0,0,0,1,0,1,0,1,0,0,0,1
param_20121,real_004,0.7738641761712707,0.37310631243541137,0.04967285305228261,0.07706530717496482,1.1305890302962045,382.6407436023743,1,1,0,0,1,1,0,1,0,0,0,1,0,1
param_20121,real_005,0.8680879665424025,0.5241682872493688,0.22068987111146599,0.24430772093195233,0.5933028691287737,283.31328597405775,0,0,1,1,0,0,1,1,0,1,0,1,1,0
param_20122,real_001,0.7598277654511543,0.407306171722532,0.050618719428683574,0.07024510238969926,2.0513216137599595,471.0276654537588,0,1,1,1,0,1,0,1,0,0,0,1,1,1
param_20122,real_002,0.8033136475520537,0.5408466709788302,0.08584446939170004,0.11598405031879384,0.8783717986171974,381.61424049256505,1,0,1,1,1,1,1,1,1,1,0,1,0,1
param_20122,real_003,0.7951242323048,0.42166180202319503,0.053296642906887,0.07004140482457234,0.9981577455664427,152.81441736665113,1,0,0,0,0,1,0,1,0,1,0,0,0,1
param_20122,real_004,0.7631123886746565,0.38439494006117836,0.05523978003064614,0.08392601673004993,1.104809195402299,385.7529035797558,1,1,0,0,1,1,0,1,0,0,0,1,0,1
param_20122,real_005,0.8601311818325312,0.5448762663546032,0.21966480442434622,0.24467395665618166,0.6176941262047645,269.1224728162681,0,0,1,1,0,0,1,1,0,1,0,1,1,0
param_20123,real_001,0.7699876476472299,0.5024858546754792,0.08090495584036474,0.10687839162355456,1.9058997810124951,518.0998046702242,0,1,1,1,0,1,1,1,0,1,0,1,1,1
param_20123,real_002,0.8097256419388065,0.5897306222656412,0.1005201428954895,0.13658873358683596,1.0634008445690488,438.99934569921766,1,1,1,1,1,1,1,1,1,1,0,1,0,1
param_20123,real_003,0.7938251550608313,0.4663231343634805,0.06203924583434045,0.08924177169808517,1.0591776349352107,174.95126041617561,1,0,1,1,1,1,0,1,0,1,0,0,0,1
param_20123,real_004,0.7670349691716227,0.4393846858192669,0.08609143799771614,0.11921886503800751,1.088537453486491,302.4001109268464,1,1,0,1,1,1,1,1,0,0,0,1,1,1
param_20123,real_005,0.8809751775474461,0.6067971460373056,0.26336266373560796,0.2957909619459508,0.5457455928843166,306.9197624193419,1,1,1,1,0,1,1,1,0,1,1,1,1,1
param_20124,real_001,0.7395860160571271,0.5364811204390861,0.10336618607829669,0.13987029181161628,1.6592177985289775,455.7570051191141,1,1,1,1,0,1,1,1,0,1,0,1,1,1
param_20124,real_002,0.8163922190904225,0.6697576155673752,0.15601210211786162,0.2062292401009596,0.8409438278573069,380.2395890524005,1,1,1,1,1,1,1,1,1,1,0,1,1,1
param_20124,real_003,0.7682976105779727,0.5417667920066885,0.09869394822846164,0.1433006144279864,0.7521454669045798,81.35600233942624,1,0,1,1,1,1,1,1,0,1,0,1,1,1
param_20124,real_004,0.7531863429266541,0.5275671224585995,0.13159956318790925,0.17340208892559428,1.0473570658036677,269.020241227823,1,1,1,1,1,1,1,1,0,0,0,1,1,1
param_20124,real_005,0.8546485187830422,0.6978868219085683,0.26245038542923554,0.3085215319784201,0.5550748311332833,150.7256012318881,1,1,1,1,0,1,1,1,0,1,1,1,1,1
param_20125,real_001,0.8070784287607593,0.6838317724990948,0.15710212309828805,0.22767809025625335,0.6798445229681979,402.5948081714615,1,1,1,1,1,1,1,1,1,1,1,1,1,1
param_20125,real_002,0.8362143330344365,0.7268898406399218,0.17496059728524646,0.2487128339324743,0.38133110336156384,446.7256015357919,1,1,1,1,1,1,1,1,1,1,1,1,0,1
param_20125,real_003,0.7871513790572203,0.6026587040425025,0.13320311871798732,0.19972413444277098,0.5767499350380291,143.85359599739945,1,1,1,1,1,1,1,1,1,1,0,1,0,1
param_20125,real_004,0.7930069465540123,0.6254101304672632,0.1827189255897826,0.25516704591257716,0.47529030000318134,217.5158156951125,1,1,1,1,1,1,1,1,1,1,1,1,1,1
param_20125,real_005,0.9119827298468272,0.831345981474204,0.4014820476328952,0.4718264012117658,0.19168820040434334,192.85184814061196,1,1,1,1,1,1,1,1,1,1,1,1,1,1
param_20126,real_001,0.8355943405278156,0.3569966116575014,0.023541761935782946,0.040165579074095084,0.442779542420476,545.8835866643873,0,0,0,1,0,0,0,1,0,0,0,1,0,0
param_20126,real_002,0.8363872971479351,0.39015703091559734,0.05666595167455924,0.08058690148361791,0.7085645355850422,607.5656810132632,0,0,0,0,0,1,0,1,0,0,0,1,1,1
param_20126,real_003,0.8259460917966517,0.3242434199908137,0.033886424021275355,0.05148297003157243,0.9019432970334209,426.9368698634691,0,1,0,1,0,1,0,0,0,0,0,0,0,1
param_20126,real_004,0.8065548868845361,0.32098403627550676,0.022178768103260055,0.03846403279584914,0.8974060562655267,127.45207534766735,0,0,0,1,0,1,0,1,0,0,0,0,0,1
param_20127,real_001,0.8338773758203318,0.37904894469530004,0.03175808869064312,0.05193566609626348,0.6971805356340048,541.3585158632189,0,0,0,1,0,0,0,1,0,0,0,1,0,0
param_20127,real_002,0.82926950185988,0.3990212232180857,0.05948966018051511,0.08240084880957074,0.7890753403810644,528.4809695910562,0,0,0,0,0,1,0,1,0,0,0,1,1,1
param_20127,real_003,0.820373667643448,0.3433533645812799,0.03637929802561201,0.05842303404610855,1.1035766235988704,287.88806751628124,0,1,0,1,0,1,0,1,0,0,0,0,0,1
param_20127,real_004,0.800734283034643,0.3321228240947442,0.025902039018951648,0.04324648816733141,1.0189720521471115,156.45800927509717,0,0,0,1,1,1,0,1,0,0,0,0,0,1
param_20127,real_005,0.8635980196331596,0.4375444381507081,0.13964150171635173,0.16688954827112581,0.7518269758796942,235.4559681554976,0,1,0,1,0,0,0,1,0,0,0,0,0,1
param_20128,real_001,0.8229807951332656,0.3894992965567275,0.033714456771506765,0.05477570420772653,0.7470302654684433,519.2423601806486,0,0,0,1,0,1,0,1,0,0,0,1,0,0
param_20128,real_002,0.8236196932675458,0.4277124552455931,0.06867408103442249,0.09497636271986279,0.7779934133145142,537.8761389702069,0,0,0,0,0,1,0,1,0,0,0,1,1,1
param_20128,real_003,0.8111926961709304,0.3579440507175613,0.04002123528031415,0.06355494367902785,1.0199801439563168,251.40648757516104,0,1,0,1,0,1,0,1,0,0,0,0,0,1
param_20128,real_004,0.7915091876308372,0.3545109256341689,0.028751811435190185,0.04928067622534384,1.0119766505636072,94.8884173764712,0,0,0,1,1,1,0,1,0,1,0,0,0,1
param_20128,real_005,0.8605338174281078,0.464443649852102,0.16127781248422438,0.19056919936400094,0.7247385324878531,205.15433656640846,0,1,0,1,0,0,0,1,0,0,0,0,0,1
param_20129,real_001,0.8289430111487497,0.4802251886763774,0.0654168403924716,0.09268256476471663,1.4230502651880423,559.3720287388085,1,1,1,1,1,1,1,1,0,1,0,1,0,1
param_20129,real_002,0.7938050132769279,0.44794411934758727,0.06843368210034724,0.09859895288448361,0.7844783642954236,219.1076393540219,1,0,1,0,1,1,1,1,0,1,0,1,0,1
param_20129,real_003,0.8073609954215232,0.4505186793520765,0.06039778150365009,0.08981866240792157,1.199503127634089,20.75476548566428,1,1,1,1,1,1,1,1,0,0,0,1,0,1
param_20129,real_004,0.7820591721346026,0.42215008490992867,0.04492947339617947,0.07485238269434957,1.091619817287421,221.45324865521218,1,0,1,1,1,1,1,1,0,1,0,1,0,1
param_20129,real_005,0.875838986250503,0.5599920590223334,0.17557529679543166,0.21199572316577714,0.7576209146544366,250.91777605527346,1,1,1,1,1,1,1,1,0,0,0,1,0,1
param_20130,real_001,0.8000720425729477,0.5360555753677599,0.0984269676864387,0.13503990381176395,1.1838468254958214,401.5271831184277,1,1,1,1,1,1,1,1,0,1,0,1,1,1
param_20130,real_002,0.8150454945762629,0.5886105169900963,0.14974450571841844,0.2011734487599592,0.6542600524423667,227.77936619334668,1,1,1,1,1,1,1,1,0,1,0,1,1,1
param_20130,real_003,0.7873373258555355,0.5194522386053698,0.11018369520501166,0.153746126260369,1.039788365107891,34.38263246572388,1,1,1,1,1,1,1,1,0,1,0,1,1,1
param_20130,real_004,0.764598919146529,0.5134470549371526,0.0881457519560856,0.1341241764101021,0.9442342064714946,51.01906048587176,1,1,1,1,1,1,1,1,0,1,0,1,1,1
param_20130,real_005,0.8720254121110304,0.6582921274931184,0.2464826928771292,0.2975475903911742,0.5394559087810622,171.6020262840936,1,1,1,1,1,1,1,1,0,0,0,1,1,1
param_20131,real_001,0.82860598266825,0.6640593115377564,0.1558540409608674,0.2247266621283318,0.44225105274687826,496.70240533987146,1,1,1,1,1,1,1,1,1,1,1,1,1,1
param_20131,real_002,0.7832623993424633,0.632901369297309,0.1636468178789116,0.23457261756792103,0.3543792188002238,119.77296960562916,1,1,1,1,1,1,1,1,1,1,1,1,1,1
param_20131,real_003,0.8205896872326012,0.6659241213137812,0.16047285380853624,0.23040783003661452,0.45864028103915094,176.49911011784025,1,1,1,1,1,1,1,1,1,1,1,1,1,1
param_20131,real_004,0.7813065341861326,0.6295773947142567,0.14633639829149986,0.21537088199631196,0.44308760716590356,71.06371300874473,1,1,1,1,1,1,1,1,1,1,1,1,1,1
param_20131,real_005,0.8854086843229442,0.7625347320244171,0.265257863813746,0.33472214226280494,0.27687056498697565,37.73560492949549,1,1,1,1,1,1,1,1,1,1,1,1,1,1
param_20132,real_002,0.8292106055938966,0.41485537479602613,0.09273176726117632,0.12003283426780326,0.7952754157323327,274.09871146708076,0,0,0,1,0,0,0,0,0,0,0,0,1,1
param_20132,real_003,0.8131407419271006,0.39239909100905995,0.05438808548735513,0.07469101301567087,0.3662715151030526,337.3851801650156,1,0,0,1,1,0,0,1,0,0,0,0,0,1
param_20132,real_004,0.8543194137761634,0.48651190132451966,0.12724940770771007,0.14892178585380786,0.8188744755750591,209.5708151282632,0,0,0,1,0,0,0,0,0,1,0,0,1,1
param_20132,real_005,0.8232725976374059,0.3996203895410522,0.08091017275725287,0.10018674010267446,0.32811094452773615,643.7084964044282,0,0,0,0,0,0,0,0,0,0,0,0,1,1
param_20133,real_001,0.7984711905779294,0.37751148292737086,0.055083169437688824,0.08976345114354825,1.1766024031217401,171.20842312804555,0,1,1,1,1,0,1,1,0,0,0,1,0,1
param_20133,real_002,0.8244880009769747,0.4476272788820777,0.09777657214513738,0.12529669440569327,0.9254813090790306,143.6611714129815,0,0,0,1,0,0,0,1,0,0,0,0,1,1
param_20133,real_003,0.8050746446982151,0.40574195432684734,0.056904871875202774,0.0797330210343677,0.46217577300048734,300.9125503569674,1,0,0,1,1,0,0,1,0,0,0,0,0,1
param_20133,real_004,0.8539866162481624,0.5161108464931367,0.13244233369244912,0.15614452360729028,0.9169545633445576,221.00751841434527,0,0,0,1,0,0,0,0,0,1,0,0,1,1
param_20133,real_005,0.8046507230381477,0.3908263617552251,0.0862899281272301,0.1073851555050089,0.3801374303124595,657.6902260222091,0,0,0,1,0,0,0,0,0,0,0,0,1,1
param_20134,real_001,0.7935523376113427,0.39516655002530643,0.06427105515537297,0.10075279609946086,1.1461043226908423,171.66106452272626,0,1,1,1,1,0,1,1,0,0,0,1,0,1
param_20134,real_002,0.8166678398022911,0.455829753052743,0.10387326101260796,0.13274680901777006,0.9060111257854084,138.96865094210148,0,0,0,1,0,0,0,1,0,0,0,0,1,1
param_20134,real_003,0.7994437754141783,0.4191071714423249,0.06365205807619072,0.08869540014984519,0.43392944123582217,320.44761596566707,1,0,0,1,1,0,0,1,0,0,0,0,0,1
param_20134,real_004,0.8485713444609246,0.5386030758407118,0.139301593921562,0.16407783409486373,0.9033834100985751,220.2284546277328,0,0,0,1,0,0,0,0,0,1,0,0,1,1
param_20134,real_005,0.8016066092322964,0.4154341419483037,0.0983259200949479,0.12002616056656665,0.3733879793146364,617.8139504640668,0,0,0,1,0,0,0,0,0,0,0,0,1,1
param_20135,real_001,0.7958746344272534,0.4982332032203285,0.10475813526904401,0.1416218714391154,1.045024894482776,227.96294346428203,0,1,1,1,1,1,1,1,0,1,1,1,0,1
param_20135,real_002,0.8068910294729448,0.5549393518933481,0.1098367999154885,0.14181275800664195,0.9969816179100207,147.29646325758586,1,0,1,1,1,1,1,1,0,1,0,1,1,1
param_20135,real_003,0.7897544387037398,0.4874424666068822,0.06765221431470947,0.0983295588396793,0.5166518838924462,236.65411484929282,1,0,1,1,1,1,0,1,1,0,0,1,1,1
param_20135,real_004,0.8519659566133448,0.5964079334176894,0.14686802401161717,0.17703523900379492,0.9494715740754389,267.9587885167768,1,1,0,1,1,1,0,1,0,1,0,1,1,1
param_20136,real_001,0.796199584735156,0.5800234864347606,0.157644884604443,0.21134388804167528,0.7527333429143129,235.9732354909198,1,1,1,1,1,1,1,1,0,1,1,1,1,1
param_20136,real_002,0.7988869356411717,0.6120619597632342,0.1606572586356395,0.20145017707497598,0.7795850983503756,151.50364154619675,1,0,1,1,1,1,1,1,0,1,0,0,1,1
param_20136,real_003,0.7832365683963157,0.5717985967745777,0.1166046026293098,0.16242919084902155,0.30199522314584004,239.75641693142086,1,0,1,1,1,1,0,1,1,0,0,1,1,1
param_20136,real_004,0.8429653283212332,0.6831700031712254,0.19535415269712708,0.23653086865354223,0.8257557629416926,225.07992976086047,1,1,0,1,1,1,1,1,0,1,0,1,1,1
param_20136,real_005,0.7771663948250422,0.581789947744158,0.18231590018385332,0.22197419054754344,0.6318082498401194,407.0770901455231,1,1,0,1,1,0,0,1,0,0,0,1,1,1
param_20137,real_001,0.8202555114123531,0.6828926011458637,0.19852969538862517,0.27470884913054183,0.3887219248483986,252.09996383339077,1,1,1,1,1,1,1,1,1,1,1,1,1,1
param_20137,real_002,0.8130667926170062,0.704390039080056,0.1763000228284222,0.24095020604945627,0.45325331034616856,197.20775336022243,1,1,1,1,1,1,1,1,1,1,1,1,1,1
param_20137,real_003,0.8068185274452884,0.6702546989019603,0.1444769009499039,0.21661082757141006,0.3530789535647454,346.7239547227053,1,1,1,1,1,1,1,1,1,1,1,1,1,1
param_20137,real_004,0.8597436633034218,0.745671536275648,0.19531118550878304,0.2603705144939888,0.4206965849162869,317.1414727448242,1,1,1,1,1,1,1,1,1,1,1,1,1,1
param_20137,real_005,0.7935712375692462,0.665136643936764,0.22025717103692063,0.2940317152198403,0.320985755366816,176.16763961201912,1,1,1,1,1,1,1,1,1,1,1,1,1,1
param_20138,real_001,0.7968431943763874,0.36384525215375974,0.05645613099401637,0.08795554369056481,0.8806917143568052,257.0103779427949,0,0,0,1,1,0,0,1,0,0,0,1,1,1
param_20138,real_002,0.8149561246979699,0.4207902428875861,0.1029195804482221,0.13161178054741965,0.6086679413639261,171.58815115221415,0,0,0,1,0,0,0,0,0,0,0,0,1,1
param_20138,real_003,0.8025979663927173,0.41299588577198404,0.057768390355255494,0.08111363981703114,0.09277938316703924,418.1237017350258,1,0,0,1,1,0,0,1,0,0,0,0,0,1
param_20138,real_004,0.8482913990755023,0.4959219090108845,0.15821304429305408,0.17909574333921255,0.6974969245060381,277.4278008613954,0,0,0,0,0,0,0,0,0,1,0,0,1,1
param_20138,real_005,0.8065478140992403,0.4205075620300184,0.08511151325484315,0.10865023070053503,0.2789173504102461,606.5115756031604,0,0,0,0,0,0,0,0,0,0,0,0,1,1
param_20139,real_001,0.7931598926844261,0.3978580495727054,0.07761545355949079,0.11135471228351378,0.9741638040137407,160.26452244871115,0,0,1,1,1,0,1,1,0,0,0,1,1,1
param_20139,real_002,0.8081535311498862,0.447673271986682,0.10984273067629972,0.13606869639504657,0.81916974132543,111.22763021201463,1,0,0,1,0,0,0,1,0,0,0,0,1,1
param_20139,real_003,0.7931733237131293,0.4240713989082066,0.0637736861496175,0.08754152606291896,0.20491359361922112,387.7564672307243,1,0,0,1,1,0,0,0,0,0,0,0,0,1
param_20139,real_004,0.8411749510418539,0.5127499332584435,0.16155775379691142,0.1838977356685341,0.8304351763800208,257.0020513812603,0,0,0,0,0,0,0,0,0,1,0,0,1,1
param_20139,real_005,0.7870616807466765,0.4092358159394203,0.09726374002251545,0.1177017540601289,0.36578534142511565,566.5763208087062,0,0,0,0,0,0,0,0,0,0,0,0,1,1
param_20140,real_001,0.7869941710661922,0.40998925301990335,0.08519567108347316,0.1216692815121128,0.9809832446003455,159.7473723558832,0,0,1,1,1,0,1,1,0,0,0,1,1,1
param_20140,real_002,0.8003269137281315,0.457112545847339,0.1164654329267159,0.14307160590184229,0.8309316254521734,102.23758306788461,1,0,0,1,0,0,0,1,0,0,0,0,1,1
param_20140,real_003,0.7883552122455231,0.44056602533109007,0.0717030416021464,0.09826793975580053,0.23966810783316378,400.58981701436585,1,0,0,1,1,0,0,1,0,0,0,0,1,1
param_20140,real_004,0.8387856951493703,0.5366950739870586,0.16758246611612443,0.19130728105341593,0.8124819094694187,267.0458868317746,0,0,0,0,0,0,0,0,0,1,0,0,1,1
param_20140,real_005,0.784932104714087,0.43574660680376837,0.10919082309694363,0.12978453173603877,0.3596548321400827,520.6589141548402,0,0,0,0,0,0,0,0,0,0,0,0,1,1
param_20141,real_001,0.7907797194094183,0.5071871027397783,0.12173461836100309,0.16351651172624002,0.8240438309977873,217.1970158654371,0,1,1,1,1,1,1,1,1,1,1,1,1,1
param_20141,real_002,0.7879787819324545,0.5518390121103102,0.11474401807801429,0.14569944069820126,1.0256184128728187,166.4061359343158,1,0,0,1,1,1,1,1,0,1,0,1,1,1
param_20141,real_003,0.7731095610102338,0.48980329234502823,0.07866135696381679,0.11018647558245959,0.4242610767249142,302.63151792875084,1,0,1,1,1,1,0,1,1,0,0,1,1,1
param_20141,real_004,0.8338074399744877,0.5858191968977998,0.17438399717890185,0.20065524275623212,1.0239537053140861,226.94104310431274,1,0,0,1,1,1,0,1,0,1,0,1,1,1
param_20142,real_001,0.795493104774538,0.5936091988644567,0.1763690799834832,0.2319269081461791,0.6316678685484701,217.86975027445195,1,1,1,1,1,1,1,1,1,1,1,1,1,1
param_20142,real_002,0.781503881018794,0.6097340589610246,0.164628683579101,0.20464626572138203,0.8566289497518847,193.6507899105661,1,1,0,1,1,1,1,1,0,1,0,0,1,1
param_20142,real_003,0.7738735920391789,0.5874456310378758,0.12611046527519132,0.1737068813544537,0.2631573854564807,316.3668426641035,1,1,1,1,1,1,0,1,1,0,0,1,1,1
param_20142,real_004,0.832267584663169,0.680483611045284,0.21553992570559924,0.2529767776982176,0.9041879751209398,234.2204729206384,1,1,0,1,1,1,1,1,0,1,0,1,1,1
param_20142,real_005,0.7683613023100085,0.5985648622583227,0.18471620206112122,0.22610143610379788,0.6985956578981336,334.07477709856295,1,1,0,1,1,0,0,1,0,0,0,1,1,1
param_20143,real_001,0.8251607863672913,0.6913092394793865,0.21329916746837405,0.28892922626537504,0.3966499162479062,239.45944455512716,1,1,1,1,1,1,1,1,1,1,1,1,1,1
param_20143,real_002,0.8029627873322697,0.6998729207429403,0.17593577734248886,0.23936860517625558,0.5335178457375575,211.97482753083744,1,1,1,1,1,1,1,1,1,1,1,1,1,1
param_20143,real_003,0.7974294820635821,0.6658987638001928,0.14789468124638178,0.21976911372048819,0.3501753757136639,364.3517561237785,1,1,1,1,1,1,1,1,1,1,1,1,1,1
param_20143,real_004,0.8517905990307785,0.7441341891984614,0.21094693631007658,0.2696053906807279,0.45387026346455217,226.55061172026817,1,1,1,1,1,1,1,1,1,1,1,1,1,1
param_20143,real_005,0.7965047610202824,0.6793290121594908,0.22706327922965153,0.29760043098117833,0.37742742459790257,196.06921548611746,1,1,1,1,1,1,1,1,1,1,1,1,1,1
param_20144,real_001,0.8015409279313138,0.3488596565984553,0.009255654182026339,0.031311611400674316,0.605441865782554,372.28153471585233,0,0,0,0,0,1,0,1,0,1,0,1,1,1
param_20144,real_002,0.8175198176951283,0.33983782145370156,0.03299271427908616,0.04638835263655178,0.2807389321417054,874.0098955492424,0,0,0,0,0,1,0,0,0,1,0,0,1,1
param_20144,real_003,0.804792611959301,0.37210627411373,0.014443247467514304,0.03236310981023171,0.7412155227009675,612.1997675255858,1,0,0,0,0,1,0,1,0,1,0,0,0,0
param_20144,real_004,0.8301223760937181,0.3629161747400767,0.02147061120180559,0.03516241956012083,0.7040576602878452,153.42187759513004,0,1,0,1,0,1,0,1,0,1,0,1,0,0
param_20144,real_005,0.8205016626595223,0.33275117895220346,0.015405070172292075,0.04730601021424781,0.5694320414359707,698.4754380313876,0,1,0,1,0,1,1,1,0,1,0,1,0,0
param_20145,real_001,0.7937620465849364,0.36068616711443247,0.018160121405976372,0.042370541088003304,0.8084518419318496,345.9633279046516,0,0,0,0,0,1,0,1,0,1,0,1,1,1
param_20145,real_002,0.811511505946888,0.35365182977546533,0.03538874494796263,0.054316836287716,0.3993659516009722,870.9692342773853,0,0,0,0,0,1,0,0,0,1,0,0,1,1
param_20145,real_003,0.8045653991956412,0.39884734843479125,0.027002308692070806,0.04669580720896594,1.1202756104975176,356.1652105054121,1,0,0,1,1,1,0,1,0,1,0,1,0,0
param_20145,real_004,0.826776785086018,0.38247960758800503,0.024252579750867777,0.04243104237049989,1.0728833315672353,154.8411244106664,0,1,0,1,0,1,0,1,0,1,0,1,0,0
param_20145,real_005,0.818465148348483,0.35401287598303155,0.028525346774496158,0.06348976683958568,0.7938189386056191,644.7171677134719,0,1,1,1,0,1,1,1,0,1,0,1,0,0
param_20146,real_001,0.7837190176182157,0.37637492696589114,0.021340197220529173,0.04778947726909864,0.8086527293844367,270.1799916328624,0,0,0,0,0,1,0,1,0,1,0,1,1,1
param_20146,real_002,0.8054448161110023,0.3768844458017452,0.041374182591576256,0.06474468309061451,0.40321711371833674,861.0637802170481,0,0,0,0,0,1,0,0,0,1,0,0,1,1
param_20146,real_003,0.7946709037173407,0.4188811435526343,0.029657601655170573,0.05133148809121594,1.0482005518698996,348.3597800193016,1,0,0,1,1,1,0,1,0,1,0,0,0,1
param_20146,real_004,0.8156704176781098,0.3988849658045042,0.027379186293669987,0.04927154662401579,1.0019683853214694,120.27965905946742,0,1,0,1,0,1,0,1,0,1,0,1,0,0
param_20146,real_005,0.8073763740599839,0.36782073723907804,0.027196468953072202,0.06547668975417484,0.7429375125577657,641.3657193902253,0,1,1,1,0,1,1,1,0,1,0,1,0,0
param_20147,real_001,0.7614603157575371,0.4194257530332064,0.04859395977785878,0.07200432121960577,0.9878947368421053,358.1755148936353,1,0,1,0,1,1,1,1,0,1,0,1,1,1
param_20147,real_002,0.7860645758829551,0.4361827239124906,0.05512543158514644,0.0969771569178492,0.6294383473208521,746.6749047625622,1,1,1,0,1,1,1,0,0,1,0,1,1,1
param_20147,real_003,0.8011045349064855,0.4984796974913492,0.05948447336888943,0.08803717651227344,1.6124068837823484,237.48923973408066,1,1,1,1,1,1,1,1,0,1,0,1,0,1
param_20147,real_004,0.8235324401214996,0.48658898002019035,0.05279929997676313,0.08361467864798772,1.5328441023805262,544.4426957229032,1,1,1,1,1,1,1,1,0,1,0,1,0,0
param_20147,real_005,0.8140702673950728,0.44885632905284245,0.08115888511897511,0.11370496169372014,1.182028588896329,378.72752103169785,1,1,1,1,1,1,1,1,0,1,0,1,0,0
param_20148,real_001,0.7513226533029477,0.5079624381841357,0.09182078531310993,0.1374053801764453,1.0942587604654557,144.73434232028188,1,1,1,0,1,1,1,1,0,1,0,1,1,1
param_20148,real_002,0.7906133224052669,0.5506018731433368,0.13237201098309626,0.18295320878510535,0.7446396247099916,581.5883947730892,1,1,1,1,1,1,1,1,0,1,0,1,1,1
param_20148,real_003,0.7772048384032896,0.5729643192523559,0.10086947912430157,0.14269648562878248,1.167067536673652,175.4218355335667,1,1,1,1,1,1,1,1,0,1,0,1,1,1
param_20148,real_004,0.7909996260959243,0.5637935753321932,0.09507800534139847,0.13265272535558595,1.2348514063219178,266.49574255610685,1,1,1,1,1,1,1,1,0,1,0,1,1,1
param_20148,real_005,0.7954236777490463,0.5338548088631027,0.12040600863266601,0.1718208000861253,0.9173493861461376,364.086006507144,1,1,1,1,1,1,1,1,0,1,0,1,1,1
param_20149,real_001,0.7475843834357029,0.5879108899700316,0.1432185230603928,0.21625648145208742,0.4367676438721637,202.1807748941833,1,1,1,1,1,1,1,1,1,1,1,1,1,1
param_20149,real_002,0.7863371138917792,0.6634002354090548,0.1892341337930329,0.2606440626748705,0.3384808828556082,310.0457542507194,1,1,1,1,1,1,1,1,1,1,1,1,1,1
param_20149,real_003,0.8022851754028553,0.6702102766519265,0.14750843526779156,0.21923488790439957,0.4634861979854031,330.54182926557996,1,1,1,1,1,1,1,1,1,1,1,1,1,1
param_20149,real_004,0.8301219065971743,0.6838309230327859,0.15218075566611491,0.21699266146980978,0.45091679110871746,510.23888556916654,1,1,1,1,1,1,1,1,1,1,1,1,1,1
param_20149,real_005,0.8179885969799594,0.6476729127129544,0.18054555029746872,0.24988544132972923,0.3896298418040662,146.54284894150604,1,1,1,1,1,1,1,1,1,1,1,1,1,1
param_20150,real_001,0.7845912238926208,0.35953162411825795,0.02129277751830637,0.04357272155859868,0.1747205264409736,429.2042146908374,0,1,0,1,0,1,1,1,0,0,0,1,1,0
param_20150,real_002,0.8690971682499062,0.4947502815381306,0.16535870327481425,0.19637229940419826,0.6528515607850024,50.646995193639235,0,0,0,1,1,0,1,1,0,1,0,1,0,1
param_20150,real_003,0.869616936142541,0.45838772834242425,0.13369514465335708,0.1632663178533747,0.3217591013484321,120.4035627569271,0,0,0,0,0,0,0,0,0,0,0,0,0,1
param_20150,real_004,0.8326817192284376,0.411927223247981,0.07100765594663187,0.09364936679104387,0.6653719826912048,548.2853478011175,0,0,0,0,0,0,0,1,0,0,0,0,1,1
param_20150,real_005,0.8227734610679814,0.34912165035200504,0.031225369189732923,0.06590826430276998,0.05437689036952615,991.4342319503477,1,1,0,1,1,0,0,1,0,0,0,1,0,1
param_20151,real_001,0.7720930194388025,0.37683776447194567,0.02894462352352312,0.05478246708982296,0.2948955672952454,309.64470949439783,0,1,0,1,0,1,1,1,0,0,1,1,1,0
param_20151,real_002,0.8688054277450027,0.5214583319914503,0.16921842758852904,0.2037287774152758,0.77884596519453,78.68608978126932,0,0,1,1,1,1,1,1,0,1,0,1,0,1
param_20151,real_003,0.8621680785095711,0.47062273533364946,0.1320066206366486,0.15897269974538708,0.5201007516709307,46.65871234493469,0,0,0,1,0,0,0,0,0,0,0,0,1,1
param_20151,real_004,0.823209209435098,0.42816982139760834,0.08344517938071712,0.10836319595447431,0.7932485693290877,532.5202832875472,0,0,0,0,0,0,1,1,0,1,0,1,1,1
param_20151,real_005,0.8142865635330359,0.36047048875218807,0.04102294645244374,0.08209497980057742,0.30736820470660775,866.0131123715531,1,1,0,1,1,0,0,1,0,0,0,1,0,1
param_20152,real_001,0.7635879562105207,0.38972649961412126,0.030937241735113613,0.057572254121037565,0.27794218857536135,284.3520198649794,0,1,0,1,0,1,1,1,0,0,0,1,1,0
param_20152,real_002,0.8660808610011597,0.5425774782502083,0.18122062038980413,0.216807718663072,0.7617728002446296,69.65787625674704,0,0,1,1,1,1,1,1,0,1,0,1,0,1
param_20152,real_003,0.8564165736626334,0.49069164328029147,0.13365069742082356,0.16598938982256242,0.5306281853508036,51.78065916008278,0,0,0,1,0,0,0,1,0,0,0,0,1,1
param_20152,real_004,0.8158420194086565,0.4388103682437538,0.09030829981416544,0.1165519064605851,0.7681811201544435,497.6306212625507,0,0,0,0,0,0,1,1,0,1,0,1,1,1
param_20152,real_005,0.8060395625734712,0.37740088918613585,0.04264270981135478,0.08690556848696222,0.24486014468470954,881.2090968946667,1,1,0,1,1,0,0,1,0,0,0,1,0,1
param_20153,real_001,0.7536111613297873,0.46570916487310654,0.06795760183406455,0.10791502727449562,0.8348130245211751,201.77723632404792,1,1,1,1,1,1,1,1,1,1,1,1,1,1
param_20153,real_002,0.8645684385092421,0.6126863892680371,0.18774860289014256,0.2251425435155911,0.6822379211923181,169.55049721320577,1,1,1,1,1,1,1,1,0,1,1,1,0,1
param_20153,real_003,0.844952402876527,0.5541833966597259,0.15070116504960562,0.18616578759616445,0.8939473408161125,107.81782325473702,1,1,1,1,1,1,1,1,0,1,1,1,1,1
param_20153,real_004,0.8038143267434665,0.5183215054341008,0.11607040116892328,0.14379057117974364,1.0367564059148888,460.18606744218243,0,1,0,1,0,1,1,1,0,1,1,1,1,1
param_20153,real_005,0.8007260997288124,0.4252188328624267,0.08487217976432632,0.1291021205911803,0.8454037304818033,629.7595703398187,1,1,1,1,1,1,1,1,0,0,0,1,0,1
param_20154,real_001,0.7501466320991007,0.5422315235406916,0.10392764110826797,0.15891008252869795,0.8467416979296929,206.13630612197107,1,1,1,1,1,1,1,1,1,1,1,1,1,1
param_20154,real_002,0.8668022958295396,0.7025608401549591,0.23616404653811457,0.28550064662231844,0.6711449920748735,105.63583327312976,1,1,1,1,1,1,1,1,0,1,1,1,1,1
param_20154,real_003,0.8548549832612176,0.6559161520233772,0.2097718780357771,0.2633255724162432,0.6797232361502564,111.4063164589246,1,1,1,1,1,1,1,1,0,1,1,1,1,1
param_20154,real_004,0.7996836953799499,0.5831966722400953,0.17094860512728605,0.2118107162673807,0.9669442502065985,362.2082863818662,0,1,1,1,0,1,1,1,0,1,1,1,1,1
param_20154,real_005,0.7855260634265138,0.5322403070066187,0.12425943754782236,0.1810698735780671,0.6175481504127178,663.9094853794949,1,1,1,1,1,1,1,1,1,0,0,1,1,1
param_20155,real_002,0.880484493323571,0.7832570742965055,0.27162344897347035,0.3307430810116702,0.41073967186708726,246.2681220904255,1,1,1,1,1,1,1,1,1,1,1,1,1,1
param_20155,real_003,0.8447331818312723,0.7082066209074921,0.21895172071250196,0.28870586411793775,0.39440228339124983,350.9317630247228,1,1,1,1,1,1,1,1,1,1,1,1,1,1
param_20155,real_004,0.8217879835810245,0.6934443080048003,0.19682678925081884,0.27211491083692524,0.4680289582814167,465.78936281534936,1,1,1,1,1,1,1,1,1,1,1,1,1,1
param_20155,real_005,0.8309239718949353,0.6545978200364416,0.2033672130129472,0.2763133799568763,0.4633028142386431,258.37155029811646,1,1,1,1,1,1,1,1,1,1,1,1,0,1
param_20156,real_001,0.7713452846085835,0.3602306446581662,0.018285109046671237,0.039203659588601864,0.34891382683002164,87.61834084794566,1,1,0,1,1,1,0,1,0,0,0,1,1,1
param_20156,real_002,0.784087794277281,0.4347703709249545,0.0528243275895285,0.08216125575935468,0.5111557290139193,337.9168551076458,0,0,0,0,0,0,0,1,0,1,0,1,1,1
param_20156,real_003,0.8385099828822921,0.39601689468622503,0.08323099029215225,0.12329236391487898,0.4528890274869693,187.16687662362887,0,0,0,1,0,1,0,1,0,0,0,1,1,1
param_20156,real_005,0.7911301440114786,0.45081953188377716,0.09030729241344757,0.11217256625213073,0.04470862311144609,407.6732738141478,1,0,0,1,1,0,0,0,0,0,0,0,1,1
param_20157,real_001,0.7609496997770959,0.3772795419238068,0.02527137872169746,0.049789678827190764,0.5985226628636205,181.1292122706045,1,1,0,1,1,1,0,1,0,0,0,1,1,1
param_20157,real_002,0.78417375097865,0.44906120677968386,0.07666398527952444,0.11175273107559544,0.5970250430942651,448.8396853337748,0,1,0,0,0,0,0,1,0,1,0,1,1,1
param_20157,real_003,0.8354171812637101,0.4276765948631472,0.121462323551183,0.16537706753832487,0.5960943542150039,183.42525766085853,0,0,1,1,0,1,0,1,0,0,0,1,1,1
param_20157,real_004,0.7841762517282237,0.3625755566455268,0.0654918383787023,0.0799796583241014,1.7558006732387592,188.6339383277155,0,0,0,0,0,0,0,1,0,0,0,1,1,1
param_20157,real_005,0.7797587408694104,0.46084680658208227,0.10901936972261517,0.13386249148395638,0.08990267446120517,388.6373101263258,1,0,0,1,1,0,0,0,1,0,0,0,1,1
param_20158,real_001,0.7535021959570929,0.409775585249599,0.029800268760668183,0.057820129592029576,0.592454587796926,142.05573919966255,1,1,0,1,1,1,0,1,0,1,0,1,1,1
param_20158,real_002,0.7733889959287227,0.45757815609012426,0.07602112983220743,0.11274443846206596,0.6513841985766889,456.03367222084444,0,1,0,1,0,0,0,1,0,1,0,1,1,1
param_20158,real_003,0.8294887152225202,0.4453758316272409,0.12838610730476713,0.1741716325885237,0.613543691170306,183.01367088203153,0,0,1,1,0,1,0,1,0,0,0,1,1,1
param_20158,real_004,0.7812311262298208,0.3787586098634753,0.0710023568792081,0.08789328730372573,1.7466579331288892,158.8847803326421,0,0,0,0,0,0,0,1,0,0,0,1,1,1
param_20158,real_005,0.773697637373151,0.4730351964921285,0.11747027188433087,0.14332728112256843,0.14545256575775015,396.0179291313973,1,0,0,1,1,0,0,0,1,0,0,0,1,1
param_20159,real_001,0.7714267050190325,0.4917125193740191,0.07427832415305238,0.11001492896541196,1.207492795389049,218.24175962609502,1,1,1,1,1,1,1,1,0,1,0,1,1,1
param_20159,real_002,0.7984290183966093,0.5462245750808882,0.156241837232523,0.19101950660900158,0.7213000695755889,502.99793268594493,0,1,0,1,0,0,1,1,1,1,1,1,1,1
param_20159,real_003,0.8429091999281191,0.531053722601203,0.21405184064790483,0.25199254340487715,0.7640588895490856,171.7605675014302,1,1,1,1,1,1,1,1,0,1,0,1,1,1
param_20159,real_004,0.7713644723424441,0.46738317811089375,0.08633500797877733,0.11860841033719159,1.4619527418635756,45.244303494424955,0,1,1,1,0,1,1,1,0,0,0,1,1,1
param_20159,real_005,0.7672930652618314,0.5285560524711228,0.15270039902212265,0.1790777267445164,0.3771188993168922,327.3772369021271,1,1,0,1,1,0,0,1,1,0,0,1,1,1
param_20160,real_001,0.7718048478046778,0.599967316717566,0.12530214594801195,0.17880344030390144,0.9926978444915394,186.8555824542992,1,1,1,1,1,1,1,1,1,1,0,1,1,1
param_20160,real_002,0.7961459631018007,0.6262677169989235,0.20169984297082902,0.2515806608819414,0.7945365240989526,437.3973515615147,0,1,1,1,1,1,1,1,1,1,1,1,1,1
param_20160,real_003,0.8227778163085965,0.6340856421902635,0.23381574647099096,0.2768019096449529,0.7865965926305731,197.67932790187345,1,1,1,1,1,1,1,1,0,1,0,1,1,1
param_20160,real_004,0.7733627408391035,0.5506598278252759,0.13693949453518836,0.1747873326452191,1.2173960205789376,79.04196642352241,0,1,1,1,0,1,1,1,0,0,0,1,1,1
param_20160,real_005,0.7834120515061013,0.6242135517864842,0.188897585544712,0.241654470310368,0.35800765511684124,283.7762238087715,1,1,0,1,1,1,0,1,1,0,1,1,1,1
param_20161,real_001,0.8278569201930712,0.7164751540508171,0.20546592183122742,0.28336378014927555,0.3630482430298602,389.9340449314007,1,1,1,1,1,1,1,1,1,1,1,1,1,1
param_20161,real_002,0.8509116271569914,0.7399956298785477,0.2680253919623978,0.34034872986317266,0.43681622741999315,391.04896403889586,1,1,1,1,1,1,1,1,1,1,1,1,1,1
param_20161,real_003,0.8663734462315338,0.730608552288408,0.29228554829303666,0.36572055773968354,0.4014677884120613,171.03164437978342,1,1,1,1,1,1,1,1,1,1,1,1,1,1
param_20161,real_004,0.7867135517935511,0.6476458883037829,0.1792751969492815,0.24291329046004748,0.5579041381363501,163.06842427382125,1,1,1,1,1,1,1,1,1,1,1,1,1,1
param_20161,real_005,0.8258066175097971,0.7269139325313637,0.24590517103589535,0.33061522131982746,0.25398913676771856,240.64214648735575,1,1,1,1,1,1,1,1,1,1,1,1,1,1
