relative_path,size_bytes,sha256
.gitattributes,97,8d4763b2a3387fbdd84c07aa8a089657a3e0447385d7e4d47c4c754bb76b9c75
.github/workflows/cpu-checks.yml,1764,fa60bdc6f429908fc067255dcbf56905c53842af8e76aecb031f2a871666bb24
.gitignore,182,de1917656c148f5a944eaae12bda03acd9eb1468c6d0a0d9fe041a3e6022b53f
CITATION.cff,763,8163044e9a8c54c484c82c38a7c8f1b33176b8c753b6c0c3aac111a265b4a479
configs/cta_unet_ffl_alphaL.yaml,786,e6441f0ba5e35aedec89e3b4ed217b80541511f6bd9574d953404c0de6d9426d
configs/cta_unet_ffl_alphaT_ratio.yaml,812,69271a204eddcaa1c2ebcdd5b8fae31bbe6b2c2139203148958059f8d04213d6
configs/cta_unet_ffl_transport_conditioned.yaml,853,179622810378ee078dbf2459e40eab0528e4869bb66ab8638b4c7dcb37d98918
configs/train_stats.json,214,39ed5b14a6a9dfebe12dd7de7352138a1b95fba9078c44d92024b883a89261de
configs/train_stats_e2_B.json,438,e07eeaa894918d051a84eb11f222c27af80b1cb1a1b55cc4ed5a024bb2f4b549
configs/train_stats_grouped_k_v5.json,455,5568fd4136211dd712811a19df928ba4a5922e1c1351187c48e613eea9574536
docs/CONTRIBUTING.md,964,0b0953f4e672c6c62f0af5e674a028ae23c653e0047f08292cf35f659161c13b
docs/ENVIRONMENT_PROVENANCE.md,1224,64d5b0548caf8a34e208212ed3ca1962a3cf7386730bd241b0f0255ced23fb8a
docs/LICENSE_STATUS.md,1050,c433470eb4ce16f5b9e893a0bd4d755cbae95d455aad7c93164f37aebc3c8c49
docs/REPRODUCIBILITY_MAP.md,3984,6476683f3a61d03ed5fbd05c583ba4843a152461c895aa0eb67248474d4c9186
docs/SCIENTIFIC_PROTOCOL.md,4743,6b17f1d1ea9f082ff2e2af1dedd748779151cb5710343e888317a4dec9c250b3
docs/THIRD_PARTY_NOTICES.md,1316,87f90a328ba02ecf5a523c5bb0603d47dcf092fdab48a6b672021391c9990ef4
docs/TRAINING_REPLAY.md,1836,46d33c8a813fb45853e8ca10625ef114d2f0ba6ccfa83dacc826d6457d004951
figures/v7/fig_v7_counterfactual.json,5810,7444f23e2069a97339d308265a1e662c9c1c8c6f24d419986287f6464ac75dd0
figures/v7/fig_v7_twin_vs_independent.json,1350,9d8827e4559a5cbe653932982caadfb160a7082d287009468fc6a1a733f7c06d
metadata/confirmatory_controls_v5/constant_placebo_metadata.csv,5706,fb085b205297409d127647b64addb6b9b5c3bf125023df1ad1c2dfcca878a70f
metadata/confirmatory_controls_v5/CONTROL_METADATA_MANIFEST.json,1334,036bda814e8471e92faec9f7c6ed3c4a7990d84dc0dc0fe0e4c9538c2144c14a
metadata/confirmatory_controls_v5/counterfactual_sweep/COUNTERFACTUAL_SWEEP_MANIFEST.json,1661,76229e81135cf09c3a3a5468ded4c25aec9fd6cbd310cbe72d79927d8512f80f
metadata/confirmatory_controls_v5/counterfactual_sweep/fixed_alphaL_0p62_ratio_0p1.csv,3276,cc98bfb9d2c5daf689f951be5c0f455f4bef59a08c802d117202cafefd20d13e
metadata/confirmatory_controls_v5/counterfactual_sweep/fixed_alphaL_0p62_ratio_1p0.csv,3276,cc40e3802d9763ee7c69f866556765d2d1885aac497f13f30880ac7ecf0aa7fb
metadata/confirmatory_controls_v5/counterfactual_sweep/fixed_alphaL_62p0_ratio_0p1.csv,3276,f1753c01454f32a11014e2545114633ae5e7ddfaf73b6e9aa7d9cfe132606bbd
metadata/confirmatory_controls_v5/counterfactual_sweep/fixed_alphaL_62p0_ratio_1p0.csv,3276,a51505e09825716ba452bc79f83d7855d5dce73bbda6a51cce7224c001a8e9ec
metadata/confirmatory_controls_v5/counterfactual_sweep/fixed_alphaL_6p2_ratio_0p1.csv,3114,d66c78c420dc81217f879dc3630bcacbf2f4f1f5f739548fe0dc975ba90106b9
metadata/confirmatory_controls_v5/counterfactual_sweep/fixed_alphaL_6p2_ratio_1p0.csv,3114,97b2d12db50df875bd61b943b37ff102b8dc78a23463103270d06fbee2d03417
metadata/confirmatory_controls_v5/independent_nuisance_metadata.csv,8039,3bf1febbf97ebd9248dcc507cac338cf07e86abe0fa1baf32f356fc4537f8d1f
metadata/confirmatory_controls_v5/matched_transport_metadata.csv,3222,e4204debc3279e85585bc1c4fd2dba57daf850fbab3178d6bfc1e67924fc89b2
metadata/confirmatory_controls_v5/permuted_transport_metadata.csv,3222,aff4dec45dbbc2721dbd48c4905c2e0d1bc9d199cd770b3c3cd20efb1d51c0db
metadata/fresh_seed/blowup_rule_master_check.json,1858,4d821c7bb48c9cbcda30508a1198a123b6959b36227c77ab5403a5de855e9768
metadata/fresh_seed/design_meta.json,728,ece3c2b400278e428d175470cd3bcd6d1a0a5e9a687733d4567570ab8fc1dff1
metadata/fresh_seed/e2_B_exclusions.csv,63143,9941a5dd9314a590e0a4655f852a0cd6d045d2b9ef8a38bd00011069ebb5c354
metadata/fresh_seed/master_true_equivalent.csv,13616,69cc89f7adfb3d2c122935c60bc995b0eadf87209359508adb0838296c2942f5
metadata/fresh_seed/param_registry_fresh_seed.csv,14907,3bc7532f491f76b84732d99410bddd2b948863124ab0889e6eb14b9756a5f587
metadata/fresh_seed/param_registry_fresh_seed_with_T2_R2.csv,32069,60d08c7ebf5fc659cd5ea04903c9f6fefcda03d43cdea5a4542b241398a73eef
metadata/fresh_seed/pool_T2_inclusion.csv,22317,04c3b88c5cfff06b3d7a86030cf4762689c93dc00e50a9624a7440f9505117cf
metadata/fresh_seed/pool_T2_qa_summary.json,28231,cf333da2f72288a22d72cf0436af1b3d34d5268818c27af4a080b1d16d2d1307
metadata/fresh_seed/pool_T2_runs.csv,108107,7e746c2653fcb60cd254f724a1b96ed74f303d58d35bf12b71486af90f520188
metadata/fresh_seed/pool_T2new_qa_exclusions.csv,466,c2bf370734c03c7e8c6952ac18353a5257a1c3c54a887b71b1a7da1384eb11cd
metadata/fresh_seed/pool_T_fields.csv,20169,cd9c8b20296c9a4dc8a6e78f897bbd0279c334a7c25db82a5186b76a23f18470
metadata/fresh_seed/pool_T_qa_exclusions.csv,1351,a099811006f953d43b0f5eabf1b62fa91756a17b0b937a3abd7eb42330a99e1e
metadata/fresh_seed/pool_T_qa_summary.json,68204,7b68224bb7b4b8b0044f4c4d43ab4afd79a22dc4e406dea03cbe5383b2297169
metadata/fresh_seed/pool_T_runs.csv,107003,f81b3aeaa76f82f1668c53f8da23ef31100f94ed22f04621f5d905511b7d7c0d
metadata/fresh_seed/randf_seed_classes.json,3536,34ab4260ddb14b8609e6e28d78af839922f3b3bb6ffadef0910268219e52cc2c
metadata/fresh_seed/registry_vs_simulation_records.csv,11149,a0915e6083788c5ceb4cb2d06d5208e2958f2a5940ef05a4caed989f8e0914bd
metadata/fresh_seed/seed_manifest.csv,1423,3087a0570f6eec4d3a1e65b550e4342e36f4b3e825bcdad03de4985c1a20d3aa
metadata/k_integrity_exclusions_v5.csv,1918,0b92a985e4ff4c74483fc950be7c4b99afb2c13d94966489ec1389bbeca025c8
metadata/parameter_registry_162_v5.csv,9649,515fd7172ed135ae195b1c122554c05c88a7422e579960d8678fe4109a88b799
metadata/parameter_registry_162_v7.csv,12147,2df193a1b6267380818bc390659bef4bd02f1207b0ca0bedf54dc84015f2a33d
metadata/placebo_constant_alpha_metadata.csv,5868,27c8b2d3884e83c64b309d53fc178890e03a29e3cf95d30f7b85935f1d18a875
metadata/realization_disjoint_test_exclusions_v6.csv,49108,3470b3e72e22894eb032a975ddd7ace1e6ff744a1b931162cf5e1e5b64d96b29
metadata/realization_disjoint_train_exclusions_v6.csv,44632,e679965fc161871038cdb0bbb2dcb7a33a1c3aa6d5a4dfff53c3b39ecb62d100
metadata/solver_qa_exclusions_v7.csv,1347,ee65e5a7b69911c8c6cc194fab8f3bdae4a3907480a0a364f5284ab749451543
metadata/transport_parameters_162.csv,5076,d4dfb92847c281ed0db20fb5546666461cf41da44e96cac288a21acac6a621f2
provenance/PACKAGING_RECORD.json,4182,fa59a37aa532f16f1e674bb16123143a5501c9f1c33afa676e1f8d2bc1c8a35b
provenance/SOURCE_SNAPSHOT.csv,416878,350da2ed086dbcddd403278b8add5f33d251672856366400e45b38553c526bf1
README.md,7386,079608c40bea7e9893b05b3bcec4a82ca99c62cd6e8dd40c543d9060b14fb2ff
RELEASE_STATUS.json,914,bca204bac721debf771cff05f5b8f3b199870a9b33317461433feeae0b964bae
requirements-cpu.txt,180,aa6edeb137993ec55b43d7222d68f1708769a79aa367ac413e6be4d0c527e738
results/audit_v5/grouped_split_summary.json,2113,40bcec23281f4055d6e0210908f29dd2afeff016e75948cab869e503caed5cb4
results/audit_v5/k_hash_audit_per_file.csv,157789,8ccaadc6f236c97ca881ba41f4edbf7efb5bd570fefddbb87e8f8e6a3c9cab96
results/audit_v5/k_hash_groups.csv,17690,b110e920358484aeaa746042f168b7f9f540ff0b362b21f8e5b7f57451eb9163
results/audit_v5/k_integrity_exclusions_summary.json,861,774350a50b925e9b46b52d88e93c58e7e67debc758f7d1d13be91ad0a5bec81e
results/audit_v5/k_nearest_distinct_pairs.csv,19517,3fed286e9ea5e1b03227a569a412eab7fc76019c0c48de4c744bbf27d35f7035
results/audit_v5/k_split_leakage_summary.json,634,1b30eaf1fbf5f2960e70df4db3dae1db0f0a1ab24d644803d34fe348f13bd8b3
results/audit_v7/conductivity_twin_audit.json,763,9897f99ca232a335543075adf9f6149f7c6868747db6bc1b1c6a146ad545f58c
results/confirmatory_v5/confirmatory_v5_counterfactual_matrix.csv,5064,099c1860adebc26519742bf7bd4ebd106a38f30b704b0cbb897ac466662605a6
results/confirmatory_v5/confirmatory_v5_counterfactual_per_seed.csv,2826,f40eae1f0528da57df097f46d6fea260bc06214c016c38b4b17cee88e2a0a1f7
results/confirmatory_v5/confirmatory_v5_counterfactual_summary.csv,486,f897bb261d8a0cbad886b52389fb5d798bae8aaa0ce4d46bf04bc7ac82ad3f5f
results/confirmatory_v5/confirmatory_v5_hierarchical_bootstrap.csv,3363,eb799922da4176041aa1258e8153ee9321eaaa9722df351eb61eacb2240eff0b
results/confirmatory_v5/confirmatory_v5_optimization_stability.csv,667,8de52b99dfd94d575ff6c30a00933afbf82548c65f8ca2ea59eeb91543eb4d36
results/confirmatory_v5/confirmatory_v5_per_seed.csv,7775,c03c43ad246b534f1fa8b9ca2902bd9c168604692d322f82a32e43a6f0e2e5b9
results/confirmatory_v5/confirmatory_v5_summary.csv,1434,c85447be463d69cd622550e0d274c399b040dff3c837682b5890fba7cc94bdc1
results/confirmatory_v5/matched_vs_constant_placebo.json,1712,a699f5954d5d7eb6514ae51aa7763b5a9abec0c29ec40ec688db8580e0aaf0c9
results/confirmatory_v5/matched_vs_k_only.json,1701,649a16751cdcd6755e7305206dbd25e01a3e54a9bd207ff832bd4b94ae5ca425
results/confirmatory_v5/matched_vs_nuisance_placebo.json,1706,b3cbe0d80418c959028e325bfa6dfc74566a741cf5a661d424f994e1c34c393c
results/confirmatory_v5/matched_vs_permuted.json,1727,111a8c62d0dc7c36c0935e692375f64b4d59ab3857640001bdd67dbe175a2653
results/confirmatory_v5/ms_tmo_vs_cta_matched.json,1735,ca83f9afa9ba7aed14022999dd92797a4bb2c782e545f117723333f3d3c729e5
results/method_upgrade/mstmo_compositional_contrast_2026-08-11.json,1958,e467408fafe9032a701110115b1b884defd21c42c71a71dc12d0eef926911632
results/tables/alpha_channel_ablation_per_seed.csv,4248,008d02916180f633004fa5b9f0ad30473a9fd6d805e5050dcded0d4998703c07
results/tables/alpha_channel_ablation_summary.csv,658,97de36b227b006cdecc1d34e82f230fa319d14004900f56cc2420cd1f8cfe788
results/tables/cnn_unet_tc_shape_metrics_by_timestep.csv,44747,ff4321235640e3c93bfe93dacf0ef4e359054c31b4bd4bf00684c50c9d251ed4
results/tables/cnn_unet_tc_shape_metrics_per_seed.csv,2614,474e7ff9d03ca60218f9fbbd3dba1da9571518a4507396bc262c7a9ce08e0871
results/tables/cnn_unet_tc_shape_metrics_summary.csv,949,ab8f52b3319cfa0df6674e79254f09487a0c62efa4f0629fc86b2ae89cba4c25
results/tables/cta_ffl_transport_conditioned_10seed_per_seed.csv,6863,a0fe7dad7e622a171bd1ba37fbacd5ee52585d7bd335a11a2e3e1ef930167192
results/tables/cta_ffl_transport_conditioned_10seed_summary.csv,962,8f91afff64eef1ee2fe9d108c8cb7eb97af559aed9e31295145b43f9c70c4cfd
results/tables/figure2_dataset_provenance.csv,1129,8becd239b3f28a297c631731a65d4b4951d083f5325b2ce7aa43bb46c1728286
results/tables/figure8_qualitative_provenance.csv,1376,94602d3b249758e5c8eac7a4c5d1c36e33b9d7dcbd26e0d1d85fed349b377607
results/tables/inference_latency_summary.csv,397,37f4d56be1e6ec80b556eca4f2127addfbfd2ef49d16be0085bf9415d9bbd64b
results/tables/inference_latency_v7_rtx3090ti.csv,479,e3d4414a21c84bf8cd521ce17209aca90d69c14255cd6ef308fc3090cd534fba
results/tables/matched_minus_shuffled_paired_difference.csv,145,2589424ee80037bb3a5241f4c4e5d202cf3e9b397f0ee8adf91e44a44019b695
results/tables/method_upgrade_bootstrap_contrasts.csv,9333,33b1bd9e733696926dba484243e8d6aff025d89357df66dfca11307158b13d2b
results/tables/method_upgrade_mstmo_crossarch_per_seed.csv,1812,681f547c143cec67324046d9796f39d6ce9ded940caef918b9dd2ec883c9f2b8
results/tables/method_upgrade_mstmo_crossarch_summary.csv,1142,acbbe39d59cb29434e0cadf542c51c38f601af9f9cbd3cd2204f588d503d22bf
results/tables/method_upgrade_per_seed.csv,28170,c080eeca30e485cb0e1c8cd57b792eac4dc6e85807ee4e3e70e4c84853dfa82e
results/tables/method_upgrade_summary.csv,8360,f8ef92e4e5e529b1711b28576253533e28bc914562b8007399c62e8ad4316965
results/tables/negative_control_summary.csv,545,af91cc0f128fe06b8abc73cb720dabf8b45a187fe92b6838905b40e3b2d0bef0
results/tables/paired_transport_conditioning_statistics.csv,3589,023eda2fd2e510816db427fba8a26b91470bd8e1e7a6f3e6b4dc6a89d21b4c9e
results/tables/parameter_counts.csv,585,f8a43ad6be3138f5d3f72f2005c4a2b5baae54a3bebab3f74f59b2e22491462a
results/tables/parameter_counts_v7.csv,373,4dd4359b42f6bb856dd31dcea2801c3e64852623fe1abda0a6a21b259d150e68
results/tables/placebo_constant_control_per_seed.csv,126,a174e11c412fb18ea55028091943c1cb0fef4826370447a1974a787f5aa2689b
results/tables/placebo_noise_control_per_seed.csv,126,d7bd6e0b1372fd28563831f6a6fa15e5edf44c0da544fe2aede2742a7d5ff224
results/tables/roi_ssim_gt_pred_union_per_seed.csv,4608,88a72d1009be4230524e79aab81c3d1491a54eeb21c7a64f564b366d05e0643e
results/tables/roi_ssim_gt_pred_union_summary.csv,1239,fd5888cc98cd09346a122190b0a61f4342207307322a737ad73665cde59904e6
results/tables/scalar_benchmark_per_seed.csv,19146,33ae68976f49ea79940e6a35276609d030534d7f290a6574e045327312f3c157
results/tables/scalar_benchmark_summary.csv,3018,920c93514f79041bd22853498d6dab1b28e431ef5ed44e8596c6d6e7943ea7cd
results/tables/shape_metrics_by_timestep.csv,308718,d46e35570ce0744fbe68f0f57d35f0e29150c9535b9bc5ae9b8e20bc2d95a672
results/tables/shape_metrics_per_seed.csv,7233,53d9349c6c5935b7186af449a95ba6d26ded759781e74ca9981f41c76e209de2
results/tables/shape_metrics_six_family_per_seed.csv,16426,a4cd937f084d14cc1dcc88c847d68cec145581abc94a4e9ad9978207bdc15f16
results/tables/shape_metrics_six_family_summary.csv,3528,fcb7fd7265c5cadbed9146c3da6586d216902d0193186734ffba9a8bd127fa8b
results/tables/shape_metrics_summary.csv,1849,50f10d1949841603375fc0d04b5d15bea5c230e053e9fb253b2211cd91f78aa6
results/tables/signed_metric_advantage_data.csv,1250,2070c33029103b1eaca0324aced09afcbde2a1d43ececc7853ed5b590949be72
results/tables/ssim_clipping_audit_per_seed.csv,6260,f277ec285d53e27971808e1b1bfd8a944152ce34ea9977ed9b091e00470aa008
results/tables/ssim_clipping_audit_summary.csv,1554,6cdc1147aa017eeed92073dd1003aa75839f78c4285280edbe2a6860b814db8b
results/tables/threshold_sensitivity_per_seed.csv,17193,7932336a55213f5c01b16a0f59c3da44edc7ad536b7755c03fac4e23dbde077b
results/tables/threshold_sensitivity_summary.csv,2648,07251be81fad58a0b734b8d26a166a80b5cdbefc304e6f19d267b9b18458faf9
results/v7/analysis/checkpoint_sensitivity_2026-10-08/checkpoint_contrasts.csv,1088,d396d104ede59a3a9ecb47eff235583a838f83d351f0e90880a4e6890975f971
results/v7/analysis/v7_e2_poolT_results.json,13060,93eb5d03d09b7ff74ea445e990957af1ba4bc6b526be168921d48c046011694b
results/v7/analysis/v7_e2_T2_replication.json,5637,6750e2703ee220a60780896cd4ff43ad0a6d800b714a2fc7b0bfa4a87a29a059
results/v7/analysis/v7_e2_training_stability.json,371,9cf707d1401b5cc4fd088fcc18e4917adbf4c17c2677289515a03e594e448cf7
results/v7/analysis/v7_exploratory_anomaly.json,796,a4d04a86b41274ada3faa5d11d8ebdc4725390f61f81a14b7ca4716418e61671
results/v7/analysis/v7_exploratory_setting_mean_vs_rd_master.json,5484,ffd67b00999b8b0f0a1f169c6832a193462fd326b50c36b2373ba0a31abf0ddd
results/v7/analysis/v7_grouped_results.json,36957,5d95516faa6d5b12dad233cd68c9c48aecbeb589f5f7d1387bcb7286e20cd875
results/v7/analysis/v7_pilot_exclusion_sensitivity.json,767,ee0bb1f0168bd586536c8b44f512dead96bed15efaacdb15c2b0b4f8100c1206
results/v7/analysis/v7_pool_independence.json,278,b9b6377e9921de59ac72fe59a2f34e5ad9a4ff442f119cf9a3acd12db43d3950
results/v7/analysis/v7_poolT_best_complete_2026-10-08.json,39002,1a28b93dbf5c4ee5845c84187f8c1bc229caa35d585793cda9611840de9eda86
results/v7/analysis/v7_poolT_best_results.json,24290,ccc710fe9759ae6d298cb5b082694ca52853f7da01e82bd8b3eac49b2536e758
results/v7/analysis/v7_poolT_best_terminal_2026-10-08.json,38084,daa6ff27d90b0257bea939914bfe11b9dfddcc17622a34bb202a68dbc4ef1b2d
results/v7/analysis/v7_poolT_engineering_O5b.json,1309,e72b9f34d4b7c17de27ced4d7541d706044c435067e6d3319912678135d3fa17
results/v7/analysis/v7_poolT_last_terminal_2026-10-08.json,38111,e2a02a3e249f80281145ce9453fea6a6e3342b5159a99a60351a2c2efd8551f7
results/v7/analysis/v7_sim_timing.json,258,a5fc6719665f8ed35ef18139fe6b9018a2866e6e5e06173ede1c141bdb52a762
results/v7/analysis/v7_T2_replication_results.json,8915,4e847f1c4068261fd517a24645da8fae8d18962148beef44080cc632e5ec0e11
results/v7/E1_TERMINAL_ARTIFACTS_2026-10-08.json,235632,eb1ec6cafa04eecde0e84f3604efcde30269a55fafc9eb9f796966597a669e1c
results/v7/E1_TERMINAL_CERTIFICATION_2026-10-08.json,828,afd852753ea4369d246893ba54479fde36238781e1fa35f526bef858e5d0b4f0
results/v7/per_case/e2/compositional/fno_v0_raw_channels/seed0/e1_fresh_seed_pool_T/best/per_case_metrics.csv,97902,bec4cfc5499d5d37474f72c0e6e64ae36131b904c9b9270fe1fbcbd09762e3f9
results/v7/per_case/e2/compositional/fno_v0_raw_channels/seed0/e1_fresh_seed_pool_T/last/per_case_metrics.csv,97842,93d9c709289187647276e5685170a67419ea53ad6b4fa9c3d24af1a15749f476
results/v7/per_case/e2/compositional/fno_v0_raw_channels/seed0/e1_fresh_seed_pool_T2new/best/per_case_metrics.csv,39950,9d0c7a417b2f4959fb861f464ed7dc58c251c3e94ee0249d0a7ac335d2488900
results/v7/per_case/e2/compositional/fno_v0_raw_channels/seed0/e1_fresh_seed_pool_T2new/last/per_case_metrics.csv,40041,946d43a0b8589e6f296eb9effad26b9e5448bfef5a2341f5e77a04e7a917e762
results/v7/per_case/e2/compositional/fno_v0_raw_channels/seed0/train_log.csv,38906,3d41d82338f2c4118cba2adf35983469c0f759ce0734114ae776167b2533dd0e
results/v7/per_case/e2/compositional/fno_v0_raw_channels/seed1/e1_fresh_seed_pool_T/best/per_case_metrics.csv,97954,1d06812e1f74e06ddc25cc800dba3797d413c049bdc47a3fc116191812ff4881
results/v7/per_case/e2/compositional/fno_v0_raw_channels/seed1/e1_fresh_seed_pool_T/last/per_case_metrics.csv,97889,d9321496e7c0921a6faf27eef2a1af5c986f8ec24ccb318156f7786bb0824642
results/v7/per_case/e2/compositional/fno_v0_raw_channels/seed1/e1_fresh_seed_pool_T2new/best/per_case_metrics.csv,40064,f4298d8111b32a9d4c1be3f3364c9cfcc1f824350c8eea35d22b675e9d61930e
results/v7/per_case/e2/compositional/fno_v0_raw_channels/seed1/e1_fresh_seed_pool_T2new/last/per_case_metrics.csv,39998,52d79cc60f1d6cd2b615cf7dc85d9f43b1be561d170e6f6ba0a35d20f2798280
results/v7/per_case/e2/compositional/fno_v0_raw_channels/seed1/train_log.csv,38824,96c16d29031591611f24c2173d732689157edd893f181270d84976fca0b17fd8
results/v7/per_case/e2/compositional/fno_v0_raw_channels/seed2/e1_fresh_seed_pool_T/best/per_case_metrics.csv,97963,7955450adda8747a6d32a73877ac1051b741fe3b873c0ddef617c6804262e30a
results/v7/per_case/e2/compositional/fno_v0_raw_channels/seed2/e1_fresh_seed_pool_T/last/per_case_metrics.csv,97915,4920478fc530e9e412be0b607612088b69f01af0ce960927b48098c976ceb26d
results/v7/per_case/e2/compositional/fno_v0_raw_channels/seed2/e1_fresh_seed_pool_T2new/best/per_case_metrics.csv,39990,c2482ccf1e548d0437bb1e7000535ca0fae6d62265a9109147bee7341f89c6a1
results/v7/per_case/e2/compositional/fno_v0_raw_channels/seed2/e1_fresh_seed_pool_T2new/last/per_case_metrics.csv,40061,10d3657b01e06a64f112d479802e07cd1df68f16d465115447c61512664d2d62
results/v7/per_case/e2/compositional/fno_v0_raw_channels/seed2/train_log.csv,38964,23c8a28c4cd210d32839bcfa85e31b7a2dfe2d4cfbc3d5473456cedab6326948
results/v7/per_case/e2/compositional/fno_v0_raw_channels/seed3/e1_fresh_seed_pool_T/best/per_case_metrics.csv,97953,4abeaefe21405f78d92d1fb00f9617068e9db9b127cd634a2c5fcd27be439575
results/v7/per_case/e2/compositional/fno_v0_raw_channels/seed3/e1_fresh_seed_pool_T/last/per_case_metrics.csv,97864,c7afff787a82c35075ae001c5f280632bd4bbc5a52e6c3953e94c739f64fa7ef
results/v7/per_case/e2/compositional/fno_v0_raw_channels/seed3/e1_fresh_seed_pool_T2new/best/per_case_metrics.csv,40041,d8dcc84ef2551937d24d4231adc8f63589f41f000682d817d355fe0650506333
results/v7/per_case/e2/compositional/fno_v0_raw_channels/seed3/e1_fresh_seed_pool_T2new/last/per_case_metrics.csv,40020,2548d6369a55153e1cd03b24e033409873c25dfea450eae1a01f087b4a43030f
results/v7/per_case/e2/compositional/fno_v0_raw_channels/seed3/train_log.csv,38925,bd788540970356aba28d85118d701f51f6dc65a3fdfaa84fd8a79a3efe27abdc
results/v7/per_case/e2/compositional/fno_v0_raw_channels/seed4/e1_fresh_seed_pool_T/best/per_case_metrics.csv,97904,6ab320ed30f0e58f142363e605f7db114e3c532fc2ed4fa11efe787481e18d27
results/v7/per_case/e2/compositional/fno_v0_raw_channels/seed4/e1_fresh_seed_pool_T/last/per_case_metrics.csv,97883,6ae96976e393f1f003ecfe91bd4133baa34afc46a4997f28de748e7565f7076e
results/v7/per_case/e2/compositional/fno_v0_raw_channels/seed4/e1_fresh_seed_pool_T2new/best/per_case_metrics.csv,40032,c03a557a6f1b6d2af84c4fb46994be675479a1595af2e079e19318587438feb6
results/v7/per_case/e2/compositional/fno_v0_raw_channels/seed4/e1_fresh_seed_pool_T2new/last/per_case_metrics.csv,39991,55949aaeda35ee309940650267c2a7413c42d479eabb1c946870f7a6435f6e22
results/v7/per_case/e2/compositional/fno_v0_raw_channels/seed4/train_log.csv,38808,c277f354ed827590c772df61a3689392854c5ddf4070fa1e1f2f09c52d3a9ab8
results/v7/per_case/e2/compositional/k_only/seed0/e1_fresh_seed_pool_T/best/per_case_metrics.csv,97905,34c2a17ee9ae836a18f50ba9f59d5f45353d7ca081c7f33d601ff76fcfb310e9
results/v7/per_case/e2/compositional/k_only/seed0/e1_fresh_seed_pool_T/last/per_case_metrics.csv,97791,8072fb80a75dc931cf82d72922f2a441638abd961a251741bed8ccad80afca09
results/v7/per_case/e2/compositional/k_only/seed0/e1_fresh_seed_pool_T2new/best/per_case_metrics.csv,40023,220b80bea2d04a41f3e5dc2a3c373914e1d069ba5530fde87db099696a02fbe0
results/v7/per_case/e2/compositional/k_only/seed0/e1_fresh_seed_pool_T2new/last/per_case_metrics.csv,40003,735e88d038741e8f3a27d91c57eb00159db8c36a45a93cbeba19d246b0034120
results/v7/per_case/e2/compositional/k_only/seed0/train_log.csv,45767,70dc44a07faa123ec1654ba665ea4ee7bbd47792e71422b0b7a5670d5c123f18
results/v7/per_case/e2/compositional/k_only/seed1/e1_fresh_seed_pool_T/best/per_case_metrics.csv,97828,0feac5bb0fa6d8115744616d119cea6a90da5fca044c30e6cc56ed88341965bd
results/v7/per_case/e2/compositional/k_only/seed1/e1_fresh_seed_pool_T/last/per_case_metrics.csv,97870,f2ed001fe5d64a33a17c4355f03f46faee6e7dc4b905fd08315156e78a8f711c
results/v7/per_case/e2/compositional/k_only/seed1/e1_fresh_seed_pool_T2new/best/per_case_metrics.csv,39989,dd458c1f23442caf8e2da2086139c9d60931b785eaa2031cc1476575f80a7def
results/v7/per_case/e2/compositional/k_only/seed1/e1_fresh_seed_pool_T2new/last/per_case_metrics.csv,39965,c284128f915b2bd7b905b62790c754cd1181c4b7c17080c2c86dd35f0b8bf1e1
results/v7/per_case/e2/compositional/k_only/seed1/train_log.csv,45932,a04138e71a8c8769b0277584e2170b16e873bd8e63f0c0d9a46603a395c450dc
results/v7/per_case/e2/compositional/k_only/seed2/e1_fresh_seed_pool_T/best/per_case_metrics.csv,97835,0ec975710a4052f8da3dbdec8bb453e1c1c2433c629a9f78479a86860b80342b
results/v7/per_case/e2/compositional/k_only/seed2/e1_fresh_seed_pool_T/last/per_case_metrics.csv,97843,fcf813ce6dc1568d72607472cc5485bd755a05ed1d1e4028066c810c906d7ee5
results/v7/per_case/e2/compositional/k_only/seed2/e1_fresh_seed_pool_T2new/best/per_case_metrics.csv,40019,d7561c90f96ac41e642489fdf58194e3516e1741e331843fbb10c5d0b5ac05ff
results/v7/per_case/e2/compositional/k_only/seed2/e1_fresh_seed_pool_T2new/last/per_case_metrics.csv,39988,064868f880ae37551c667980975d70df26a7b7618d4498567cb369eef0632599
results/v7/per_case/e2/compositional/k_only/seed2/train_log.csv,42749,2b61aeb878c5a729f2c2b8388c071eb3128442632d7c65510960070a835e5543
results/v7/per_case/e2/compositional/k_only/seed3/e1_fresh_seed_pool_T/best/per_case_metrics.csv,97926,185c81c27d27ba5d12b361cc9433c6feed08549413f626380490df629c2e3f67
results/v7/per_case/e2/compositional/k_only/seed3/e1_fresh_seed_pool_T/last/per_case_metrics.csv,97839,857ff0a22956ce7b0c8bda62e9884e797d5fc6e66062c0e6b88e5b6648ec2a74
results/v7/per_case/e2/compositional/k_only/seed3/e1_fresh_seed_pool_T2new/best/per_case_metrics.csv,40033,fd822301471288bfe2f105de9f8dc21422a9daae701a9755b209530222b4ea58
results/v7/per_case/e2/compositional/k_only/seed3/e1_fresh_seed_pool_T2new/last/per_case_metrics.csv,39996,e084fae35a42bae04ae5eea344187bd48bc89f1956696299d9a85e33c793b87f
results/v7/per_case/e2/compositional/k_only/seed3/train_log.csv,45928,e38886dae66b8ea6920b989ca2004bc78bf321c1ae645e6fea11ef858ad29d19
results/v7/per_case/e2/compositional/k_only/seed4/e1_fresh_seed_pool_T/best/per_case_metrics.csv,97826,daca18893992cee9ce16b265886a06eeee627055456586412aa00da15a2f4e6c
results/v7/per_case/e2/compositional/k_only/seed4/e1_fresh_seed_pool_T/last/per_case_metrics.csv,97886,c5eeee8c67625d82b515fc45f34d38e971990b1ea9d730e353740958c510c0bd
results/v7/per_case/e2/compositional/k_only/seed4/e1_fresh_seed_pool_T2new/best/per_case_metrics.csv,40015,1c276162d7accd21555c09e6308f8d6c060093ee2ddc2c8edd4eb54677d7cf28
results/v7/per_case/e2/compositional/k_only/seed4/e1_fresh_seed_pool_T2new/last/per_case_metrics.csv,40060,89163f579883727ef251700e781a8eca7beb6a344c0bf5d92f9b400001bf86ed
results/v7/per_case/e2/compositional/k_only/seed4/train_log.csv,45949,24a8a9f3ecf53968e8818bd6c0cb4f9d8bcea89fb4d649c1dddacc0ee8dff9cb
results/v7/per_case/e2/compositional/v0_raw_channels/seed0/e1_fresh_seed_pool_T/best/per_case_metrics.csv,97931,2e315113f01a14b73159236704d43b4123e3e71cd6378ba4fa3923ddc75d0227
results/v7/per_case/e2/compositional/v0_raw_channels/seed0/e1_fresh_seed_pool_T/last/per_case_metrics.csv,97893,211f2e20f5d2bcdb6c82195c0578b40061ce1f858f5b44fdb49d1b5404a63d25
results/v7/per_case/e2/compositional/v0_raw_channels/seed0/e1_fresh_seed_pool_T2new/best/per_case_metrics.csv,40014,7802d6153ac3d05be366a7e2fbfc11a1ec107504886960c75181f6f9b089e22e
results/v7/per_case/e2/compositional/v0_raw_channels/seed0/e1_fresh_seed_pool_T2new/last/per_case_metrics.csv,40010,a184b5568c063d56c95a66b3c9bfafadefa12df836df60444badf456ac6da465
results/v7/per_case/e2/compositional/v0_raw_channels/seed0/train_log.csv,46147,e38d51a1a889a8fcfae69da06150cf31c9f0b67d4e82c604cc4c894e5b7c82c8
results/v7/per_case/e2/compositional/v0_raw_channels/seed1/e1_fresh_seed_pool_T/best/per_case_metrics.csv,97911,a06bce196084e74f4376c060b9f40c63d9f524057a039a3702972f7124f627aa
results/v7/per_case/e2/compositional/v0_raw_channels/seed1/e1_fresh_seed_pool_T/last/per_case_metrics.csv,97917,313768c59e288e5dd268aee63de89b32629076758e114f9390de7b24bd1918bd
results/v7/per_case/e2/compositional/v0_raw_channels/seed1/e1_fresh_seed_pool_T2new/best/per_case_metrics.csv,40041,773c12a27d073a7771388fdbbde4061e7926be33e70695b6016859fc35076d50
results/v7/per_case/e2/compositional/v0_raw_channels/seed1/e1_fresh_seed_pool_T2new/last/per_case_metrics.csv,40040,f62a7ef5d131d6463511b0e9320681d604892fc8d773348350c73e4f6c26cf85
results/v7/per_case/e2/compositional/v0_raw_channels/seed1/train_log.csv,45446,3323d9939a33d7d7bc09135f674b142b61a515173fb9516dd86f5a2e39e9fa7b
results/v7/per_case/e2/compositional/v0_raw_channels/seed2/e1_fresh_seed_pool_T/best/per_case_metrics.csv,97889,5cefcfbeca38b3940b86a81e431a245f7da55c4d78b2e5ef05c6899b247d679d
results/v7/per_case/e2/compositional/v0_raw_channels/seed2/e1_fresh_seed_pool_T/last/per_case_metrics.csv,97847,e85939cedb5ee64437ad118be993f341cd773ba16c7736813ef914123697fab3
results/v7/per_case/e2/compositional/v0_raw_channels/seed2/e1_fresh_seed_pool_T2new/best/per_case_metrics.csv,40031,cf7cb5062629016083ad2dac83d9f65dd04162868b1f0f2afb0e3098e5fd14e7
results/v7/per_case/e2/compositional/v0_raw_channels/seed2/e1_fresh_seed_pool_T2new/last/per_case_metrics.csv,40007,ab4ac12cdaa865a8fa6a179d162f5235d9f5012b739c01a7fa77594e2b308c00
results/v7/per_case/e2/compositional/v0_raw_channels/seed2/train_log.csv,45719,e548bb9bd130fa7b2508814e5226d63f005f694d9c967af8d3cb8de767ec2892
results/v7/per_case/e2/compositional/v0_raw_channels/seed3/e1_fresh_seed_pool_T/best/per_case_metrics.csv,97905,67df07e42d58afd74489cb737d9e6456831f4f860b2dc1deddf8fcc79f9f375d
results/v7/per_case/e2/compositional/v0_raw_channels/seed3/e1_fresh_seed_pool_T/last/per_case_metrics.csv,97824,f3fcbff47f829ec0d6e95fa0872b259cb182f82674b63b206c199ebe32f226eb
results/v7/per_case/e2/compositional/v0_raw_channels/seed3/e1_fresh_seed_pool_T2new/best/per_case_metrics.csv,40051,eae484b4b3a7ee4268f18b752f4f9e0656c1692aefcfecf7898fc77874adb87d
results/v7/per_case/e2/compositional/v0_raw_channels/seed3/e1_fresh_seed_pool_T2new/last/per_case_metrics.csv,39974,95b5d3ac7a616386de56544c793e0ded3f71db859e9767493a6618db70956136
results/v7/per_case/e2/compositional/v0_raw_channels/seed3/train_log.csv,45898,51d3b3b6602c7479595584b4eb00fb9aaf837f27751e3013b5d8b592f15c4cf1
results/v7/per_case/e2/compositional/v0_raw_channels/seed4/e1_fresh_seed_pool_T/best/per_case_metrics.csv,97877,be38af9c9b6eb90c392749267e79c36c493313d69f06b4b887ba199f218ef2c7
results/v7/per_case/e2/compositional/v0_raw_channels/seed4/e1_fresh_seed_pool_T/last/per_case_metrics.csv,97852,12d0873737656879589f8afc1a4bbabb8e4daa2b072fc1fa8e1f03f1bf162430
results/v7/per_case/e2/compositional/v0_raw_channels/seed4/e1_fresh_seed_pool_T2new/best/per_case_metrics.csv,40016,0da1c01f69d4ca50515b0ee306570149b8c1b22fc28bc14980dc6bc1afadc639
results/v7/per_case/e2/compositional/v0_raw_channels/seed4/e1_fresh_seed_pool_T2new/last/per_case_metrics.csv,40004,824f10cb31311bea0d846bf5f4b89da47e071fca36c12505ebedf27418a00a61
results/v7/per_case/e2/compositional/v0_raw_channels/seed4/train_log.csv,45771,969f0fb87ca4e3c179b6865bf0d6b24985c56b50b58fa613a88231b9c91786ba
results/v7/per_case/e2/compositional/v1_factorized_levels/seed0/e1_fresh_seed_pool_T/best/per_case_metrics.csv,97910,253ddf9768e0e3f55dbbd460f65f0660d2d6b6f11dda0d2bf6dc7a25b694e85a
results/v7/per_case/e2/compositional/v1_factorized_levels/seed0/e1_fresh_seed_pool_T/last/per_case_metrics.csv,97832,2a7fbc73e9d06cc7e04dabdc1e5ba9f8b2748080e2361ba1e013e2b3e810223f
results/v7/per_case/e2/compositional/v1_factorized_levels/seed0/e1_fresh_seed_pool_T2new/best/per_case_metrics.csv,40022,6688d630b44ccb0985317cecce7f2f5151c1912d80645529d89c5ae6341b6de3
results/v7/per_case/e2/compositional/v1_factorized_levels/seed0/e1_fresh_seed_pool_T2new/last/per_case_metrics.csv,40014,52862ddfce3621f09b52f86de51cdaad84e64ffd892e6e14699bf6ff58dfc395
results/v7/per_case/e2/compositional/v1_factorized_levels/seed0/train_log.csv,45935,3c9c1f81e3e7176b95898146f229ac05c03b68a5bc2492583ee88d01f725ebb2
results/v7/per_case/e2/compositional/v1_factorized_levels/seed1/e1_fresh_seed_pool_T/best/per_case_metrics.csv,97866,f758185daba86c7831ea1b96a998c5504518541336a629a25d05196e9bf187c6
results/v7/per_case/e2/compositional/v1_factorized_levels/seed1/e1_fresh_seed_pool_T/last/per_case_metrics.csv,97808,cb70288a86925528fe619e9dc87c534175e32b7515076f42c3928c6732da4a49
results/v7/per_case/e2/compositional/v1_factorized_levels/seed1/e1_fresh_seed_pool_T2new/best/per_case_metrics.csv,39999,a17fd01ec3ea5caa5edcdb649437c865fd94abbac7d1b55e8219272bd2a6d4da
results/v7/per_case/e2/compositional/v1_factorized_levels/seed1/e1_fresh_seed_pool_T2new/last/per_case_metrics.csv,39985,6a474890c85da593350901e7bd0ae16a3245541cee3f34ee44c6504389a88fab
results/v7/per_case/e2/compositional/v1_factorized_levels/seed1/train_log.csv,45974,445dffd7b7dea12a0bc44688c3893e4a0d9504be32b701bf2d1c7c6b439c9da6
results/v7/per_case/e2/compositional/v1_factorized_levels/seed2/e1_fresh_seed_pool_T/best/per_case_metrics.csv,97882,544d514f5913cc8f30856f9451f0c29ac0fd014791ad2ed6a641ea31e357e221
results/v7/per_case/e2/compositional/v1_factorized_levels/seed2/e1_fresh_seed_pool_T/last/per_case_metrics.csv,97819,9c4ec658708f6eeae6f01342621bd24aa3a19ef9b81156b8828758d6c8e4b2ef
results/v7/per_case/e2/compositional/v1_factorized_levels/seed2/e1_fresh_seed_pool_T2new/best/per_case_metrics.csv,39982,bd44404cd51fa89edd045be305dcd9c90bf50e81c0bfd55fd7a476a4d869bd69
results/v7/per_case/e2/compositional/v1_factorized_levels/seed2/e1_fresh_seed_pool_T2new/last/per_case_metrics.csv,39990,9c756cbfb8248c91cb2b55d567f9b19f790caa4a73a71d7c537e2761b9e206d7
results/v7/per_case/e2/compositional/v1_factorized_levels/seed2/train_log.csv,45509,af7edd1aaebdd4d4f636e3d2904151a69248de3e7c5f89b3fc5154d2f1463170
results/v7/per_case/e2/compositional/v1_factorized_levels/seed3/e1_fresh_seed_pool_T/best/per_case_metrics.csv,97873,6b582901b301fe6d4816430a9b93fda8e31513e12c3714e8bea233f0405ef36c
results/v7/per_case/e2/compositional/v1_factorized_levels/seed3/e1_fresh_seed_pool_T/last/per_case_metrics.csv,97871,39974188ebfd01295058c39892ec849072a429baafc0ba7681bc1d499681bd91
results/v7/per_case/e2/compositional/v1_factorized_levels/seed3/e1_fresh_seed_pool_T2new/best/per_case_metrics.csv,40039,f668e849e6dc22b363804b0d15a226c1cea733b53624b74b59ab83f1a1958f8f
results/v7/per_case/e2/compositional/v1_factorized_levels/seed3/e1_fresh_seed_pool_T2new/last/per_case_metrics.csv,40020,2aa07321be4283107f47a5677f3e014c7c0adca0a2fd9ca5a5f2db462f9cbbac
results/v7/per_case/e2/compositional/v1_factorized_levels/seed3/train_log.csv,46170,0e6b4a72a66e7616b4bd563a2817756a1de0af908758c59c80c229bf345025d0
results/v7/per_case/e2/compositional/v1_factorized_levels/seed4/e1_fresh_seed_pool_T/best/per_case_metrics.csv,97892,9cee2fc1ec8b328933d21498e3067e473449ecb7769d207f678068fb7a4ab385
results/v7/per_case/e2/compositional/v1_factorized_levels/seed4/e1_fresh_seed_pool_T/last/per_case_metrics.csv,97840,c48d1ff9b3435dcac2c84cf3447da0b48cdd38e1b40378a73f30f70a1b1be6ef
results/v7/per_case/e2/compositional/v1_factorized_levels/seed4/e1_fresh_seed_pool_T2new/best/per_case_metrics.csv,40012,e4bc78ff73eab71f830351b4ee1702a39131b3588f23986517b29e07e586f185
results/v7/per_case/e2/compositional/v1_factorized_levels/seed4/e1_fresh_seed_pool_T2new/last/per_case_metrics.csv,39966,e27bf0fcc5fc3deee738c87be55da4306a5c5fa8ddf2d35f2b859e64506373de
results/v7/per_case/e2/compositional/v1_factorized_levels/seed4/train_log.csv,46281,8e89abde0cb0bf00d4137d0321646065cae56713bd24c8a2d1c90cbfacf77516
results/v7/per_case/e2/compositional/v4_joint_continuous/seed0/e1_fresh_seed_pool_T/best/per_case_metrics.csv,97825,30e31173eae38a91908da6ee1bd8712ea0816d5d2f3b1a68c4254bf591a783a6
results/v7/per_case/e2/compositional/v4_joint_continuous/seed0/e1_fresh_seed_pool_T/last/per_case_metrics.csv,97807,565a9865107e277b9052ba833d9df6d30c3bfd2546c5fb2cfde104984e2fde4a
results/v7/per_case/e2/compositional/v4_joint_continuous/seed0/e1_fresh_seed_pool_T2new/best/per_case_metrics.csv,40029,d630291a1dc7647ccb822dbdb9b837e2bb7fe28d58cf9b8218bdd2d61a4a6d9c
results/v7/per_case/e2/compositional/v4_joint_continuous/seed0/e1_fresh_seed_pool_T2new/last/per_case_metrics.csv,39993,e400677f2ac07ae53cf29a334a78e751472705e729926b6e91b600af1a2078b3
results/v7/per_case/e2/compositional/v4_joint_continuous/seed0/train_log.csv,45832,1af265e367bd8bf31a3d782bcbbd367e379c5d28d02ffe0cfeb15e19cb46e9bc
results/v7/per_case/e2/compositional/v4_joint_continuous/seed1/e1_fresh_seed_pool_T/best/per_case_metrics.csv,97863,652a43726d8d4defdc1352c64c6718eb01ed3a553611711d28ddb2c86037d838
results/v7/per_case/e2/compositional/v4_joint_continuous/seed1/e1_fresh_seed_pool_T/last/per_case_metrics.csv,97870,bb9fbba49eed0f8efca5b530f49af34554b8254947708f68d95cf3ec540748ef
results/v7/per_case/e2/compositional/v4_joint_continuous/seed1/e1_fresh_seed_pool_T2new/best/per_case_metrics.csv,40052,e9de04b9de1107758a66d7ce32c7332111fa74d595d7bb4ab443e87f991a3b48
results/v7/per_case/e2/compositional/v4_joint_continuous/seed1/e1_fresh_seed_pool_T2new/last/per_case_metrics.csv,40009,fa70627ca0986e2bc465984d02bc1476816ae996c2b7892bc0e1cbd5fd96e579
results/v7/per_case/e2/compositional/v4_joint_continuous/seed1/train_log.csv,46107,4f1e016fb51048150405b2dee206a83b0b985bf8b5928902d3192c5bdba57d47
results/v7/per_case/e2/compositional/v4_joint_continuous/seed2/e1_fresh_seed_pool_T/best/per_case_metrics.csv,97837,84766da0dcf3cd568497cdfe1f011998bd7bd221a4c37494ea025f542e4b293c
results/v7/per_case/e2/compositional/v4_joint_continuous/seed2/e1_fresh_seed_pool_T/last/per_case_metrics.csv,97848,65f49190327c5455f1877156c974ba4a8c6b5ec2927f71505145815b9d98e38c
results/v7/per_case/e2/compositional/v4_joint_continuous/seed2/e1_fresh_seed_pool_T2new/best/per_case_metrics.csv,39993,7db883f9a5ba1d4f6b0016a559ca2979b37c590149f0228aa020b15697ed919e
results/v7/per_case/e2/compositional/v4_joint_continuous/seed2/e1_fresh_seed_pool_T2new/last/per_case_metrics.csv,39999,497630286c77c7672e57ebc0e13dc33a4b0223a8fc4da9cff07b7e819d1a9ce2
results/v7/per_case/e2/compositional/v4_joint_continuous/seed2/train_log.csv,45472,4daa2cedbc11abb69f078f4f73550da88a2cad1fe81d4775fac854d7524c2567
results/v7/per_case/e2/compositional/v4_joint_continuous/seed3/e1_fresh_seed_pool_T/best/per_case_metrics.csv,97888,a1d56c70d64265acf1989f7fd6028248a4380146927992af1d8cdb98bbfe19bf
results/v7/per_case/e2/compositional/v4_joint_continuous/seed3/e1_fresh_seed_pool_T/last/per_case_metrics.csv,97739,acf8a92b203687772b1697abf53e8431756bfc6ed43d634ae5fc32b9c725cc15
results/v7/per_case/e2/compositional/v4_joint_continuous/seed3/e1_fresh_seed_pool_T2new/best/per_case_metrics.csv,40029,98bc65420b2074c53776c9646972240eef2afd18ceb2751eae8cc71a7ef70170
results/v7/per_case/e2/compositional/v4_joint_continuous/seed3/e1_fresh_seed_pool_T2new/last/per_case_metrics.csv,39949,363b8df8e4096b32a60b7333d3fda8253df22c2930fc76b6f0ab8ba8025a660e
results/v7/per_case/e2/compositional/v4_joint_continuous/seed3/train_log.csv,46143,5782b95b965e0f9ad2242f4f96f72e0a5f2628cbc3adb85e8d6d4bba701f74de
results/v7/per_case/e2/compositional/v4_joint_continuous/seed4/e1_fresh_seed_pool_T/best/per_case_metrics.csv,97896,b950331b55a1f4803336268b0bfc77fd8ed34df41dfc8ad95bad73af711d97e3
results/v7/per_case/e2/compositional/v4_joint_continuous/seed4/e1_fresh_seed_pool_T/last/per_case_metrics.csv,97917,4405707d621c0012d6506aadfd3144db57629c1e3e2de5cd4c2c35963058b008
results/v7/per_case/e2/compositional/v4_joint_continuous/seed4/e1_fresh_seed_pool_T2new/best/per_case_metrics.csv,40022,cd034219baf2cf3a387ef244a81558eed0a2310b3b7eae1f0d2a75d32712dd59
results/v7/per_case/e2/compositional/v4_joint_continuous/seed4/e1_fresh_seed_pool_T2new/last/per_case_metrics.csv,40009,dd2372df83b2d5b6b55b268b39bf7770af0f015b9b406474ed63cd76722eb052
results/v7/per_case/e2/compositional/v4_joint_continuous/seed4/train_log.csv,46167,5ffcbda878cc6dcbdbeaf2896230a73da7825e0ab503e6557a2126b51d6309c3
results/v7/per_case/master_test_per_case/runs_method_upgrade_pilot_20260723/compositional/v0_raw_channels/seed0/per_case_metrics.csv,21381,3f2c35fbe22decd8dd2e9f6647d0b3fc98ed3fcb88e060e689fccd10f6113c7c
results/v7/per_case/master_test_per_case/runs_method_upgrade_pilot_20260723/compositional/v0_raw_channels/seed1/per_case_metrics.csv,21399,3f12ea23e3a72da1e389943262291fe651c0c3a5721e616926cd6a4359f7ae25
results/v7/per_case/master_test_per_case/runs_method_upgrade_pilot_20260723/compositional/v0_raw_channels/seed2/per_case_metrics.csv,21405,2540801149a5ab89f72e12932c10e6ce2249487b18d1cda4a61ce832c1331deb
results/v7/per_case/master_test_per_case/runs_method_upgrade_pilot_20260723/compositional/v0_raw_channels/seed3/per_case_metrics.csv,21392,bd566185c28a014109a99e652d1173a15f67886948dd66c5da1108fecd1d646f
results/v7/per_case/master_test_per_case/runs_method_upgrade_pilot_20260723/compositional/v0_raw_channels/seed4/per_case_metrics.csv,21404,273b88eddc2ab0c62171bba06ee663dfdba0870d50d3a4e94e76840b5b6898c7
results/v7/per_case/master_test_per_case/runs_method_upgrade_pilot_20260723/compositional/v0_raw_channels/seed5/per_case_metrics.csv,21397,34280b9cf0eb5393e1ee7477845746bafd35cf3c4864a2672dfd5356ce386aed
results/v7/per_case/master_test_per_case/runs_method_upgrade_pilot_20260723/compositional/v0_raw_channels/seed6/per_case_metrics.csv,21442,47e7140a46e097ff71771194186e45475d63beb7a3fa4b0f563147292730ea4c
results/v7/per_case/master_test_per_case/runs_method_upgrade_pilot_20260723/compositional/v0_raw_channels/seed7/per_case_metrics.csv,21394,cf68f55281472b584227ea7b7922199f10befd292564d5c7f5476a5a4822da7e
results/v7/per_case/master_test_per_case/runs_method_upgrade_pilot_20260723/compositional/v0_raw_channels/seed8/per_case_metrics.csv,21414,a9cc365f1a71ee3ad8f98791669daaeed5c531b4112cda21c8dd72e9bfe43ef3
results/v7/per_case/master_test_per_case/runs_method_upgrade_pilot_20260723/compositional/v0_raw_channels/seed9/per_case_metrics.csv,21414,d321081c5998500cd046228dfcdcd10c8fe257f8b08c845b9b93fe13affe87f3
results/v7/per_case/master_test_per_case/runs_method_upgrade_pilot_20260723/compositional/v1_factorized_levels/seed0/per_case_metrics.csv,21411,3c7361c6245e508887a5c5c0b3af1f538bf2ab2fa4fd3e89006971d1f6faad57
results/v7/per_case/master_test_per_case/runs_method_upgrade_pilot_20260723/compositional/v1_factorized_levels/seed1/per_case_metrics.csv,21419,2a24a4b23be855a3908e6d5232f471ddeede99534e0beb4f541cb6e159efc783
results/v7/per_case/master_test_per_case/runs_method_upgrade_pilot_20260723/compositional/v1_factorized_levels/seed2/per_case_metrics.csv,21427,d8e5e1bd39ea5ef55b0bba0edbf053dfb19f9ec8eebac12f829fb4bb946c86be
results/v7/per_case/master_test_per_case/runs_method_upgrade_pilot_20260723/compositional/v1_factorized_levels/seed3/per_case_metrics.csv,21436,90996b89e74357017d1d6193a1b0f163e17da9bcbd4f374d988f7583c1e13253
results/v7/per_case/master_test_per_case/runs_method_upgrade_pilot_20260723/compositional/v1_factorized_levels/seed4/per_case_metrics.csv,21419,7663757c1c7ba1d9049a254a7d2244f71573b75b22c7b561431c67de8deb2071
results/v7/per_case/master_test_per_case/runs_method_upgrade_pilot_20260723/compositional/v1_factorized_levels/seed5/per_case_metrics.csv,21478,1a4a368915347200154071d8fbe5fd312b118aca888061367b28be3759cab64b
results/v7/per_case/master_test_per_case/runs_method_upgrade_pilot_20260723/compositional/v1_factorized_levels/seed6/per_case_metrics.csv,21411,c21ed3f27802e1385fbf79058e65d6fd4a819de95aad4775e1e5f0ed2d31adfe
results/v7/per_case/master_test_per_case/runs_method_upgrade_pilot_20260723/compositional/v1_factorized_levels/seed7/per_case_metrics.csv,21418,604be016afe0f08390e70abd26416d261ece2332546c9b8a4d2a9145e9832d1b
results/v7/per_case/master_test_per_case/runs_method_upgrade_pilot_20260723/compositional/v1_factorized_levels/seed8/per_case_metrics.csv,21425,cf9c8b870bbe1fa16c867cffa80b072cf09344c5ef14086ede0f1df64031c812
results/v7/per_case/master_test_per_case/runs_method_upgrade_pilot_20260723/compositional/v1_factorized_levels/seed9/per_case_metrics.csv,21441,21cdf8e01b411c4e2133e55141378ec459a5fb188c963e31a98f561771834b7c
results/v7/per_case/master_test_per_case/runs_method_upgrade_pilot_20260723/compositional/v2_joint_embedding/seed0/per_case_metrics.csv,21496,f1b8e5a5368a0178eaad5a516daa2789525d72fdf9680f796193442549d60aad
results/v7/per_case/master_test_per_case/runs_method_upgrade_pilot_20260723/compositional/v2_joint_embedding/seed1/per_case_metrics.csv,21435,151085444e78fab0c0413ae8ad7b8b31fea14a510a7936abd8596de321b3603f
results/v7/per_case/master_test_per_case/runs_method_upgrade_pilot_20260723/compositional/v2_joint_embedding/seed2/per_case_metrics.csv,21484,306c5125f335fb0ed84092d9b0a7a12d334ab56b78a3bb00c8d7c9a0989035de
results/v7/per_case/master_test_per_case/runs_method_upgrade_pilot_20260723/compositional/v2_joint_embedding/seed3/per_case_metrics.csv,21438,531851ef8e58b956d7743b44c087c8d07037d4803ac2fd4edc8e4820b3ee8e5f
results/v7/per_case/master_test_per_case/runs_method_upgrade_pilot_20260723/compositional/v2_joint_embedding/seed4/per_case_metrics.csv,21461,433d85d0be4d8317b78de63acfaef5119aa015e3feedeaf4766b541acd1f260e
results/v7/per_case/master_test_per_case/runs_method_upgrade_pilot_20260723/compositional/v2_joint_embedding/seed5/per_case_metrics.csv,21424,01f5a0c04ed257f54ada7c547dbc13beb681ef93a08b3caee8a12165ed0bbd85
results/v7/per_case/master_test_per_case/runs_method_upgrade_pilot_20260723/compositional/v2_joint_embedding/seed6/per_case_metrics.csv,21428,bc68aab6b3bc207bd7984fa4b485aa8f723be448eb59b4356d36ac10c8860329
results/v7/per_case/master_test_per_case/runs_method_upgrade_pilot_20260723/compositional/v2_joint_embedding/seed7/per_case_metrics.csv,21429,525bd12b53ed6cb83fe3737fd556c2d2cfcd370ccb398c5a164c02e4b17698ee
results/v7/per_case/master_test_per_case/runs_method_upgrade_pilot_20260723/compositional/v2_joint_embedding/seed8/per_case_metrics.csv,21452,a78576c560e3855c42c526def9a4d41be38fa6fe2032b1395ce9879e7c5d1c17
results/v7/per_case/master_test_per_case/runs_method_upgrade_pilot_20260723/compositional/v2_joint_embedding/seed9/per_case_metrics.csv,21418,f146bc8a96af473a5be14a03b3b784bdc342db9a8a5439c1bfbfef3233b08b23
results/v7/per_case/master_test_per_case/runs_method_upgrade_pilot_20260723/compositional/v3_factorized_continuous/seed0/per_case_metrics.csv,21443,8be4fffda153b005a056851db8b6fe63dd40b53377d180ee15459b6d83dbca4e
results/v7/per_case/master_test_per_case/runs_method_upgrade_pilot_20260723/compositional/v3_factorized_continuous/seed1/per_case_metrics.csv,21384,e00977aff7dbd01efe69b46caf9b5aabbe08818b8f9a706fb84b8d88199a9dd5
results/v7/per_case/master_test_per_case/runs_method_upgrade_pilot_20260723/compositional/v3_factorized_continuous/seed2/per_case_metrics.csv,21443,e11693f4aa7456becc4e2b16e451fd16e28116932b083322fdb1b19818264ee1
results/v7/per_case/master_test_per_case/runs_method_upgrade_pilot_20260723/compositional/v3_factorized_continuous/seed3/per_case_metrics.csv,21446,2088c17235580d1e2059f7bba5b283f97427d8cd0b78018b3fd0e22199622f5c
results/v7/per_case/master_test_per_case/runs_method_upgrade_pilot_20260723/compositional/v3_factorized_continuous/seed4/per_case_metrics.csv,21442,ec2423872b526e01b7c8dc6a742eb2220d6af64d0d56a5b9bd150b276ac7414f
results/v7/per_case/master_test_per_case/runs_method_upgrade_pilot_20260723/grouped_standard/v0_raw_channels/seed0/per_case_metrics.csv,21464,13b1fc45b40e74d46ab09832f28b006dc985874e56572d656254db670e0f0d87
results/v7/per_case/master_test_per_case/runs_method_upgrade_pilot_20260723/grouped_standard/v0_raw_channels/seed1/per_case_metrics.csv,21444,0c167576ae58e04b5e71374cb0ff68e0e3474ea6d56e7f251216102a4363b455
results/v7/per_case/master_test_per_case/runs_method_upgrade_pilot_20260723/grouped_standard/v0_raw_channels/seed2/per_case_metrics.csv,21470,a5c38208535b33901241fe286177c8fe53916841b2c8e62c27aebf70d80b04c5
results/v7/per_case/master_test_per_case/runs_method_upgrade_pilot_20260723/grouped_standard/v0_raw_channels/seed3/per_case_metrics.csv,21433,6a6d2472cadac9b049442ca34e5c5821515f0b58e8f01ef24b06b4cbb60e0bd5
results/v7/per_case/master_test_per_case/runs_method_upgrade_pilot_20260723/grouped_standard/v0_raw_channels/seed4/per_case_metrics.csv,21474,166c6c5cd7c248448696ec061566c5f17c4ef682a720cb82aaa555deade43c80
results/v7/per_case/master_test_per_case/runs_method_upgrade_pilot_20260723/grouped_standard/v0_raw_channels/seed5/per_case_metrics.csv,21488,6016e68f95164ae02bbc4ff3239818cffc9b03fcd1014cba1fd14f9d7fbde3cc
results/v7/per_case/master_test_per_case/runs_method_upgrade_pilot_20260723/grouped_standard/v0_raw_channels/seed6/per_case_metrics.csv,21486,281d7142a453090b621b82ed06c61497b1c0d674888a1550918ef837338e2596
results/v7/per_case/master_test_per_case/runs_method_upgrade_pilot_20260723/grouped_standard/v0_raw_channels/seed7/per_case_metrics.csv,21476,08b5be421f4b0ec3c6fe105b9b32e358f817d756308bc02e60bb0b77dcef54e7
results/v7/per_case/master_test_per_case/runs_method_upgrade_pilot_20260723/grouped_standard/v0_raw_channels/seed8/per_case_metrics.csv,21465,c38f7c27a43f593a5c90bb2a9a3e6f7ea2f7cd2b23667b3d713490080c2a05e4
results/v7/per_case/master_test_per_case/runs_method_upgrade_pilot_20260723/grouped_standard/v0_raw_channels/seed9/per_case_metrics.csv,21432,360712e3b61fc44bc0ec9bc8b0d331c7539d0839559c381cc3090c1f4099a9e6
results/v7/per_case/master_test_per_case/runs_method_upgrade_pilot_20260723/grouped_standard/v1_factorized_levels/seed0/per_case_metrics.csv,21481,edfb077b2c159a7e0fb33911e5e865da6e7f8f9e29e2637d546993c43b6a0e78
results/v7/per_case/master_test_per_case/runs_method_upgrade_pilot_20260723/grouped_standard/v1_factorized_levels/seed1/per_case_metrics.csv,21415,3ba3d1d903de9451a175ced1c5140b19246e0d4791dad1c6cf5e4b1722eda701
results/v7/per_case/master_test_per_case/runs_method_upgrade_pilot_20260723/grouped_standard/v1_factorized_levels/seed2/per_case_metrics.csv,21509,4cd5dc0913511cae3a050975d3a83e10141fde72e87e2ff15d559ae79f6ecb6b
results/v7/per_case/master_test_per_case/runs_method_upgrade_pilot_20260723/grouped_standard/v1_factorized_levels/seed3/per_case_metrics.csv,21457,9094c70216b332d8f162d0c84439a95800f85145d949853ded7ea65b05d11e42
results/v7/per_case/master_test_per_case/runs_method_upgrade_pilot_20260723/grouped_standard/v1_factorized_levels/seed4/per_case_metrics.csv,21456,7e1c8e545b94aefe74d67290d305d4c3d07d3cadaaaa694319421f6496c0af18
results/v7/per_case/master_test_per_case/runs_method_upgrade_pilot_20260723/grouped_standard/v1_factorized_levels/seed5/per_case_metrics.csv,21433,badef0cf06749a4f3cff6dcad1bc71cd84a2b46df1355d60c86391056e586fcf
results/v7/per_case/master_test_per_case/runs_method_upgrade_pilot_20260723/grouped_standard/v1_factorized_levels/seed6/per_case_metrics.csv,21457,40759afe0cb99a0bb29202facf62bfb249474f7618d350a17662ccd8da176a50
results/v7/per_case/master_test_per_case/runs_method_upgrade_pilot_20260723/grouped_standard/v1_factorized_levels/seed7/per_case_metrics.csv,21439,a75be3561551fff2bc1805bbb30b92d4e54a8491e0f7e543c37b2ec2d225aa5b
results/v7/per_case/master_test_per_case/runs_method_upgrade_pilot_20260723/grouped_standard/v1_factorized_levels/seed8/per_case_metrics.csv,21468,b526a43dcd4810ce356a6869dfd3f015ba8f6f8b8b111a5d3ff9d77d3435b86d
results/v7/per_case/master_test_per_case/runs_method_upgrade_pilot_20260723/grouped_standard/v1_factorized_levels/seed9/per_case_metrics.csv,21431,32d03db6f9af5443d75df09f98d25264bf5d98a06027b5bd79f2d147f5e1cbe1
results/v7/per_case/master_test_per_case/runs_method_upgrade_pilot_20260723/grouped_standard/v2_joint_embedding/seed0/per_case_metrics.csv,21482,91def71f13e1f164dce9ee104ae90a5396a5ba49d87c2a0928ad46848e628515
results/v7/per_case/master_test_per_case/runs_method_upgrade_pilot_20260723/grouped_standard/v2_joint_embedding/seed1/per_case_metrics.csv,21439,1679e70afe252aae15f9269efc6054680dba1dbee5f7265fc8aa21a7a053ec06
results/v7/per_case/master_test_per_case/runs_method_upgrade_pilot_20260723/grouped_standard/v2_joint_embedding/seed2/per_case_metrics.csv,21475,4cbd99885c7ebf4c8b27924a238525ddea46ef3a4ca2bedc22aca6b352fe9e96
results/v7/per_case/master_test_per_case/runs_method_upgrade_pilot_20260723/grouped_standard/v2_joint_embedding/seed3/per_case_metrics.csv,21475,1551c22b9f663d6c349ffc521665a87f43d220c18c870a0dedd8af97039fe0d6
results/v7/per_case/master_test_per_case/runs_method_upgrade_pilot_20260723/grouped_standard/v2_joint_embedding/seed4/per_case_metrics.csv,21453,bb204574290832bcd6555e256cf6ab8ce03e0a083d7e0affd5deb3fe5ed2c25b
results/v7/per_case/master_test_per_case/runs_method_upgrade_pilot_20260723/grouped_standard/v2_joint_embedding/seed5/per_case_metrics.csv,21457,e827ff3ea07dd34ff45dc89b0b9feded2078f6554fcca2ed19c7a68166712191
results/v7/per_case/master_test_per_case/runs_method_upgrade_pilot_20260723/grouped_standard/v2_joint_embedding/seed6/per_case_metrics.csv,21484,1ca63cd4451947d363201c3d013ded0c70fc9cfda83f16cabbb74e1f95a2128d
results/v7/per_case/master_test_per_case/runs_method_upgrade_pilot_20260723/grouped_standard/v2_joint_embedding/seed7/per_case_metrics.csv,21459,f71fcc465bbfd0ad000be50957079d73f71e5e3950df7e24d6efff47459a9d62
results/v7/per_case/master_test_per_case/runs_method_upgrade_pilot_20260723/grouped_standard/v2_joint_embedding/seed8/per_case_metrics.csv,21464,b1533d557110f88257e3ca9d9850d44e3116b79c7494b74555fb02210aa5af2b
results/v7/per_case/master_test_per_case/runs_method_upgrade_pilot_20260723/grouped_standard/v2_joint_embedding/seed9/per_case_metrics.csv,21457,1542cabd384183bae13b635fc20548020bf502fcc96247523e2d81d4d6678976
results/v7/per_case/master_test_per_case/runs_method_upgrade_pilot_20260723/grouped_standard/v3_factorized_continuous/seed0/per_case_metrics.csv,21439,0515db94af8ff9271f79954cd09a93176ca1382020c2d54b0545ac7ed9646dcd
results/v7/per_case/master_test_per_case/runs_method_upgrade_pilot_20260723/grouped_standard/v3_factorized_continuous/seed1/per_case_metrics.csv,21415,47acd6f32290765a3ff4a91e336506ee88915b4c6c808cf9ef94d74b287eab18
results/v7/per_case/master_test_per_case/runs_method_upgrade_pilot_20260723/grouped_standard/v3_factorized_continuous/seed2/per_case_metrics.csv,21487,2b669153220cae1062e8c334d3309aed4ba3a9433d8bd8ca3c7d6d176e254ffa
results/v7/per_case/master_test_per_case/runs_method_upgrade_pilot_20260723/grouped_standard/v3_factorized_continuous/seed3/per_case_metrics.csv,21495,9893c990a491571bb7a9fd33ce8d3b4d61e5a1ea0618623a0dd755513d5dcea1
results/v7/per_case/master_test_per_case/runs_method_upgrade_pilot_20260723/grouped_standard/v3_factorized_continuous/seed4/per_case_metrics.csv,21470,4b067131ebabb2b05524dbe70480116073ac0490126e451ccbe8e1fa6c0f4376
results/v7/per_case/master_test_per_case/runs_method_upgrade_pilot_20260723/loco_0p62_0p1/v0_raw_channels/seed0/per_case_metrics.csv,21440,e2f8470f1310c37c1495cdffd91b4bf466db189e3a2d45a42e5faf59b26213e9
results/v7/per_case/master_test_per_case/runs_method_upgrade_pilot_20260723/loco_0p62_0p1/v0_raw_channels/seed1/per_case_metrics.csv,21414,91f2ca0a240f85898e9f4061c0cdc31a0eea51836ef2896dc3c760f5be4d8ccd
results/v7/per_case/master_test_per_case/runs_method_upgrade_pilot_20260723/loco_0p62_0p1/v0_raw_channels/seed2/per_case_metrics.csv,21397,f9006e0b5831d50c1ebf9fe3143a64517a608d0bb010cd17b1e93e1229b2ef59
results/v7/per_case/master_test_per_case/runs_method_upgrade_pilot_20260723/loco_0p62_0p1/v0_raw_channels/seed3/per_case_metrics.csv,21379,52d815d685a25c3f4290f9c3e673fdba86c78bfc90efc610c900141165ae3777
results/v7/per_case/master_test_per_case/runs_method_upgrade_pilot_20260723/loco_0p62_0p1/v0_raw_channels/seed4/per_case_metrics.csv,21441,51c676ce16df5f6cd6a637d66d500f8d10379550f02c02759f5b1bf495cbf95c
results/v7/per_case/master_test_per_case/runs_method_upgrade_pilot_20260723/loco_0p62_0p1/v1_factorized_levels/seed0/per_case_metrics.csv,21430,7d86fbb801587fa1c63db2ecc206ff7bc33224dbb42e53361533c6f25a08e78b
results/v7/per_case/master_test_per_case/runs_method_upgrade_pilot_20260723/loco_0p62_0p1/v1_factorized_levels/seed1/per_case_metrics.csv,21392,624bdf1e23ed833b4ce1aa31f997f5a58431937f545b2479a0b4c143480c9a80
results/v7/per_case/master_test_per_case/runs_method_upgrade_pilot_20260723/loco_0p62_0p1/v1_factorized_levels/seed2/per_case_metrics.csv,21451,2b986f9ae102561a161df095c3355e288a8d59e7943e2937d183276c3b18ca62
results/v7/per_case/master_test_per_case/runs_method_upgrade_pilot_20260723/loco_0p62_0p1/v1_factorized_levels/seed3/per_case_metrics.csv,21447,185a59f7077623a36b56a702bb0f122d8e353edfd6e7e5f65e2d063f6341493e
results/v7/per_case/master_test_per_case/runs_method_upgrade_pilot_20260723/loco_0p62_0p1/v1_factorized_levels/seed4/per_case_metrics.csv,21446,e68f75599e93745d2729bef17714aab5de37d6e468158c486191ea47bf2918e0
results/v7/per_case/master_test_per_case/runs_method_upgrade_pilot_20260723/loco_0p62_0p1/v2_joint_embedding/seed0/per_case_metrics.csv,21447,ce56596fab303b113a17d0fc47e3bd355d8880c42760f29a63bcf42797816511
results/v7/per_case/master_test_per_case/runs_method_upgrade_pilot_20260723/loco_0p62_0p1/v2_joint_embedding/seed1/per_case_metrics.csv,21375,b316049f8a34e27094f944a28665d3eb7a6f00fdc946271ba188ab1f4891c627
results/v7/per_case/master_test_per_case/runs_method_upgrade_pilot_20260723/loco_0p62_0p1/v2_joint_embedding/seed2/per_case_metrics.csv,21478,253dc1d3e7cc2f8c6223b599c4352f4b73fb227ef07c1890a3091d0b01c6b393
results/v7/per_case/master_test_per_case/runs_method_upgrade_pilot_20260723/loco_0p62_0p1/v2_joint_embedding/seed3/per_case_metrics.csv,21452,13256e2d5fce7821be3a742f472cc6a7332e5daa57b88ad56e2b561db13464aa
results/v7/per_case/master_test_per_case/runs_method_upgrade_pilot_20260723/loco_0p62_0p1/v2_joint_embedding/seed4/per_case_metrics.csv,21447,fc6e29f3216acb90afe1f65e893a3f1cb0bcae8803ed884626591bedcc315f78
results/v7/per_case/master_test_per_case/runs_method_upgrade_pilot_20260723/loco_0p62_1p0/v0_raw_channels/seed0/per_case_metrics.csv,21426,cf8dde70d9e65f5f9cec89fa33c4bfeccf165ae4fa4f2d8804bbb8cbaeafa533
results/v7/per_case/master_test_per_case/runs_method_upgrade_pilot_20260723/loco_0p62_1p0/v0_raw_channels/seed1/per_case_metrics.csv,21409,a961ba5788774382620ce54a3b0c183e65be98505cb0e16c9b64d38c72fb8dc8
results/v7/per_case/master_test_per_case/runs_method_upgrade_pilot_20260723/loco_0p62_1p0/v0_raw_channels/seed2/per_case_metrics.csv,21406,6534beda24c5b482023a72df0840d36b94f96a4de97cb1612c99ae550331f8b8
results/v7/per_case/master_test_per_case/runs_method_upgrade_pilot_20260723/loco_0p62_1p0/v0_raw_channels/seed3/per_case_metrics.csv,21398,5c3d061953152bc8e2307465cfcc60567d85277310a0285e1596f016af9b625c
results/v7/per_case/master_test_per_case/runs_method_upgrade_pilot_20260723/loco_0p62_1p0/v0_raw_channels/seed4/per_case_metrics.csv,21445,5dcc76389e951b66eb9f6f11b2adc4389ac7df1a816f3989e4c92b9004811409
results/v7/per_case/master_test_per_case/runs_method_upgrade_pilot_20260723/loco_0p62_1p0/v1_factorized_levels/seed0/per_case_metrics.csv,21437,ec47341e642b5850c123e260cc9e4b80bda77b472c7935bac7e8766280728d99
results/v7/per_case/master_test_per_case/runs_method_upgrade_pilot_20260723/loco_0p62_1p0/v1_factorized_levels/seed1/per_case_metrics.csv,21416,c0b8571663961014fbb2cc4f0f3a9a7ea1826811fdee0829261954ba97ff5342
results/v7/per_case/master_test_per_case/runs_method_upgrade_pilot_20260723/loco_0p62_1p0/v1_factorized_levels/seed2/per_case_metrics.csv,21430,76208add8104483cd2faf938124d28cbcf3d2ba8a9c0707383fe5710122f47e3
results/v7/per_case/master_test_per_case/runs_method_upgrade_pilot_20260723/loco_0p62_1p0/v1_factorized_levels/seed3/per_case_metrics.csv,21452,28973fcc1741a84a28c6a10348335ecee6ec65aa4ddea5cb2d6ae62442d5bd2d
results/v7/per_case/master_test_per_case/runs_method_upgrade_pilot_20260723/loco_0p62_1p0/v1_factorized_levels/seed4/per_case_metrics.csv,21425,b93f1dbf0c3b1eb7ed406f5b023c62e2b3ea32ce390e3211aede86754ffee24f
results/v7/per_case/master_test_per_case/runs_method_upgrade_pilot_20260723/loco_0p62_1p0/v2_joint_embedding/seed0/per_case_metrics.csv,21451,3a125d604854458795be28e741e06c9171ff076e1bc311f0c1f346b9d99df38c
results/v7/per_case/master_test_per_case/runs_method_upgrade_pilot_20260723/loco_0p62_1p0/v2_joint_embedding/seed1/per_case_metrics.csv,21410,6e8fe6d72f7776555d890bf3603369f1e892b044abd8e02d8fa731b835716f8d
results/v7/per_case/master_test_per_case/runs_method_upgrade_pilot_20260723/loco_0p62_1p0/v2_joint_embedding/seed2/per_case_metrics.csv,21448,0d115f5f0dc2bd64d8971db3ffb3b85de29185f84cbc86f11ec7d2059dbfc7b6
results/v7/per_case/master_test_per_case/runs_method_upgrade_pilot_20260723/loco_0p62_1p0/v2_joint_embedding/seed3/per_case_metrics.csv,21469,48dd237972f133d664f11a4da663e87637ee1ca49093f824d7cd2824906176c8
results/v7/per_case/master_test_per_case/runs_method_upgrade_pilot_20260723/loco_0p62_1p0/v2_joint_embedding/seed4/per_case_metrics.csv,21454,bf03a99461ced098aa65feb9589db8f4dc28b966793638cc5b2e418a2b889de3
results/v7/per_case/master_test_per_case/runs_method_upgrade_pilot_20260723/loco_62p0_0p1/v0_raw_channels/seed0/per_case_metrics.csv,21392,5a6f62c74b6fa5d679da39cdb0ea8c0ab80134bccebb2a3ac2f51f4c216b288c
results/v7/per_case/master_test_per_case/runs_method_upgrade_pilot_20260723/loco_62p0_0p1/v0_raw_channels/seed1/per_case_metrics.csv,21389,68bae37a78adfaa1afe48d1ff2c44ed6ddcdadc9ef02e7b188a8497d3f26aa84
results/v7/per_case/master_test_per_case/runs_method_upgrade_pilot_20260723/loco_62p0_0p1/v0_raw_channels/seed2/per_case_metrics.csv,21380,805de5828fa9ea334e3e9d47a14f3e79b4f6537b5f3fd9f2452104178ff9c558
results/v7/per_case/master_test_per_case/runs_method_upgrade_pilot_20260723/loco_62p0_0p1/v0_raw_channels/seed3/per_case_metrics.csv,21387,e032468956f02705fca68a8a64cda78bee5fd84f5336d0e9ac119cb4ac246992
results/v7/per_case/master_test_per_case/runs_method_upgrade_pilot_20260723/loco_62p0_0p1/v0_raw_channels/seed4/per_case_metrics.csv,21413,71c69ca23dac66bb0e42116b65af9662242d14614fc1054ded35b3e2b8b44f8c
results/v7/per_case/master_test_per_case/runs_method_upgrade_pilot_20260723/loco_62p0_0p1/v1_factorized_levels/seed0/per_case_metrics.csv,21444,f539e43aa5e55cfe14bca5e4fb8a101bee9c355d424f9c0cede2a60b59e7a1dc
results/v7/per_case/master_test_per_case/runs_method_upgrade_pilot_20260723/loco_62p0_0p1/v1_factorized_levels/seed1/per_case_metrics.csv,21379,77638a196127279261c14db4a0fb7cd76b725ea537ba4f6c814af9c7928501fc
results/v7/per_case/master_test_per_case/runs_method_upgrade_pilot_20260723/loco_62p0_0p1/v1_factorized_levels/seed2/per_case_metrics.csv,21420,4884add9fd2fe6640943deb5928f627bed74635f5e37b8781192248321f470db
results/v7/per_case/master_test_per_case/runs_method_upgrade_pilot_20260723/loco_62p0_0p1/v1_factorized_levels/seed3/per_case_metrics.csv,21457,a73f8acd9e4e305ce7f050170de6616a04197d8c97d458babf5accbb7585093f
results/v7/per_case/master_test_per_case/runs_method_upgrade_pilot_20260723/loco_62p0_0p1/v1_factorized_levels/seed4/per_case_metrics.csv,21416,f68b6ac1235069284e51ef50ff92589014631665cd5016499bc851c962ba72bf
results/v7/per_case/master_test_per_case/runs_method_upgrade_pilot_20260723/loco_62p0_0p1/v2_joint_embedding/seed0/per_case_metrics.csv,21462,12ffd0b6243bd0ea58ea96c533cb35a22eccf6ad4b99337e6126e0d4edd2c6bc
results/v7/per_case/master_test_per_case/runs_method_upgrade_pilot_20260723/loco_62p0_0p1/v2_joint_embedding/seed1/per_case_metrics.csv,21398,af8c815ff6d69bb06d837cea19a237393739fdd568193c43ca74a1fddc9e02e3
results/v7/per_case/master_test_per_case/runs_method_upgrade_pilot_20260723/loco_62p0_0p1/v2_joint_embedding/seed2/per_case_metrics.csv,21470,bc0a78ad4945c62f68ff832a8240a4a21aed19c20486eebbbf5e1d885961a83f
results/v7/per_case/master_test_per_case/runs_method_upgrade_pilot_20260723/loco_62p0_0p1/v2_joint_embedding/seed3/per_case_metrics.csv,21454,01b88c3ac99df3a1de6c94457c2dfa067429bdea5f553913e0f648e176eb2d07
results/v7/per_case/master_test_per_case/runs_method_upgrade_pilot_20260723/loco_62p0_0p1/v2_joint_embedding/seed4/per_case_metrics.csv,21443,c6036746f5f475370f7563a00df44a330b7836e0be09c7e34e00ea8664b85849
results/v7/per_case/master_test_per_case/runs_method_upgrade_pilot_20260723/loco_62p0_1p0/v0_raw_channels/seed0/per_case_metrics.csv,21377,514cd69817a3219e4f8ac37219945109f4774a88693e55bea0024811fdcf67b9
results/v7/per_case/master_test_per_case/runs_method_upgrade_pilot_20260723/loco_62p0_1p0/v0_raw_channels/seed1/per_case_metrics.csv,21386,bf0231450a6a0dfbcee3344ba6c1b71ef985e0dc56c771adbdcd2271e3028a55
results/v7/per_case/master_test_per_case/runs_method_upgrade_pilot_20260723/loco_62p0_1p0/v0_raw_channels/seed2/per_case_metrics.csv,21386,faa290e7845219e957bfa59fd272412f2cf25db69ad9361941f2dc5530aa5a28
results/v7/per_case/master_test_per_case/runs_method_upgrade_pilot_20260723/loco_62p0_1p0/v0_raw_channels/seed3/per_case_metrics.csv,21420,4ee3ad3dce7f85ede6be46346f856d2633875923b92afd492e577eb09f3fc688
results/v7/per_case/master_test_per_case/runs_method_upgrade_pilot_20260723/loco_62p0_1p0/v0_raw_channels/seed4/per_case_metrics.csv,21409,fe8acf8f04fa2cbeeefda1c40c704899b755fb9ef64624a064cb28e8bf5addd0
results/v7/per_case/master_test_per_case/runs_method_upgrade_pilot_20260723/loco_62p0_1p0/v1_factorized_levels/seed0/per_case_metrics.csv,21400,1e7feca257091e6f09a8311d3ff147fa0060b60e2a28094382705afe6812de96
results/v7/per_case/master_test_per_case/runs_method_upgrade_pilot_20260723/loco_62p0_1p0/v1_factorized_levels/seed1/per_case_metrics.csv,21369,534449505eb0a9d0bf29389c0a7f73db57f70860af8c988b5c28450837f1b935
results/v7/per_case/master_test_per_case/runs_method_upgrade_pilot_20260723/loco_62p0_1p0/v1_factorized_levels/seed2/per_case_metrics.csv,21412,683a36e4d3c676de41541f6aee2d434dd5c2d75ec9ad91cd2e8498dd11f7b663
results/v7/per_case/master_test_per_case/runs_method_upgrade_pilot_20260723/loco_62p0_1p0/v1_factorized_levels/seed3/per_case_metrics.csv,21420,eda9bd024bb6a5aea36453da954239f30bc8fc38c1161549d9501f8e624762ea
results/v7/per_case/master_test_per_case/runs_method_upgrade_pilot_20260723/loco_62p0_1p0/v1_factorized_levels/seed4/per_case_metrics.csv,21414,4411581e7392b0671599737989c1d3c5b7a02e7d4685d6616b91d6691fde33be
results/v7/per_case/master_test_per_case/runs_method_upgrade_pilot_20260723/loco_62p0_1p0/v2_joint_embedding/seed0/per_case_metrics.csv,21419,381d2c519400c254a762227714002bfb9569df5038e8fab7d89f873706c860ec
results/v7/per_case/master_test_per_case/runs_method_upgrade_pilot_20260723/loco_62p0_1p0/v2_joint_embedding/seed1/per_case_metrics.csv,21377,8141da639bd77e8038fb957807820d038c4d538384d0f12ce08138a7c75777a4
results/v7/per_case/master_test_per_case/runs_method_upgrade_pilot_20260723/loco_62p0_1p0/v2_joint_embedding/seed2/per_case_metrics.csv,21434,e4e16603e482a72d7f6e09d2fff52e0638e21d6e71aa37b56a62d3f0a7fd0302
results/v7/per_case/master_test_per_case/runs_method_upgrade_pilot_20260723/loco_62p0_1p0/v2_joint_embedding/seed3/per_case_metrics.csv,21404,8faff7ed77022e2c472ebd4f3bb9cef41b8ffd580045df12eb5ba8afcf115c6b
results/v7/per_case/master_test_per_case/runs_method_upgrade_pilot_20260723/loco_62p0_1p0/v2_joint_embedding/seed4/per_case_metrics.csv,21406,180e5624f335f76ff60b1371f9245e9eb1eb3c42486c79911bff9f1a42657722
results/v7/per_case/master_test_per_case/runs_method_upgrade_pilot_20260723/loco_6p2_0p1/v0_raw_channels/seed0/per_case_metrics.csv,21387,da6f2dffb85aa87fd62c99bc1bdc0669adbde084cde0a801cff1f8adc1651184
results/v7/per_case/master_test_per_case/runs_method_upgrade_pilot_20260723/loco_6p2_0p1/v0_raw_channels/seed1/per_case_metrics.csv,21409,84c17a064dceb446140d9885b74f317d2a6f4d30a5c8b69b4d6d939e590c775c
results/v7/per_case/master_test_per_case/runs_method_upgrade_pilot_20260723/loco_6p2_0p1/v0_raw_channels/seed2/per_case_metrics.csv,21422,b57bfbe44126f9d4540a77631bae3e20ee765d742e765da25e31ad2ea00fc127
results/v7/per_case/master_test_per_case/runs_method_upgrade_pilot_20260723/loco_6p2_0p1/v0_raw_channels/seed3/per_case_metrics.csv,21422,1a9360450f7bed2e6d1b166fcd1e91f09ec8fa0739208776d4eb83af1637247a
results/v7/per_case/master_test_per_case/runs_method_upgrade_pilot_20260723/loco_6p2_0p1/v0_raw_channels/seed4/per_case_metrics.csv,21423,ad65a495675cfa78a1cc5f94f2855ca4a5cf8ae0d8e484bbe0d89125ef2645be
results/v7/per_case/master_test_per_case/runs_method_upgrade_pilot_20260723/loco_6p2_0p1/v1_factorized_levels/seed0/per_case_metrics.csv,21434,387f298d7fb4f61ab1be8e1285a079796810e96e7b3cfc50330f6321ae620525
results/v7/per_case/master_test_per_case/runs_method_upgrade_pilot_20260723/loco_6p2_0p1/v1_factorized_levels/seed1/per_case_metrics.csv,21405,4c4749b60092d313137642b04929a03abae57ad47c13a99bab19f789918bc5d7
results/v7/per_case/master_test_per_case/runs_method_upgrade_pilot_20260723/loco_6p2_0p1/v1_factorized_levels/seed2/per_case_metrics.csv,21407,f35d80933783c9166fbc40e461d60c6e3916f8ff6d244217b2b42dd93c8c365a
results/v7/per_case/master_test_per_case/runs_method_upgrade_pilot_20260723/loco_6p2_0p1/v1_factorized_levels/seed3/per_case_metrics.csv,21430,b41af9a1a0866ee31866744545762adcfa8a3d5708ef44f95f6d12786eb74c15
results/v7/per_case/master_test_per_case/runs_method_upgrade_pilot_20260723/loco_6p2_0p1/v1_factorized_levels/seed4/per_case_metrics.csv,21457,c114ca1e09a498e8509a8e591ebb64056a696c889b228a5e2f1ac43deebce51b
results/v7/per_case/master_test_per_case/runs_method_upgrade_pilot_20260723/loco_6p2_0p1/v2_joint_embedding/seed0/per_case_metrics.csv,21442,7aa6accbdbe1f5cbc9c65617f31f77c87cc683a503ed4b5ed5fe77262f2a912b
results/v7/per_case/master_test_per_case/runs_method_upgrade_pilot_20260723/loco_6p2_0p1/v2_joint_embedding/seed1/per_case_metrics.csv,21446,941296219078155e8d61128f43f71a6bf84183a0bd273494e085218982b78542
results/v7/per_case/master_test_per_case/runs_method_upgrade_pilot_20260723/loco_6p2_0p1/v2_joint_embedding/seed2/per_case_metrics.csv,21461,fe4aa6ed134ef281afd8ce0cb00c911e88d9e1aa5dc5c6d6aef03ce10abebf29
results/v7/per_case/master_test_per_case/runs_method_upgrade_pilot_20260723/loco_6p2_0p1/v2_joint_embedding/seed3/per_case_metrics.csv,21441,0b5bdd4d5816f6a72ed6779fb444903bcfc00e96a3b557226e0881c1099ad31f
results/v7/per_case/master_test_per_case/runs_method_upgrade_pilot_20260723/loco_6p2_0p1/v2_joint_embedding/seed4/per_case_metrics.csv,21472,1f5d16e99b1fc6a9d2eeb00cf50de709364cd6b13cba9c23b51c332ba5d79703
results/v7/per_case/master_test_per_case/runs_mstmo_crossarch_full_20260807/compositional/seed0/per_case_metrics.csv,21481,903247edf6bc2d506dbed8b16148577c415195585d4d2582983c9128bdd647bc
results/v7/per_case/master_test_per_case/runs_mstmo_crossarch_full_20260807/compositional/seed1/per_case_metrics.csv,21466,317bbf3f05ddf9e7aac4609a95839a72dc70fad1f8cf0c4ed6dc1e8a0c1a4d9a
results/v7/per_case/master_test_per_case/runs_mstmo_crossarch_full_20260807/compositional/seed2/per_case_metrics.csv,21472,100fc8c0864ce92932f1a41ad89d88736f35658ba32f142dc3c33d7c3bc16248
results/v7/per_case/master_test_per_case/runs_mstmo_crossarch_full_20260807/compositional/seed3/per_case_metrics.csv,21486,90c5af83724501f2db1c70ff78ca0751dbee704f847cbc463fc96660681df7cf
results/v7/per_case/master_test_per_case/runs_mstmo_crossarch_full_20260807/compositional/seed4/per_case_metrics.csv,21441,1c0116cae62760d495387fc2cc8bcc8b1373152600404c4b9ee1028d5a75c8e5
results/v7/per_case/master_test_per_case/runs_mstmo_crossarch_full_20260807/grouped_standard/seed0/per_case_metrics.csv,21498,9d627e3772a8e9de5d10d38f5b9c428843358980fb776c058d61e8812bae3c00
results/v7/per_case/master_test_per_case/runs_mstmo_crossarch_full_20260807/grouped_standard/seed1/per_case_metrics.csv,21534,bffb6c8c2fca217656618e14b5a24e3fa721dfc8262a254cb3edb058813c6e29
results/v7/per_case/master_test_per_case/runs_mstmo_crossarch_full_20260807/grouped_standard/seed2/per_case_metrics.csv,21508,da366a70b2d3531447fcbeaf021506ffa5856d75f0847fe2036f00674c7d4d1e
results/v7/per_case/master_test_per_case/runs_mstmo_crossarch_full_20260807/grouped_standard/seed3/per_case_metrics.csv,21520,3226ee1c58a1033b7a49e06279ba8c9314703c56344533b9e97e39449191b31b
results/v7/per_case/master_test_per_case/runs_mstmo_crossarch_full_20260807/grouped_standard/seed4/per_case_metrics.csv,21483,aacc8fbf54b09737a785ae84c74351feac36ce0d5d9e7eb2110f7d4a8a1b9fa1
results/v7/per_case/master_test_per_case/runs_mstmo_raw_loco_full_20260810/compositional/seed0/per_case_metrics.csv,21436,6bc5ad890e28e889390900f489bec21adb17b07778e1d14ce5dcf21645d7f082
results/v7/per_case/master_test_per_case/runs_mstmo_raw_loco_full_20260810/compositional/seed1/per_case_metrics.csv,21485,4a41e0bf7780085b6935781415f3e71e5cf34ac8adc7c1d9c5ea1dd0354473cf
results/v7/per_case/master_test_per_case/runs_mstmo_raw_loco_full_20260810/compositional/seed2/per_case_metrics.csv,21449,6b5c4f05dee8fed44f87c53d0615403ed674ef3cc9ad3b1dd79231e79a0d1e92
results/v7/per_case/master_test_per_case/runs_mstmo_raw_loco_full_20260810/compositional/seed3/per_case_metrics.csv,21459,e5a51359d660cb0f1cc531e2872eaa2f03dc75c2c14b9adc65c64e94052ecabb
results/v7/per_case/master_test_per_case/runs_mstmo_raw_loco_full_20260810/compositional/seed4/per_case_metrics.csv,21455,ac49fbaf2a7dcd92c03a0af5441298caf5159dc03b7e5c7073f64d04f42f4bb5
results/v7/per_case/master_test_per_case/runs_v4_joint_continuous_20260920/compositional/v4_joint_continuous/seed0/per_case_metrics.csv,21428,54fdfb58736316b2599da2fc501eedc41706c79eeedde2f5a80577e8c7bfb33f
results/v7/per_case/master_test_per_case/runs_v4_joint_continuous_20260920/compositional/v4_joint_continuous/seed1/per_case_metrics.csv,21420,240b47dd01e500d29cf2502615183514ffbb70f918a397409af72604814130e9
results/v7/per_case/master_test_per_case/runs_v4_joint_continuous_20260920/compositional/v4_joint_continuous/seed2/per_case_metrics.csv,21458,0fdcd1af23b2c1d13becf91aa30eb0e05f5b37c0b2b2294b858d0be2585354c0
results/v7/per_case/master_test_per_case/runs_v4_joint_continuous_20260920/compositional/v4_joint_continuous/seed3/per_case_metrics.csv,21429,82554e4b4262f04d0081c46c945ec2e07a9dbc88022788a5239a1925178cf84e
results/v7/per_case/master_test_per_case/runs_v4_joint_continuous_20260920/compositional/v4_joint_continuous/seed4/per_case_metrics.csv,21460,7dc20ec415a0eddde688d4f61374b7b29b3bfe0d54641237ad0e506818f1383e
results/v7/per_case/master_test_per_case/runs_v5_confirmatory_20260715/cta_ffl_constant_placebo/seed0/per_case_metrics.csv,21277,8b6a6fe38d40ab6311f7b124500e810b3bb7d795b2969574bb1e60273226a9fd
results/v7/per_case/master_test_per_case/runs_v5_confirmatory_20260715/cta_ffl_constant_placebo/seed1/per_case_metrics.csv,21260,d9061d71f613430e78484c7dba991dd16ca9a68341e989a130f690519fc986d0
results/v7/per_case/master_test_per_case/runs_v5_confirmatory_20260715/cta_ffl_constant_placebo/seed2/per_case_metrics.csv,21322,23616130639c30316c737768948b114eb79094f83e2e87626fa65227d1f1df18
results/v7/per_case/master_test_per_case/runs_v5_confirmatory_20260715/cta_ffl_constant_placebo/seed3/per_case_metrics.csv,21276,bddd4b12d456238d18f80fac272364f15e837b90e96924185a4bbb34741f22f8
results/v7/per_case/master_test_per_case/runs_v5_confirmatory_20260715/cta_ffl_constant_placebo/seed4/per_case_metrics.csv,21209,5faba287ce05fdca45f3213bd37e63e399cb8f731ccdbb35a0349e57b0a742d3
results/v7/per_case/master_test_per_case/runs_v5_confirmatory_20260715/cta_ffl_constant_placebo/seed5/per_case_metrics.csv,21249,20d30475fb539ad16ccf0650f7db3dca78490ac12019392eeadff259f1ae7ff5
results/v7/per_case/master_test_per_case/runs_v5_confirmatory_20260715/cta_ffl_constant_placebo/seed6/per_case_metrics.csv,21288,b04405a177bc9acd5475b20a96de1d1c403aed984eee617ffe6b1224b06f9ec6
results/v7/per_case/master_test_per_case/runs_v5_confirmatory_20260715/cta_ffl_constant_placebo/seed7/per_case_metrics.csv,21222,8ff6dd915fbdf904578e3bdb863e1de78b9ece52636f3f6e89a2ecc1949ee5e3
results/v7/per_case/master_test_per_case/runs_v5_confirmatory_20260715/cta_ffl_constant_placebo/seed8/per_case_metrics.csv,21269,06166c0a5a501fcfc17d67247d8f058844b5da71f90eb73f4ecff03616959645
results/v7/per_case/master_test_per_case/runs_v5_confirmatory_20260715/cta_ffl_constant_placebo/seed9/per_case_metrics.csv,21245,f48368a3e754847259569afd902a47a8c32ad723dbfb27bf152e01f111630965
results/v7/per_case/master_test_per_case/runs_v5_confirmatory_20260715/cta_ffl_independent_nuisance/seed0/per_case_metrics.csv,21165,4b171a42cb20e858b0adf4e44848973b279d09affbc18da6b354e108887dd960
results/v7/per_case/master_test_per_case/runs_v5_confirmatory_20260715/cta_ffl_independent_nuisance/seed1/per_case_metrics.csv,21260,07369453b218940e97580cecbf89803eb6d537e018efcf544262caf82fe308f5
results/v7/per_case/master_test_per_case/runs_v5_confirmatory_20260715/cta_ffl_independent_nuisance/seed2/per_case_metrics.csv,21091,f61e0f624e54c37a031c46be3a3b5aa1b88fa49aedd54ab6b355a9b9c5249601
results/v7/per_case/master_test_per_case/runs_v5_confirmatory_20260715/cta_ffl_independent_nuisance/seed3/per_case_metrics.csv,21232,210d0d5b75edb8d3ccc95e5e65dce3c2e750cf851c30667efc907671e80aef01
results/v7/per_case/master_test_per_case/runs_v5_confirmatory_20260715/cta_ffl_independent_nuisance/seed4/per_case_metrics.csv,21237,b12463b02cb07af6bc8ea4cafbc3845fed7fa33b6416cc16c440b3c284e053e9
results/v7/per_case/master_test_per_case/runs_v5_confirmatory_20260715/cta_ffl_independent_nuisance/seed5/per_case_metrics.csv,21172,051d257d5f0c2ac9346781c1b73253f25b152e50ba8f60057f1ff0ec90997c33
results/v7/per_case/master_test_per_case/runs_v5_confirmatory_20260715/cta_ffl_independent_nuisance/seed6/per_case_metrics.csv,21081,342e3b1a50c4e542ffa2a2bb3bd66329ff5a18f26584669162fa1dba6f4d1dea
results/v7/per_case/master_test_per_case/runs_v5_confirmatory_20260715/cta_ffl_independent_nuisance/seed7/per_case_metrics.csv,21258,ba8c45906db20ebf0af05e8cd49f9fb38952e3e6218820fa209ab3e3593b3c82
results/v7/per_case/master_test_per_case/runs_v5_confirmatory_20260715/cta_ffl_independent_nuisance/seed8/per_case_metrics.csv,21190,105a1f6374f63cc7ede32b241e1a5f76d1d507c3e5003ad101dd26e33eb36e35
results/v7/per_case/master_test_per_case/runs_v5_confirmatory_20260715/cta_ffl_independent_nuisance/seed9/per_case_metrics.csv,21141,63219de78d9c29c822840c21b5f7c2e7779f37f6f60572418a75a4ba0b2645d9
results/v7/per_case/master_test_per_case/runs_v5_confirmatory_20260715/cta_ffl_k_only/seed0/per_case_metrics.csv,21302,b50a8dfbf2f6c956a90fb02ffa8415de1f93cefe37dc4709c48b18110c21c236
results/v7/per_case/master_test_per_case/runs_v5_confirmatory_20260715/cta_ffl_k_only/seed1/per_case_metrics.csv,21257,d4feda77eedc275303658c91f00ccc7a5dc1da0fd177437e0984c5c5bf7fa993
results/v7/per_case/master_test_per_case/runs_v5_confirmatory_20260715/cta_ffl_k_only/seed2/per_case_metrics.csv,21301,12ea83255bf241b8d19e8ae0e4fc11289effe50804f47e7f2c07280ae37f167f
results/v7/per_case/master_test_per_case/runs_v5_confirmatory_20260715/cta_ffl_k_only/seed3/per_case_metrics.csv,21259,2083aab5bd4f407e1c242658a1ce717d5b7bf3a4d95e6b6051becafb89901ee7
results/v7/per_case/master_test_per_case/runs_v5_confirmatory_20260715/cta_ffl_k_only/seed4/per_case_metrics.csv,21270,35eba8af8396e554930a03f195246abbf8faccc155dcdd1b53ba6fb931a36786
results/v7/per_case/master_test_per_case/runs_v5_confirmatory_20260715/cta_ffl_k_only/seed5/per_case_metrics.csv,21228,e2fdb15285fc5aec033d3f46981fe28d39fd7c2f01921bc117ee5a772cfe7cbf
results/v7/per_case/master_test_per_case/runs_v5_confirmatory_20260715/cta_ffl_k_only/seed6/per_case_metrics.csv,21275,073e94b4fa9481bbcc2ee4a4f5625a8e37744ad5dbeeb23f006dc7802e37d31f
results/v7/per_case/master_test_per_case/runs_v5_confirmatory_20260715/cta_ffl_k_only/seed7/per_case_metrics.csv,21218,26a415581f1bbc59ec2f32ea1d7bb30a9a3d241d21295b001b50003a0ac3e434
results/v7/per_case/master_test_per_case/runs_v5_confirmatory_20260715/cta_ffl_k_only/seed8/per_case_metrics.csv,21270,482b214bdfd1ad99b88206d81125fb8431ddbc61d0d83e8cf75dddb8e320d8bc
results/v7/per_case/master_test_per_case/runs_v5_confirmatory_20260715/cta_ffl_k_only/seed9/per_case_metrics.csv,21287,b53fd10fc7a828355f16435d7abd2a95a2e72673e3c644a424722468bd66b118
results/v7/per_case/master_test_per_case/runs_v5_confirmatory_20260715/cta_ffl_matched/seed0/per_case_metrics.csv,21464,13b1fc45b40e74d46ab09832f28b006dc985874e56572d656254db670e0f0d87
results/v7/per_case/master_test_per_case/runs_v5_confirmatory_20260715/cta_ffl_matched/seed1/per_case_metrics.csv,21444,0c167576ae58e04b5e71374cb0ff68e0e3474ea6d56e7f251216102a4363b455
results/v7/per_case/master_test_per_case/runs_v5_confirmatory_20260715/cta_ffl_matched/seed2/per_case_metrics.csv,21470,a5c38208535b33901241fe286177c8fe53916841b2c8e62c27aebf70d80b04c5
results/v7/per_case/master_test_per_case/runs_v5_confirmatory_20260715/cta_ffl_matched/seed3/per_case_metrics.csv,21433,6a6d2472cadac9b049442ca34e5c5821515f0b58e8f01ef24b06b4cbb60e0bd5
results/v7/per_case/master_test_per_case/runs_v5_confirmatory_20260715/cta_ffl_matched/seed4/per_case_metrics.csv,21474,166c6c5cd7c248448696ec061566c5f17c4ef682a720cb82aaa555deade43c80
results/v7/per_case/master_test_per_case/runs_v5_confirmatory_20260715/cta_ffl_matched/seed5/per_case_metrics.csv,21488,6016e68f95164ae02bbc4ff3239818cffc9b03fcd1014cba1fd14f9d7fbde3cc
results/v7/per_case/master_test_per_case/runs_v5_confirmatory_20260715/cta_ffl_matched/seed6/per_case_metrics.csv,21486,281d7142a453090b621b82ed06c61497b1c0d674888a1550918ef837338e2596
results/v7/per_case/master_test_per_case/runs_v5_confirmatory_20260715/cta_ffl_matched/seed7/per_case_metrics.csv,21476,08b5be421f4b0ec3c6fe105b9b32e358f817d756308bc02e60bb0b77dcef54e7
results/v7/per_case/master_test_per_case/runs_v5_confirmatory_20260715/cta_ffl_matched/seed8/per_case_metrics.csv,21465,c38f7c27a43f593a5c90bb2a9a3e6f7ea2f7cd2b23667b3d713490080c2a05e4
results/v7/per_case/master_test_per_case/runs_v5_confirmatory_20260715/cta_ffl_matched/seed9/per_case_metrics.csv,21432,360712e3b61fc44bc0ec9bc8b0d331c7539d0839559c381cc3090c1f4099a9e6
results/v7/per_case/master_test_per_case/runs_v5_confirmatory_20260715/cta_ffl_permuted/seed0/per_case_metrics.csv,21463,7c2bb8b1423e5d9673c767378ac9acd0752e2c10e56ed972dc72517d83efa995
results/v7/per_case/master_test_per_case/runs_v5_confirmatory_20260715/cta_ffl_permuted/seed1/per_case_metrics.csv,21435,9f8e0cf7e3fe2bcfef3c191960d5f7f9473ce9239610d62fd87b04904adb3463
results/v7/per_case/master_test_per_case/runs_v5_confirmatory_20260715/cta_ffl_permuted/seed2/per_case_metrics.csv,21471,2f3ac327b888cc653917879518e0fb1e6ac3af19e6be743460bc707de250d27a
results/v7/per_case/master_test_per_case/runs_v5_confirmatory_20260715/cta_ffl_permuted/seed3/per_case_metrics.csv,21444,d2833d263cfc4e46c0a3fb8208af930bf82a5fc491684e50cbe8bf9112e38cc8
results/v7/per_case/master_test_per_case/runs_v5_confirmatory_20260715/cta_ffl_permuted/seed4/per_case_metrics.csv,21484,378102d11d4672aa7451fb123eb427c47eebc19aab67b95fe92bfb74082c31f4
results/v7/per_case/master_test_per_case/runs_v5_confirmatory_20260715/cta_ffl_permuted/seed5/per_case_metrics.csv,21443,f8d5e9d8540ce0d565ecce9c19c9e651d3b2ae74a13beb3a156cf89acf9ef96c
results/v7/per_case/master_test_per_case/runs_v5_confirmatory_20260715/cta_ffl_permuted/seed6/per_case_metrics.csv,21465,a25c09f536a910db2705422dda38f5e6ffdf06cbce225fe2844777a3b273ae08
results/v7/per_case/master_test_per_case/runs_v5_confirmatory_20260715/cta_ffl_permuted/seed7/per_case_metrics.csv,21486,8c47a93a7b66314259213c3fe42c4615c34cdd45abd7cbe9efa75c9eb038bf8a
results/v7/per_case/master_test_per_case/runs_v5_confirmatory_20260715/cta_ffl_permuted/seed8/per_case_metrics.csv,21445,4cba9c3e4bf584a7661a086a54cf65d6ba76027327b599c106320a1444d3df87
results/v7/per_case/master_test_per_case/runs_v5_confirmatory_20260715/cta_ffl_permuted/seed9/per_case_metrics.csv,21434,e068b2c3c3ae9fb2246fd41e9a1c8ca9db5d0fd05b91070e13edbe52da49e17e
results/v7/per_case/master_test_per_case/runs_v5_confirmatory_20260715/ms_tmo_matched/seed0/per_case_metrics.csv,21482,da6d4135dac697fa6e0c8a033f92d99d2bccc620dfc60238b7042a992c32c097
results/v7/per_case/master_test_per_case/runs_v5_confirmatory_20260715/ms_tmo_matched/seed1/per_case_metrics.csv,21490,6b37ecfb13d4cf995539b2905f54b36c280abc05785fc464183533ae95570ec3
results/v7/per_case/master_test_per_case/runs_v5_confirmatory_20260715/ms_tmo_matched/seed2/per_case_metrics.csv,21450,47749f8347c77a02951b2dee59349a363a8168e9bdb2b185ccfed03e90533f75
results/v7/per_case/master_test_per_case/runs_v5_confirmatory_20260715/ms_tmo_matched/seed3/per_case_metrics.csv,21506,b0a56db9a10f543c360fa27d42ca00010d7502de3e954b33d696c8c5b4340e0a
results/v7/per_case/master_test_per_case/runs_v5_confirmatory_20260715/ms_tmo_matched/seed4/per_case_metrics.csv,21498,8417551caea04a5ea9ab7d40a2e98fe64a926fe01268b61d5dbecbb408bc2d08
results/v7/per_case/master_test_per_case/runs_v5_confirmatory_20260715/ms_tmo_matched/seed5/per_case_metrics.csv,21524,d5dab21aeb75d42225bdd8efef56e53e6f63d74b4683d6bc7a666f6a21c206bc
results/v7/per_case/master_test_per_case/runs_v5_confirmatory_20260715/ms_tmo_matched/seed6/per_case_metrics.csv,21498,54d8b1cfe71fba793ccb36b419e566ec3e342ad5eb2da0f5130b49796ecd9c4b
results/v7/per_case/master_test_per_case/runs_v5_confirmatory_20260715/ms_tmo_matched/seed7/per_case_metrics.csv,21520,50534370a758458a7940c24f34627d2d4ae3a0052b6e9a54ada82f4a03884b45
results/v7/per_case/master_test_per_case/runs_v5_confirmatory_20260715/ms_tmo_matched/seed8/per_case_metrics.csv,21478,b98a5b4ce539e5d9c9185d2c3a3a53bf9733ce1d29a0b43e5bc008c11035e45e
results/v7/per_case/master_test_per_case/runs_v5_confirmatory_20260715/ms_tmo_matched/seed9/per_case_metrics.csv,21492,0555cadd04c4e86bd5f2ad7e8b56b550427d9a223d85c4e6d0c776a46b931243
results/v7/per_case/master_test_per_case/runs_v6_factorization_topup_20260921/compositional/v3_factorized_continuous/seed5/per_case_metrics.csv,21416,b43ea818ac7b6facd546b39d5e0890cc14402c9774cc63741788500a82fe7056
results/v7/per_case/master_test_per_case/runs_v6_factorization_topup_20260921/compositional/v3_factorized_continuous/seed6/per_case_metrics.csv,21414,ad8ca5c737a616276a97c7f6a2aafbc98c9861c17b69fcbb50bf903ef4ef7d74
results/v7/per_case/master_test_per_case/runs_v6_factorization_topup_20260921/compositional/v3_factorized_continuous/seed7/per_case_metrics.csv,21442,993c350e5ae97af108053edadec4d95033e480d645892bb85d60499e9e9c5285
results/v7/per_case/master_test_per_case/runs_v6_factorization_topup_20260921/compositional/v3_factorized_continuous/seed8/per_case_metrics.csv,21422,0feaa4cade0fed9dc774f73fae97e89108947ac3762356e9010443688545f4ce
results/v7/per_case/master_test_per_case/runs_v6_factorization_topup_20260921/compositional/v3_factorized_continuous/seed9/per_case_metrics.csv,21439,221d840a01e93888a83b130f220d2e8e2cf3068e62be3d68e6aeb01f0def39f8
results/v7/per_case/master_test_per_case/runs_v6_factorization_topup_20260921/compositional/v4_joint_continuous/seed5/per_case_metrics.csv,21391,c8e37eff9044d58ccaec54ee92a45948b07873509b30a569c00053413ac8da46
results/v7/per_case/master_test_per_case/runs_v6_factorization_topup_20260921/compositional/v4_joint_continuous/seed6/per_case_metrics.csv,21447,d3a6707d165e7544b27e9d240f415d11faa5b6e857bf3194f30828baac8cbeee
results/v7/per_case/master_test_per_case/runs_v6_factorization_topup_20260921/compositional/v4_joint_continuous/seed7/per_case_metrics.csv,21418,0fa1dfcad3eb013630bddaf168c8de740715bfc38791b5e1fd82c3076d131052
results/v7/per_case/master_test_per_case/runs_v6_factorization_topup_20260921/compositional/v4_joint_continuous/seed8/per_case_metrics.csv,21466,975ab4017b7adadf31b213118ef2abd7f816b587365ef76af49f1e92342a69d5
results/v7/per_case/master_test_per_case/runs_v6_factorization_topup_20260921/compositional/v4_joint_continuous/seed9/per_case_metrics.csv,21402,f8b549d15664b0db4e801a8b8be9557e333ead6fff6aba989295cd6f56e53d85
results/v7/per_case/master_test_per_case/runs_v6_realization_disjoint_20260921/compositional/k_only/seed0/per_case_metrics.csv,8108,c5a7600d7c0b36d41e43d0fda8096b2e7b9f45c184eec973d1c0ab1dde31c37e
results/v7/per_case/master_test_per_case/runs_v6_realization_disjoint_20260921/compositional/k_only/seed0/per_case_metrics_twins.csv,13213,f676fcc602fca5c58559cc59c75b494255264c9c2cadefff04c084fa2905fbb9
results/v7/per_case/master_test_per_case/runs_v6_realization_disjoint_20260921/compositional/k_only/seed1/per_case_metrics.csv,8126,2293ecaed6d67c9a5dfb8799143ad962214ec6ebeddea6a327a96202d1862842
results/v7/per_case/master_test_per_case/runs_v6_realization_disjoint_20260921/compositional/k_only/seed1/per_case_metrics_twins.csv,13274,9fbf16896f5c4171110b6a2722f2ce6c4d1678e25f6762bf4001e20121100c61
results/v7/per_case/master_test_per_case/runs_v6_realization_disjoint_20260921/compositional/k_only/seed2/per_case_metrics.csv,8110,857749ba9d6a07ebcd761e1665395715c4ed9fc193d85569bebf469d261638a9
results/v7/per_case/master_test_per_case/runs_v6_realization_disjoint_20260921/compositional/k_only/seed2/per_case_metrics_twins.csv,13192,480e2b9859e4d7ab17b076f6e7b066fa9c173a30d840b4c1573f43804860339b
results/v7/per_case/master_test_per_case/runs_v6_realization_disjoint_20260921/compositional/k_only/seed3/per_case_metrics.csv,8125,08db109dc842462ef4ab8cca456d40181cff97fe38fcc4a9f0dc6a500fb7fe90
results/v7/per_case/master_test_per_case/runs_v6_realization_disjoint_20260921/compositional/k_only/seed3/per_case_metrics_twins.csv,13251,88aaa2e9c1824a156093cc44dc5db73be9361ca4ade247ac40f3172d371fc10d
results/v7/per_case/master_test_per_case/runs_v6_realization_disjoint_20260921/compositional/k_only/seed4/per_case_metrics.csv,8116,2bb762c7b41b26046de96244ce9b77fc46c2ac38eb0cb9148f9deb178b34bda5
results/v7/per_case/master_test_per_case/runs_v6_realization_disjoint_20260921/compositional/k_only/seed4/per_case_metrics_twins.csv,13222,19de1dd2653bcbf5df1df3dc35ef64e28d7871965d5823db29cd56eaac443441
results/v7/per_case/master_test_per_case/runs_v6_realization_disjoint_20260921/compositional/v0_raw_channels/seed0/per_case_metrics.csv,8101,df4196f93e11684f1674a68d4657cebaa677c7988d3ab65f87fac653489eb6d4
results/v7/per_case/master_test_per_case/runs_v6_realization_disjoint_20260921/compositional/v0_raw_channels/seed0/per_case_metrics_twins.csv,13275,77e0cc0b820f05f88928599c3c15a6b365209e95d199af40632ff090fbe0e33c
results/v7/per_case/master_test_per_case/runs_v6_realization_disjoint_20260921/compositional/v0_raw_channels/seed1/per_case_metrics.csv,8117,a6c0295a107f46ba619be8c818e2c98919c9efefba99ba414e4f01c53edb546c
results/v7/per_case/master_test_per_case/runs_v6_realization_disjoint_20260921/compositional/v0_raw_channels/seed1/per_case_metrics_twins.csv,13333,9ab6e154ae5fa6c9e77355c43724a24acac749db5afceae48a86a4ea5b7bac0f
results/v7/per_case/master_test_per_case/runs_v6_realization_disjoint_20260921/compositional/v0_raw_channels/seed2/per_case_metrics.csv,8122,9d31b37e9889cf8cf80d1283ff2e03d16a1d03a2351847d6da16d597fd2d6d7e
results/v7/per_case/master_test_per_case/runs_v6_realization_disjoint_20260921/compositional/v0_raw_channels/seed2/per_case_metrics_twins.csv,13316,94bc281177189e5c3e57dc19d4a448344a7f9b7da1c31c5d50918a0806fe8a66
results/v7/per_case/master_test_per_case/runs_v6_realization_disjoint_20260921/compositional/v0_raw_channels/seed3/per_case_metrics.csv,8129,0d4591329113f27c39dfc16ac8ced23b8d0e10929e19b1cd8fcfd867ba710162
results/v7/per_case/master_test_per_case/runs_v6_realization_disjoint_20260921/compositional/v0_raw_channels/seed3/per_case_metrics_twins.csv,13322,7adcd4dfb1e4f96e1205d26992897048a96d6e6eadb53463189b3bef776d4a61
results/v7/per_case/master_test_per_case/runs_v6_realization_disjoint_20260921/compositional/v0_raw_channels/seed4/per_case_metrics.csv,8123,925aa6b70827fa8da61980336b04fa515ad040e7bd6be78429b844d5248ca246
results/v7/per_case/master_test_per_case/runs_v6_realization_disjoint_20260921/compositional/v0_raw_channels/seed4/per_case_metrics_twins.csv,13326,06d94188193a207b4dda05b547c7dabac03516cbec3e229be812cffd0a8a8a1c
results/v7/per_case/master_test_per_case/runs_v6_realization_disjoint_20260921/compositional/v1_factorized_levels/seed0/per_case_metrics.csv,8118,fe401a319c62ef4f1687b16310b63406b2fe12fd8a904df304238a59c03e10a1
results/v7/per_case/master_test_per_case/runs_v6_realization_disjoint_20260921/compositional/v1_factorized_levels/seed0/per_case_metrics_twins.csv,13322,aee0cd87857f8c9fe019c7a998f093a44b9b966826a2a798d9f2720c186eb722
results/v7/per_case/master_test_per_case/runs_v6_realization_disjoint_20260921/compositional/v1_factorized_levels/seed1/per_case_metrics.csv,8121,35855b45bb48a1ec9bbb42ead387b51d15784a71aa93b0e3bc35413f69b0effd
results/v7/per_case/master_test_per_case/runs_v6_realization_disjoint_20260921/compositional/v1_factorized_levels/seed1/per_case_metrics_twins.csv,13301,8cf99c94444fb13ba041ebfd01e33cdc0f67dd1ece5befc133e66b82d386e88d
results/v7/per_case/master_test_per_case/runs_v6_realization_disjoint_20260921/compositional/v1_factorized_levels/seed2/per_case_metrics.csv,8116,f682c7dbc5570b1345c8300602422a944b2d035b73b68bc2a645a4211a8ccab5
results/v7/per_case/master_test_per_case/runs_v6_realization_disjoint_20260921/compositional/v1_factorized_levels/seed2/per_case_metrics_twins.csv,13318,9682cd4036606ba521732b6c907bbc3ad03beb3f10769706caeb3ee0f830ba67
results/v7/per_case/master_test_per_case/runs_v6_realization_disjoint_20260921/compositional/v1_factorized_levels/seed3/per_case_metrics.csv,8116,4bd33822859aeeae619f595064dbadcd86f44e96f6942dce3ce8c17ae1f078d8
results/v7/per_case/master_test_per_case/runs_v6_realization_disjoint_20260921/compositional/v1_factorized_levels/seed3/per_case_metrics_twins.csv,13344,7b92fcba3e027edefad938178d37db4ee75ec3534d2979a08e695f920f9c4691
results/v7/per_case/master_test_per_case/runs_v6_realization_disjoint_20260921/compositional/v1_factorized_levels/seed4/per_case_metrics.csv,8104,bec5f4f3d442e1de89198802a985baa3802724e11844df87a9773cfc5ce77539
results/v7/per_case/master_test_per_case/runs_v6_realization_disjoint_20260921/compositional/v1_factorized_levels/seed4/per_case_metrics_twins.csv,13281,ad1eec5bf5a787429e816781a89d41e24c1f7f7a6905f0ed889b6d4aa2a23d60
results/v7/per_case/poolT_per_case/runs_method_upgrade_pilot_20260723/compositional/v0_raw_channels/seed0/e1_fresh_seed_pool_T/best/per_case_metrics.csv,97877,f9299b7085099f355931b75a4e5bd8104af53ef828d5c312a21ae5ce2a0ce351
results/v7/per_case/poolT_per_case/runs_method_upgrade_pilot_20260723/compositional/v0_raw_channels/seed0/e1_fresh_seed_pool_T/last/per_case_metrics.csv,97803,0349b4497f88162575c342ea6c5be3042769104f3f62286c4805d7ebd6f4a9a0
results/v7/per_case/poolT_per_case/runs_method_upgrade_pilot_20260723/compositional/v0_raw_channels/seed0/e1_fresh_seed_pool_T2new/best/per_case_metrics.csv,40015,555ee870b3cfde4e2d8838995f75525366c1f876bb07fe7b25ce7cfe1b138d59
results/v7/per_case/poolT_per_case/runs_method_upgrade_pilot_20260723/compositional/v0_raw_channels/seed1/e1_fresh_seed_pool_T/best/per_case_metrics.csv,97934,3aa838dec97137653b832b3c9dc18dbeec81870a9e50348d17f04a38d7950346
results/v7/per_case/poolT_per_case/runs_method_upgrade_pilot_20260723/compositional/v0_raw_channels/seed1/e1_fresh_seed_pool_T/last/per_case_metrics.csv,97851,99d7e20f69e4b10ef6f2c0ec88ed9b9908be7497ee2c17598fbbba840b3ab110
results/v7/per_case/poolT_per_case/runs_method_upgrade_pilot_20260723/compositional/v0_raw_channels/seed1/e1_fresh_seed_pool_T2new/best/per_case_metrics.csv,40050,fe8465567861fa421ef9009eae9d4371168d2eebb73c5ceadfa91c48f7be8ab6
results/v7/per_case/poolT_per_case/runs_method_upgrade_pilot_20260723/compositional/v0_raw_channels/seed2/e1_fresh_seed_pool_T/best/per_case_metrics.csv,97871,8038a4ca9decb90e595c3405c8b4055eb0e5eb1cf3bb2b1aa580efc0706ed73f
results/v7/per_case/poolT_per_case/runs_method_upgrade_pilot_20260723/compositional/v0_raw_channels/seed2/e1_fresh_seed_pool_T/last/per_case_metrics.csv,97826,45f9f1a8364310607192cb03f7d1b4a3b29064e0799c9b36f297ee3d3a8c1f04
results/v7/per_case/poolT_per_case/runs_method_upgrade_pilot_20260723/compositional/v0_raw_channels/seed2/e1_fresh_seed_pool_T2new/best/per_case_metrics.csv,39985,92d0ff850ed7691b65b1673c802bb57076bafebaafdc0ccfb8ce0824629ff2d1
results/v7/per_case/poolT_per_case/runs_method_upgrade_pilot_20260723/compositional/v0_raw_channels/seed3/e1_fresh_seed_pool_T/best/per_case_metrics.csv,97891,69e27b118a5dbce68e3fd7d4477cef462560c3e3c1059afe6f1ec151bdd5fd43
results/v7/per_case/poolT_per_case/runs_method_upgrade_pilot_20260723/compositional/v0_raw_channels/seed3/e1_fresh_seed_pool_T/last/per_case_metrics.csv,97900,f789fdefcd5d8a3110eb8c7ece0951a9377217f9159b18a3cfed4a20e1af1e41
results/v7/per_case/poolT_per_case/runs_method_upgrade_pilot_20260723/compositional/v0_raw_channels/seed3/e1_fresh_seed_pool_T2new/best/per_case_metrics.csv,40018,7eaa70a507e70e4affe248413cb62fab83b3b9a4dc363f337fed5796f1b55613
results/v7/per_case/poolT_per_case/runs_method_upgrade_pilot_20260723/compositional/v0_raw_channels/seed4/e1_fresh_seed_pool_T/best/per_case_metrics.csv,97881,c28b61434e7155c720058aa74739d826a64ab746f5ac002836c2586af71ac61d
results/v7/per_case/poolT_per_case/runs_method_upgrade_pilot_20260723/compositional/v0_raw_channels/seed4/e1_fresh_seed_pool_T/last/per_case_metrics.csv,97867,1dcd130eef04825a7d94f7c5b71a7cc73df3f9c18e90e115882a0669fe95ae14
results/v7/per_case/poolT_per_case/runs_method_upgrade_pilot_20260723/compositional/v0_raw_channels/seed4/e1_fresh_seed_pool_T2new/best/per_case_metrics.csv,40027,049d9875ab93193bdf3e51cc58372d659a2be98fdf1db03a9d912588892da947
results/v7/per_case/poolT_per_case/runs_method_upgrade_pilot_20260723/compositional/v0_raw_channels/seed5/e1_fresh_seed_pool_T/best/per_case_metrics.csv,97831,47866df1de7f0ef6ae6ca831465a33c50a70ffbe779e72f7adaa7fc2227e93f7
results/v7/per_case/poolT_per_case/runs_method_upgrade_pilot_20260723/compositional/v0_raw_channels/seed5/e1_fresh_seed_pool_T/last/per_case_metrics.csv,97802,a117cf4c16680c131bb125c812455c7e70fc850f0c52e5c55fba68c06c389554
results/v7/per_case/poolT_per_case/runs_method_upgrade_pilot_20260723/compositional/v0_raw_channels/seed5/e1_fresh_seed_pool_T2new/best/per_case_metrics.csv,39982,9e984c129239ed440053de02c77cad965a418f7c2458bc4bf46bf8191513c61b
results/v7/per_case/poolT_per_case/runs_method_upgrade_pilot_20260723/compositional/v0_raw_channels/seed6/e1_fresh_seed_pool_T/best/per_case_metrics.csv,97887,db1fda6a4109bc8c29a9a92aac283fb0d3f46b933115c1c5da3af3e5ff4b8c11
results/v7/per_case/poolT_per_case/runs_method_upgrade_pilot_20260723/compositional/v0_raw_channels/seed6/e1_fresh_seed_pool_T/last/per_case_metrics.csv,97875,377283786674f1747b0657b70dd48eb3cd472bfc8b377cd41e7a197aef568b8f
results/v7/per_case/poolT_per_case/runs_method_upgrade_pilot_20260723/compositional/v0_raw_channels/seed6/e1_fresh_seed_pool_T2new/best/per_case_metrics.csv,40005,46b0066dc39973641ad95dc817dc799b840b63f97bb022d8952108550dc9c6d9
results/v7/per_case/poolT_per_case/runs_method_upgrade_pilot_20260723/compositional/v0_raw_channels/seed7/e1_fresh_seed_pool_T/best/per_case_metrics.csv,97833,a30c62de651f9be921d6edac59c32232d06af1aa976e20ae01b3ad0157e03425
results/v7/per_case/poolT_per_case/runs_method_upgrade_pilot_20260723/compositional/v0_raw_channels/seed7/e1_fresh_seed_pool_T/last/per_case_metrics.csv,97857,d0c54dfd3faf2366484d43a61b074df63cfc67202c86d1fb65778a3a2f3f816f
results/v7/per_case/poolT_per_case/runs_method_upgrade_pilot_20260723/compositional/v0_raw_channels/seed7/e1_fresh_seed_pool_T2new/best/per_case_metrics.csv,39941,f5ee973027c875ebbd7d2b1301ff6fa9144e1116ddf1d320e50f26e6c722c1c2
results/v7/per_case/poolT_per_case/runs_method_upgrade_pilot_20260723/compositional/v0_raw_channels/seed8/e1_fresh_seed_pool_T/best/per_case_metrics.csv,97827,0221f0b93434ee55cebbd60a486769698aba4240206c02db8a7e469cfe570663
results/v7/per_case/poolT_per_case/runs_method_upgrade_pilot_20260723/compositional/v0_raw_channels/seed8/e1_fresh_seed_pool_T/last/per_case_metrics.csv,97891,287170facf025813ffe44be983e3d53b686c8af52dddb8f22927cde0bda30053
results/v7/per_case/poolT_per_case/runs_method_upgrade_pilot_20260723/compositional/v0_raw_channels/seed8/e1_fresh_seed_pool_T2new/best/per_case_metrics.csv,40059,ae25a15bfd69cbfb390ab73db7489adfb2cc233c5e6104dae6c59e87aaa77c37
results/v7/per_case/poolT_per_case/runs_method_upgrade_pilot_20260723/compositional/v0_raw_channels/seed9/e1_fresh_seed_pool_T/best/per_case_metrics.csv,97820,ae1c0325d32bf801f72dfc0323e91b11a088c9fa9fb693533933a6bdb422f333
results/v7/per_case/poolT_per_case/runs_method_upgrade_pilot_20260723/compositional/v0_raw_channels/seed9/e1_fresh_seed_pool_T/last/per_case_metrics.csv,97870,777a4ef697fd5e32c801f80d815d86d6a49663381acf587f295dbc5698777232
results/v7/per_case/poolT_per_case/runs_method_upgrade_pilot_20260723/compositional/v0_raw_channels/seed9/e1_fresh_seed_pool_T2new/best/per_case_metrics.csv,40028,962102b6cdae0b58fdbbf21631026b93578bd889105c8c8bb59a04a9e7331302
results/v7/per_case/poolT_per_case/runs_method_upgrade_pilot_20260723/compositional/v1_factorized_levels/seed0/e1_fresh_seed_pool_T/best/per_case_metrics.csv,97794,1ff1a40b4b9a8e1ac6b1666d3190c369562ebab9e3e7d35801b23b7be7cf682b
results/v7/per_case/poolT_per_case/runs_method_upgrade_pilot_20260723/compositional/v1_factorized_levels/seed0/e1_fresh_seed_pool_T/last/per_case_metrics.csv,97879,75decfa1c7c3d89032548fdc89472620de394f798365a401ad33ab1c311a5e5d
results/v7/per_case/poolT_per_case/runs_method_upgrade_pilot_20260723/compositional/v1_factorized_levels/seed0/e1_fresh_seed_pool_T2new/best/per_case_metrics.csv,39973,eee90062c45ad752aa52c0d01f53aabb33336cd96e8ef427615789488ab07a09
results/v7/per_case/poolT_per_case/runs_method_upgrade_pilot_20260723/compositional/v1_factorized_levels/seed1/e1_fresh_seed_pool_T/best/per_case_metrics.csv,97751,17f2950d2b322ce7148227326355bec1c459d7e0777cfc2f207d26e9b316fcd7
results/v7/per_case/poolT_per_case/runs_method_upgrade_pilot_20260723/compositional/v1_factorized_levels/seed1/e1_fresh_seed_pool_T/last/per_case_metrics.csv,97792,3e0ced38638338042b732465cddae6eb1d5d7683d5dc59da06411dd828892ea2
results/v7/per_case/poolT_per_case/runs_method_upgrade_pilot_20260723/compositional/v1_factorized_levels/seed1/e1_fresh_seed_pool_T2new/best/per_case_metrics.csv,39976,c59f4664523bbe6f966b2319594bd4f9737ddbfdcf1e128924644d348426c4ae
results/v7/per_case/poolT_per_case/runs_method_upgrade_pilot_20260723/compositional/v1_factorized_levels/seed2/e1_fresh_seed_pool_T/best/per_case_metrics.csv,97850,037a132494eca9c15c7494f17af7eb1bcb0bf2d1f97cb21adcbaf8588a6231ab
results/v7/per_case/poolT_per_case/runs_method_upgrade_pilot_20260723/compositional/v1_factorized_levels/seed2/e1_fresh_seed_pool_T/last/per_case_metrics.csv,97858,79eedb48e4177989527015eca87e70e3f91a5352abd98935fb9ee473d728ddb0
results/v7/per_case/poolT_per_case/runs_method_upgrade_pilot_20260723/compositional/v1_factorized_levels/seed2/e1_fresh_seed_pool_T2new/best/per_case_metrics.csv,39992,01415f65a5d0824501211a5bb60c056b939d6ce1ef6b121af149cc330c94d64b
results/v7/per_case/poolT_per_case/runs_method_upgrade_pilot_20260723/compositional/v1_factorized_levels/seed3/e1_fresh_seed_pool_T/best/per_case_metrics.csv,97859,10e2d1ac98f2ee5a26f242a8b9f35882b7319dce378f081a717036549ba4f5a6
results/v7/per_case/poolT_per_case/runs_method_upgrade_pilot_20260723/compositional/v1_factorized_levels/seed3/e1_fresh_seed_pool_T/last/per_case_metrics.csv,97857,4265ac46afc4aa5ade52392f79b26873941bf1b24a30139a2604c01a2a4817b2
results/v7/per_case/poolT_per_case/runs_method_upgrade_pilot_20260723/compositional/v1_factorized_levels/seed3/e1_fresh_seed_pool_T2new/best/per_case_metrics.csv,39983,97fc1c1ca3baa7c0cf005f7f1c60e089d869b63d1374af2d532cdf95fe45db62
results/v7/per_case/poolT_per_case/runs_method_upgrade_pilot_20260723/compositional/v1_factorized_levels/seed4/e1_fresh_seed_pool_T/best/per_case_metrics.csv,97858,ba12cd0f8d43c645d98f8e77cd9ca757f6f74b6a62a7cd35b9edf74e59e3c055
results/v7/per_case/poolT_per_case/runs_method_upgrade_pilot_20260723/compositional/v1_factorized_levels/seed4/e1_fresh_seed_pool_T/last/per_case_metrics.csv,97842,95224e6ac76ca2238be021a66e54c804c998149267c9bfd6ee54de1ab6b32b1c
results/v7/per_case/poolT_per_case/runs_method_upgrade_pilot_20260723/compositional/v1_factorized_levels/seed4/e1_fresh_seed_pool_T2new/best/per_case_metrics.csv,39999,3983b35cd0b54f16dd196d9850d3fdf634b1d1926707e4b203ddbe22f5a57078
results/v7/per_case/poolT_per_case/runs_method_upgrade_pilot_20260723/compositional/v1_factorized_levels/seed5/e1_fresh_seed_pool_T/best/per_case_metrics.csv,97918,2ede92680d3960be3f5a60648ce666971391bece04355a53f1aedb05496454df
results/v7/per_case/poolT_per_case/runs_method_upgrade_pilot_20260723/compositional/v1_factorized_levels/seed5/e1_fresh_seed_pool_T/last/per_case_metrics.csv,97885,3d29b509000f0e5e4ba8d55bc43f8ea8b519e66025a030836f29421a46791014
results/v7/per_case/poolT_per_case/runs_method_upgrade_pilot_20260723/compositional/v1_factorized_levels/seed5/e1_fresh_seed_pool_T2new/best/per_case_metrics.csv,39993,e5a3ec66ae7f957ef9df5ce1551f28063ed53d627773c60b258a021ef5f22144
results/v7/per_case/poolT_per_case/runs_method_upgrade_pilot_20260723/compositional/v1_factorized_levels/seed6/e1_fresh_seed_pool_T/best/per_case_metrics.csv,97867,60c83aa0d5295994ec0f470d44b93a33cd003f683ecb6fd40af18e641fe0d681
results/v7/per_case/poolT_per_case/runs_method_upgrade_pilot_20260723/compositional/v1_factorized_levels/seed6/e1_fresh_seed_pool_T/last/per_case_metrics.csv,97867,aeaba1a83912d76316a22af2269f1840b4f0562c11a706255d3d86a5ba19fb57
results/v7/per_case/poolT_per_case/runs_method_upgrade_pilot_20260723/compositional/v1_factorized_levels/seed6/e1_fresh_seed_pool_T2new/best/per_case_metrics.csv,39992,001804c52d6bcdc9d1fb7d312ac58de80500c1f1e652dbaa010a5799f878576f
results/v7/per_case/poolT_per_case/runs_method_upgrade_pilot_20260723/compositional/v1_factorized_levels/seed7/e1_fresh_seed_pool_T/best/per_case_metrics.csv,97886,a100b5e163d0f2c922f419f65b9982ccc9c00e86b8c4cefd270ddb8efff5105c
results/v7/per_case/poolT_per_case/runs_method_upgrade_pilot_20260723/compositional/v1_factorized_levels/seed7/e1_fresh_seed_pool_T/last/per_case_metrics.csv,97870,128cb5f777a5b26fad49db92f4481d1d39e2e4874f91b364d886e93967d35345
results/v7/per_case/poolT_per_case/runs_method_upgrade_pilot_20260723/compositional/v1_factorized_levels/seed7/e1_fresh_seed_pool_T2new/best/per_case_metrics.csv,39985,3e20dffcea87b18be82983086e732e6b0d9a36f579c626304ff34c45f713040f
results/v7/per_case/poolT_per_case/runs_method_upgrade_pilot_20260723/compositional/v1_factorized_levels/seed8/e1_fresh_seed_pool_T/best/per_case_metrics.csv,97823,da72cba2d68de4f63a48683f34ba4e7b452f341c2889a77bf04e0e530539fc92
results/v7/per_case/poolT_per_case/runs_method_upgrade_pilot_20260723/compositional/v1_factorized_levels/seed8/e1_fresh_seed_pool_T/last/per_case_metrics.csv,97860,45692f51ca754bae37ec2901cf4586edbd3b367b393939b85f59ee81498d0371
results/v7/per_case/poolT_per_case/runs_method_upgrade_pilot_20260723/compositional/v1_factorized_levels/seed8/e1_fresh_seed_pool_T2new/best/per_case_metrics.csv,39983,a34d591cd9312904cad4cf984af7f58274d1a168c295008c7cd667888c52d85e
results/v7/per_case/poolT_per_case/runs_method_upgrade_pilot_20260723/compositional/v1_factorized_levels/seed9/e1_fresh_seed_pool_T/best/per_case_metrics.csv,97857,58e7efdd2f92f85de9ed9b6be677a3d2c00f23ed1312e16d22519e6900861137
results/v7/per_case/poolT_per_case/runs_method_upgrade_pilot_20260723/compositional/v1_factorized_levels/seed9/e1_fresh_seed_pool_T/last/per_case_metrics.csv,97840,9fa0ec5041bab7c4e2b9530b24ce1ea6b278266e1056a06e0ebf9be3d026e212
results/v7/per_case/poolT_per_case/runs_method_upgrade_pilot_20260723/compositional/v1_factorized_levels/seed9/e1_fresh_seed_pool_T2new/best/per_case_metrics.csv,39961,7c702c35e5f0e65c5f767dfa9cd7146a8c88ab8434103e6ba622e653956b5519
results/v7/per_case/poolT_per_case/runs_method_upgrade_pilot_20260723/compositional/v2_joint_embedding/seed0/e1_fresh_seed_pool_T/best/per_case_metrics.csv,97856,22cdad898fc97bb6271dad4769e3153eff7db68b25a344366ae1fc3c379a0342
results/v7/per_case/poolT_per_case/runs_method_upgrade_pilot_20260723/compositional/v2_joint_embedding/seed0/e1_fresh_seed_pool_T/last/per_case_metrics.csv,97838,55814b1b9901ae4a0ae712583d2dba17fda35b7c0052f825da5567842c831100
results/v7/per_case/poolT_per_case/runs_method_upgrade_pilot_20260723/compositional/v2_joint_embedding/seed0/e1_fresh_seed_pool_T2new/best/per_case_metrics.csv,40025,7e884148f018f83f305991e2666ce11b5c0a287a2eaa42995f3b48ad2c7dd888
results/v7/per_case/poolT_per_case/runs_method_upgrade_pilot_20260723/compositional/v2_joint_embedding/seed1/e1_fresh_seed_pool_T/best/per_case_metrics.csv,97817,aa9c96aca87664cdbb3484a8a88325111d7dae89f2372a5bea88735e5414f023
results/v7/per_case/poolT_per_case/runs_method_upgrade_pilot_20260723/compositional/v2_joint_embedding/seed1/e1_fresh_seed_pool_T/last/per_case_metrics.csv,97777,47f4e2f75eae13817226ac78f5266b89547727cb8933179bb27ae17f19a3f7c2
results/v7/per_case/poolT_per_case/runs_method_upgrade_pilot_20260723/compositional/v2_joint_embedding/seed1/e1_fresh_seed_pool_T2new/best/per_case_metrics.csv,40020,55b9134a0a4fa2c47d46901d4dd9dbb9bdfee133af008e7ef7f38bbcd4f77172
results/v7/per_case/poolT_per_case/runs_method_upgrade_pilot_20260723/compositional/v2_joint_embedding/seed2/e1_fresh_seed_pool_T/best/per_case_metrics.csv,97865,04f3e37a2b75b1582017a9052c154e5acc836a69bbf5147f365f5cc9a9b9e521
results/v7/per_case/poolT_per_case/runs_method_upgrade_pilot_20260723/compositional/v2_joint_embedding/seed2/e1_fresh_seed_pool_T/last/per_case_metrics.csv,97831,562e1c8657b66d68acd112590150ec14633b56a689b8bc1d408a80a4b7f2f41e
results/v7/per_case/poolT_per_case/runs_method_upgrade_pilot_20260723/compositional/v2_joint_embedding/seed2/e1_fresh_seed_pool_T2new/best/per_case_metrics.csv,40000,512bcb92fffc2bfd31492ed92bc8383a6e012e61f7a64e9872b528aa7146dc4d
results/v7/per_case/poolT_per_case/runs_method_upgrade_pilot_20260723/compositional/v2_joint_embedding/seed3/e1_fresh_seed_pool_T/best/per_case_metrics.csv,97851,26ae45290d0fb5934c5b1314c0c7d6b324c5ccbe425f9b9e98a098fac176a404
results/v7/per_case/poolT_per_case/runs_method_upgrade_pilot_20260723/compositional/v2_joint_embedding/seed3/e1_fresh_seed_pool_T/last/per_case_metrics.csv,97852,105dbdc90d58d527b85e2fb4170418d04f3e8686e6992a8de4d377fc3a4d928e
results/v7/per_case/poolT_per_case/runs_method_upgrade_pilot_20260723/compositional/v2_joint_embedding/seed3/e1_fresh_seed_pool_T2new/best/per_case_metrics.csv,39993,85e68cee9d19f9a6e024f141a58677670241d219e68505ba8539e48c9feb7841
results/v7/per_case/poolT_per_case/runs_method_upgrade_pilot_20260723/compositional/v2_joint_embedding/seed4/e1_fresh_seed_pool_T/best/per_case_metrics.csv,97792,1ed1499c821eb5d562230a38c7524d426ab6cf751c55e7e789e814dce31c5283
results/v7/per_case/poolT_per_case/runs_method_upgrade_pilot_20260723/compositional/v2_joint_embedding/seed4/e1_fresh_seed_pool_T/last/per_case_metrics.csv,97803,85b7e9ac06093869cd4725bb4fe5d169cf07207b364b4472a74ad4658070b3b5
results/v7/per_case/poolT_per_case/runs_method_upgrade_pilot_20260723/compositional/v2_joint_embedding/seed4/e1_fresh_seed_pool_T2new/best/per_case_metrics.csv,40013,c5a9b87dfcab23c2d33e58a7e92b17f46ed67f00745a6fc332e51dc28bfe5832
results/v7/per_case/poolT_per_case/runs_method_upgrade_pilot_20260723/compositional/v2_joint_embedding/seed5/e1_fresh_seed_pool_T/best/per_case_metrics.csv,97848,9d3d85b5f7f9e933471cd052b1a13730a6b0aef6d70b9559f7e83d14322743d7
results/v7/per_case/poolT_per_case/runs_method_upgrade_pilot_20260723/compositional/v2_joint_embedding/seed5/e1_fresh_seed_pool_T/last/per_case_metrics.csv,97871,e75d45296bf1f7982e86605b46eeb1a2cd4b858bf95b4d41b68e6d308e9027d5
results/v7/per_case/poolT_per_case/runs_method_upgrade_pilot_20260723/compositional/v2_joint_embedding/seed5/e1_fresh_seed_pool_T2new/best/per_case_metrics.csv,40030,b6634c050a5a2caaf2820864b7754e6591d1e9582b81aee024283ad9780d873e
results/v7/per_case/poolT_per_case/runs_method_upgrade_pilot_20260723/compositional/v2_joint_embedding/seed6/e1_fresh_seed_pool_T/best/per_case_metrics.csv,97838,fede10d2a82b4c607d0421567dee2a47ea8ce52e6a0844be289d6802b320469e
results/v7/per_case/poolT_per_case/runs_method_upgrade_pilot_20260723/compositional/v2_joint_embedding/seed6/e1_fresh_seed_pool_T/last/per_case_metrics.csv,97836,b317484260747697f72bec9cde83ec9a1bff27d9a2d1aeb738f2b6f5de1043c2
results/v7/per_case/poolT_per_case/runs_method_upgrade_pilot_20260723/compositional/v2_joint_embedding/seed6/e1_fresh_seed_pool_T2new/best/per_case_metrics.csv,39994,3310b083dfa573e73125cf292f3fa9c6128e8b1c5f8f12f06b1350235b54cffb
results/v7/per_case/poolT_per_case/runs_method_upgrade_pilot_20260723/compositional/v2_joint_embedding/seed7/e1_fresh_seed_pool_T/best/per_case_metrics.csv,97859,f2389b14f8001494d3ebf844051135b7cd5dd524cbf2c935ccb2b3878dc89b7e
results/v7/per_case/poolT_per_case/runs_method_upgrade_pilot_20260723/compositional/v2_joint_embedding/seed7/e1_fresh_seed_pool_T/last/per_case_metrics.csv,97863,96bff3a81ebe6282a49fdd2e776b7b80e7b687f8d52a3c52ff1700fb8d762aa8
results/v7/per_case/poolT_per_case/runs_method_upgrade_pilot_20260723/compositional/v2_joint_embedding/seed7/e1_fresh_seed_pool_T2new/best/per_case_metrics.csv,39963,b53e4435649f08c72f50ac833fcb0c8a047a7d733ef04c43c64d4dc6bb7f397d
results/v7/per_case/poolT_per_case/runs_method_upgrade_pilot_20260723/compositional/v2_joint_embedding/seed8/e1_fresh_seed_pool_T/best/per_case_metrics.csv,97881,43e7092f8fc3a29af71f81627e500f318545c4b4ab29c48b1b471b5adcf76957
results/v7/per_case/poolT_per_case/runs_method_upgrade_pilot_20260723/compositional/v2_joint_embedding/seed8/e1_fresh_seed_pool_T/last/per_case_metrics.csv,97898,e7a845328fc69439a9aec3c7bb6ee400087b0f320567b5c11ecfc0e7b08907ef
results/v7/per_case/poolT_per_case/runs_method_upgrade_pilot_20260723/compositional/v2_joint_embedding/seed8/e1_fresh_seed_pool_T2new/best/per_case_metrics.csv,39977,bc1ad7bca57d9489bd623558d2c5595e8222ff0a3172eb1a2df8a67d8e705204
results/v7/per_case/poolT_per_case/runs_method_upgrade_pilot_20260723/compositional/v2_joint_embedding/seed9/e1_fresh_seed_pool_T/best/per_case_metrics.csv,97849,a27c8848d2aa4e8b96df60a39abb29a94b609122f06ea4df4622505d60997851
results/v7/per_case/poolT_per_case/runs_method_upgrade_pilot_20260723/compositional/v2_joint_embedding/seed9/e1_fresh_seed_pool_T/last/per_case_metrics.csv,97835,a429572c5fa7c701efc12d2802bd35fe5d170c7c1f3ebd8287649588675d2582
results/v7/per_case/poolT_per_case/runs_method_upgrade_pilot_20260723/compositional/v2_joint_embedding/seed9/e1_fresh_seed_pool_T2new/best/per_case_metrics.csv,39999,2330cda84709026093ad18ec5be8e02cc89ba34c4ab5aa6ae7b1f34d056823da
results/v7/per_case/poolT_per_case/runs_method_upgrade_pilot_20260723/compositional/v3_factorized_continuous/seed0/e1_fresh_seed_pool_T/best/per_case_metrics.csv,97823,5d182c26b4ec5fb30adce1b3f3cddae718727aff5504234b35ab31f512c699d7
results/v7/per_case/poolT_per_case/runs_method_upgrade_pilot_20260723/compositional/v3_factorized_continuous/seed0/e1_fresh_seed_pool_T/last/per_case_metrics.csv,97842,aeed20933bf8d670692279835d6883679d1a3b9b61079b0ccb8a474f241e7492
results/v7/per_case/poolT_per_case/runs_method_upgrade_pilot_20260723/compositional/v3_factorized_continuous/seed0/e1_fresh_seed_pool_T2new/best/per_case_metrics.csv,39981,07c71ac22d3de0caf4a7de0333faab74fe849cd68bd141b57fcc31d8e2c4a869
results/v7/per_case/poolT_per_case/runs_method_upgrade_pilot_20260723/compositional/v3_factorized_continuous/seed1/e1_fresh_seed_pool_T/best/per_case_metrics.csv,97887,0e298a53cfc6a97f73b03c4038e450b9dcd8b870d125d0892f5f585aacd70423
results/v7/per_case/poolT_per_case/runs_method_upgrade_pilot_20260723/compositional/v3_factorized_continuous/seed1/e1_fresh_seed_pool_T/last/per_case_metrics.csv,97857,bef7d22c2686915553971bc4583ef55397d7dd8c718d97a6a17a4f339535f46c
results/v7/per_case/poolT_per_case/runs_method_upgrade_pilot_20260723/compositional/v3_factorized_continuous/seed1/e1_fresh_seed_pool_T2new/best/per_case_metrics.csv,39982,66978ff3ba7d137a30a62db54b9ca38a79dd928501e52fce0b9f953841158341
results/v7/per_case/poolT_per_case/runs_method_upgrade_pilot_20260723/compositional/v3_factorized_continuous/seed2/e1_fresh_seed_pool_T/best/per_case_metrics.csv,97842,32fe55de9f4a5a0f28de6b2bbb473148ae32e11814db67952064be025bc7b956
results/v7/per_case/poolT_per_case/runs_method_upgrade_pilot_20260723/compositional/v3_factorized_continuous/seed2/e1_fresh_seed_pool_T/last/per_case_metrics.csv,97830,b636fe67d4e4468737a985fcd224d5a42b8383b379445f360155ef702458c708
results/v7/per_case/poolT_per_case/runs_method_upgrade_pilot_20260723/compositional/v3_factorized_continuous/seed2/e1_fresh_seed_pool_T2new/best/per_case_metrics.csv,39975,f5deace5cdcebb100e4594a0e60da091480bce773ae6411bc618698fef4bff40
results/v7/per_case/poolT_per_case/runs_method_upgrade_pilot_20260723/compositional/v3_factorized_continuous/seed3/e1_fresh_seed_pool_T/best/per_case_metrics.csv,97851,aab603a39d6181791a9c6f30167f9450dc081628ce3665f901407db7c1cbf22d
results/v7/per_case/poolT_per_case/runs_method_upgrade_pilot_20260723/compositional/v3_factorized_continuous/seed3/e1_fresh_seed_pool_T/last/per_case_metrics.csv,97841,76219466af159eea17dca01c89f7973e8ed38055c3bbcd6b15c6202a9cdfda81
results/v7/per_case/poolT_per_case/runs_method_upgrade_pilot_20260723/compositional/v3_factorized_continuous/seed3/e1_fresh_seed_pool_T2new/best/per_case_metrics.csv,39988,dc5f576c92646ea4ea6d8c20c7feb120750b23921f1a4d00ee1c2d4b77397c82
results/v7/per_case/poolT_per_case/runs_method_upgrade_pilot_20260723/compositional/v3_factorized_continuous/seed4/e1_fresh_seed_pool_T/best/per_case_metrics.csv,97831,141e4bbe8ec320ada0f14a709d918bc17ef0257df1e3b75aad55b37410726254
results/v7/per_case/poolT_per_case/runs_method_upgrade_pilot_20260723/compositional/v3_factorized_continuous/seed4/e1_fresh_seed_pool_T/last/per_case_metrics.csv,97834,9866420118feae46cd5163e98f56d349816f43e5efda8b821433b3fc47482495
results/v7/per_case/poolT_per_case/runs_method_upgrade_pilot_20260723/compositional/v3_factorized_continuous/seed4/e1_fresh_seed_pool_T2new/best/per_case_metrics.csv,39944,e50c3d5c84b0c3bb6aa22ed01d2566cda88c415d7da95878e04c887c32a74921
results/v7/per_case/poolT_per_case/runs_method_upgrade_pilot_20260723/grouped_standard/v0_raw_channels/seed0/e1_fresh_seed_pool_T/best/per_case_metrics.csv,97852,1f660a3bea21bb6d25a3524a4e41838c1c509a96ab8a0fb2d6b8d7331b6e3b90
results/v7/per_case/poolT_per_case/runs_method_upgrade_pilot_20260723/grouped_standard/v0_raw_channels/seed0/e1_fresh_seed_pool_T/last/per_case_metrics.csv,97866,d7caaf0333604ad9c3644adda2e464d3f633887869935c057a03c1e003aec4b8
results/v7/per_case/poolT_per_case/runs_method_upgrade_pilot_20260723/grouped_standard/v0_raw_channels/seed1/e1_fresh_seed_pool_T/best/per_case_metrics.csv,97866,ff6a6f3e40fc95e185ef54c4a2dac36cdaa5e66c7d4acf8919e2eb0b7418f50a
results/v7/per_case/poolT_per_case/runs_method_upgrade_pilot_20260723/grouped_standard/v0_raw_channels/seed1/e1_fresh_seed_pool_T/last/per_case_metrics.csv,97823,b156e1dd0ba0e7fb08721bd6650657625472f24d26cff3e320e565cd71cad0ad
results/v7/per_case/poolT_per_case/runs_method_upgrade_pilot_20260723/grouped_standard/v0_raw_channels/seed2/e1_fresh_seed_pool_T/best/per_case_metrics.csv,97850,9dee76e1b46bf99aa3b11948b59bf668fb000fdbbd3563428adf9bba28bb2a40
results/v7/per_case/poolT_per_case/runs_method_upgrade_pilot_20260723/grouped_standard/v0_raw_channels/seed2/e1_fresh_seed_pool_T/last/per_case_metrics.csv,97828,0c74f7cc403bf026152fe78d0bc47457a5fdf115499051104ffb58f8ffbc1313
results/v7/per_case/poolT_per_case/runs_method_upgrade_pilot_20260723/grouped_standard/v0_raw_channels/seed3/e1_fresh_seed_pool_T/best/per_case_metrics.csv,97852,76f82b0cf2ac04395f931dae8d1bc81266922750f532bc45c03d46208783c36f
results/v7/per_case/poolT_per_case/runs_method_upgrade_pilot_20260723/grouped_standard/v0_raw_channels/seed3/e1_fresh_seed_pool_T/last/per_case_metrics.csv,97844,98af27ef6ffb13a774e62808fb366d09b1dddc60601b37b08f73e2253ad2a8b9
results/v7/per_case/poolT_per_case/runs_method_upgrade_pilot_20260723/grouped_standard/v0_raw_channels/seed4/e1_fresh_seed_pool_T/best/per_case_metrics.csv,97814,36d427b9bfb377ff652526f931c68302a64b56537784801b5228d7bc80029a52
results/v7/per_case/poolT_per_case/runs_method_upgrade_pilot_20260723/grouped_standard/v0_raw_channels/seed4/e1_fresh_seed_pool_T/last/per_case_metrics.csv,97835,624069ff941329a1541b7e52abd8cf53af311aeb683335295e881d26adf87cd9
results/v7/per_case/poolT_per_case/runs_method_upgrade_pilot_20260723/grouped_standard/v0_raw_channels/seed5/e1_fresh_seed_pool_T/best/per_case_metrics.csv,97883,12285e17f9691010dbbc8392d8ca6c0df047e6e5448eb74835e0a378a45e42d9
results/v7/per_case/poolT_per_case/runs_method_upgrade_pilot_20260723/grouped_standard/v0_raw_channels/seed5/e1_fresh_seed_pool_T/last/per_case_metrics.csv,97841,a0a41e11a8fe88e08f01ef286ed9bee852649d6595d975f6da9e1782e414a5d7
results/v7/per_case/poolT_per_case/runs_method_upgrade_pilot_20260723/grouped_standard/v0_raw_channels/seed6/e1_fresh_seed_pool_T/best/per_case_metrics.csv,97819,ea01bc6ee025adbe0d1f536461f061a153acbc2c53a6d2e1a04c55c87e08b2f2
results/v7/per_case/poolT_per_case/runs_method_upgrade_pilot_20260723/grouped_standard/v0_raw_channels/seed6/e1_fresh_seed_pool_T/last/per_case_metrics.csv,97806,e6a76f85079d3c897b5dda9f666ea8df1b8ed601ec64a0be70da8ab721ad2cbb
results/v7/per_case/poolT_per_case/runs_method_upgrade_pilot_20260723/grouped_standard/v0_raw_channels/seed7/e1_fresh_seed_pool_T/best/per_case_metrics.csv,97828,70a4c7d576564311ff882c412af54ae006a033347dc93515dd8e0da6aa4ff8f3
results/v7/per_case/poolT_per_case/runs_method_upgrade_pilot_20260723/grouped_standard/v0_raw_channels/seed7/e1_fresh_seed_pool_T/last/per_case_metrics.csv,97837,c4f583a7e5ff33532de6d3e3cab71e0deb636a14573e2e4c8074a446f5b1b45f
results/v7/per_case/poolT_per_case/runs_method_upgrade_pilot_20260723/grouped_standard/v0_raw_channels/seed8/e1_fresh_seed_pool_T/best/per_case_metrics.csv,97757,16c9311bbb68bf1d8d1cb49e715e20d83310fb5f67faf0ecffda440056bdc777
results/v7/per_case/poolT_per_case/runs_method_upgrade_pilot_20260723/grouped_standard/v0_raw_channels/seed8/e1_fresh_seed_pool_T/last/per_case_metrics.csv,97753,172ed046a24dacd1c1d559ceadd8caa8f9a1c21256ccef36d23a137f49c1a899
results/v7/per_case/poolT_per_case/runs_method_upgrade_pilot_20260723/grouped_standard/v0_raw_channels/seed9/e1_fresh_seed_pool_T/best/per_case_metrics.csv,97835,003a7c21f1c41b4909d9d3c0a39d820f43aa2b05461b5a431e8b8a8e3ddd32e9
results/v7/per_case/poolT_per_case/runs_method_upgrade_pilot_20260723/grouped_standard/v0_raw_channels/seed9/e1_fresh_seed_pool_T/last/per_case_metrics.csv,97776,e20cc22580e09041a4d002cf6c3a03bc6dd555904edc43d0241f6de9eb48d7d3
results/v7/per_case/poolT_per_case/runs_method_upgrade_pilot_20260723/grouped_standard/v1_factorized_levels/seed0/e1_fresh_seed_pool_T/best/per_case_metrics.csv,97883,e99f565fc1ec3f675a76344d904627d81dee242081e6131b159b1967ef3d9f38
results/v7/per_case/poolT_per_case/runs_method_upgrade_pilot_20260723/grouped_standard/v1_factorized_levels/seed0/e1_fresh_seed_pool_T/last/per_case_metrics.csv,97830,fd5021ef915ef53978961a01f7d9eef173f7d0235a75ccf40877916abe77a95d
results/v7/per_case/poolT_per_case/runs_method_upgrade_pilot_20260723/grouped_standard/v1_factorized_levels/seed1/e1_fresh_seed_pool_T/best/per_case_metrics.csv,97842,12cdf7d794d658515a3855d88af0805ceea72d458b0a0d8fcb10cfa6c237e57a
results/v7/per_case/poolT_per_case/runs_method_upgrade_pilot_20260723/grouped_standard/v1_factorized_levels/seed1/e1_fresh_seed_pool_T/last/per_case_metrics.csv,97837,f9e447e91d6dffa76d994e5550602ecd0cb1d5aba1acda91d503bd803577dea6
results/v7/per_case/poolT_per_case/runs_method_upgrade_pilot_20260723/grouped_standard/v1_factorized_levels/seed2/e1_fresh_seed_pool_T/best/per_case_metrics.csv,97845,63bbea04f396e9ac56375ca64ce1cc8ef2f02ac45e84bfee7acc31b110d79a4f
results/v7/per_case/poolT_per_case/runs_method_upgrade_pilot_20260723/grouped_standard/v1_factorized_levels/seed2/e1_fresh_seed_pool_T/last/per_case_metrics.csv,97850,38b890c34c9ca9dd4552f31912f0d4a1003fede9e1c222103a7ca45f2dedde97
results/v7/per_case/poolT_per_case/runs_method_upgrade_pilot_20260723/grouped_standard/v1_factorized_levels/seed3/e1_fresh_seed_pool_T/best/per_case_metrics.csv,97837,43a131ea68166ccd4aaa2b02c14eccbdd1a2a096596574d770f11249aaf4151d
results/v7/per_case/poolT_per_case/runs_method_upgrade_pilot_20260723/grouped_standard/v1_factorized_levels/seed3/e1_fresh_seed_pool_T/last/per_case_metrics.csv,97857,d5b7eedd31c08a02d9723bcd32849a1d6c0c352540768e82733e3381a2c85dfc
results/v7/per_case/poolT_per_case/runs_method_upgrade_pilot_20260723/grouped_standard/v1_factorized_levels/seed4/e1_fresh_seed_pool_T/best/per_case_metrics.csv,97880,61055921e8ee6bbfbf6ec2fe3602ffa601f22c40e9f21b1f78978ea8316ddce2
results/v7/per_case/poolT_per_case/runs_method_upgrade_pilot_20260723/grouped_standard/v1_factorized_levels/seed4/e1_fresh_seed_pool_T/last/per_case_metrics.csv,97865,d5dd845b2cd0f45542b5063f3520cfd80a65a7c10a65aa024b1242d1b5de2be7
results/v7/per_case/poolT_per_case/runs_method_upgrade_pilot_20260723/grouped_standard/v1_factorized_levels/seed5/e1_fresh_seed_pool_T/best/per_case_metrics.csv,97892,ba9ac7e4d5aa641ebe9ba323ff58cd79ed532808216929542db3dd1b30efb29c
results/v7/per_case/poolT_per_case/runs_method_upgrade_pilot_20260723/grouped_standard/v1_factorized_levels/seed5/e1_fresh_seed_pool_T/last/per_case_metrics.csv,97834,47235b9d7f58a86538e90cbe7efe1b57cbb7e5e8266696254a5f9c19c2d2e2e2
results/v7/per_case/poolT_per_case/runs_method_upgrade_pilot_20260723/grouped_standard/v1_factorized_levels/seed6/e1_fresh_seed_pool_T/best/per_case_metrics.csv,97869,e16b70489bbc5258966dad9dc14672b2174d0321465f1d4f9c6c2291c28a71cf
results/v7/per_case/poolT_per_case/runs_method_upgrade_pilot_20260723/grouped_standard/v1_factorized_levels/seed6/e1_fresh_seed_pool_T/last/per_case_metrics.csv,97868,e72390ab06382347fcee874e67acdca0cf8d0171a7efab1f4ea41fd118e7459f
results/v7/per_case/poolT_per_case/runs_method_upgrade_pilot_20260723/grouped_standard/v1_factorized_levels/seed7/e1_fresh_seed_pool_T/best/per_case_metrics.csv,97863,14b9ec5bf896f01d9462df80c23db09261ec55369e5e1fe9986bd160872b0c2e
results/v7/per_case/poolT_per_case/runs_method_upgrade_pilot_20260723/grouped_standard/v1_factorized_levels/seed7/e1_fresh_seed_pool_T/last/per_case_metrics.csv,97830,127ec03abbb5e25e3929d0cd8bdfdd33afc3766c0e76a9a2113a9ef1f0b33dbf
results/v7/per_case/poolT_per_case/runs_method_upgrade_pilot_20260723/grouped_standard/v1_factorized_levels/seed8/e1_fresh_seed_pool_T/best/per_case_metrics.csv,97795,ce7cfbe9a7f8f4201cbb1934c1816383c8d2f0187a7de2605524dbc0601198f8
results/v7/per_case/poolT_per_case/runs_method_upgrade_pilot_20260723/grouped_standard/v1_factorized_levels/seed8/e1_fresh_seed_pool_T/last/per_case_metrics.csv,97853,68faf4a999200a2ebd7d21785c6d2360f5acdf9c4bbe6e3003ee347b7b001a42
results/v7/per_case/poolT_per_case/runs_method_upgrade_pilot_20260723/grouped_standard/v1_factorized_levels/seed9/e1_fresh_seed_pool_T/best/per_case_metrics.csv,97847,4436a3a2b53fa408888e8745834db3931eb151fb286a4f0092fd043f0f5293b2
results/v7/per_case/poolT_per_case/runs_method_upgrade_pilot_20260723/grouped_standard/v1_factorized_levels/seed9/e1_fresh_seed_pool_T/last/per_case_metrics.csv,97819,10a4667e1204d502b2ea663da5e694b716358a4163f055a855aa464253e21eac
results/v7/per_case/poolT_per_case/runs_method_upgrade_pilot_20260723/grouped_standard/v2_joint_embedding/seed0/e1_fresh_seed_pool_T/best/per_case_metrics.csv,97877,de1fb618db2c276d29c01c97d82ae5687f43ba2b9fe9f9a83d4006d1afe62327
results/v7/per_case/poolT_per_case/runs_method_upgrade_pilot_20260723/grouped_standard/v2_joint_embedding/seed0/e1_fresh_seed_pool_T/last/per_case_metrics.csv,97858,27e94f901138efe4889213fe7d9ec35f4834050ff7d5c2fddd21bc0db8359230
results/v7/per_case/poolT_per_case/runs_method_upgrade_pilot_20260723/grouped_standard/v2_joint_embedding/seed1/e1_fresh_seed_pool_T/best/per_case_metrics.csv,97847,38fbfd58e3f3d19bc70a1deebaf5ad89a9a30d7d2eb89e0e1ed6564b90eeffab
results/v7/per_case/poolT_per_case/runs_method_upgrade_pilot_20260723/grouped_standard/v2_joint_embedding/seed1/e1_fresh_seed_pool_T/last/per_case_metrics.csv,97815,b07a4ee1d2e19e5031744421ea6812dd89cd5b6fbf2da226be383bb7bb5a1352
results/v7/per_case/poolT_per_case/runs_method_upgrade_pilot_20260723/grouped_standard/v2_joint_embedding/seed2/e1_fresh_seed_pool_T/best/per_case_metrics.csv,97912,54feed168b4528737354687e3a05deb454f67d28dafe4ef68c9aa8c8254d9f9d
results/v7/per_case/poolT_per_case/runs_method_upgrade_pilot_20260723/grouped_standard/v2_joint_embedding/seed2/e1_fresh_seed_pool_T/last/per_case_metrics.csv,97864,08243695a5c67d2d18c487e30e884a7ee77dbdeb202e5e4a7fc75cd6c3302489
results/v7/per_case/poolT_per_case/runs_method_upgrade_pilot_20260723/grouped_standard/v2_joint_embedding/seed3/e1_fresh_seed_pool_T/best/per_case_metrics.csv,97819,00dc5c775c7fcbe0195d3a311081e1c31073c4122229d45ea2c48f0d1f1d4773
results/v7/per_case/poolT_per_case/runs_method_upgrade_pilot_20260723/grouped_standard/v2_joint_embedding/seed3/e1_fresh_seed_pool_T/last/per_case_metrics.csv,97883,bc079cc79956cfb4a242e9f3576284f9d1f455cc551e7b69321310cb9a8bccc8
results/v7/per_case/poolT_per_case/runs_method_upgrade_pilot_20260723/grouped_standard/v2_joint_embedding/seed4/e1_fresh_seed_pool_T/best/per_case_metrics.csv,97901,3159877539973e2f4ddef88043a6e972e29e1893b227965d3b203b63e1fa54cb
results/v7/per_case/poolT_per_case/runs_method_upgrade_pilot_20260723/grouped_standard/v2_joint_embedding/seed4/e1_fresh_seed_pool_T/last/per_case_metrics.csv,97940,8a3e3f20978d92c5597258f44af0dbb357dbfc6ebf2f14e057341590b07435c1
results/v7/per_case/poolT_per_case/runs_method_upgrade_pilot_20260723/grouped_standard/v2_joint_embedding/seed5/e1_fresh_seed_pool_T/best/per_case_metrics.csv,97759,4bc6b64f48150bdab46d2a1a4e2f3fc59261be655b612c42c0a6123f8d61473f
results/v7/per_case/poolT_per_case/runs_method_upgrade_pilot_20260723/grouped_standard/v2_joint_embedding/seed5/e1_fresh_seed_pool_T/last/per_case_metrics.csv,97899,471b1d78e2dfe77610b4805389a7edfde37858abcb2625765aafcd05a10a76ab
results/v7/per_case/poolT_per_case/runs_method_upgrade_pilot_20260723/grouped_standard/v2_joint_embedding/seed6/e1_fresh_seed_pool_T/best/per_case_metrics.csv,97826,62bc8631febc2f52d33e93e950dca865f2bd368e554a548fb4074ae63cf2946f
results/v7/per_case/poolT_per_case/runs_method_upgrade_pilot_20260723/grouped_standard/v2_joint_embedding/seed6/e1_fresh_seed_pool_T/last/per_case_metrics.csv,97835,d5ae9770de38496d6a660035bf9b545897cfa4a598b02bb35356fb89ae248c7b
results/v7/per_case/poolT_per_case/runs_method_upgrade_pilot_20260723/grouped_standard/v2_joint_embedding/seed7/e1_fresh_seed_pool_T/best/per_case_metrics.csv,97830,41583afab33364d6eecd7c3b3b8e3317d9ee1440b21d47955d6ff54f8fa03944
results/v7/per_case/poolT_per_case/runs_method_upgrade_pilot_20260723/grouped_standard/v2_joint_embedding/seed7/e1_fresh_seed_pool_T/last/per_case_metrics.csv,97824,d688074dcc1543fd8da5d709cf55133defddcf0bdc00daf5a6d0282da7f1df7f
results/v7/per_case/poolT_per_case/runs_method_upgrade_pilot_20260723/grouped_standard/v2_joint_embedding/seed8/e1_fresh_seed_pool_T/best/per_case_metrics.csv,97834,2196bd395058fc08d2bf7da69ec0304fe3acf2b5233d46b670cf3c62ec6dbbf5
results/v7/per_case/poolT_per_case/runs_method_upgrade_pilot_20260723/grouped_standard/v2_joint_embedding/seed8/e1_fresh_seed_pool_T/last/per_case_metrics.csv,97814,6041c31d6d23ff523e7b4c739ba9898b24d3a9dacb7722704e0dea005df637ad
results/v7/per_case/poolT_per_case/runs_method_upgrade_pilot_20260723/grouped_standard/v2_joint_embedding/seed9/e1_fresh_seed_pool_T/best/per_case_metrics.csv,97822,b3ae61950f4b7d11a5bdcdc0262ec1a8c502fcbae08651cbff0cfb0ee48b25fd
results/v7/per_case/poolT_per_case/runs_method_upgrade_pilot_20260723/grouped_standard/v2_joint_embedding/seed9/e1_fresh_seed_pool_T/last/per_case_metrics.csv,97769,f15b6e40e7ffbc8883cb2bd632a58c866724aaf38f73ee042f3a917a51b1fdce
results/v7/per_case/poolT_per_case/runs_method_upgrade_pilot_20260723/grouped_standard/v3_factorized_continuous/seed0/e1_fresh_seed_pool_T/best/per_case_metrics.csv,97928,b8e096d1539511652eceb0491a72c3dfefc824d274fb9d44eb33c2cbc8151b9a
results/v7/per_case/poolT_per_case/runs_method_upgrade_pilot_20260723/grouped_standard/v3_factorized_continuous/seed0/e1_fresh_seed_pool_T/last/per_case_metrics.csv,97817,50a1bf8651a2afffea7affb03b48452a80752ba51f97bfc5e864a0865906cea1
results/v7/per_case/poolT_per_case/runs_method_upgrade_pilot_20260723/grouped_standard/v3_factorized_continuous/seed1/e1_fresh_seed_pool_T/best/per_case_metrics.csv,97941,c03e8f814ecaa571f51368cd487444b8f7c017a543d37515a134508b40056738
results/v7/per_case/poolT_per_case/runs_method_upgrade_pilot_20260723/grouped_standard/v3_factorized_continuous/seed1/e1_fresh_seed_pool_T/last/per_case_metrics.csv,97873,1cdde2018d08859cabf1dcbb876370893ebbf47d916450221c2794bbc2c82268
results/v7/per_case/poolT_per_case/runs_method_upgrade_pilot_20260723/grouped_standard/v3_factorized_continuous/seed2/e1_fresh_seed_pool_T/best/per_case_metrics.csv,97869,cd32778222cdc1ad70757f1276054f9997275fdb022b5f76b35f3ef89f52b04d
results/v7/per_case/poolT_per_case/runs_method_upgrade_pilot_20260723/grouped_standard/v3_factorized_continuous/seed2/e1_fresh_seed_pool_T/last/per_case_metrics.csv,97820,ec20234c3da0a78fb1c650be30e9557f5d164e8aefb758f01ad820647eadd46f
results/v7/per_case/poolT_per_case/runs_method_upgrade_pilot_20260723/grouped_standard/v3_factorized_continuous/seed3/e1_fresh_seed_pool_T/best/per_case_metrics.csv,97840,383ae9130623adc450ec6e39828138b25540b2252ec7774a72e3c700beacaa2e
results/v7/per_case/poolT_per_case/runs_method_upgrade_pilot_20260723/grouped_standard/v3_factorized_continuous/seed3/e1_fresh_seed_pool_T/last/per_case_metrics.csv,97860,eba3cd5307300bd9ecaaba24e7f739f15154a025803536e13a2f9a3e44ff4c25
results/v7/per_case/poolT_per_case/runs_method_upgrade_pilot_20260723/grouped_standard/v3_factorized_continuous/seed4/e1_fresh_seed_pool_T/best/per_case_metrics.csv,97814,4be87e32705ed1b2489d9d7d7a4c56fa06d16cad77fbee0e329cb85d942b29ac
results/v7/per_case/poolT_per_case/runs_method_upgrade_pilot_20260723/grouped_standard/v3_factorized_continuous/seed4/e1_fresh_seed_pool_T/last/per_case_metrics.csv,97792,038f4ae8df473d8616ff7143af4b0920dcaa8741486cef7033675a69171a932a
results/v7/per_case/poolT_per_case/runs_method_upgrade_pilot_20260723/loco_0p62_0p1/v0_raw_channels/seed0/e1_fresh_seed_pool_T/best/per_case_metrics.csv,97803,0cf7c843aa4754c72f59a23876d87c483e8bdbb6550500aef97bfd46b93ae880
results/v7/per_case/poolT_per_case/runs_method_upgrade_pilot_20260723/loco_0p62_0p1/v0_raw_channels/seed0/e1_fresh_seed_pool_T/last/per_case_metrics.csv,97846,9a7742146fc90adda321afe206185d509c66eb533fb093407fabdfd1032c2f06
results/v7/per_case/poolT_per_case/runs_method_upgrade_pilot_20260723/loco_0p62_0p1/v0_raw_channels/seed1/e1_fresh_seed_pool_T/best/per_case_metrics.csv,97815,75bc46f00a0af6349d7b8e461a9c53e0af3b144759866d83dae4e065866ec225
results/v7/per_case/poolT_per_case/runs_method_upgrade_pilot_20260723/loco_0p62_0p1/v0_raw_channels/seed1/e1_fresh_seed_pool_T/last/per_case_metrics.csv,97880,ba32f2472f73a33224eedbfb9b4dfb5975f236d5a2fa1a041dd86b6ef803cd02
results/v7/per_case/poolT_per_case/runs_method_upgrade_pilot_20260723/loco_0p62_0p1/v0_raw_channels/seed2/e1_fresh_seed_pool_T/best/per_case_metrics.csv,97734,604db2b3c276687a08beb67932886f5edb3e6594bee13837089b24cfa79acf81
results/v7/per_case/poolT_per_case/runs_method_upgrade_pilot_20260723/loco_0p62_0p1/v0_raw_channels/seed2/e1_fresh_seed_pool_T/last/per_case_metrics.csv,97782,670298c053209f85026e94e31c8b8ffa03afb300aa85d1db686080c5756e20dd
results/v7/per_case/poolT_per_case/runs_method_upgrade_pilot_20260723/loco_0p62_0p1/v0_raw_channels/seed3/e1_fresh_seed_pool_T/best/per_case_metrics.csv,97826,eb9cf36c86de5c18f12ee32e4b24c2c7644a226391086ddca1f5e964e90fd6dd
results/v7/per_case/poolT_per_case/runs_method_upgrade_pilot_20260723/loco_0p62_0p1/v0_raw_channels/seed3/e1_fresh_seed_pool_T/last/per_case_metrics.csv,97845,74127fc4803027c4a0cacfb1da696d21abb0994e0e5feead3d0a2809f73bd377
results/v7/per_case/poolT_per_case/runs_method_upgrade_pilot_20260723/loco_0p62_0p1/v0_raw_channels/seed4/e1_fresh_seed_pool_T/best/per_case_metrics.csv,97776,24857339ed75762f61c29c598a63efb4e6ba77fe9b3d8afbf411c6a6bebd761b
results/v7/per_case/poolT_per_case/runs_method_upgrade_pilot_20260723/loco_0p62_0p1/v0_raw_channels/seed4/e1_fresh_seed_pool_T/last/per_case_metrics.csv,97791,02117805dce4aef09845a50055fa3de667927e51d0ced17b73d71524b2bdd7bd
results/v7/per_case/poolT_per_case/runs_method_upgrade_pilot_20260723/loco_0p62_0p1/v1_factorized_levels/seed0/e1_fresh_seed_pool_T/best/per_case_metrics.csv,97835,ade9fb114d9fa1f23ddc59d61ce591ac7af75a55e86350f936a2a46e7bfb05de
results/v7/per_case/poolT_per_case/runs_method_upgrade_pilot_20260723/loco_0p62_0p1/v1_factorized_levels/seed0/e1_fresh_seed_pool_T/last/per_case_metrics.csv,97889,ac60a6b7205fa4bbc83dad4dcf5c43cba71424cd04bcfdae4d8cd5de376259ae
results/v7/per_case/poolT_per_case/runs_method_upgrade_pilot_20260723/loco_0p62_0p1/v1_factorized_levels/seed1/e1_fresh_seed_pool_T/best/per_case_metrics.csv,97855,ccc6ad632730dfda88c535b84dc009ba00dcdbc676995322310ba884d5df07be
results/v7/per_case/poolT_per_case/runs_method_upgrade_pilot_20260723/loco_0p62_0p1/v1_factorized_levels/seed1/e1_fresh_seed_pool_T/last/per_case_metrics.csv,97902,038fb34a3d0dc92dfbcda4be92a6ad91857dfe170bdf979236c2e180cb65bdf1
results/v7/per_case/poolT_per_case/runs_method_upgrade_pilot_20260723/loco_0p62_0p1/v1_factorized_levels/seed2/e1_fresh_seed_pool_T/best/per_case_metrics.csv,97825,db2b5a22fe0d79ed2033966aff59604138b7e9427d69e85a23a5d78690217866
results/v7/per_case/poolT_per_case/runs_method_upgrade_pilot_20260723/loco_0p62_0p1/v1_factorized_levels/seed2/e1_fresh_seed_pool_T/last/per_case_metrics.csv,97839,73ed1c1583e30db33c0ff08ec3a0549aaf82ca1b252187a99427a84f4f705022
results/v7/per_case/poolT_per_case/runs_method_upgrade_pilot_20260723/loco_0p62_0p1/v1_factorized_levels/seed3/e1_fresh_seed_pool_T/best/per_case_metrics.csv,97872,b31d8e3fd2cdae88e18be9fce665fd80c0e2faab4fb83105ce7cf5028c62a9dc
results/v7/per_case/poolT_per_case/runs_method_upgrade_pilot_20260723/loco_0p62_0p1/v1_factorized_levels/seed3/e1_fresh_seed_pool_T/last/per_case_metrics.csv,97850,de2c0c2c6737765f8b8526906f270812a447bd09f966cc2e5c01260477462d39
results/v7/per_case/poolT_per_case/runs_method_upgrade_pilot_20260723/loco_0p62_0p1/v1_factorized_levels/seed4/e1_fresh_seed_pool_T/best/per_case_metrics.csv,97899,810a90aa2687efddf486791039e5b483b84aeedb6a30919ff99c75ebe0ce26b4
results/v7/per_case/poolT_per_case/runs_method_upgrade_pilot_20260723/loco_0p62_0p1/v1_factorized_levels/seed4/e1_fresh_seed_pool_T/last/per_case_metrics.csv,97800,14b868e9507267a51e89b5d15cfcd6bdb6a0e8b5cafc755aefe666a8cdb64bf9
results/v7/per_case/poolT_per_case/runs_method_upgrade_pilot_20260723/loco_0p62_0p1/v2_joint_embedding/seed0/e1_fresh_seed_pool_T/best/per_case_metrics.csv,97882,d0e21590c2652552086dcb018be6fd4e98e1a9245b8d8a0f5808160054fad688
results/v7/per_case/poolT_per_case/runs_method_upgrade_pilot_20260723/loco_0p62_0p1/v2_joint_embedding/seed0/e1_fresh_seed_pool_T/last/per_case_metrics.csv,97877,fcad331d82b53bb9595850e4dafeb74d546cd2f9c8627778bf3e8b8e1e7c9ee1
results/v7/per_case/poolT_per_case/runs_method_upgrade_pilot_20260723/loco_0p62_0p1/v2_joint_embedding/seed1/e1_fresh_seed_pool_T/best/per_case_metrics.csv,97864,39c38f2badde0e6759fbe4d9ce28b306b7cc9015431e0d73bd47c08a8187c656
results/v7/per_case/poolT_per_case/runs_method_upgrade_pilot_20260723/loco_0p62_0p1/v2_joint_embedding/seed1/e1_fresh_seed_pool_T/last/per_case_metrics.csv,97905,dbe8dd95054278cafed20bd17d4e6748057253eab3cba8cb635bdb3a1ce1939c
results/v7/per_case/poolT_per_case/runs_method_upgrade_pilot_20260723/loco_0p62_0p1/v2_joint_embedding/seed2/e1_fresh_seed_pool_T/best/per_case_metrics.csv,97897,7715e124c66af12f35d4d6f08fcfad8b178bb5953fdc74bac4fbd2895046f438
results/v7/per_case/poolT_per_case/runs_method_upgrade_pilot_20260723/loco_0p62_0p1/v2_joint_embedding/seed2/e1_fresh_seed_pool_T/last/per_case_metrics.csv,97855,9ae92363def8cc6c0d29297af04566b3a73068b859b0a4494104616f21cc7f5d
results/v7/per_case/poolT_per_case/runs_method_upgrade_pilot_20260723/loco_0p62_0p1/v2_joint_embedding/seed3/e1_fresh_seed_pool_T/best/per_case_metrics.csv,97902,c1f2796c204b035cb470f3541c65b6e75ed10e5c3e5404ce0e9aa759b5637700
results/v7/per_case/poolT_per_case/runs_method_upgrade_pilot_20260723/loco_0p62_0p1/v2_joint_embedding/seed3/e1_fresh_seed_pool_T/last/per_case_metrics.csv,97838,665864e7e42e40f4787ca23290647908d592c0eaa05c83ab8f732034a67bb2df
results/v7/per_case/poolT_per_case/runs_method_upgrade_pilot_20260723/loco_0p62_0p1/v2_joint_embedding/seed4/e1_fresh_seed_pool_T/best/per_case_metrics.csv,97871,5d74a66178eb69dd95e0544f957553d9c5f66f388e6f6db89d7655f74846703d
results/v7/per_case/poolT_per_case/runs_method_upgrade_pilot_20260723/loco_0p62_0p1/v2_joint_embedding/seed4/e1_fresh_seed_pool_T/last/per_case_metrics.csv,97836,e530187aa66c57d3b93a9e08f30cb385a79ca972e1a22342692d33aa46ac111a
results/v7/per_case/poolT_per_case/runs_method_upgrade_pilot_20260723/loco_0p62_1p0/v0_raw_channels/seed0/e1_fresh_seed_pool_T/best/per_case_metrics.csv,97803,de8676a93b7e6922326f4b854d99dfd2330102503786d0966155f5707eeb5ba6
results/v7/per_case/poolT_per_case/runs_method_upgrade_pilot_20260723/loco_0p62_1p0/v0_raw_channels/seed0/e1_fresh_seed_pool_T/last/per_case_metrics.csv,97792,353ab4da81db2f7574a9dcb271a587b9f5ecc6e1cc5716b77f8820d039d761e3
results/v7/per_case/poolT_per_case/runs_method_upgrade_pilot_20260723/loco_0p62_1p0/v0_raw_channels/seed1/e1_fresh_seed_pool_T/best/per_case_metrics.csv,97795,440de611c44d176e5bb38ba2785fc8a8d6581834f00d5acca3ba7a29aedae44e
results/v7/per_case/poolT_per_case/runs_method_upgrade_pilot_20260723/loco_0p62_1p0/v0_raw_channels/seed1/e1_fresh_seed_pool_T/last/per_case_metrics.csv,97877,b99fff316a5079bd5f17dea4bf482ee23ceba5e22c78c1dbbead36080fe47d73
results/v7/per_case/poolT_per_case/runs_method_upgrade_pilot_20260723/loco_0p62_1p0/v0_raw_channels/seed2/e1_fresh_seed_pool_T/best/per_case_metrics.csv,97866,d619aabafc22e4489a7d4f4c1521c8ceaff4dd38c6c61e75df5c1ca2b193071e
results/v7/per_case/poolT_per_case/runs_method_upgrade_pilot_20260723/loco_0p62_1p0/v0_raw_channels/seed2/e1_fresh_seed_pool_T/last/per_case_metrics.csv,97882,33aefa330b514bb3a1164b31bd7d6d92f8314bec80eb0912965deb1dd4d4125d
results/v7/per_case/poolT_per_case/runs_method_upgrade_pilot_20260723/loco_0p62_1p0/v0_raw_channels/seed3/e1_fresh_seed_pool_T/best/per_case_metrics.csv,97910,5984b41a37c02af24b06e2ecc1477e4ce693ebec3fb2de253f05e294560dde48
results/v7/per_case/poolT_per_case/runs_method_upgrade_pilot_20260723/loco_0p62_1p0/v0_raw_channels/seed3/e1_fresh_seed_pool_T/last/per_case_metrics.csv,97862,e47a2a0eb7b807436bbf49889faf7e6a0f5e3ff49693cb17eb5b633b32e21ada
results/v7/per_case/poolT_per_case/runs_method_upgrade_pilot_20260723/loco_0p62_1p0/v0_raw_channels/seed4/e1_fresh_seed_pool_T/best/per_case_metrics.csv,97921,696846ec6fbbb41cc3cd870c41d50d8123a0939cf14611279e93f5b54b167292
results/v7/per_case/poolT_per_case/runs_method_upgrade_pilot_20260723/loco_0p62_1p0/v0_raw_channels/seed4/e1_fresh_seed_pool_T/last/per_case_metrics.csv,97853,25e6f774d21da5faa33330ecd5163308fd89149dd982f4424a968782e5bb4f8e
results/v7/per_case/poolT_per_case/runs_method_upgrade_pilot_20260723/loco_0p62_1p0/v1_factorized_levels/seed0/e1_fresh_seed_pool_T/best/per_case_metrics.csv,97807,cb3fc42cb31ed77ba967a1e8d1778dd068eaf22eff62ac092db1df42e4fc6bd1
results/v7/per_case/poolT_per_case/runs_method_upgrade_pilot_20260723/loco_0p62_1p0/v1_factorized_levels/seed0/e1_fresh_seed_pool_T/last/per_case_metrics.csv,97840,6f787f2379a90befeb2ed694523d4d6f62b44733d270e2c420490591bfaa08b5
results/v7/per_case/poolT_per_case/runs_method_upgrade_pilot_20260723/loco_0p62_1p0/v1_factorized_levels/seed1/e1_fresh_seed_pool_T/best/per_case_metrics.csv,97819,4edca8f9045d923cbedd28e1087fca71a37ef50b392b3c17dabf2bb0fe3a87a2
results/v7/per_case/poolT_per_case/runs_method_upgrade_pilot_20260723/loco_0p62_1p0/v1_factorized_levels/seed1/e1_fresh_seed_pool_T/last/per_case_metrics.csv,97890,fe93948d9e909f69d113e500ba8777de9849e69b245d6f69f78accedb40c1551
results/v7/per_case/poolT_per_case/runs_method_upgrade_pilot_20260723/loco_0p62_1p0/v1_factorized_levels/seed2/e1_fresh_seed_pool_T/best/per_case_metrics.csv,97860,ffaa6bd9d3955ae35abe21b712b943295829379655bd1e79e04bc092429c40e0
results/v7/per_case/poolT_per_case/runs_method_upgrade_pilot_20260723/loco_0p62_1p0/v1_factorized_levels/seed2/e1_fresh_seed_pool_T/last/per_case_metrics.csv,97889,395bf067678b7227fcde395183749d9889c97a6945776fd06f521f0eafaef2e3
results/v7/per_case/poolT_per_case/runs_method_upgrade_pilot_20260723/loco_0p62_1p0/v1_factorized_levels/seed3/e1_fresh_seed_pool_T/best/per_case_metrics.csv,97840,017f1b6b55ebef31ddd4b086de4f35e0f1ee6c968873fac71b2d2a79c4f80755
results/v7/per_case/poolT_per_case/runs_method_upgrade_pilot_20260723/loco_0p62_1p0/v1_factorized_levels/seed3/e1_fresh_seed_pool_T/last/per_case_metrics.csv,97899,d4155bce6575d53262a18a2c0b9de10ea958b8b9f5b441e0ace00f26ad5b7f68
results/v7/per_case/poolT_per_case/runs_method_upgrade_pilot_20260723/loco_0p62_1p0/v1_factorized_levels/seed4/e1_fresh_seed_pool_T/best/per_case_metrics.csv,97824,7d550c3286655b9c557e346a1fbc5587c640c8360039d05cedc8d7bb77249353
results/v7/per_case/poolT_per_case/runs_method_upgrade_pilot_20260723/loco_0p62_1p0/v1_factorized_levels/seed4/e1_fresh_seed_pool_T/last/per_case_metrics.csv,97841,df886d9c7f0a2b7b7dbf58821609ed7ee6be6566fc4728c256b0d795d7e32b11
results/v7/per_case/poolT_per_case/runs_method_upgrade_pilot_20260723/loco_0p62_1p0/v2_joint_embedding/seed0/e1_fresh_seed_pool_T/best/per_case_metrics.csv,97843,9a3af604191671110180be83286fb7cc83b2f7fa464eaf1867267215e63f0f03
results/v7/per_case/poolT_per_case/runs_method_upgrade_pilot_20260723/loco_0p62_1p0/v2_joint_embedding/seed0/e1_fresh_seed_pool_T/last/per_case_metrics.csv,97901,8011526ea6734435678b7917727fba46ee88e51906e730eae23b92c9c57c0e59
results/v7/per_case/poolT_per_case/runs_method_upgrade_pilot_20260723/loco_0p62_1p0/v2_joint_embedding/seed1/e1_fresh_seed_pool_T/best/per_case_metrics.csv,97829,ad1c2e97bba0a973ab415fccde285566adcad26d2546de34af537e93526731a9
results/v7/per_case/poolT_per_case/runs_method_upgrade_pilot_20260723/loco_0p62_1p0/v2_joint_embedding/seed1/e1_fresh_seed_pool_T/last/per_case_metrics.csv,97847,70261a8b8918286ca435f5229ef0189e2306e9d396f387d14fa89cb3a60319a0
results/v7/per_case/poolT_per_case/runs_method_upgrade_pilot_20260723/loco_0p62_1p0/v2_joint_embedding/seed2/e1_fresh_seed_pool_T/best/per_case_metrics.csv,97907,d57c23c7140e57f3aff27bd805c77105db05c6532d257ef66028a297dfd80773
results/v7/per_case/poolT_per_case/runs_method_upgrade_pilot_20260723/loco_0p62_1p0/v2_joint_embedding/seed2/e1_fresh_seed_pool_T/last/per_case_metrics.csv,97910,d0d9d85696ca47fa76af3f91c2ae1eb755a8c4ad94c4ebf4993b6a233e94bb67
results/v7/per_case/poolT_per_case/runs_method_upgrade_pilot_20260723/loco_0p62_1p0/v2_joint_embedding/seed3/e1_fresh_seed_pool_T/best/per_case_metrics.csv,97905,6acb332a08630f0782ba52dd349cdbd78e45dd84c781e3add1a8392fd3644fb0
results/v7/per_case/poolT_per_case/runs_method_upgrade_pilot_20260723/loco_0p62_1p0/v2_joint_embedding/seed3/e1_fresh_seed_pool_T/last/per_case_metrics.csv,97829,327da8615d4b5472f8091f5ecc086f3e877a01537aaa9bf07a758370d50529ee
results/v7/per_case/poolT_per_case/runs_method_upgrade_pilot_20260723/loco_0p62_1p0/v2_joint_embedding/seed4/e1_fresh_seed_pool_T/best/per_case_metrics.csv,97888,8889606cae83c77d92c712853d566d9f984728b1fb8b82bed7684b84bf40087b
results/v7/per_case/poolT_per_case/runs_method_upgrade_pilot_20260723/loco_0p62_1p0/v2_joint_embedding/seed4/e1_fresh_seed_pool_T/last/per_case_metrics.csv,97916,b007e308ea3f64b973a25166666f8ce745994a27547b10692cf908a1dbeddde7
results/v7/per_case/poolT_per_case/runs_method_upgrade_pilot_20260723/loco_62p0_0p1/v0_raw_channels/seed0/e1_fresh_seed_pool_T/best/per_case_metrics.csv,97838,1c69829f65fead5cc4ec82719b3ba9a001accfbbedba85064d91dfd728f2b7e0
results/v7/per_case/poolT_per_case/runs_method_upgrade_pilot_20260723/loco_62p0_0p1/v0_raw_channels/seed0/e1_fresh_seed_pool_T/last/per_case_metrics.csv,97845,b906b53c78517fe48205fcc80673b6a43ce237439a102fc74f3467e23459a4a3
results/v7/per_case/poolT_per_case/runs_method_upgrade_pilot_20260723/loco_62p0_0p1/v0_raw_channels/seed1/e1_fresh_seed_pool_T/best/per_case_metrics.csv,97852,db35991c9fdd89f28b7b430230c8072be214999df447e378a363a91dd44f7197
results/v7/per_case/poolT_per_case/runs_method_upgrade_pilot_20260723/loco_62p0_0p1/v0_raw_channels/seed1/e1_fresh_seed_pool_T/last/per_case_metrics.csv,97812,bd13a08ef237a9d94d04a05917a6f8b94ae29766661e012c881eedff25b8d8af
results/v7/per_case/poolT_per_case/runs_method_upgrade_pilot_20260723/loco_62p0_0p1/v0_raw_channels/seed2/e1_fresh_seed_pool_T/best/per_case_metrics.csv,97849,c6c8e472c2810e7448685c38ce24e9c6e200061f6da3d06cf852e5261477a0ba
results/v7/per_case/poolT_per_case/runs_method_upgrade_pilot_20260723/loco_62p0_0p1/v0_raw_channels/seed2/e1_fresh_seed_pool_T/last/per_case_metrics.csv,97869,325c52a80f7c8be4f2a8dd10a38b80a090af525e014cad9cd66c404a768aad06
results/v7/per_case/poolT_per_case/runs_method_upgrade_pilot_20260723/loco_62p0_0p1/v0_raw_channels/seed3/e1_fresh_seed_pool_T/best/per_case_metrics.csv,97884,e224db33a2bc5128a3c0a1f54e0a69fd57ec74f55cf36f3c1b3f62e4e332a4bf
results/v7/per_case/poolT_per_case/runs_method_upgrade_pilot_20260723/loco_62p0_0p1/v0_raw_channels/seed3/e1_fresh_seed_pool_T/last/per_case_metrics.csv,97815,6ba2519c74a6a4e0c3812f90aea8a28d20be4c6adb0763cc78879ce209821ebb
results/v7/per_case/poolT_per_case/runs_method_upgrade_pilot_20260723/loco_62p0_0p1/v0_raw_channels/seed4/e1_fresh_seed_pool_T/best/per_case_metrics.csv,97835,17f8bd0f989de2a38711d68f97e3887cb10baced402663bbc9ba954a05b780ac
results/v7/per_case/poolT_per_case/runs_method_upgrade_pilot_20260723/loco_62p0_0p1/v0_raw_channels/seed4/e1_fresh_seed_pool_T/last/per_case_metrics.csv,97832,95576af584c8583b1c5bbc4be8f30f8a27320c72a8b9e8d4213b8f72d28e27ce
results/v7/per_case/poolT_per_case/runs_method_upgrade_pilot_20260723/loco_62p0_0p1/v1_factorized_levels/seed0/e1_fresh_seed_pool_T/best/per_case_metrics.csv,97868,c1eb628ee71cbcba8b64024c799d9554f246decbbad80a10aa38e6b5a345b99a
results/v7/per_case/poolT_per_case/runs_method_upgrade_pilot_20260723/loco_62p0_0p1/v1_factorized_levels/seed0/e1_fresh_seed_pool_T/last/per_case_metrics.csv,97860,37b15b3f776bd7a31da0c5c363218ba58858acafd8a1993c613d26a24eddf79f
results/v7/per_case/poolT_per_case/runs_method_upgrade_pilot_20260723/loco_62p0_0p1/v1_factorized_levels/seed1/e1_fresh_seed_pool_T/best/per_case_metrics.csv,97811,56b47182a6e37da2064c7d12a19b76ff4dcf9facee8755ca7e9cb78226ec2fdf
results/v7/per_case/poolT_per_case/runs_method_upgrade_pilot_20260723/loco_62p0_0p1/v1_factorized_levels/seed1/e1_fresh_seed_pool_T/last/per_case_metrics.csv,97852,f4a487dacf41bb34eca2d73109e7b7f0ffa5cc3e2691e9ead4c4e54049e67d26
results/v7/per_case/poolT_per_case/runs_method_upgrade_pilot_20260723/loco_62p0_0p1/v1_factorized_levels/seed2/e1_fresh_seed_pool_T/best/per_case_metrics.csv,97912,36b326b2b16fc8b85016da9e11ced613328891f3ff207b009ea3d6adfd1e6580
results/v7/per_case/poolT_per_case/runs_method_upgrade_pilot_20260723/loco_62p0_0p1/v1_factorized_levels/seed2/e1_fresh_seed_pool_T/last/per_case_metrics.csv,97877,65977fdd0cd5932d73cba7ba2b85a0e8350dc3d9af640b45b01ff53ac0be94d5
results/v7/per_case/poolT_per_case/runs_method_upgrade_pilot_20260723/loco_62p0_0p1/v1_factorized_levels/seed3/e1_fresh_seed_pool_T/best/per_case_metrics.csv,97841,703e0e272861c342cfbe4976d3b5d214f2c9a2a77ad84a51ace9f538a6adb09c
results/v7/per_case/poolT_per_case/runs_method_upgrade_pilot_20260723/loco_62p0_0p1/v1_factorized_levels/seed3/e1_fresh_seed_pool_T/last/per_case_metrics.csv,97816,11a4557eb31e05325ca48d031c4bb0ae508ebca3d1f55e5cdb03f17360a1e2fa
results/v7/per_case/poolT_per_case/runs_method_upgrade_pilot_20260723/loco_62p0_0p1/v1_factorized_levels/seed4/e1_fresh_seed_pool_T/best/per_case_metrics.csv,97805,533ffe97edd19aae43dd161360c0b9a69c76b7f4621ae358ab2cc841904e6af3
results/v7/per_case/poolT_per_case/runs_method_upgrade_pilot_20260723/loco_62p0_0p1/v1_factorized_levels/seed4/e1_fresh_seed_pool_T/last/per_case_metrics.csv,97879,d885af5980edc7fb2b1ed11e62e7b3e9fde280e449e33846adccc52cc33e0204
results/v7/per_case/poolT_per_case/runs_method_upgrade_pilot_20260723/loco_62p0_0p1/v2_joint_embedding/seed0/e1_fresh_seed_pool_T/best/per_case_metrics.csv,97822,c45e5bdf034321628cce7ff89f5bfe6eded133e54ed2220275ea94127fdee8b2
results/v7/per_case/poolT_per_case/runs_method_upgrade_pilot_20260723/loco_62p0_0p1/v2_joint_embedding/seed0/e1_fresh_seed_pool_T/last/per_case_metrics.csv,97883,e95daa8ed93f1d8a27c52e04a69e7ed0314581e8bee6674d436784b12ea6dabe
results/v7/per_case/poolT_per_case/runs_method_upgrade_pilot_20260723/loco_62p0_0p1/v2_joint_embedding/seed1/e1_fresh_seed_pool_T/best/per_case_metrics.csv,97852,71f16c8b849a4dcd34937b9a2fb2eed533d76c19761a364b6fb3264e0b3f5493
results/v7/per_case/poolT_per_case/runs_method_upgrade_pilot_20260723/loco_62p0_0p1/v2_joint_embedding/seed1/e1_fresh_seed_pool_T/last/per_case_metrics.csv,97896,06236f011bf729f77abbaab49fc0757c72d0dfcf6e2c8855ff8bb56a128c3dd2
results/v7/per_case/poolT_per_case/runs_method_upgrade_pilot_20260723/loco_62p0_0p1/v2_joint_embedding/seed2/e1_fresh_seed_pool_T/best/per_case_metrics.csv,97877,9d1e27481d5624c563ac39ed13f6eeba65eac64c806a93e1b0aafc3b814d3589
results/v7/per_case/poolT_per_case/runs_method_upgrade_pilot_20260723/loco_62p0_0p1/v2_joint_embedding/seed2/e1_fresh_seed_pool_T/last/per_case_metrics.csv,97836,bc334c12128e202e33907e4608c01909eaac45c23b044625599ce2f99c4ecff3
results/v7/per_case/poolT_per_case/runs_method_upgrade_pilot_20260723/loco_62p0_0p1/v2_joint_embedding/seed3/e1_fresh_seed_pool_T/best/per_case_metrics.csv,97871,671cfaeed6e93035c35a0dc47dce327be8666f3c2371e73ef51a3f9da1989e02
results/v7/per_case/poolT_per_case/runs_method_upgrade_pilot_20260723/loco_62p0_0p1/v2_joint_embedding/seed3/e1_fresh_seed_pool_T/last/per_case_metrics.csv,97846,2430735318faabfbf600a2f567a303e12b4fdc25580f35839efe9b8a6a2145fb
results/v7/per_case/poolT_per_case/runs_method_upgrade_pilot_20260723/loco_62p0_0p1/v2_joint_embedding/seed4/e1_fresh_seed_pool_T/best/per_case_metrics.csv,97860,f4ab40bbe8cf6c8ef7544c92c48760a696876756ce706cdc34fa0d6f5fb59526
results/v7/per_case/poolT_per_case/runs_method_upgrade_pilot_20260723/loco_62p0_0p1/v2_joint_embedding/seed4/e1_fresh_seed_pool_T/last/per_case_metrics.csv,97827,21528d664960f78bf0b60b8b1ec6992015292f9a9e05c84494fcbbf17b9c392a
results/v7/per_case/poolT_per_case/runs_method_upgrade_pilot_20260723/loco_62p0_1p0/v0_raw_channels/seed0/e1_fresh_seed_pool_T/best/per_case_metrics.csv,97789,1a997e8d961f6ee05fc631933bf75ef195538888def1d120e45dd042a9a46a01
results/v7/per_case/poolT_per_case/runs_method_upgrade_pilot_20260723/loco_62p0_1p0/v0_raw_channels/seed0/e1_fresh_seed_pool_T/last/per_case_metrics.csv,97804,1ddee1bbcc2efa63def2cdc27312f6f94fe16181909bed81f203a41110d560d2
results/v7/per_case/poolT_per_case/runs_method_upgrade_pilot_20260723/loco_62p0_1p0/v0_raw_channels/seed1/e1_fresh_seed_pool_T/best/per_case_metrics.csv,97797,a4086043e0784ec760876742ad8a0d181b232a797024a52e7e758a84184bc1a1
results/v7/per_case/poolT_per_case/runs_method_upgrade_pilot_20260723/loco_62p0_1p0/v0_raw_channels/seed1/e1_fresh_seed_pool_T/last/per_case_metrics.csv,97883,ed10343a1985af52c54edd7eaf6ed529dde6aba4446868e98e3f94bc6377d24c
results/v7/per_case/poolT_per_case/runs_method_upgrade_pilot_20260723/loco_62p0_1p0/v0_raw_channels/seed2/e1_fresh_seed_pool_T/best/per_case_metrics.csv,97841,adfd311b86fe126431bbadc21de11573c02a21be80d9504fc60dbf8cf74eac7f
results/v7/per_case/poolT_per_case/runs_method_upgrade_pilot_20260723/loco_62p0_1p0/v0_raw_channels/seed2/e1_fresh_seed_pool_T/last/per_case_metrics.csv,97763,4e32a41b1d21663d4a7351a8d8dc6524c2219ebbdbe3d6af88761755ebdd3b5c
results/v7/per_case/poolT_per_case/runs_method_upgrade_pilot_20260723/loco_62p0_1p0/v0_raw_channels/seed3/e1_fresh_seed_pool_T/best/per_case_metrics.csv,97877,9c944f37006a1d14542577b59372c0c2ea4b18227c6df8129214aa894016d319
results/v7/per_case/poolT_per_case/runs_method_upgrade_pilot_20260723/loco_62p0_1p0/v0_raw_channels/seed3/e1_fresh_seed_pool_T/last/per_case_metrics.csv,97856,2cde8b951aa29742712f34a4e0ed0fe98a7053a946895d0cd797a197397d6286
results/v7/per_case/poolT_per_case/runs_method_upgrade_pilot_20260723/loco_62p0_1p0/v0_raw_channels/seed4/e1_fresh_seed_pool_T/best/per_case_metrics.csv,97820,80b9fee2edfeba1f718f6f3fe20b5771a245bf6c8fc9bfdfed952c81066a9221
results/v7/per_case/poolT_per_case/runs_method_upgrade_pilot_20260723/loco_62p0_1p0/v0_raw_channels/seed4/e1_fresh_seed_pool_T/last/per_case_metrics.csv,97813,0ce30954dbb7e7a9e8a3611e99b8f4be66d512e68e1b44d1e9f1bee441a1a4b4
results/v7/per_case/poolT_per_case/runs_method_upgrade_pilot_20260723/loco_62p0_1p0/v1_factorized_levels/seed0/e1_fresh_seed_pool_T/best/per_case_metrics.csv,97862,3ff14a3526ef309263837c57d678dfe49d6810dfef93b82049b5af8ab739a353
results/v7/per_case/poolT_per_case/runs_method_upgrade_pilot_20260723/loco_62p0_1p0/v1_factorized_levels/seed0/e1_fresh_seed_pool_T/last/per_case_metrics.csv,97843,6677c2265f3d3c08872b045dc0962012d533f03acf871c01e845df59f62155f4
results/v7/per_case/poolT_per_case/runs_method_upgrade_pilot_20260723/loco_62p0_1p0/v1_factorized_levels/seed1/e1_fresh_seed_pool_T/best/per_case_metrics.csv,97813,4c9800b83ce2c305962e4da53b81a8a08064ff4ae1e797d1f502eb92272ecda5
results/v7/per_case/poolT_per_case/runs_method_upgrade_pilot_20260723/loco_62p0_1p0/v1_factorized_levels/seed1/e1_fresh_seed_pool_T/last/per_case_metrics.csv,97835,9f0bb5be74385f3a1fb0b25a3dc45fccee17190746726425b2aca7c0ed42af3c
results/v7/per_case/poolT_per_case/runs_method_upgrade_pilot_20260723/loco_62p0_1p0/v1_factorized_levels/seed2/e1_fresh_seed_pool_T/best/per_case_metrics.csv,97772,d2df4130b9df7149b0c36a53febf48a8ee30bcd42a8de801907373997b3e71a7
results/v7/per_case/poolT_per_case/runs_method_upgrade_pilot_20260723/loco_62p0_1p0/v1_factorized_levels/seed2/e1_fresh_seed_pool_T/last/per_case_metrics.csv,97880,ffb9dc30218feb8a929d34f8cec5fc37b7d7f9ec3332b532cd6aa814ac2c07d0
results/v7/per_case/poolT_per_case/runs_method_upgrade_pilot_20260723/loco_62p0_1p0/v1_factorized_levels/seed3/e1_fresh_seed_pool_T/best/per_case_metrics.csv,97809,6c01c78e3a3b39dbec688bc6068b2d0dba237a3c300632562bc7e8f68b4f1a10
results/v7/per_case/poolT_per_case/runs_method_upgrade_pilot_20260723/loco_62p0_1p0/v1_factorized_levels/seed3/e1_fresh_seed_pool_T/last/per_case_metrics.csv,97843,e46054af81241a8d9d34b9279c1f714d1153c760a7a484b7955067dd681f551a
results/v7/per_case/poolT_per_case/runs_method_upgrade_pilot_20260723/loco_62p0_1p0/v1_factorized_levels/seed4/e1_fresh_seed_pool_T/best/per_case_metrics.csv,97826,2d84b639d669876831c23878136ba1a7ab51cbe600458c05f5de2f1454362575
results/v7/per_case/poolT_per_case/runs_method_upgrade_pilot_20260723/loco_62p0_1p0/v1_factorized_levels/seed4/e1_fresh_seed_pool_T/last/per_case_metrics.csv,97796,6ef74b7738c74120e6e8e3fe2dd281b4ae29f120f1351adbc82fdbeea84279af
results/v7/per_case/poolT_per_case/runs_method_upgrade_pilot_20260723/loco_62p0_1p0/v2_joint_embedding/seed0/e1_fresh_seed_pool_T/best/per_case_metrics.csv,97835,4bb636a88bd2a432987a792da9a65402a14c8f42a91a54187ef808de8f6e9390
results/v7/per_case/poolT_per_case/runs_method_upgrade_pilot_20260723/loco_62p0_1p0/v2_joint_embedding/seed0/e1_fresh_seed_pool_T/last/per_case_metrics.csv,97824,cf9820afefe43d6cb4ef5f975e404bedfb6933404fb54c4aa0833d005897fbc3
results/v7/per_case/poolT_per_case/runs_method_upgrade_pilot_20260723/loco_62p0_1p0/v2_joint_embedding/seed1/e1_fresh_seed_pool_T/best/per_case_metrics.csv,97780,b8050b18f5406c8b7e33927a9d2b6e9f4f4f9a12b88a48187712b2f72e59cf6c
results/v7/per_case/poolT_per_case/runs_method_upgrade_pilot_20260723/loco_62p0_1p0/v2_joint_embedding/seed1/e1_fresh_seed_pool_T/last/per_case_metrics.csv,97804,f93ab0e9423e88cc2ba9885aea8ddd3a55b85af101418c94029988e103227405
results/v7/per_case/poolT_per_case/runs_method_upgrade_pilot_20260723/loco_62p0_1p0/v2_joint_embedding/seed2/e1_fresh_seed_pool_T/best/per_case_metrics.csv,97872,367c8866ebe3e3535e422e45b506be00a54d5f3ccd57a3169b54f7634f165cd7
results/v7/per_case/poolT_per_case/runs_method_upgrade_pilot_20260723/loco_62p0_1p0/v2_joint_embedding/seed2/e1_fresh_seed_pool_T/last/per_case_metrics.csv,97763,edf93564c02d5f1e1627afa96fdd080c4878a08187822e116d0de917690cd465
results/v7/per_case/poolT_per_case/runs_method_upgrade_pilot_20260723/loco_62p0_1p0/v2_joint_embedding/seed3/e1_fresh_seed_pool_T/best/per_case_metrics.csv,97753,f0a270e51251e8fdcb8172ae68fcac7f01ab2a5ccadf02e0c88bedaaffecdc85
results/v7/per_case/poolT_per_case/runs_method_upgrade_pilot_20260723/loco_62p0_1p0/v2_joint_embedding/seed3/e1_fresh_seed_pool_T/last/per_case_metrics.csv,97757,ae2c44d84506435cf5244096317543112bbce13adac34cbc297b965569288db1
results/v7/per_case/poolT_per_case/runs_method_upgrade_pilot_20260723/loco_62p0_1p0/v2_joint_embedding/seed4/e1_fresh_seed_pool_T/best/per_case_metrics.csv,97831,0d7ba3f32944d22431507a2a6d2808dc99929c5147addc66c624ead24a770d21
results/v7/per_case/poolT_per_case/runs_method_upgrade_pilot_20260723/loco_62p0_1p0/v2_joint_embedding/seed4/e1_fresh_seed_pool_T/last/per_case_metrics.csv,97888,f96cc2b43196b78612b050fed5e01c10d3b8ed083629df7c8d1b7e1c574e83f3
results/v7/per_case/poolT_per_case/runs_method_upgrade_pilot_20260723/loco_6p2_0p1/v0_raw_channels/seed0/e1_fresh_seed_pool_T/best/per_case_metrics.csv,97854,eb518c454415bb45008a10c94b426c0e52ac077e328588edc54187557d706b49
results/v7/per_case/poolT_per_case/runs_method_upgrade_pilot_20260723/loco_6p2_0p1/v0_raw_channels/seed0/e1_fresh_seed_pool_T/last/per_case_metrics.csv,97875,2dd5916efd2f5f632cc9c3aab920baf991becf0a39ef7a5ec7f7a33bdd2e2b91
results/v7/per_case/poolT_per_case/runs_method_upgrade_pilot_20260723/loco_6p2_0p1/v0_raw_channels/seed1/e1_fresh_seed_pool_T/best/per_case_metrics.csv,97749,d7db8bca44e1ff980519ddf6f490fc6407542a6dea06709d653c86f4c2fd656e
results/v7/per_case/poolT_per_case/runs_method_upgrade_pilot_20260723/loco_6p2_0p1/v0_raw_channels/seed1/e1_fresh_seed_pool_T/last/per_case_metrics.csv,97812,7ddfe330c3d662e8120da3b1e128a0a7677e7a850092ce7fca23fbae9498a509
results/v7/per_case/poolT_per_case/runs_method_upgrade_pilot_20260723/loco_6p2_0p1/v0_raw_channels/seed2/e1_fresh_seed_pool_T/best/per_case_metrics.csv,97818,aba5fa17f9235682c0531cc219c7369a3cb58ec550968a8a9739a6464528add5
results/v7/per_case/poolT_per_case/runs_method_upgrade_pilot_20260723/loco_6p2_0p1/v0_raw_channels/seed2/e1_fresh_seed_pool_T/last/per_case_metrics.csv,97843,86d243193bdf1b80bbff7885dab31e7be9b7856577671e69f40b287c67b3ca2b
results/v7/per_case/poolT_per_case/runs_method_upgrade_pilot_20260723/loco_6p2_0p1/v0_raw_channels/seed3/e1_fresh_seed_pool_T/best/per_case_metrics.csv,97805,d3f6b6e88aca8ddea148a9c77403522b3e6f6148a3c50391ffa667e3361666de
results/v7/per_case/poolT_per_case/runs_method_upgrade_pilot_20260723/loco_6p2_0p1/v0_raw_channels/seed3/e1_fresh_seed_pool_T/last/per_case_metrics.csv,97874,11137800cd97dbb11345d3938c8d2a3c13e3f50fc8059fd2a19e80c9e0809e8f
results/v7/per_case/poolT_per_case/runs_method_upgrade_pilot_20260723/loco_6p2_0p1/v0_raw_channels/seed4/e1_fresh_seed_pool_T/best/per_case_metrics.csv,97842,807b7cf3e129eeb5d076e80cc095907f7ca04b927f89ee3c59d5606e2ec03a15
results/v7/per_case/poolT_per_case/runs_method_upgrade_pilot_20260723/loco_6p2_0p1/v0_raw_channels/seed4/e1_fresh_seed_pool_T/last/per_case_metrics.csv,97845,6a0f5eb4243f0ef2ca2757cb6f0c9b2d0ff0c0d4dc03e1b6baf15adf663e4e3e
results/v7/per_case/poolT_per_case/runs_method_upgrade_pilot_20260723/loco_6p2_0p1/v1_factorized_levels/seed0/e1_fresh_seed_pool_T/best/per_case_metrics.csv,97850,7588415b6d40cd52ff821a0ba7a5d0a075f56c92128a7633d4ee890385f57e8f
results/v7/per_case/poolT_per_case/runs_method_upgrade_pilot_20260723/loco_6p2_0p1/v1_factorized_levels/seed0/e1_fresh_seed_pool_T/last/per_case_metrics.csv,97927,6c92c78a77e14d5e56b03f92037fb5afdb1edea84eb3ae3502095fd333feb366
results/v7/per_case/poolT_per_case/runs_method_upgrade_pilot_20260723/loco_6p2_0p1/v1_factorized_levels/seed1/e1_fresh_seed_pool_T/best/per_case_metrics.csv,97906,d046135b47317b6acad97a8913cb2648bb743278af0beeb2add26a1e75202e35
results/v7/per_case/poolT_per_case/runs_method_upgrade_pilot_20260723/loco_6p2_0p1/v1_factorized_levels/seed1/e1_fresh_seed_pool_T/last/per_case_metrics.csv,97807,0a5c5090c0e598700056b93841b2215d50f510ef0b3032b73b12f81136f2fe27
results/v7/per_case/poolT_per_case/runs_method_upgrade_pilot_20260723/loco_6p2_0p1/v1_factorized_levels/seed2/e1_fresh_seed_pool_T/best/per_case_metrics.csv,97906,53260dcf4962932bae0370bcb2e8aea382a39251be181440809a8dc7006361f7
results/v7/per_case/poolT_per_case/runs_method_upgrade_pilot_20260723/loco_6p2_0p1/v1_factorized_levels/seed2/e1_fresh_seed_pool_T/last/per_case_metrics.csv,97892,d4cf17945cde7e3875fce292dfe59f37120b4d134ff952f96c095cee1690a20b
results/v7/per_case/poolT_per_case/runs_method_upgrade_pilot_20260723/loco_6p2_0p1/v1_factorized_levels/seed3/e1_fresh_seed_pool_T/best/per_case_metrics.csv,97947,c9066c657c6f1fa398d7eb2e9e81de3fe37e0ca5f5a7bdc185aea00032142a7a
results/v7/per_case/poolT_per_case/runs_method_upgrade_pilot_20260723/loco_6p2_0p1/v1_factorized_levels/seed3/e1_fresh_seed_pool_T/last/per_case_metrics.csv,97854,1a10d86dc6571ef01f8a971b9fbb3a2cbbe14bc1d25f6d9541bb815f4f3a32be
results/v7/per_case/poolT_per_case/runs_method_upgrade_pilot_20260723/loco_6p2_0p1/v1_factorized_levels/seed4/e1_fresh_seed_pool_T/best/per_case_metrics.csv,97764,76b801af2344989e686d31af29a645cdad1d4502f305b3266c95bda93a4a0bdb
results/v7/per_case/poolT_per_case/runs_method_upgrade_pilot_20260723/loco_6p2_0p1/v1_factorized_levels/seed4/e1_fresh_seed_pool_T/last/per_case_metrics.csv,97823,f2dacb65f343c94108cd5cacd061a415b5655a4e2121bfe520882401c4acb98c
results/v7/per_case/poolT_per_case/runs_method_upgrade_pilot_20260723/loco_6p2_0p1/v2_joint_embedding/seed0/e1_fresh_seed_pool_T/best/per_case_metrics.csv,97815,054331e36ee6d9c6bf81d29a817c22f51feb327a2e5c50aacd95155f6a87fb37
results/v7/per_case/poolT_per_case/runs_method_upgrade_pilot_20260723/loco_6p2_0p1/v2_joint_embedding/seed0/e1_fresh_seed_pool_T/last/per_case_metrics.csv,97892,4e37676ea10fe4ec2b60a66ecb39ff883bfa134455dd2a7c383bfbaecf96d1e1
results/v7/per_case/poolT_per_case/runs_method_upgrade_pilot_20260723/loco_6p2_0p1/v2_joint_embedding/seed1/e1_fresh_seed_pool_T/best/per_case_metrics.csv,97870,27599186a4e8c05a12d665e9be9959bfbf37301265891d79aaf0ac6caf5a534a
results/v7/per_case/poolT_per_case/runs_method_upgrade_pilot_20260723/loco_6p2_0p1/v2_joint_embedding/seed1/e1_fresh_seed_pool_T/last/per_case_metrics.csv,97928,d64be9e52b9cc977f1df000b4289bfc10200b99ff8a4a03f983d83357129cfa1
results/v7/per_case/poolT_per_case/runs_method_upgrade_pilot_20260723/loco_6p2_0p1/v2_joint_embedding/seed2/e1_fresh_seed_pool_T/best/per_case_metrics.csv,97901,698a654bf0283189b94792a1e1a79907bdb5d1b577fc42205f3450a8cbee00d5
results/v7/per_case/poolT_per_case/runs_method_upgrade_pilot_20260723/loco_6p2_0p1/v2_joint_embedding/seed2/e1_fresh_seed_pool_T/last/per_case_metrics.csv,97910,328a7e956d5bbdacffed371cbb8260bbd60da1dc8e4c2693ff9fcbb5a9f7c145
results/v7/per_case/poolT_per_case/runs_method_upgrade_pilot_20260723/loco_6p2_0p1/v2_joint_embedding/seed3/e1_fresh_seed_pool_T/best/per_case_metrics.csv,97895,dbc3429ab7e62ba256a8c023f6b0d91edef48acba48a0df439b0c7e8796a18c8
results/v7/per_case/poolT_per_case/runs_method_upgrade_pilot_20260723/loco_6p2_0p1/v2_joint_embedding/seed3/e1_fresh_seed_pool_T/last/per_case_metrics.csv,97844,81385814b6d4ed7a66293d9d3e18b8b0d844ff9b556ca15f360a9d95c7d33f16
results/v7/per_case/poolT_per_case/runs_method_upgrade_pilot_20260723/loco_6p2_0p1/v2_joint_embedding/seed4/e1_fresh_seed_pool_T/best/per_case_metrics.csv,97876,2ad99b3ce861179b1d4ffc164dd141257f1f50750f78a6625d4cfa9b36d36ea2
results/v7/per_case/poolT_per_case/runs_method_upgrade_pilot_20260723/loco_6p2_0p1/v2_joint_embedding/seed4/e1_fresh_seed_pool_T/last/per_case_metrics.csv,97849,d83c5ef8eceab0eb3985f5b6668207bf7398df5db66b5ba1fbde40cc67823800
results/v7/per_case/poolT_per_case/runs_mstmo_crossarch_full_20260807/compositional/seed0/e1_fresh_seed_pool_T/best/per_case_metrics.csv,97899,f77c068348598e45a27169db5a26276c2ed473f9e4fcbbc1af6f81038c3f1d34
results/v7/per_case/poolT_per_case/runs_mstmo_crossarch_full_20260807/compositional/seed0/e1_fresh_seed_pool_T/last/per_case_metrics.csv,97782,0585b4a2f313007fade0bbdbb383f3ad0d1b5c7eb960d641c7ae234415cf6f6a
results/v7/per_case/poolT_per_case/runs_mstmo_crossarch_full_20260807/compositional/seed1/e1_fresh_seed_pool_T/best/per_case_metrics.csv,97761,702e3eb47cd1d48c0ed92d54684cee09904d9477013be0ba6707c1db563f6ffe
results/v7/per_case/poolT_per_case/runs_mstmo_crossarch_full_20260807/compositional/seed1/e1_fresh_seed_pool_T/last/per_case_metrics.csv,97802,555f21d4d9a9dfec8bff0a4d765681090941a55c93bed59ea8f646b020adec93
results/v7/per_case/poolT_per_case/runs_mstmo_crossarch_full_20260807/compositional/seed2/e1_fresh_seed_pool_T/best/per_case_metrics.csv,97893,829f975c3470e87d1f86c68dfaa3dcabe6cc851825c8150dc965359381a5c5fa
results/v7/per_case/poolT_per_case/runs_mstmo_crossarch_full_20260807/compositional/seed2/e1_fresh_seed_pool_T/last/per_case_metrics.csv,97824,17f16f3bbc2f7819c08f35fd25109446eb676a2f07280fcb81f2a2540b955f6f
results/v7/per_case/poolT_per_case/runs_mstmo_crossarch_full_20260807/compositional/seed3/e1_fresh_seed_pool_T/best/per_case_metrics.csv,97853,7a05de62af28c5f64f717034bad425102843c932f3cd6990e184b7cf9e70dbc4
results/v7/per_case/poolT_per_case/runs_mstmo_crossarch_full_20260807/compositional/seed3/e1_fresh_seed_pool_T/last/per_case_metrics.csv,97836,d255ca69ebf9963a9a71706dac2a7e9bf35f06b2be3c7c00de98bb8a1a673816
results/v7/per_case/poolT_per_case/runs_mstmo_crossarch_full_20260807/compositional/seed4/e1_fresh_seed_pool_T/best/per_case_metrics.csv,97853,aa69b1b403ae9952af47a6f7d7dcede1ac7e72bcbec25b057206a509e01541e1
results/v7/per_case/poolT_per_case/runs_mstmo_crossarch_full_20260807/compositional/seed4/e1_fresh_seed_pool_T/last/per_case_metrics.csv,97841,2e22ddd568c35341875ae4d749496b8f7ee5f68a2e03f4d1ef46234f57d780a0
results/v7/per_case/poolT_per_case/runs_mstmo_crossarch_full_20260807/grouped_standard/seed0/e1_fresh_seed_pool_T/best/per_case_metrics.csv,97816,f93bcffee47455e612df4f03fe97f5ab908c78249bf4b70019117894f9c1e930
results/v7/per_case/poolT_per_case/runs_mstmo_crossarch_full_20260807/grouped_standard/seed0/e1_fresh_seed_pool_T/last/per_case_metrics.csv,97865,5661b7e02835551ec745f50b118a41dd1fdd57f33417c3ba5479871c72c149a0
results/v7/per_case/poolT_per_case/runs_mstmo_crossarch_full_20260807/grouped_standard/seed1/e1_fresh_seed_pool_T/best/per_case_metrics.csv,97838,9a40d5e5c076ac8ee1b3b1acb4c5d4d8b1edec16adfe1ad0051cbeda0e167bd4
results/v7/per_case/poolT_per_case/runs_mstmo_crossarch_full_20260807/grouped_standard/seed1/e1_fresh_seed_pool_T/last/per_case_metrics.csv,97856,07f54e357936f4a23f74a9fd28c0a86ab22974bc566c14134900e282d3ae0812
results/v7/per_case/poolT_per_case/runs_mstmo_crossarch_full_20260807/grouped_standard/seed2/e1_fresh_seed_pool_T/best/per_case_metrics.csv,97798,3d847845329217c4296cdce925fa5039209172f09ceb5f68a36e420d25aa9219
results/v7/per_case/poolT_per_case/runs_mstmo_crossarch_full_20260807/grouped_standard/seed2/e1_fresh_seed_pool_T/last/per_case_metrics.csv,97914,851087b83d44e4cfa81fe04a41da63589a65ab351c1bd428e9c5474b305644ba
results/v7/per_case/poolT_per_case/runs_mstmo_crossarch_full_20260807/grouped_standard/seed3/e1_fresh_seed_pool_T/best/per_case_metrics.csv,97902,33cf8a3d0603e5979562bd0ed70620e032f0bd4b4e101e011087f1f36fc82591
results/v7/per_case/poolT_per_case/runs_mstmo_crossarch_full_20260807/grouped_standard/seed3/e1_fresh_seed_pool_T/last/per_case_metrics.csv,97897,347882c10448c927ca195d05fea7a90fe67608abcc6ca656f9bd17ce6c514238
results/v7/per_case/poolT_per_case/runs_mstmo_crossarch_full_20260807/grouped_standard/seed4/e1_fresh_seed_pool_T/best/per_case_metrics.csv,97837,b6a11c492daff279e4b77aa636f3a0a9bb8d3c9a2a446f2d6f0874745c860556
results/v7/per_case/poolT_per_case/runs_mstmo_crossarch_full_20260807/grouped_standard/seed4/e1_fresh_seed_pool_T/last/per_case_metrics.csv,97863,b6014c37e9e699a08df1dab0d54e8e9f34bf2c0e6a58fd1ca811962d42c95b35
results/v7/per_case/poolT_per_case/runs_mstmo_raw_loco_full_20260810/compositional/seed0/e1_fresh_seed_pool_T/best/per_case_metrics.csv,97800,8ee573a5b7eefff0550ec2f214a042ae9085acc322195f415619d70d99b9552f
results/v7/per_case/poolT_per_case/runs_mstmo_raw_loco_full_20260810/compositional/seed0/e1_fresh_seed_pool_T/last/per_case_metrics.csv,97815,6255a50109a01edca3f7af7dee4f3cfcc435ce0984290865704aba414b4beb76
results/v7/per_case/poolT_per_case/runs_mstmo_raw_loco_full_20260810/compositional/seed1/e1_fresh_seed_pool_T/best/per_case_metrics.csv,97807,4b8229c60145da0cef7bfeb57ef66fafab962efc0d8a41b0847633ffa6528557
results/v7/per_case/poolT_per_case/runs_mstmo_raw_loco_full_20260810/compositional/seed1/e1_fresh_seed_pool_T/last/per_case_metrics.csv,97865,24137de2615026bda4435cdf2687b04ea43d32ebbddea72239705f876d99e390
results/v7/per_case/poolT_per_case/runs_mstmo_raw_loco_full_20260810/compositional/seed2/e1_fresh_seed_pool_T/best/per_case_metrics.csv,97915,aafbf7057d2613cb1c248e05dcc032a76992930d53abea8e65824933279e4cbb
results/v7/per_case/poolT_per_case/runs_mstmo_raw_loco_full_20260810/compositional/seed2/e1_fresh_seed_pool_T/last/per_case_metrics.csv,97835,1c2fcdb25c6f0a40ef90fee20864007a59338dde7d639d2b5b6977642078a57c
results/v7/per_case/poolT_per_case/runs_mstmo_raw_loco_full_20260810/compositional/seed3/e1_fresh_seed_pool_T/best/per_case_metrics.csv,97825,90ba92e70525ddae0bba5d922dea7ce989b416336ec6f09b9c48c4b2e7494d5d
results/v7/per_case/poolT_per_case/runs_mstmo_raw_loco_full_20260810/compositional/seed3/e1_fresh_seed_pool_T/last/per_case_metrics.csv,97772,99748e3cd31b15bc6e7e58a6e685b6806e0699bf1909902c7bce14953a9cfb38
results/v7/per_case/poolT_per_case/runs_mstmo_raw_loco_full_20260810/compositional/seed4/e1_fresh_seed_pool_T/best/per_case_metrics.csv,97879,81ea47da49b1e01d774299ac19600db6794d3e3ba9daef38554648c1ff153f1f
results/v7/per_case/poolT_per_case/runs_mstmo_raw_loco_full_20260810/compositional/seed4/e1_fresh_seed_pool_T/last/per_case_metrics.csv,97822,5698d0c44673a95aaaca8d6066e4e5cc536b11f7693420792557e4b65c92c376
results/v7/per_case/poolT_per_case/runs_v4_joint_continuous_20260920/compositional/v4_joint_continuous/seed0/e1_fresh_seed_pool_T/best/per_case_metrics.csv,97841,d4670a8d1d3958d2611da7a765f55f287dc9e854e69fd412bca4c13bee34a66c
results/v7/per_case/poolT_per_case/runs_v4_joint_continuous_20260920/compositional/v4_joint_continuous/seed0/e1_fresh_seed_pool_T/last/per_case_metrics.csv,97905,369887938e59a132be4a20347bcced8214c64d01cbf960b80a95cf6c4b746c92
results/v7/per_case/poolT_per_case/runs_v4_joint_continuous_20260920/compositional/v4_joint_continuous/seed0/e1_fresh_seed_pool_T2new/best/per_case_metrics.csv,39994,a8c42c1392ac79dda002fe61126f69286e81ea3ebf7b6318550a491f2fc7d8d7
results/v7/per_case/poolT_per_case/runs_v4_joint_continuous_20260920/compositional/v4_joint_continuous/seed1/e1_fresh_seed_pool_T/best/per_case_metrics.csv,97783,9b21f6c27840b035b9f8d80d4fccd2b097ed410b9b4e1635103c6d45c68b9fe3
results/v7/per_case/poolT_per_case/runs_v4_joint_continuous_20260920/compositional/v4_joint_continuous/seed1/e1_fresh_seed_pool_T/last/per_case_metrics.csv,97790,f4bb9e498571161b80c6e21af4d44f2db1a6f5cf7e0fbf4bb440688e79b66322
results/v7/per_case/poolT_per_case/runs_v4_joint_continuous_20260920/compositional/v4_joint_continuous/seed1/e1_fresh_seed_pool_T2new/best/per_case_metrics.csv,40013,bfe706f9760f9f62427222de0269197816007da167a7eebed213a86741eaafff
results/v7/per_case/poolT_per_case/runs_v4_joint_continuous_20260920/compositional/v4_joint_continuous/seed2/e1_fresh_seed_pool_T/best/per_case_metrics.csv,97897,d540e61b93ab89bf40c7f9ec41a647866a41e5182539989b22f4ee02f4373759
results/v7/per_case/poolT_per_case/runs_v4_joint_continuous_20260920/compositional/v4_joint_continuous/seed2/e1_fresh_seed_pool_T/last/per_case_metrics.csv,97838,5e508c6861039172fb708ddb9007e6b412b13042a0a23d78e2b42ddc97fa0b7b
results/v7/per_case/poolT_per_case/runs_v4_joint_continuous_20260920/compositional/v4_joint_continuous/seed2/e1_fresh_seed_pool_T2new/best/per_case_metrics.csv,39987,69fb4dfa93d6a9aae9f9233b77ad1827cbd4e4e5bbb6867a1b6d1013bb853c0e
results/v7/per_case/poolT_per_case/runs_v4_joint_continuous_20260920/compositional/v4_joint_continuous/seed3/e1_fresh_seed_pool_T/best/per_case_metrics.csv,97839,325ffa7925037b21a0a4141f5b4abbd92b801b5b5ab762539f3b1df475892c6a
results/v7/per_case/poolT_per_case/runs_v4_joint_continuous_20260920/compositional/v4_joint_continuous/seed3/e1_fresh_seed_pool_T/last/per_case_metrics.csv,97825,b1709438d6efbf2b3c1ae70b6797c99aa7ed33803b1707796fa0a2bd0e2de0e6
results/v7/per_case/poolT_per_case/runs_v4_joint_continuous_20260920/compositional/v4_joint_continuous/seed3/e1_fresh_seed_pool_T2new/best/per_case_metrics.csv,40031,7c04180562e0f1cffb85d7acc54032fc69a22374fa7111b073e74be4c288f3ea
results/v7/per_case/poolT_per_case/runs_v4_joint_continuous_20260920/compositional/v4_joint_continuous/seed4/e1_fresh_seed_pool_T/best/per_case_metrics.csv,97806,b52cf5121d00ec0b4ef5b472ab6071ee1485aeba8d4a51f0c0bc21fcd69c4cb3
results/v7/per_case/poolT_per_case/runs_v4_joint_continuous_20260920/compositional/v4_joint_continuous/seed4/e1_fresh_seed_pool_T/last/per_case_metrics.csv,97879,f051959d9dc1cdcca474363942b2c2bd47e73e6182a5535108aaf71a5aab48dc
results/v7/per_case/poolT_per_case/runs_v4_joint_continuous_20260920/compositional/v4_joint_continuous/seed4/e1_fresh_seed_pool_T2new/best/per_case_metrics.csv,39998,4fcf11874e53e7d6df91d978b5aa14e3039381473be314cf0a01c9b4e945641c
results/v7/per_case/poolT_per_case/runs_v5_confirmatory_20260715/cta_ffl_constant_placebo/seed0/e1_fresh_seed_pool_T/best/per_case_metrics.csv,97856,5127ce4a9e0e1c86155360bdd9fb9fd764646d6c2ae7bcdb60df35f3797581f2
results/v7/per_case/poolT_per_case/runs_v5_confirmatory_20260715/cta_ffl_constant_placebo/seed0/e1_fresh_seed_pool_T/last/per_case_metrics.csv,97824,e062362f73e791cae39c5b9a0fba140dd97246d9022ab73e76f1149026f57041
results/v7/per_case/poolT_per_case/runs_v5_confirmatory_20260715/cta_ffl_constant_placebo/seed0/e1_fresh_seed_pool_T2new/best/per_case_metrics.csv,39978,dae4232c02fea8dd539cedfbb2314233fac9536fca06c4959dae24ec1a6743b0
results/v7/per_case/poolT_per_case/runs_v5_confirmatory_20260715/cta_ffl_constant_placebo/seed1/e1_fresh_seed_pool_T/best/per_case_metrics.csv,97822,14b1390cc8065d9ad2fb2b687b0ec21cf9ad6d8e67ca549f48182a6052a58fc9
results/v7/per_case/poolT_per_case/runs_v5_confirmatory_20260715/cta_ffl_constant_placebo/seed1/e1_fresh_seed_pool_T/last/per_case_metrics.csv,97856,67fd3b5b41021da7f192c685a8e2216865cfcaf17ffff0302b3c714057793c5d
results/v7/per_case/poolT_per_case/runs_v5_confirmatory_20260715/cta_ffl_constant_placebo/seed1/e1_fresh_seed_pool_T2new/best/per_case_metrics.csv,39965,23fe576f7bc8c142f8d08c815039253b375e884e2cfda5acb91c263ec4c37f29
results/v7/per_case/poolT_per_case/runs_v5_confirmatory_20260715/cta_ffl_constant_placebo/seed2/e1_fresh_seed_pool_T/best/per_case_metrics.csv,97882,a8ead30a6b57284421223669d4769b3015fb8c62d71090236c0623d0fad7b2ba
results/v7/per_case/poolT_per_case/runs_v5_confirmatory_20260715/cta_ffl_constant_placebo/seed2/e1_fresh_seed_pool_T/last/per_case_metrics.csv,97858,94ffc15cceeca9dcfa3b86b252a1e1e15a80aa3288257a64a030e3f9b96b4286
results/v7/per_case/poolT_per_case/runs_v5_confirmatory_20260715/cta_ffl_constant_placebo/seed2/e1_fresh_seed_pool_T2new/best/per_case_metrics.csv,40009,71e3efd83597f3a3350c0cee236c98b9e6ba2f5c710076aed50b33a285ddd7a3
results/v7/per_case/poolT_per_case/runs_v5_confirmatory_20260715/cta_ffl_constant_placebo/seed3/e1_fresh_seed_pool_T/best/per_case_metrics.csv,97849,824c5574cbe40545860c6ee760d91d3da0123143e092d7a7445cedaca32a40d3
results/v7/per_case/poolT_per_case/runs_v5_confirmatory_20260715/cta_ffl_constant_placebo/seed3/e1_fresh_seed_pool_T/last/per_case_metrics.csv,97822,6262aa492c73e5a114904c64e89963129216ef7b121743d22dc6e544b8dc6fed
results/v7/per_case/poolT_per_case/runs_v5_confirmatory_20260715/cta_ffl_constant_placebo/seed3/e1_fresh_seed_pool_T2new/best/per_case_metrics.csv,39989,eca2c72647f293af2ee00a07428575e86c955bb0bbbc249b95e71bdc1604ea1b
results/v7/per_case/poolT_per_case/runs_v5_confirmatory_20260715/cta_ffl_constant_placebo/seed4/e1_fresh_seed_pool_T/best/per_case_metrics.csv,97788,b6828610808151fe0b83ba5d6cc2ac4424c19bb228383fe75526dd6907d329ba
results/v7/per_case/poolT_per_case/runs_v5_confirmatory_20260715/cta_ffl_constant_placebo/seed4/e1_fresh_seed_pool_T/last/per_case_metrics.csv,97814,4cecc437d3d159aa71d3bbaa8701252f5a8905952a9c519d4953aab5a47fd8b5
results/v7/per_case/poolT_per_case/runs_v5_confirmatory_20260715/cta_ffl_constant_placebo/seed4/e1_fresh_seed_pool_T2new/best/per_case_metrics.csv,39982,f8c5598e6b7f4f7de06b5868559725e65df885fecbb4df4792f845213da90f65
results/v7/per_case/poolT_per_case/runs_v5_confirmatory_20260715/cta_ffl_constant_placebo/seed5/e1_fresh_seed_pool_T/best/per_case_metrics.csv,97878,f99640593fbbcb2bfcef50de2eae7304ae4d4a37787e0f0b661994908bc97c06
results/v7/per_case/poolT_per_case/runs_v5_confirmatory_20260715/cta_ffl_constant_placebo/seed5/e1_fresh_seed_pool_T/last/per_case_metrics.csv,97810,bff6ec3b5da5cfb5b7521008653eca5b8b1652dd89d0c28efcd0b2e87a82b81c
results/v7/per_case/poolT_per_case/runs_v5_confirmatory_20260715/cta_ffl_constant_placebo/seed5/e1_fresh_seed_pool_T2new/best/per_case_metrics.csv,39979,0b3d0394edc5a5c025c473739b2dbc1d94b165e5ae6d17a259d092ae19e6aeba
results/v7/per_case/poolT_per_case/runs_v5_confirmatory_20260715/cta_ffl_constant_placebo/seed6/e1_fresh_seed_pool_T/best/per_case_metrics.csv,97824,1cacf12886272f97c0f31b1af1104e1c7a29d82a3429c993d2e80d5bf9722597
results/v7/per_case/poolT_per_case/runs_v5_confirmatory_20260715/cta_ffl_constant_placebo/seed6/e1_fresh_seed_pool_T/last/per_case_metrics.csv,97839,1946b8911fdcbc9dd30673720818173b3d3d7d5e9018de3cb443d83a6fcadffa
results/v7/per_case/poolT_per_case/runs_v5_confirmatory_20260715/cta_ffl_constant_placebo/seed6/e1_fresh_seed_pool_T2new/best/per_case_metrics.csv,40013,283a3f2b12abcc703bd0e3349236e93e2e66faf083b83aeb8500d1d91b2aab0b
results/v7/per_case/poolT_per_case/runs_v5_confirmatory_20260715/cta_ffl_constant_placebo/seed7/e1_fresh_seed_pool_T/best/per_case_metrics.csv,97933,3fd6fa92b2a2b6aecc8cb968f28d9e48ae3143a286e3d4569be25a75eebe8e56
results/v7/per_case/poolT_per_case/runs_v5_confirmatory_20260715/cta_ffl_constant_placebo/seed7/e1_fresh_seed_pool_T/last/per_case_metrics.csv,97861,0e6b4694f72e3222d5657ff15f41a39beb2348772d1a9264e22abd8b02fd6d52
results/v7/per_case/poolT_per_case/runs_v5_confirmatory_20260715/cta_ffl_constant_placebo/seed7/e1_fresh_seed_pool_T2new/best/per_case_metrics.csv,40014,0648f32cd09bcbbec3752579dc4e87e49fe0eed2db5c29ec17f88d23cd72c51b
results/v7/per_case/poolT_per_case/runs_v5_confirmatory_20260715/cta_ffl_constant_placebo/seed8/e1_fresh_seed_pool_T/best/per_case_metrics.csv,97846,d93f2de16273f74b8f7a5bc6a761d46cfa64647227201572800fff793b46800f
results/v7/per_case/poolT_per_case/runs_v5_confirmatory_20260715/cta_ffl_constant_placebo/seed8/e1_fresh_seed_pool_T/last/per_case_metrics.csv,97806,72eac3720c705fcc1e692f1809d44668e25f9caeb954de69778f7d9c9523dc58
results/v7/per_case/poolT_per_case/runs_v5_confirmatory_20260715/cta_ffl_constant_placebo/seed8/e1_fresh_seed_pool_T2new/best/per_case_metrics.csv,39994,ce15446fc1340003f0fb8e58b1fe15817dd3cf508989ef76c31801647fd0409b
results/v7/per_case/poolT_per_case/runs_v5_confirmatory_20260715/cta_ffl_constant_placebo/seed9/e1_fresh_seed_pool_T/best/per_case_metrics.csv,97819,f4ee12be49693b2e2f892949ea963b7742741bd668b39ec8117394959a0f0a20
results/v7/per_case/poolT_per_case/runs_v5_confirmatory_20260715/cta_ffl_constant_placebo/seed9/e1_fresh_seed_pool_T/last/per_case_metrics.csv,97829,fb170e21bad640b7114d02bc248ce743ccfc3149f98514fc1bbee9fc12cf3184
results/v7/per_case/poolT_per_case/runs_v5_confirmatory_20260715/cta_ffl_constant_placebo/seed9/e1_fresh_seed_pool_T2new/best/per_case_metrics.csv,39993,9a0694de833b41108da0354bfab81d06f998a90add6ae0431ed1809e092a5f85
results/v7/per_case/poolT_per_case/runs_v5_confirmatory_20260715/cta_ffl_independent_nuisance/seed0/e1_fresh_seed_pool_T/best/per_case_metrics.csv,97935,506b6c8d4b90d9d92e52b55040bfa6998b70648f8d22df3c54f99dd505353be3
results/v7/per_case/poolT_per_case/runs_v5_confirmatory_20260715/cta_ffl_independent_nuisance/seed0/e1_fresh_seed_pool_T/last/per_case_metrics.csv,97831,344eb5e0dc2aa34021f1b8ed776c099433f16ed8c1eeb3cabcc43ef736a20a4d
results/v7/per_case/poolT_per_case/runs_v5_confirmatory_20260715/cta_ffl_independent_nuisance/seed0/e1_fresh_seed_pool_T2new/best/per_case_metrics.csv,40037,dde044ed39085a7646c21a7db30b1be9612d00acac3807df69aff09c3f12b1b0
results/v7/per_case/poolT_per_case/runs_v5_confirmatory_20260715/cta_ffl_independent_nuisance/seed1/e1_fresh_seed_pool_T/best/per_case_metrics.csv,97792,411c8c7bcac89a86dcba1bbae9bd8dcd5618d2dc36cd9627130b4b47c9ba091e
results/v7/per_case/poolT_per_case/runs_v5_confirmatory_20260715/cta_ffl_independent_nuisance/seed1/e1_fresh_seed_pool_T/last/per_case_metrics.csv,97814,5b7eac2bc5f7c02cba2fc00934480ea3fa32f81c671fd11d2a816f9e2b1e87bb
results/v7/per_case/poolT_per_case/runs_v5_confirmatory_20260715/cta_ffl_independent_nuisance/seed1/e1_fresh_seed_pool_T2new/best/per_case_metrics.csv,40035,53128f877830901c3191ec21ec3b3021c239feabaa572cffee722a7a33aa41a2
results/v7/per_case/poolT_per_case/runs_v5_confirmatory_20260715/cta_ffl_independent_nuisance/seed2/e1_fresh_seed_pool_T/best/per_case_metrics.csv,97715,f8a047b57a79ed9ef685b72b18d909f920e75e836a1e8fa5ce82506bef38ae1b
results/v7/per_case/poolT_per_case/runs_v5_confirmatory_20260715/cta_ffl_independent_nuisance/seed2/e1_fresh_seed_pool_T/last/per_case_metrics.csv,97893,9802e80ae2a088d5b669b32a3b299a5238011ec4397edfc7ba1bee047203e8bf
results/v7/per_case/poolT_per_case/runs_v5_confirmatory_20260715/cta_ffl_independent_nuisance/seed2/e1_fresh_seed_pool_T2new/best/per_case_metrics.csv,39928,655e22693e89789c487124c8709d4d2f9bffe2480c1929f25df41d2cb5974956
results/v7/per_case/poolT_per_case/runs_v5_confirmatory_20260715/cta_ffl_independent_nuisance/seed3/e1_fresh_seed_pool_T/best/per_case_metrics.csv,97819,705af8a56a66cad551307099f86812050c3ea00c135ee667051fbb3322f4c157
results/v7/per_case/poolT_per_case/runs_v5_confirmatory_20260715/cta_ffl_independent_nuisance/seed3/e1_fresh_seed_pool_T/last/per_case_metrics.csv,97798,694c50bbb386af8cf1299d96c7f47d014e938a6b0843cb74724a95dd82b7ef58
results/v7/per_case/poolT_per_case/runs_v5_confirmatory_20260715/cta_ffl_independent_nuisance/seed3/e1_fresh_seed_pool_T2new/best/per_case_metrics.csv,39958,3d44430049a6d8a72ba7a389336887db2ee6ed4d31cfa880a8a50c4f4abc5a0f
results/v7/per_case/poolT_per_case/runs_v5_confirmatory_20260715/cta_ffl_independent_nuisance/seed4/e1_fresh_seed_pool_T/best/per_case_metrics.csv,97901,875bd755125ca0007a937940a31733ce93bc380f21fe39a6e6226ec92c9e899a
results/v7/per_case/poolT_per_case/runs_v5_confirmatory_20260715/cta_ffl_independent_nuisance/seed4/e1_fresh_seed_pool_T/last/per_case_metrics.csv,97817,a63b720605c133b6fe9ffb1d8befe83447c549013a3965a9ccec07134fe8e566
results/v7/per_case/poolT_per_case/runs_v5_confirmatory_20260715/cta_ffl_independent_nuisance/seed4/e1_fresh_seed_pool_T2new/best/per_case_metrics.csv,40020,feb5f8cba5ce94821d993b02e0efe9e8501f835ef1491d07f2eb6550c9c28b4c
results/v7/per_case/poolT_per_case/runs_v5_confirmatory_20260715/cta_ffl_independent_nuisance/seed5/e1_fresh_seed_pool_T/best/per_case_metrics.csv,97869,f335768dafb4a7e8ab1d8623fa59bb37464bc880361bc1070fc403816230beed
results/v7/per_case/poolT_per_case/runs_v5_confirmatory_20260715/cta_ffl_independent_nuisance/seed5/e1_fresh_seed_pool_T/last/per_case_metrics.csv,97831,bce3ebc5b47c36be4aa35383ef43217a959dc48b054085d5fefcde9881e33636
results/v7/per_case/poolT_per_case/runs_v5_confirmatory_20260715/cta_ffl_independent_nuisance/seed5/e1_fresh_seed_pool_T2new/best/per_case_metrics.csv,40035,9cc58d49c6999b90166ee0ab932a77f51d5b46b523e625ae69513410bb2bfe55
results/v7/per_case/poolT_per_case/runs_v5_confirmatory_20260715/cta_ffl_independent_nuisance/seed6/e1_fresh_seed_pool_T/best/per_case_metrics.csv,97744,b188a684f67a8e8c6ec738dd9e119e2247c21f676898468776ff654cf257993f
results/v7/per_case/poolT_per_case/runs_v5_confirmatory_20260715/cta_ffl_independent_nuisance/seed6/e1_fresh_seed_pool_T/last/per_case_metrics.csv,97810,a327fdc25985cc8241cd719a3bb91947b758c6d05933962ec9a8d342bde7e170
results/v7/per_case/poolT_per_case/runs_v5_confirmatory_20260715/cta_ffl_independent_nuisance/seed6/e1_fresh_seed_pool_T2new/best/per_case_metrics.csv,39995,2e906fc00fd5ff40678e546e546452198faf4b2793e08a3d0ffdda185cacf11a
results/v7/per_case/poolT_per_case/runs_v5_confirmatory_20260715/cta_ffl_independent_nuisance/seed7/e1_fresh_seed_pool_T/best/per_case_metrics.csv,97974,360471c60f871cdc0df1abc627c4cc5252d58bf0703f5216e58bb15d5c4683d3
results/v7/per_case/poolT_per_case/runs_v5_confirmatory_20260715/cta_ffl_independent_nuisance/seed7/e1_fresh_seed_pool_T/last/per_case_metrics.csv,97860,f2ebc96427aa354a670911ae37247fc1a6b3371baa0584f7326723559e249da1
results/v7/per_case/poolT_per_case/runs_v5_confirmatory_20260715/cta_ffl_independent_nuisance/seed7/e1_fresh_seed_pool_T2new/best/per_case_metrics.csv,40023,1eef0ad204f990137e0df64b69045451b24ef99c0e11eb4078a514e08618422c
results/v7/per_case/poolT_per_case/runs_v5_confirmatory_20260715/cta_ffl_independent_nuisance/seed8/e1_fresh_seed_pool_T/best/per_case_metrics.csv,97879,adfe3bae2319f3f50e696324fc16e86e425cd2f4a03e65bf806d9ae7fe1962be
results/v7/per_case/poolT_per_case/runs_v5_confirmatory_20260715/cta_ffl_independent_nuisance/seed8/e1_fresh_seed_pool_T/last/per_case_metrics.csv,97847,90b41f9ce882efe135745f3f0eac1ef704937debad9cd07a59bdefdee0004b72
results/v7/per_case/poolT_per_case/runs_v5_confirmatory_20260715/cta_ffl_independent_nuisance/seed8/e1_fresh_seed_pool_T2new/best/per_case_metrics.csv,39994,a187b6d210ac770e1a0326ca0eb4ffd1fd09c11ffeb552adc94b62b8810951db
results/v7/per_case/poolT_per_case/runs_v5_confirmatory_20260715/cta_ffl_independent_nuisance/seed9/e1_fresh_seed_pool_T/best/per_case_metrics.csv,97920,a7ab8c8c01c4298d4c86819694d59d2a8926158c3aa28d27ecee4a3d822e4aed
results/v7/per_case/poolT_per_case/runs_v5_confirmatory_20260715/cta_ffl_independent_nuisance/seed9/e1_fresh_seed_pool_T/last/per_case_metrics.csv,97829,1b9ea2a2410a3ae19a78b3a11d613d80f76033b1560eaed317b9277c0d752d1d
results/v7/per_case/poolT_per_case/runs_v5_confirmatory_20260715/cta_ffl_independent_nuisance/seed9/e1_fresh_seed_pool_T2new/best/per_case_metrics.csv,40029,aad5026242b6b448b7bdbf61c4a956d6b3715c7bd7cf6c2634be37e65eda3ab5
results/v7/per_case/poolT_per_case/runs_v5_confirmatory_20260715/cta_ffl_k_only/seed0/e1_fresh_seed_pool_T/best/engineering_metrics.csv,131453,738dc1d8a7fb8ebd909a8e3359de4d915e5aa30f3cc86336e7b465ee33efb3bf
results/v7/per_case/poolT_per_case/runs_v5_confirmatory_20260715/cta_ffl_k_only/seed0/e1_fresh_seed_pool_T/best/per_case_metrics.csv,97849,534a9475f7b570074b9636580e6a0546400c32656a0732368f82335a3e89b2c7
results/v7/per_case/poolT_per_case/runs_v5_confirmatory_20260715/cta_ffl_k_only/seed0/e1_fresh_seed_pool_T/last/per_case_metrics.csv,97811,190562aa7d1277b2f6fe447963adfc97a53632640e5369ed113c0381876c4a0d
results/v7/per_case/poolT_per_case/runs_v5_confirmatory_20260715/cta_ffl_k_only/seed0/e1_fresh_seed_pool_T2new/best/per_case_metrics.csv,39962,dd75d2eda6edb066f73ca2ab0ce3f58408a59cfe15269d0069a254e77b2c1f2c
results/v7/per_case/poolT_per_case/runs_v5_confirmatory_20260715/cta_ffl_k_only/seed1/e1_fresh_seed_pool_T/best/engineering_metrics.csv,131493,7dacad3bf3edb146c5e34dd0c43dbce61b366ccb7f0ff4c12cf3c20033f3defe
results/v7/per_case/poolT_per_case/runs_v5_confirmatory_20260715/cta_ffl_k_only/seed1/e1_fresh_seed_pool_T/best/per_case_metrics.csv,97927,a5cd57c373bb7d3b94b9d6408ed3d9e97dcfd70fc2a1be8dad4321ae304eea94
results/v7/per_case/poolT_per_case/runs_v5_confirmatory_20260715/cta_ffl_k_only/seed1/e1_fresh_seed_pool_T/last/per_case_metrics.csv,97862,e86a679e003ba3957cff51907787293365e4bee97b912e452e84198b937512da
results/v7/per_case/poolT_per_case/runs_v5_confirmatory_20260715/cta_ffl_k_only/seed1/e1_fresh_seed_pool_T2new/best/per_case_metrics.csv,39967,dbce05f78f21cbedf0de37410e10f1b91cf2f038fa7889b3869ccc9446bcbd97
results/v7/per_case/poolT_per_case/runs_v5_confirmatory_20260715/cta_ffl_k_only/seed2/e1_fresh_seed_pool_T/best/engineering_metrics.csv,131479,d3ec2de6aa4464052b1655bccd86e618107a04bd92fcb4f701c0e2bac805f2ed
results/v7/per_case/poolT_per_case/runs_v5_confirmatory_20260715/cta_ffl_k_only/seed2/e1_fresh_seed_pool_T/best/per_case_metrics.csv,97839,a4df05a3451e2954b3c15ed475812604300bb0ebd6cb700d7c2a28b10215da06
results/v7/per_case/poolT_per_case/runs_v5_confirmatory_20260715/cta_ffl_k_only/seed2/e1_fresh_seed_pool_T/last/per_case_metrics.csv,97834,cdbc16ccb461dbbb38cb0f14fd9f0caaa0b6c3a4d57a0276ad1293de7b760260
results/v7/per_case/poolT_per_case/runs_v5_confirmatory_20260715/cta_ffl_k_only/seed2/e1_fresh_seed_pool_T2new/best/per_case_metrics.csv,39993,19f039c18cbe43a173b415bfe394add765d62cc75370174c11e714ec03827c3f
results/v7/per_case/poolT_per_case/runs_v5_confirmatory_20260715/cta_ffl_k_only/seed3/e1_fresh_seed_pool_T/best/engineering_metrics.csv,131345,7d7b2b10e3e9ec873a28799b4f942b6064c975f43f750e21eafefd6d7ec5577d
results/v7/per_case/poolT_per_case/runs_v5_confirmatory_20260715/cta_ffl_k_only/seed3/e1_fresh_seed_pool_T/best/per_case_metrics.csv,97770,90a12ae609c22a800e4723c8d19ffde3c7e29e4047281567f6332b38ef036081
results/v7/per_case/poolT_per_case/runs_v5_confirmatory_20260715/cta_ffl_k_only/seed3/e1_fresh_seed_pool_T/last/per_case_metrics.csv,97826,0075cd44b1b03f34fb7b9e00b5c4fbb0f4db7aa33aab906f653371929428b3b7
results/v7/per_case/poolT_per_case/runs_v5_confirmatory_20260715/cta_ffl_k_only/seed3/e1_fresh_seed_pool_T2new/best/per_case_metrics.csv,40008,68d9e4ea4db8e0b9a476f77ae991dc38473ec5a87d535f41f0058788e28c35f0
results/v7/per_case/poolT_per_case/runs_v5_confirmatory_20260715/cta_ffl_k_only/seed4/e1_fresh_seed_pool_T/best/engineering_metrics.csv,131390,db57e88ae7cf6ca1a0eab123c112e15e77565b831d6518d98cc8e7f48e41ba9c
results/v7/per_case/poolT_per_case/runs_v5_confirmatory_20260715/cta_ffl_k_only/seed4/e1_fresh_seed_pool_T/best/per_case_metrics.csv,97785,e3299a9e2a6d69db3d1f71852cf3a3b0d6ecde9dba685ae3fa0a102c66f5f6b6
results/v7/per_case/poolT_per_case/runs_v5_confirmatory_20260715/cta_ffl_k_only/seed4/e1_fresh_seed_pool_T/last/per_case_metrics.csv,97747,dae3308a443de5524ddf8e320d3f84932eb8f76743fe0febe851c3810e3b0d2b
results/v7/per_case/poolT_per_case/runs_v5_confirmatory_20260715/cta_ffl_k_only/seed4/e1_fresh_seed_pool_T2new/best/per_case_metrics.csv,39980,7dc4d92b2b26749ca4d853bbd12bb8a7250ae61a669eb5c15b0fadf2177bea06
results/v7/per_case/poolT_per_case/runs_v5_confirmatory_20260715/cta_ffl_k_only/seed5/e1_fresh_seed_pool_T/best/engineering_metrics.csv,131305,5ca0e9b8de8af002614effcc5c68ea6d80e0e335db921a5f68a9755068d3ad41
results/v7/per_case/poolT_per_case/runs_v5_confirmatory_20260715/cta_ffl_k_only/seed5/e1_fresh_seed_pool_T/best/per_case_metrics.csv,97873,5953eedc3f4f6179a0a703e86d862e2360a7411c0dbc6a37dcd53f5e87b92f26
results/v7/per_case/poolT_per_case/runs_v5_confirmatory_20260715/cta_ffl_k_only/seed5/e1_fresh_seed_pool_T/last/per_case_metrics.csv,97858,0b418c7c6deabae8951599fd726e9449579a5196e3f6f86953abde1cf739d235
results/v7/per_case/poolT_per_case/runs_v5_confirmatory_20260715/cta_ffl_k_only/seed5/e1_fresh_seed_pool_T2new/best/per_case_metrics.csv,40006,8a24e5691758c08bbef537da3a9ea06042f6cb0506372e8ee05e2bc86e4b2ea5
results/v7/per_case/poolT_per_case/runs_v5_confirmatory_20260715/cta_ffl_k_only/seed6/e1_fresh_seed_pool_T/best/engineering_metrics.csv,131373,dfe6a42ae6a402d215d7be4bbadfa572c20b68e05af7ee802f88d47ae91dc1a8
results/v7/per_case/poolT_per_case/runs_v5_confirmatory_20260715/cta_ffl_k_only/seed6/e1_fresh_seed_pool_T/best/per_case_metrics.csv,97834,2eca5119bddb2ea1fdfcbfdaa8fcb83b082145c36e6146edb6bb11930a48893a
results/v7/per_case/poolT_per_case/runs_v5_confirmatory_20260715/cta_ffl_k_only/seed6/e1_fresh_seed_pool_T/last/per_case_metrics.csv,97890,0de89f1e637210f498283a1ed1fe387ff541d4b12bf5dafcf667ceb98fd57cd1
results/v7/per_case/poolT_per_case/runs_v5_confirmatory_20260715/cta_ffl_k_only/seed6/e1_fresh_seed_pool_T2new/best/per_case_metrics.csv,40009,3622b8da1e0344ccca8d646798bcfb6f18f85327a6df4b9d68cc8c4ad26ca095
results/v7/per_case/poolT_per_case/runs_v5_confirmatory_20260715/cta_ffl_k_only/seed7/e1_fresh_seed_pool_T/best/engineering_metrics.csv,131373,1df7cf3ea29c8b680f2e9b19be5f5fd255d46e01383d95198b083db8febf6e16
results/v7/per_case/poolT_per_case/runs_v5_confirmatory_20260715/cta_ffl_k_only/seed7/e1_fresh_seed_pool_T/best/per_case_metrics.csv,97820,a443cf415d4af26bba1847a1d6a0ae251b40b997a09689f756540ed358686b2d
results/v7/per_case/poolT_per_case/runs_v5_confirmatory_20260715/cta_ffl_k_only/seed7/e1_fresh_seed_pool_T/last/per_case_metrics.csv,97816,f4d682a3519291eaf272326e61dbc48c460952b59a243703eedafac70a3711ad
results/v7/per_case/poolT_per_case/runs_v5_confirmatory_20260715/cta_ffl_k_only/seed7/e1_fresh_seed_pool_T2new/best/per_case_metrics.csv,39971,47757b52c9237050e079162a89c008f570c7d74fdab0dc1f19eb4fc3d4e99e87
results/v7/per_case/poolT_per_case/runs_v5_confirmatory_20260715/cta_ffl_k_only/seed8/e1_fresh_seed_pool_T/best/engineering_metrics.csv,131416,348d4b7e87a5100f34833f3c4f23c6d700a3f6bb4eec3ce61cd0d15a9a16847e
results/v7/per_case/poolT_per_case/runs_v5_confirmatory_20260715/cta_ffl_k_only/seed8/e1_fresh_seed_pool_T/best/per_case_metrics.csv,97789,bdc318dfcf7f6a1f62715a3a2dec4999361c4d9c6cfda9665738ccc751dc80f8
results/v7/per_case/poolT_per_case/runs_v5_confirmatory_20260715/cta_ffl_k_only/seed8/e1_fresh_seed_pool_T/last/per_case_metrics.csv,97833,37606fed444357f0bae3079d8d2b7ebac2f6e85f5ec5f301c14e3b861b9b2086
results/v7/per_case/poolT_per_case/runs_v5_confirmatory_20260715/cta_ffl_k_only/seed8/e1_fresh_seed_pool_T2new/best/per_case_metrics.csv,39988,555c694f8bd25897859008b0a5772b6ee9a384917427746daaec501f0a072cff
results/v7/per_case/poolT_per_case/runs_v5_confirmatory_20260715/cta_ffl_k_only/seed9/e1_fresh_seed_pool_T/best/engineering_metrics.csv,131455,1fccc5eb974f2897e03d4fa18cab64606d83ab4f3d1cec0a91e2d1a754b67a23
results/v7/per_case/poolT_per_case/runs_v5_confirmatory_20260715/cta_ffl_k_only/seed9/e1_fresh_seed_pool_T/best/per_case_metrics.csv,97800,0c261dde6476a2d9dfdbca69ecfe780deb3cb2508360b8d57e789e5542281071
results/v7/per_case/poolT_per_case/runs_v5_confirmatory_20260715/cta_ffl_k_only/seed9/e1_fresh_seed_pool_T/last/per_case_metrics.csv,97829,33f85565a19e98b546f223f0a630d07401dfc97b96d2f68d758d5ebc5c4690e3
results/v7/per_case/poolT_per_case/runs_v5_confirmatory_20260715/cta_ffl_k_only/seed9/e1_fresh_seed_pool_T2new/best/per_case_metrics.csv,39951,2402b2c44fb989c9e10548258dd10fe39a865518168dbec5c062a0444e1e991b
results/v7/per_case/poolT_per_case/runs_v5_confirmatory_20260715/cta_ffl_matched/seed0/e1_fresh_seed_pool_T/best/engineering_metrics.csv,131483,bdd5ef550ec5dacf4dfdf77c7fdad1ad1f24f8aee68aa1df0580c9cbe3feb94e
results/v7/per_case/poolT_per_case/runs_v5_confirmatory_20260715/cta_ffl_matched/seed0/e1_fresh_seed_pool_T/best/per_case_metrics.csv,97852,1f660a3bea21bb6d25a3524a4e41838c1c509a96ab8a0fb2d6b8d7331b6e3b90
results/v7/per_case/poolT_per_case/runs_v5_confirmatory_20260715/cta_ffl_matched/seed0/e1_fresh_seed_pool_T/last/per_case_metrics.csv,97866,d7caaf0333604ad9c3644adda2e464d3f633887869935c057a03c1e003aec4b8
results/v7/per_case/poolT_per_case/runs_v5_confirmatory_20260715/cta_ffl_matched/seed0/e1_fresh_seed_pool_T2new/best/per_case_metrics.csv,39963,5353fc6acedb2547a49036dba40bba18ce5eaf0a48e466077258352e3cdadfd3
results/v7/per_case/poolT_per_case/runs_v5_confirmatory_20260715/cta_ffl_matched/seed1/e1_fresh_seed_pool_T/best/engineering_metrics.csv,131450,99b24c36e22d7ec65e0029a2134ec1e766d2662a35d0e4d037f42562dc6c589c
results/v7/per_case/poolT_per_case/runs_v5_confirmatory_20260715/cta_ffl_matched/seed1/e1_fresh_seed_pool_T/best/per_case_metrics.csv,97866,ff6a6f3e40fc95e185ef54c4a2dac36cdaa5e66c7d4acf8919e2eb0b7418f50a
results/v7/per_case/poolT_per_case/runs_v5_confirmatory_20260715/cta_ffl_matched/seed1/e1_fresh_seed_pool_T/last/per_case_metrics.csv,97823,b156e1dd0ba0e7fb08721bd6650657625472f24d26cff3e320e565cd71cad0ad
results/v7/per_case/poolT_per_case/runs_v5_confirmatory_20260715/cta_ffl_matched/seed1/e1_fresh_seed_pool_T2new/best/per_case_metrics.csv,40013,4124873a1bd17ace919e3079459f9057407d2705e55783f48975ef27d0134d1b
results/v7/per_case/poolT_per_case/runs_v5_confirmatory_20260715/cta_ffl_matched/seed2/e1_fresh_seed_pool_T/best/engineering_metrics.csv,131551,8f30ad32d3c0157860c596fb1ad0b061d5a4353e09d80608818327c4b2fcd604
results/v7/per_case/poolT_per_case/runs_v5_confirmatory_20260715/cta_ffl_matched/seed2/e1_fresh_seed_pool_T/best/per_case_metrics.csv,97850,9dee76e1b46bf99aa3b11948b59bf668fb000fdbbd3563428adf9bba28bb2a40
results/v7/per_case/poolT_per_case/runs_v5_confirmatory_20260715/cta_ffl_matched/seed2/e1_fresh_seed_pool_T/last/per_case_metrics.csv,97828,0c74f7cc403bf026152fe78d0bc47457a5fdf115499051104ffb58f8ffbc1313
results/v7/per_case/poolT_per_case/runs_v5_confirmatory_20260715/cta_ffl_matched/seed2/e1_fresh_seed_pool_T2new/best/per_case_metrics.csv,39985,d8fd16b3ba50c6916ca3fa632adf2a4ff0dc1d29a71380e86c7be38e552ef3da
results/v7/per_case/poolT_per_case/runs_v5_confirmatory_20260715/cta_ffl_matched/seed3/e1_fresh_seed_pool_T/best/engineering_metrics.csv,131681,153478c5695dd589387acf312d796df5df2d50dc5f3fc043401f37771bf0064b
results/v7/per_case/poolT_per_case/runs_v5_confirmatory_20260715/cta_ffl_matched/seed3/e1_fresh_seed_pool_T/best/per_case_metrics.csv,97852,76f82b0cf2ac04395f931dae8d1bc81266922750f532bc45c03d46208783c36f
results/v7/per_case/poolT_per_case/runs_v5_confirmatory_20260715/cta_ffl_matched/seed3/e1_fresh_seed_pool_T/last/per_case_metrics.csv,97844,98af27ef6ffb13a774e62808fb366d09b1dddc60601b37b08f73e2253ad2a8b9
results/v7/per_case/poolT_per_case/runs_v5_confirmatory_20260715/cta_ffl_matched/seed3/e1_fresh_seed_pool_T2new/best/per_case_metrics.csv,40013,da160d635b36f1b02cc1e0539e12d066ec5b1a7618df6f88d13ec44bd7df561e
results/v7/per_case/poolT_per_case/runs_v5_confirmatory_20260715/cta_ffl_matched/seed4/e1_fresh_seed_pool_T/best/engineering_metrics.csv,131589,fddd5e9878519fc51e47d3416b37ca42a24f076dfed7a15def9a3b57748602ec
results/v7/per_case/poolT_per_case/runs_v5_confirmatory_20260715/cta_ffl_matched/seed4/e1_fresh_seed_pool_T/best/per_case_metrics.csv,97814,36d427b9bfb377ff652526f931c68302a64b56537784801b5228d7bc80029a52
results/v7/per_case/poolT_per_case/runs_v5_confirmatory_20260715/cta_ffl_matched/seed4/e1_fresh_seed_pool_T/last/per_case_metrics.csv,97835,624069ff941329a1541b7e52abd8cf53af311aeb683335295e881d26adf87cd9
results/v7/per_case/poolT_per_case/runs_v5_confirmatory_20260715/cta_ffl_matched/seed4/e1_fresh_seed_pool_T2new/best/per_case_metrics.csv,40014,b5099aa5415b384dcd8a13569900e40b3d0893dc6f13526c44c756ed0dafc86c
results/v7/per_case/poolT_per_case/runs_v5_confirmatory_20260715/cta_ffl_matched/seed5/e1_fresh_seed_pool_T/best/engineering_metrics.csv,131424,cbd13dec7372b763d73f2fce7c57f7cbcb959cdfa7d5faea709ae82a9da09db8
results/v7/per_case/poolT_per_case/runs_v5_confirmatory_20260715/cta_ffl_matched/seed5/e1_fresh_seed_pool_T/best/per_case_metrics.csv,97883,12285e17f9691010dbbc8392d8ca6c0df047e6e5448eb74835e0a378a45e42d9
results/v7/per_case/poolT_per_case/runs_v5_confirmatory_20260715/cta_ffl_matched/seed5/e1_fresh_seed_pool_T/last/per_case_metrics.csv,97841,a0a41e11a8fe88e08f01ef286ed9bee852649d6595d975f6da9e1782e414a5d7
results/v7/per_case/poolT_per_case/runs_v5_confirmatory_20260715/cta_ffl_matched/seed5/e1_fresh_seed_pool_T2new/best/per_case_metrics.csv,40013,e23d645db54c7aad7c29a7cded4bb9fb2cda4b0b293c883c6d0db9539e2d9224
results/v7/per_case/poolT_per_case/runs_v5_confirmatory_20260715/cta_ffl_matched/seed6/e1_fresh_seed_pool_T/best/engineering_metrics.csv,131548,0dc4f04e302b3de5d7d6ed9d0988ddce1b2b596efd561cea2f120a6b01987363
results/v7/per_case/poolT_per_case/runs_v5_confirmatory_20260715/cta_ffl_matched/seed6/e1_fresh_seed_pool_T/best/per_case_metrics.csv,97819,ea01bc6ee025adbe0d1f536461f061a153acbc2c53a6d2e1a04c55c87e08b2f2
results/v7/per_case/poolT_per_case/runs_v5_confirmatory_20260715/cta_ffl_matched/seed6/e1_fresh_seed_pool_T/last/per_case_metrics.csv,97806,e6a76f85079d3c897b5dda9f666ea8df1b8ed601ec64a0be70da8ab721ad2cbb
results/v7/per_case/poolT_per_case/runs_v5_confirmatory_20260715/cta_ffl_matched/seed6/e1_fresh_seed_pool_T2new/best/per_case_metrics.csv,40001,85d9e27906c0f265c5497f944dcdf7ad293419ee173f4a2f05584533a859672a
results/v7/per_case/poolT_per_case/runs_v5_confirmatory_20260715/cta_ffl_matched/seed7/e1_fresh_seed_pool_T/best/engineering_metrics.csv,131486,abc5d2ad7ff9e989c36cd87878fa5915d23994809480d6f412016be33366b770
results/v7/per_case/poolT_per_case/runs_v5_confirmatory_20260715/cta_ffl_matched/seed7/e1_fresh_seed_pool_T/best/per_case_metrics.csv,97828,70a4c7d576564311ff882c412af54ae006a033347dc93515dd8e0da6aa4ff8f3
results/v7/per_case/poolT_per_case/runs_v5_confirmatory_20260715/cta_ffl_matched/seed7/e1_fresh_seed_pool_T/last/per_case_metrics.csv,97837,c4f583a7e5ff33532de6d3e3cab71e0deb636a14573e2e4c8074a446f5b1b45f
results/v7/per_case/poolT_per_case/runs_v5_confirmatory_20260715/cta_ffl_matched/seed7/e1_fresh_seed_pool_T2new/best/per_case_metrics.csv,40017,cf525895d98248a191c3422527d15d78b614ec7418ca37bc6f3ee999c281ceb7
results/v7/per_case/poolT_per_case/runs_v5_confirmatory_20260715/cta_ffl_matched/seed8/e1_fresh_seed_pool_T/best/engineering_metrics.csv,131536,e57ab3ae3047cdfb2e75b68f8a8ca39d21036f50060e3a5ea5be282056eebdff
results/v7/per_case/poolT_per_case/runs_v5_confirmatory_20260715/cta_ffl_matched/seed8/e1_fresh_seed_pool_T/best/per_case_metrics.csv,97757,16c9311bbb68bf1d8d1cb49e715e20d83310fb5f67faf0ecffda440056bdc777
results/v7/per_case/poolT_per_case/runs_v5_confirmatory_20260715/cta_ffl_matched/seed8/e1_fresh_seed_pool_T/last/per_case_metrics.csv,97753,172ed046a24dacd1c1d559ceadd8caa8f9a1c21256ccef36d23a137f49c1a899
results/v7/per_case/poolT_per_case/runs_v5_confirmatory_20260715/cta_ffl_matched/seed8/e1_fresh_seed_pool_T2new/best/per_case_metrics.csv,40015,71e7674be3dc954a5beafa59e31d0782a3920dd73fc830cc454985772ebe4187
results/v7/per_case/poolT_per_case/runs_v5_confirmatory_20260715/cta_ffl_matched/seed9/e1_fresh_seed_pool_T/best/engineering_metrics.csv,131500,15aa3c3871e2a6d9382da956c95515dbf646cd6bc5088f1775df26759f31d473
results/v7/per_case/poolT_per_case/runs_v5_confirmatory_20260715/cta_ffl_matched/seed9/e1_fresh_seed_pool_T/best/per_case_metrics.csv,97835,003a7c21f1c41b4909d9d3c0a39d820f43aa2b05461b5a431e8b8a8e3ddd32e9
results/v7/per_case/poolT_per_case/runs_v5_confirmatory_20260715/cta_ffl_matched/seed9/e1_fresh_seed_pool_T/last/per_case_metrics.csv,97776,e20cc22580e09041a4d002cf6c3a03bc6dd555904edc43d0241f6de9eb48d7d3
results/v7/per_case/poolT_per_case/runs_v5_confirmatory_20260715/cta_ffl_matched/seed9/e1_fresh_seed_pool_T2new/best/per_case_metrics.csv,39971,7c217a98fa5649c97e839a4ccb75a7d80be4a45d975c6f928a0f28503de836c1
results/v7/per_case/poolT_per_case/runs_v5_confirmatory_20260715/cta_ffl_permuted/seed0/e1_fresh_seed_pool_T/best/per_case_metrics.csv,97792,86bbb563fc0a0c49d16253c511ea702ad0e9b674d26a838fce2f3ac7a1e9ee50
results/v7/per_case/poolT_per_case/runs_v5_confirmatory_20260715/cta_ffl_permuted/seed0/e1_fresh_seed_pool_T/last/per_case_metrics.csv,97849,7d3a8f770e155a4f9bfc599bfa380a93731d4eeec0c19edb4b6dc19599a50c9b
results/v7/per_case/poolT_per_case/runs_v5_confirmatory_20260715/cta_ffl_permuted/seed0/e1_fresh_seed_pool_T2new/best/per_case_metrics.csv,39972,9aa986ecd8c9f09be43edff968c71b552860301ed9b463c8b328ba2fcd42cb87
results/v7/per_case/poolT_per_case/runs_v5_confirmatory_20260715/cta_ffl_permuted/seed1/e1_fresh_seed_pool_T/best/per_case_metrics.csv,97832,53fed47f440f63a7dca4fd46a917d1b102cc9c1f72fc0c8a6977c0a493b3a5dd
results/v7/per_case/poolT_per_case/runs_v5_confirmatory_20260715/cta_ffl_permuted/seed1/e1_fresh_seed_pool_T/last/per_case_metrics.csv,97813,f892abe23ae7492d7527f1283ef613fbe75a9b5b146323c27b579f607a91e3ce
results/v7/per_case/poolT_per_case/runs_v5_confirmatory_20260715/cta_ffl_permuted/seed1/e1_fresh_seed_pool_T2new/best/per_case_metrics.csv,40008,fbad1753c48fe8fdb44365f2541cd0ccdf182bee1ebf1909dbe73fcaff98ec7e
results/v7/per_case/poolT_per_case/runs_v5_confirmatory_20260715/cta_ffl_permuted/seed2/e1_fresh_seed_pool_T/best/per_case_metrics.csv,97846,c3543596ba1ced9b2279169a68ecb615b5aed6fdadb46ca7e66f841a85d18794
results/v7/per_case/poolT_per_case/runs_v5_confirmatory_20260715/cta_ffl_permuted/seed2/e1_fresh_seed_pool_T/last/per_case_metrics.csv,97833,a9156a60018e71584588d92fabb211f42f862927b11d36a3fe4ef49c1bab2476
results/v7/per_case/poolT_per_case/runs_v5_confirmatory_20260715/cta_ffl_permuted/seed2/e1_fresh_seed_pool_T2new/best/per_case_metrics.csv,40055,cd42a05c7b5b89443e4b7d590316aed1507f90af16352264c5a556f34f6c9da1
results/v7/per_case/poolT_per_case/runs_v5_confirmatory_20260715/cta_ffl_permuted/seed3/e1_fresh_seed_pool_T/best/per_case_metrics.csv,97809,5d5c525f156007bb6e2c47b5325b4be7fcedeb919d56c448c5f04114c679d12f
results/v7/per_case/poolT_per_case/runs_v5_confirmatory_20260715/cta_ffl_permuted/seed3/e1_fresh_seed_pool_T/last/per_case_metrics.csv,97841,20ebb69e338fed93466e87b014b00a18ef9d6560fd92b45f122056a77a748165
results/v7/per_case/poolT_per_case/runs_v5_confirmatory_20260715/cta_ffl_permuted/seed3/e1_fresh_seed_pool_T2new/best/per_case_metrics.csv,39991,e22ddae2a54a08f99e631c1b562a04b0ef0f99fcb53b3fbd90b35ed5f412b8dc
results/v7/per_case/poolT_per_case/runs_v5_confirmatory_20260715/cta_ffl_permuted/seed4/e1_fresh_seed_pool_T/best/per_case_metrics.csv,97803,3c59ed280fc70e6bba78e4c288059ed5e055fa2a4ba60b888da16b3a402c1c97
results/v7/per_case/poolT_per_case/runs_v5_confirmatory_20260715/cta_ffl_permuted/seed4/e1_fresh_seed_pool_T/last/per_case_metrics.csv,97870,95741c07697d1179fa8b000a0fb197ebcdfddd36b3dbc7bdecaa1864becf881f
results/v7/per_case/poolT_per_case/runs_v5_confirmatory_20260715/cta_ffl_permuted/seed4/e1_fresh_seed_pool_T2new/best/per_case_metrics.csv,40044,bff5ff75f7d9e13d386469dfc410d9287fae60e1ca5a4b06de44a0941ed3086c
results/v7/per_case/poolT_per_case/runs_v5_confirmatory_20260715/cta_ffl_permuted/seed5/e1_fresh_seed_pool_T/best/per_case_metrics.csv,97821,6d6394af0c7ec6a6b1e5b85f9c75316a1ebe3f9d9d4fbc35a9f1be48af6bcba4
results/v7/per_case/poolT_per_case/runs_v5_confirmatory_20260715/cta_ffl_permuted/seed5/e1_fresh_seed_pool_T/last/per_case_metrics.csv,97807,fcd3a52708dfae390e967d7a5cb15ae831bf575358dee424ec16f0583ba39656
results/v7/per_case/poolT_per_case/runs_v5_confirmatory_20260715/cta_ffl_permuted/seed5/e1_fresh_seed_pool_T2new/best/per_case_metrics.csv,40020,3f38660a49edcf2f02580b06439a55ab30d7f84780e03d0f40c5a9fd2d9700e5
results/v7/per_case/poolT_per_case/runs_v5_confirmatory_20260715/cta_ffl_permuted/seed6/e1_fresh_seed_pool_T/best/per_case_metrics.csv,97842,668892422d13de6567f6f196e25959215fab13f2c8fae2ad7b6bc7f3aeeb7379
results/v7/per_case/poolT_per_case/runs_v5_confirmatory_20260715/cta_ffl_permuted/seed6/e1_fresh_seed_pool_T/last/per_case_metrics.csv,97859,351d7ca705da31599b7ed364b15fa8bdd2cb49b6bd61733d4d61164987e8ace7
results/v7/per_case/poolT_per_case/runs_v5_confirmatory_20260715/cta_ffl_permuted/seed6/e1_fresh_seed_pool_T2new/best/per_case_metrics.csv,40046,057bf97c181fda1d8b49096aece617e88509a1a176d97a044e70d1676516e124
results/v7/per_case/poolT_per_case/runs_v5_confirmatory_20260715/cta_ffl_permuted/seed7/e1_fresh_seed_pool_T/best/per_case_metrics.csv,97857,7af8fc563f8fc52b18cf1e12974ad08aa64dd5ac427fb2da701806914caa8fd2
results/v7/per_case/poolT_per_case/runs_v5_confirmatory_20260715/cta_ffl_permuted/seed7/e1_fresh_seed_pool_T/last/per_case_metrics.csv,97857,2b62666fc17abcaafe43bcefc4f6fe13ed353b50f17894bbf7f86135f98f0046
results/v7/per_case/poolT_per_case/runs_v5_confirmatory_20260715/cta_ffl_permuted/seed7/e1_fresh_seed_pool_T2new/best/per_case_metrics.csv,40013,fea796606355ca19dbe745014c9cd68cda4ef151421dfb890836b1bcf64193f4
results/v7/per_case/poolT_per_case/runs_v5_confirmatory_20260715/cta_ffl_permuted/seed8/e1_fresh_seed_pool_T/best/per_case_metrics.csv,97829,106e1527df275b0777601844d9d34b03ef02c901f5066190b3a2515e0fe86e1a
results/v7/per_case/poolT_per_case/runs_v5_confirmatory_20260715/cta_ffl_permuted/seed8/e1_fresh_seed_pool_T/last/per_case_metrics.csv,97856,12580e8869115b97ffbc14f861b07e513021bb70c8b753b1f010d0c6f778fdf2
results/v7/per_case/poolT_per_case/runs_v5_confirmatory_20260715/cta_ffl_permuted/seed8/e1_fresh_seed_pool_T2new/best/per_case_metrics.csv,40027,62a06729b4579895ff749160fdfa29a9195bcb346778824a9ae7b47ea421c491
results/v7/per_case/poolT_per_case/runs_v5_confirmatory_20260715/cta_ffl_permuted/seed9/e1_fresh_seed_pool_T/best/per_case_metrics.csv,97837,e2868a25f981bce4c34f249dd875f918d8fe612b49622f1b8797e503b90810fc
results/v7/per_case/poolT_per_case/runs_v5_confirmatory_20260715/cta_ffl_permuted/seed9/e1_fresh_seed_pool_T/last/per_case_metrics.csv,97840,e055a208c125ea58fe11c169257d2d531fb7ceee5c018b4591351fe38a029842
results/v7/per_case/poolT_per_case/runs_v5_confirmatory_20260715/cta_ffl_permuted/seed9/e1_fresh_seed_pool_T2new/best/per_case_metrics.csv,40036,f7c717ba5878e4e106317db23016b0a009361d5b30c1c05d9ccfa170668f8a29
results/v7/per_case/poolT_per_case/runs_v5_confirmatory_20260715/ms_tmo_matched/seed0/e1_fresh_seed_pool_T/best/per_case_metrics.csv,97896,91f3d5d1170bf009cec32bcb0dad335dded7eee5151a8105dffb575f645f62ad
results/v7/per_case/poolT_per_case/runs_v5_confirmatory_20260715/ms_tmo_matched/seed0/e1_fresh_seed_pool_T/last/per_case_metrics.csv,97857,65d64118ce00f0940a343d43f97a76f0fc171d11488cb3a13c6eb51b179693e9
results/v7/per_case/poolT_per_case/runs_v5_confirmatory_20260715/ms_tmo_matched/seed1/e1_fresh_seed_pool_T/best/per_case_metrics.csv,97884,0aba17666028fc8dc7eb92bb23597c7c275af9a160c8c0a01c29c2cf7158734b
results/v7/per_case/poolT_per_case/runs_v5_confirmatory_20260715/ms_tmo_matched/seed1/e1_fresh_seed_pool_T/last/per_case_metrics.csv,97846,40eecc243c3eaa624106f85350d1b1d15f1a24db2db4e290ea1df15cd481bc71
results/v7/per_case/poolT_per_case/runs_v5_confirmatory_20260715/ms_tmo_matched/seed2/e1_fresh_seed_pool_T/best/per_case_metrics.csv,97820,aef23846861454e3b87e507ee8efcd3f997e7c7dcc72c11dba656021e5d96abe
results/v7/per_case/poolT_per_case/runs_v5_confirmatory_20260715/ms_tmo_matched/seed2/e1_fresh_seed_pool_T/last/per_case_metrics.csv,97851,615c3ff9d9974dfd586209f7b916dabf9e7c50ff9335287d03f7ef12e6a94754
results/v7/per_case/poolT_per_case/runs_v5_confirmatory_20260715/ms_tmo_matched/seed3/e1_fresh_seed_pool_T/best/per_case_metrics.csv,97813,f310aa581424779a415131fc0a69a64dffe539cce831963327fbfaadc9a69efb
results/v7/per_case/poolT_per_case/runs_v5_confirmatory_20260715/ms_tmo_matched/seed3/e1_fresh_seed_pool_T/last/per_case_metrics.csv,97885,800f3f80a4f0fbf25f53ab1c3dfaaaaea03fb4987b8e5b371aeb8970690b737e
results/v7/per_case/poolT_per_case/runs_v5_confirmatory_20260715/ms_tmo_matched/seed4/e1_fresh_seed_pool_T/best/per_case_metrics.csv,97818,65248d750cc4e802ccd603a78b62541fdca2ed828327837f347b2a69e86e033b
results/v7/per_case/poolT_per_case/runs_v5_confirmatory_20260715/ms_tmo_matched/seed4/e1_fresh_seed_pool_T/last/per_case_metrics.csv,97866,5e81466c746198074a8a428267375d0d15cd70aa9b9d5412a46148e322292453
results/v7/per_case/poolT_per_case/runs_v5_confirmatory_20260715/ms_tmo_matched/seed5/e1_fresh_seed_pool_T/best/per_case_metrics.csv,97810,1e799df7b98986789bb45b3ba1ed62373724bf3c980ee9cb22364979b9ae8a18
results/v7/per_case/poolT_per_case/runs_v5_confirmatory_20260715/ms_tmo_matched/seed5/e1_fresh_seed_pool_T/last/per_case_metrics.csv,97845,1e60e29f159fc148d371752c50594603c14679f78a201af560691583fe671cd2
results/v7/per_case/poolT_per_case/runs_v5_confirmatory_20260715/ms_tmo_matched/seed6/e1_fresh_seed_pool_T/best/per_case_metrics.csv,97866,e33f3fbbb53114d7300c5bda24a1e58753a25f8b2001f5fb8887888238d03b79
results/v7/per_case/poolT_per_case/runs_v5_confirmatory_20260715/ms_tmo_matched/seed6/e1_fresh_seed_pool_T/last/per_case_metrics.csv,97799,98c294724ba6bcbaed63e50164f675f47803d661f26d9a8cf6a6977349233884
results/v7/per_case/poolT_per_case/runs_v5_confirmatory_20260715/ms_tmo_matched/seed7/e1_fresh_seed_pool_T/best/per_case_metrics.csv,97875,caa359fbb3e67ec00c1827edd1409a1341fe571f2d3eee55bfa17aa8d46c9a15
results/v7/per_case/poolT_per_case/runs_v5_confirmatory_20260715/ms_tmo_matched/seed7/e1_fresh_seed_pool_T/last/per_case_metrics.csv,97827,4f091009311b09eec984afa9209aea51e5720a4ae179e8269548217652824eae
results/v7/per_case/poolT_per_case/runs_v5_confirmatory_20260715/ms_tmo_matched/seed8/e1_fresh_seed_pool_T/best/per_case_metrics.csv,97798,e265952fafa3963afe23d359a37f0e3e91c8cee98a6b34a5b63ea7f725ffc227
results/v7/per_case/poolT_per_case/runs_v5_confirmatory_20260715/ms_tmo_matched/seed8/e1_fresh_seed_pool_T/last/per_case_metrics.csv,97779,e43e53a41eb5f6ec36e5f4a724af74b0ae9b973fcd1fdd77b236682b46768cf3
results/v7/per_case/poolT_per_case/runs_v5_confirmatory_20260715/ms_tmo_matched/seed9/e1_fresh_seed_pool_T/best/per_case_metrics.csv,97890,1cb177e396509432f5ad2c8c40c74917c7ff7958c83650c30f6f61f0f74d8007
results/v7/per_case/poolT_per_case/runs_v5_confirmatory_20260715/ms_tmo_matched/seed9/e1_fresh_seed_pool_T/last/per_case_metrics.csv,97887,4a5c953466430f4a835eb86bdbd53b8b524f640dc682ed2fe5c731306ea15ebb
results/v7/per_case/poolT_per_case/runs_v6_factorization_topup_20260921/compositional/v3_factorized_continuous/seed5/e1_fresh_seed_pool_T/best/per_case_metrics.csv,97915,7b0de1a0e4ca18d32c090dbd1257704d075a2ce03bbbdb9fa86079106aa56a53
results/v7/per_case/poolT_per_case/runs_v6_factorization_topup_20260921/compositional/v3_factorized_continuous/seed5/e1_fresh_seed_pool_T/last/per_case_metrics.csv,97846,c118f1cd84b291d0ef13c1c5b68e207e74d63f19999016c0a919796e7e7d16cb
results/v7/per_case/poolT_per_case/runs_v6_factorization_topup_20260921/compositional/v3_factorized_continuous/seed5/e1_fresh_seed_pool_T2new/best/per_case_metrics.csv,40022,de27bd5791d660b54260b4016ddc1f4176e217ffb59632fcbbba0ae3d2942921
results/v7/per_case/poolT_per_case/runs_v6_factorization_topup_20260921/compositional/v3_factorized_continuous/seed6/e1_fresh_seed_pool_T/best/per_case_metrics.csv,97881,d6ab8c2d271fae0b0aeae5d9a18bcd2d535cdd7049aefb77644acb3c1bb7a9ea
results/v7/per_case/poolT_per_case/runs_v6_factorization_topup_20260921/compositional/v3_factorized_continuous/seed6/e1_fresh_seed_pool_T/last/per_case_metrics.csv,97842,10c644cdd12b1feb4f70c6c220fbc20dde86bcc3a025c4e7e621243fb2556ac5
results/v7/per_case/poolT_per_case/runs_v6_factorization_topup_20260921/compositional/v3_factorized_continuous/seed6/e1_fresh_seed_pool_T2new/best/per_case_metrics.csv,39963,f9a6d27a6b3ed22228ac75a368a2da44d514096a5e9ca8fca443133feddf4a00
results/v7/per_case/poolT_per_case/runs_v6_factorization_topup_20260921/compositional/v3_factorized_continuous/seed7/e1_fresh_seed_pool_T/best/per_case_metrics.csv,97809,40a2b7679977f9d95585f0c64b7609edcd6466247bdf228a2e040fb9e5be6264
results/v7/per_case/poolT_per_case/runs_v6_factorization_topup_20260921/compositional/v3_factorized_continuous/seed7/e1_fresh_seed_pool_T/last/per_case_metrics.csv,97854,45371e87089fefb198ac2f703d14c12bedc6e9558b09c3e5f64c06b2d7380d91
results/v7/per_case/poolT_per_case/runs_v6_factorization_topup_20260921/compositional/v3_factorized_continuous/seed7/e1_fresh_seed_pool_T2new/best/per_case_metrics.csv,39995,b503004d3a31168c334965dc1c81571042e9f1b3795f62f11aa4d358dfad2d16
results/v7/per_case/poolT_per_case/runs_v6_factorization_topup_20260921/compositional/v3_factorized_continuous/seed8/e1_fresh_seed_pool_T/best/per_case_metrics.csv,97809,e41c61e803335d1ec6f6ccd9c025ae18df7cb63d3206f038847cca52db97b815
results/v7/per_case/poolT_per_case/runs_v6_factorization_topup_20260921/compositional/v3_factorized_continuous/seed8/e1_fresh_seed_pool_T/last/per_case_metrics.csv,97794,9edb1fa4fca242d31261f5e673c4777d0ba8c6df50bc8b6c1feca351525e50fc
results/v7/per_case/poolT_per_case/runs_v6_factorization_topup_20260921/compositional/v3_factorized_continuous/seed8/e1_fresh_seed_pool_T2new/best/per_case_metrics.csv,40010,bf3c8c991753424340c22133f555cedd8123ee89ed4393ebafbd807b933a1d1f
results/v7/per_case/poolT_per_case/runs_v6_factorization_topup_20260921/compositional/v3_factorized_continuous/seed9/e1_fresh_seed_pool_T/best/per_case_metrics.csv,97772,e09f62c513de98f6557c3753b892a8aaf184629743c031a98caadc3ce03cb1b9
results/v7/per_case/poolT_per_case/runs_v6_factorization_topup_20260921/compositional/v3_factorized_continuous/seed9/e1_fresh_seed_pool_T/last/per_case_metrics.csv,97833,ab5c15b1771cac01e5084f700099163f8c037f2b498472e916777c80fcb0e1f6
results/v7/per_case/poolT_per_case/runs_v6_factorization_topup_20260921/compositional/v3_factorized_continuous/seed9/e1_fresh_seed_pool_T2new/best/per_case_metrics.csv,39992,b79540763690e92a04b9b8ef6a0c2a9ec5b39360c22b99466bebc4701a37b318
results/v7/per_case/poolT_per_case/runs_v6_factorization_topup_20260921/compositional/v4_joint_continuous/seed5/e1_fresh_seed_pool_T/best/per_case_metrics.csv,97817,73a79e9679ee4aaff5a46f6ac96dabfa29b4f6a83267b16b6731055e1fce48e7
results/v7/per_case/poolT_per_case/runs_v6_factorization_topup_20260921/compositional/v4_joint_continuous/seed5/e1_fresh_seed_pool_T/last/per_case_metrics.csv,97873,29c95a479bf2fb26f58a4ca5962198563b78c8c3705771abb71f9db9fa0248ac
results/v7/per_case/poolT_per_case/runs_v6_factorization_topup_20260921/compositional/v4_joint_continuous/seed5/e1_fresh_seed_pool_T2new/best/per_case_metrics.csv,40013,fe04dd0c3e3cdde0772e17c175b20a1bd89d230dbe0f284bb1c537db238c83e5
results/v7/per_case/poolT_per_case/runs_v6_factorization_topup_20260921/compositional/v4_joint_continuous/seed6/e1_fresh_seed_pool_T/best/per_case_metrics.csv,97774,882f8c5d48793dc6f9c2a4bb08c86ca4691d6aa85840a049cafc06d646826252
results/v7/per_case/poolT_per_case/runs_v6_factorization_topup_20260921/compositional/v4_joint_continuous/seed6/e1_fresh_seed_pool_T/last/per_case_metrics.csv,97845,cd68398d2bafeca3f1035f3e83a893a8f60f756a52e16b5f71f0b67d7c7a3acc
results/v7/per_case/poolT_per_case/runs_v6_factorization_topup_20260921/compositional/v4_joint_continuous/seed6/e1_fresh_seed_pool_T2new/best/per_case_metrics.csv,40018,1358719fff9a7ee1889a976cb1c35154d0e875fdfd73225e62774316f7023c75
results/v7/per_case/poolT_per_case/runs_v6_factorization_topup_20260921/compositional/v4_joint_continuous/seed7/e1_fresh_seed_pool_T/best/per_case_metrics.csv,97745,6090122d207a145629ee61f28e504c956555fe41df1f2d53cd1fc8d802c253b3
results/v7/per_case/poolT_per_case/runs_v6_factorization_topup_20260921/compositional/v4_joint_continuous/seed7/e1_fresh_seed_pool_T/last/per_case_metrics.csv,97784,1bb2e8368ae0115dc7433b6e2549e96664d8d3ad7bdaea9fd2ee891c356b2c6b
results/v7/per_case/poolT_per_case/runs_v6_factorization_topup_20260921/compositional/v4_joint_continuous/seed7/e1_fresh_seed_pool_T2new/best/per_case_metrics.csv,39961,f6f96b7111e1babc1601bcb809d98ddd145fd7c0b749c9823e656027ba2e8b0f
results/v7/per_case/poolT_per_case/runs_v6_factorization_topup_20260921/compositional/v4_joint_continuous/seed8/e1_fresh_seed_pool_T/best/per_case_metrics.csv,97877,f47ec5ae7483e0994242813cf60b573273d42537519bb14069a1f9cb2ae5e012
results/v7/per_case/poolT_per_case/runs_v6_factorization_topup_20260921/compositional/v4_joint_continuous/seed8/e1_fresh_seed_pool_T/last/per_case_metrics.csv,97827,3a7edb7e2c7254b1888c2679ec8d4079eaac627369a2081a11912e59eae22837
results/v7/per_case/poolT_per_case/runs_v6_factorization_topup_20260921/compositional/v4_joint_continuous/seed8/e1_fresh_seed_pool_T2new/best/per_case_metrics.csv,40008,c2d356e39bf9f141f0a28a9b319efe48e6529d19abce9b64e15b59604656a440
results/v7/per_case/poolT_per_case/runs_v6_factorization_topup_20260921/compositional/v4_joint_continuous/seed9/e1_fresh_seed_pool_T/best/per_case_metrics.csv,97867,19671f658513c18b386b6e5b6522e4727a896312bee389fbd16515b264c24c3a
results/v7/per_case/poolT_per_case/runs_v6_factorization_topup_20260921/compositional/v4_joint_continuous/seed9/e1_fresh_seed_pool_T/last/per_case_metrics.csv,97872,c13d5832a082c7e25ceac809a03261eb18cf8d040587f7ab0bf675524e9e7bec
results/v7/per_case/poolT_per_case/runs_v6_factorization_topup_20260921/compositional/v4_joint_continuous/seed9/e1_fresh_seed_pool_T2new/best/per_case_metrics.csv,39950,04a154d563b75230e3bd2078994e22fc534c092d5ccecc8b93e7bdd8106f4279
results/v7/per_case/poolT_per_case/runs_v6_realization_disjoint_20260921/compositional/k_only/seed0/e1_fresh_seed_pool_T/best/per_case_metrics.csv,97841,fc076c1a00fe468249cfd12291fa1c21d996189531ce8f3478eb54bf7a9bccfa
results/v7/per_case/poolT_per_case/runs_v6_realization_disjoint_20260921/compositional/k_only/seed0/e1_fresh_seed_pool_T/last/per_case_metrics.csv,97836,eefd850c4bfd4984fb48f485ac39e97e0b7f099683f7d5bd3c843b447f8d0057
results/v7/per_case/poolT_per_case/runs_v6_realization_disjoint_20260921/compositional/k_only/seed0/e1_fresh_seed_pool_T2new/best/per_case_metrics.csv,39976,bd35b46d6976faa857026a883e07f7631ecb590238cca4db6b4dd12c2d362b7f
results/v7/per_case/poolT_per_case/runs_v6_realization_disjoint_20260921/compositional/k_only/seed1/e1_fresh_seed_pool_T/best/per_case_metrics.csv,97779,290c70a769a8b702dbb33ad2f694cd9c8657efa758bf09efa196eef92ff739f7
results/v7/per_case/poolT_per_case/runs_v6_realization_disjoint_20260921/compositional/k_only/seed1/e1_fresh_seed_pool_T/last/per_case_metrics.csv,97755,49b951a1c01c857faea73955adfa0ab2d2ec9d6d83492723b707bf65de98797d
results/v7/per_case/poolT_per_case/runs_v6_realization_disjoint_20260921/compositional/k_only/seed1/e1_fresh_seed_pool_T2new/best/per_case_metrics.csv,39988,7e3b079238faa19548046478a822dce7a0c6a816a57c9e52b5d8a1fc14d9ba77
results/v7/per_case/poolT_per_case/runs_v6_realization_disjoint_20260921/compositional/k_only/seed2/e1_fresh_seed_pool_T/best/per_case_metrics.csv,97840,acd895c14a94823a164bb091bdfb818e68a9750f92d11830f4f39209f3a488d2
results/v7/per_case/poolT_per_case/runs_v6_realization_disjoint_20260921/compositional/k_only/seed2/e1_fresh_seed_pool_T/last/per_case_metrics.csv,97858,9a29501341efe2f7af0fb408d7e5236e83f73d2f9322180be5e9f68cce1c7a09
results/v7/per_case/poolT_per_case/runs_v6_realization_disjoint_20260921/compositional/k_only/seed2/e1_fresh_seed_pool_T2new/best/per_case_metrics.csv,40032,c64fc625c794c05127803c15c2564cb530be36d0d57a67bcde4f78a884a6d97c
results/v7/per_case/poolT_per_case/runs_v6_realization_disjoint_20260921/compositional/k_only/seed3/e1_fresh_seed_pool_T/best/per_case_metrics.csv,97866,4b639195980088562ba77f1253fadc4f705ea5fed93d13f275ca3fd60c3994f5
results/v7/per_case/poolT_per_case/runs_v6_realization_disjoint_20260921/compositional/k_only/seed3/e1_fresh_seed_pool_T/last/per_case_metrics.csv,97845,79651310c2e7ce25a776cd22eed9bdbe3233cc5f34c7bae035302b54994320fa
results/v7/per_case/poolT_per_case/runs_v6_realization_disjoint_20260921/compositional/k_only/seed3/e1_fresh_seed_pool_T2new/best/per_case_metrics.csv,39983,d42e76d65f60c6478599ce12019321ef67a80c8b37bc02cc8e665a263c0fc86c
results/v7/per_case/poolT_per_case/runs_v6_realization_disjoint_20260921/compositional/k_only/seed4/e1_fresh_seed_pool_T/best/per_case_metrics.csv,97815,ddb480dd65fe456b2105f2a03d6915008faf8d6787ebd4c136d3cea9004c5dfa
results/v7/per_case/poolT_per_case/runs_v6_realization_disjoint_20260921/compositional/k_only/seed4/e1_fresh_seed_pool_T/last/per_case_metrics.csv,97843,f32dd626523b6dafaec8022a4af1e43379c5aeb0ba061d44013d86db4e2b924e
results/v7/per_case/poolT_per_case/runs_v6_realization_disjoint_20260921/compositional/k_only/seed4/e1_fresh_seed_pool_T2new/best/per_case_metrics.csv,40070,d1706b562a43e042ea175e17cb5b2892f271d9d9bc0cad5e9304eaf6fb9b0ec6
results/v7/per_case/poolT_per_case/runs_v6_realization_disjoint_20260921/compositional/v0_raw_channels/seed0/e1_fresh_seed_pool_T/best/per_case_metrics.csv,97909,4b97250808bdea3c99e0252409d098adc0f6b955f4a41453cf49a718d8a63165
results/v7/per_case/poolT_per_case/runs_v6_realization_disjoint_20260921/compositional/v0_raw_channels/seed0/e1_fresh_seed_pool_T/last/per_case_metrics.csv,97895,6a9f5fa840de6cb4f1c4d32bc301650fff318bbf1ba531b252814ef4608ce4a2
results/v7/per_case/poolT_per_case/runs_v6_realization_disjoint_20260921/compositional/v0_raw_channels/seed0/e1_fresh_seed_pool_T2new/best/per_case_metrics.csv,40038,fe0d1f94f9aaa24eb6c9d4ecbdf8bb7e27f8fbff7a7bd97d73fc5c0abca287d6
results/v7/per_case/poolT_per_case/runs_v6_realization_disjoint_20260921/compositional/v0_raw_channels/seed1/e1_fresh_seed_pool_T/best/per_case_metrics.csv,97825,eec868b5b93c42e1218a36122da2ae8bebb47f5a80222dd3d23240f3ffd24b95
results/v7/per_case/poolT_per_case/runs_v6_realization_disjoint_20260921/compositional/v0_raw_channels/seed1/e1_fresh_seed_pool_T/last/per_case_metrics.csv,97844,908fa6936eaf19b620fcee8b3b36ee4a161f983fd622928adb9c15d192ab4bfa
results/v7/per_case/poolT_per_case/runs_v6_realization_disjoint_20260921/compositional/v0_raw_channels/seed1/e1_fresh_seed_pool_T2new/best/per_case_metrics.csv,39978,f3b67a4d68e93cc5c0d4cb341f0fc19b600e799184e6dff6f45dd4cc64aa8dd9
results/v7/per_case/poolT_per_case/runs_v6_realization_disjoint_20260921/compositional/v0_raw_channels/seed2/e1_fresh_seed_pool_T/best/per_case_metrics.csv,97865,98c140733c8ab4bd2386e091831c92114ccaf2af485470bd98e3cbcd85d94468
results/v7/per_case/poolT_per_case/runs_v6_realization_disjoint_20260921/compositional/v0_raw_channels/seed2/e1_fresh_seed_pool_T/last/per_case_metrics.csv,97873,64776a0ee8a274b90129d10658d593fb49820d7a8dbf017ee1dabebd940daa86
results/v7/per_case/poolT_per_case/runs_v6_realization_disjoint_20260921/compositional/v0_raw_channels/seed2/e1_fresh_seed_pool_T2new/best/per_case_metrics.csv,40041,b44b5306ac2132c523756f1ceead81d06bcfb620dd7c8e0d60b4a9bfdbcbc1ba
results/v7/per_case/poolT_per_case/runs_v6_realization_disjoint_20260921/compositional/v0_raw_channels/seed3/e1_fresh_seed_pool_T/best/per_case_metrics.csv,97872,4e828f46a7470cec0e4f6206fcda2f1e871d2e00eb2690a94c22b32e11946950
results/v7/per_case/poolT_per_case/runs_v6_realization_disjoint_20260921/compositional/v0_raw_channels/seed3/e1_fresh_seed_pool_T/last/per_case_metrics.csv,97881,b128e9005340386451e11013c6a016e0dbd6207be1774a243a3e537e345b50ae
results/v7/per_case/poolT_per_case/runs_v6_realization_disjoint_20260921/compositional/v0_raw_channels/seed3/e1_fresh_seed_pool_T2new/best/per_case_metrics.csv,40010,45b0126daab4a0746f91a56b8116c3780e6aad80d57c0196afaca4e80953ec6c
results/v7/per_case/poolT_per_case/runs_v6_realization_disjoint_20260921/compositional/v0_raw_channels/seed4/e1_fresh_seed_pool_T/best/per_case_metrics.csv,97882,41b6555ad2b76fd16cb2d06066607563cdaab325e070845ad351e7cf5415aa27
results/v7/per_case/poolT_per_case/runs_v6_realization_disjoint_20260921/compositional/v0_raw_channels/seed4/e1_fresh_seed_pool_T/last/per_case_metrics.csv,97864,608cfb515fe0f889d35cec43316ea15c3ce5b8ef1260f8bb4f140e48c1d92920
results/v7/per_case/poolT_per_case/runs_v6_realization_disjoint_20260921/compositional/v0_raw_channels/seed4/e1_fresh_seed_pool_T2new/best/per_case_metrics.csv,40004,63f8e5d9610d6a97f3cd7075405bb8090c576d7e07da9c397ccc926ee87ff62a
results/v7/per_case/poolT_per_case/runs_v6_realization_disjoint_20260921/compositional/v1_factorized_levels/seed0/e1_fresh_seed_pool_T/best/per_case_metrics.csv,97838,6beae07f06be1238fcf81f29732526fc5ee9bd592c6a6eb90e6f79cd97313d66
results/v7/per_case/poolT_per_case/runs_v6_realization_disjoint_20260921/compositional/v1_factorized_levels/seed0/e1_fresh_seed_pool_T/last/per_case_metrics.csv,97838,6beae07f06be1238fcf81f29732526fc5ee9bd592c6a6eb90e6f79cd97313d66
results/v7/per_case/poolT_per_case/runs_v6_realization_disjoint_20260921/compositional/v1_factorized_levels/seed0/e1_fresh_seed_pool_T2new/best/per_case_metrics.csv,40021,612784f513ac480725d8d5cb21b30b1d6b89ac9c8b1948bd275ab3777014ee82
results/v7/per_case/poolT_per_case/runs_v6_realization_disjoint_20260921/compositional/v1_factorized_levels/seed1/e1_fresh_seed_pool_T/best/per_case_metrics.csv,97809,f02643093c24cf41d9bc4ae7aadfd250fedd684226270f7327242ba6e640d2f4
results/v7/per_case/poolT_per_case/runs_v6_realization_disjoint_20260921/compositional/v1_factorized_levels/seed1/e1_fresh_seed_pool_T/last/per_case_metrics.csv,97831,5bb10316fc8161d842c4da73b639286f09aae8729a211a0fe98475ac3ca2a0f3
results/v7/per_case/poolT_per_case/runs_v6_realization_disjoint_20260921/compositional/v1_factorized_levels/seed1/e1_fresh_seed_pool_T2new/best/per_case_metrics.csv,40017,af5167199585672c5267cf672f2257f2c0684fa0a2a90f87841173498f1c1aa1
results/v7/per_case/poolT_per_case/runs_v6_realization_disjoint_20260921/compositional/v1_factorized_levels/seed2/e1_fresh_seed_pool_T/best/per_case_metrics.csv,97825,f5f0efd8de975cedcc1d9eb6e13dc9bee508f1f3fbb15510c1dcf235c96f2886
results/v7/per_case/poolT_per_case/runs_v6_realization_disjoint_20260921/compositional/v1_factorized_levels/seed2/e1_fresh_seed_pool_T/last/per_case_metrics.csv,97868,627d33b77427fe9ef30e46d1a11100d53030342c88da0ac31b5f72ad2b02f6c6
results/v7/per_case/poolT_per_case/runs_v6_realization_disjoint_20260921/compositional/v1_factorized_levels/seed2/e1_fresh_seed_pool_T2new/best/per_case_metrics.csv,39993,1e3c8d2e8704c994028974cb6f03653314feaaff5ed2aa58ef48802828377422
results/v7/per_case/poolT_per_case/runs_v6_realization_disjoint_20260921/compositional/v1_factorized_levels/seed3/e1_fresh_seed_pool_T/best/per_case_metrics.csv,97876,06b22f37746828d66b51a322a580abc05c3aaf60d2bc82c37a966b39bdf2a781
results/v7/per_case/poolT_per_case/runs_v6_realization_disjoint_20260921/compositional/v1_factorized_levels/seed3/e1_fresh_seed_pool_T/last/per_case_metrics.csv,97849,2872a04458c669a063fd37819fdba3ac93ae3f5a14216a0ec6861ff353f12121
results/v7/per_case/poolT_per_case/runs_v6_realization_disjoint_20260921/compositional/v1_factorized_levels/seed3/e1_fresh_seed_pool_T2new/best/per_case_metrics.csv,40022,a30b52d2bc377b509252b3b8758b79b89ec00a7b99bf407d57523476a58153fc
results/v7/per_case/poolT_per_case/runs_v6_realization_disjoint_20260921/compositional/v1_factorized_levels/seed4/e1_fresh_seed_pool_T/best/per_case_metrics.csv,97864,a121970affba62cbbc2a9cac3cc4ae2670dfdbb7dd6f52485e553d8fc4a5164c
results/v7/per_case/poolT_per_case/runs_v6_realization_disjoint_20260921/compositional/v1_factorized_levels/seed4/e1_fresh_seed_pool_T/last/per_case_metrics.csv,97830,dbadc1b10d362da215946db237241eeba06decdc7293d444ee3f18b6f667dc3c
results/v7/per_case/poolT_per_case/runs_v6_realization_disjoint_20260921/compositional/v1_factorized_levels/seed4/e1_fresh_seed_pool_T2new/best/per_case_metrics.csv,39993,6e6795bce0546dfb8d45d209259bf7d1fa893bea4a846a66b64edebf83f302bd
results/v7/per_case/setting_mean/setting_mean_A_poolT2new_per_case.csv,53597,2a89c54b05df1e7aafc36fb483decbebe80dad532c86f1e9091199d568d0b3bb
results/v7/per_case/setting_mean/setting_mean_A_poolT_per_case.csv,130627,ade2f21c4db0b011e3ee43ac7d0ceb4b1766f8276fc226408176ee623f6fe2cd
results/v7/per_case/setting_mean/setting_mean_B_poolT2new_per_case.csv,53611,59104b59b98dbaa79e6dcd921085dd5b812855e8825b93f515fe673d4aff3be8
results/v7/per_case/setting_mean/setting_mean_B_poolT_per_case.csv,130728,51a52a81e73391acc728f7475dcccf0a458915acbf6afd36c7aaa0f1ed83a3e1
results/v7/unit_tests_v7_terminal_2026-10-08.json,99,925ef6d2c5da4ef593547e23cc6d05090dc8f6933c244e39ed9cb46a3851ca21
results/v8/cpu_tests_2026-10-09.json,100,773de96264f3ed49951ccfb6d6d72982eca666f511251e3d8c57e11e18f59755
results/v8/cpu_tests_corrected_2026-10-09.json,99,e9546f5288dc220e48b76498cd7d0f8d6d728f0c0281112c05dfe8d02f0cc8e2
results/v8/engineering/k_only/seed0.csv,131453,738dc1d8a7fb8ebd909a8e3359de4d915e5aa30f3cc86336e7b465ee33efb3bf
results/v8/engineering/k_only/seed1.csv,131493,7dacad3bf3edb146c5e34dd0c43dbce61b366ccb7f0ff4c12cf3c20033f3defe
results/v8/engineering/k_only/seed2.csv,131479,d3ec2de6aa4464052b1655bccd86e618107a04bd92fcb4f701c0e2bac805f2ed
results/v8/engineering/k_only/seed3.csv,131345,7d7b2b10e3e9ec873a28799b4f942b6064c975f43f750e21eafefd6d7ec5577d
results/v8/engineering/k_only/seed4.csv,131390,db57e88ae7cf6ca1a0eab123c112e15e77565b831d6518d98cc8e7f48e41ba9c
results/v8/engineering/k_only/seed5.csv,131305,5ca0e9b8de8af002614effcc5c68ea6d80e0e335db921a5f68a9755068d3ad41
results/v8/engineering/k_only/seed6.csv,131373,dfe6a42ae6a402d215d7be4bbadfa572c20b68e05af7ee802f88d47ae91dc1a8
results/v8/engineering/k_only/seed7.csv,131373,1df7cf3ea29c8b680f2e9b19be5f5fd255d46e01383d95198b083db8febf6e16
results/v8/engineering/k_only/seed8.csv,131416,348d4b7e87a5100f34833f3c4f23c6d700a3f6bb4eec3ce61cd0d15a9a16847e
results/v8/engineering/k_only/seed9.csv,131455,1fccc5eb974f2897e03d4fa18cab64606d83ab4f3d1cec0a91e2d1a754b67a23
results/v8/engineering/matched/seed0.csv,131483,bdd5ef550ec5dacf4dfdf77c7fdad1ad1f24f8aee68aa1df0580c9cbe3feb94e
results/v8/engineering/matched/seed1.csv,131450,99b24c36e22d7ec65e0029a2134ec1e766d2662a35d0e4d037f42562dc6c589c
results/v8/engineering/matched/seed2.csv,131551,8f30ad32d3c0157860c596fb1ad0b061d5a4353e09d80608818327c4b2fcd604
results/v8/engineering/matched/seed3.csv,131681,153478c5695dd589387acf312d796df5df2d50dc5f3fc043401f37771bf0064b
results/v8/engineering/matched/seed4.csv,131589,fddd5e9878519fc51e47d3416b37ca42a24f076dfed7a15def9a3b57748602ec
results/v8/engineering/matched/seed5.csv,131424,cbd13dec7372b763d73f2fce7c57f7cbcb959cdfa7d5faea709ae82a9da09db8
results/v8/engineering/matched/seed6.csv,131548,0dc4f04e302b3de5d7d6ed9d0988ddce1b2b596efd561cea2f120a6b01987363
results/v8/engineering/matched/seed7.csv,131486,abc5d2ad7ff9e989c36cd87878fa5915d23994809480d6f412016be33366b770
results/v8/engineering/matched/seed8.csv,131536,e57ab3ae3047cdfb2e75b68f8a8ca39d21036f50060e3a5ea5be282056eebdff
results/v8/engineering/matched/seed9.csv,131500,15aa3c3871e2a6d9382da956c95515dbf646cd6bc5088f1775df26759f31d473
results/v8/review_diagnostics.json,47882,d793fbdcff5b3f3b4a022f4a9c76e298761ff091b4c4dbc94a31edb023fb128c
results/v8/validation/cta_ffl_constant_placebo_seed0.csv,3298,a9e5df0508a84c7966f270301a26580d921b036c03a6ef423fca445e9695e52a
results/v8/validation/cta_ffl_constant_placebo_seed1.csv,3298,a9e5df0508a84c7966f270301a26580d921b036c03a6ef423fca445e9695e52a
results/v8/validation/cta_ffl_constant_placebo_seed2.csv,3298,a9e5df0508a84c7966f270301a26580d921b036c03a6ef423fca445e9695e52a
results/v8/validation/cta_ffl_constant_placebo_seed3.csv,3298,a9e5df0508a84c7966f270301a26580d921b036c03a6ef423fca445e9695e52a
results/v8/validation/cta_ffl_constant_placebo_seed4.csv,3298,a9e5df0508a84c7966f270301a26580d921b036c03a6ef423fca445e9695e52a
results/v8/validation/cta_ffl_constant_placebo_seed5.csv,3298,a9e5df0508a84c7966f270301a26580d921b036c03a6ef423fca445e9695e52a
results/v8/validation/cta_ffl_constant_placebo_seed6.csv,3298,a9e5df0508a84c7966f270301a26580d921b036c03a6ef423fca445e9695e52a
results/v8/validation/cta_ffl_constant_placebo_seed7.csv,3298,a9e5df0508a84c7966f270301a26580d921b036c03a6ef423fca445e9695e52a
results/v8/validation/cta_ffl_constant_placebo_seed8.csv,3298,a9e5df0508a84c7966f270301a26580d921b036c03a6ef423fca445e9695e52a
results/v8/validation/cta_ffl_constant_placebo_seed9.csv,3298,a9e5df0508a84c7966f270301a26580d921b036c03a6ef423fca445e9695e52a
results/v8/validation/cta_ffl_independent_nuisance_seed0.csv,3298,a9e5df0508a84c7966f270301a26580d921b036c03a6ef423fca445e9695e52a
results/v8/validation/cta_ffl_independent_nuisance_seed1.csv,3298,a9e5df0508a84c7966f270301a26580d921b036c03a6ef423fca445e9695e52a
results/v8/validation/cta_ffl_independent_nuisance_seed2.csv,3298,a9e5df0508a84c7966f270301a26580d921b036c03a6ef423fca445e9695e52a
results/v8/validation/cta_ffl_independent_nuisance_seed3.csv,3298,a9e5df0508a84c7966f270301a26580d921b036c03a6ef423fca445e9695e52a
results/v8/validation/cta_ffl_independent_nuisance_seed4.csv,3298,a9e5df0508a84c7966f270301a26580d921b036c03a6ef423fca445e9695e52a
results/v8/validation/cta_ffl_independent_nuisance_seed5.csv,3298,a9e5df0508a84c7966f270301a26580d921b036c03a6ef423fca445e9695e52a
results/v8/validation/cta_ffl_independent_nuisance_seed6.csv,3298,a9e5df0508a84c7966f270301a26580d921b036c03a6ef423fca445e9695e52a
results/v8/validation/cta_ffl_independent_nuisance_seed7.csv,3298,a9e5df0508a84c7966f270301a26580d921b036c03a6ef423fca445e9695e52a
results/v8/validation/cta_ffl_independent_nuisance_seed8.csv,3298,a9e5df0508a84c7966f270301a26580d921b036c03a6ef423fca445e9695e52a
results/v8/validation/cta_ffl_independent_nuisance_seed9.csv,3298,a9e5df0508a84c7966f270301a26580d921b036c03a6ef423fca445e9695e52a
results/v8/validation/cta_ffl_k_only_seed0.csv,3298,a9e5df0508a84c7966f270301a26580d921b036c03a6ef423fca445e9695e52a
results/v8/validation/cta_ffl_k_only_seed1.csv,3298,a9e5df0508a84c7966f270301a26580d921b036c03a6ef423fca445e9695e52a
results/v8/validation/cta_ffl_k_only_seed2.csv,3298,a9e5df0508a84c7966f270301a26580d921b036c03a6ef423fca445e9695e52a
results/v8/validation/cta_ffl_k_only_seed3.csv,3298,a9e5df0508a84c7966f270301a26580d921b036c03a6ef423fca445e9695e52a
results/v8/validation/cta_ffl_k_only_seed4.csv,3298,a9e5df0508a84c7966f270301a26580d921b036c03a6ef423fca445e9695e52a
results/v8/validation/cta_ffl_k_only_seed5.csv,3298,a9e5df0508a84c7966f270301a26580d921b036c03a6ef423fca445e9695e52a
results/v8/validation/cta_ffl_k_only_seed6.csv,3298,a9e5df0508a84c7966f270301a26580d921b036c03a6ef423fca445e9695e52a
results/v8/validation/cta_ffl_k_only_seed7.csv,3298,a9e5df0508a84c7966f270301a26580d921b036c03a6ef423fca445e9695e52a
results/v8/validation/cta_ffl_k_only_seed8.csv,3298,a9e5df0508a84c7966f270301a26580d921b036c03a6ef423fca445e9695e52a
results/v8/validation/cta_ffl_k_only_seed9.csv,3298,a9e5df0508a84c7966f270301a26580d921b036c03a6ef423fca445e9695e52a
results/v8/validation/cta_ffl_matched_seed0.csv,3298,a9e5df0508a84c7966f270301a26580d921b036c03a6ef423fca445e9695e52a
results/v8/validation/cta_ffl_matched_seed1.csv,3298,a9e5df0508a84c7966f270301a26580d921b036c03a6ef423fca445e9695e52a
results/v8/validation/cta_ffl_matched_seed2.csv,3298,a9e5df0508a84c7966f270301a26580d921b036c03a6ef423fca445e9695e52a
results/v8/validation/cta_ffl_matched_seed3.csv,3298,a9e5df0508a84c7966f270301a26580d921b036c03a6ef423fca445e9695e52a
results/v8/validation/cta_ffl_matched_seed4.csv,3298,a9e5df0508a84c7966f270301a26580d921b036c03a6ef423fca445e9695e52a
results/v8/validation/cta_ffl_matched_seed5.csv,3298,a9e5df0508a84c7966f270301a26580d921b036c03a6ef423fca445e9695e52a
results/v8/validation/cta_ffl_matched_seed6.csv,3298,a9e5df0508a84c7966f270301a26580d921b036c03a6ef423fca445e9695e52a
results/v8/validation/cta_ffl_matched_seed7.csv,3298,a9e5df0508a84c7966f270301a26580d921b036c03a6ef423fca445e9695e52a
results/v8/validation/cta_ffl_matched_seed8.csv,3298,a9e5df0508a84c7966f270301a26580d921b036c03a6ef423fca445e9695e52a
results/v8/validation/cta_ffl_matched_seed9.csv,3298,a9e5df0508a84c7966f270301a26580d921b036c03a6ef423fca445e9695e52a
results/v8/validation/cta_ffl_permuted_seed0.csv,3298,a9e5df0508a84c7966f270301a26580d921b036c03a6ef423fca445e9695e52a
results/v8/validation/cta_ffl_permuted_seed1.csv,3298,a9e5df0508a84c7966f270301a26580d921b036c03a6ef423fca445e9695e52a
results/v8/validation/cta_ffl_permuted_seed2.csv,3298,a9e5df0508a84c7966f270301a26580d921b036c03a6ef423fca445e9695e52a
results/v8/validation/cta_ffl_permuted_seed3.csv,3298,a9e5df0508a84c7966f270301a26580d921b036c03a6ef423fca445e9695e52a
results/v8/validation/cta_ffl_permuted_seed4.csv,3298,a9e5df0508a84c7966f270301a26580d921b036c03a6ef423fca445e9695e52a
results/v8/validation/cta_ffl_permuted_seed5.csv,3298,a9e5df0508a84c7966f270301a26580d921b036c03a6ef423fca445e9695e52a
results/v8/validation/cta_ffl_permuted_seed6.csv,3298,a9e5df0508a84c7966f270301a26580d921b036c03a6ef423fca445e9695e52a
results/v8/validation/cta_ffl_permuted_seed7.csv,3298,a9e5df0508a84c7966f270301a26580d921b036c03a6ef423fca445e9695e52a
results/v8/validation/cta_ffl_permuted_seed8.csv,3298,a9e5df0508a84c7966f270301a26580d921b036c03a6ef423fca445e9695e52a
results/v8/validation/cta_ffl_permuted_seed9.csv,3298,a9e5df0508a84c7966f270301a26580d921b036c03a6ef423fca445e9695e52a
results/v8/validation/ms_tmo_matched_seed0.csv,3298,a9e5df0508a84c7966f270301a26580d921b036c03a6ef423fca445e9695e52a
results/v8/validation/ms_tmo_matched_seed1.csv,3298,a9e5df0508a84c7966f270301a26580d921b036c03a6ef423fca445e9695e52a
results/v8/validation/ms_tmo_matched_seed2.csv,3298,a9e5df0508a84c7966f270301a26580d921b036c03a6ef423fca445e9695e52a
results/v8/validation/ms_tmo_matched_seed3.csv,3298,a9e5df0508a84c7966f270301a26580d921b036c03a6ef423fca445e9695e52a
results/v8/validation/ms_tmo_matched_seed4.csv,3298,a9e5df0508a84c7966f270301a26580d921b036c03a6ef423fca445e9695e52a
results/v8/validation/ms_tmo_matched_seed5.csv,3298,a9e5df0508a84c7966f270301a26580d921b036c03a6ef423fca445e9695e52a
results/v8/validation/ms_tmo_matched_seed6.csv,3298,a9e5df0508a84c7966f270301a26580d921b036c03a6ef423fca445e9695e52a
results/v8/validation/ms_tmo_matched_seed7.csv,3298,a9e5df0508a84c7966f270301a26580d921b036c03a6ef423fca445e9695e52a
results/v8/validation/ms_tmo_matched_seed8.csv,3298,a9e5df0508a84c7966f270301a26580d921b036c03a6ef423fca445e9695e52a
results/v8/validation/ms_tmo_matched_seed9.csv,3298,a9e5df0508a84c7966f270301a26580d921b036c03a6ef423fca445e9695e52a
scripts/aggregate_method_upgrade_campaign.py,7240,a8051b700104af3d27f109afb47abea3ef6a0811fc7aa85075ecbb9703f7d83a
scripts/audit_k_split_leakage.py,8365,d217438d53ecc7c523a4d6965306c5bc85f521f1b29797e2d6250677d97461e4
scripts/build_checkpoint_sensitivity.py,2806,6aacb2381ec532e2ced47b23aad3005bef593caa94484dc9fe5dc1b74e876d77
scripts/build_confirmatory_control_metadata.py,5018,1061472d048c9c30ff920908503a4b440c2b483b1526515d650fd81e180ecfb7
scripts/build_confirmatory_v5_figures.py,4336,b2d4498c5fc19943c33a0cd58797148858a5da58ed1ddb745b190bf26770e444
scripts/build_confirmatory_v5_results.py,10768,04a04b2cb52fae11b7d07759cd1b01bf69b5cf063fb7d5196559390cc4c91dc8
scripts/build_counterfactual_transport_metadata.py,2198,45cec08f7ea0f17c39946acd981837ce79e58e377b135c2fd6126979a9416584
scripts/build_counterfactual_v7_figure.py,5313,fcc7aa82cd66fcdf35f28d03f4a13536aa4d7bcab037a732fed95807a23b5a44
scripts/build_grouped_k_split.py,6795,22bd3c1a376c86f982952784d5cb4f5ba0c4823f0a592aebb30581cceb173770
scripts/build_k_integrity_exclusions.py,3813,26c9135ed330a9b5b6e1bb4aa5ee7c3682f6d695f8cef7a7c3f19fc3f0400835
scripts/build_manifest.py,1179,caeaa9ea719b231fc0582fd601ccb9a1a84d68c4e07e004b0e26e500f466160d
scripts/build_obj1_method_upgrade_tables.py,8168,276921e850fcf629d3e92f5a0ff9cdb4c131e4e46a89e06a8a3d0fc4d5101a19
scripts/build_obj1_mstmo_crossarch_tables.py,2799,d1050c8884e2a775f35802206939af0fd2d598befcd0693d65ab17377fe087a3
scripts/build_obj1up_compositional_split.py,6172,4fdb176cc87b035f6557e8658cb335557d4639710308bf6038268f8cd125441a
scripts/build_per_timestep_figure.py,2265,cd1ffa89ce2a469635e891905187df10c5ab8bb17084bd18267f74debae25584
scripts/build_qualitative_figure.py,4097,8474e325653ff8443edbf879c333dacc3a6815d7c70e44242bb63341e69068f2
scripts/build_qualitative_heldout_figure.py,5310,7c09954ee6f258f676b9eb9b91c948dc82219419519bd3cd2b83f60b45504000
scripts/build_review_figures.py,6454,78b369e94e59939de31b64bff2963aa66ec03be5251cbd727bce98039bce5f08
scripts/build_roi_ssim_table.py,1728,c6240b08c2f6fe4c2c1981395fd1719fe995a1e79c48ca148c3baef7504ae18b
scripts/build_scalar_benchmark.py,1207,753c13badbac7fb50e7909884582a9a3398e43786bed5eeab0473840121a3299
scripts/build_scalar_figures.py,4575,f7bd64719e235f95a2ae7ec9551ba01ffe9d0a50c38633bc9b6bdc162c6d71a9
scripts/build_shape_table.py,2740,e0e6bffa48e252cfc1619ac0958ab07ad0274dd3f742cc4e164356a4e7a461a6
scripts/build_signed_advantage_figure.py,2397,9cf0960b8cb6f84cc2b90d9f4e64dfce62289655d16873278a2c6b269dd380d7
scripts/build_solver_qa_exclusions.py,3139,5a13707378fe55431093b1020836de2832cdf8d0a37a2b1c49cee6bc4d4dfe3b
scripts/build_threshold_sensitivity_table.py,1488,f4a1a4880a5af0184168b1a416995e063c8a8b365c6aa8808349569079627619
scripts/build_v7_example_figure.py,7919,468387665cfea3232bcebfcca1b034e80f367ecbeb550b04b6feed0c852005d1
scripts/cell_clustered_inference.py,8942,ff1525adabb9b1b4a5924f22353775e21584dead833652b0490c93d98a352e7d
scripts/certify_e1_terminal.py,2865,aa0c6f3f3ed1face47555e3f6dc02bed0c6c8d6e3ae90fc6ec327586d85881af
scripts/compositional_bootstrap.py,8604,fb7191a446916bd03e443396c1c8b95ccf252a2d056a245ec5a0414dacb4c347
scripts/compute_grouped_train_stats.py,2431,4564b3792db800ec8f9a764776ba76efa5c7f27ec410de38c1e5e942306b3927
scripts/compute_roi_ssim_variants.py,6083,08080ea430bde49e052640646179d36f8180ec4ccafd90be1b0a31dc3aa68e92
scripts/compute_shape_metrics.py,14691,6eb053ed90194188c6cbd56b37bcfe953625c216eaf58d65e94539e2cd5fe39a
scripts/compute_ssim_clipping_audit.py,8763,76f1b393eb722203233be5aabeaf5a92fd4b696c5f631fc7bfa6c84868003802
scripts/compute_threshold_sensitivity.py,12125,10c7b0313c39d35032999aceb48b239f50b7ab6e26f3ab40fadc43724ad978e4
scripts/conductivity_twin_audit.py,4402,a7b6c33240adb0f35d0c07caa0bb599e34762d4bb690c719fbfcb99ddd741a56
scripts/confirmatory_cell_clustered.py,7730,faa8c7075fa112f8c8c9ef19a3433e03fced48112f75346269bc901b4ef08bbb
scripts/count_parameters.py,716,440dc8bf43be00aebbe87b3d007c6077bfdf258a9f7e0c8e76fbf260d2258e02
scripts/count_parameters_v7.py,2257,7898a474c6424c765058301eca099298bc3b7c7005fd476d82e02c0ec75525e2
scripts/eval_engineering_v7.py,8235,fff117c889e06c5342429d66f1fe3c496a1012b1b55069fde38ec52ef6c9229a
scripts/exploratory_anomaly_v7.py,3987,7cd913dc14ed8114cd2d66840f026f3111ff8894edcf52413a4bee1b403cca28
scripts/hierarchical_bootstrap_confirmatory.py,5408,163164d6d92b156cb9f6ff263e3b1983d7f5865692f9903bf9c04d369cf75f9c
scripts/mstmo_compositional_bootstrap.py,5305,6eb5a03a7967e75b28c8533e675267e8b94bd4b591d0cd1e9752e71ffde380b3
scripts/realization_disjoint_analysis.py,6424,bdae9f11d84f59f0b74e2af39c57d954701a32a8b9c130ac7c33891b148720cd
scripts/release_smoke_test.py,3419,36fee2078c4ae84af546d2970ee37b37d539749976cc21358e203d562acf9d95
scripts/reproduce_summaries.py,1978,3f96ba98bec8e4f773f00ad88fa1c9d60a85bf26c394c5a75876e2b891d26667
scripts/review_diagnostics.py,8601,ff6281b6bdfcf51fa6c27ed18f0b56d85d9c17255c480679c146dd572b66ea98
scripts/run_release_tests.py,1102,61d30d1e835483143866e5bda14ced5a034adea0dc3c6ac09bf0705c76d40716
scripts/twin_control_analysis.py,3769,59ee9a76736571321417c4877caaab0b42ee9f28cace9c3177695535d18463e3
scripts/v7_analysis/analyze_v7.py,29474,c0596db361623b9aaeb32a138888b56de8aa96f69b4533a3cf8f4fe87fcd4b13
scripts/v7_analysis/cell_stats.py,4551,2c1b23340e847b6ae4014ca9a3634a6f1bba35f935d6a61fb419defd8c26f73a
scripts/v7_analysis/inputs_v7.json,1673,bbe7e1680cd7aa201df332b4cd8af2179854b50bc86f83048ecc28e5f6b568ac
scripts/v7_analysis/make_numbers_v7.py,18079,ae490c8ea5b4ec4acd3ab49835b8ce3225055d86fabfd2442d0c16eb7b8c1473
scripts/v7_analysis/pool_independence_v7.py,2119,0b0425e715cb0453c4fc18e76f4d60bd8e6842252fc440fab133b3ffae499e44
scripts/v7_analysis/regenerate_checkpoint.py,1441,57de9e98322a3a0249c1d0fae07784cec94582570f934306127b5372199e1386
scripts/validate_conditioning_config.py,1820,8078b83bc07e236ceea18a00063d7c3cb6e8cf4cabfb044215fe49fa7ba3fd93
scripts/validate_release_artifacts.py,303,ef10748e4cf36e56ec6a2137b381916b0278d5a5ca9d641636c96d61ff86c185
scripts/validate_v7_release.py,3800,028dd4dd9aebaac7b699e0098317baebbddd9cd47631a59cf34654baaaf1d180
scripts/verify_cli_help.py,1083,f662f9fde408cb3a0551961a50050d7e0bf63a20cb69f304832e9910ed2824ab
scripts/verify_snapshot.py,3645,01d66a9ea814e448f54706b8f97fd82d2b9058629cf9597f4b8ce473c951d58d
splits/e2_B_compositional.json,3230,299150fb0875a8a0453c09c51b1c6252c1c6c6b5b7e7f7cf1ef1c728470d4d1f
splits/e2_B_grouped_parent.json,3623,580b48aae13b6bfe1cd08968dc3797aef22341f0f4e002055584849cd7c0d2f8
splits/param_split_fixed.json,6371,ba21a351ec2aa37b9737d9b9cde76b0771023bd39af1ff6377607bf63a1a84d5
splits/param_split_grouped_k_compositional_v1.json,11048,b6076933329bd5387dae37fdd332f18b58c48864485a36f223f2dff767134912
splits/param_split_grouped_k_loco_0p62_0p1.json,6182,12e4bfc1d1b0514292f6cecb767699df9167d8adc300666842e1b8dbce264484
splits/param_split_grouped_k_loco_0p62_1p0.json,6182,50398375c72634ee0d325d8af964a4353d1de6ed9ee6c9774860e2ca6dda2298
splits/param_split_grouped_k_loco_62p0_0p1.json,6182,5a976c19ba0fbc16643b5130c3c93e33a75ad65dcf6e5cf42c9b36c173f8cff7
splits/param_split_grouped_k_loco_62p0_1p0.json,6182,f1f9d544a0307f13865a30fd2047b5d23175ccb5f5f44e68ea385be83f217ff2
splits/param_split_grouped_k_loco_6p2_0p1.json,6179,ab8fcded2146d6fa6aed2906c11060de3806cb477536291eebc393818c16e6d5
splits/param_split_grouped_k_v5.json,10372,09115b31a62fa4bcf8c91dc0be018b88a130230ed6b7184920af902332fe6784
src/__init__.py,58,aee08be11ac77d165521471ee5be207cd6eb3accb4a03382d8e2753ec53c8a35
src/shared/__init__.py,58,0c8ffdfd4a2d9ecc5d414d532a338fa2b9619bb03f59a0a7fddcce76b5bdef5e
src/shared/data/__init__.py,38,6677c1b69144817dbaf93026daa3dfe3f96e78908ab3f5422ac0284ce8e7ac76
src/shared/data/concentration.py,3089,de89c55efe12b391e3fd3cf1b34b6fe1be55910a041770ec83ae8942ca46f992
src/shared/data/dataset_patch_multiout.py,5644,47b7f3cc11b66d3e7878da3d54b06f9c48f7d718e32b44fcb685c8b9bcbdb479
src/shared/data/dataset_timecond_patch.py,4100,0ed51e88b819f1388a02263637ef91c3ea2096393322f6f1e9b489d61aa36f65
src/shared/data/io.py,2842,a2aa74fdd49c6891f6e734c400e51e604493111d9a5ba3ee260de98dd80058b2
src/shared/data/transport_conditioning.py,7741,4b58a95da0f27e468b685b502991f3ca0ea99edcbebea49ad8a4638f0c64c6a7
src/shared/eval/__init__.py,39,23870e50b91c33990ae9635ad475f655ba2f27e67d4b11bc53ecec52b7293e05
src/shared/eval/centroid_error.py,1631,5b2dc8b05c52b2550ec34ea32a1d40fe369c260ca85efdcd2f038749b71c609c
src/shared/eval/eval_transport_unified_logc_global_plumemask.py,47178,aaf81bd300b543feb9f7be4c74872f24845104a33f8c59a8ff723547a0c625b1
src/shared/eval/flow_conditioning.py,3061,addfa81db45f1208e226b49f2d38f1b0ad730e3714bf82fdd2375febbc49e267
src/shared/eval/plume_ssim.py,1808,8912c6d61aa41a4a3e9221df7fd481c258bc44dbacdd38b43782fa07d0686f4d
src/shared/metrics/__init__.py,718,e8ca76481e8bef30104d615652dfae72829f1e696b1f112236b4e3c1c649f01c
src/shared/metrics/video.py,9594,936bf18fbfbd252fff8f39bef0093ec26bf4ef10995a42a715a64595c32f7c36
src/shared/utils/__init__.py,35,2f75882272fa67ee9b9e959c9f87f629dc87699e6026ad0f3da4e55eb0267220
src/shared/utils/seed.py,871,d8512314261cb8ad141bcb69e12108e43cab96f82878dfb1b86ef860d706dadc
src/transport_surrogates/baselines/__init__.py,76,79950a774d99db702e4c43288390ede9ce6655fe887965e707a972e76faf2451
src/transport_surrogates/baselines/blocks.py,488,98f1a499e6211f9863d102322f6fe5d21e042cc4be4289d1b6cf1c69373dcfb4
src/transport_surrogates/baselines/deeponet2d.py,2865,72106705b46ba18f965ae7bf8290cb6655bf2b9118be7ac7bf1d6a430e7c8eef
src/transport_surrogates/baselines/fno2d.py,4066,cceaddc78a56c77d8733a8b148c9414eee3da817690d7bbea5ea407fdf117fbe
src/transport_surrogates/baselines/focal_frequency_loss.py,1634,83c057d0708d23f1869806f4616b75456ef56f6dc4eedb70561ccb4c11e3d7bf
src/transport_surrogates/baselines/models/__init__.py,577,0536475cf44674abef5b2646e32260aa41956a36f61cdfb6459a5e75118d00d1
src/transport_surrogates/baselines/models/blocks.py,76,2b991d61b6d5aa16d0acd1370488ea7c7d40e627489ba3d0aa530087936cc062
src/transport_surrogates/baselines/models/deeponet2d.py,80,e66a300f1a28c1b258774e428402446d537ddd307726b53973a3663ac1ebe334
src/transport_surrogates/baselines/models/fno2d.py,75,58e17e797a2cd6d325f0a6042e1268b4caec0f8049a1a7cfdedeed56ec580c71
src/transport_surrogates/baselines/models/pmt_unet_aspp_attn.py,88,ca836c0bd8a76f848c382f3db347c1f3d200659144add1f902c22e712a22aaa9
src/transport_surrogates/baselines/models/temporal_attn_unet.py,88,5be28c8a9fcdf238ed415dda23302bd97252e41ef470683fb0aac2bbc80f11dc
src/transport_surrogates/baselines/models/unet2d.py,76,a4c182204c1481e3966b6f5d52489d487fd3e231c1601226a61ded2c94bb39f7
src/transport_surrogates/baselines/models/unet2d_timecond_multihead.py,95,b475c8dc69acfb66c59e6ab1fbb6e7afd5677a4194ff67abb4973a4db1f3cafa
src/transport_surrogates/baselines/pmt_unet_aspp_attn.py,5006,232343a3e4a73e40ea86f071c3cc0bbf5316c9ddb5d51604246160313f9acc13
src/transport_surrogates/baselines/temporal_attn_unet.py,6582,c878cfc97412adf2d9ac42476862eb3d4448e277a6bb00ec057791f8dad04d5a
src/transport_surrogates/baselines/train/__init__.py,66,05743cc1059116d87e9994880204e42b0c59e7bce05fa1d0649b8c14c62f6070
src/transport_surrogates/baselines/train/_cta_unet_multiout_logc_impl.py,13867,900b4863f2496088d380e441f91036b025a0cf59e60d2d095cfbf9ae2f7084c9
src/transport_surrogates/baselines/train/train_cnn_transport_conditioned.py,9777,bc6271ff338bf539a7dc575bf33701cb1050c7ce891799e8194cfd8a80b60f30
src/transport_surrogates/baselines/train/train_cta_unet_ffl_multiout_logc.py,14671,e7b809e0c0670f1e03fa00ec7fb39ca092f03449030e0a078895d29c280141bf
src/transport_surrogates/baselines/train/train_cta_unet_ffl_transport_conditioned.py,12980,e5a2c8503b37a2515a38ab982a593b8e74e83544f19e1c73615d4144c7348cb8
src/transport_surrogates/baselines/train/train_cta_unet_multiout_logc.py,132,981014e684b2541dd6cda3179dc23fdef787e55479f981b4e649fed5e138a2e6
src/transport_surrogates/baselines/train/train_deeponet_multiout_logc_baseline.py,13522,0262eb98fafbdb8a276b77de64cac68607787f03b01d7eff75f880632ffa631b
src/transport_surrogates/baselines/train/train_deeponet_transport_conditioned.py,11746,eece0c79a69a73560ee4b67721d6b5a502205568e5d44bd9482bcf96e404709c
src/transport_surrogates/baselines/train/train_fno_multiout_logc_baseline.py,15578,6a5a253287c9541e53a8e429f51f01e67d3e62670be8bff94a95b527a3f9f873
src/transport_surrogates/baselines/train/train_fno_transport_conditioned.py,12197,9e25350c141eb8dcbaf90ce516e84e3476e3ec86318f6ab1e66e4c458e9f832d
src/transport_surrogates/baselines/train/train_ms_tmo_transport_conditioned.py,12183,052da13304d66b414ba02e917d3938066ab193ea7f3f3f45a8e93317ce28c3ad
src/transport_surrogates/baselines/train/train_pix2pix_multioutput_patch_logc.py,12159,0e527167c83dacd51d1406085090a0f6693591c0f2542888dc517d21036c8760
src/transport_surrogates/baselines/train/train_pix2pix_transport_conditioned.py,17481,88407ab338632dc42b07a73c380641117ea050121f2e5301c5c0253dae2e13ca
src/transport_surrogates/baselines/train/train_timecond_transport_conditioned.py,19631,85d2788e24c2b8a15d1a09851a2f9e16df6a498fbcd84d7560d623315997122e
src/transport_surrogates/baselines/train/train_unet_multiout_logc_A_tweight_tsmooth.py,140,22549d71873b50d4f5d4ddec38def8298ef61c1cdb8dc8cac082df2651fcaf15
src/transport_surrogates/baselines/train/train_unet_multiout_logc_B_aspp_attn.py,134,0211e9dccaf5cd432eaa00751ead0bd8f441b36617532cd2644ff851f889b285
src/transport_surrogates/baselines/train/train_unet_multioutput_patch_logc.py,131,52cf40e8bd17257ddf1b1e85d95c608fbed831cc498fac81355271e817777eac
src/transport_surrogates/baselines/train/train_unet_timecond_multihead_logc.py,132,e169124b5a9e92b3344f9c067d117c60f6ccc071d5de73205e0149abb88c06d8
src/transport_surrogates/baselines/train/train_unet_tl_transport_conditioned.py,10897,ac160e0399eff0e4db9aaf0568c6b37e5b2f8ffdcd1c12d0a30465e461a5b76d
src/transport_surrogates/baselines/train_pix2pix_multioutput_patch_logc.py,13067,ff58e696c8c7f61b35674c1779dbda7cce8a0999caa78c2d57813cfed795baf3
src/transport_surrogates/baselines/train_unet_multiout_logc_A_tweight_tsmooth.py,20430,f64c1dad95cadfae4622fd8659892559f5da8231b62fea0554b72b3ed2158304
src/transport_surrogates/baselines/train_unet_multiout_logc_B_aspp_attn.py,25034,d6eadbada277abb2f6ef461532f7556e37cb1346bcc87a582b94d682f8b48c22
src/transport_surrogates/baselines/train_unet_multioutput_patch_logc.py,12511,6ac3c019693f3a37b7bdd20f2ccc1de30c1282658f92b3b2f292cf1f55c373b1
src/transport_surrogates/baselines/train_unet_timecond_multihead_logc.py,18319,95509deb8418ce66e754df51523ee7d640b51da0771b59bb7b9bf7314dee5c28
src/transport_surrogates/baselines/unet2d.py,1832,8e361ca741de41602005cba8045a20dc3bef5b5f723b9382431ca0e7a670b3f2
src/transport_surrogates/baselines/unet2d_timecond_multihead.py,2715,24eb62d9a46f29a741d6bd5e4b63fb7715739d02114b0e3bf49084ff4de7b8ad
src/transport_surrogates/confirmatory_v5/__init__.py,74,d3e70640ba80ab4a30fc1aa7cdc6cf775dab89c47acc2b838a3ab66c3ba732b1
src/transport_surrogates/confirmatory_v5/conditioning.py,7224,1e0a917e9dcb3b2d7a67233424b2c3b0d70f654db0323f71916f2f4b21d7b439
src/transport_surrogates/confirmatory_v5/conditioning_mstmo.py,5757,24312772b82da5fd81d697ac770285decc63cf19b5ba00d2f05e561e6cfed078
src/transport_surrogates/confirmatory_v5/train.py,27334,5e25298ca12c04ea2a03573f655a6dfd61fc0a5d1b477c9151debe1b7264e547
src/transport_surrogates/extensions/__init__.py,54,9d55208365f42453b62a5a61be9bcd4b0dc0c3a4dabae341fd0c0c72b0b50123
src/transport_surrogates/extensions/models/__init__.py,165,6ad7827e16d3b201d56de3c9e529ab07381cb22d38db51e69b69188c5638b737
src/transport_surrogates/extensions/models/deeponet_canonical.py,2938,f738ca683a0b5ff36e78a5d63c3983a8e71abf4a9c3465f46540f0355d417b32
src/transport_surrogates/extensions/models/fno_replicate.py,897,7b985b7c6f8769a930a63ee8d94a551ffd4c57a60773e5353a7497b828a4492f
src/transport_surrogates/extensions/registry.py,7861,d09592024026aa3e4d4fef5288a48b33896a683500b9022d664505a616737930
src/transport_surrogates/extensions/run_experiment_with_overrides.py,6573,7a4914d9f2e0e33775896030237bd41682b84282259da4ecd14f5e0ed7f37add
src/transport_surrogates/extensions/train/train_deeponet_canonical_transport.py,14305,2629011f333ed6d3eef04d8ae15303813e0a0cf4e7fd54b00ad398f0303a9e0a
src/transport_surrogates/extensions/train/train_fno_replicate_transport.py,13867,e23ca0e04373240bac5849547b721ddf9b226a76571cca65d25e581fb72a2913
src/transport_surrogates/paths.py,437,f3da6d76eff85d06edeb65a2cab04146e322e4e306e08bbf209cc264351443c3
tests/test_centroid_metric.py,879,255cdeb4b9e1bfb0eb40b6ea6201b8113bf5b4a1392213a3a4bc2e644bcdeab7
tests/test_concentration_transform.py,1298,8a003581ca95b6bee1d0f104dd0bf83b65dacfd7df88145eac7bd3e2cd6ac858
tests/test_conditioning_v4_joint_continuous.py,4676,766c1f43d689833adc587caf1865265eb7daf01921884e4b85006c7082f1a6ed
tests/test_confirmatory_v5.py,12594,e6ecacddc5752c117080c99f646a870417bc00b137b660f32e716e43dcd6895d
tests/test_e1_terminal_certificate.py,1197,ae0fbba757650aca29717e471246b55342d2b118600b4d42f4962b64a83adfa9
tests/test_registry_targets.py,885,09a41e4eca4b95ce4fe7eab5bfd78323468a984ef3f984083ba12410d27fa348
tests/test_release_smoke.py,1718,a39af4d427ec9118a461bef8127a923d3e61f09e5b800fc4265a28aa8d27b240
tests/test_review_corrections.py,2320,fbf8a047a6b58345158c8d4d351510e09641cd0d53eac93d331631c523b97fc6
tests/test_snapshot_boundary.py,1139,00b1324b72d4bdf39bc80f850ef9c18c1cb0c2e5e16c68a9f2e88039c4ae3901
tests/test_transport_metadata.py,1307,9566976c7067db1c424873c1064eb539cb110a5ca7038b237d55b75047c9d514
tests/test_v7_macro_inputs.py,1743,dee9fc6c69128031f19dc39797bdcc1394b24b6eb585c5b142ecca769819f97a
tests/test_v7_trainer.py,4497,c4413f77e3a4072faf3633aa785016c90bd872ee85b2241f6a2b892fc59a5893
