param_folder,realization,global_ssim,plume_ssim,iou_0.001,iou_0.0001,area_rel_err_1e-3_d365,centroid_err_m_d365,exceed_w500_+400_true,exceed_w500_+400_pred,exceed_w500_-400_true,exceed_w500_-400_pred,exceed_w1000_+400_true,exceed_w1000_+400_pred,exceed_w1000_-400_true,exceed_w1000_-400_pred,exceed_w1500_+600_true,exceed_w1500_+600_pred,exceed_w1500_-600_true,exceed_w1500_-600_pred,exceed_w1900_+0_true,exceed_w1900_+0_pred
param_20000,real_001,0.8366579196382625,0.40628026769012116,0.04886932079326105,0.07175466896283603,0.5211456455796368,747.4658831457431,0,0,0,1,0,0,0,0,0,1,0,0,0,1
param_20000,real_002,0.822967294153668,0.3670096311606853,0.049901046715990244,0.08296063965913479,0.13673428577776792,528.5063655309569,0,1,0,1,0,1,0,0,0,0,0,0,0,1
param_20000,real_003,0.7712585204619896,0.3187004807113071,0.009705463821410808,0.0257547646038807,0.47714561667527683,738.8100683596747,0,1,0,1,0,0,0,1,0,1,0,0,0,1
param_20000,real_004,0.8033362521267936,0.3520395569636572,0.025002183886703458,0.04715447055518727,0.4346396516484493,929.0658784762333,0,0,0,0,0,0,0,0,0,0,0,0,1,1
param_20000,real_005,0.8437216663771433,0.3646994405334318,0.10652910405635199,0.1370917295986154,0.1519093394479231,825.8846263067709,0,1,0,1,0,0,0,0,0,0,0,0,0,1
param_20001,real_001,0.8344564954839516,0.42781656694277037,0.05712294775531889,0.08234805356505015,0.7115940543311122,572.6578644747117,0,0,0,1,0,0,0,0,0,1,0,0,0,1
param_20001,real_002,0.822707596730429,0.39641481254920946,0.07052027201669485,0.1043048175060826,0.2580398478835979,408.43327808942445,0,1,0,1,0,1,0,0,0,0,0,0,0,1
param_20001,real_003,0.7709006762247611,0.3457022877038991,0.02370715602492817,0.04478379461253109,0.6640582271025285,665.3746771010613,0,1,0,1,0,0,0,1,0,1,0,1,0,1
param_20001,real_004,0.7978180540863649,0.36694236393550705,0.03284655626044208,0.05906543617700469,0.6441365885982895,864.8174991595273,0,0,0,0,0,0,0,0,0,0,0,0,0,1
param_20001,real_005,0.8397517554559738,0.3880186449966949,0.11104562396691904,0.14256933290285345,0.31363748155435317,781.2508207150552,0,1,0,1,0,0,0,0,0,0,0,0,0,1
param_20002,real_001,0.8303770227034803,0.45444545753084875,0.06937862125145895,0.09734530391893133,0.601255918068184,624.1340396998357,0,0,0,1,0,0,0,0,0,1,0,0,0,1
param_20002,real_002,0.8154434810037108,0.41700680850120714,0.07689193083538115,0.11575080471553142,0.2023538344722855,393.70559580257077,0,1,0,1,0,1,0,0,0,0,0,0,1,1
param_20002,real_003,0.752958116708194,0.34569438706462585,0.016357441758859514,0.038649438379484403,0.48475622132911134,643.7417471645065,0,1,0,1,0,0,0,1,0,1,0,1,0,1
param_20002,real_004,0.7907373523636221,0.38664558483657274,0.03801698444510986,0.06746173964085753,0.5578273606485011,837.6261316275056,0,0,0,0,0,0,0,0,0,0,0,0,1,1
param_20002,real_005,0.8352870402604476,0.4102960686873731,0.12434307505515207,0.16438695196641095,0.23153830924569394,843.7254141172251,0,1,0,1,0,0,0,0,0,0,0,0,0,1
param_20003,real_001,0.8087518217918295,0.5132118501647049,0.07665195546878655,0.1109016216560927,0.9174973767051416,149.5517175934336,1,1,1,1,1,1,1,1,0,1,0,0,0,1
param_20003,real_002,0.8059120990654209,0.47877739453066454,0.10597483441329113,0.14637494244179222,0.715788388161287,194.7872944835814,1,1,1,1,1,1,1,0,0,0,0,1,0,1
param_20003,real_003,0.7674303019669823,0.451232755413574,0.07258880314166015,0.10203221385377512,1.0508975744476465,106.09869974028314,1,1,1,1,1,0,1,1,0,1,0,1,0,1
param_20003,real_004,0.7721718167195245,0.4494980107665631,0.064364086896955,0.09765749555800561,0.8094549532269012,455.1721035575182,1,1,1,1,1,1,1,0,0,1,0,1,0,1
param_20003,real_005,0.8159432615886386,0.4770907520515388,0.12368424206651227,0.1672602243906016,0.3749363590079278,605.8026402738844,1,1,1,1,1,0,1,0,0,0,0,1,0,1
param_20004,real_001,0.8134687102649276,0.6131629864871239,0.1449868964069642,0.1947670925754327,0.6100134926754048,239.28323866451305,1,1,1,1,1,1,1,0,0,1,0,0,1,1
param_20004,real_002,0.8117215154594933,0.5868122298233535,0.18430939987480613,0.23450341888400061,0.622882085331366,160.74823516874247,1,1,1,1,1,1,1,1,0,0,0,1,1,1
param_20004,real_003,0.7392140796903253,0.49943122276849844,0.10209490230985663,0.14959961924597434,1.0270804191513903,139.66249305320244,1,1,1,1,1,1,1,1,0,1,0,1,1,1
param_20004,real_004,0.7647940225581543,0.5329524808908207,0.1177165011600465,0.16368654789767242,0.7092060997470717,456.0560931237654,1,1,1,1,1,1,1,1,0,0,0,1,1,1
param_20004,real_005,0.8366269071456999,0.6281071482361158,0.216162934300309,0.27625747312508464,0.3223323924633905,567.9300088704965,1,1,1,1,1,0,1,1,0,0,0,1,1,1
param_20005,real_001,0.7914740249941353,0.6822829350017301,0.15873703519188356,0.22973154700051793,0.38364661540048917,120.72761604802331,1,1,1,1,1,1,1,1,1,1,1,1,1,1
param_20005,real_002,0.7985970133553845,0.6720649808897492,0.2081600407761497,0.2746223069466493,0.3619365240900703,122.38817746101617,1,1,1,1,1,1,1,1,1,1,1,1,1,1
param_20005,real_003,0.7734218807288227,0.6486187989533886,0.17906695406007944,0.2511522385644074,0.4321945443114467,24.208551142544433,1,1,1,1,1,1,1,1,1,1,1,1,1,1
param_20005,real_004,0.754980428210052,0.6311861034894446,0.15767290547035695,0.22953561324983757,0.3814814814814815,122.42844847247356,1,1,1,1,1,1,1,1,1,1,1,1,1,1
param_20005,real_005,0.808259013796981,0.6962568221659632,0.23330830812026207,0.3072757906352706,0.26956674928318025,286.6132935470049,1,1,1,1,1,1,1,1,1,1,1,1,1,1
param_20006,real_001,0.8417924622628754,0.48883694596667476,0.1253091589301628,0.14605747676782632,0.9288940155232751,183.7455359290419,0,1,0,1,1,1,0,1,0,0,0,0,0,1
param_20006,real_002,0.8390256562112234,0.5090935803522812,0.1540835920333171,0.18736348868569852,0.34208125049591365,493.8649909795319,0,1,1,1,0,0,0,1,0,0,0,0,1,1
param_20006,real_003,0.81234357092559,0.45322097844597126,0.08443947883875853,0.11961194903899729,0.6377480745727201,106.83778380260598,1,1,0,1,1,1,0,1,0,0,0,1,1,1
param_20006,real_004,0.8252514463295195,0.4935728065549684,0.10721054862488406,0.14216689365513235,0.8065107920402853,137.12769301907238,0,1,0,1,0,1,0,0,0,1,0,0,0,1
param_20006,real_005,0.7875178310654292,0.39614823694359563,0.04913196015398466,0.07799691943791962,0.5472778261290011,498.60214438120033,1,1,0,0,1,1,0,1,0,0,0,0,0,1
param_20007,real_001,0.8409894218782319,0.5021123586673142,0.12160450402950713,0.14510141376840952,0.9658275015904754,179.00323218148367,1,1,0,1,1,1,1,1,0,0,0,0,0,1
param_20007,real_002,0.8436541633526364,0.5250498034344787,0.1761609017405392,0.20318278076500237,0.409679681157281,439.3567734840059,1,1,1,1,0,1,1,1,0,0,0,0,1,1
param_20007,real_003,0.8136463771155767,0.4635603975539493,0.09704377727838583,0.13158360733775634,0.6953113633056889,97.1919022520409,1,1,0,1,1,1,0,1,0,0,0,1,1,1
param_20007,real_004,0.8279783207916632,0.5159284562340855,0.12291409842799048,0.15874789240183693,0.833749062429137,138.965633131336,1,1,1,1,0,1,1,0,0,1,0,1,0,1
param_20007,real_005,0.7844070998959218,0.4079465246720698,0.05252674351133048,0.08492091641817776,0.6791086653512662,471.255813404744,1,1,1,0,1,1,0,1,0,0,0,0,0,1
param_20008,real_001,0.8357415836349326,0.5236665948899749,0.1317345077238868,0.1566173074650853,0.87888444812226,154.50682960476828,1,1,0,1,1,1,1,1,0,0,0,0,0,1
param_20008,real_002,0.8407551192134285,0.5398259141403263,0.1856025682847418,0.2152471732338115,0.4078219315895372,467.6577212834985,1,1,1,1,0,1,1,1,0,0,0,0,1,1
param_20008,real_003,0.8053370042583325,0.46577448594884496,0.10060750235901825,0.14058171582478074,0.6551412148736871,79.15019744114237,1,1,0,1,1,1,0,1,0,0,0,1,1,1
param_20008,real_004,0.8223881985197391,0.5302674130274534,0.13238460787133505,0.1728287076554239,0.7836076759061834,161.08671335022993,0,1,1,1,0,1,1,0,0,1,0,0,0,1
param_20008,real_005,0.7739147494779723,0.4190874142129834,0.05620715018752676,0.0921245314496982,0.5333945699599018,490.59996101434433,1,1,1,0,1,1,0,1,0,0,0,0,0,1
param_20009,real_001,0.8312080595846274,0.5700538131594441,0.1237867429582623,0.15763548896931429,0.89907612661609,214.77175412570645,1,1,1,1,1,1,1,1,0,1,0,0,0,1
param_20009,real_002,0.8659067076428464,0.5931498908751418,0.24889815388644698,0.2751643536674504,0.4116939936539886,285.2980225770364,1,1,1,1,1,1,1,1,0,0,0,1,1,1
param_20009,real_003,0.8160997683117565,0.5134344613859594,0.12295413945459012,0.15599706971563695,0.7733013544800432,165.38702927655837,1,1,1,1,1,1,1,1,0,1,0,1,1,1
param_20009,real_004,0.8348966068033705,0.5931494644456694,0.1769155889549351,0.20963098429970548,0.7959830581633754,122.3463157120352,1,1,1,1,1,1,1,1,0,1,0,1,0,1
param_20009,real_005,0.7692765086901159,0.4451516322919925,0.06449310451367571,0.10347693013077379,0.9411599019801143,451.4622668477995,1,1,1,0,1,1,1,1,0,1,0,1,0,1
param_20010,real_001,0.8312534565423775,0.6649213980559137,0.1929651681571023,0.24135501735135684,0.6426933086321732,153.1293482767636,1,1,1,1,1,1,1,1,0,1,0,1,1,1
param_20010,real_002,0.8516379580154572,0.6871394613426386,0.2724043079063213,0.3057344445836367,0.5103083902831218,280.3408605057534,1,1,1,1,1,1,1,1,0,1,0,1,1,1
param_20010,real_003,0.8137601972014444,0.5971716365849747,0.1899060991858597,0.2405291253876192,0.6219281450613808,117.8119735609967,1,1,1,1,1,1,1,1,0,1,0,1,1,1
param_20010,real_004,0.8428466935722464,0.6745174667326655,0.2596212135368785,0.30281465792994156,0.5587671186782867,148.48879482286893,1,1,1,1,1,1,1,1,0,1,0,1,1,1
param_20010,real_005,0.7573359262543992,0.5432043945740703,0.12253039766672214,0.17499121274133383,0.7105151712850095,403.24873962355423,1,1,1,1,1,1,1,1,0,0,0,1,1,1
param_20011,real_001,0.8295516079923496,0.7176404430845882,0.20775530633590109,0.27597176082205477,0.39176247024880523,241.06167932496734,1,1,1,1,1,1,1,1,1,1,1,1,1,1
param_20011,real_002,0.8920806431683371,0.7806363931006574,0.34814891834486295,0.40750329561242055,0.24189195311539283,121.8747809880896,1,1,1,1,1,1,1,1,1,1,1,1,1,1
param_20011,real_003,0.8174223360550981,0.6646951130447627,0.19524170363855284,0.2653068344682827,0.360467037856253,51.13385914231031,1,1,1,1,1,1,1,1,1,1,1,1,1,1
param_20011,real_004,0.8310712896063001,0.7309146930876013,0.2593088415007965,0.3191866746170199,0.8667881926098137,825.4544396433345,1,1,1,1,1,1,1,1,1,1,1,1,0,1
param_20011,real_005,0.7575486476608246,0.5883906370223722,0.15298346069190316,0.22029730146082357,0.5066627300462553,139.74381862014388,1,1,1,1,1,1,1,1,1,1,1,1,1,1
param_20012,real_001,0.7903519467948018,0.46084120343138196,0.0876176365393054,0.11970023872006547,0.931653884261128,711.1660086825855,1,1,1,1,1,0,1,1,0,1,0,1,1,1
param_20012,real_002,0.8076104517838778,0.44772516581994976,0.1250846301382941,0.1476131490186941,0.3496424012450382,374.4048016964175,0,0,1,0,1,1,1,0,0,0,0,0,1,1
param_20012,real_003,0.8045335086514328,0.46915341090606255,0.10834841181540139,0.14468847984163266,0.5173171804015436,762.2641824131977,1,1,0,0,1,1,1,1,0,1,0,1,1,1
param_20012,real_004,0.8087383784066027,0.43717937085851666,0.08882467944657345,0.12658627393100086,0.27615686135400225,744.8296411154893,1,1,0,1,1,0,1,0,0,0,0,0,0,1
param_20012,real_005,0.7258878554449149,0.37652990149537546,0.025469876253283907,0.041498976362618185,0.21160046534818017,969.0424567468312,1,0,1,0,1,0,1,0,0,0,0,0,1,1
param_20013,real_001,0.7902833609544428,0.4703020563136428,0.09169674307304873,0.12369443038626195,1.0340198054508807,705.9226127272576,1,1,1,1,1,1,1,1,0,1,0,1,1,1
param_20013,real_002,0.8039549161971706,0.4555229147291148,0.12288421370872062,0.14744524476829327,0.42241322314049584,348.10107241436816,0,0,1,0,1,1,1,1,0,0,0,0,1,1
param_20013,real_003,0.8050705687740735,0.4838597901689654,0.11549907477765835,0.1508588619351584,0.6464500038968124,703.5759123249475,1,1,0,0,1,1,1,1,0,1,0,1,1,1
param_20013,real_004,0.8069912279468966,0.4391115377193296,0.08755755174596301,0.12949575839514005,0.4086994996766618,629.1108185033066,1,1,0,1,1,1,1,0,0,0,0,0,0,1
param_20013,real_005,0.7202723440367548,0.3800011734800578,0.025271126609960934,0.04206115306065235,0.25534092161400523,922.257767370238,1,0,1,0,1,0,1,0,0,0,0,0,0,1
param_20014,real_001,0.7856780081899276,0.49056967733591805,0.10721308481021369,0.14128448653155404,0.9785660991657058,655.2737324842757,1,1,1,1,1,1,1,1,0,1,0,1,1,1
param_20014,real_002,0.7993732842428062,0.4639177700567434,0.13499546099032922,0.16080738941474096,0.3508030159317075,363.6980291176086,0,0,1,0,1,1,1,1,0,0,0,0,1,1
param_20014,real_003,0.8034140019701626,0.5037698915990879,0.13801962903379983,0.17383168588455328,0.6377826271443293,628.0387483997459,1,1,0,0,1,1,1,1,0,1,0,1,1,1
param_20014,real_004,0.7939076971068895,0.44953318218727,0.08846460299388881,0.13252651299410764,0.29669501384587654,779.7738754748116,1,1,0,1,1,0,1,0,0,0,0,0,0,1
param_20014,real_005,0.7091458509506018,0.3876504163181672,0.03152351018665466,0.05041706993954423,0.23283097469827851,929.5287614164847,1,0,1,0,1,0,1,0,0,0,0,0,1,1
param_20015,real_001,0.7957961623440952,0.5279709016855327,0.11302884292172022,0.14450856732912604,1.1031322261929788,512.1469494125646,1,1,1,1,1,1,1,1,0,1,0,1,1,1
param_20015,real_002,0.7945977267792537,0.4891342941542067,0.12421507554073369,0.15877011274023634,0.5269335457744141,304.0865141288842,1,1,1,0,1,1,1,1,0,0,0,1,1,1
param_20015,real_003,0.8133062328897437,0.527475491539677,0.15468855493328532,0.18676327263016732,0.7150348985977224,545.7682286807857,1,1,1,1,1,1,1,1,0,1,0,1,1,1
param_20015,real_004,0.8084314788483639,0.4865364413295026,0.11660986068664839,0.16411128114956192,0.6067244512791835,396.43988700915855,1,1,1,1,1,1,1,1,0,0,0,1,0,1
param_20015,real_005,0.6980592890806758,0.4028869488126707,0.02842402815507631,0.0514517360213756,0.37937914368920006,737.6486901740287,1,0,1,0,1,1,1,1,1,1,0,1,0,1
param_20016,real_001,0.7873995135818178,0.629652066201107,0.18099384960273268,0.22913156719734049,0.7118150703189141,345.9451223003191,1,1,1,1,1,1,1,1,1,1,1,1,1,1
param_20016,real_002,0.803440465628404,0.6015633726435089,0.19795807290550368,0.24927156366915287,0.36703695544995857,319.9234939652236,1,1,1,0,1,1,1,1,0,0,0,1,1,1
param_20016,real_003,0.8109219560510126,0.6607928754598512,0.2292585612589027,0.27141563945380265,0.44141483710881113,208.78232473903194,1,1,1,1,1,1,1,1,1,1,0,1,1,1
param_20016,real_004,0.7764788880546943,0.5854556435566969,0.15336504137476772,0.21528786249491996,0.379197422316756,543.6433061371881,1,1,1,1,1,1,1,1,1,0,0,0,1,1
param_20016,real_005,0.7003265884800993,0.5200798083524998,0.07939156418332895,0.12835260806143897,0.2810703228659885,614.7261911132639,1,0,1,0,1,1,1,1,1,1,0,1,1,1
param_20017,real_001,0.7987475446045889,0.6750723160987304,0.1880088617020375,0.252460315221719,0.4930140284239733,185.53178364073278,1,1,1,1,1,1,1,1,1,1,1,1,1,1
param_20017,real_002,0.8118516283259328,0.6415845835537057,0.20273750770191876,0.2725151410412322,0.27784678529959767,71.59556215406354,1,1,1,1,1,1,1,1,1,1,1,1,1,1
param_20017,real_003,0.8354631254804066,0.7040701781571012,0.23992381060479528,0.3058499296227363,0.31910053724233445,278.04703818364845,1,1,1,1,1,1,1,1,1,1,1,1,1,1
param_20017,real_004,0.8284716041731707,0.6763879550285213,0.22154103492543029,0.288784596855986,0.27642707208217,223.2505479950845,1,1,1,1,1,1,1,1,1,1,1,1,0,1
param_20017,real_005,0.6956940491902577,0.5561329353832282,0.0966608118680631,0.1677849497832508,0.20209629044988162,301.68734203132215,1,1,1,1,1,1,1,1,1,1,1,1,1,1
param_20018,real_001,0.8431043889561856,0.3937170769789747,0.08221792402170557,0.10106057239853918,0.8001984932557406,493.06204849513483,0,1,0,0,0,0,0,0,0,0,0,0,0,1
param_20018,real_002,0.8573221708875626,0.4751271428532134,0.16650111046193672,0.18057739863972486,0.4793126269426504,243.5912149635125,0,0,0,0,0,0,0,0,0,0,0,0,1,1
param_20018,real_003,0.8313912735331445,0.3864251269475543,0.06313561734772832,0.07930517197442817,0.4310564276622826,56.20934947287325,0,0,0,0,0,1,0,1,0,0,0,0,1,1
param_20018,real_004,0.8363326004293775,0.42367803573641216,0.11648232336132672,0.13302282103306115,0.7662782423056396,273.6383656438594,0,0,0,0,0,0,0,0,0,1,0,1,1,1
param_20018,real_005,0.8131140659845808,0.3308200954742865,0.041953273851767364,0.07872516924598327,0.21026598016952583,862.5552267796098,0,1,0,1,0,1,0,0,0,0,0,0,1,1
param_20019,real_001,0.8372894700632343,0.41528958149507633,0.07905599126678908,0.10059061226464674,0.9186523558907629,463.86318939989224,0,1,0,0,0,0,0,0,0,0,0,0,0,1
param_20019,real_002,0.8596755543635672,0.5016338877944644,0.16652220921831515,0.18244439551511174,0.6683808961767062,196.92843450340376,0,1,0,0,0,1,0,1,0,0,0,0,1,1
param_20019,real_003,0.8273973551739524,0.39916904646202356,0.06394213498962925,0.08437705334701989,0.6503362349931928,166.606195205575,0,1,0,0,0,1,0,1,0,0,0,0,1,1
param_20019,real_004,0.8380550649714147,0.4620778403642109,0.12360783432135967,0.1442462703573915,0.9873970244682159,279.9722585332781,0,0,0,1,0,1,0,0,0,1,0,1,1,1
param_20019,real_005,0.8102361229169037,0.3614137905995318,0.055970782326975915,0.09670872467191036,0.3335541021607749,784.4161342764589,0,1,0,1,0,1,0,0,0,0,0,0,0,1
param_20020,real_001,0.8312892215440602,0.4413119191574319,0.0917976816360139,0.11432531452231003,0.8528808652647661,426.90836780334325,0,1,0,0,0,0,0,0,0,0,0,0,0,1
param_20020,real_002,0.8579935845497385,0.5285210133364059,0.1935638015029629,0.2073285912578431,0.5667746432671806,248.38766429125326,0,1,0,0,0,1,0,1,0,0,0,0,1,1
param_20020,real_003,0.8235747032018458,0.4162453875985358,0.07422216219973798,0.09682632939699147,0.6062754866314457,117.82660005067136,0,1,0,0,0,1,0,1,0,0,0,0,1,1
param_20020,real_004,0.8306796037297883,0.4815857286639745,0.13510267633964582,0.1586072325717253,0.9186735018280082,284.2660706139002,0,0,0,1,0,1,0,1,0,1,0,1,1,1
param_20021,real_001,0.8066018534717573,0.5011708235920593,0.08692837969176223,0.1194952469758354,1.0132330046704723,178.99741856115315,1,1,1,1,1,1,1,1,0,1,0,0,0,1
param_20021,real_002,0.855219690241392,0.5742811762662814,0.19648464866044194,0.21735416049813608,0.6936736795645138,243.82828108018464,1,1,1,1,1,1,1,1,0,1,0,1,1,1
param_20021,real_003,0.7894356602628712,0.44099333226222986,0.07080073551128678,0.10033760711581347,0.7636366259359176,175.6827041643801,1,1,1,0,1,1,1,1,0,0,0,1,1,1
param_20021,real_004,0.8271868601190967,0.5560882168264003,0.13042631880009542,0.1618963211709275,0.9754697662345154,174.15920043107747,1,1,1,1,1,1,1,1,0,1,0,1,1,1
param_20021,real_005,0.7914482617010842,0.46085454279093085,0.11014892393348251,0.1522562939804869,0.6640537187066637,635.6014722492725,1,1,1,1,1,1,1,0,0,0,0,1,0,1
param_20022,real_001,0.803280247071294,0.5872815937577304,0.1506643122992012,0.19664882831758349,0.7713463187553595,157.038151477775,1,1,1,1,1,1,1,1,0,1,0,0,1,1
param_20022,real_002,0.8602973194479056,0.6816256368153409,0.2730022604112425,0.2991734704388414,0.5770060670677531,205.10073071456634,1,1,1,1,1,1,1,1,0,1,0,1,1,1
param_20022,real_003,0.8005387486377752,0.5540929125404621,0.13885216804411146,0.18613920249118082,0.6951036459044051,30.36409132900296,1,1,1,1,1,1,1,1,0,0,0,1,1,1
param_20022,real_004,0.8316975331175884,0.6455688988668165,0.21529176540821054,0.2590843309061481,0.7135630571972353,181.13107128180593,1,1,1,1,1,1,1,1,0,1,0,1,1,1
param_20022,real_005,0.7842627450194141,0.5525090164753947,0.1667121889904951,0.21760237063538668,0.6077769237554024,594.552103052922,1,1,1,1,1,1,1,1,0,0,0,1,1,1
param_20023,real_001,0.7956828972487586,0.6800625529092217,0.1834312438653017,0.2554099351030842,0.3702417354874437,151.3931865050687,1,1,1,1,1,1,1,1,1,1,1,1,1,1
param_20023,real_002,0.8511787401983824,0.7510858931843294,0.269533152211384,0.3270871050532023,0.3315047310481941,133.40705083905215,1,1,1,1,1,1,1,1,1,1,1,1,1,1
param_20023,real_003,0.7593691541025461,0.6042968716519986,0.15915084377295843,0.2280874571459101,0.35805051350138833,24.019503627058807,1,1,1,1,1,1,1,1,1,1,1,1,1,1
param_20023,real_004,0.8210502686755475,0.7190481819433733,0.21697441367114195,0.2843772783691424,0.3586348944029941,96.91884988893653,1,1,1,1,1,1,1,1,1,1,1,1,1,1
param_20023,real_005,0.7946061763648342,0.68142911910008,0.2363458375052753,0.308491807474811,0.27100218037903173,263.8240066390251,1,1,1,1,1,1,1,1,1,1,1,1,1,1
param_20024,real_001,0.7934938508128248,0.4043507294755145,0.0963594705670517,0.12189716349688268,0.5848640289669219,667.885002617087,0,1,0,0,0,0,0,0,0,0,0,0,1,1
param_20024,real_002,0.8276591186952014,0.512414964805358,0.1986239790815534,0.20682925971585875,0.6403840239026319,267.2683527388396,0,0,0,0,0,1,0,1,0,0,0,0,1,1
param_20024,real_003,0.7971947981189106,0.4124592460075863,0.06989130063752819,0.09505643374906123,0.32293815475468185,380.85699030480725,0,0,0,0,1,1,0,0,0,0,0,0,1,1
param_20024,real_004,0.7944941630729053,0.4485850305161206,0.11812366674644185,0.14785204974577076,0.6279280812205774,89.262864690213,0,0,0,0,0,0,0,0,0,1,0,1,1,1
param_20024,real_005,0.8087588005638752,0.3971424041257688,0.08461124477796057,0.12590400314228056,0.0171162593885539,673.9929041480984,0,0,0,0,0,1,0,0,0,0,0,0,1,1
param_20025,real_001,0.784485921570994,0.4262754468277501,0.09488511403543536,0.12325846029843777,0.6884474379742519,580.6874285921683,0,1,0,0,1,0,1,0,0,1,0,0,1,1
param_20025,real_002,0.8328655248037043,0.5448161908044551,0.2054290982536799,0.2133376971553685,0.8036447019068308,223.28111756605978,0,0,0,0,0,1,0,1,0,0,0,0,1,1
param_20025,real_003,0.7943848998929233,0.43368730228474106,0.0829305897830419,0.11093823721692746,0.4768951866513744,370.9363102826987,1,1,0,0,1,1,0,0,0,0,0,0,1,1
param_20025,real_004,0.7899169722779485,0.47370824635068925,0.12898832835365825,0.1589631081591782,0.7418730114815327,74.64527094477461,0,0,0,1,1,0,0,1,0,1,0,1,1,1
param_20025,real_005,0.8057787663686351,0.43267249656419665,0.10873463864284254,0.150476371360429,0.1801976771017614,600.9194561107329,0,0,0,0,1,1,0,0,0,0,0,0,1,1
param_20026,real_001,0.7769920452971172,0.4417202661761071,0.10577882274070612,0.13443353310483894,0.6684407048845186,579.6314648752103,0,1,0,0,1,0,1,0,0,1,0,0,1,1
param_20026,real_002,0.8318320786008683,0.565800174014176,0.23054797992879045,0.23516962075994066,0.7425811452763809,250.1289976194277,0,0,0,0,0,1,0,1,0,0,0,0,1,1
param_20026,real_003,0.7929082615265564,0.4506829927587735,0.09629172370104222,0.12570440869386101,0.4390372868994439,433.1774935073796,1,1,0,0,1,1,0,0,0,0,0,0,1,1
param_20026,real_004,0.7845941279850366,0.5057303538521294,0.13618462898414116,0.16979874370181813,0.7138758922167959,127.21930340683491,0,0,0,1,1,0,0,1,0,1,0,1,1,1
param_20026,real_005,0.7986752759022366,0.45899117202098627,0.11476229954440921,0.16158278962737938,0.17931257489585908,613.6160184434697,0,0,0,0,1,1,0,0,0,0,0,0,1,1
param_20027,real_001,0.7640697982131394,0.49412016040592954,0.10777009972838165,0.1481849095018164,0.7775832960921595,195.8233510421635,1,1,1,1,1,1,1,1,1,1,1,1,1,1
param_20027,real_002,0.8404479779809633,0.616663063874227,0.22471991077146802,0.24547057254197097,0.7360206027147776,145.97939967106066,1,1,1,1,1,1,0,1,0,1,0,1,1,1
param_20027,real_003,0.7788308369800813,0.49348139851835776,0.0979415118766382,0.13270559084555908,0.6928775546135406,124.40221999656916,1,1,1,0,1,1,0,1,0,0,0,1,1,1
param_20027,real_004,0.7935323696349634,0.5609371888518143,0.1520257642434883,0.18729123963313338,0.7677388836329234,52.78090163478044,1,1,1,1,1,1,1,1,1,1,1,1,1,1
param_20027,real_005,0.7970460631809395,0.5308068112405099,0.1570722762928422,0.19857991649450907,0.4620528576791002,467.1764461041936,1,1,1,1,1,1,0,0,0,0,0,1,1,1
param_20028,real_001,0.7763556179674097,0.6075107277350845,0.17869260417719565,0.22872559171714252,0.7166743877869832,128.9736126454482,1,1,1,1,1,1,1,1,1,1,1,1,1,1
param_20028,real_002,0.8459585404440904,0.6995893692685007,0.29992529321264383,0.32969849230888926,0.7028083272791041,156.41986149383632,1,1,1,1,1,1,1,1,0,1,0,1,1,1
param_20028,real_003,0.7809886975440006,0.5820828742480013,0.15998022745537233,0.20712275454595758,0.6402722501009401,48.662468790589095,1,1,1,0,1,1,1,1,1,0,0,1,1,1
param_20028,real_004,0.813656795739563,0.6829239692752563,0.23867993676217567,0.28926529754122915,0.6061123020460387,163.74652647522439,1,1,1,1,1,1,1,1,1,1,1,1,1,1
param_20028,real_005,0.7916571795938049,0.6341723097754216,0.2190069316977011,0.26659820768684045,0.5875923118305864,448.7206486233631,1,1,1,1,1,1,1,1,0,0,0,1,1,1
param_20029,real_001,0.7850326619747996,0.6770901511044901,0.2011066082509507,0.2729534850620576,0.40165017324326346,148.10822780177259,1,1,1,1,1,1,1,1,1,1,1,1,1,1
param_20029,real_002,0.8556520373532027,0.7668590495863529,0.29845295696077906,0.3551816626364792,0.34144121463291827,52.587004584321846,1,1,1,1,1,1,1,1,1,1,1,1,1,1
param_20029,real_003,0.7786310458072314,0.6410573719136061,0.18060012678110926,0.24750591781750078,0.3223453709292991,99.08479060323404,1,1,1,1,1,1,1,1,1,1,1,1,1,1
param_20029,real_004,0.8269138572095528,0.7347322215727367,0.24156973440478233,0.31035833301736554,0.36041441201972063,169.54855392713287,1,1,1,1,1,1,1,1,1,1,1,1,1,1
param_20029,real_005,0.8185301710500079,0.7253416048229875,0.26240662807940385,0.3350349389326852,0.23079385001568872,196.26028089722257,1,1,1,1,1,1,1,1,1,1,1,1,1,1
param_20030,real_001,0.7699779790234915,0.4264672298451465,0.11454931038689212,0.1427031905853671,0.19904339507783286,675.0394445464269,0,1,0,0,1,0,0,0,0,1,0,0,1,1
param_20030,real_002,0.8109577690969775,0.5159282489995802,0.22571754857238668,0.2429022104619301,0.37579926798077345,314.6403878612974,0,0,0,0,0,1,0,1,0,0,0,0,1,1
param_20030,real_003,0.7725634090761032,0.41766923833843383,0.07578435021596924,0.10210684792432728,0.10649087221095335,538.9011462752047,0,0,0,0,1,1,0,0,0,0,0,0,1,1
param_20030,real_004,0.7745249041735447,0.4651451349810056,0.12081996527923408,0.15871161584496116,0.1579260630910654,71.07976024704004,0,0,0,0,1,0,0,0,0,1,0,1,1,0
param_20030,real_005,0.8009266172788075,0.4298083915551473,0.1191339060392413,0.15529628210634108,0.12069545473657654,600.3017869382337,0,0,0,0,0,0,0,0,0,0,0,0,1,1
param_20031,real_001,0.7617323050129358,0.4516768803862305,0.11826055166767951,0.14859502534474278,0.4294564868213734,550.7437833599587,0,1,0,0,1,0,1,0,0,1,0,1,1,1
param_20031,real_002,0.8105437242719888,0.5448886761511179,0.23126539369500054,0.2395856572783263,0.6132592201890696,258.47162618758864,0,0,0,0,1,1,0,1,0,0,0,1,1,1
param_20031,real_003,0.7681565061899545,0.4346578607275317,0.08470172574100156,0.1122712593949413,0.3017702686106286,498.1636567787309,0,0,0,0,1,1,0,0,0,0,0,0,1,1
param_20031,real_005,0.7945266386855967,0.45705296351577607,0.1382639234763937,0.17249789071297378,0.06812548412083656,552.1814286679001,1,0,0,0,1,0,0,0,0,0,0,0,1,1
param_20032,real_001,0.7555735685459091,0.4627795987091073,0.1301854494750091,0.16168514438256068,0.4136262269217349,555.2636831649065,0,1,0,0,1,0,1,0,0,1,0,0,1,1
param_20032,real_002,0.8103938069558978,0.5710467860211916,0.2637435436021425,0.271751674505291,0.5303892875756725,299.20574280329026,0,0,0,0,1,1,0,1,0,0,0,0,1,1
param_20032,real_003,0.7685221859036431,0.45592791561998597,0.09647846799211368,0.12578221998216496,0.2669153455600456,530.2766827168971,0,0,0,0,1,1,0,0,0,0,0,0,1,1
param_20032,real_004,0.7663429781480757,0.5151600538468291,0.15156063925914715,0.18858207759838805,0.3282261220312453,46.09630321590396,0,0,0,1,1,0,1,1,0,1,0,1,1,1
param_20032,real_005,0.7882407938427085,0.4874773123167591,0.14380054108193613,0.18185833984127903,0.07551430485121041,561.3662826282346,1,0,0,0,1,0,0,0,0,0,0,0,1,1
param_20033,real_002,0.8170117207607543,0.6143602101767344,0.2381730864977959,0.25600588489410325,0.8618083132733322,145.32335738000785,1,1,0,1,1,1,0,1,0,1,0,1,1,1
param_20033,real_003,0.7603770668636092,0.5023647383247446,0.10921146710685944,0.14736954129575527,0.6904976264527746,143.04159298047327,1,1,0,0,1,1,0,0,0,1,0,0,1,1
param_20033,real_004,0.768368056803714,0.5639435563221826,0.17223112594997694,0.2108882827677216,0.6962453503757146,36.6851434028636,0,1,0,1,1,1,1,1,1,1,1,1,1,1
param_20033,real_005,0.7855847134864875,0.5419092335903308,0.16674697345516168,0.2081888900681913,0.4055621631939856,442.81707601629876,1,0,0,1,1,1,0,0,0,0,0,1,1,1
param_20034,real_001,0.7704920525968574,0.63076207700737,0.20675228986260877,0.25913575079200635,0.6755590666018474,103.64948764105338,1,1,1,1,1,1,1,1,1,1,1,1,1,1
param_20034,real_002,0.8268545927094623,0.7025341324299261,0.3375954247369981,0.36534657913259816,0.7619230277458126,165.46367036462723,1,1,0,1,1,1,1,1,0,1,0,1,1,1
param_20034,real_003,0.7690679889917695,0.5978156002604631,0.18091631856718768,0.22872560145806517,0.6633905244466561,32.02889381172958,1,1,1,0,1,1,0,1,1,0,0,1,1,1
param_20034,real_004,0.8055915611718091,0.6936435692839301,0.25991700774768056,0.31659419647569026,0.5743956743002544,155.3768737892657,1,1,1,1,1,1,1,1,1,1,1,1,1,1
param_20034,real_005,0.7862248493336557,0.6601781465782078,0.23570360844153626,0.2833955981681908,0.6158038807199439,389.50034094758746,1,1,1,1,1,1,0,1,0,0,0,1,1,1
param_20035,real_001,0.7774128120788518,0.6795607779593951,0.21804562858265605,0.28794691755885293,0.4744527028397909,125.2700396400586,1,1,1,1,1,1,1,1,1,1,1,1,1,1
param_20035,real_002,0.8513888020626986,0.764245381073374,0.320578976936476,0.37691582913839794,0.39916460266151715,26.638709842191247,1,1,1,1,1,1,1,1,1,1,1,1,1,1
param_20035,real_003,0.782451625496668,0.6554817873784872,0.1991841098912704,0.26350427410651156,0.373817118202152,199.674461763195,1,1,1,1,1,1,1,1,1,1,1,1,1,1
param_20035,real_004,0.822197338087962,0.7359296514866353,0.26075823419958,0.3299869749462421,0.4054556642751364,186.41297370840402,1,1,1,1,1,1,1,1,1,1,1,1,1,1
param_20035,real_005,0.8203371466222596,0.7361537359875631,0.27274966977528314,0.34139386102041186,0.2944132326069763,163.35113202285442,1,1,1,1,1,1,1,1,1,1,1,1,1,1
param_20036,real_001,0.826777955541328,0.37833701162225464,0.046484306324930155,0.07714605657344129,0.5824633739801737,695.9818689997883,0,0,0,1,0,1,0,1,0,1,0,1,1,1
param_20036,real_002,0.8261254772402193,0.41588776224694257,0.07269663455696629,0.09817829879611722,0.5835772539381074,364.60936417281584,0,1,0,1,0,1,0,1,0,1,0,0,1,0
param_20036,real_003,0.8513144825582113,0.3812106645389601,0.08821324145540874,0.11047023710558612,0.7159584471410021,434.51484106509974,0,1,0,0,0,1,0,0,0,0,0,0,1,1
param_20036,real_004,0.821027758410045,0.3474220985365308,0.05928698004140186,0.10319962671413649,0.48735519296444274,752.1204875915616,0,1,0,1,0,1,0,1,0,0,0,0,0,1
param_20036,real_005,0.8433060594676438,0.39349190915846727,0.10274490581787413,0.13488821815857308,0.5320511442999892,422.77323581133055,0,1,0,1,0,1,0,0,0,0,0,0,0,1
param_20037,real_001,0.8282334264124774,0.4066137348778146,0.05547883785254973,0.09197279693438125,0.7456836875967098,563.1117196001951,0,0,0,1,0,1,0,1,0,1,0,1,1,1
param_20037,real_002,0.8267114843719502,0.4492472958991974,0.08626398928993292,0.11259507462062981,0.851985188232874,391.7778699055599,0,1,0,1,0,1,0,1,0,1,0,0,1,0
param_20037,real_003,0.8512108127600093,0.41384856796138775,0.09521665726168232,0.11796155702314402,0.899187262258621,430.50772798712273,0,1,0,0,0,1,0,0,0,0,0,0,1,1
param_20037,real_004,0.8199026538327978,0.38079944809010113,0.08051986804621389,0.12388681693608752,0.7111875437657041,676.9296038095405,0,1,0,1,0,1,0,1,0,0,0,0,0,1
param_20037,real_005,0.8480315791277997,0.4372440749133844,0.12226469749474735,0.1519832186129851,0.8244833382774647,391.41286953639934,0,1,0,1,0,1,0,0,0,0,0,0,0,1
param_20038,real_001,0.8220461225656942,0.4296491580362018,0.0622278474318114,0.10604372914986746,0.6558963844971021,538.6663961968169,0,0,0,1,0,1,0,1,0,1,0,1,1,1
param_20038,real_002,0.8156437087500276,0.4559157598762687,0.08591937044315562,0.11609702955742134,0.7616559565992033,381.38639333671495,0,1,0,1,0,1,0,1,0,1,0,0,1,0
param_20038,real_003,0.8435404068578056,0.42762338359717306,0.09910111575112561,0.12388574148108442,0.8813678581480439,466.23236874223346,0,1,0,0,0,1,0,0,0,0,0,0,1,1
param_20038,real_004,0.8082563325597404,0.383039458288551,0.08328741500242699,0.12912654636859347,0.65874298944175,676.3401891514417,0,1,0,1,0,1,0,1,0,0,0,0,0,1
param_20038,real_005,0.8378272235199656,0.44574451845746516,0.12218628441623831,0.15607055695872735,0.7774162056622194,385.09671746694266,0,1,0,1,0,1,0,0,0,0,0,0,1,1
param_20039,real_001,0.8128393154616878,0.4700657768935421,0.09828074879322822,0.13423800049185225,0.9417653468942971,267.319347835842,1,1,1,1,1,1,1,1,0,1,0,1,1,1
param_20039,real_002,0.8282888244081019,0.5411395795724966,0.1287404288819499,0.15701964370251303,1.0644023647857646,342.05041373935757,1,1,1,1,1,1,1,1,0,1,0,1,1,0
param_20039,real_003,0.8402849018044605,0.5054817029153184,0.10468297582882245,0.1340344078571483,1.079113831802944,358.1483474598641,1,1,1,1,1,1,1,1,0,1,0,1,1,1
param_20039,real_004,0.8176043271827572,0.49485833860692713,0.14593362859099634,0.18171936081790785,0.9305774601015728,515.2950782612685,1,1,1,1,1,1,1,1,0,1,0,1,0,1
param_20040,real_001,0.8158503915550369,0.5939362937071513,0.16309700220863202,0.21226693513756692,0.6734641229438718,114.95461215633125,1,1,1,1,1,1,1,1,0,1,0,1,1,1
param_20040,real_002,0.8012046038015359,0.588590669779913,0.1644360702160199,0.2057360523990795,0.9705083723035148,314.2336902714541,1,1,1,1,1,1,1,1,0,1,0,1,1,1
param_20040,real_003,0.8312077598109582,0.5818756043143288,0.15600606759836247,0.20249568984245955,0.8431918872447507,365.4194760518627,1,1,1,1,1,1,1,1,0,1,0,1,1,1
param_20040,real_004,0.7940660819408998,0.5513275944515177,0.1840479431461163,0.22824043766264573,0.7346309572452732,422.34026131380966,1,1,1,1,1,1,1,1,0,1,0,1,1,1
param_20040,real_005,0.8430220736823896,0.624145715053327,0.21648048590128613,0.26294666234641767,0.7251927499791461,262.64587898994046,1,1,1,1,1,1,1,1,0,1,0,1,1,1
param_20041,real_001,0.7955479799469879,0.6456207880151424,0.19584360360386746,0.26440531908924697,0.350299786260664,225.06426057580953,1,1,1,1,1,1,1,1,1,1,1,1,1,1
param_20041,real_002,0.8420142514609441,0.72136279649176,0.2267911888822077,0.3015605567408885,0.3827553021720328,196.2804865927025,1,1,1,1,1,1,1,1,1,1,1,1,1,1
param_20041,real_003,0.8377506560850608,0.6889842940768388,0.18971511491763374,0.25848305879637107,0.4114401190721088,319.4376594693384,1,1,1,1,1,1,1,1,1,1,1,1,1,1
param_20041,real_004,0.8265978422060085,0.7031120610208221,0.24570440397225896,0.31462902356552236,0.30680058083252665,155.12133321089803,1,1,1,1,1,1,1,1,1,1,1,1,1,1
param_20041,real_005,0.8705345131145091,0.7512234072984693,0.277395693388501,0.34811809745596023,0.2975983313829755,190.70941947104654,1,1,1,1,1,1,1,1,1,1,1,1,1,1
param_20042,real_001,0.8082068374238162,0.4390430136950885,0.11353351501972259,0.13208859532755896,0.8272223132180546,276.1593857502103,0,0,0,0,0,0,0,0,0,1,0,0,1,1
param_20042,real_002,0.7720745292134897,0.3343302438451545,0.04027810580202971,0.06560340789182918,0.19374234738499213,1012.2149253672875,0,0,0,1,0,0,0,1,0,0,0,0,1,1
param_20042,real_003,0.8156482113244354,0.416317170029019,0.05051488610821856,0.09049040306060417,0.18120138654041257,330.8845834609572,0,0,0,0,0,0,0,1,0,0,0,0,1,1
param_20042,real_004,0.8031181536925499,0.3644307880214637,0.0467530967152011,0.085476582946996,0.04112714391498389,809.7942493160609,0,0,0,1,1,1,0,0,0,0,0,0,1,1
param_20042,real_005,0.8120274807028537,0.38370690698180965,0.06962797065220411,0.11176463689882436,0.31249351350229365,652.9836616626797,0,0,0,0,0,1,0,1,0,0,0,0,1,1
param_20043,real_001,0.8022797492869687,0.46563625594055025,0.11766430150255996,0.13624456631722986,1.190949776230731,91.88225770711998,0,1,0,0,0,1,0,1,0,1,0,0,1,1
param_20043,real_002,0.7681934710008016,0.36214655825959136,0.057143893210766225,0.08504971453652412,0.48341400070829893,948.309119104383,0,0,0,1,0,0,0,1,0,0,0,1,1,1
param_20043,real_003,0.7994064923973867,0.4341980396814551,0.06058375098865989,0.09836047814699989,0.5174944854339393,291.90614324063563,0,1,0,0,0,0,0,1,0,0,0,0,1,1
param_20043,real_004,0.8062432135928205,0.40317088829562325,0.07263857170968883,0.12440112319110284,0.1265927281863537,657.3750896943945,0,0,1,1,1,1,0,0,0,0,0,0,1,1
param_20043,real_005,0.8136859578014115,0.4196452144151593,0.09831202687402898,0.13437461040887477,0.5852356337018451,445.77654941526566,0,0,0,0,0,1,0,1,0,0,0,1,1,1
param_20044,real_001,0.7938309872667181,0.4749291464780954,0.12327288681381729,0.14397144423947947,1.1482942868886148,90.05404339604469,0,1,0,0,0,1,0,1,0,1,0,0,1,1
param_20044,real_002,0.7603853048836143,0.37550130202391335,0.06280292224783747,0.09064830561592135,0.4764463131667056,938.9548316309824,0,1,0,1,0,0,0,1,0,0,0,1,1,1
param_20044,real_003,0.7929261934097822,0.4495262600974224,0.06379980333454109,0.10263657312108691,0.3957112089146924,354.21708245412924,0,0,0,0,0,0,0,1,0,0,0,0,1,1
param_20044,real_004,0.7992461337239531,0.4192508023709345,0.08059488788537213,0.13541353066789288,0.1311127986860463,635.309257274434,0,0,1,1,1,1,0,0,0,0,0,0,1,1
param_20044,real_005,0.8075278446761129,0.42911258683870046,0.10136214408646368,0.14216066929925833,0.5840355674609818,513.1701304016851,0,0,0,0,0,1,0,1,0,0,0,1,1,1
param_20045,real_001,0.7971179487413071,0.5559943451237832,0.13387403236770004,0.16446309809047155,1.0772925589400792,122.9219572363059,1,1,0,1,1,1,0,1,1,1,0,1,1,1
param_20045,real_002,0.7619383708786438,0.44649326916197885,0.10088065319844272,0.13689378739206465,0.781332999596735,579.822302172665,1,0,1,1,1,0,1,1,0,0,0,1,1,1
param_20045,real_003,0.7770157518219328,0.49713763778922243,0.08681562503117768,0.1292531138570627,0.9081628620730534,262.1093241424649,1,1,1,1,1,1,1,1,1,1,0,1,1,1
param_20045,real_004,0.7884615827365624,0.47493847845431014,0.11172189928505173,0.16011682060227386,0.5383168418882704,340.3567463593194,1,0,1,1,1,1,1,1,0,1,0,1,1,1
param_20045,real_005,0.8172079559932306,0.5041774459765135,0.12817351792856208,0.16288738175488018,0.9009474229256755,195.46495197894762,1,1,1,1,1,1,1,1,0,1,0,1,1,1
param_20046,real_001,0.7950593900925043,0.626831665133688,0.1847337462928045,0.22517667067652597,0.992729402005514,223.27309570745467,1,1,1,1,1,1,1,1,0,1,0,1,1,1
param_20046,real_002,0.7600172882313759,0.542290531088106,0.14874057189438297,0.1948589214229984,0.8270107682127174,441.27800519711855,1,1,1,1,1,1,1,1,0,0,0,1,1,1
param_20046,real_003,0.7626351954654862,0.5681668173874973,0.13119479008368481,0.18220104878799287,0.8886360486069399,227.4487488104375,1,1,1,1,1,1,1,1,1,1,0,1,1,1
param_20046,real_004,0.7896065292741041,0.5812815802471053,0.17670336815702276,0.2296963883357597,0.6659242013834479,238.61384282139062,1,1,1,1,1,1,1,1,0,1,0,1,1,1
param_20046,real_005,0.8222571229486059,0.6054931200021907,0.19213488313104565,0.2390047943921747,0.7302133016972133,195.8525472753969,1,1,1,1,1,1,1,1,0,1,0,1,1,1
param_20047,real_001,0.8158770186370009,0.7044285249094991,0.2105709547722705,0.2762909806188178,0.45324177700216245,271.7373360032911,1,1,1,1,1,1,1,1,1,1,1,1,1,1
param_20047,real_002,0.7904271201003102,0.6592400364600149,0.21557090918977015,0.28618415571885836,0.3413108106427177,97.1857929768266,1,1,1,1,1,1,1,1,1,1,1,1,1,1
param_20047,real_003,0.791912425691526,0.6641786430087905,0.1937115553228979,0.2702241060134655,0.36807066348062817,223.50028554948778,1,1,1,1,1,1,1,1,1,1,1,1,1,1
param_20047,real_004,0.7897724686233873,0.6458187163101508,0.20738869278488725,0.2792963441189502,0.3730754347122747,76.8139248106044,1,1,1,1,1,1,1,1,1,1,1,1,1,1
param_20047,real_005,0.8455115008952017,0.7066243208185916,0.23929013126258622,0.31323781778565923,0.2880222599556288,30.006395761568022,1,1,1,1,1,1,1,1,1,1,1,1,1,1
param_20048,real_001,0.809907401552879,0.37061588070932594,0.07815195756631717,0.10498699322846056,0.17312092195576645,800.2939755254989,0,0,0,0,0,1,0,0,0,0,0,0,1,1
param_20048,real_002,0.8121944526415207,0.3773306573469631,0.13580088241575464,0.165205528684172,0.3038789875692676,117.72426620074097,0,0,0,0,0,1,0,1,0,0,0,0,1,1
param_20048,real_003,0.7788608865869631,0.3434739240704409,0.05275633532087838,0.09332549237589077,0.16384404953327625,418.76192582734245,0,0,0,1,0,0,0,1,0,0,0,1,1,1
param_20048,real_004,0.8405788188601232,0.46877954222486823,0.1693961411003331,0.21042106424749377,0.1284673829968979,378.902179269574,0,0,0,0,0,0,0,1,0,0,0,0,1,1
param_20048,real_005,0.781931070909691,0.39237651797990936,0.08065294054524448,0.10877290962760046,0.05522516746623041,934.2925285033515,0,0,0,1,0,0,0,0,0,0,0,0,1,1
param_20049,real_001,0.797099010168613,0.3951890310737711,0.09600314852860523,0.1257601986926748,0.0006359606860666795,708.4950633042042,0,1,0,0,0,1,1,0,0,0,0,0,1,1
param_20049,real_002,0.8006971840114986,0.40719849813443637,0.14796506359089093,0.1763417312245296,0.5748143221372354,96.39125658033339,0,0,0,0,0,1,0,1,0,0,0,0,1,1
param_20049,real_003,0.768653213420762,0.378329631610274,0.09221238563647553,0.12048662660412951,0.28957632817753864,373.2928414722061,0,0,0,1,0,1,0,1,0,0,0,1,1,1
param_20049,real_004,0.8399568666113908,0.4996514095903789,0.20204120103201398,0.23973975739514933,0.3446547453166125,255.33463719975376,1,0,0,0,1,0,0,1,0,0,0,1,1,1
param_20049,real_005,0.7672022597783591,0.41572102591154886,0.09828740837488416,0.12805464840266567,0.19319315325380043,805.8929671784399,0,0,0,1,1,0,0,0,0,0,0,0,1,1
param_20050,real_001,0.7922631674512435,0.4184892115483557,0.10434390562763748,0.13471407699985835,0.007717541763847015,711.4273256604689,0,1,0,0,0,1,1,0,0,0,0,0,1,1
param_20050,real_002,0.7963011306561047,0.430962860685149,0.15505984707508316,0.1863579211347232,0.5932285156678289,112.58232494135612,0,0,0,0,0,1,0,1,0,0,0,0,1,1
param_20050,real_003,0.7598117918537878,0.38413779053483454,0.08794366723231248,0.12410675392325345,0.22137738323797213,399.5812709249006,0,0,0,1,0,0,0,1,0,0,0,1,1,1
param_20050,real_004,0.8345229422114852,0.5144147192409665,0.21987752008770842,0.2606526285831238,0.38863431562398143,203.9420973576681,1,1,0,0,1,0,0,1,0,0,0,1,1,1
param_20050,real_005,0.753141207817073,0.42422903047444277,0.09676101741092387,0.1271963732417965,0.17778303374329865,818.395220396148,0,0,0,1,1,0,0,0,0,0,0,0,1,1
param_20051,real_001,0.7842712264996138,0.46987190672880064,0.13176049219920616,0.1777301111768217,0.39737398339842384,547.3544930878654,1,1,0,0,1,1,1,1,0,1,0,1,1,1
param_20051,real_002,0.7813450990326918,0.4920616063660762,0.15854797319676933,0.19134333473479573,0.8725471903473583,91.70351726856212,1,0,1,1,1,1,0,1,0,1,0,1,1,1
param_20051,real_003,0.7661015125539657,0.4695189544994912,0.13712768049701754,0.16960494959227662,0.8406034765496885,330.5067353779526,1,1,1,1,1,1,0,1,0,1,0,1,1,1
param_20051,real_004,0.8437978906714619,0.5848719796427939,0.25928352107426106,0.3085679129468153,0.4694272445820433,139.49995587897806,1,1,1,1,1,1,1,1,0,1,0,1,1,1
param_20051,real_005,0.7499818591301108,0.48493025082350477,0.12562922301274088,0.15854519017335314,0.7998848175077389,433.2648715249615,0,0,1,1,1,1,1,1,0,1,0,1,1,1
param_20052,real_001,0.8024089287143404,0.6179127630971105,0.22867588491809798,0.27872182096299924,0.49938071646341464,407.77342388834376,1,1,1,1,1,1,1,1,0,1,0,1,1,1
param_20052,real_002,0.7932686104515312,0.6024494703425247,0.21917996608600748,0.27153494727942595,0.7888531618435155,134.7712138392694,1,1,1,1,1,1,1,1,0,1,0,1,1,1
param_20052,real_003,0.7753756136182095,0.5813295404113251,0.1909608458060545,0.2321413364157668,0.7725569535393197,241.47903385156275,1,1,1,1,1,1,1,1,0,1,0,1,1,1
param_20052,real_004,0.833859374406475,0.6819377062795757,0.31251965356038364,0.36292952872343515,0.48903059201957166,90.21129522602837,1,1,1,1,1,1,1,1,1,1,0,1,1,1
param_20052,real_005,0.7302903379761466,0.5557558804123324,0.14671044778808442,0.19130918873429903,1.028128608764359,350.86507280014445,0,1,1,1,1,1,1,1,0,1,0,1,1,1
param_20053,real_001,0.816474105090489,0.6863083826938108,0.2591060935382255,0.32862782548709574,0.28762761405837417,196.0353111070211,1,1,1,1,1,1,1,1,1,1,1,1,1,1
param_20053,real_002,0.804987399924063,0.663674607286978,0.24845391037629436,0.31408596179100895,0.4410055669181487,133.8104396533419,1,1,1,1,1,1,1,1,1,1,1,1,1,1
param_20053,real_003,0.8208540030582522,0.6957388469628664,0.24063204566005542,0.31793174880220626,0.2934656129548375,19.838631961577704,1,1,1,1,1,1,1,1,1,1,1,1,1,1
param_20053,real_004,0.8903386174310493,0.7988628010566015,0.3764343219603088,0.44693436524323893,0.24399176012817578,44.86622842360889,1,1,1,1,1,1,1,1,1,1,1,1,1,1
param_20053,real_005,0.7817121457296916,0.6631026633298903,0.21655611839172692,0.28732547378667384,0.4804815688548572,76.65367648872451,1,1,1,1,1,1,1,1,1,1,1,1,1,1
param_20054,real_001,0.8652633529646845,0.47685385213821396,0.131255367053952,0.14910345861590105,0.6914983453155312,377.4044828656155,0,1,0,0,0,1,0,0,0,0,0,0,0,1
param_20054,real_002,0.8408274891019245,0.4732827239870138,0.11128649007120865,0.13208555920520637,0.650005698005698,205.69176803987614,0,1,0,0,0,1,0,0,0,0,0,0,1,1
param_20054,real_003,0.8392107887226349,0.41389786739689344,0.06901903876956997,0.08810819779568937,0.5595437398156209,473.30713429400987,0,0,0,0,0,1,0,0,0,0,0,0,1,1
param_20054,real_004,0.8267404396491363,0.39926978330363494,0.09774551861998546,0.11396712671991761,0.6527494680255348,186.66478991831215,0,0,0,1,0,1,0,0,0,1,0,0,0,0
param_20054,real_005,0.7948315961690539,0.32530767438586244,0.013223478895769962,0.03895733087741794,0.39028166769132683,553.5164628629905,0,1,0,0,0,1,0,0,0,0,0,0,0,1
param_20055,real_001,0.8599078911874782,0.49080400283884573,0.12474876629210309,0.14391126666985693,0.8516055240193171,379.79306624454523,0,1,0,0,0,1,0,0,0,0,0,0,0,1
param_20055,real_002,0.8374715818990301,0.49263602312566973,0.11707199937126969,0.13804302873882981,0.8151889581250931,145.03092620413747,0,1,0,0,0,1,0,0,0,0,0,0,1,1
param_20055,real_003,0.8327189061328373,0.41757862798129886,0.0687101666902017,0.0898506607917638,0.6969961905951414,522.7214230511693,1,0,0,0,1,1,0,0,0,0,0,0,1,1
param_20055,real_004,0.8279470961408124,0.43615631897392704,0.11138113349747503,0.13409501242050642,0.8990856192851205,195.72815415933906,0,0,0,1,0,1,0,1,0,1,0,1,0,1
param_20055,real_005,0.7912981182702472,0.3401259446026036,0.02005150540162003,0.05354176773382795,0.5407910608850232,582.6983482473527,0,1,0,0,0,1,0,0,0,0,0,1,0,1
param_20056,real_001,0.8547115536141544,0.5208685958215437,0.14862100105575185,0.1655193309553079,0.6909946786737617,378.5064130038446,0,1,0,0,0,1,0,0,0,0,0,0,0,1
param_20056,real_002,0.8304727912839825,0.5121243882092991,0.13155309529441395,0.15380615950265875,0.7428224245170326,200.04960884243354,0,1,0,0,0,1,0,0,0,0,0,0,1,1
param_20056,real_003,0.8283183860453104,0.4369551688870448,0.0825193478647326,0.1055185481506363,0.5851241330787014,415.4369696636793,1,0,0,0,1,1,0,0,0,0,0,0,1,1
param_20056,real_004,0.8168503246599434,0.4497742986804451,0.11679793507234358,0.1440088707985013,0.815012758433626,217.93212070138827,0,0,0,1,0,1,0,1,0,1,0,0,1,1
param_20056,real_005,0.7799972763532844,0.3513976922244851,0.020468195054256323,0.05787903437152955,0.41737279462933397,607.2885608393324,0,1,0,0,0,1,0,0,0,0,0,1,1,1
param_20057,real_001,0.8310766361706456,0.5503333350633336,0.11873941423870107,0.1488364968102987,1.0228326053157621,271.2361604225215,1,1,1,1,1,1,1,1,0,1,0,0,0,1
param_20057,real_002,0.8145682590453522,0.5538160624930724,0.1308701399893167,0.15583666090739817,1.1450641333013665,143.550435289498,1,1,1,1,1,1,1,1,0,1,0,1,0,1
param_20057,real_003,0.7859599249537453,0.446821810660488,0.06755339644949125,0.09720352491605683,0.7977734099976531,423.0003778512116,1,1,1,0,1,1,1,0,0,1,0,1,0,1
param_20057,real_004,0.8181772681273999,0.5432292603212324,0.13854672366777526,0.17114313990624072,0.9296420308390935,96.06470693508264,1,1,1,1,1,1,1,1,0,1,0,1,1,1
param_20057,real_005,0.776168975525631,0.43893985154751725,0.0652552532019352,0.10414291283004058,1.0339641094794245,643.3214034022255,1,1,1,1,1,1,1,1,0,1,0,1,0,1
param_20058,real_001,0.8273179592044952,0.6476343358886824,0.19849403326240286,0.23515803038840632,0.7440049291435613,245.38668962256736,1,1,1,1,1,1,1,1,0,1,0,0,1,1
param_20058,real_002,0.8119552088312146,0.6492056377515766,0.19838082199759213,0.2281879793345372,0.8957471980866843,161.11432488532952,1,1,1,1,1,1,1,1,0,1,0,1,1,1
param_20058,real_003,0.8011175304983582,0.5741018460604321,0.14528509842311052,0.19069146799598005,0.6516906488103298,182.6151359202731,1,1,1,0,1,1,1,1,0,0,0,1,1,1
param_20058,real_004,0.819586397210103,0.6275215107916486,0.21460743075566913,0.25828450672172454,0.7128771395872373,119.76336797086377,1,1,1,1,1,1,1,1,0,1,0,1,1,1
param_20058,real_005,0.7582392210929454,0.5066926278454092,0.11355397510605217,0.1609281917563419,0.8387244372704279,604.807896356042,1,1,1,1,1,1,1,1,0,1,0,1,1,1
param_20059,real_001,0.8192311787512342,0.7116737567657953,0.19947112086006574,0.27028694284394206,0.35007239660008604,107.7015723324459,1,1,1,1,1,1,1,1,1,1,1,1,1,1
param_20059,real_002,0.8006988038304484,0.705973783650036,0.19478691294829031,0.2625018198644699,0.4300495021901157,30.081363649689248,1,1,1,1,1,1,1,1,1,1,1,1,1,1
param_20059,real_003,0.7533861409804904,0.6088998262107832,0.14812438281213888,0.21674421649942896,0.33783511511902653,116.6545668886534,1,1,1,1,1,1,1,1,1,1,1,1,1,1
param_20059,real_004,0.8120684120486787,0.7156289281995408,0.23209984478840714,0.30151735493253207,0.33409056118543917,15.03209493938055,1,1,1,1,1,1,1,1,1,1,1,1,1,1
param_20060,real_001,0.8263376050035199,0.4636823714781609,0.10862012192285872,0.13307880737438343,0.8679948712890818,520.0022325866419,0,1,0,0,1,1,0,1,0,0,0,0,0,1
param_20060,real_002,0.8184004389570398,0.5503278174127364,0.1319230170672992,0.1490285200534868,0.7481993034668355,168.56735823496132,1,1,1,0,0,1,0,0,0,1,0,1,1,1
param_20060,real_003,0.8055957872886786,0.4494050928613331,0.057108718247491516,0.08491909101657871,0.6869297466800158,794.2460605172639,1,0,0,0,1,1,0,0,0,1,0,0,0,1
param_20060,real_004,0.8036816784209105,0.4496641662729208,0.09054130758404146,0.11981874542173887,0.7665804371461777,112.46359964542162,0,0,0,1,1,0,0,0,0,1,0,1,0,1
param_20060,real_005,0.7968534074489848,0.4080969069819196,0.047895318643288186,0.07958055514601525,0.5824148910115111,705.4932966956106,1,1,0,0,0,1,0,0,0,0,0,0,0,1
param_20061,real_001,0.8236586615138525,0.482797163689496,0.11407856847536524,0.13803332564976065,0.9768979295314203,455.20182172745564,0,1,0,0,1,1,1,1,0,1,0,0,0,1
param_20061,real_002,0.8181831041258788,0.5618406214679379,0.13243520140636464,0.15044818741037155,0.8015262974445525,112.20099651849671,1,1,1,0,0,1,1,0,0,1,0,1,1,1
param_20061,real_003,0.7995435204393155,0.45625807382505557,0.06367740091864464,0.09280118042871642,0.7475236201769974,722.4774737543463,1,0,0,0,1,1,0,0,0,1,0,0,0,1
param_20061,real_004,0.8010887751817198,0.46385212754315935,0.10465043218685066,0.13421678164396134,0.8322469023610213,81.9852526159257,0,0,0,1,1,1,0,1,0,1,0,1,0,1
param_20061,real_005,0.7951297913410192,0.42699867453132717,0.055577615470402915,0.08971888228826147,0.6978104661224183,687.2691466617691,1,1,0,0,1,1,0,0,0,0,0,1,0,1
param_20062,real_001,0.8174375209968803,0.5065685994900697,0.12884512514324933,0.1537215244465121,0.8790047476701248,480.98564480590704,0,1,0,0,1,1,1,1,0,1,0,0,0,1
param_20062,real_002,0.8135556706617874,0.5742958271105835,0.1469634410198284,0.16473659075896818,0.7574452944315958,151.17070396583836,1,1,1,0,0,1,1,0,0,1,0,1,1,1
param_20062,real_003,0.7975205053806753,0.4724680911961718,0.07402978070597568,0.10618545170679966,0.680641583482638,714.2436215522062,1,1,0,0,1,1,0,0,0,1,0,0,0,1
param_20062,real_004,0.7934490235092174,0.47925872407059494,0.11559109037065873,0.1478100888953689,0.8047629669028705,84.3464313437369,0,0,0,1,1,1,0,1,0,1,0,1,0,1
param_20062,real_005,0.7832319401885486,0.44245326824154063,0.05958320931974868,0.09531884890680174,0.6768845331957851,683.5548953427916,1,1,0,0,1,1,0,0,0,0,0,1,0,1
param_20063,real_001,0.8119796506127851,0.5434865579546515,0.12617839558841035,0.16126518926333713,0.942925957999567,264.9166339507735,1,1,1,1,1,1,1,1,0,1,0,0,0,1
param_20063,real_002,0.8094464704785633,0.6029964427326656,0.13549841930510906,0.16351145430799435,0.9264499037266657,36.01030429115572,1,1,1,1,1,1,1,1,0,1,0,1,1,1
param_20063,real_003,0.780839361716565,0.4923096422418456,0.07402512264481297,0.10780078234795429,0.6852493118713294,392.8299363831465,1,1,1,0,1,1,0,0,0,1,0,1,0,1
param_20063,real_004,0.7956001998347619,0.5404527102445297,0.1316168137250732,0.1669083648856921,0.8154595378717231,10.280769574584665,1,1,1,1,1,1,1,1,1,1,0,1,0,1
param_20063,real_005,0.7821698241597104,0.49124779101179705,0.07957978091463845,0.11527184350964056,0.9461713949810354,593.0612247380996,1,1,1,1,1,1,0,1,0,0,0,1,0,1
param_20064,real_001,0.8001768661987001,0.6463985429482928,0.19574650809714916,0.23612489104964687,0.65046121276274,238.39586927376763,1,1,1,1,1,1,1,1,1,1,1,0,1,1
param_20064,real_002,0.8032241838992654,0.6750003102768339,0.19653351042539796,0.23316100250942778,0.8140236769453932,105.3725855998554,1,1,1,1,1,1,1,1,0,1,0,1,1,1
param_20064,real_003,0.7799476031535539,0.5928370621835072,0.1414838932389359,0.1911865668568816,0.5581711812103549,291.1628061557276,1,1,1,0,1,1,0,1,1,1,0,1,1,1
param_20064,real_004,0.8034292147583187,0.6385294705180811,0.21371879699342958,0.2632349582561059,0.6076526631575477,51.9834240507086,1,1,1,1,1,1,1,1,1,1,1,1,1,1
param_20064,real_005,0.7615951342320461,0.583390960756474,0.1304477543881465,0.17818155299135455,0.8206767540432384,518.7329083378721,1,1,1,1,1,1,1,1,0,0,0,1,1,1
param_20065,real_002,0.8050261287130975,0.7186146739456902,0.19853120246928038,0.2657627354299121,0.46220488497996937,78.76849365529306,1,1,1,1,1,1,1,1,1,1,1,1,1,1
param_20065,real_003,0.7712909089210119,0.6309911057589724,0.14617775842022435,0.21232983473794362,0.3550956537354018,100.73088989333841,1,1,1,1,1,1,1,1,1,1,0,1,1,1
param_20065,real_004,0.8127708691246676,0.7176077996604423,0.23083609297032506,0.2989464012180683,0.33991623670699245,52.48523109498664,1,1,1,1,1,1,1,1,1,1,1,1,1,1
param_20065,real_005,0.7757694359441986,0.6416146075606513,0.155069276720924,0.22394118679978678,0.5105072439589187,278.2443767429432,1,1,1,1,1,1,1,1,1,1,0,1,1,1
param_20066,real_001,0.7381368277684197,0.4343445641232613,0.038509318707799015,0.06966405596862804,0.09325502202505545,650.8613795086637,1,0,1,0,1,1,1,0,0,0,0,1,1,1
param_20066,real_002,0.752362232617662,0.45360519067173444,0.05181351176728757,0.07947984237863986,0.6220414673046252,72.68233485732031,0,1,1,0,0,1,1,1,0,1,1,1,1,1
param_20066,real_003,0.7904853729835425,0.44643314377832083,0.0570434788272879,0.09274460802722242,0.3473920519679022,348.04667766482487,1,1,1,1,0,1,1,1,0,1,1,1,0,0
param_20066,real_004,0.74384033512816,0.4092565634838262,0.029291696966747823,0.05124940341557314,0.6257060785409959,719.0219022183163,1,1,0,1,1,1,0,0,0,0,0,1,1,1
param_20066,real_005,0.8265982738706151,0.5778669697642197,0.21421409293191712,0.23563660169210818,0.5125614884471549,280.36911576771524,1,1,0,0,1,1,0,1,0,0,0,1,0,0
param_20067,real_001,0.7347301357619495,0.44222623150930196,0.04480273930974404,0.08164388157653907,0.19623617501643278,601.4614184614426,1,1,1,0,1,1,1,0,1,0,0,1,1,1
param_20067,real_002,0.7567767515377544,0.46701914973278513,0.060023480082138786,0.09273373327490723,0.6206916894034363,25.66833338757415,1,1,1,0,1,1,1,1,0,1,1,1,1,1
param_20067,real_003,0.7872237367413879,0.456821226855761,0.06915881516998698,0.10741986902116102,0.5181007464381425,332.33773502196857,1,1,1,1,0,1,1,1,0,1,1,1,0,0
param_20067,real_004,0.7410515278732608,0.4237856478019692,0.03438982099940742,0.06076177795003373,0.7257002665160527,632.4878054381688,1,1,0,1,1,1,0,1,0,0,0,1,1,1
param_20067,real_005,0.8278918337837553,0.5911468107040619,0.21159338239589254,0.23516262082603198,0.54688435762156,257.9986944720071,1,1,0,1,1,1,0,1,1,1,0,1,0,0
param_20068,real_001,0.7210036730682096,0.4506159347002153,0.04515560657114175,0.08716232294025522,0.18971328641742,570.1230700079693,1,1,1,0,1,1,1,0,1,0,0,1,1,1
param_20068,real_002,0.7462736364693593,0.4831647088741141,0.06444577629732111,0.10108433263774533,0.6105243358990682,52.3444917224253,1,1,1,1,1,1,1,1,0,1,1,1,1,1
param_20068,real_003,0.7704650654295907,0.4593776861033344,0.06821649245021608,0.10916074302268164,0.5316223376700265,338.1735656307285,1,1,1,1,0,1,1,1,0,1,1,1,0,0
param_20068,real_004,0.7335485100765936,0.4301401930219539,0.03863473420986494,0.06772184741244518,0.7564997488438155,601.7363774479563,1,1,0,1,1,1,0,1,0,0,0,1,1,1
param_20068,real_005,0.8235309880395312,0.609638746077774,0.22735469431489908,0.25050196912014794,0.5434500465536213,262.5769542945931,1,1,0,0,1,1,0,1,1,1,0,1,0,0
param_20069,real_001,0.7245282651371205,0.4775793012693961,0.07464570508007805,0.10901877419153556,0.5199542621407112,436.8134773259084,1,1,1,0,1,1,1,1,1,1,0,1,1,1
param_20069,real_002,0.7577608069475944,0.5164163397065121,0.08981852576595362,0.13570281253050637,0.6392687926341611,142.6697741990923,1,1,1,1,1,1,1,1,0,1,1,1,1,1
param_20069,real_003,0.7817164839594402,0.5021522857704662,0.10599717079788526,0.14487437072997653,0.9070172447388932,285.31159213386826,1,1,1,1,1,1,1,1,0,1,1,1,0,0
param_20069,real_004,0.7298035354647823,0.4649709939515073,0.05596262545089621,0.09393160127609444,0.9111483333120229,401.7163233822516,1,1,1,1,1,1,1,1,0,0,0,1,1,1
param_20069,real_005,0.8316062770502984,0.6338740121475537,0.20197979211250355,0.23472880039166819,0.5772623360938578,121.28099071520413,1,1,1,1,1,1,1,1,1,1,1,1,0,0
param_20070,real_001,0.7163063575124116,0.5704122115434692,0.11960756332833189,0.17860408200247388,0.6238233440895118,244.67155900208928,1,1,1,1,1,1,1,1,1,1,0,1,1,1
param_20070,real_002,0.7518628868020341,0.6031739485236892,0.149005707215248,0.21406925377852873,0.6710571298336245,151.67778135513103,1,1,1,1,1,1,1,1,0,1,1,1,1,1
param_20070,real_003,0.7556064770016263,0.5709131970790586,0.14526708341097538,0.19780722285675453,0.812871137905049,175.1604996273988,1,1,1,1,1,1,1,1,0,1,1,1,1,1
param_20070,real_004,0.7250617892879819,0.5459108333931646,0.11040677847389137,0.1620824176279737,0.9704678902069744,272.3098215501594,1,1,1,1,1,1,1,1,0,1,0,1,1,1
param_20070,real_005,0.8293733281098469,0.7103977452506862,0.2593252455649823,0.30986686197745233,0.47541642519302313,79.01548301819321,1,1,1,1,1,1,1,1,1,1,1,1,1,1
param_20071,real_001,0.7304475293748773,0.6007217505867074,0.1574439786452769,0.23001270335096766,0.3564444229968814,62.39939602022625,1,1,1,1,1,1,1,1,1,1,1,1,1,1
param_20071,real_002,0.7714956530669775,0.633926636462725,0.18561072129347025,0.25753681210379087,0.4421571119867802,171.0877348459886,1,1,1,1,1,1,1,1,1,1,1,1,1,1
param_20071,real_004,0.7433923176142282,0.6053607781453161,0.15106678761861173,0.22251134153136165,0.5031976648847201,123.66920952184655,1,1,1,1,1,1,1,1,1,1,1,1,1,1
param_20071,real_005,0.839806055422773,0.7428019397924308,0.24008925592422478,0.3011730941851593,0.3613347865110912,165.6709053907771,1,1,1,1,1,1,1,1,1,1,1,1,1,1
param_20072,real_001,0.8441950422823353,0.40121491738305637,0.08661062503404804,0.10198680304379255,0.6922320550639135,761.6780181973712,0,1,0,1,0,1,0,0,0,0,0,0,0,1
param_20072,real_002,0.8540092476959253,0.4884379460227354,0.14650386873129034,0.1695361928914463,0.6366902332865072,391.90703699440974,0,0,0,0,0,0,0,0,0,0,0,0,1,1
param_20072,real_003,0.818159013303219,0.3383684931739076,0.036508426957640255,0.050961265227597696,0.21355095927223067,537.296160839354,0,0,0,0,1,0,0,1,0,0,0,0,1,1
param_20072,real_004,0.827223230154513,0.3971381608117607,0.13398577778147044,0.1435898619695279,0.3919220436227858,265.9719888316436,0,0,0,0,0,0,0,0,0,1,0,0,1,0
param_20072,real_005,0.8099163910473969,0.306813938994999,0.027408515081196128,0.058202420648332594,0.10266505837638544,987.7221993507726,0,1,0,1,0,0,0,0,0,0,0,0,1,1
param_20073,real_001,0.8417788541949868,0.4243783023035001,0.08750842216354719,0.10578499789438991,0.850610334577193,711.5237722487201,0,1,0,1,0,1,0,0,0,0,0,0,0,1
param_20073,real_002,0.8501879049934129,0.504843646778465,0.14465047710766044,0.16848200274987007,0.7929388703044766,377.70103410096783,0,0,0,0,0,0,0,0,0,0,0,0,1,1
param_20073,real_003,0.8091913300706538,0.34798934344463484,0.03515457602620554,0.05154560116058365,0.3784431382989617,504.22759758744525,1,0,0,0,1,0,0,1,0,0,0,0,1,1
param_20073,real_004,0.8279463323320043,0.4330844690098556,0.1346294921361869,0.14977701477781616,0.5378412431751365,231.2798369301388,0,0,0,1,0,0,0,0,0,1,0,1,1,0
param_20073,real_005,0.8047284852555511,0.33104230954246444,0.04272086784949573,0.07857432862718729,0.18356324967030208,956.4021347878368,0,1,0,1,0,0,0,0,0,0,0,0,1,1
param_20074,real_001,0.8341919631589241,0.44720337284775785,0.09781059016952888,0.11741625202488434,0.7179544667060718,709.7400554697957,0,1,0,1,0,1,0,0,0,0,0,0,0,1
param_20074,real_002,0.8459539799868097,0.5337259584240731,0.16355748213397298,0.18716090506321592,0.6838795100959947,354.28352167388744,0,0,0,0,0,0,0,0,0,0,0,0,1,1
param_20074,real_003,0.8044831731414998,0.3688019965370078,0.04164854138946823,0.060404513002799004,0.34977551868040585,510.30855128171834,1,0,0,0,1,0,0,1,0,0,0,0,1,1
param_20074,real_004,0.8171596056508108,0.4502646349218,0.144934259847492,0.1607069643707909,0.4519215111545351,182.97386577592803,0,0,0,1,0,0,0,0,0,1,0,0,1,0
param_20074,real_005,0.7977186375598204,0.3523753592676897,0.043901269931186794,0.08408789877382353,0.143965780629392,973.4991521163396,0,1,0,1,0,0,0,0,0,0,0,0,1,1
param_20075,real_001,0.82331657396173,0.5164653251738506,0.10143112530224829,0.13418800285954752,1.0991210512575058,417.3015345911798,1,1,1,1,1,1,1,1,0,1,0,0,0,1
param_20075,real_002,0.8181062696485298,0.5539381436125055,0.14395272208218712,0.17444235324167473,0.9239037100642525,405.4516210279036,1,1,1,1,1,1,1,0,0,1,0,1,1,1
param_20075,real_003,0.7586102864208537,0.40652888521814395,0.04131244364095479,0.06559753621142245,0.5691410893570702,313.4854648801298,1,0,1,0,1,1,1,1,0,0,0,1,0,1
param_20075,real_004,0.816427106057289,0.5400301216100982,0.1429531146411185,0.17952628049885047,0.7643522737293865,158.17954671300825,1,1,1,1,1,1,1,1,0,1,0,1,1,1
param_20075,real_005,0.7900163221409429,0.44654494426345315,0.10433352955971227,0.15071693989836732,0.5281622284512965,741.900194416078,1,1,1,1,1,1,1,0,0,0,0,1,0,1
param_20076,real_001,0.807140445170726,0.5926791720849035,0.1548472299042844,0.19650999319269147,0.8455369893444323,394.5351393049834,1,1,1,1,1,1,1,1,0,1,0,0,1,1
param_20076,real_002,0.8266949067626029,0.6744625473262612,0.22418603401610496,0.25432837835377614,0.7468008960065913,253.70236394287372,1,1,1,1,1,1,1,1,0,1,0,1,1,1
param_20076,real_003,0.7686277290893918,0.5161191156124993,0.09307969010572384,0.14091669786100536,0.4386544489992766,221.8975739064311,1,0,1,0,1,1,1,1,0,0,0,1,1,1
param_20076,real_004,0.8170629373021927,0.640772307077177,0.22655984782153346,0.2730213935664006,0.6586336671557058,114.7941437734049,1,1,1,1,1,1,1,1,0,1,0,1,1,1
param_20076,real_005,0.778711572560385,0.5376807073540492,0.15458507549873535,0.2089871675608007,0.5490490876381393,717.7010788200927,1,1,1,1,1,0,1,1,0,0,0,1,1,1
param_20077,real_001,0.8199957706190808,0.7023382445075981,0.18587829931952626,0.2592168335843141,0.3652311453016033,131.87068940539564,1,1,1,1,1,1,1,1,1,1,1,1,1,1
param_20077,real_002,0.7909286693296899,0.7093088153215332,0.20322786156915373,0.26858894219252333,0.39597646843661416,175.1017371881046,1,1,1,1,1,1,1,1,1,1,1,1,1,1
param_20077,real_003,0.7199144787104381,0.5786164434712845,0.11816436145522195,0.19329039892816205,0.26652040952001066,112.47127840568089,1,1,1,1,1,1,1,1,1,1,1,1,1,1
param_20077,real_004,0.8094955432598933,0.7239016886317414,0.24129575182786456,0.31132847221440524,0.29798602799286744,100.025419692979,1,1,1,1,1,1,1,1,1,1,1,1,1,1
param_20077,real_005,0.8058827124527788,0.6951033587463104,0.24725679177270127,0.32142085845835405,0.2435467217346412,307.27891122811536,1,1,1,1,1,1,1,1,1,1,1,1,1,1
param_20078,real_001,0.8160223149501834,0.4366766672831989,0.09782454495975164,0.11790768201678742,0.20618375335356467,161.56468625960616,0,0,0,0,0,0,0,0,0,0,0,0,1,1
param_20078,real_002,0.767668595001277,0.384524651452182,0.023074335997332794,0.0470688266543059,0.408258462287302,406.6252874800739,0,1,0,0,0,1,1,1,0,1,0,1,1,1
param_20078,real_003,0.8115419296391637,0.3909518358680387,0.04642463062606945,0.07852226564221138,0.05682054776370829,316.82779841394375,0,0,1,0,0,0,0,0,0,1,0,0,1,1
param_20078,real_004,0.8052224430103113,0.38742400070454475,0.08300912809536137,0.11941018371221641,0.47066407489685813,293.96060193772666,0,0,0,1,0,1,0,1,0,0,0,0,1,1
param_20078,real_005,0.7934208624917872,0.3790109528528495,0.030537629756526456,0.05343467544119474,0.18333453159824575,988.853083155178,1,0,0,0,1,0,0,0,0,0,0,0,0,1
param_20079,real_001,0.8151790078467472,0.46233603289926506,0.11999061175279008,0.13623250821272484,0.548031211762582,170.85452878118392,1,0,0,1,0,0,0,1,0,0,0,0,1,1
param_20079,real_002,0.7637938309614833,0.4090631995695446,0.038065565266464846,0.07029713488292157,0.709077153099274,95.49415142401793,0,1,0,0,0,1,1,1,0,1,0,1,1,1
param_20079,real_003,0.7992500858247753,0.4121766513770874,0.06294229365391436,0.10796900648947845,0.2642669302021742,377.1652399114337,1,0,1,0,0,0,1,0,0,1,0,0,1,1
param_20079,real_004,0.8037395438097846,0.4200049844859457,0.10789020816753421,0.1392647139740078,0.7955379786120914,308.55043091616557,0,0,0,1,0,1,0,1,0,0,0,1,1,1
param_20079,real_005,0.7826890676066453,0.4032184441707377,0.03369624794966755,0.06219581257333387,0.0017401103727150693,823.1402487800788,1,0,0,0,1,0,0,0,0,0,0,0,0,1
param_20080,real_001,0.8065339890766073,0.48253613493318787,0.12245474451526547,0.14398772511020186,0.5038312289479386,161.4531766757986,1,0,0,0,0,0,0,1,0,0,0,0,1,1
param_20080,real_002,0.7611758770434363,0.431872149117408,0.04666632012334213,0.08352491831040387,0.613879634224144,139.45916385992473,0,1,1,0,0,1,1,1,0,1,0,1,1,1
param_20080,real_003,0.794719793099565,0.42458448571646135,0.07308992771235875,0.12194791244245544,0.28259539207092177,334.01889474228585,1,0,1,0,0,0,1,0,0,1,0,0,1,1
param_20080,real_004,0.7956238356020106,0.4345270726982187,0.1118003127782957,0.14743900537767973,0.7647635040582144,283.82232749709675,0,0,0,1,0,1,0,1,0,0,0,0,1,1
param_20080,real_005,0.7761958124361492,0.41650658570315163,0.03933110656446219,0.06904220725208177,0.005521183481918124,834.4480011039069,1,0,0,0,1,1,0,0,0,0,0,0,0,1
param_20081,real_001,0.7992191567748528,0.5113303782557775,0.13101958432121458,0.15622025565044362,0.9342847376516835,81.64140167439128,1,1,0,1,1,1,1,1,0,1,0,0,1,1
param_20081,real_002,0.7648572197191005,0.48475868753028484,0.09295945956298449,0.13575234189479451,0.8898448846092825,231.55142558368476,1,1,1,0,1,1,1,1,0,1,1,1,1,1
param_20081,real_003,0.7706313441795318,0.4702295933047258,0.11572342734091562,0.15575076705980448,0.5447418577610491,342.74163690209673,1,1,1,0,1,1,1,1,0,1,0,1,1,1
param_20081,real_004,0.809627943028852,0.5336376223726085,0.1513287273096556,0.18216090114092637,0.9950089991192351,264.9963347691675,1,1,1,1,1,1,1,1,0,1,0,1,1,1
param_20081,real_005,0.759605234603584,0.4831091532699255,0.049599290152026826,0.08910289729138882,0.26393787182501516,373.999542314912,1,0,1,0,1,1,1,1,0,0,0,1,0,1
param_20082,real_001,0.7755141541152384,0.5843571403216119,0.1720862502376289,0.20736752653138144,1.0248142418786297,46.32580469900981,1,1,0,1,1,1,1,1,0,1,0,1,1,1
param_20082,real_002,0.7867592168742386,0.614488844651581,0.1774184102063554,0.2274782648683288,0.6532016471360369,268.49376382866546,1,1,1,1,1,1,1,1,0,1,1,1,1,1
param_20082,real_003,0.782233494042067,0.5818264005390127,0.17116182403387928,0.2252497037841859,0.5126789517744175,319.97649505284636,1,1,1,0,1,1,1,1,0,1,1,0,1,1
param_20082,real_004,0.8016525144856511,0.6063067871137737,0.19788422150288945,0.23968100093810926,0.9067804302441681,241.45466156736126,1,1,1,1,1,1,1,1,0,1,0,1,1,1
param_20082,real_005,0.7654273130295782,0.5694398434285547,0.1268115671151036,0.19121461560612357,0.39227766445426965,335.9192250857333,1,1,1,0,1,1,1,1,1,0,1,1,1,1
param_20083,real_001,0.7999276673188749,0.6475638954802789,0.18536019948791704,0.2537903554515524,0.617351598173516,153.99774815785457,1,1,1,1,1,1,1,1,1,1,1,1,1,1
param_20083,real_002,0.8234029516908487,0.6994935777205236,0.24230240460646335,0.3164515414291407,0.2840452826659965,156.7501140645246,1,1,1,1,1,1,1,1,1,1,1,1,1,1
param_20083,real_003,0.7890613560485384,0.649552434166108,0.21722391209602734,0.2905002590394854,0.2817879298303274,109.49575545627296,1,1,1,1,1,1,1,1,1,1,1,1,1,1
param_20083,real_004,0.8354773222732622,0.7073375984196919,0.2268858038144437,0.30057872415751047,0.3985829473956123,322.73372873118046,1,1,1,1,1,1,1,1,1,1,1,1,1,1
param_20083,real_005,0.7536433496047854,0.6380943255676104,0.15491090938773686,0.2261986788432775,0.24165980901184647,162.94115937625403,1,1,1,1,1,1,1,1,1,1,1,1,1,1
param_20084,real_001,0.7818978930386595,0.39136765970390996,0.04556968404194065,0.06988180445555293,0.05189031751202407,323.1609018175806,0,0,0,1,0,0,1,0,0,0,0,1,1,1
param_20084,real_002,0.8169924518189265,0.39914178153958274,0.10847327532815478,0.14027166009374945,0.09369706695194793,496.07661443654945,0,0,0,0,0,0,0,0,0,0,0,0,1,1
param_20084,real_003,0.776778032539356,0.3910982699476228,0.08839812410005536,0.11437583999640893,0.11587158613891674,717.8611008951976,0,0,1,0,0,0,0,0,0,0,0,0,1,1
param_20084,real_004,0.799241974101106,0.3910049496673351,0.02919871624989279,0.06046754843655442,0.49804339438922673,990.3056043122685,0,0,0,0,1,0,1,0,0,0,0,0,1,1
param_20084,real_005,0.8540797530171679,0.47072867629808407,0.15846120879810174,0.2008200283424944,0.12826269449270836,492.70856434308433,1,1,0,0,0,0,0,0,0,0,0,0,1,1
param_20085,real_001,0.765977739347994,0.4109331269993659,0.05661530415080739,0.08618166466136802,0.18405428329092452,282.48273186210736,0,0,0,1,0,0,1,0,0,0,0,1,1,1
param_20085,real_003,0.7677519002677703,0.4080166421937635,0.09325651733527864,0.12390122295956943,0.024623037463080987,690.2849135693232,0,0,1,0,0,0,1,0,0,0,0,0,1,1
param_20085,real_004,0.7817286893314112,0.3969194583107123,0.04620126027388724,0.08583942620075348,0.29770579384266854,865.5080711955395,0,0,0,1,1,0,1,0,1,0,0,0,1,1
param_20085,real_005,0.8465070126014459,0.48820939849540723,0.1702168581495355,0.2098006465053319,0.2450018112504528,408.056489183365,1,1,0,0,1,0,0,0,0,0,0,0,1,1
param_20086,real_001,0.7616515660442034,0.431398548470036,0.05889799909790552,0.09200903155131514,0.12051816659261032,287.87932521790543,0,0,0,1,0,0,1,0,0,0,0,1,1,1
param_20086,real_003,0.7607051905293619,0.4198034813945518,0.10422947161546835,0.13616534687571158,0.023243359040274206,664.8722582442053,0,0,1,0,0,0,1,0,0,0,0,0,1,1
param_20086,real_004,0.7669527368550093,0.41767478811103925,0.04984797733411404,0.09117487610953239,0.29797101449275365,856.976617648205,0,0,0,1,1,0,1,0,1,0,0,0,1,1
param_20086,real_005,0.8416961916688231,0.4980504141166616,0.1872420429963791,0.23015101775142205,0.21041097737770137,365.9299845474543,1,1,0,0,1,0,0,1,0,0,0,0,1,1
param_20087,real_001,0.7442471659866583,0.478425102145766,0.07769495344792818,0.11993007551886388,0.5110609872473324,270.73658213575703,1,1,1,1,1,1,1,1,0,1,1,1,1,1
param_20087,real_002,0.7875094089005876,0.5210686485623603,0.15442180372643174,0.18919360006370545,0.6943430656934306,222.98142291629685,0,1,1,1,0,1,1,1,0,0,1,1,1,1
param_20087,real_003,0.7460310340654184,0.4622826251654895,0.09901347411910011,0.13488371379976058,0.3167229535690491,572.5402794868645,1,0,1,0,1,1,1,1,0,0,1,1,1,1
param_20087,real_004,0.7507445347552539,0.4563026762442881,0.10410203712123581,0.14216823920511176,0.032612610374933244,669.7445368114778,1,1,1,1,1,0,1,0,1,0,1,0,0,1
param_20087,real_005,0.838826060447107,0.5455121183333617,0.18857994174686665,0.23101243796845605,0.4702465503246753,204.2834259204193,1,1,1,1,1,1,1,1,0,0,0,1,1,1
param_20088,real_001,0.7656254724984467,0.5976660403658367,0.15277231632117994,0.2198408921244926,0.6228548637461193,264.6922774914094,1,1,1,1,1,1,1,1,0,1,1,1,1,1
param_20088,real_002,0.8063128990447612,0.626047632106503,0.20852097283887988,0.2597882472187276,0.7411365911914786,194.35229016995646,0,1,1,1,0,1,1,1,0,0,1,1,1,1
param_20088,real_003,0.7488449425767334,0.571018247538177,0.16620440637768855,0.21680482218625083,0.496225188740563,452.7683384685531,1,1,1,1,1,1,1,1,0,1,1,1,1,1
param_20088,real_004,0.7494928886289367,0.5892331177543894,0.14092084952717607,0.2013951321742544,0.04159500859896812,560.4013568470139,1,1,1,1,1,0,1,0,1,0,1,0,1,1
param_20088,real_005,0.8335191139965356,0.6358911435297432,0.2554506522049938,0.3009912033960646,0.4740777719948591,167.3780090690116,1,1,1,1,1,1,1,1,1,1,0,1,1,1
param_20089,real_001,0.7740512841695265,0.652396448534413,0.20016950506968198,0.27401653611875715,0.2751891990070836,107.87701041094608,1,1,1,1,1,1,1,1,1,1,1,1,1,1
param_20089,real_002,0.8402297298759064,0.7307856094592127,0.25921933468695985,0.33045732599396627,0.4341947524725499,141.2461033159894,1,1,1,1,1,1,1,1,0,1,1,1,1,1
param_20089,real_003,0.7550000354067844,0.615557346304492,0.17132276336671293,0.23747745232656992,0.4666843877370193,212.0824219239929,1,1,1,1,1,1,1,1,0,1,1,1,1,1
param_20089,real_004,0.7750771864480032,0.6745585116847324,0.20495011791953935,0.289512199875757,0.04492801144662712,225.7094419447414,1,1,1,1,1,1,1,0,1,1,1,1,1,1
param_20089,real_005,0.8584434429393971,0.7121129346370444,0.27582774849359787,0.3407571236223306,0.22041509433962264,99.5094888272956,1,1,1,1,1,1,1,1,1,1,1,1,1,1
param_20090,real_001,0.8162413772620779,0.3422427646046701,0.03823613514864301,0.0576656374223612,0.4105795706386694,747.7796492580883,0,0,0,0,0,1,0,1,0,0,0,0,1,1
param_20090,real_002,0.8724086942736643,0.42086246214961504,0.10128500007040409,0.11964026070283222,0.5561561561561561,320.480837343997,0,0,0,1,0,0,0,1,0,0,0,0,0,1
param_20090,real_003,0.8473246343178945,0.3950655599231096,0.057804490355013186,0.08820185884195292,0.7250342602006985,735.6068758834649,0,1,0,1,0,0,0,1,0,0,0,0,0,0
param_20090,real_004,0.8325517757452269,0.32354744007662056,0.07774144187443138,0.09388371378049676,0.17067741145566662,772.0512799549239,0,0,0,0,0,0,0,0,0,0,0,0,1,1
param_20090,real_005,0.8123008009705133,0.3597783899832908,0.08138739483589046,0.09193050821239224,0.5581331690960104,308.96399240220535,0,0,0,1,0,0,0,1,0,1,0,0,1,1
param_20091,real_001,0.8115456079690949,0.3661937033627318,0.041194582024784945,0.06125548727401256,0.5848734658635364,719.4435567642132,0,0,0,0,0,1,0,1,0,0,0,0,1,1
param_20091,real_002,0.8721576316722984,0.4456070232339012,0.10037070879642934,0.12116105550277306,0.6592290482884239,362.58975964457824,0,0,1,1,0,0,0,1,0,0,0,0,0,1
param_20091,real_003,0.8460166714947098,0.42025486079281504,0.06964992786463504,0.10096426606118927,0.9756611375861576,610.3119806990104,0,1,1,1,0,0,0,1,0,0,0,1,0,0
param_20091,real_004,0.8216496151109163,0.33592391805385674,0.07556995918260159,0.0920359579435098,0.27609096496619545,750.8565054058411,0,0,0,0,0,1,0,0,0,0,0,0,1,1
param_20091,real_005,0.8088365002364348,0.3845261694175444,0.08839458140593007,0.10012146011998435,0.7848417372484549,218.174050134981,0,0,0,1,0,1,0,1,0,1,0,0,1,1
param_20092,real_001,0.8058700930807768,0.3932320058841601,0.04622465670979681,0.07000034873129019,0.5033911829243966,628.0202002004393,0,0,0,0,0,1,0,1,0,0,0,0,1,1
param_20092,real_002,0.8659331945814926,0.46982394377245773,0.10848670767242809,0.13045801745930616,0.6178300063159103,301.27408980952066,0,0,1,1,0,0,0,1,0,0,0,0,0,1
param_20092,real_003,0.8360281491816943,0.43955010008957385,0.07260592860816838,0.10697174621497918,0.9157678479712378,601.3046544768521,0,1,1,1,0,1,0,1,0,0,0,1,0,0
param_20092,real_004,0.8162089867755195,0.35629041883306006,0.08598432242612292,0.10453126681470203,0.22144582642895647,733.888306070802,0,0,0,0,0,0,0,0,0,0,0,0,1,1
param_20092,real_005,0.8019992340344058,0.4046767386200545,0.10220266834541926,0.11212905418397691,0.7208077616414494,116.12352351312185,0,0,0,1,0,1,0,1,0,1,0,0,1,1
param_20093,real_001,0.7658644958275472,0.41461553385662525,0.052274129259901915,0.08152622906765088,0.6536097191469525,462.80403143522574,1,0,1,0,1,1,1,1,0,1,0,1,1,1
param_20093,real_002,0.8593969933478306,0.5319810322212667,0.11013642931887835,0.1395830484289144,0.8092906133919504,347.60278986508274,1,1,1,1,1,1,1,1,0,0,0,1,0,1
param_20093,real_003,0.8372151447412983,0.5137735504397076,0.1040519133736659,0.13279280793240697,1.1682932878171182,189.06188915270235,1,1,1,1,1,1,1,1,0,1,0,1,0,1
param_20093,real_004,0.7787570201286782,0.4030088994475572,0.07200510817926176,0.09565717848487805,0.49441439906882995,639.7682968348427,1,0,1,0,1,1,1,0,0,1,0,0,1,1
param_20093,real_005,0.805579165012572,0.4758003140146625,0.1140145324548698,0.1416592007770212,1.21200357885015,29.47219787262806,1,1,1,1,1,1,1,1,0,1,0,1,1,1
param_20094,real_001,0.7832929099420306,0.5510763640270272,0.1251712901186172,0.17793058725555397,0.715988471496263,270.24757527835226,1,1,1,1,1,1,1,1,0,1,0,1,1,1
param_20094,real_002,0.8571232308601391,0.6260897588060667,0.17187484631510663,0.2263070679292594,0.5349001389173555,222.20451482385485,1,1,1,1,1,1,1,1,0,0,0,1,1,1
param_20094,real_003,0.8259337948774537,0.6026970743670436,0.15170423156314622,0.20142485840407306,0.8513846964687845,314.5831123766546,1,1,1,1,1,1,1,1,0,1,0,1,1,1
param_20094,real_004,0.7815454199408828,0.5166934403814506,0.13875061335360914,0.17770438243293885,0.446329129348687,558.9821783730148,1,1,1,0,1,1,1,0,0,1,0,0,1,1
param_20094,real_005,0.7921692217589864,0.5638595617854183,0.17369375318396393,0.20816822866450352,0.9523054449202801,27.43117062269439,1,1,1,1,1,1,1,1,0,1,0,1,1,1
param_20095,real_001,0.7228343158704414,0.5682145454857961,0.15212890569467355,0.22561110465590248,0.33963423449472313,162.93015124104534,1,1,1,1,1,1,1,1,1,1,1,1,1,1
param_20095,real_002,0.8519520916656692,0.7052738835227927,0.19416499935662987,0.26333811114623906,0.37853523997961447,412.8929832657701,1,1,1,1,1,1,1,1,1,1,1,1,1,1
param_20095,real_003,0.8388445138632891,0.6931539383562979,0.20095733508469743,0.2706361885686167,0.4070895154532459,150.53966038595317,1,1,1,1,1,1,1,1,1,1,1,1,1,1
param_20095,real_004,0.7555710055436471,0.595815616565027,0.1511651736255972,0.22304332670592444,0.32118274653254075,188.20710474962442,1,1,1,1,1,1,1,1,1,1,1,1,1,1
param_20095,real_005,0.808687975725764,0.6633344714143725,0.19953227335458487,0.2702307820364943,0.4119177568283858,134.06372282088756,1,1,1,1,1,1,1,1,1,1,1,1,1,1
param_20096,real_001,0.7932796871167781,0.36427345722957327,0.04424397423451452,0.0695028512782507,0.1811081001070298,944.8265614217796,0,0,0,0,0,0,0,0,0,0,0,0,1,1
param_20096,real_002,0.8116681913152262,0.44579345318394187,0.04785348618244095,0.08030475700162007,0.07238790344291227,160.25245428082368,0,1,0,0,1,0,0,0,0,0,0,0,1,0
param_20096,real_003,0.7869996689322065,0.3703941731088926,0.017005638714159936,0.04325727523980127,0.30772336091894964,494.3545307383274,0,0,0,1,1,0,0,1,0,0,0,0,0,1
param_20096,real_004,0.8261160702802739,0.37737184726138584,0.049018494550183186,0.08050617828753401,0.08736355749248431,415.6787217596012,0,0,0,1,0,0,1,1,0,0,0,1,1,1
param_20096,real_005,0.8235926204612002,0.38177264822590296,0.07536916470973981,0.10714392223401507,0.380874734256641,202.76994446117152,0,1,0,1,0,1,0,1,0,1,0,1,1,0
param_20097,real_001,0.7852879706217405,0.39576635162452617,0.05765091395249807,0.08755084169727702,0.42600887771854795,867.8839542300346,0,1,0,0,0,0,0,0,0,0,0,0,1,1
param_20097,real_002,0.8050493980607075,0.4826309249328943,0.133913765489089,0.1591371142854902,0.4271780543561087,215.27243763248083,0,1,0,0,1,1,0,0,0,0,0,0,1,1
param_20097,real_003,0.7766507137365841,0.3972447264137218,0.03374454096102353,0.06681385925065586,0.06136020151133501,506.18565343229074,0,0,0,1,1,0,0,1,0,1,0,0,1,1
param_20097,real_004,0.8214134705450526,0.41977327848536095,0.08205930115552885,0.11945676691279276,0.3961683630574388,378.1349220689211,0,1,0,1,0,0,1,1,0,0,0,1,1,1
param_20097,real_005,0.8279805463863691,0.42328252280396683,0.11618384317481817,0.1427892046194588,0.5791379404933892,75.52502971575917,0,1,0,1,1,1,0,1,0,1,0,1,1,0
param_20098,real_001,0.7798510673013195,0.41688504389710934,0.06533678979029506,0.09709466702968421,0.41721082558116174,877.0341356011444,0,1,0,0,0,0,0,0,0,0,0,0,1,1
param_20098,real_002,0.8006766036725871,0.4966648187383674,0.1342807401061795,0.16349755036978347,0.30031972823100367,153.08731866585566,0,1,0,0,1,1,0,0,0,0,0,0,1,1
param_20098,real_003,0.7702872101499567,0.4070645613180998,0.03140374405989507,0.06857335214722987,0.0501089684321754,495.89806876918533,0,0,0,1,1,0,0,1,0,0,0,0,1,1
param_20098,real_004,0.8127392491150122,0.4435406077877379,0.08616671841626321,0.1261864246804001,0.33316157919050493,372.4774107138469,0,0,0,1,0,0,1,1,0,0,0,1,1,1
param_20098,real_005,0.8187880316079492,0.42431833351818843,0.10908495482581947,0.14130963233620092,0.515711579022629,164.64510955022106,0,1,0,1,1,1,0,1,0,1,0,1,1,0
param_20099,real_001,0.7682567943488995,0.47877851772763635,0.08655871067371292,0.12212492430621151,0.7536475718746635,591.1854107545485,1,1,1,0,1,1,0,0,0,0,0,1,1,1
param_20099,real_002,0.8027592149415702,0.5849890319074249,0.19123275391854616,0.21246236583920122,0.9063062284982223,98.2726630101572,1,1,0,0,1,1,0,1,1,1,0,1,1,1
param_20099,real_003,0.7580209825554012,0.4699817784251572,0.07864046675853414,0.11945224512189842,0.5787265143591618,338.68876891108874,1,1,1,1,1,0,0,1,0,1,0,1,1,1
param_20099,real_004,0.813053034664175,0.5146991488555709,0.14973246431206355,0.18863552649595536,0.6672372475179733,310.36230311211324,1,1,1,1,1,1,1,1,0,0,0,1,1,1
param_20099,real_005,0.8523041811944327,0.5419811131240592,0.20167610289823937,0.23764873068675132,0.6816357658119444,33.925710552954115,1,1,1,1,1,1,1,1,0,1,0,1,1,0
param_20100,real_001,0.7652785700387045,0.5722477759478314,0.15213589001344616,0.19790909869948037,0.8746848240495999,512.109693528322,1,1,1,0,1,1,1,1,0,0,0,1,1,1
param_20100,real_002,0.7926616847125391,0.6337834630977915,0.22115013162530717,0.26718940632662785,0.8705194592483401,140.4465750818517,1,1,1,1,1,1,0,1,1,1,0,1,1,1
param_20100,real_003,0.7695157796177967,0.578735543706947,0.13936135585614198,0.1986774685869242,0.6663511963746896,217.31757820881427,1,1,1,1,1,1,1,1,1,1,0,1,1,1
param_20100,real_004,0.7999791725605684,0.6062868372612408,0.1941976074549625,0.24023238441997774,0.6585963378726537,292.50867746753704,1,1,1,1,1,1,1,1,0,0,0,1,1,1
param_20100,real_005,0.8307439268685854,0.6199928587034679,0.2213678192646249,0.2654414664298573,0.7460207766730572,39.47435238714964,1,1,1,1,1,1,1,1,1,1,0,1,1,1
param_20101,real_001,0.7654110110146329,0.6380739960463706,0.17050721672321117,0.2370981920708213,0.4613725208205316,88.42959766081952,1,1,1,1,1,1,1,1,1,1,1,1,1,1
param_20101,real_002,0.8244508616510174,0.7178392160111094,0.24726712530676592,0.31475943138614054,0.41462216909507965,264.06372560112703,1,1,1,1,1,1,1,1,1,1,1,1,1,1
param_20101,real_003,0.7687512568318744,0.6493735334155928,0.190427902675872,0.2617701481845441,0.33474401011850885,98.53706717202382,1,1,1,1,1,1,1,1,1,1,1,1,1,1
param_20101,real_004,0.8477187850013028,0.7158537488280261,0.27020402167176066,0.3473676600746828,0.25718230228124384,296.1599261439451,1,1,1,1,1,1,1,1,1,1,1,1,1,1
param_20101,real_005,0.9095103132002064,0.7982085267853125,0.3570074097288106,0.43176287543529995,0.2268290222467496,112.44301099320901,1,1,1,1,1,1,1,1,1,1,1,1,1,1
param_20102,real_001,0.7960504939912889,0.3993991338225185,0.12533316427337504,0.1480979865815975,0.04588352504302146,816.8471272889778,0,1,0,1,1,0,0,1,0,0,0,0,0,0
param_20102,real_002,0.8188844747402296,0.46433432572255506,0.19691762893902592,0.22606742995565232,0.2527784518320796,603.1229885309393,0,0,0,0,0,0,0,0,0,0,0,0,1,1
param_20102,real_003,0.7835466462179691,0.379898397371253,0.038416429550774504,0.05262086941637509,0.46109369205353834,943.1066491080986,1,0,0,0,1,0,0,0,1,0,0,0,1,1
param_20102,real_004,0.8136077106391961,0.4351809955090485,0.14960102275989806,0.17235601291895683,0.36056584132649266,254.19094733203136,0,0,0,0,1,0,0,0,0,1,0,0,1,0
param_20102,real_005,0.8072715317484094,0.35340248654916706,0.04181873512425085,0.06177338393077284,0.34758296434929475,830.5392647825604,0,0,0,0,0,0,0,0,0,0,0,0,1,0
param_20103,real_001,0.7840369607543272,0.4269565194011637,0.13401269868072357,0.16021322062963048,0.2379091197966317,733.4494665492128,0,1,0,1,1,0,1,1,0,0,0,1,0,0
param_20103,real_002,0.8044602704159608,0.49644019310790377,0.2079404187014087,0.23164116885423996,0.5271517725578573,398.67572107638955,0,1,0,0,0,0,0,0,0,0,0,0,1,1
param_20103,real_003,0.7673808174359469,0.38887894639923887,0.04736372256228496,0.06768759947963304,0.30529249580436346,816.6265394722785,1,0,0,0,1,0,0,0,1,0,0,0,1,1
param_20103,real_004,0.7963750162501761,0.4471051882361271,0.16062255551233684,0.18761361504708546,0.039960766407927895,123.80601367305283,0,1,0,0,1,0,0,0,0,1,0,0,1,1
param_20103,real_005,0.7967912182196305,0.37200268167112926,0.07273727351965678,0.09870867187327213,0.171460882080806,717.2255429812141,0,0,0,1,0,0,0,0,0,0,0,0,1,1
param_20104,real_001,0.7781031018254234,0.4447079293472531,0.1413010650369987,0.1670799439203451,0.22499334200178592,751.906036668267,0,1,0,1,1,0,1,1,0,0,0,1,0,1
param_20104,real_002,0.8070866517521642,0.5433439118554803,0.23622570301934254,0.2637793588989322,0.46176426474684495,408.2853337042434,0,1,0,0,0,0,0,0,0,0,0,0,1,1
param_20104,real_003,0.7620767004057518,0.4042198372485782,0.05243999604355266,0.0727886888267483,0.3272687192299214,851.4880435766657,1,0,0,0,1,0,0,0,1,0,0,0,1,1
param_20104,real_004,0.7933728328619649,0.48463838744459325,0.17687224920706401,0.20693355632867147,0.05534882944818035,160.27814613968405,0,1,0,0,1,0,0,0,0,1,0,0,1,1
param_20104,real_005,0.790798521165103,0.40677670553960815,0.0744818013879973,0.10339488856799128,0.1648689352002605,740.2113976038653,0,0,0,1,0,0,0,0,0,0,0,0,1,1
param_20105,real_001,0.7664477003636763,0.499645965146085,0.14410876248674628,0.18384377048180917,0.6859841320819803,388.491115740955,1,1,1,1,1,1,1,1,1,1,1,1,0,0
param_20105,real_002,0.7916915055433378,0.5786500167734947,0.19887928863222096,0.219391338174833,0.999362130158159,144.52311886519377,1,1,0,1,1,1,0,1,0,1,0,1,1,1
param_20105,real_003,0.734002597023904,0.4564595320318934,0.07153869110309496,0.10207843745617147,0.17657105370311724,494.8053345167432,1,0,1,0,1,1,0,0,1,1,0,1,1,1
param_20105,real_004,0.7671669243863438,0.5249592346571524,0.16819613900616034,0.20509561654245892,0.48098410805485703,152.84196594088203,0,1,0,1,1,0,1,1,1,1,0,1,1,1
param_20105,real_005,0.7761779439659179,0.4747849069568902,0.13885278862751288,0.18361681228795199,0.19616333000645805,539.7647846214351,1,0,1,1,1,0,0,0,0,0,0,1,1,1
param_20106,real_001,0.7777401061221275,0.6115683139322252,0.20534505834305652,0.25048019939197486,0.6467763091514479,317.69284602970333,1,1,1,1,1,1,1,1,1,1,1,1,1,1
param_20106,real_002,0.8037572346766504,0.6918063404025994,0.29361490612565894,0.3183618945734104,0.9117444910440015,167.081937251296,1,1,0,1,1,1,1,1,0,1,0,1,1,1
param_20106,real_003,0.7344779286068501,0.5506459577448054,0.10919855599540625,0.16137865107289165,0.26290304940493353,453.9713805711441,1,0,1,0,1,1,0,1,1,0,0,1,1,1
param_20106,real_004,0.7958524236123723,0.674268335788434,0.2640638159396849,0.31622241682321706,0.5240269155829445,74.69840941881218,1,1,0,1,1,1,1,1,1,1,1,1,1,1
param_20106,real_005,0.7719273987004935,0.6111711073732521,0.19673481391020595,0.24814256335203222,0.4919596830037701,528.8648011783754,1,1,1,1,1,0,0,1,0,0,0,1,1,1
param_20107,real_001,0.8081984016543889,0.697228216214808,0.23172151784499181,0.30536441179470425,0.3816443911646177,40.00630664696257,1,1,1,1,1,1,1,1,1,1,1,1,1,1
param_20107,real_002,0.8100456306760826,0.7301180213723673,0.2508974865456946,0.3107847027370732,0.5025604602436166,63.36674650374731,1,1,1,1,1,1,1,1,1,1,1,1,1,1
param_20107,real_003,0.7382222470210397,0.6187311765809556,0.1562259101179836,0.2298731020153456,0.3108793811879616,162.5426172710918,1,1,1,1,1,1,1,1,1,1,1,1,1,1
param_20107,real_004,0.8129252726849786,0.7284606191233501,0.26369363335030643,0.3338678984571889,0.4263531101337402,45.47443002781246,1,1,1,1,1,1,1,1,1,1,1,1,1,1
param_20107,real_005,0.8159411762798353,0.7252372242553287,0.27630365902445714,0.35191322335129976,0.22958313342928727,232.82170962582012,1,1,1,1,1,1,1,1,1,1,1,1,1,1
param_20108,real_001,0.8138360122136981,0.34392417663834757,0.06528805116248894,0.08922325315695488,0.7293591722930156,952.93849659794,0,1,0,1,0,0,0,0,0,0,0,0,0,1
param_20108,real_002,0.8287927514169638,0.4496337878067159,0.05194180640302072,0.07603193076704365,0.4820225741853268,956.7374153526266,0,0,0,0,0,0,0,0,0,0,0,0,0,1
param_20108,real_003,0.8263003045798185,0.3325433230508661,0.03842579334926944,0.05307581826031882,0.21502544013688143,542.0156850228816,1,0,0,0,1,0,0,0,0,0,0,0,0,1
param_20108,real_004,0.8981398952686125,0.5253782487304517,0.2361114236923644,0.2573102739656077,0.26950106231467863,24.821422403163794,0,0,0,0,0,0,0,0,0,0,0,0,1,1
param_20108,real_005,0.8379950255689765,0.34471767180323987,0.029360494840014767,0.056535264066512214,0.09063069802234794,1061.355088943358,0,0,0,0,0,0,0,0,0,0,0,0,1,1
param_20109,real_001,0.8063535451060635,0.3607330320925265,0.0673554169854358,0.09377065405025949,0.9030608984599655,917.9284204953279,0,1,0,1,0,0,0,0,0,1,0,0,0,1
param_20109,real_002,0.819377393504737,0.4628695187107429,0.056105933185113546,0.08047013840870498,0.6202750608636228,905.8503605726843,0,0,0,0,0,0,0,0,0,0,0,0,0,1
param_20109,real_003,0.8178723353467688,0.34404715514162837,0.038445047279907524,0.05394336955454216,0.4140239010176935,491.80113856146284,1,0,0,0,1,0,0,0,0,0,0,0,0,1
param_20109,real_004,0.8957457228825725,0.5459491437939906,0.22528795478830518,0.24584360300953606,0.41948077298457936,67.9360484560562,0,0,0,0,0,0,0,0,0,0,0,0,1,1
param_20109,real_005,0.836116718862458,0.3719756578738078,0.047030568648820846,0.08273816446821344,0.019892045332358443,1038.736668568684,0,1,0,0,0,0,0,0,0,0,0,0,1,1
param_20110,real_001,0.7987860856534235,0.38298013971888745,0.08075946421816382,0.10638936677999013,0.8423824709392038,917.006730603862,0,1,0,1,0,0,0,0,0,1,0,0,0,1
param_20110,real_002,0.8132430352790475,0.4885440108582933,0.0649405542035072,0.09363145248739704,0.5687421474325967,880.0980775174935,0,0,0,0,0,0,0,0,0,0,0,0,0,1
param_20110,real_003,0.8121765765831896,0.36209169515293754,0.04755376302212889,0.06682479523445178,0.3732668227629034,533.7915537440356,1,0,0,0,1,0,0,0,0,0,0,0,0,1
param_20110,real_004,0.8906519490478978,0.5706451146063729,0.24080454415764357,0.26564486403018844,0.40134956725832477,32.44043737241073,0,0,0,0,0,0,0,0,0,0,0,0,1,1
param_20110,real_005,0.8284927620536657,0.386180206928018,0.053116511625896264,0.09198032333352418,0.018965444496012826,1045.5058874524648,0,0,0,0,0,0,0,0,0,0,0,0,1,1
param_20111,real_001,0.7758626608813425,0.45146718312211226,0.08505981936166566,0.12221258103295062,1.032857310421676,621.7973903744797,1,1,1,1,1,1,1,0,0,1,0,0,0,1
param_20111,real_002,0.7784907544834542,0.5284051108327642,0.06637971179348236,0.10310505659117847,1.0442770809924382,690.7564744611589,1,1,1,1,1,1,1,0,0,1,0,1,0,1
param_20111,real_003,0.7671473949406618,0.40335934330390066,0.046706636205242666,0.07561512059055271,0.6123976989680939,270.6893299550532,1,0,1,0,1,1,0,1,0,1,0,1,0,1
param_20111,real_004,0.871583880260739,0.6126388477745222,0.18998255063942932,0.22365238637611615,0.7202748726604178,221.52752765523303,1,1,1,1,1,1,1,1,0,1,0,1,1,1
param_20111,real_005,0.8113437239501955,0.46838522166808616,0.10130756327283992,0.15411654012565001,0.23092804789924642,820.9531494448495,1,1,1,0,1,0,1,0,0,0,0,1,1,1
param_20112,real_001,0.7697707343096788,0.5468137625430082,0.14504968396341483,0.18770907798291486,0.8422964668793025,553.2674015631135,1,1,1,1,1,1,1,0,0,1,0,0,1,1
param_20112,real_002,0.7831289935388297,0.6171616695622015,0.13822052428399062,0.1853366566555385,0.8520439061317184,483.04710993844316,1,1,1,1,1,1,1,1,0,1,0,1,1,1
param_20112,real_003,0.7782295595780614,0.5183756730697794,0.11532932960550832,0.16228213233540043,0.4903103384954398,267.8322609628764,1,0,1,0,1,1,1,1,0,0,0,0,1,1
param_20112,real_004,0.8800399610725148,0.7235004965405689,0.29119495251242605,0.3313735651504841,0.4998580828280222,52.601632484796895,1,1,1,1,1,1,1,1,0,1,0,1,1,1
param_20112,real_005,0.8063466435133144,0.5676980000539454,0.1769935982770645,0.23499003671502255,0.3374649235966114,782.1061520985511,1,1,1,1,1,0,1,1,0,0,0,1,1,1
param_20113,real_001,0.7622123019079098,0.642827058521879,0.170414169189073,0.24244003592663405,0.3877062330882881,168.47640996008965,1,1,1,1,1,1,1,1,1,1,1,1,1,1
param_20113,real_002,0.7508720776424078,0.6703038198707338,0.1588056676032399,0.22900702865614136,0.4443317318463568,187.53086803372472,1,1,1,1,1,1,1,1,1,1,1,1,1,1
param_20113,real_003,0.7366474206435165,0.5854850390110127,0.13491617080554408,0.20922061321869154,0.30462418170328426,83.34343586662467,1,1,1,1,1,1,1,1,1,1,1,1,1,1
param_20113,real_004,0.8438374189537722,0.7659664544510469,0.23938289821730419,0.30350392998027975,0.297570726084344,254.08771435537687,1,1,1,1,1,1,1,1,1,1,1,1,1,1
param_20113,real_005,0.8163757972472235,0.6913978343911534,0.2487414693114858,0.3231204518010995,0.1915232889291498,290.91188665929855,1,1,1,1,1,1,1,1,1,1,1,1,1,1
param_20114,real_001,0.7860581035162479,0.3427471672863616,0.04839890909834557,0.06899928441816591,0.5397433200084157,942.7995741915965,0,1,1,1,0,0,1,0,0,0,0,0,0,1
param_20114,real_002,0.8152703063678675,0.4434816623540202,0.04379972548627026,0.0688769037604347,0.2975760920320924,623.2579967320715,1,0,1,0,0,0,0,0,0,1,0,0,0,1
param_20114,real_003,0.8064224450788682,0.38939925645115925,0.034398833867456256,0.049475489435203183,0.08501862160105722,666.758220214155,1,0,0,0,1,0,0,0,0,0,0,0,0,1
param_20114,real_004,0.8691280228843945,0.49208350658384425,0.1834919272003007,0.21109356892544803,0.28118116740088106,425.2966314726949,0,0,0,0,0,0,0,0,0,0,0,0,1,1
param_20114,real_005,0.8211000923757914,0.397934102656651,0.03580259004457357,0.05414262205228096,0.09165224081554145,919.1535421733963,0,0,0,0,0,0,0,0,0,0,0,0,1,1
param_20115,real_001,0.7750099039912716,0.35970165560952055,0.05259293703704383,0.0785352657572082,0.6610101396594605,817.9238550338916,0,1,1,1,1,0,1,0,0,1,0,0,0,1
param_20115,real_002,0.8085080768314954,0.45697332981663696,0.05015186439954711,0.07676797598587147,0.49041073997123225,533.7161531522154,1,0,1,0,0,0,0,0,0,1,0,0,0,1
param_20115,real_003,0.7970154061317956,0.39760578417730374,0.03605998219107092,0.05486738828659982,0.19744776587308904,571.5279205703168,1,0,0,0,1,0,0,0,0,0,0,0,0,1
param_20115,real_004,0.8619662944223226,0.5090648291115112,0.18185276619351998,0.20722983913482046,0.4099718333543532,489.58552142725887,0,0,0,0,0,0,0,0,0,0,0,0,1,1
param_20115,real_005,0.8139570792408789,0.422324793429787,0.054269292223214326,0.07642598147155391,0.0256045820958846,907.381758533864,1,0,0,0,0,0,0,0,0,0,0,0,1,1
param_20116,real_001,0.7676189017704399,0.376424324324492,0.06119126308582373,0.08965634188628405,0.6403908915591159,858.5694292621963,0,1,1,1,1,0,1,0,0,1,0,0,0,1
param_20116,real_002,0.799854586856231,0.47630645698904894,0.05935755148994795,0.09053721819728716,0.4142942875361014,557.1548928357321,1,0,1,0,0,0,0,0,0,1,0,0,0,1
param_20116,real_003,0.7892967501578579,0.40620161507639535,0.04081621524989123,0.059730669612680615,0.12403045990211842,623.5668676898335,1,0,0,0,1,0,0,0,0,0,0,0,0,1
param_20116,real_004,0.8604079881449302,0.5355119405521583,0.21009951901265683,0.2368645370802055,0.37397654803538366,387.4873984388768,0,0,0,0,0,0,0,0,0,0,0,0,1,1
param_20116,real_005,0.8036409476689093,0.4402377665765224,0.06081595700960763,0.08247942322341534,0.037077335118848344,925.3359516508544,1,0,0,0,0,0,0,0,0,0,0,0,1,1
param_20117,real_001,0.7456588203708381,0.439142152142782,0.07554390557979676,0.11153703828011313,0.7101497165806665,451.865199525409,0,1,1,1,1,0,1,0,0,1,1,1,0,1
param_20117,real_002,0.7780133597198464,0.5289651152357484,0.06358126980148354,0.1031666204278382,0.9600164698616237,359.0677155326214,1,1,1,1,1,1,1,0,0,1,0,1,0,1
param_20117,real_003,0.769967424913038,0.4465909585138319,0.05546370423339433,0.08465399611987466,0.4230213040671401,309.65936924362865,1,0,1,0,1,1,0,0,1,1,0,1,0,1
param_20117,real_004,0.849625795781505,0.5906077736151901,0.17568810349381575,0.2089244802608934,0.7579615073401919,461.4458807048834,1,1,0,1,1,1,1,1,0,1,0,1,1,1
param_20117,real_005,0.8000256947788845,0.508303656091762,0.10543784765666428,0.15007730700619434,0.1711092250816347,678.4809081305332,1,0,0,0,1,0,0,0,0,0,0,1,1,1
param_20118,real_001,0.7468956166967233,0.5489438538930762,0.13495844197770515,0.18532188829808732,0.6936449723575455,543.3070536501222,1,1,1,1,1,1,1,1,0,1,1,1,1,1
param_20118,real_002,0.7694323367386526,0.6166452465419792,0.13732561124557904,0.1839489070465218,0.7741422431585848,386.22704870219115,1,1,1,1,1,1,1,1,0,1,0,1,1,1
param_20118,real_003,0.7614322622504162,0.5439573482141167,0.10102455644262012,0.14964670120898657,0.26543184008716425,374.78329410678845,1,0,1,0,1,1,0,1,1,0,0,1,1,1
param_20118,real_004,0.855147727423312,0.7045110259089619,0.26742777498450765,0.2997471812289054,0.628154766489512,221.8450608905946,1,1,0,1,1,1,1,1,0,1,0,1,1,1
param_20118,real_005,0.7706478723172902,0.5932289083414996,0.15963724906984716,0.20122608861596317,0.40027220324508966,678.2754002248874,1,0,0,0,1,0,0,1,0,0,0,1,1,1
param_20119,real_001,0.7513244074565578,0.6277755514731731,0.17337750418820008,0.2486352144855024,0.3820611350570406,205.53848796216823,1,1,1,1,1,1,1,1,1,1,1,1,1,1
param_20119,real_002,0.7569980822237002,0.6614389032275093,0.14277905292742835,0.20799429574128425,0.5192824455914437,184.03633353913446,1,1,1,1,1,1,1,1,1,1,1,1,1,1
param_20119,real_004,0.8494057601560613,0.754433086850894,0.23658673655078913,0.3016642734923831,0.31798335681744944,192.89250802824034,1,1,1,1,1,1,1,1,1,1,1,1,1,1
param_20119,real_005,0.8312296018556993,0.7200497775256922,0.25007050616012927,0.31851075671629236,0.2971858173321142,195.6276836091252,1,1,1,1,1,1,1,1,1,1,1,1,1,1
param_20120,real_001,0.7926655701129665,0.3477811461854658,0.038706225881112284,0.061725269520020935,0.8423984368164718,765.1192395670096,0,1,0,1,0,1,0,0,0,0,0,1,1,1
param_20120,real_002,0.8116013823691284,0.5032379933432388,0.0724161986452957,0.10299895661435507,0.5788419913419913,414.74351599667625,1,0,0,1,1,0,1,1,1,1,0,1,0,1
param_20120,real_003,0.8077831436319542,0.39690442438290413,0.03400856174907135,0.04813380331851311,0.6787396200659765,340.88946982945174,1,0,0,0,0,1,0,1,0,1,0,0,0,1
param_20120,real_004,0.7992051664305176,0.3596076336838657,0.04589321861497484,0.07235172370218562,0.4776965908385254,865.8364196988435,1,0,0,0,1,1,0,1,0,0,0,1,0,1
param_20120,real_005,0.8596742275087687,0.4508992005005809,0.12501530002974612,0.17152440287991644,0.44631264868352083,661.6644046226193,0,0,1,0,0,0,1,1,0,0,0,1,1,0
param_20121,real_001,0.7853180824944175,0.3801793205364673,0.06196206874238985,0.09023095869558435,1.1813314890237967,451.73644435564114,0,1,1,1,0,1,0,0,0,0,0,1,1,1
param_20121,real_002,0.8105898275776612,0.5258354177384396,0.08622326574921953,0.1191745903029675,0.8679846310465995,306.1244842495847,1,0,1,1,1,1,1,1,1,1,0,1,0,1
param_20121,real_003,0.7988903781857849,0.3998056183813487,0.038088511011276284,0.054149850571262786,0.8685385018334206,267.1836163693315,1,0,0,0,0,1,0,1,0,1,0,0,0,1
param_20121,real_004,0.7858479787926185,0.3738507850189114,0.05730312416694903,0.08473260888309746,0.7122235987536134,658.2555013463843,1,0,0,0,1,1,0,1,0,0,0,1,0,1
param_20121,real_005,0.8569521596804086,0.47077787393279913,0.146553602704804,0.18748607508982848,0.6324256498614128,680.5694221626302,0,0,1,1,0,0,1,1,0,0,0,1,1,1
param_20122,real_001,0.7742810405349141,0.3872539485939901,0.057296394961160964,0.08792147065455018,1.0539016061717466,461.1974549726002,0,1,1,1,0,1,0,0,0,0,0,1,1,1
param_20122,real_002,0.805190395255921,0.548788881995559,0.09674151482001549,0.13402927433795775,0.8249099230694322,290.60887008637803,1,0,1,1,1,1,1,1,1,1,0,1,0,1
param_20122,real_003,0.7902524260333695,0.4124583038575823,0.04058268286694606,0.05847081093058906,0.7896995708154506,312.8982654332691,1,0,0,0,0,1,0,1,0,1,0,0,0,1
param_20122,real_004,0.7820628925848451,0.3855968057755736,0.0641871385496199,0.09381965204675322,0.6553011494252874,703.7569653151462,1,0,0,0,1,1,0,1,0,0,0,1,0,1
param_20122,real_005,0.8498727596133807,0.4858071109014974,0.14813300107499827,0.1905823996218933,0.5788870703764321,625.9620586729444,0,0,1,1,0,0,1,1,0,0,0,1,1,1
param_20123,real_001,0.7812308274942998,0.504227479132501,0.11289315674841743,0.14246311819265234,1.2733962385675641,214.58179684230532,0,1,1,1,0,1,1,1,0,0,0,1,1,1
param_20123,real_002,0.8186555038675795,0.6086598698455269,0.11943768882541113,0.15818873973121772,0.8681029769313992,298.31776143808224,1,1,1,1,1,1,1,1,1,1,0,1,0,1
param_20123,real_003,0.7772018186288082,0.43913535538119286,0.05170060278213498,0.07741032350822566,0.9268296237993208,97.38643170653127,1,0,1,0,1,1,0,1,0,1,0,0,0,1
param_20123,real_004,0.7713602935636333,0.4369011512377149,0.09185840967707386,0.12875517705135908,0.8614436714663215,387.96075323727854,1,1,0,1,1,1,1,1,0,0,0,1,1,1
param_20123,real_005,0.8561892800011708,0.5534024837758205,0.18955884150574473,0.23248097620178107,0.6626882066120131,583.2615283533377,1,1,1,1,0,1,1,1,0,1,1,1,1,1
param_20124,real_001,0.7522745870320207,0.5557194895711838,0.1384137220611162,0.1830089862545681,1.1109173499092917,208.1592634644827,1,1,1,1,0,1,1,1,0,0,0,1,1,1
param_20124,real_002,0.8190583171701943,0.6932698258685827,0.18684820583090303,0.23942111621681034,0.5936385522911402,190.93756692199466,1,1,1,1,1,1,1,1,1,1,0,1,1,1
param_20124,real_003,0.7545566096844015,0.5273996241291853,0.08824595083148438,0.13298691652815994,0.8470315477707779,138.74499589112344,1,0,1,1,1,1,1,1,0,1,0,0,1,1
param_20124,real_004,0.7703579902907621,0.536507755634914,0.15165546313443706,0.1988133632982326,0.7035838427424188,316.3245120023401,1,1,1,1,1,1,1,1,0,0,0,1,1,1
param_20124,real_005,0.8310273370394488,0.6384931563449637,0.2102015252862522,0.2597127531675269,0.6075669948346651,467.6090289612314,1,1,1,1,0,1,1,1,0,1,1,1,1,1
param_20125,real_001,0.8035680323960446,0.6972932271779029,0.1856405829091264,0.25360998995165224,0.5880989399293286,75.04062195666566,1,1,1,1,1,1,1,1,1,1,1,1,1,1
param_20125,real_002,0.8408172317240371,0.7447168173576034,0.19955471042987621,0.27311434389731826,0.34735368775650605,297.15598233965443,1,1,1,1,1,1,1,1,1,1,1,1,0,1
param_20125,real_003,0.761847694692232,0.5776787209709775,0.12222567686651654,0.18785776459368808,0.5205947005077568,51.40145756654952,1,1,1,1,1,1,1,1,1,1,0,1,0,1
param_20125,real_004,0.7901104920308171,0.6199858540904374,0.18698751315871853,0.2591682837144101,0.3856965609391404,143.87073362945188,1,1,1,1,1,1,1,1,1,1,1,1,1,1
param_20125,real_005,0.8818890414606522,0.7641376460470822,0.3052371748451469,0.3752250890975551,0.2623010081805888,278.3925366164602,1,1,1,1,1,1,1,1,1,1,1,1,1,1
param_20126,real_001,0.8341686433911829,0.3475199710817287,0.018792728914487723,0.04274151857160668,0.4269898264512268,617.9168288943939,0,1,0,1,0,1,0,1,0,0,0,0,0,1
param_20126,real_002,0.8638182590077466,0.42946044670011113,0.08569184135501473,0.11831064435913224,0.47676280293891876,540.455017293546,0,0,0,0,0,1,0,1,0,0,0,0,1,1
param_20126,real_003,0.8241521632173701,0.32379698197135764,0.03585285173997206,0.05284639168286251,0.7132463387157342,758.5768347276165,0,1,0,0,0,1,0,0,0,0,0,0,0,1
param_20126,real_004,0.8177567381325532,0.3361761276375796,0.0307520099034238,0.046993781556043286,0.418768604104653,512.0301256274306,0,0,0,0,0,1,0,0,0,1,0,0,0,1
param_20127,real_001,0.8315385533810621,0.37260741104334466,0.031161794901914775,0.058763456142033786,0.8013315921303333,580.458805011446,0,1,0,1,0,1,0,1,0,1,0,0,0,1
param_20127,real_002,0.8622986479879832,0.4450242262820537,0.09480546430179305,0.12766336657204932,0.5258608445102774,488.94648250831983,0,0,0,0,0,1,0,1,0,0,0,0,1,1
param_20127,real_003,0.8170678672003944,0.3381301548821343,0.03766341866001623,0.061139663302929165,0.8325275947634123,645.6293918165824,0,1,0,0,0,1,0,0,0,0,0,0,0,1
param_20127,real_004,0.8076241897373023,0.34333179144187037,0.033290914018442114,0.048086316118162095,0.5916114790286976,470.70264213890454,0,0,0,0,1,1,0,0,0,1,0,0,0,1
param_20127,real_005,0.8614158958402914,0.3964694588205992,0.15583213066013646,0.19667516560517817,0.4044058632197018,656.7274795896366,0,1,0,0,0,0,0,1,0,0,0,0,0,1
param_20128,real_001,0.8217572580378971,0.38615832406039025,0.032174629307447224,0.06310734470758647,0.7189339944220638,553.7629017472145,0,1,0,1,0,1,0,1,0,0,0,0,0,1
param_20128,real_002,0.856906829174883,0.4736789841951491,0.1006777213175904,0.13874794774117485,0.46489061397318276,521.4906839021754,0,0,0,0,0,1,0,1,0,0,0,0,1,1
param_20128,real_003,0.8107865666468485,0.3590975393253926,0.04235109251350014,0.06775344872917848,0.7385414081244313,655.6196436497307,0,1,0,0,0,1,0,0,0,0,0,0,0,1
param_20128,real_004,0.8023419140457301,0.36887888977507927,0.039580251229365954,0.058714039684175656,0.4902375201288245,402.0930908548829,0,0,0,0,1,1,0,0,0,1,0,0,0,1
param_20128,real_005,0.8602236613282603,0.43703655207769315,0.1839433467894245,0.22545227802370824,0.4231038458371078,595.3162659723321,0,1,0,0,0,0,0,1,0,0,0,0,0,1
param_20129,real_001,0.8195610709940395,0.4772796368483377,0.07159393992879529,0.1015478873662607,1.2482973722275796,381.84446322600877,1,1,1,1,1,1,1,1,0,1,0,1,0,1
param_20129,real_002,0.8396039302936594,0.5095748393812226,0.11840051615940073,0.16219241685768135,0.581530357951971,220.1585330039979,1,1,1,1,1,1,1,1,0,1,0,1,0,1
param_20129,real_003,0.7965520573003237,0.4321010897903801,0.06640041161431594,0.09749083030846299,1.0119781731067832,286.6492084686861,1,1,1,1,1,1,1,1,0,0,0,1,0,1
param_20129,real_004,0.7580854466939312,0.40030577094988695,0.04168649642150189,0.06825509154225068,0.7571591707659874,428.41758529639003,1,0,1,0,1,1,1,0,0,1,0,1,0,1
param_20129,real_005,0.8340245532441254,0.46132892233731,0.1758422492015338,0.2241678756492842,0.3615937730580593,629.6013453184652,1,1,1,0,1,1,1,1,0,0,0,1,0,1
param_20130,real_001,0.8008152842644298,0.5431588131169232,0.11244940603858204,0.1544366338204549,0.8978795060496445,327.613117911568,1,1,1,1,1,1,1,1,0,1,0,1,1,1
param_20130,real_002,0.8476258765600987,0.6222827937947265,0.19221573087208024,0.2501672148148316,0.4982974027977172,294.56117002545295,1,1,1,1,1,1,1,1,0,0,0,1,1,1
param_20130,real_003,0.7910363446408698,0.5239305322145387,0.12107730922035685,0.16902679772954043,0.8514157167812394,276.3201543113962,1,1,1,1,1,1,1,1,0,1,0,1,1,1
param_20130,real_004,0.7671483897362016,0.5224172632098886,0.09548018801673504,0.14222872201921846,0.6245053929121726,276.39509816083034,1,1,1,0,1,1,1,1,0,1,0,1,1,1
param_20130,real_005,0.8597510663362178,0.6380305993025184,0.2736516056544122,0.327776805059684,0.29105781743818554,388.88486731635555,1,1,1,0,1,1,1,1,0,0,0,1,1,1
param_20131,real_001,0.8054777737571448,0.6537734289962295,0.15915296444619056,0.22998132469929264,0.4265572134459509,195.59244453117674,1,1,1,1,1,1,1,1,1,1,1,1,1,1
param_20131,real_002,0.8161147979547175,0.6656901731888649,0.22194743092999,0.2902385712831152,0.2596280908106049,89.00741209577978,1,1,1,1,1,1,1,1,1,1,1,1,1,1
param_20131,real_003,0.7992310199403018,0.6375716989927935,0.16667969365000584,0.2389786969662296,0.41014615770658175,42.720847102807305,1,1,1,1,1,1,1,1,1,1,1,1,1,1
param_20131,real_004,0.7225875800717896,0.5717437712304662,0.12488547983255546,0.19684458346035616,0.3519528009095658,176.9024949946196,1,1,1,1,1,1,1,1,1,1,1,1,1,1
param_20131,real_005,0.8350744766412952,0.6979304450377916,0.28864916391383943,0.3654843675957882,0.11663822270127848,392.38402787171566,1,1,1,1,1,1,1,1,1,1,1,1,1,1
param_20132,real_002,0.8260418858914914,0.4202344152955512,0.07374606263659232,0.10755557882368488,0.4319841921804578,556.39253338609,0,0,0,0,0,0,0,0,0,1,0,0,1,1
param_20132,real_003,0.8050482440947406,0.36556446794182934,0.03611787590460382,0.051812728826817506,0.1352377906163165,656.8920433224928,1,0,0,0,1,0,0,0,0,0,0,0,0,1
param_20132,real_004,0.8629626393272293,0.5051750615661936,0.17594673711656877,0.19571513856318234,0.22262140135988812,400.51868099877345,0,0,0,0,0,0,0,0,0,0,0,0,1,1
param_20132,real_005,0.8215154469441706,0.37037489517171646,0.03783481684132452,0.05878640508611491,0.09590204897551224,898.4352274224418,0,0,0,0,0,0,0,0,0,0,0,0,1,1
param_20133,real_001,0.7983404589108651,0.38184421761159043,0.08623903226094334,0.11321728767528869,0.8838426766603562,619.531099126779,0,1,1,1,1,0,1,1,0,1,0,1,0,1
param_20133,real_002,0.818650836674541,0.4453719773913849,0.08617605184123521,0.12027552300780162,0.6232008329760519,399.1151509234595,0,0,0,0,0,0,0,0,0,1,0,0,1,1
param_20133,real_003,0.790096064368565,0.37385241846086165,0.039928663252202116,0.05913262264332785,0.006534178083428097,576.4372600847663,1,0,0,0,1,0,0,1,0,0,0,0,0,1
param_20133,real_004,0.8556784285585712,0.5299255089384056,0.1761685229612085,0.19981966252219263,0.4523111907989679,552.0220949372863,0,0,0,0,0,0,0,0,0,0,0,0,1,1
param_20133,real_005,0.8098195997937907,0.3769099090482899,0.06657578990274082,0.09154136236566054,0.016314447469640003,874.2490781487071,0,0,0,0,0,0,0,0,0,0,0,0,1,1
param_20134,real_001,0.7923103519520227,0.39925968475533674,0.0933536049830048,0.12561164651384926,0.8074215890534376,620.4459271308333,0,1,1,1,1,0,1,1,0,1,0,0,0,1
param_20134,real_002,0.8124926798909872,0.4664748752114622,0.09435301316495474,0.13047773108414795,0.5906071157001641,379.96397678702374,0,0,0,0,0,0,0,0,0,1,0,0,1,1
param_20134,real_003,0.784956281179649,0.3829753071828841,0.04396848816171845,0.06567927376727205,0.053301788323707466,599.9025049919271,1,0,0,0,1,0,0,1,0,0,0,0,0,1
param_20134,real_004,0.8536402914504687,0.5524350269541572,0.19348188334825775,0.21267509244397054,0.4276182686926951,414.6171773131795,0,0,0,0,0,0,0,0,0,0,0,0,1,1
param_20134,real_005,0.8076287105510441,0.40491579980505327,0.07493906757398268,0.10243637844315384,0.06085445143016544,880.9332542012731,0,0,0,0,0,0,0,0,0,0,0,0,1,1
param_20135,real_001,0.7696233616534919,0.46880720949660803,0.10774137221015165,0.15206208617076167,0.8123309828897819,222.6147048988518,0,1,1,1,1,1,1,1,0,1,1,1,0,1
param_20135,real_002,0.7893183330776682,0.5298159259231359,0.09187742301040791,0.12836839361490082,0.941048565910879,248.23956372041874,1,1,1,1,1,1,1,0,0,1,0,1,1,1
param_20135,real_003,0.7679641632517115,0.4522229584377776,0.06374131477320712,0.09720781868925879,0.24262785074663135,382.28728011616454,1,0,1,0,1,1,0,1,1,0,0,1,1,1
param_20135,real_004,0.8419498282098911,0.6110660671310518,0.18477017939072865,0.21492549642487002,0.7575873708415017,481.84779742307904,1,1,0,1,1,0,0,1,0,1,0,1,1,1
param_20136,real_001,0.7763391114501366,0.5728584391989845,0.17102472984007414,0.2191428979860024,0.7276938213736913,310.2327069947108,1,1,1,1,1,1,1,1,0,1,1,1,1,1
param_20136,real_002,0.7863883341163269,0.6295752825688309,0.15797736093042392,0.201016092188399,0.873021154609094,187.5529526976237,1,1,1,1,1,1,1,1,0,1,0,1,1,1
param_20136,real_003,0.7614378643968073,0.5362577954375736,0.10805114311570856,0.15783467976180512,0.1947037411737711,397.26511378681175,1,0,1,1,1,1,0,1,1,0,0,1,1,1
param_20136,real_004,0.84328013587221,0.7016591236473253,0.24832115200795496,0.2881587670873266,0.6845071920448805,224.1775973342397,1,1,0,1,1,1,1,1,0,1,0,1,1,1
param_20136,real_005,0.7990012094114367,0.6160303201119156,0.2016886191996689,0.24563368249798348,0.2278831805585163,607.3563138515503,1,0,0,0,1,0,0,1,0,0,0,1,1,1
param_20137,real_001,0.7701546090926148,0.6480324880913731,0.2053392520129565,0.278898631457589,0.34253907847705084,164.66047332598137,1,1,1,1,1,1,1,1,1,1,1,1,1,1
param_20137,real_002,0.7762907185079676,0.6831791840585488,0.1574701400133036,0.22386958480475208,0.49607554653928665,122.19216364258976,1,1,1,1,1,1,1,1,1,1,1,1,1,1
param_20137,real_003,0.7639613852324593,0.6232748740416061,0.16019886545710885,0.23441960298347045,0.31270370416269067,213.552141377661,1,1,1,1,1,1,1,1,1,1,1,1,1,1
param_20137,real_004,0.8315572755373956,0.7507737397933534,0.22774769948227566,0.2941002956237059,0.3340010752137627,170.0097095707083,1,1,1,1,1,1,1,1,1,1,1,1,1,1
param_20137,real_005,0.8552760501522891,0.7555346702316094,0.2959775909394299,0.3753126231017223,0.20770413963753093,203.65299626679263,1,1,1,1,1,1,1,1,1,1,1,1,1,1
param_20138,real_001,0.7943571379570317,0.35128760495958206,0.047057405347156314,0.08374074585221476,0.28303060462801694,892.6200958732566,0,1,0,1,1,0,0,1,0,0,0,0,1,1
param_20138,real_002,0.8131768924536982,0.42139443675605004,0.07021801869999138,0.10399255194189816,0.17135887123359927,341.84243197346,0,0,0,0,0,0,0,0,0,1,0,0,1,1
param_20138,real_003,0.7985482809358408,0.400498371570514,0.04243312635332994,0.06035021295689209,0.34136633771331987,575.68600808255,1,0,0,0,1,0,0,0,0,0,0,0,0,1
param_20138,real_004,0.8474216465763819,0.5070823468778393,0.1754143530314477,0.19637150906904566,0.13085285330521454,481.82378611041094,0,0,0,0,0,0,0,0,0,0,0,0,1,1
param_20138,real_005,0.8162307947981544,0.40474918728551,0.029806121489039255,0.051700030623603406,0.3357264358615169,847.1205901279762,0,0,0,0,0,0,0,0,0,0,0,0,1,0
param_20139,real_001,0.7815703600906839,0.3781043995569008,0.07870681839833905,0.11235476903377789,0.618188392695715,526.5671288165742,0,1,1,1,1,0,1,1,0,1,0,1,1,1
param_20139,real_002,0.8010319935467081,0.44441072247082786,0.08800339324475187,0.12234792030399286,0.43678299965725115,210.01908509550884,1,0,0,0,0,0,0,0,0,1,0,0,1,1
param_20139,real_003,0.7794611644724995,0.4048017330383073,0.04766369984984439,0.06711145100870747,0.17182807345773227,548.4026209882505,1,0,0,0,1,0,0,0,0,0,0,0,0,1
param_20139,real_004,0.8353572071488748,0.5230578788549817,0.18381794745772065,0.20430840988129226,0.41097224109043157,574.4953542919221,0,0,0,0,0,0,0,0,0,0,0,0,1,1
param_20139,real_005,0.7978651129430697,0.39619475508532465,0.06934475477211359,0.09585010378157506,0.128846072231889,784.0580353401326,0,0,0,0,0,0,0,0,0,0,0,0,1,1
param_20140,real_001,0.7821008999327975,0.40208619055921035,0.08820349818322776,0.1267818010284476,0.5863143462545183,565.6998175931687,0,1,1,1,1,0,1,1,0,0,0,0,1,1
param_20140,real_002,0.797540235698386,0.4725831618998689,0.10235957677188928,0.13806447143985112,0.4367352586530669,232.9713851079799,1,0,0,0,0,0,0,0,0,1,0,0,1,1
param_20140,real_003,0.7734790163070215,0.41418159941806343,0.04999028938610236,0.07123983927186148,0.2253942014242116,550.5753022621108,1,0,0,0,1,0,0,0,0,0,0,0,1,1
param_20140,real_004,0.8376860484302133,0.5492735547974358,0.20105105103876802,0.21997971402235353,0.3865473248280008,430.2035160556654,0,0,0,0,0,0,0,0,0,0,0,0,1,1
param_20140,real_005,0.795476396128181,0.4231466294036455,0.07361727769231372,0.10278341879587867,0.21350437758508473,815.0057989060246,0,0,0,0,0,0,0,0,0,0,0,0,1,1
param_20141,real_001,0.7612947621840189,0.46786651567423776,0.11637102755975358,0.1656323177893284,0.6692304990692938,171.95884209853028,0,1,1,1,1,1,1,1,1,1,1,1,1,1
param_20141,real_002,0.7767661137425006,0.5280531365861699,0.10100874211956647,0.13532276897141784,0.9738611227573045,149.09584682459482,1,1,0,0,1,1,1,0,0,1,0,1,1,1
param_20141,real_003,0.7575029152445509,0.4679142689854378,0.07356838009354788,0.10318361885383853,0.1831207468453989,418.7652882013042,1,0,1,0,1,1,0,0,1,0,0,1,1,1
param_20141,real_004,0.826902180381545,0.5990764345583591,0.19665543378974445,0.2233668509792093,0.7699179407718943,484.6240946261705,1,1,0,1,1,0,0,1,0,0,0,1,1,1
param_20142,real_001,0.7758614388669426,0.5889889002336771,0.18358852878344012,0.23679692282835657,0.6308025136499433,237.689229431314,1,1,1,1,1,1,1,1,1,1,1,1,1,1
param_20142,real_002,0.7756667577514686,0.6339334237151603,0.16862421058295646,0.21043435962101634,0.886913038486561,173.55065816021155,1,1,0,1,1,1,1,1,0,1,0,1,1,1
param_20142,real_003,0.7510497398993908,0.553497654153381,0.1076623761664009,0.1592458578043352,0.09503120615414389,420.8922416266944,1,0,1,0,1,1,0,1,1,0,0,1,1,1
param_20142,real_004,0.8376078307083769,0.7020372014396753,0.26384875469069025,0.3007964427167997,0.7100345542501728,238.55352944177181,1,1,0,1,1,1,1,1,0,1,0,1,1,1
param_20142,real_005,0.7926628495910454,0.6334454593568514,0.21237762565907034,0.25698955782868366,0.22628236569687896,527.452399267787,1,0,0,0,1,0,0,1,0,0,0,1,1,1
param_20143,real_001,0.7704867239633899,0.651021441924338,0.21521257155426288,0.288795808685291,0.3630942591746612,150.4849011391598,1,1,1,1,1,1,1,1,1,1,1,1,1,1
param_20143,real_002,0.7821688503413066,0.6814756289108941,0.16139721740276222,0.22616091742826888,0.5720182131599009,89.1748729430495,1,1,1,1,1,1,1,1,1,1,1,1,1,1
param_20143,real_003,0.7708915244902768,0.6366162243816028,0.16324311068138406,0.23651735672861854,0.3239458255459689,271.0046150396777,1,1,1,1,1,1,1,1,1,1,1,1,1,1
param_20143,real_004,0.8336611945540178,0.7465419142041295,0.23521735053200096,0.29883196372232457,0.37565464311067653,148.13875044595005,1,1,1,1,1,1,1,1,1,1,1,1,1,1
param_20143,real_005,0.8529107697182815,0.7512851607150509,0.2982476498223533,0.37683552734657605,0.24445261045311925,172.30971226402207,1,1,1,1,1,1,1,1,1,0,1,1,1,1
param_20144,real_001,0.7858513403737537,0.3350859952638055,0.012380396634602275,0.033227782793161374,0.6348233680118898,528.0696597832812,0,1,0,0,0,1,0,1,0,1,0,0,1,1
param_20144,real_002,0.8046379838188057,0.2998050665067216,0.025284472102898806,0.049026749794359815,0.29356889482655363,875.3922512153339,0,1,0,0,0,1,0,0,0,1,0,0,1,1
param_20144,real_003,0.8165788348153978,0.40738942298657477,0.050738122150955085,0.07101204297199366,0.429167303618615,216.8234132991479,1,0,0,0,0,1,0,1,0,1,0,0,0,1
param_20144,real_004,0.8233812923204034,0.3420882896043115,0.034209590293742216,0.05223855565847664,0.5298907465273818,177.96239614472952,0,0,0,1,0,1,0,1,0,1,0,1,0,0
param_20144,real_005,0.8396330375886207,0.34559276956011004,0.0401352168114395,0.07797084577925019,0.17469637435256297,30.74307421249606,0,1,0,1,0,0,1,1,0,0,0,1,0,0
param_20145,real_001,0.7795285314492945,0.3547104685474997,0.024306649040277815,0.046579195981853456,0.8210573305273898,447.7895432392719,0,1,0,0,0,1,0,1,0,1,0,0,1,1
param_20145,real_002,0.8000626650614814,0.31770405359051085,0.032822856672042294,0.06262501207544748,0.4653069850998626,855.7039758002463,0,1,0,0,0,1,0,0,0,1,0,0,1,1
param_20145,real_003,0.8147871943130707,0.432102639294637,0.06340553300877612,0.08840679097242062,0.6332556490019252,136.6854070315402,1,0,0,0,1,1,0,1,0,1,0,0,0,1
param_20145,real_004,0.8179790522494795,0.3675159913585903,0.04178576291104545,0.06769887427175307,0.8190526650418565,252.43867532642727,0,0,0,1,0,1,0,1,0,1,0,1,0,0
param_20145,real_005,0.8381935548595192,0.36676674771314877,0.05976737635106229,0.10368646087544445,0.37704474505723207,83.64130117563334,0,1,1,1,0,0,1,1,0,1,0,1,0,0
param_20146,real_001,0.7674260068783418,0.3719149816880291,0.0266956895379855,0.05089111179377265,0.7685415629666501,417.2096425566119,0,1,0,0,0,1,0,1,0,1,0,0,1,1
param_20146,real_002,0.7926041719589222,0.3326352818265487,0.03606808820002268,0.07057540573186882,0.4122756104639111,877.1323136918248,0,1,0,0,0,1,0,0,0,1,0,0,1,1
param_20146,real_003,0.8051487774697079,0.44807820116487557,0.06618309674081545,0.093953081896201,0.5386406778997632,174.99857743273378,1,0,0,0,1,1,0,1,0,1,0,0,0,1
param_20146,real_004,0.8086089884447384,0.3765030968997485,0.04370011906720542,0.07216536782035346,0.6959848956554924,227.73585425793675,0,0,0,1,0,1,0,1,0,1,0,1,0,1
param_20146,real_005,0.8265402605565193,0.37757433253225053,0.057102341800679086,0.10387812785467104,0.3528631705846896,103.73760654539811,0,1,1,1,0,0,1,1,0,1,0,1,0,0
param_20147,real_001,0.7546350240546265,0.42397896142564084,0.05821053101956435,0.08710783109469028,0.8780300751879699,272.6806856490613,1,1,1,0,1,1,1,1,0,1,0,0,1,1
param_20147,real_002,0.7737214036685842,0.413196929907398,0.07020692769564807,0.11302678616635099,0.7492575855390574,711.1532157664782,1,1,1,1,1,1,1,0,0,1,0,1,1,1
param_20147,real_003,0.794164717583716,0.5279257926923057,0.09595850871744313,0.13546091280029776,0.9101921890025979,185.43137166716096,1,1,1,0,1,1,1,1,0,1,0,1,0,1
param_20147,real_004,0.8064225106549907,0.4763732060050577,0.07950302622993342,0.11074418749145902,1.353678181492751,251.14444661466155,1,1,1,1,1,1,1,1,0,1,0,1,0,1
param_20147,real_005,0.8430896584567141,0.47306217224153263,0.14244892979801438,0.18654577963622912,0.8151183440565956,132.81554336685974,1,1,1,1,1,1,1,1,0,1,0,1,0,0
param_20148,real_001,0.7436176422751754,0.5134458338001776,0.1057814558614036,0.15175714799380466,1.0053604362652089,204.49679872171436,1,1,1,0,1,1,1,1,0,1,0,0,1,1
param_20148,real_002,0.772439517135691,0.5130499153412024,0.13411229523209506,0.18379708220891125,0.6921959054636311,645.2459910697156,1,1,1,1,1,1,1,0,0,1,0,1,1,1
param_20148,real_003,0.7857389470847532,0.5998746556705227,0.15630051083804586,0.2006636629369288,0.786697466184035,62.836542317620115,1,1,1,1,1,1,1,1,0,1,0,1,1,1
param_20148,real_004,0.7910678405573673,0.5495194109706198,0.12934730985650375,0.17688753402367002,0.926368691455086,227.7453987285213,1,1,1,1,1,1,1,1,0,1,0,1,1,1
param_20148,real_005,0.8268854696300418,0.5671064587499527,0.1825559253092407,0.23941670841594007,0.6277100994989433,58.630796451735144,1,1,1,1,1,1,1,1,0,1,0,1,1,1
param_20149,real_001,0.7462838782885691,0.5935038662109519,0.16901339511646574,0.24085607268959186,0.40881676927220006,129.81364650293955,1,1,1,1,1,1,1,1,1,1,1,1,1,1
param_20149,real_002,0.7543947177442353,0.6126602096871656,0.18303668167642548,0.25296781706885807,0.3292397089701646,293.7236699811518,1,1,1,1,1,1,1,1,1,1,1,1,1,1
param_20149,real_003,0.7824235630001859,0.6940209015861645,0.19767370125710557,0.2683365381893467,0.38254629828556697,242.04610693960234,1,1,1,1,1,1,1,1,1,1,1,1,1,1
param_20149,real_004,0.8084226007870738,0.6727885451208331,0.18360373994861987,0.2547520391843139,0.4155548483439007,123.71894710427293,1,1,1,1,1,1,1,1,1,1,1,1,1,1
param_20149,real_005,0.8658876542950835,0.7069055833389208,0.2843021263748875,0.35684852968087105,0.20181767187621213,119.37152782164262,1,1,1,1,1,1,1,1,1,1,1,1,1,1
param_20150,real_001,0.7987289533567649,0.3759904655966001,0.02553062692705498,0.05476063320920842,0.11797351938476175,800.8162126952948,0,1,0,0,0,0,1,1,0,0,0,1,1,1
param_20150,real_002,0.8427932938668872,0.448119524676547,0.1158522665704635,0.14382888465157262,0.27619967511085747,345.1911928748587,0,0,0,0,1,0,1,1,0,0,0,0,0,1
param_20150,real_003,0.8565349480007162,0.4236509307447146,0.10767435227941176,0.142514725674445,0.010027969165700252,131.77609179360013,0,0,0,0,0,1,0,1,0,0,0,1,0,0
param_20150,real_004,0.8263080516859665,0.3676615069927388,0.04570600540575092,0.07504924455280247,0.17204525311506177,196.90488395944743,0,0,0,0,0,0,0,1,0,0,0,1,1,1
param_20150,real_005,0.8359399109565281,0.338530800081435,0.03252714672868688,0.05071586436420123,0.15747600052601587,1039.6310176411496,1,0,0,0,1,0,0,1,0,0,0,0,0,1
param_20151,real_001,0.7877762451116014,0.3959457281012504,0.03894527851755144,0.07300083406384386,0.2488192282125739,648.7771948835184,0,1,0,0,0,1,1,1,0,0,1,1,1,1
param_20151,real_002,0.838718842861648,0.4780474052211984,0.1341233854520405,0.16237796179663846,0.553042045164708,164.2802123520641,0,0,1,1,1,0,1,1,0,0,0,1,0,1
param_20151,real_003,0.8540416950875964,0.45466680853399394,0.13341318555027576,0.16909260007533233,0.1920628309632891,118.01049539526815,0,1,0,0,0,1,0,1,0,0,0,1,1,0
param_20151,real_004,0.822702431910037,0.4019127362333665,0.08005123661322039,0.11523715667430923,0.598922265024828,291.0557769382502,0,0,0,0,0,1,1,1,0,0,0,1,1,1
param_20151,real_005,0.8241565299593581,0.35558063021008524,0.039076284451733494,0.06596396533561089,0.024642893844414756,894.8012593006423,1,0,0,0,1,0,0,1,0,0,0,1,0,1
param_20152,real_001,0.7749349102543315,0.4028350979049671,0.0379710068952237,0.07374038684128245,0.20435306262904335,659.2583576018449,0,1,0,0,0,1,1,1,0,0,0,1,1,1
param_20152,real_002,0.8341072164245463,0.4964245340929119,0.1429988988387711,0.17316465022465968,0.5040516780062686,175.66397965735842,0,0,1,1,1,0,1,1,0,0,0,1,0,1
param_20152,real_003,0.8450521354724139,0.46462484425620587,0.12696921575381798,0.17172701058715373,0.21298158598738554,112.11136184069268,0,0,0,1,0,1,0,1,0,0,0,1,1,1
param_20152,real_004,0.8170815843219803,0.4132754790289841,0.08971670538519337,0.12802313935458873,0.49834368075817737,295.8366930483429,0,0,0,0,0,0,1,1,0,0,0,1,1,1
param_20152,real_005,0.8211321435919865,0.3735046881136315,0.04618016223437128,0.08007767546248697,0.0632354970333721,940.8676098955449,1,0,0,0,1,0,0,1,0,0,0,1,0,1
param_20153,real_001,0.7689013240548016,0.47899623394155755,0.09617559848801886,0.14083920331770317,0.6874430693369931,227.84387896029997,1,1,1,1,1,1,1,1,1,1,1,1,1,1
param_20153,real_002,0.8235907052819538,0.5557870763759668,0.151961935481608,0.19214466710896494,0.848364307946635,180.33315559450276,1,1,1,1,1,1,1,1,0,1,1,1,0,1
param_20153,real_003,0.8530907764355764,0.5478378990541974,0.18751663946220234,0.23946026898233627,0.4406535193538236,174.08437778161797,1,1,1,1,1,1,1,1,0,1,1,1,1,1
param_20153,real_004,0.8186229364276523,0.5174067253674607,0.1595329937597774,0.19914874537022295,0.7760328479512361,155.71600817019893,0,1,0,1,0,1,1,1,0,0,1,1,1,1
param_20153,real_005,0.8040493135371868,0.41625199817502107,0.08719678921956517,0.1342715349666676,0.4396378880855459,733.9287918908566,1,1,1,1,1,0,1,1,0,0,0,1,0,1
param_20154,real_001,0.7642045997967901,0.5579452611870118,0.1298819408737498,0.1941514575608598,0.6159083378758243,252.1472490118958,1,1,1,1,1,1,1,1,1,1,1,1,1,1
param_20154,real_002,0.8290455010269808,0.6669775812719636,0.21335833465653375,0.2623044891605023,0.609620133055864,41.28822550092268,1,1,1,1,1,1,1,1,0,1,1,1,1,1
param_20154,real_003,0.8512832511541885,0.6552695636520173,0.23134489067633507,0.29694395691607245,0.5234255879499146,160.4133453455516,1,1,1,1,1,1,1,1,0,1,1,1,1,1
param_20154,real_004,0.8163089264383323,0.5882320973070111,0.21511238622668322,0.2581544183028722,0.7319178691755133,180.08496887497003,0,1,1,1,0,1,1,1,0,0,1,1,1,1
param_20154,real_005,0.8019060063658323,0.5389840494796954,0.14856683613086716,0.21070955116792703,0.30314661956361744,765.49546035603,1,1,1,1,1,1,1,1,1,1,0,1,1,1
param_20155,real_002,0.8393493749130565,0.7368343409923406,0.23964909942834706,0.3069389078322965,0.3350885007047109,116.97088483742904,1,1,1,1,1,1,1,1,1,1,1,1,1,1
param_20155,real_003,0.8667725984669202,0.7454196774908455,0.3107915875370512,0.3813471297412579,0.24102801292623405,114.49499578210363,1,1,1,1,1,1,1,1,1,1,1,1,1,1
param_20155,real_004,0.8445568561903807,0.7115926377077793,0.2812831664573674,0.3514552169500793,0.3643171609127098,177.6525656137409,1,1,1,1,1,1,1,1,1,1,1,1,1,1
param_20155,real_005,0.8265593383793692,0.6402315185438493,0.22921204038140183,0.2987737201133171,0.3899557068006266,367.19811814780985,1,1,1,1,1,1,1,1,1,1,1,1,0,1
param_20156,real_001,0.7983025148776832,0.3729139220302833,0.028148229686100555,0.04956416348173419,0.25491609183568414,888.6593278379023,1,1,0,0,1,0,0,0,0,0,0,0,1,1
param_20156,real_002,0.7870297300250957,0.4227496732833915,0.023368710998214786,0.05078784336630596,0.14819410291695806,501.8764969207468,0,0,0,0,0,0,0,0,0,1,0,1,1,1
param_20156,real_003,0.8341246178285586,0.364891899058154,0.047583971776761824,0.08308509080139943,0.2789459615984319,292.1555978182224,0,0,0,1,0,1,0,0,0,0,0,0,1,1
param_20156,real_005,0.8090631344286692,0.4745441471608741,0.09111406200246396,0.10659696687487649,0.4645414368426462,672.4874671539773,1,0,0,0,1,0,0,0,0,0,0,0,1,1
param_20157,real_001,0.7718521798741915,0.3750965217353258,0.03907018914944425,0.06773822387738622,0.08864022818276562,733.6135540200148,1,1,0,0,1,0,0,1,0,0,0,1,1,1
param_20157,real_002,0.7747136094539944,0.41970280309818536,0.0425143799945177,0.07436193718694517,0.07158490054424667,467.46063858610546,0,0,0,0,0,0,0,0,0,1,0,1,1,1
param_20157,real_003,0.8118922228718449,0.3810699682663445,0.07876901616273031,0.12138571319788131,0.019392884764114462,339.60902608908094,0,0,1,1,0,1,0,0,0,0,0,0,1,1
param_20157,real_004,0.801815536916035,0.38313203028061144,0.09339109142776206,0.10301850472229582,0.9622204856936764,470.57403788401933,0,0,0,0,0,0,0,1,0,0,0,1,1,1
param_20157,real_005,0.7975342001872749,0.4859149304058804,0.1102540358840986,0.13149455067099375,0.23665556953758424,584.6457349454864,1,0,0,0,1,0,0,0,1,0,0,0,1,1
param_20158,real_001,0.7668180361566103,0.4017303764246285,0.04406203380789197,0.07416358951809139,0.06097954211601161,845.9829983366553,1,1,0,0,1,0,0,1,0,0,0,1,1,1
param_20158,real_002,0.7621931743720232,0.42763629667566183,0.03585867245903076,0.0713975061624961,0.09093163909717054,387.5224026974232,0,0,0,0,0,0,0,0,0,1,0,1,1,1
param_20158,real_003,0.8093936698801072,0.39613478342579644,0.07499589505774122,0.12268860077308671,0.07747418162417591,298.79895944799335,0,0,1,1,0,1,0,0,0,0,0,0,1,1
param_20158,real_004,0.7998912951047918,0.40444175089196976,0.10410124998660081,0.11650709692914533,1.029952064786971,441.0055560988752,0,0,0,0,0,0,0,1,0,0,0,1,1,1
param_20158,real_005,0.7967801074258034,0.4961419057071139,0.1180013759930063,0.14701012554697748,0.25377591811974054,612.9095212189953,1,0,0,0,1,0,0,0,1,0,0,0,1,1
param_20159,real_001,0.7717513257214698,0.49103513457484077,0.09921243167414516,0.13711295790584535,0.7816970861351265,331.5734280537422,1,1,1,1,1,1,1,1,0,0,0,1,1,1
param_20159,real_002,0.7849714348332819,0.5314040373667239,0.14829083412782665,0.19281582225787225,0.23377397872974853,211.21723501375232,0,0,0,0,0,0,1,0,1,1,1,1,1,1
param_20159,real_003,0.8033478727927004,0.4846285296749647,0.14801809053914514,0.1886439511079158,0.7190994916485113,220.84675837756552,1,0,1,1,1,1,1,1,0,1,0,1,1,1
param_20159,real_004,0.778475929635033,0.45515894333086765,0.10021489214693054,0.13098309925110801,1.266749888542131,278.6711379769019,0,1,1,1,0,0,1,1,0,0,0,1,1,1
param_20159,real_005,0.7759245854937802,0.5374697190760832,0.13836655669779738,0.17482703644511507,0.07191306338325121,397.14099343720443,1,0,0,0,1,0,0,1,1,0,0,1,1,1
param_20160,real_001,0.7691431982418271,0.5969600282481092,0.14875813046825345,0.2090124460769065,0.5759808496854034,359.17860412054466,1,1,1,1,1,1,1,1,1,0,0,1,1,1
param_20160,real_002,0.7764678015726523,0.6017851951173764,0.19329275220807582,0.25609587470105316,0.5254334222979792,171.41209398132136,0,1,1,1,1,0,1,1,1,1,1,1,1,1
param_20160,real_003,0.7775316046274969,0.5639062308413827,0.17005866898262084,0.21983753855778052,0.7600508075605379,217.0771391776016,1,1,1,1,1,1,1,1,0,1,0,1,1,1
param_20160,real_004,0.7773845136520083,0.5592105918278591,0.15735811440824665,0.19312155014663998,1.1973594495754045,194.8537510217973,0,1,1,1,0,1,1,1,0,0,0,1,1,1
param_20160,real_005,0.8137550046206091,0.6651324453292677,0.22417039425489813,0.28155970000464375,0.11014302981466559,392.5384220256751,1,1,0,0,1,0,0,1,1,0,1,1,1,1
param_20161,real_001,0.8338605590382457,0.7238255277298741,0.23024711951077637,0.3037849915781903,0.2910961325446018,235.14054255053495,1,1,1,1,1,1,1,1,1,1,1,1,1,1
param_20161,real_002,0.8387390552758806,0.7477069619995781,0.2917974092323765,0.36458852137800596,0.3700941099134028,64.85019097949812,1,1,1,1,1,1,1,1,1,1,1,1,1,1
param_20161,real_003,0.8357319921429266,0.69444082382683,0.25522210180233346,0.3259206417135755,0.38916975403931253,144.19877706524053,1,1,1,1,1,1,1,1,1,1,1,1,1,1
param_20161,real_004,0.7972402499099871,0.6379641497806583,0.20489332718635986,0.27094041093954124,0.5565431888742398,80.90248319151613,1,1,1,1,1,1,1,1,1,1,1,1,1,1
param_20161,real_005,0.850949069789274,0.7355741508463391,0.29943783672269125,0.37807642206221104,0.19491169708246409,161.1315630141342,1,1,1,1,1,1,1,1,1,1,1,1,1,1
