param_folder,realization,global_ssim,plume_ssim,iou_0.001,iou_0.0001,area_rel_err_1e-3_d365,centroid_err_m_d365,exceed_w500_+400_true,exceed_w500_+400_pred,exceed_w500_-400_true,exceed_w500_-400_pred,exceed_w1000_+400_true,exceed_w1000_+400_pred,exceed_w1000_-400_true,exceed_w1000_-400_pred,exceed_w1500_+600_true,exceed_w1500_+600_pred,exceed_w1500_-600_true,exceed_w1500_-600_pred,exceed_w1900_+0_true,exceed_w1900_+0_pred
param_20000,real_001,0.7570870846103018,0.4017260052311989,0.06018796035509384,0.07800109127737125,2.2781685496988615,303.09654171118353,0,1,0,1,0,0,0,1,0,1,0,1,0,1
param_20000,real_002,0.7766885906236954,0.3791176939783596,0.07752920695565652,0.09686738836949316,1.923411913702313,139.58665119329996,0,1,0,1,0,1,0,1,0,0,0,1,0,1
param_20000,real_003,0.7867408237544238,0.4266232926334536,0.09822610943349452,0.11550491707666502,2.3090002470744144,423.8601265911127,0,1,0,1,0,1,0,1,0,1,0,1,0,1
param_20000,real_004,0.7680699757040748,0.3719690867044664,0.06536166654130936,0.0783380634276143,2.126299653425753,826.9060671546641,0,1,0,1,0,1,0,1,0,0,0,1,1,1
param_20000,real_005,0.7533459893412746,0.3514792515197318,0.06893688961988355,0.08840990811753859,2.122982626333892,499.5659723896494,0,1,0,1,0,1,0,1,0,1,0,1,0,1
param_20001,real_001,0.7608710588900659,0.4105621376916748,0.0630549319106853,0.08320927047866852,2.057652485904664,303.7393401303592,0,1,0,1,0,0,0,1,0,1,0,1,0,1
param_20001,real_002,0.7815825879462369,0.38742837086700704,0.08236329107504431,0.10431029443892939,1.7193700396825398,140.12110800350843,0,1,0,1,0,1,0,1,0,0,0,1,0,1
param_20001,real_003,0.790487190824907,0.43292220284092237,0.10171431347256574,0.12128292043565604,2.098994488619631,424.40062932345376,0,1,0,1,0,1,0,1,0,1,0,1,0,1
param_20001,real_004,0.7725811930817291,0.3866552054018598,0.06832029546524422,0.0837385149405282,1.914021246194943,827.4536989694581,0,1,0,1,0,1,0,1,0,0,0,1,0,1
param_20001,real_005,0.7578979595974981,0.3597202971929685,0.07337521425018684,0.09532182957508908,1.9030578783407115,500.2061782287253,0,1,0,1,0,1,0,1,0,1,0,1,0,1
param_20002,real_001,0.7585552495384453,0.42677536937647403,0.0645985271759936,0.0860106204744771,1.9543194469206235,298.6950687920535,0,1,0,1,0,0,0,1,0,1,0,1,0,1
param_20002,real_002,0.7797781694949835,0.4056654479635806,0.08478494637906916,0.10820286782481023,1.6290612636374535,135.1174066112412,0,1,0,1,0,1,0,1,0,0,0,1,1,1
param_20002,real_003,0.7896606895701518,0.4567766568777476,0.10593562914168501,0.12928518262722227,1.9902975683026833,419.95773031565477,0,1,0,1,0,1,0,1,0,1,0,1,0,1
param_20002,real_004,0.7712961320193952,0.4029738986945508,0.07141882706290203,0.08850976129104517,1.8235683614912317,822.2126685545196,0,1,0,1,0,1,0,1,0,0,0,1,1,1
param_20002,real_005,0.7566469427641321,0.37684712704947315,0.07598887368028849,0.09947300184284585,1.8043159770342507,495.03527867947895,0,1,0,1,0,1,0,1,0,1,0,1,0,1
param_20003,real_001,0.7886058381250574,0.48127248010180523,0.08064926043874858,0.11496568520717083,1.1735018071586802,305.9998448656393,1,1,1,1,1,0,1,1,0,1,0,1,0,1
param_20003,real_002,0.808333237574663,0.45753437886630793,0.10812537510167154,0.14682804274402475,0.9383609069078802,141.4079865763526,1,1,1,1,1,1,1,1,0,0,0,1,0,1
param_20003,real_003,0.821822668391845,0.5045272485295232,0.12313342609896932,0.16040263417871223,1.2112151777137368,425.1228113866057,1,1,1,1,1,1,1,1,0,1,0,1,0,1
param_20003,real_004,0.8007565272663135,0.48278091033067305,0.0856801911487238,0.11742637320610587,1.0763272051229085,827.5392276149397,1,1,1,1,1,1,1,1,0,0,0,1,0,1
param_20003,real_005,0.792694987455169,0.44215664034573343,0.10201112729391129,0.13935350773909716,1.0604553058404247,500.94360694708536,1,1,1,1,1,1,1,1,0,1,0,1,0,1
param_20004,real_001,0.7970918958261202,0.5490008039407815,0.09998442372257664,0.14555757518613768,0.7966581534309946,264.4553668111332,1,1,1,1,1,0,1,1,0,1,0,1,1,1
param_20004,real_002,0.8135031891526624,0.5376622369091829,0.12941013225157458,0.17903940212794248,0.617779417189229,101.23828751510077,1,1,1,1,1,1,1,1,0,0,0,1,1,1
param_20004,real_003,0.8306927139057761,0.5972377032272326,0.13686319999125174,0.18598951583512693,0.8076517215146384,388.632355545859,1,1,1,1,1,1,1,1,0,1,0,1,1,1
param_20004,real_004,0.8162219783703313,0.5589194747531626,0.1126636960281694,0.15676486249577296,0.7277828254303464,785.7409171986283,1,1,1,1,1,1,1,1,0,0,0,1,1,1
param_20004,real_005,0.8104408627721004,0.5459202737242485,0.13046532231294125,0.18163003044799342,0.7085956912981592,458.815644446588,1,1,1,1,1,1,1,1,0,1,0,1,1,1
param_20005,real_001,0.8191048993831932,0.644011811113745,0.1361222119515772,0.1974826493720364,0.09482826639799467,316.41277325682853,1,1,1,1,1,0,1,1,1,1,1,1,1,1
param_20005,real_002,0.8389973648717687,0.6437326253132296,0.1814010118496154,0.2416050289298119,0.19337653340853497,149.8194076333748,1,1,1,1,1,1,1,1,1,0,1,1,1,1
param_20005,real_003,0.8282671845665779,0.6516122921213011,0.1407925382545451,0.1947076474585879,0.10076970499728376,426.2784811312455,1,1,1,1,1,1,1,1,1,1,1,1,1,1
param_20005,real_004,0.7991858147609929,0.6239749182176295,0.10771975480811948,0.1571062733306935,0.14136921105619624,833.5718983697951,1,1,1,1,1,1,1,1,1,0,1,1,1,1
param_20005,real_005,0.8486716280653819,0.6649750102988392,0.19836087258775315,0.264800490818758,0.13953686154444284,503.79604544280744,1,1,1,1,1,1,1,1,1,1,1,1,1,1
param_20006,real_001,0.7480293088641201,0.4339038588661699,0.10219594989471262,0.11822939614407513,2.0726504917007174,265.963489245385,0,1,0,1,1,1,0,1,0,1,0,1,0,1
param_20006,real_002,0.7403895032399229,0.428645752779224,0.07732944024604152,0.0986845909785029,2.0523486471475048,120.28648806580136,0,1,1,1,0,1,0,1,0,1,0,1,1,1
param_20006,real_003,0.779106544181498,0.4502541113139785,0.20530490630060863,0.21276734598813302,1.4095679670979882,309.996300080498,1,1,0,1,1,1,0,1,0,1,0,1,1,1
param_20006,real_004,0.7345438528561675,0.44790741412568386,0.12178629717701975,0.13522411536369833,1.9560081618899643,76.35254869259401,0,1,0,1,0,1,0,1,0,1,0,1,0,1
param_20006,real_005,0.7793016270089042,0.4375675936978197,0.10541908773043432,0.12693533979390778,1.6991200077361956,132.32423706254107,1,1,0,1,1,1,0,1,0,1,0,0,0,1
param_20007,real_001,0.7550964112362005,0.4445767618030765,0.1081609830782975,0.1261539588214665,1.856729982731982,264.37302403130536,1,1,0,1,1,1,1,1,0,1,0,1,0,1
param_20007,real_002,0.746025601190944,0.4381835012591058,0.08115348171058802,0.10465151028016006,1.839231677614584,117.30553645260483,1,1,1,1,0,1,1,1,0,1,0,1,1,1
param_20007,real_003,0.7869756847726479,0.4675699323165396,0.21289907485287649,0.22312514778076464,1.2589480576167613,311.25403957734335,1,1,0,1,1,1,0,1,0,1,0,1,1,1
param_20007,real_004,0.7414072375659982,0.46043305473068147,0.12671514814648796,0.14228825194716951,1.7544000418636292,77.99728222349255,1,1,1,1,0,1,1,1,0,1,0,1,0,1
param_20007,real_005,0.7865545246948177,0.4551834825187147,0.10890398719427984,0.13280908115645096,1.5262567203084554,131.17903074012023,1,1,1,1,1,1,0,1,0,1,0,0,0,1
param_20008,real_001,0.7557320367518159,0.4736295015940537,0.11354828890520324,0.13391247396400108,1.7671003750198073,269.42754145643624,1,1,0,1,1,1,1,1,0,1,0,1,0,1
param_20008,real_002,0.7476516462120896,0.4604022912952726,0.08634663979472736,0.11221967462969445,1.7643539810290314,122.14101269218924,1,1,1,1,0,1,1,1,0,1,0,1,1,1
param_20008,real_003,0.7897694706480504,0.4919086191767139,0.2221566160382347,0.2363527344141729,1.2034842463809254,306.29917727502897,1,1,0,1,1,1,0,1,0,1,0,1,1,1
param_20008,real_004,0.742740842885584,0.4860703644967106,0.1315502048359509,0.1504073262769379,1.6935095948827292,75.7659199381563,0,1,1,1,0,1,1,1,0,1,0,1,0,1
param_20008,real_005,0.7888631119444063,0.4855792681885534,0.11564403126184093,0.14140013922229586,1.465209941530798,132.9506803356145,1,1,1,1,1,1,0,1,0,1,0,0,0,1
param_20009,real_001,0.7880742160552987,0.5225918938799167,0.1383107397571466,0.16753048105058,1.1639152404686832,260.1592987928139,1,1,1,1,1,1,1,1,0,1,0,1,0,1
param_20009,real_002,0.7696527926732867,0.4928320032298184,0.10010237391133577,0.13328629428368183,1.1508645392152752,105.55896938953873,1,1,1,1,1,1,1,1,0,1,0,1,1,1
param_20009,real_003,0.8240654564406829,0.562588653831947,0.25498802392876935,0.28507953633673866,0.7219503403529689,312.29458959254026,1,1,1,1,1,1,1,1,0,1,0,1,1,1
param_20009,real_004,0.7718043298906138,0.5262743884909172,0.14724602427835182,0.17653804055263897,1.129963850221215,84.71088770149433,1,1,1,1,1,1,1,1,0,1,0,1,0,1
param_20009,real_005,0.8111483147381006,0.526995881600226,0.12358087581959831,0.15883589038609447,0.9654395403205362,126.80256977559493,1,1,1,1,1,1,1,1,0,1,0,0,0,1
param_20010,real_001,0.8125763721131218,0.6253944911576146,0.16801593745639348,0.2119131176534485,0.7330841162718892,298.3417498096701,1,1,1,1,1,1,1,1,0,1,0,1,1,1
param_20010,real_002,0.8000400701635474,0.6030630420202754,0.14304055460916693,0.19342553434933024,0.7673577212427497,142.0826088599598,1,1,1,1,1,1,1,1,0,1,0,1,1,1
param_20010,real_003,0.8588514097936316,0.6618112763641629,0.2855812081868757,0.3418878714356625,0.39887374704358597,277.84713518796923,1,1,1,1,1,1,1,1,0,1,0,1,1,1
param_20010,real_004,0.8004424662754276,0.6213086499362516,0.17323133547082883,0.21921451585837712,0.7711116345323418,72.02969977956407,1,1,1,1,1,1,1,1,0,1,0,1,1,1
param_20010,real_005,0.836428063242894,0.6355035348543218,0.1652617701813014,0.21715444545860813,0.5973400176263892,141.58912162981886,1,1,1,1,1,1,1,1,0,1,0,0,1,1
param_20011,real_001,0.837435694532955,0.6795793357986919,0.20524676144199702,0.2589257581685528,0.007790551588729585,255.97006009064626,1,1,1,1,1,1,1,1,1,1,1,1,1,1
param_20011,real_002,0.8116520035077823,0.6438436667757894,0.17008391149473223,0.22856586527206266,0.004090429559825769,94.13949163618497,1,1,1,1,1,1,1,1,1,1,1,1,1,1
param_20011,real_003,0.8568277007916774,0.7007500617046086,0.29128954041605565,0.3498375330952836,0.21054839447791932,312.45680690239675,1,1,1,1,1,1,1,1,1,1,1,1,1,1
param_20011,real_004,0.7960136457045286,0.6416578562438212,0.17466457552356363,0.23237997143950684,0.3905650075733559,786.1547846080322,1,1,1,1,1,1,1,1,1,1,1,1,0,1
param_20011,real_005,0.8130115464156301,0.6366502692998339,0.1494114185345761,0.1982532601484194,0.08435521438178657,114.54886826887261,1,1,1,1,1,1,1,1,1,1,1,0,1,1
param_20012,real_001,0.7561238163797566,0.4190904808947263,0.15441039157178432,0.1767064705928153,1.1144728633811603,578.3948754561218,1,1,1,1,1,1,1,1,0,0,0,1,1,1
param_20012,real_002,0.7014455502600028,0.38207968813123316,0.08763412987043488,0.12085320080193643,1.1309563362302621,810.3480156487127,0,1,1,0,1,1,1,1,0,1,0,1,1,1
param_20012,real_003,0.7577242233564302,0.43211338782919645,0.11835091846911241,0.14431346363731173,1.1224822106068748,505.11126926192594,1,1,0,1,1,1,1,1,0,1,0,1,1,1
param_20012,real_004,0.7346301878000954,0.41074013704551526,0.09519212964219846,0.12024757261736456,1.5435696422553697,267.35254562085845,1,1,0,1,1,1,1,0,0,1,0,1,0,1
param_20012,real_005,0.6991971946613782,0.37055630320193295,0.06570273627861917,0.09697195477856033,1.1346019611101879,940.6555222914396,1,0,1,1,1,1,1,1,0,1,0,1,1,1
param_20013,real_001,0.7621772084725948,0.435031071006977,0.15891960233252145,0.18419836640375892,1.0198580317237753,580.7802311502536,1,1,1,1,1,1,1,1,0,0,0,1,1,1
param_20013,real_002,0.706827566102198,0.39604546456659767,0.09013827560218807,0.12670655191105668,1.0142644628099173,814.2404764789956,0,1,1,0,1,1,1,1,0,1,0,1,1,1
param_20013,real_003,0.7637615658343144,0.44963374547224255,0.12003987426668711,0.1489310161814434,1.031766814745538,507.44309855117075,1,1,0,1,1,1,1,1,0,1,0,1,1,1
param_20013,real_004,0.7407252996902666,0.4181304622509964,0.09735249566596563,0.12423358917082712,1.44050576903441,264.40790620526656,1,1,0,1,1,1,1,0,0,1,0,1,0,1
param_20013,real_005,0.7045979317593489,0.3812535732178358,0.06657430478969889,0.10027061382420514,1.0220563925754498,945.159375131787,1,0,1,1,1,1,1,1,0,1,0,1,0,1
param_20014,real_001,0.7659187786437748,0.4537816209554796,0.16575091967152097,0.19446495281212164,0.9541986027267177,575.4797171250411,1,1,1,1,1,1,1,1,0,0,0,1,1,1
param_20014,real_002,0.7084971782186662,0.40644029923396646,0.09493055343975848,0.13388259160445212,0.9591177274407987,809.6109523752402,0,1,1,0,1,1,1,1,0,1,0,1,1,1
param_20014,real_003,0.7675262921105357,0.4621957341108836,0.12821392138815274,0.15888816966129474,0.9753288476692732,502.45792476111154,1,1,0,1,1,1,1,1,0,1,0,1,1,1
param_20014,real_004,0.7416308296937432,0.43722384823349536,0.10185213760787142,0.13170598372108927,1.3498500712775894,269.48971114502456,1,1,0,1,1,1,1,0,0,1,0,1,0,1
param_20014,real_005,0.706128763514483,0.39429834679466114,0.07123421970736278,0.10687294377369821,0.9671475831648594,940.1838103357305,1,0,1,1,1,1,1,1,0,1,0,1,1,1
param_20015,real_001,0.787961975137721,0.5039237913521838,0.18304270133080705,0.22359551747894585,0.6150655174830075,586.7763351442128,1,1,1,1,1,1,1,1,0,0,0,1,1,1
param_20015,real_002,0.730615555746607,0.44985579956361266,0.10235929322501197,0.1540743062132972,0.6180442142999403,830.560946663462,1,1,1,0,1,1,1,1,0,1,0,1,1,1
param_20015,real_003,0.7802603034775804,0.4886423684508355,0.12676053870546178,0.16470759427484588,0.6511660311870591,513.315383585483,1,1,1,1,1,1,1,1,0,1,0,1,1,1
param_20015,real_004,0.7650364165415692,0.4797677566619406,0.11154804779983522,0.1482463926818875,1.0048790717181602,254.22221155392862,1,1,1,1,1,1,1,0,0,1,0,1,0,1
param_20015,real_005,0.7182346692591114,0.42622860426261405,0.07260253317778327,0.11697701453962898,0.5916599541483363,959.044384288396,1,0,1,1,1,1,1,1,1,1,0,1,0,1
param_20016,real_001,0.8296331283538645,0.6110554899456229,0.22562586656514105,0.2900759462445513,0.22877371064219987,549.9052850228293,1,1,1,1,1,1,1,1,1,0,1,1,1,1
param_20016,real_002,0.7676205468051512,0.5469220185331269,0.14140846840627572,0.2161563453670615,0.2783145042011518,801.2149327512105,1,1,1,0,1,1,1,1,0,1,0,1,1,1
param_20016,real_003,0.8097017740306007,0.5986394928846065,0.18538889901873504,0.24226260838894664,0.22980253040352483,316.4408468855469,1,1,1,1,1,1,1,1,1,1,0,1,1,1
param_20016,real_004,0.7933559002924394,0.5868509851372472,0.1443105593708425,0.20436551743879622,0.5100611778580378,286.6313047129115,1,1,1,1,1,1,1,0,1,1,0,1,1,1
param_20016,real_005,0.7491422280871177,0.543133022361336,0.10728834675157037,0.1711767060715834,0.23491913928042613,924.849583238863,1,0,1,1,1,1,1,1,1,1,0,1,1,1
param_20017,real_001,0.8229132644198457,0.6520691127895885,0.23776130793879968,0.29755416870155943,0.18637258985745653,585.3280911528559,1,1,1,1,1,1,1,1,1,0,1,1,1,1
param_20017,real_002,0.7680330607500081,0.5851841760972516,0.14186062733845764,0.21971868488502458,0.1773350795236681,853.9724042826782,1,1,1,0,1,1,1,1,1,1,1,1,1,1
param_20017,real_003,0.8070492691936115,0.6181644836145934,0.1696925194742362,0.22758613040327738,0.12791452293817365,513.928231813797,1,1,1,1,1,1,1,1,1,1,1,1,1,1
param_20017,real_004,0.8084055553790825,0.6363577517933041,0.17744139925341137,0.23916908774362078,0.02580040351341988,244.60887158257344,1,1,1,1,1,1,1,0,1,1,1,1,0,1
param_20017,real_005,0.746923463242582,0.5779467565916757,0.1017055937727544,0.1717888681480947,0.1890197316495659,966.1818165630723,1,0,1,1,1,1,1,1,1,1,1,1,1,1
param_20018,real_001,0.7122357014023961,0.3557090084375569,0.06641744590933193,0.08263262023150367,2.5876979293544458,629.0055095149266,0,1,0,1,0,1,0,1,0,1,0,1,0,1
param_20018,real_002,0.7823498377782804,0.38667596380463254,0.12247500072674358,0.1307816839471443,1.6184303612588147,506.81659081454035,0,1,0,1,0,1,0,1,0,1,0,0,1,1
param_20018,real_003,0.7409059855199063,0.3760996728565199,0.05154196244382013,0.07501404418364023,1.8663108768952503,737.7048820463283,0,1,0,1,0,0,0,0,0,1,0,1,1,1
param_20018,real_004,0.7300652936114495,0.3838942098539394,0.07074565499878367,0.0863992373913634,2.599426258672834,414.90464255075096,0,1,0,1,0,1,0,1,0,1,0,1,1,1
param_20018,real_005,0.7863381507351648,0.3671617558931464,0.1009519407304898,0.11537816907596071,1.4667580996919756,340.94482407307146,0,1,0,1,0,1,0,1,0,1,0,0,1,1
param_20019,real_001,0.7174133803364203,0.3740450110118726,0.07045309236254495,0.08915351223033252,2.295698479134723,630.474397399998,0,1,0,1,0,1,0,1,0,1,0,1,0,1
param_20019,real_002,0.7894860768663922,0.4085856580853008,0.12837485476020155,0.13946048908354636,1.4182649749188552,508.2470420211905,0,1,0,1,0,1,0,1,0,1,0,0,1,1
param_20019,real_003,0.7459467903104059,0.3971686469380485,0.05394769763085556,0.08043485976248572,1.6478402574363629,738.3851204812095,0,1,0,1,0,0,0,0,0,1,0,1,1,1
param_20019,real_004,0.7356591651048818,0.3985858847738073,0.07462631189835003,0.09271941058239203,2.3169187261773025,416.12012536819907,0,1,0,1,0,1,0,1,0,1,0,1,1,1
param_20019,real_005,0.7933849042415408,0.394293031183061,0.1067088321074285,0.12435980349947492,1.2707591688053648,342.5835463335698,0,1,0,1,0,1,0,1,0,1,0,0,0,1
param_20020,real_001,0.7166160847076332,0.39839109437123477,0.07275800046920698,0.09375362281399335,2.197639821478831,625.3517312438626,0,1,0,1,0,1,0,1,0,1,0,1,0,1
param_20020,real_002,0.790893110619018,0.44076347296340623,0.13925733695210046,0.15255700781935663,1.352324913892078,503.1541838888627,0,1,0,1,0,1,0,1,0,1,0,0,1,1
param_20020,real_003,0.7439123175607673,0.4073985280761166,0.05557235455297826,0.08337175266914931,1.5785339788272634,732.9705465984848,0,1,0,1,0,0,0,0,0,1,0,1,1,1
param_20020,real_004,0.7338070688904019,0.41889906192926174,0.07640400589733894,0.09606067751405839,2.2160824988078205,411.17452453807675,0,1,0,1,0,1,0,1,0,1,0,1,1,1
param_20021,real_001,0.7480063079260304,0.4562396379580871,0.08979342042983167,0.12394381478798568,1.292812662169175,634.0606827657167,1,1,1,1,1,1,1,1,0,1,0,1,0,1
param_20021,real_002,0.8281746419178146,0.5021380301121333,0.16595054548497637,0.19706573896708207,0.688053553038105,513.6283645144889,1,1,1,1,1,1,1,1,0,1,0,0,1,1
param_20021,real_003,0.7734107289467437,0.47761227509385745,0.0654601340564829,0.10927424099961744,0.8518112439949795,738.565968400955,1,1,1,1,1,0,1,0,0,1,0,1,1,1
param_20021,real_004,0.7669992137427529,0.46729283775848474,0.0949108005520319,0.12862233564305112,1.3341793692225603,420.22487227006616,1,1,1,1,1,1,1,1,0,1,0,1,1,1
param_20021,real_005,0.8243256369638157,0.5002670402214491,0.12930135214487548,0.16416937483599978,0.6015473323115101,349.5978880734146,1,1,1,1,1,1,1,1,0,1,0,0,0,1
param_20022,real_001,0.7650518082485324,0.5455903357581989,0.11198147928181384,0.1569552026882624,0.9485115766262403,592.2681440876015,1,1,1,1,1,1,1,1,0,1,0,1,1,1
param_20022,real_002,0.8479469394296553,0.6258939945393732,0.21070844714005865,0.25634222410483076,0.4563120351331455,471.6373279603629,1,1,1,1,1,1,1,1,0,1,0,0,1,1
param_20022,real_003,0.7874060119215889,0.5427181763188343,0.08574435408636055,0.14033208418781037,0.5923633251045143,694.8821167393019,1,1,1,1,1,0,1,0,0,1,0,1,1,1
param_20022,real_004,0.7751605478819932,0.5448335066054062,0.10794262042417666,0.15274812346544603,1.026682860863468,380.70896890486614,1,1,1,1,1,1,1,1,0,1,0,1,1,1
param_20022,real_005,0.8476923849222566,0.5815590641604558,0.17185359137293962,0.22361280013532284,0.38243261973463705,309.00966984693133,1,1,1,1,1,1,1,1,0,1,0,0,1,1
param_20023,real_001,0.788562946477243,0.6336598976217992,0.14355545000324071,0.2040809820890859,0.042586617870127366,642.4350942542503,1,1,1,1,1,1,1,1,1,1,1,1,1,1
param_20023,real_002,0.8418146256737757,0.6612475946191607,0.19560855695293064,0.2550918294813467,0.2959451664764429,521.6542127575232,1,1,1,1,1,1,1,1,1,1,1,0,1,1
param_20023,real_003,0.7776164916139714,0.624658187383477,0.09850515104927399,0.15791762202979912,0.22179379918276285,739.1823374714039,1,1,1,1,1,0,1,0,1,1,1,1,1,1
param_20023,real_004,0.8156173886924794,0.6524005136568033,0.15356977556032786,0.22043611209135391,0.016580795683767954,434.3473331128781,1,1,1,1,1,1,1,1,1,1,1,1,1,1
param_20023,real_005,0.8166504868043012,0.6386261519143774,0.15670426804022647,0.20430848917487013,0.3299212742696952,366.15996635102016,1,1,1,1,1,1,1,1,1,1,1,0,1,1
param_20024,real_001,0.6900350049576396,0.383426089834052,0.09606609791298569,0.11506061540631933,1.8513936559423678,486.12692891202727,0,1,0,1,0,1,0,1,0,1,0,1,1,1
param_20024,real_002,0.7532184457039987,0.4221819927645816,0.13972139078672652,0.14826942732726825,1.552221099345314,541.8453654253848,0,1,0,1,0,1,0,1,0,1,0,0,1,1
param_20024,real_003,0.7365213154948647,0.4122854787903855,0.11512825438203476,0.13105979788121658,1.5757391902277231,280.2235614072435,0,1,0,1,1,1,0,0,0,1,0,0,1,1
param_20024,real_004,0.697284097249076,0.4200677350133045,0.11926285411111523,0.13586322605326429,1.6586315769572533,335.8267834691955,0,1,0,0,0,1,0,1,0,1,0,1,1,1
param_20024,real_005,0.7695643706054014,0.39248070803054913,0.17696993357521193,0.1826749403403309,1.2022426742832963,505.25004076054415,0,1,0,0,0,1,0,1,0,1,0,0,1,1
param_20025,real_001,0.6988835536609295,0.4053398971145182,0.10329402791469368,0.12512721957561182,1.5781908091056356,487.39582843449887,0,1,0,1,1,1,1,1,0,1,0,1,1,1
param_20025,real_002,0.7621627891521179,0.4467793686243376,0.14672840991934818,0.15777566248966798,1.3367125271542362,553.379603146388,0,1,0,1,0,1,0,1,0,1,0,0,1,1
param_20025,real_003,0.7463439592335545,0.44094863833156056,0.12326177757179675,0.14237068704497424,1.35598801287506,283.93456666990494,1,1,0,1,1,1,0,0,0,1,0,0,1,1
param_20025,real_004,0.7064691823193273,0.45011028937730707,0.12693940857473746,0.14673133986721054,1.4315776732604786,340.7828800182491,0,1,0,0,1,1,0,1,0,1,0,1,1,1
param_20025,real_005,0.7789729903181395,0.4240682183811575,0.18715373247747644,0.19631922696392098,1.0015575724944235,511.9970019331155,0,1,0,0,1,1,0,1,0,1,0,0,1,1
param_20026,real_001,0.6983530499728107,0.4194131377008353,0.10609822568095886,0.12940790498801058,1.5545812425025767,484.348415943139,0,1,0,1,1,1,1,1,0,1,0,1,1,1
param_20026,real_002,0.7639305428753649,0.47275168815330376,0.15494436314318288,0.1687225801505318,1.3090775377154102,549.0936463839837,0,1,0,1,0,1,0,1,0,1,0,0,1,1
param_20026,real_003,0.748436550083541,0.46146355685695206,0.12769854021840554,0.14900559026300073,1.3221806910383809,279.1497613534047,1,1,0,1,1,1,0,0,0,1,0,0,1,1
param_20026,real_004,0.7077161877200053,0.47201658614484576,0.1310690051894864,0.15269505791670926,1.4012670332297394,336.8479325493053,0,1,0,0,1,1,0,1,0,1,0,1,1,1
param_20026,real_005,0.7813156347190068,0.44510289608970005,0.19298346392265142,0.20418639461140478,0.9798946227150819,508.4842909712171,0,1,0,0,1,1,0,1,0,1,0,0,1,1
param_20027,real_001,0.7339724424304067,0.4879896492060673,0.13253893356403065,0.1675019427770258,0.8769303341774666,501.43896595318296,1,1,1,1,1,1,1,1,1,1,1,1,1,1
param_20027,real_002,0.8009289763688663,0.5353656320261398,0.18248730643302338,0.21197327205092178,0.6529410090777155,585.8402243504527,1,1,1,1,1,1,0,1,0,1,0,0,1,1
param_20027,real_003,0.7819329388692744,0.5389480317373085,0.14896304093177154,0.1877399976052341,0.7248804799761637,290.00274198374643,1,1,1,1,1,1,0,0,0,1,0,0,1,1
param_20027,real_004,0.7399651571643604,0.5345345137158501,0.15048628564263095,0.18603145923922676,0.7978342580991588,362.2286957964985,1,1,1,0,1,1,1,1,1,1,1,1,1,1
param_20027,real_005,0.8175121373834622,0.535463639543749,0.21491576832599407,0.24453036117990234,0.44710756440378707,543.807500413109,1,1,1,0,1,1,0,1,0,1,0,0,1,1
param_20028,real_001,0.7705766379773142,0.5846807928347475,0.16562835643749513,0.2160810116840132,0.6289552785528825,474.2373727036222,1,1,1,1,1,1,1,1,1,1,1,1,1,1
param_20028,real_002,0.8295384360217409,0.6496206323123466,0.2227924013832871,0.2716771172363453,0.455169476664078,560.2972001802083,1,1,1,1,1,1,1,1,0,1,0,0,1,1
param_20028,real_003,0.8084174664345308,0.6199897289031715,0.17896209120470252,0.23445760029895105,0.4692276633789006,259.06026044706886,1,1,1,1,1,1,1,0,1,1,0,0,1,1
param_20028,real_004,0.774681876292068,0.6162480813574582,0.18571917414684555,0.2387669308601845,0.5782780951525831,340.8294099316962,1,1,1,0,1,1,1,1,1,1,1,1,1,1
param_20028,real_005,0.8512457782746532,0.6301179980898431,0.26349736914240324,0.3118646653506271,0.27266836210691053,520.4101729619872,1,1,1,0,1,1,1,1,0,1,0,0,1,1
param_20029,real_001,0.7961369591590884,0.6574567412510695,0.2058803479998139,0.261273072518316,0.057768527058354315,524.7577413684139,1,1,1,1,1,1,1,1,1,1,1,1,1,1
param_20029,real_002,0.8225206010476014,0.6626067369813979,0.20996472022513263,0.26692521109921613,0.25007262234444294,631.4953342440745,1,1,1,1,1,1,1,1,1,1,1,0,1,1
param_20029,real_003,0.7894715229754157,0.6515099992711942,0.16359229903418807,0.21824362215109758,0.20742294216850976,294.91187097433095,1,1,1,1,1,1,1,0,1,1,1,0,1,1
param_20029,real_004,0.7756394248738843,0.6455408676158002,0.18586165139583277,0.246481533385008,0.11002044213231059,414.93366426168217,1,1,1,0,1,1,1,1,1,1,1,1,1,1
param_20029,real_005,0.82958348337467,0.6752367249501874,0.21126139009847533,0.26548917337753664,0.3467900847191716,601.3540701882173,1,1,1,0,1,1,1,1,1,1,1,0,1,1
param_20030,real_001,0.6831337866825048,0.40791628565367044,0.11133822960768174,0.13563210424717645,1.6411166188364206,413.1903718268958,0,1,0,1,1,1,0,1,0,1,0,1,1,1
param_20030,real_002,0.7421901029732426,0.45000148219097286,0.15891273957745317,0.16665887091331386,1.6799400273404772,476.2573847447433,0,1,0,1,0,1,0,1,0,1,0,1,1,1
param_20030,real_003,0.7265413894250612,0.4310486494238739,0.14296206801139544,0.1565998921848906,1.5168012553101917,137.87530687812574,0,1,0,1,1,1,0,0,0,1,0,0,1,1
param_20030,real_004,0.6923600333334338,0.4492627545974305,0.1504595654993148,0.17005868346172093,1.2738410158058329,268.82459333905643,0,1,0,0,1,1,0,1,0,1,0,1,1,1
param_20030,real_005,0.7531545860847904,0.4207339542471617,0.21484463907114257,0.21368027277262747,1.2547407812302906,436.91876821187077,0,1,0,0,0,1,0,1,0,1,0,0,1,1
param_20031,real_001,0.6928253971725692,0.43134421797652733,0.1208407588091198,0.14823995733291281,1.3229107708311025,418.6591925208561,0,1,0,1,1,1,1,1,0,1,0,1,1,1
param_20031,real_002,0.7510059643142805,0.4761654052163287,0.16699492848485176,0.17635776424519867,1.4657361950744512,492.446085532504,0,1,0,1,1,1,0,1,0,1,0,1,1,1
param_20031,real_003,0.7368738821903841,0.4600640492518488,0.15164524638291335,0.1673507446604259,1.3075425022369598,143.74256260262217,0,1,0,1,1,1,0,0,0,1,0,0,1,1
param_20031,real_005,0.7621865753175604,0.449980832853076,0.22358698182029443,0.2250118194748146,1.0768590240123934,445.3312083754974,1,1,0,0,1,1,0,1,0,1,0,0,1,1
param_20032,real_001,0.6934291886576979,0.4423040708792847,0.12358588760593549,0.15283984217668103,1.3036697665245687,415.9335018967479,0,1,0,1,1,1,1,1,0,1,0,1,1,1
param_20032,real_002,0.7521558053571532,0.5016154254358763,0.17277642174960292,0.1842773152714949,1.4364751633724893,489.8003940600807,0,1,0,1,1,1,0,1,0,1,0,1,1,1
param_20032,real_003,0.7408017962440445,0.4770569402820911,0.15690229835138852,0.17499719717641063,1.271319034296964,140.59119740126937,0,1,0,1,1,1,0,0,0,1,0,0,1,1
param_20032,real_004,0.7055811576707529,0.5041778542027813,0.16362055761628974,0.1882264428792544,1.0699407001595376,273.1826401923156,0,1,0,0,1,1,1,1,0,1,0,1,1,1
param_20032,real_005,0.7657228877952359,0.4697812253074163,0.23025168557346568,0.23441158010720042,1.0524160367428954,443.7197755702231,1,1,0,0,1,1,0,1,0,1,0,0,1,1
param_20033,real_002,0.7827403532149388,0.5539432033390617,0.19042144200280844,0.2174022597504977,0.8636022140108247,543.7942262967578,1,1,0,1,1,1,0,1,0,1,0,1,1,1
param_20033,real_003,0.7739138355374641,0.5491066737158298,0.1794060659912847,0.20883769363982424,0.7941152398101162,153.5334546718177,1,1,0,1,1,1,0,0,0,1,0,0,1,1
param_20033,real_004,0.736192488916491,0.5640963268411123,0.1817873460296176,0.2158387539390398,0.7166912150185984,298.62910403905886,0,1,0,0,1,1,1,1,1,1,1,1,1,1
param_20033,real_005,0.8028232126025694,0.5544315340313972,0.2546757647210476,0.27595363421309044,0.5748058088483621,478.5017422425311,1,1,0,0,1,1,0,1,0,1,0,0,1,1
param_20034,real_001,0.7763713222918143,0.6077369027308015,0.18938818518331352,0.24633639597419543,0.5379496840058338,425.6046088866607,1,1,1,1,1,1,1,1,1,1,1,1,1,1
param_20034,real_002,0.8141252093484205,0.6511360267211466,0.22702523968659397,0.2725207416209801,0.5540979414397136,538.5985816672826,1,1,0,1,1,1,1,1,0,1,0,1,1,1
param_20034,real_003,0.8086145917003907,0.6282654945527198,0.21621082974297523,0.2700406857999924,0.48753067848943077,138.36449110687744,1,1,1,1,1,1,0,0,1,1,0,0,1,1
param_20034,real_004,0.7813565338404536,0.643015943526096,0.2181758969757513,0.2733291200575751,0.45813189143341815,294.8944839761149,1,1,1,0,1,1,1,1,1,1,1,1,1,1
param_20034,real_005,0.8461551872869899,0.6585038646974667,0.29863415536755783,0.34663096900841767,0.29901165184951917,479.49258697562107,1,1,1,0,1,1,0,1,0,1,0,0,1,1
param_20035,real_001,0.7971277389286524,0.6625955951755451,0.22973291700138548,0.28784402344569204,0.02697091226337894,470.5597126082579,1,1,1,1,1,1,1,1,1,1,1,1,1,1
param_20035,real_002,0.8140563531910314,0.6654569231068577,0.21787379978066057,0.27455949234688015,0.14958789863285896,621.6668113467766,1,1,1,1,1,1,1,1,1,1,1,1,1,1
param_20035,real_003,0.7979164580518967,0.6614262782633152,0.20597754442057528,0.25784625598098043,0.12964384504413887,171.7510701677798,1,1,1,1,1,1,1,0,1,1,1,0,1,1
param_20035,real_004,0.777422257091613,0.6609551128641137,0.2136299202020171,0.26966374902911083,0.07000128479946985,357.6119559814291,1,1,1,0,1,1,1,1,1,1,1,1,1,1
param_20035,real_005,0.8313427162776251,0.6903841671409817,0.2467922370999139,0.3020578001403327,0.26876346578667465,559.6171354188614,1,1,1,0,1,1,1,1,1,1,1,0,1,1
param_20036,real_001,0.7732233639269182,0.33165915840010124,0.06346625347216901,0.08552133623920569,1.693986314588999,37.332896578464954,0,1,0,1,0,1,0,1,0,0,0,1,1,1
param_20036,real_002,0.7307236234756048,0.350116106202024,0.06523785861836204,0.08337289842775951,2.0133392916992516,336.36898260185995,0,1,0,1,0,1,0,1,0,1,0,1,1,1
param_20036,real_003,0.7655528379624325,0.3678419264619158,0.09793769659293085,0.11062117187313782,1.712510634487082,55.2066718095742,0,1,0,1,0,1,0,1,0,1,0,0,1,1
param_20036,real_004,0.7256486877997552,0.3174105417393927,0.06240338691629004,0.08547169773381771,1.9007611437244705,825.4514962356134,0,1,0,1,0,1,0,0,0,1,0,1,0,1
param_20036,real_005,0.7547842356766864,0.3529498197552292,0.09458692307384711,0.11036515862952116,1.9690340603846568,291.71602069506474,0,1,0,1,0,1,0,1,0,1,0,1,0,1
param_20037,real_001,0.7795689605323766,0.36053221046860345,0.06653490352589693,0.09151119046772063,1.5009161983874908,38.055658810544955,0,1,0,1,0,1,0,1,0,0,0,1,1,1
param_20037,real_002,0.7365659849559084,0.37168657831700874,0.06902067340714249,0.0897296146878825,1.7743674141123225,337.13741844237757,0,1,0,1,0,1,0,1,0,1,0,1,1,1
param_20037,real_003,0.7737425767844229,0.4005492645324791,0.10419696781918246,0.12015776253982625,1.5183853333056185,55.201245440755514,0,1,0,1,0,1,0,1,0,1,0,0,1,1
param_20037,real_004,0.729926670815659,0.3355228666283269,0.06614741215799785,0.09230725149395451,1.6765457016929604,826.8319231360297,0,1,0,1,0,1,0,0,0,1,0,1,0,1
param_20037,real_005,0.7637275046225502,0.38270768247534825,0.10095724885879026,0.1191530709158118,1.7324038366459014,289.9077962171609,0,1,0,1,0,1,0,1,0,1,0,1,0,1
param_20038,real_001,0.7788330443685628,0.3810036635607076,0.07124613400701132,0.09818964902064184,1.4215392500887118,34.526537577642095,0,1,0,1,0,1,0,1,0,0,0,1,1,1
param_20038,real_002,0.7361058646716898,0.3921928041327732,0.0732024753358837,0.09545057191496129,1.6997777911236562,333.6944275862286,0,1,0,1,0,1,0,1,0,1,0,1,1,1
param_20038,real_003,0.773423319490351,0.4161987126947909,0.10858005051934481,0.12534316132529566,1.4357082545937034,54.3830095497395,0,1,0,1,0,1,0,1,0,1,0,0,1,1
param_20038,real_004,0.7286414858646297,0.3471844327065999,0.068616663239915,0.09649575643554419,1.5937967786360099,821.653143180544,0,1,0,1,0,1,0,0,0,1,0,1,0,1
param_20038,real_005,0.7633530884161527,0.4021160523629396,0.10538823576266142,0.12573396881782994,1.6447426350950403,295.0208042072666,0,1,0,1,0,1,0,1,0,1,0,1,1,1
param_20039,real_001,0.808666145802489,0.46884650157990443,0.08424590030814232,0.12358399818225524,0.7847439157282964,38.80904597243364,1,1,1,1,1,1,1,1,0,0,0,1,1,1
param_20039,real_002,0.769224820926896,0.47168989190527355,0.0891668747800073,0.12539235118481978,0.9735132287520487,337.23068813328484,1,1,1,1,1,1,1,1,0,1,0,1,1,1
param_20039,real_003,0.8088939901721268,0.49569120494237723,0.12821367002852965,0.16149382895331324,0.7658796093863868,56.32510673745884,1,1,1,1,1,1,1,1,0,1,0,0,1,1
param_20039,real_004,0.7604864446712473,0.42115529856923445,0.08560522631093072,0.1300749024396631,0.8803553600625064,830.3846583009046,1,1,1,1,1,1,1,0,0,1,0,1,0,1
param_20040,real_001,0.8335472211400627,0.5743162084146904,0.12343245514214013,0.1798340806160667,0.5089738707418645,30.04973745918866,1,1,1,1,1,1,1,1,0,0,0,1,1,1
param_20040,real_002,0.7935195167880162,0.5622604127719988,0.12714638780423437,0.17741858355721166,0.6953537486800423,310.9187728916446,1,1,1,1,1,1,1,1,0,1,0,1,1,1
param_20040,real_003,0.8343317402648333,0.5792951111586148,0.17770636246992105,0.2251779280150065,0.5206019302935603,59.702237983193136,1,1,1,1,1,1,1,1,0,1,0,0,1,1
param_20040,real_004,0.7762402273814912,0.50646123051564,0.1108022767645668,0.16693041816997004,0.6091155603432264,788.221345910892,1,1,1,1,1,1,1,0,0,1,0,1,1,1
param_20040,real_005,0.8290959249608548,0.5817504547558967,0.1670588147633252,0.21594329740502818,0.6464363597364062,328.6341702342762,1,1,1,1,1,1,1,1,0,1,0,1,1,1
param_20041,real_001,0.7872383342436922,0.6105449087505554,0.10460868733693332,0.15631999954084647,0.2477171536534728,38.19239659993003,1,1,1,1,1,1,1,1,1,0,1,1,1,1
param_20041,real_002,0.7767835151530601,0.6212908897158431,0.1194020742681475,0.17805065799285058,0.178562292146329,336.94268403112636,1,1,1,1,1,1,1,1,1,1,1,1,1,1
param_20041,real_003,0.8091791650752438,0.6382460433672444,0.16596892251732268,0.21586567721701172,0.26695022931061607,59.53278155825309,1,1,1,1,1,1,1,1,1,1,1,0,1,1
param_20041,real_004,0.794985322305388,0.6216382659957282,0.13914745180313923,0.20801100735085684,0.21371611810261373,837.5219735027752,1,1,1,1,1,1,1,0,1,1,1,1,1,1
param_20041,real_005,0.8170324295543623,0.6486509311267435,0.16509353673368163,0.2162909741955988,0.16227179297507383,278.2325061552525,1,1,1,1,1,1,1,1,1,1,1,1,1,1
param_20042,real_001,0.739566424504002,0.4442272578398139,0.1176414286672679,0.12998016633903242,2.1206214755364203,103.82381987941591,0,0,0,1,0,1,0,1,0,1,0,1,1,1
param_20042,real_002,0.6831685667524083,0.34475222105830833,0.06551501358736943,0.08275644547160561,2.258068042679727,528.4149219505595,0,1,0,1,0,1,0,1,0,1,0,1,1,1
param_20042,real_003,0.7022203528102787,0.3920595633209686,0.08928530982371821,0.10418136757763573,2.2017247210010145,176.61335401437896,0,1,0,1,0,1,0,1,0,1,0,1,1,1
param_20042,real_004,0.7071486426445566,0.3757424021209194,0.08100018152960654,0.10018974723277801,1.8943102447615425,618.0400705288197,0,0,0,1,1,1,0,1,0,1,0,1,1,1
param_20042,real_005,0.7127479594339373,0.34830241694122266,0.0701562650946343,0.0888858433933591,2.1696245096207734,300.7179364772296,0,1,0,1,0,1,0,1,0,1,0,1,1,1
param_20043,real_001,0.7481506625053163,0.47387541183374365,0.12577075839990853,0.14152903244713452,1.763260401127134,93.18122872733983,0,0,0,1,0,1,0,1,0,1,0,1,1,1
param_20043,real_002,0.6910228289540857,0.37003908337380176,0.07152009600384539,0.09157734908167971,1.9317868807303349,532.5440679069511,0,1,0,1,0,1,0,1,0,1,0,1,1,1
param_20043,real_003,0.7122560259367918,0.41985004750523736,0.09546189617469171,0.1138238303664338,1.88050505818818,181.0502152315758,0,1,0,1,0,1,0,1,0,1,0,1,1,1
param_20043,real_004,0.7175218409007479,0.40200957458440967,0.08867422919043191,0.11039576037400486,1.5953842288503643,623.4954523677309,0,0,1,1,1,1,0,1,0,1,0,1,1,1
param_20043,real_005,0.7213374460218849,0.37259140442256417,0.0761237390195754,0.09774001886982454,1.880862543862959,304.5912924669462,0,1,0,1,0,1,0,1,0,1,0,1,1,1
param_20044,real_001,0.7482673808074086,0.4841817601611321,0.12868157379883635,0.14590974092093245,1.7407727085902178,97.2791023836116,0,0,0,1,0,1,0,1,0,1,0,1,1,1
param_20044,real_002,0.6902268812018219,0.3758142928475658,0.07418392653540837,0.09502785722681274,1.9006268005917621,527.3521084166782,0,1,0,1,0,1,0,1,0,1,0,1,1,1
param_20044,real_003,0.7124712699036888,0.43277045371622824,0.09838029096310656,0.11830100596593182,1.8369697537222587,176.15420469083767,0,1,0,1,0,1,0,1,0,1,0,1,1,1
param_20044,real_004,0.7174867589191622,0.41503897304269377,0.09266029209085869,0.11555732778479091,1.5540857955247867,618.5511539813499,0,0,1,1,1,1,0,1,0,1,0,1,1,1
param_20044,real_005,0.719430229292481,0.3809162875644344,0.07881136784517556,0.10171929903633271,1.8406161058094759,298.7605692482905,0,1,0,1,0,1,0,1,0,1,0,1,1,1
param_20045,real_001,0.7845230572802794,0.5718013244329877,0.14974920326622992,0.18483712599572855,0.779423341205353,65.75027958420866,1,0,0,1,1,1,0,1,1,1,0,1,1,1
param_20045,real_002,0.7180319266583871,0.43998220560494117,0.09368080897667454,0.12870544923898808,1.0721010109437792,544.6352554391915,1,1,1,1,1,1,1,1,0,1,0,1,1,1
param_20045,real_003,0.7538250031695274,0.508922192235836,0.1220819519842678,0.15570380955695626,0.9953370127902841,191.8355446052829,1,1,1,1,1,1,1,1,1,1,0,1,1,1
param_20045,real_004,0.7459408641028609,0.46870922376573,0.11324289903302633,0.14851166778953967,0.8632756132756133,636.3704316318828,1,0,1,1,1,1,1,1,0,1,0,1,1,1
param_20045,real_005,0.756401502084137,0.4488366700464026,0.10365774071141157,0.13811306172963558,1.136991477391998,307.3829255898746,1,1,1,1,1,1,1,1,0,1,0,1,1,1
param_20046,real_001,0.8133731445375585,0.622406062228351,0.17861306706379398,0.22890011973912405,0.6269304901554151,84.9292523589704,1,0,1,1,1,1,1,1,0,1,0,1,1,1
param_20046,real_002,0.7515860982267484,0.5239105545154229,0.12416281702973027,0.17515624522420314,0.7928292125368466,511.85665469361925,1,1,1,1,1,1,1,1,0,1,0,1,1,1
param_20046,real_003,0.7852789236161332,0.5826347585855914,0.15335275552156782,0.20343025018636396,0.7497574273437139,159.70344850682324,1,1,1,1,1,1,1,1,1,1,0,1,1,1
param_20046,real_004,0.7779699454817091,0.5477837666985736,0.15052775265055574,0.2030646816155376,0.6187235566698753,600.5784671570818,1,0,1,1,1,1,1,1,0,1,0,1,1,1
param_20046,real_005,0.7839279230980744,0.5470914619898062,0.13270656005046375,0.18040794689179074,0.8485703217683945,266.9664134396783,1,1,1,1,1,1,1,1,0,1,0,1,1,1
param_20047,real_001,0.8024811060208994,0.6702105474781606,0.17125791629014386,0.22890841063281947,0.15673331057070955,20.431634688375038,1,0,1,1,1,1,1,1,1,1,1,1,1,1
param_20047,real_002,0.7905628115275679,0.6398296773449512,0.18087498400715188,0.24761163112814,0.07323398803378403,569.1888537142545,1,1,1,1,1,1,1,1,1,1,1,1,1,1
param_20047,real_003,0.8121852338555788,0.6711796693053919,0.19247959667898887,0.2559116534705141,0.09958747934424671,208.5205324946188,1,1,1,1,1,1,1,1,1,1,1,1,1,1
param_20047,real_004,0.8030800724493516,0.6301346829003406,0.18628309864200676,0.2507933279084265,0.08255251121275367,639.2435853982396,1,0,1,1,1,1,1,1,1,1,1,1,1,1
param_20047,real_005,0.8322750189298047,0.6654994007888148,0.2062427827749802,0.27359879329958153,0.053685410805250175,298.8654083941423,1,1,1,1,1,1,1,1,1,1,1,1,1,1
param_20048,real_001,0.6816441992176253,0.36180276358841235,0.09873234330296815,0.11781266015177913,2.006842640454199,682.4569196326605,0,1,0,0,0,1,0,1,0,1,0,1,1,1
param_20048,real_002,0.7106852853090144,0.4057737595916594,0.13189780460952877,0.13583822886137947,2.2880784783585444,52.22806643460852,0,1,0,0,0,1,0,0,0,1,0,0,1,1
param_20048,real_003,0.6888853293302603,0.36093410559927624,0.09234368225686708,0.11040510825238746,2.156409881596258,433.70379338785057,0,1,0,1,0,0,0,1,0,1,0,1,1,1
param_20048,real_004,0.7354497856229559,0.4563261861275666,0.16911189110333247,0.1790574424793358,1.5794632019062176,218.06024455249286,0,1,0,1,0,1,0,1,0,1,0,1,1,1
param_20048,real_005,0.6964757502484019,0.35413232071700895,0.10076729411444103,0.1103788486991679,2.1385271814825457,492.35937943652453,0,0,0,1,0,1,0,1,0,0,0,0,1,1
param_20049,real_001,0.689850865985244,0.387328775491267,0.10487392259988881,0.12719422133215924,1.7353054538446715,685.8514512902576,0,1,0,0,0,1,1,1,0,1,0,1,1,1
param_20049,real_002,0.7185190328133306,0.43495179992634286,0.138846612191156,0.1451401688281371,1.920452278017958,58.847602861746154,0,1,0,0,0,1,0,0,0,1,0,0,1,1
param_20049,real_003,0.6975742908702202,0.38394934091816013,0.10090227200960293,0.12068185574919911,1.9042367182246134,440.3854207034726,0,1,0,1,0,0,0,1,0,1,0,1,1,1
param_20049,real_004,0.7493629380226592,0.4906944195479344,0.18700235004311136,0.19916836709470265,1.2207385044124477,220.6203000440084,1,1,0,1,1,1,0,1,0,1,0,1,1,1
param_20049,real_005,0.7069036906222415,0.38800893598985536,0.10905164325433002,0.12130820130898097,1.8321629493675937,496.5493580806406,0,0,0,1,1,1,0,1,0,0,0,0,1,1
param_20050,real_001,0.6916826562115168,0.4059851201404222,0.1100303020225499,0.1343061893563645,1.6913741775224227,681.2314048446149,0,1,0,0,0,1,1,1,0,1,0,1,1,1
param_20050,real_002,0.7207538332235853,0.45249012317321957,0.1450288019910775,0.15392723127800942,1.8885599631603185,56.77448732545513,0,1,0,0,0,1,0,0,0,1,0,0,1,1
param_20050,real_003,0.6971892570327737,0.3946113822769835,0.10444109368564929,0.12575008211598354,1.8732107894386678,435.81894860560635,0,1,0,1,0,0,0,1,0,1,0,1,1,1
param_20050,real_004,0.7518076197280952,0.5017472760131951,0.19139915006022534,0.20605480396816286,1.2000881952566291,218.80017686553157,1,1,0,1,1,1,0,1,0,1,0,1,1,1
param_20050,real_005,0.7087853230573304,0.4040477507867584,0.1145126416148435,0.1282378417655845,1.7981117943866287,492.241215912806,0,0,0,1,1,1,0,1,0,0,0,0,1,1
param_20051,real_001,0.719666984707332,0.4717157999685677,0.12909403212662388,0.16710340805356982,0.9867999272106273,698.5844510640562,1,1,0,0,1,1,1,1,0,1,0,1,1,1
param_20051,real_002,0.7548600924290281,0.5276614771415885,0.1635142071060716,0.18304088713335606,1.0481854650620395,75.7867700641938,1,1,1,0,1,1,0,0,0,1,0,0,1,1
param_20051,real_003,0.7330178880238631,0.45626255455639936,0.1290673727527076,0.16427222837520195,1.1553895076076262,456.8658751014417,1,1,1,1,1,0,0,1,0,1,0,1,1,1
param_20051,real_004,0.797482978634701,0.5889652150412774,0.2428034044439187,0.27930260030348925,0.5313067150635209,241.47588289033476,1,1,1,1,1,1,1,1,0,1,0,1,1,1
param_20051,real_005,0.7458493471570918,0.4983973167540959,0.1441280988821526,0.17326317572863434,1.0439853142322366,503.52789501785077,0,0,1,1,1,1,1,1,0,0,0,0,1,1
param_20052,real_001,0.7672795286081217,0.5808919822817752,0.17401415456057767,0.23133000647279434,0.6903463224085366,667.9348758571168,1,1,1,0,1,1,1,1,0,1,0,1,1,1
param_20052,real_002,0.7892468141086433,0.6047157615998932,0.20338089506914442,0.24864764200201367,0.7010421105644443,67.53964222697105,1,1,1,0,1,1,1,0,0,1,0,0,1,1
param_20052,real_003,0.7648646901662353,0.5525863031812787,0.15354029716804474,0.20619431434166402,0.8094764943196102,430.17659223041954,1,1,1,1,1,0,1,1,0,1,0,1,1,1
param_20052,real_004,0.8351215393391805,0.6695338816097273,0.27620220975693127,0.3358170552381847,0.2996794690285533,240.73586070764765,1,1,1,1,1,1,1,1,1,1,0,1,1,1
param_20052,real_005,0.7859710334504644,0.5897938481684301,0.18853218114388062,0.2371098499216523,0.725703519115055,476.7076345254489,0,0,1,1,1,1,1,1,0,0,0,0,1,1
param_20053,real_001,0.7932244720757755,0.6448912643138361,0.21588868141218426,0.2918850226264767,0.0020968949010858667,707.1786226352822,1,1,1,0,1,1,1,1,1,1,1,1,1,1
param_20053,real_002,0.7928369428841882,0.6519316752018541,0.20586622755572379,0.26132730000015775,0.1078912080618727,122.42845461572826,1,1,1,0,1,1,1,0,1,1,1,0,1,1
param_20053,real_003,0.8130034880067687,0.6579488114525555,0.23092342717302416,0.305761994321565,0.08395554047174614,463.2664084880952,1,1,1,1,1,0,1,1,1,1,1,1,1,1
param_20053,real_004,0.8262089738475867,0.6950887115822733,0.278704753902999,0.3293983553018839,0.24958310172317955,299.6379814594887,1,1,1,1,1,1,1,1,1,1,1,1,1,1
param_20053,real_005,0.7990127319116389,0.6569559242603453,0.20690012964299073,0.2731571315720021,0.06450571319372142,499.0268827918144,1,0,1,1,1,1,1,1,1,0,1,0,1,1
param_20054,real_001,0.7403346127591722,0.3949541849963198,0.08170203347147112,0.09136351639351928,2.637703982654342,406.4648486414651,0,1,0,1,0,1,0,1,0,1,0,1,0,1
param_20054,real_002,0.7644196542444736,0.4053031783793773,0.07803724152612956,0.08962798880604471,2.3426780626780626,131.33604502490428,0,1,0,0,0,1,0,1,0,1,0,0,1,1
param_20054,real_003,0.7743725205557794,0.4247187506429844,0.09762382144794186,0.11096999448922062,2.202973280653586,210.00336301384613,0,1,0,1,0,1,0,1,0,1,0,1,1,1
param_20054,real_004,0.7278587473130317,0.3765130066314134,0.04136374686427634,0.06076148182181406,2.5715085675887557,540.5521537513124,0,1,0,1,0,1,0,1,0,1,0,1,0,1
param_20054,real_005,0.7604004125982159,0.34311238542282085,0.05596420873443433,0.07400462024581278,1.9368581642644078,489.60446452654344,0,1,0,1,0,1,0,1,0,1,0,0,0,1
param_20055,real_001,0.7450223947673167,0.40485259036326154,0.0861785248442867,0.09782475985322929,2.3759637380327034,407.1520252098309,0,1,0,1,0,1,0,1,0,1,0,1,0,1
param_20055,real_002,0.7694888176637897,0.41605392159268056,0.08129487947666159,0.0951911942102152,2.119031921907233,131.84259603062458,0,1,0,0,0,1,0,1,0,1,0,0,1,1
param_20055,real_003,0.7792059292823452,0.4348340083394141,0.10165336757048055,0.11759331168176464,1.9869481046649597,210.35065203612464,1,1,0,1,1,1,0,1,0,1,0,1,1,1
param_20055,real_004,0.7308037606519369,0.38193673381825455,0.04403911582021892,0.06579340797062755,2.3135910224438905,541.5514997776129,0,1,0,1,0,1,0,1,0,1,0,1,0,1
param_20055,real_005,0.764473594609925,0.34710304171505446,0.05883305038573273,0.07922828255845643,1.7295198188474805,490.7021591417376,0,1,0,1,0,1,0,1,0,1,0,0,0,1
param_20056,real_001,0.7449224503705544,0.4351745901873304,0.09100762649371096,0.10488904603492805,2.2620957838722884,402.5034788807101,0,1,0,1,0,1,0,1,0,1,0,1,0,1
param_20056,real_002,0.7703690525356203,0.44517553917723146,0.08943463774896078,0.10472236062935243,2.020554434238168,129.6307255765908,0,1,0,0,0,1,0,1,0,1,0,0,1,1
param_20056,real_003,0.7787903969779565,0.45817452789068414,0.10627228551080836,0.12689381477930642,1.8845110061312695,206.0184264696541,1,1,0,1,1,1,0,1,0,1,0,1,1,1
param_20056,real_004,0.7290827375870269,0.40459803085207013,0.04631232802874524,0.06901888131492984,2.2036728215225736,536.802858356444,0,1,0,1,0,1,0,1,0,1,0,1,1,1
param_20056,real_005,0.7644038595513352,0.3738393910027346,0.0646601452200866,0.0863611799784686,1.6398542715624873,485.67754954870105,0,1,0,1,0,1,0,1,0,1,0,0,1,1
param_20057,real_001,0.7803838476846486,0.4937984086508267,0.11378692139710296,0.1399712872934275,1.3600503442659362,408.37522526888057,1,1,1,1,1,1,1,1,0,1,0,1,0,1
param_20057,real_002,0.7980163365856205,0.49110097437766315,0.10605397239852288,0.13311916879230482,1.1976144809398226,133.50010887434388,1,1,1,0,1,1,1,1,0,1,0,0,0,1
param_20057,real_003,0.8150572074138309,0.5201698795717044,0.12236121624100996,0.1604150246146965,1.1046996010326215,210.11548166680376,1,1,1,1,1,1,1,1,0,1,0,1,0,1
param_20057,real_004,0.7562940817209332,0.45104320962693806,0.06056975857672256,0.09651176102620931,1.2913762628077083,544.2037493903205,1,1,1,1,1,1,1,1,0,1,0,1,1,1
param_20057,real_005,0.7916771884814547,0.4387688035719725,0.08149751302224734,0.1153466465657018,0.9112665412029697,494.36386684988975,1,1,1,1,1,1,1,1,0,1,0,0,0,1
param_20058,real_001,0.7953349508041434,0.5827908137929346,0.13559343854617995,0.17367852941036205,0.9640911891558842,370.3655808744196,1,1,1,1,1,1,1,1,0,1,0,1,1,1
param_20058,real_002,0.8203501950527978,0.6031543852873368,0.15909514329452093,0.19991542197849427,0.8657371480911369,119.78263245661553,1,1,1,0,1,1,1,1,0,1,0,0,1,1
param_20058,real_003,0.8304569536503688,0.6062862116864591,0.13396470185326737,0.1888321620873345,0.7662264127718763,176.6125094983502,1,1,1,1,1,1,1,1,0,1,0,1,1,1
param_20058,real_004,0.7670044149960558,0.5294864462078837,0.08248379480414217,0.1290821645105499,1.00533246135852,507.8231434064475,1,1,1,1,1,1,1,1,0,1,0,1,1,1
param_20058,real_005,0.812549614935174,0.5424773535679173,0.13005958387739072,0.17697356965589436,0.6392938395251592,453.8154609497422,1,1,1,1,1,1,1,1,0,1,0,0,1,1
param_20059,real_001,0.8178505957603472,0.666701473166948,0.1609848942823735,0.21218035549999725,0.034392928760533854,411.2201324664364,1,1,1,1,1,1,1,1,1,1,1,1,1,1
param_20059,real_002,0.8167885614289422,0.646616101507234,0.16006866750192067,0.21079804536574648,0.09136530633739552,134.63740381484067,1,1,1,0,1,1,1,1,1,1,1,0,1,1
param_20059,real_003,0.8141108604900912,0.6510464823919729,0.13033331493372083,0.18769716318254395,0.12392314408347427,211.9143205096684,1,1,1,1,1,1,1,1,1,1,1,1,1,1
param_20059,real_004,0.7899692521193197,0.6198187850738376,0.11341973324849806,0.17816300437100208,0.0236659216850871,561.1998203074409,1,1,1,1,1,1,1,1,1,1,1,1,1,1
param_20060,real_001,0.7389970990337693,0.42162688660279035,0.11434125258458891,0.1278139959621084,2.0174573429332283,203.82859865704344,0,1,0,1,1,1,0,1,0,1,0,1,0,1
param_20060,real_002,0.7510840439459687,0.49092427002532546,0.11023482279809386,0.12355678219204348,1.9081051131866393,138.6250382235065,1,1,1,0,0,1,0,1,0,1,0,0,1,1
param_20060,real_003,0.7432607181512647,0.42875017166909335,0.08626674827645489,0.1090439563409534,1.7243704781154958,418.2149128663079,1,1,0,1,1,0,0,0,0,0,0,1,0,1
param_20060,real_004,0.7136301522632277,0.4332543597086746,0.07587345278477177,0.0977283581309867,1.8270348292280583,458.12910593956957,0,0,0,0,1,1,0,1,0,1,0,1,0,1
param_20060,real_005,0.7303669586314279,0.38551553350872053,0.05762241315125673,0.07900094705437674,1.8880929055433096,339.22319564776336,1,0,0,0,0,1,0,1,0,1,0,0,0,1
param_20061,real_001,0.7470308767988436,0.4390935644669424,0.12107128950236219,0.1369366353706403,1.7782419179077371,205.90447752767503,0,1,0,1,1,1,1,1,0,1,0,1,0,1
param_20061,real_002,0.7572918486149501,0.499520247616103,0.11488751468608148,0.13032465533559245,1.6960430004953129,139.49874346350506,1,1,1,0,0,1,1,1,0,1,0,0,1,1
param_20061,real_003,0.7477493231221847,0.442283348217333,0.09066909620959208,0.11659162469948457,1.5374316026532013,419.92089800317353,1,1,0,1,1,0,0,0,0,0,0,1,0,1
param_20061,real_004,0.7172145354111376,0.43809910303343785,0.07949937343095334,0.10408825597571252,1.6355883329546845,461.854021757576,0,0,0,0,1,1,0,1,0,1,0,1,0,1
param_20061,real_005,0.7352109393392425,0.3973353786160252,0.06098460155787281,0.08499643685586936,1.661769685113427,341.54617368239764,1,0,0,0,1,1,0,1,0,1,0,0,0,1
param_20062,real_001,0.7483502716784262,0.4650263524167675,0.1264062533015643,0.14505926435528263,1.6898188851767189,200.94596519743916,0,1,0,1,1,1,1,1,0,1,0,1,0,1
param_20062,real_002,0.7584940992009175,0.5254708418923072,0.12033035331684622,0.13826766000928706,1.6145525707169543,138.0796029703159,1,1,1,0,0,1,1,1,0,1,0,0,1,1
param_20062,real_003,0.7525837311188144,0.46722283408598136,0.09432191765809143,0.12325359418848082,1.4608821772886273,415.2683144905767,1,1,0,1,1,0,0,0,0,0,0,1,0,1
param_20062,real_004,0.7175741335779823,0.4574285254003316,0.0829672920267007,0.10910297996267124,1.587564126760805,457.31985039720774,0,0,0,0,1,1,0,1,0,1,0,1,0,1
param_20062,real_005,0.7364084828651742,0.4208168652041772,0.06545632580194734,0.09085204713842819,1.6067533711590893,336.9625517210221,1,0,0,0,1,1,0,1,0,1,0,0,0,1
param_20063,real_001,0.7831835115245063,0.5288691920707198,0.1513925425348124,0.18254140366309135,1.0698473695605109,211.18546985129922,1,1,1,1,1,1,1,1,0,1,0,1,0,1
param_20063,real_002,0.7816686903847316,0.5591056569540098,0.13561431514208555,0.1629952524196276,1.0069098308047357,144.139633894491,1,1,1,0,1,1,1,1,0,1,0,0,1,1
param_20063,real_003,0.7767109784701474,0.5244977572468286,0.10900681399891672,0.1503781021597428,0.8293440897040729,424.0350961998596,1,1,1,1,1,0,0,0,0,0,0,1,0,1
param_20063,real_004,0.7369040343997832,0.48756510978582424,0.09224456462069755,0.12789876318714213,0.9533079473629675,481.58274216032953,1,0,1,0,1,1,1,1,1,1,0,1,0,1
param_20063,real_005,0.752782056694144,0.4625170268063083,0.07432459979196172,0.11028250853328583,0.9805035759772704,353.59207906567605,1,0,1,0,1,1,0,1,0,1,0,0,0,1
param_20064,real_001,0.8092665794565214,0.6271885714541731,0.17580436307595732,0.2208380781764483,0.6522650191181871,172.20233484758526,1,1,1,1,1,1,1,1,1,1,1,1,1,1
param_20064,real_002,0.8018521214511968,0.6465698061852082,0.16234839885541635,0.20121935057977466,0.719198914416733,134.06826233795704,1,1,1,0,1,1,1,1,0,1,0,0,1,1
param_20064,real_003,0.7979853633842144,0.6171636571841668,0.12724224799076783,0.18504043555726166,0.5453025887193554,390.94498359560765,1,1,1,1,1,0,0,0,1,0,0,1,1,1
param_20064,real_004,0.7685932276821852,0.5736814144864532,0.1261204776156789,0.17751080124243532,0.6572455247744531,449.73901906709926,1,0,1,0,1,1,1,1,1,1,1,1,1,1
param_20064,real_005,0.780385919488353,0.5690447157720843,0.11331612890909085,0.16311255604438243,0.6753688049063484,317.39286564404006,1,0,1,0,1,1,1,1,0,1,0,0,1,1
param_20065,real_002,0.8054626347744973,0.6622666302967737,0.17553740907879742,0.22099509004952736,0.033239703454218936,150.26378388439747,1,1,1,0,1,1,1,1,1,1,1,0,1,1
param_20065,real_003,0.7783263285453371,0.6316578981268255,0.11550160687881479,0.17425552031589567,0.07508000538713629,423.6551946844045,1,1,1,1,1,0,1,0,1,0,0,1,1,1
param_20065,real_004,0.7752347363249337,0.6221041313559603,0.1360617966632339,0.2026645641652494,0.04876310378322463,529.4142451468067,1,0,1,0,1,1,1,1,1,1,1,1,1,1
param_20065,real_005,0.7762457906924637,0.5956296754161845,0.11124527539919443,0.17476654607329054,0.05568272060540944,380.8787293264171,1,0,1,0,1,1,1,1,1,1,0,0,1,1
param_20066,real_001,0.7050659845478222,0.41441006853794493,0.06708408936714355,0.10074634631624318,0.5923021650160892,828.5591828901,1,0,1,0,1,1,1,1,0,1,0,1,1,1
param_20066,real_002,0.6833341963455523,0.4213668061862783,0.06511986557174959,0.09822998263920774,1.5435566188197767,48.21262577103971,0,1,1,1,0,1,1,1,0,1,1,1,1,1
param_20066,real_003,0.7058526438556882,0.4687222322355574,0.09240165113679448,0.11392292857094649,1.6644058081773023,96.39878562662278,1,1,1,1,0,1,1,1,0,1,1,1,0,1
param_20066,real_004,0.6596028321420464,0.382665220178797,0.03749052993521323,0.05762668851717949,2.102793468412022,250.4673560949507,1,1,0,1,1,1,0,1,0,1,0,1,1,1
param_20066,real_005,0.8137842432231339,0.5759623670351031,0.319083295550859,0.3428826676250166,0.889297518737489,24.75642749972652,1,1,0,1,1,1,0,1,0,1,0,1,0,1
param_20067,real_001,0.7093821978304633,0.4240986656386283,0.07138278401111603,0.10735355327022879,0.4566031265182475,830.8915976796395,1,0,1,0,1,1,1,1,1,1,0,1,1,1
param_20067,real_002,0.6906013814612304,0.4304482535760965,0.07062015664724183,0.10673029735601071,1.3520536833566845,53.066228094374935,1,1,1,1,1,1,1,1,0,1,1,1,1,1
param_20067,real_003,0.7121726637740246,0.4753997268157963,0.09663380455555526,0.12019694638448788,1.5337411237452117,96.88795411869548,1,1,1,1,0,1,1,1,0,1,1,1,0,1
param_20067,real_004,0.6652396093586246,0.39158345914362996,0.04036196311825415,0.0630476126135593,1.8406904707273595,255.45938851188313,1,1,0,1,1,1,0,1,0,1,0,1,1,1
param_20067,real_005,0.8237350552195992,0.6019457736992421,0.3312688925315642,0.35990998596358154,0.7360901183516326,20.826410037380313,1,1,0,1,1,1,0,1,1,1,0,1,0,1
param_20068,real_001,0.7094676081913965,0.4388473992682131,0.07558920913070033,0.11358523156669863,0.4376013651684601,825.9679624582742,1,0,1,0,1,1,1,1,1,1,0,1,1,1
param_20068,real_002,0.6919117596419142,0.4542036579683097,0.07423508130137259,0.1126580255281517,1.3074396666473753,47.89134935934229,1,1,1,1,1,1,1,1,0,1,1,1,1,1
param_20068,real_003,0.7139989820912391,0.4885589986917402,0.10054146694188548,0.12655129787570135,1.4768882376448649,93.22605353843882,1,1,1,1,0,1,1,1,0,1,1,1,0,1
param_20068,real_004,0.6656135935306492,0.3999397402781967,0.043620213051390105,0.06762765151906042,1.7877470424194135,250.13181450854833,1,1,0,1,1,1,0,1,0,1,0,1,1,1
param_20068,real_005,0.8268914550890666,0.6147361743792118,0.3321017940003123,0.3603791818988721,0.7175746974014615,24.446968507986853,1,1,0,1,1,1,0,1,1,1,0,1,0,1
param_20069,real_001,0.7219217405445125,0.46961799248601294,0.08166262257158191,0.1266062255528545,0.142729025604233,839.4123962547242,1,0,1,0,1,1,1,1,1,1,0,1,1,1
param_20069,real_002,0.7186531685523194,0.48717920998322856,0.0933970065188329,0.14038915703820204,0.7863615488871714,83.39262609909522,1,1,1,1,1,1,1,1,0,1,1,1,1,1
param_20069,real_003,0.7344843692631771,0.5059853762467085,0.11488317388726282,0.14829306504405626,1.0380212392829307,97.49409198976905,1,1,1,1,1,1,1,1,0,1,1,1,0,1
param_20069,real_004,0.6852485045594967,0.43320517591318075,0.053138288387372175,0.08696823508990066,1.0578833638072345,278.49626893341315,1,1,1,1,1,1,1,1,0,1,0,1,1,1
param_20069,real_005,0.8584619876233954,0.680888085031857,0.34860349290106446,0.3889495077662769,0.31288819875776397,16.593026005647285,1,1,1,1,1,1,1,1,1,1,1,1,0,1
param_20070,real_001,0.749879921606263,0.566147490720697,0.11408958972558737,0.17499458623456893,0.026826800068737708,807.2119641292713,1,0,1,0,1,1,1,1,1,1,0,1,1,1
param_20070,real_002,0.7584341900608158,0.5940846652837537,0.1290506292380889,0.1984449154840921,0.5144818810301603,69.72348414072553,1,1,1,1,1,1,1,1,0,1,1,1,1,1
param_20070,real_003,0.7660090336397816,0.5894187173950809,0.14985166122835986,0.20118418560789963,0.6814468726450641,79.92571146320402,1,1,1,1,1,1,1,1,0,1,1,1,1,1
param_20070,real_004,0.7191451394735247,0.5280151429951745,0.08409188108682851,0.13553135471427008,0.7468009594408327,245.04687161802948,1,1,1,1,1,1,1,1,0,1,0,1,1,1
param_20070,real_005,0.8793219014226146,0.7432188284657338,0.32528520220829266,0.36757496345886476,0.1380606083266344,25.706052816485006,1,1,1,1,1,1,1,1,1,1,1,1,1,1
param_20071,real_001,0.738211887626506,0.5819411397416856,0.10804981202026813,0.17232860986850554,0.38510909101876595,848.2363570681289,1,0,1,0,1,1,1,1,1,1,1,1,1,1
param_20071,real_002,0.767980965669611,0.6178152626397808,0.15307961249403865,0.2248203033099659,0.013607474259565273,158.00467534411538,1,1,1,1,1,1,1,1,1,1,1,1,1,1
param_20071,real_004,0.7399009900531242,0.5842171446972791,0.10438795347242084,0.17516019264084245,0.05568856383850972,309.22681571454643,1,1,1,1,1,1,1,1,1,1,1,1,1,1
param_20071,real_005,0.8500688339526735,0.7251984760166263,0.2586660754645101,0.29355944355821634,0.21943838953712014,52.010888119814815,1,1,1,1,1,1,1,1,1,1,1,1,1,1
param_20072,real_001,0.7311459413776656,0.3649339506916602,0.06546724111088634,0.08108225790386944,2.506482815394114,666.2081599961016,0,1,0,1,0,1,0,1,0,1,0,1,0,1
param_20072,real_002,0.7519513562912055,0.384323785386639,0.11595382553804943,0.12365168090357569,1.824355756166087,819.1964410593,0,1,0,1,0,1,0,0,0,1,0,0,1,1
param_20072,real_003,0.73591417560294,0.36096152600242826,0.037049120769072956,0.057203771414923874,2.2654023216370405,645.7220128707365,0,1,0,1,1,0,0,1,0,1,0,1,1,1
param_20072,real_004,0.7104850122499916,0.36531526152711863,0.04279414357622105,0.06410063337302031,2.339806930467647,314.4055032198187,0,1,0,1,0,1,0,1,0,1,0,1,1,1
param_20072,real_005,0.7764090408542629,0.342971587371577,0.09324103371234095,0.10982354205238085,1.4412708527731628,693.0356208081203,0,1,0,1,0,1,0,1,0,0,0,0,1,1
param_20073,real_001,0.7369518074770625,0.38640531329133915,0.06965987922373354,0.08779905247867248,2.2328125988236036,667.3291217941714,0,1,0,1,0,1,0,1,0,1,0,1,0,1
param_20073,real_002,0.7574973076526185,0.4038346406593068,0.12116726055274754,0.13135324838947376,1.6131293546118934,820.7175129947592,0,1,0,1,0,1,0,0,0,1,0,0,1,1
param_20073,real_003,0.740319964554372,0.37544221675746187,0.03898735081957763,0.06175519339071208,2.0360236744557536,646.0213258205224,1,1,0,1,1,0,0,1,0,1,0,1,1,1
param_20073,real_004,0.7137569768222819,0.3758893458167139,0.045412286211405334,0.06938320228738597,2.0804493910121797,315.718053734606,0,1,0,1,0,1,0,1,0,1,0,1,1,1
param_20073,real_005,0.7820859095597599,0.35978772658501407,0.09858453593562448,0.11838477462312248,1.2454417952314165,694.894142380647,0,1,0,1,0,1,0,1,0,0,0,0,1,1
param_20074,real_001,0.7361138523074624,0.41089337581707647,0.07228213961294166,0.09143981722440435,2.125410186902554,662.1501475473851,0,1,0,1,0,1,0,1,0,1,0,1,0,1
param_20074,real_002,0.758365464510161,0.43510052579224306,0.1274528383818291,0.14127447878697671,1.537280701754386,815.7502440893936,0,1,0,1,0,1,0,0,0,1,0,0,1,1
param_20074,real_003,0.7385215619649831,0.3905678263169463,0.04133892691999295,0.06562531183671409,1.9320227052471273,640.5381020993946,1,1,0,1,1,0,0,1,0,1,0,1,1,1
param_20074,real_004,0.7115637904498341,0.3895508220185274,0.046984582914395584,0.07206777369615978,1.9858939912066438,310.50471259525466,0,1,0,1,0,1,0,1,0,1,0,1,1,1
param_20074,real_005,0.782291551781106,0.3825912602002131,0.10391477599713865,0.1250445390709604,1.184886444648131,689.9268859485999,0,1,0,1,0,1,0,1,0,0,0,0,1,1
param_20075,real_001,0.7714207727256344,0.4896030489529915,0.09314625946020766,0.12640752214305473,1.2240884170220172,669.7871925638277,1,1,1,1,1,1,1,1,0,1,0,1,0,1
param_20075,real_002,0.7892574356585967,0.49207147265956136,0.1473761311920273,0.17708914898249747,0.8156811654280046,827.7994273975561,1,1,1,1,1,1,1,0,0,1,0,0,1,1
param_20075,real_003,0.7632114734639848,0.45089797014885724,0.05068467493816614,0.08765851070890283,1.1232294008965784,644.144676554821,1,1,1,1,1,0,1,1,0,1,0,1,0,1
param_20075,real_004,0.7384898475840914,0.44832348564940994,0.06115105445923904,0.0992119080075623,1.1560157559011142,321.18854607555033,1,1,1,1,1,1,1,1,0,1,0,1,1,1
param_20075,real_005,0.8109147850560775,0.4544891081299214,0.12192048430739914,0.1601817477871192,0.5660330530249942,703.921109618646,1,1,1,1,1,1,1,1,0,0,0,0,0,1
param_20076,real_001,0.7862398212711791,0.5588250650127091,0.1162674035763934,0.15968962571941459,0.8716449608807626,627.2486949431852,1,1,1,1,1,1,1,1,0,1,0,1,1,1
param_20076,real_002,0.8051615214961249,0.6083045426050944,0.16756356363278702,0.20940053661551838,0.5788511547671156,786.74882857971,1,1,1,1,1,1,1,0,0,1,0,0,1,1
param_20076,real_003,0.7765464684135626,0.5295675163729789,0.07209097735732999,0.12173236504985763,0.7873884735953701,599.8914455714411,1,1,1,1,1,0,1,1,0,1,0,1,1,1
param_20076,real_004,0.7478531145722345,0.5124029331025087,0.07964445406059018,0.1277747023284077,0.8714167251387382,279.0525736780756,1,1,1,1,1,1,1,1,0,1,0,1,1,1
param_20076,real_005,0.8375804096675077,0.5631692164871002,0.1699734955014349,0.22180386380182104,0.3783988691852994,661.9791398439294,1,1,1,1,1,1,1,1,0,0,0,0,1,1
param_20077,real_001,0.7975447576846889,0.646017152574488,0.1369564063913237,0.1934256335273729,0.08127830900855561,673.441000220774,1,1,1,1,1,1,1,1,1,1,1,1,1,1
param_20077,real_002,0.8002663821093162,0.6432368765221771,0.1508083640902712,0.21180851797399114,0.25234248788368335,841.1485441390589,1,1,1,1,1,1,1,0,1,1,1,0,1,1
param_20077,real_003,0.7697202252589732,0.6051614949347125,0.08534438341845618,0.14311409918899595,0.10404805937314912,639.7502942932266,1,1,1,1,1,0,1,1,1,1,1,1,1,1
param_20077,real_004,0.7768967374993945,0.6170065381282374,0.11793196249301072,0.18729605253231182,0.104209922079191,341.15373912010614,1,1,1,1,1,1,1,1,1,1,1,1,1,1
param_20077,real_005,0.8205823587897241,0.6318320189779845,0.16731875440542293,0.2256772917057309,0.3407392383902451,726.5449535250958,1,1,1,1,1,1,1,1,1,0,1,0,1,1
param_20078,real_001,0.7080382838497107,0.3808010463788039,0.09322299144234034,0.10272039676774522,1.9592294497954876,221.35781150377468,0,1,0,1,0,1,0,1,0,1,0,0,1,1
param_20078,real_002,0.71217234983744,0.37804333618023295,0.055968261559422555,0.08063304253125146,1.552355649299288,263.52500439346477,0,1,0,0,0,0,1,1,0,1,0,0,1,1
param_20078,real_003,0.7326271385760874,0.3759222244594511,0.07983859508201317,0.11205965993657294,1.1374519713058127,390.7507661570699,0,0,1,1,0,1,0,1,0,1,0,1,1,1
param_20078,real_004,0.7121699737566882,0.3865642696080738,0.08496140459657657,0.10449844889014523,2.1392018406854967,159.34606015344016,0,1,0,1,0,1,0,1,0,0,0,1,1,1
param_20078,real_005,0.6981651289090789,0.38022386280934817,0.0780020049780574,0.10131329439843148,0.9410633402832699,757.1217472170865,1,0,0,0,1,1,0,1,0,1,0,0,0,1
param_20079,real_001,0.7145865623181067,0.3954714186147038,0.09757693101118531,0.10967494918090544,1.699295930034301,225.10545901484505,1,1,0,1,0,1,0,1,0,1,0,0,1,1
param_20079,real_002,0.7184309008684384,0.39313244148451476,0.06116506937037393,0.09054257653172637,1.2670185361987283,270.8086643576546,0,1,0,0,0,0,1,1,0,1,0,0,1,1
param_20079,real_003,0.7432195669143655,0.399136032367645,0.08771131586145003,0.12498901515952995,0.8915596053667443,388.698354737038,1,0,1,1,0,1,1,1,0,1,0,1,1,1
param_20079,real_004,0.7212473149508095,0.41357610383049104,0.09379294134255706,0.11604569205231226,1.8067817050029262,157.99296799409905,0,1,0,1,0,1,0,1,0,0,0,1,1,1
param_20079,real_005,0.707150957158586,0.40491186829662673,0.08153618110624636,0.10801242063355247,0.7897118045773189,761.7444545636466,1,0,0,0,1,1,0,1,0,1,0,0,0,1
param_20080,real_001,0.7152111867502075,0.4156597497697179,0.10525399374208284,0.1183780014567589,1.6506982882581205,220.30101786998017,1,1,0,1,0,1,0,1,0,1,0,0,1,1
param_20080,real_002,0.7172455146629195,0.40261879658288696,0.06420725516426114,0.09478248456291567,1.2302580279293966,266.68820563451794,0,1,1,0,0,0,1,1,0,1,0,0,1,1
param_20080,real_003,0.7431702822700701,0.4077220350225456,0.0919244539686666,0.13118365592430506,0.8677825375035146,383.44820273113606,1,0,1,1,0,1,1,1,0,1,0,1,1,1
param_20080,real_004,0.7204966703405284,0.4308878946705274,0.09605881914550425,0.11994645752562169,1.7684368877693815,160.5587962601301,0,1,0,1,0,1,0,1,0,0,0,1,1,1
param_20080,real_005,0.707625955913692,0.4166833640946308,0.0868894290166792,0.1149618019311988,0.7536740228317176,756.9021954348738,1,0,0,0,1,1,0,1,0,1,0,0,0,1
param_20081,real_001,0.7392849911825214,0.45790694588318426,0.1154790202461528,0.14143909605367502,0.9165954537685865,241.5432168232834,1,1,0,1,1,1,1,1,0,1,0,0,1,1
param_20081,real_002,0.7446704352541538,0.4568207883887985,0.08293496188211545,0.12790080247374175,0.5358864521168186,288.6115961458099,1,1,1,0,1,0,1,1,0,1,1,0,1,1
param_20081,real_003,0.7666411650014002,0.46094845504747417,0.11153504958276449,0.16096233334570048,0.3536794409215684,380.2569399294264,1,0,1,1,1,1,1,1,0,1,0,1,1,1
param_20081,real_004,0.7618054798971251,0.5091463612418057,0.1316885045563834,0.16771176607442126,1.0202192976857585,153.32025607944817,1,1,1,1,1,1,1,1,0,0,0,1,1,1
param_20081,real_005,0.7314859116811278,0.48079056046620444,0.09162395035947689,0.13565144963230458,0.28237920511084985,777.3261531370805,1,0,1,0,1,1,1,1,0,1,0,0,0,1
param_20082,real_001,0.767754380533554,0.5530487492236392,0.17088001875733133,0.21089406128534782,0.7062866127355261,208.59011983636518,1,1,0,1,1,1,1,1,0,1,0,0,1,1
param_20082,real_002,0.7748198972915987,0.5509073523581156,0.1137792274177648,0.17645135937316062,0.3322006626652694,260.9062185791118,1,1,1,0,1,0,1,1,0,1,1,0,1,1
param_20082,real_003,0.794403788260643,0.565117495216872,0.15186694130559789,0.21815219519282383,0.1966641587809556,342.6516997933479,1,0,1,1,1,1,1,1,0,1,1,1,1,1
param_20082,real_004,0.7856570841906587,0.5859722638167547,0.15528582364005372,0.20382529398397317,0.7957020967595534,176.11107283023438,1,1,1,1,1,1,1,1,0,0,0,1,1,1
param_20082,real_005,0.7625254089535719,0.5572561570165259,0.13862373959188004,0.20010196967865554,0.11820619816312372,742.3020325762884,1,0,1,0,1,1,1,1,1,1,1,0,1,1
param_20083,real_001,0.7823755474834274,0.5989512414240029,0.17218747780381155,0.228455444559357,0.06188434591655338,274.6750918064961,1,1,1,1,1,1,1,1,1,1,1,0,1,1
param_20083,real_002,0.7724227030299603,0.6172833447880381,0.13015626362112737,0.19808992806383638,0.26448396579837874,304.93682747537184,1,1,1,0,1,0,1,1,1,1,1,0,1,1
param_20083,real_003,0.7873645628374615,0.6183049622688314,0.1602940554795949,0.22676355055937455,0.33722643159395965,362.62294803836767,1,0,1,1,1,1,1,1,1,1,1,1,1,1
param_20083,real_004,0.8282798469832012,0.6850711160738139,0.21973289273798463,0.28129660532408196,0.026600488341913146,132.66309584322332,1,1,1,1,1,1,1,1,1,0,1,1,1,1
param_20083,real_005,0.745367948805481,0.5993715739879135,0.12031848741978005,0.18326788612176925,0.36065146734078896,786.9061174842524,1,0,1,0,1,1,1,1,1,1,1,0,1,1
param_20084,real_001,0.7418585117657327,0.4490672648365649,0.11649375202562873,0.13780293271180352,1.4436545499837123,238.4686492091572,0,1,0,1,0,1,1,1,0,1,0,1,1,1
param_20084,real_002,0.7440519496736071,0.4345776909687751,0.15078070773927899,0.15845897764674105,1.7121110813943121,200.6911045081944,0,0,0,1,0,1,0,1,0,0,0,1,1,1
param_20084,real_003,0.7002761886951121,0.38935037262910627,0.0993339989560787,0.12250944699161359,1.2825240903451676,612.70489206155,0,1,1,1,0,1,0,1,0,0,0,1,1,1
param_20084,real_004,0.7050414420020946,0.41564292960831123,0.08637789568423267,0.11084396563484669,0.7027429222318164,582.3563362478056,0,1,0,1,1,0,1,0,0,0,0,0,1,1
param_20084,real_005,0.7192022708390572,0.38687502929118994,0.08266029039911615,0.10627827022725718,1.56131034886672,141.38818620206453,1,1,0,0,0,1,0,1,0,0,0,1,1,1
param_20085,real_001,0.7509732725748806,0.4697169820985176,0.12346097206052238,0.14925553287667853,1.207457028612972,230.7468589192037,0,1,0,1,0,1,1,1,0,1,0,1,1,1
param_20085,real_003,0.7100466611144384,0.41263053184208487,0.10509284500073492,0.13233834669566938,1.0877662055028758,615.7833040703233,0,1,1,1,0,1,1,1,0,0,0,1,1,1
param_20085,real_004,0.7104222384340576,0.43500085879657724,0.08982422636267343,0.11835046321777477,0.5669242083551709,589.1006996195866,0,1,0,1,1,0,1,0,1,0,0,0,1,1
param_20085,real_005,0.7287169218684064,0.41078550229034505,0.09124486085492155,0.11885531735811894,1.2631660657915165,143.85151400484023,1,1,0,0,1,1,0,1,0,0,0,1,1,1
param_20086,real_001,0.7516725557576571,0.48607221268135403,0.12749161549154212,0.15537008272577396,1.1794271456403596,233.77581570465532,0,1,0,1,0,1,1,1,0,1,0,1,1,1
param_20086,real_003,0.712422779858448,0.42879379958549874,0.11030150813237054,0.1397797338290332,1.0551169053739748,610.5917667528872,0,1,1,1,0,1,1,1,0,0,0,1,1,1
param_20086,real_004,0.710511870805382,0.45153862258618555,0.09238200435843302,0.12228795028612045,0.5351055900621118,584.6439761999047,0,1,0,1,1,0,1,0,1,0,0,0,1,1
param_20086,real_005,0.7290199727500075,0.41535430370308596,0.09568980946890339,0.1252481938278052,1.2116246923569671,137.6255322046181,1,1,0,0,1,1,0,1,0,0,0,1,1,1
param_20087,real_001,0.7870117430346606,0.5477098849841158,0.14776354292591795,0.19328926002616698,0.5804756534347928,211.34049514306267,1,1,1,1,1,1,1,1,0,1,1,1,1,1
param_20087,real_002,0.7809801351596295,0.5514665764717296,0.204984224939348,0.22966904731276913,0.7348169479927007,233.9851242691179,0,0,1,1,0,1,1,1,0,0,1,1,1,1
param_20087,real_003,0.7327383705290389,0.48642864236413336,0.11750181849572172,0.15889833913412343,0.5427895329335815,627.2393082719508,1,1,1,1,1,1,1,1,0,0,1,1,1,1
param_20087,real_004,0.7305037997393482,0.5009311927943947,0.11387021183433463,0.14876791852748203,0.151028924131593,610.0846378016045,1,1,1,1,1,0,1,0,1,0,1,0,0,1
param_20087,real_005,0.7532761472914002,0.4697831179192984,0.12076399330669707,0.16167598951334505,0.6639356737012987,149.19936645332064,1,1,1,0,1,1,1,1,0,0,0,1,1,1
param_20088,real_001,0.8209015769141641,0.6435085350472839,0.190707392941015,0.2586723745004975,0.3746873922042083,229.55744878576155,1,1,1,1,1,1,1,1,0,1,1,1,1,1
param_20088,real_002,0.82636869203461,0.6495950711539384,0.2384039240274103,0.28136729170924496,0.46793008190887486,230.19803239124252,0,0,1,1,0,1,1,1,0,0,1,1,1,1
param_20088,real_003,0.7703941248194967,0.5878356529130937,0.1598866172333051,0.21941206102803887,0.3429928503574821,594.6338625249477,1,1,1,1,1,1,1,1,0,0,1,1,1,1
param_20088,real_004,0.7522496667069539,0.5873518085394512,0.13834533871584465,0.18563710095511596,0.07329120505539335,582.9307136520603,1,1,1,1,1,0,1,0,1,0,1,0,1,1
param_20088,real_005,0.7810603676741714,0.556173938391845,0.15058569242651604,0.2067463455643375,0.39354413842182967,115.74586145245819,1,1,1,0,1,1,1,1,1,0,0,1,1,1
param_20089,real_001,0.8054076484521049,0.6654303834107924,0.1903033030193644,0.24511211382409623,0.22790458315674758,185.1599624640915,1,1,1,1,1,1,1,1,1,1,1,1,1,1
param_20089,real_002,0.8180065574000283,0.6885665487348,0.22762826511953993,0.28324770434550883,0.1711372367381413,260.0028810406405,1,0,1,1,1,1,1,1,0,0,1,1,1,1
param_20089,real_003,0.7690120623424954,0.6214419895291222,0.15153232389983048,0.22382824053690123,0.08459766354503197,623.9216363655133,1,1,1,1,1,1,1,1,0,0,1,1,1,1
param_20089,real_004,0.7584142652565946,0.6201921672438416,0.15725566130213567,0.2086589193850209,0.4474498464840373,645.2297917865428,1,1,1,1,1,0,1,0,1,0,1,0,1,1
param_20089,real_005,0.80262441969414,0.628618544091479,0.19594878682716618,0.2644534366444784,0.17485534591194968,157.01063069882343,1,1,1,0,1,1,1,1,1,0,1,1,1,1
param_20090,real_001,0.7340981535666632,0.3514125020353171,0.05517268074678888,0.0777463481711591,2.2428197264444494,113.80539114576244,0,1,0,1,0,1,0,1,0,1,0,1,1,1
param_20090,real_002,0.7582190314906612,0.3212604727957274,0.05863107260169161,0.07823684813989264,1.9003432003432004,357.12319164408507,0,0,0,1,0,1,0,1,0,1,0,0,0,1
param_20090,real_003,0.7513979709864046,0.3681838554569301,0.06768254496904022,0.08013523706632548,2.3567702577251226,337.5384704174815,0,1,0,1,0,1,0,1,0,1,0,1,0,1
param_20090,real_004,0.7638275017176466,0.35493000736506636,0.0882183350686118,0.10242876486338691,1.8511609269606644,706.2485252385725,0,1,0,1,0,0,0,1,0,0,0,0,1,1
param_20090,real_005,0.7188642546180354,0.3289565684526836,0.045255891656358786,0.06676475256638138,2.0234722507356464,522.8431391418877,0,0,0,1,0,1,0,1,0,1,0,1,1,1
param_20091,real_001,0.7405725061160596,0.37090827648302543,0.059213973814441816,0.08498153417554555,1.9780235594021751,114.94145028163533,0,1,0,1,0,1,0,1,0,1,0,1,1,1
param_20091,real_002,0.7653719168434939,0.3467981215714328,0.062426243337871765,0.08456828017325524,1.6770278564216279,357.7163993407679,0,0,1,1,0,1,0,1,0,1,0,0,0,1
param_20091,real_003,0.7577997240911512,0.38467768068207553,0.07169233513735619,0.08630554172625242,2.10610925899413,336.8001426270038,0,1,1,1,0,1,0,1,0,1,0,1,0,1
param_20091,real_004,0.7701040315823535,0.37816685445645937,0.09138219596743971,0.10918750346107502,1.6239909854538004,707.7015656084077,0,1,0,1,0,0,0,1,0,0,0,0,1,1
param_20091,real_005,0.7236981676346077,0.342765749305739,0.04820337836296242,0.07271158678000045,1.7583293446819137,524.1563724495873,0,0,0,1,0,1,0,1,0,1,0,1,1,1
param_20092,real_001,0.738784077284873,0.38253381591864505,0.06130912088177334,0.08926579617374608,1.8896868142828644,111.50744247731829,0,1,0,1,0,1,0,1,0,1,0,1,1,1
param_20092,real_002,0.7652757254163037,0.37107411925643113,0.06731680656093397,0.09128519153331105,1.5878772799479415,352.45046003352263,0,0,1,1,0,1,0,1,0,1,0,0,0,1
param_20092,real_003,0.7574937519277236,0.4108306407589942,0.07711127048174841,0.09320946167837336,2.0000197542570426,340.61021427897583,0,1,1,1,0,1,0,1,0,1,0,1,0,1
param_20092,real_004,0.7704412094573911,0.4026718983491859,0.09842824189761698,0.11846707016506938,1.5569885603625546,702.176724222627,0,1,0,1,0,0,0,1,0,0,0,0,1,1
param_20092,real_005,0.7221886542715399,0.35982961386014645,0.051026621712215635,0.07790265738661382,1.684693443519475,518.8673233239392,0,0,0,1,0,1,0,1,0,1,0,1,1,1
param_20093,real_001,0.7745339215016256,0.45599693876457387,0.08092887982621005,0.12429305957633507,1.1101852930893836,118.99940431139771,1,1,1,1,1,1,1,1,0,1,0,1,1,1
param_20093,real_002,0.7956949150171421,0.45461644734958556,0.08159818633453256,0.11809549595556824,0.8811335716968794,356.7452681683147,1,0,1,1,1,1,1,1,0,1,0,0,0,1
param_20093,real_003,0.7840617640849256,0.46504889149231715,0.0917245842170429,0.11993878917068518,1.2155163610369528,335.91464754516505,1,1,1,1,1,1,1,1,0,1,0,1,0,1
param_20093,real_004,0.7932699715330416,0.46670535229478277,0.1075422875895625,0.1415063081679873,0.8180101917699328,709.5595338029386,1,1,1,1,1,0,1,1,0,0,0,0,1,1
param_20093,real_005,0.7506205807319926,0.412647768301427,0.06325870514784444,0.10561485887085692,0.9127510967444008,526.8404358907437,1,0,1,1,1,1,1,1,0,1,0,1,1,1
param_20094,real_001,0.7873212116289752,0.5226062531701497,0.10463155785139058,0.1616162673446695,0.7690879781153828,94.08392884205225,1,1,1,1,1,1,1,1,0,1,0,1,1,1
param_20094,real_002,0.8235135542974187,0.5640225370459154,0.12859177877399158,0.1796895689766255,0.5396369930085856,313.51181036008484,1,0,1,1,1,1,1,1,0,1,0,0,1,1
param_20094,real_003,0.8038919878741723,0.5626552031961216,0.13222877119203297,0.17740753013681093,0.8191150400076661,367.7759201772355,1,1,1,1,1,1,1,1,0,1,0,1,1,1
param_20094,real_004,0.8178292443963925,0.5792413086731393,0.15604474492220097,0.20452330677302735,0.5606775117285079,664.7361119387568,1,1,1,1,1,0,1,1,0,0,0,0,1,1
param_20094,real_005,0.7674033698000696,0.5018095352974015,0.08900927690575147,0.14582249873099076,0.6549011773812943,483.88535178854545,1,0,1,1,1,1,1,1,0,1,0,1,1,1
param_20095,real_001,0.804638996048515,0.628462357441414,0.14287150597890347,0.21076570520510823,0.12739145101440894,126.18560210591527,1,1,1,1,1,1,1,1,1,1,1,1,1,1
param_20095,real_002,0.7879197609653023,0.606156050489109,0.11688941301707148,0.1645973177259519,0.18929160296189707,353.97286887069765,1,0,1,1,1,1,1,1,1,1,1,0,1,1
param_20095,real_003,0.8061874790959106,0.6246722642073494,0.14646951091585655,0.2049612571075874,0.06425913146349879,333.72545452791934,1,1,1,1,1,1,1,1,1,1,1,1,1,1
param_20095,real_004,0.796758578243616,0.6207432019929686,0.13614920963423424,0.18735603107472015,0.2191617131534827,707.3283752434598,1,1,1,1,1,0,1,1,1,0,1,0,1,1
param_20095,real_005,0.7812771937753191,0.6080428165757804,0.11590699319968031,0.18908672397424703,0.19798385632858542,528.6016063630329,1,0,1,1,1,1,1,1,1,1,1,1,1,1
param_20096,real_001,0.7170642279001346,0.3366451181663671,0.08128692793931643,0.09651140226974973,1.7827750324505272,612.7861163398678,0,1,0,1,0,0,0,1,0,0,0,1,1,1
param_20096,real_002,0.7117568569482192,0.4495910099323342,0.11083581183123657,0.1250389559807693,3.099608148125991,163.70102545406388,0,1,0,1,1,1,0,1,0,1,0,1,1,1
param_20096,real_003,0.6859293074979169,0.3960824172149134,0.08155604857355665,0.10485790182027137,1.5331853129530066,394.0558850619951,0,0,0,1,1,1,0,1,0,1,0,1,0,1
param_20096,real_004,0.7490160012880464,0.40574007986226657,0.13840711992014212,0.15789525538539867,1.534390573613381,293.56403793398795,0,1,0,1,0,1,1,1,0,0,0,1,1,1
param_20096,real_005,0.7621375117594207,0.4034692200700769,0.1546554596599575,0.16206716158053386,1.760160168424529,279.71747243091295,0,1,0,1,0,1,0,1,0,1,0,1,1,1
param_20097,real_001,0.7259788922775909,0.3692109668979617,0.08936379228071242,0.10892921276660257,1.476842937349251,614.7804807457774,0,1,0,1,0,0,0,1,0,0,0,1,1,1
param_20097,real_002,0.7198387283446855,0.47902494055827105,0.12337158232494151,0.14096353042412757,2.4811785623571248,169.22822216764584,0,1,0,1,1,1,0,1,0,1,0,1,1,1
param_20097,real_003,0.6944939860676967,0.42096907130143035,0.08801630439996387,0.11471543005472895,1.3182367758186397,394.9648898859589,0,0,0,1,1,1,0,1,0,1,0,1,1,1
param_20097,real_004,0.7628909606341537,0.4403887509524222,0.15289283270217685,0.17585361371763816,1.246963490331467,294.1833265150756,0,1,0,1,0,1,1,1,0,0,0,1,1,1
param_20097,real_005,0.7725335305371642,0.4316077276172052,0.16731030402590236,0.1780720798739864,1.4454949435839293,283.05097594924723,0,1,0,1,1,1,0,1,0,1,0,1,1,1
param_20098,real_001,0.7263150728655173,0.38834878472825124,0.09433653540733236,0.1153130362155189,1.4552450222016837,609.0423591734916,0,1,0,1,0,0,0,1,0,0,0,1,1,1
param_20098,real_002,0.7190819388284078,0.4903065540526032,0.12588513784404226,0.14513060068135197,2.423440075935455,168.81251280032228,0,1,0,1,1,1,0,1,0,1,0,1,1,1
param_20098,real_003,0.6943930850422727,0.43971863567252173,0.09033601873291947,0.11971526440607409,1.2792728833707567,389.37675136409996,0,0,0,1,1,1,0,1,0,1,0,1,1,1
param_20098,real_004,0.7625184504796905,0.46137102319655665,0.15440778831103402,0.1795610891461328,1.2318325574784124,292.8115895120344,0,1,0,1,0,1,1,1,0,0,0,1,1,1
param_20098,real_005,0.773144960488803,0.4421241815443733,0.17327821174214508,0.1873423735351438,1.3902870625245773,277.97582817703767,0,1,0,1,1,1,0,1,0,1,0,1,1,1
param_20099,real_001,0.7554956586441822,0.4638066519816361,0.11088589032471866,0.14685917826484712,0.6447722623021428,621.8465558413892,1,1,1,1,1,0,0,1,0,0,0,1,1,1
param_20099,real_002,0.7546158201190086,0.5626016110778179,0.16010160974218263,0.19903706476491245,0.972823192411222,198.44555473192656,1,1,0,1,1,1,0,1,1,1,0,1,1,1
param_20099,real_003,0.7320939932451661,0.510160535297378,0.10802475835245623,0.14969681937371845,0.7396196932847764,397.53800388171703,1,0,1,1,1,1,0,1,0,1,0,1,1,1
param_20099,real_004,0.7973782310310746,0.5283030497520133,0.19534230955225979,0.23423791291077678,0.5927067087628539,297.0562515241608,1,1,1,1,1,1,1,1,0,0,0,1,1,1
param_20099,real_005,0.8199296902583134,0.5444581534291204,0.22651611329841725,0.2555692078230474,0.6718591771162814,292.30458536136484,1,1,1,1,1,1,1,1,0,1,0,1,1,1
param_20100,real_001,0.7815655119044587,0.5616086466468212,0.14398909017960837,0.1933139230310503,0.4884831358027699,585.530714457953,1,1,1,1,1,0,1,1,0,0,0,1,1,1
param_20100,real_002,0.7754485553359224,0.623246557933638,0.1666094512464828,0.2234413724060172,0.7267515843318089,201.61017530960552,1,1,1,1,1,1,0,1,1,1,0,1,1,1
param_20100,real_003,0.7561224908980637,0.5932082965448735,0.12377345996923793,0.1802615051010423,0.5370937392136996,357.6901019626531,1,0,1,1,1,1,1,1,1,1,0,1,1,1
param_20100,real_004,0.8082564825651002,0.5998017805624598,0.19985839585738238,0.24732533377481467,0.444746043430254,287.5182107299554,1,1,1,1,1,1,1,1,0,0,0,1,1,1
param_20100,real_005,0.8420347710464923,0.6302914405113721,0.25660239350746183,0.3037986277482685,0.4905590975968612,255.11937264170967,1,1,1,1,1,1,1,1,1,1,0,1,1,1
param_20101,real_001,0.771730840324308,0.6153902457131651,0.14356002454116495,0.19921932929823544,0.20117144089845332,628.2238065623645,1,1,1,1,1,0,1,1,1,0,1,1,1,1
param_20101,real_002,0.7800539029091708,0.6546416813861561,0.1844886343617467,0.251877836797457,0.11443801893192905,290.83208821397716,1,1,1,1,1,1,1,1,1,1,1,1,1,1
param_20101,real_003,0.7668046949746399,0.6389099776815481,0.14039540693291738,0.20715457673782492,0.17247022293089082,397.41349599112186,1,0,1,1,1,1,1,1,1,1,1,1,1,1
param_20101,real_004,0.8400499865529819,0.6822233845293653,0.24031509744355187,0.30378475407765587,0.2492753449955475,310.1565921235136,1,1,1,1,1,1,1,1,1,0,1,1,1,1
param_20101,real_005,0.8586154632573849,0.7094481514911063,0.2574309001205966,0.3132471359120924,0.20645743209964454,312.2873598660453,1,1,1,1,1,1,1,1,1,1,1,1,1,1
param_20102,real_001,0.7088454276809354,0.3859926280589224,0.11288741001177267,0.13354486292286027,1.5360565166198714,546.6052533865562,0,1,0,1,1,1,0,1,0,1,0,1,0,1
param_20102,real_002,0.7223863616481013,0.44951738462885515,0.21163815302879857,0.21757996851409855,1.7224217422955592,316.04713442774863,0,1,0,1,0,1,0,0,0,1,0,1,1,1
param_20102,real_003,0.715453068390222,0.4057246796810531,0.07085941199484125,0.10121399709520842,1.1845858197633257,314.28023554202946,1,0,0,1,1,1,0,0,1,0,0,1,1,1
param_20102,real_004,0.7179652154629427,0.4544656572405269,0.1339864156275272,0.15074282404767625,1.132017250353186,212.4656645385255,0,1,0,1,1,1,0,1,0,1,0,1,1,1
param_20102,real_005,0.731759081085825,0.4085047802461796,0.16246217622238832,0.16776682752263217,1.366526680969553,434.23973413285745,0,1,0,0,0,1,0,1,0,0,0,0,1,1
param_20103,real_001,0.7192175387432875,0.41178158606100285,0.12311423351470545,0.1492440412770407,1.2243883063234826,555.8151639433048,0,1,0,1,1,1,1,1,0,1,0,1,0,1
param_20103,real_002,0.730480986863259,0.48451446875704074,0.22410699652388513,0.23300986532770288,1.4311129409725232,331.6735847384283,0,1,0,1,0,1,0,0,0,1,0,1,1,1
param_20103,real_003,0.7244448800520707,0.42959057628500874,0.07630015699567144,0.10908588875846269,0.9418904339486933,317.25233733773865,1,0,0,1,1,1,0,0,1,0,0,1,1,1
param_20103,real_004,0.7255024794448771,0.47821584057886674,0.1409652189113029,0.16083279396163916,0.9395937970338052,216.1931275615619,0,1,0,1,1,1,0,1,0,1,0,1,1,1
param_20103,real_005,0.7393575704525387,0.43190469372812834,0.1746673810198006,0.182409120540123,1.1319420170658991,435.1324578059788,0,1,0,0,0,1,0,1,0,0,0,0,1,1
param_20104,real_001,0.7206012976955164,0.42863947645225303,0.12706497031216057,0.15495721478905528,1.1932699387464165,551.4436815436512,0,1,0,1,1,1,1,1,0,1,0,1,0,1
param_20104,real_002,0.7327144938101751,0.5086636008884021,0.22710268026515582,0.23908547270721742,1.403869640676223,330.1384548198248,0,1,0,1,0,1,0,0,0,1,0,1,1,1
param_20104,real_003,0.7260156126127646,0.4461621068944536,0.08171346443597496,0.11622172459340581,0.904533764420604,311.88931719203947,1,0,0,1,1,1,0,0,1,0,0,1,1,1
param_20104,real_004,0.7270631577306129,0.5010468640284111,0.14456340907164847,0.1668660088909445,0.913831367117756,215.36370567965764,0,1,0,1,1,1,0,1,0,1,0,1,1,1
param_20104,real_005,0.7409184337478381,0.44312533316719294,0.1790220481368124,0.1891005192512186,1.110204330836861,434.1409805414336,0,1,0,0,0,1,0,1,0,0,0,0,1,1
param_20105,real_001,0.7553633074886053,0.4965565926075937,0.15526200959266576,0.1951372658513237,0.6653344276725071,571.9199333267417,1,1,1,1,1,1,1,1,1,1,1,1,0,1
param_20105,real_002,0.7659166555679708,0.5863063975896039,0.24883596537608516,0.2735066008773388,0.8349552673328863,394.09316837629234,1,1,0,1,1,1,0,0,0,1,0,1,1,1
param_20105,real_003,0.7427126407835511,0.5018870561157696,0.09204798857881663,0.13031302296148248,0.46579649821291225,318.8558374786701,1,0,1,1,1,1,0,0,1,0,0,1,1,1
param_20105,real_004,0.7525471677337195,0.554540694989141,0.1601867594304101,0.19443543186015005,0.48671350426464105,237.8261108764744,0,1,0,1,1,1,1,1,1,1,0,1,1,1
param_20105,real_005,0.7732741682795179,0.5278487914453298,0.20685381820266563,0.23652011542432427,0.521854635120061,461.70332124079437,1,1,1,0,1,1,0,1,0,0,0,0,1,1
param_20106,real_001,0.8048097084433771,0.6131440349628342,0.19622698707646033,0.2560574101514463,0.4126021592170316,545.1280862850392,1,1,1,1,1,1,1,1,1,1,1,1,1,1
param_20106,real_002,0.7847337938011194,0.6521180358245425,0.27229956257907967,0.3089259159621523,0.5736608082139901,391.39778582545176,1,1,0,1,1,1,1,0,0,1,0,1,1,1
param_20106,real_003,0.7663033219608009,0.5834194977390452,0.12299562709713746,0.17549508413627715,0.2885053242789107,294.53098953054666,1,0,1,1,1,1,0,0,1,0,0,1,1,1
param_20106,real_004,0.7863750323494715,0.6270148333155569,0.19229589435150315,0.24575993638695132,0.2992659386469709,233.17081107464952,1,1,0,1,1,1,1,1,1,1,1,1,1,1
param_20106,real_005,0.8042140564696707,0.6099574614277309,0.24044793038240922,0.28576023345186874,0.32962734990125925,461.2180490041512,1,1,1,0,1,1,0,1,0,0,0,0,1,1
param_20107,real_001,0.8174029441592316,0.6737945711073734,0.23771091646820952,0.29240871033390475,0.10726036831097281,579.9229612434448,1,1,1,1,1,1,1,1,1,1,1,1,1,1
param_20107,real_002,0.7821992283268976,0.6574282454985911,0.24722263076784465,0.2940381150535615,0.2031606236016904,501.7483361760221,1,1,1,1,1,1,1,0,1,1,1,1,1,1
param_20107,real_003,0.7580647571046767,0.6257918845529596,0.12500557476412827,0.1826455245253133,0.17698760978769615,324.32617243389495,1,0,1,1,1,1,1,0,1,0,1,1,1,1
param_20107,real_004,0.7895336585227116,0.6612773529357436,0.19313741485749758,0.2517209441940803,0.20809484026430441,292.65633845701916,1,1,1,1,1,1,1,1,1,1,1,1,1,1
param_20107,real_005,0.804239380837554,0.663388212826077,0.21323090963879188,0.26989484413050496,0.309084972546511,545.306126769439,1,1,1,0,1,1,1,1,1,0,1,0,1,1
param_20108,real_001,0.7036795021238202,0.33018553811308154,0.04430985452348688,0.06303377079641632,2.6932045993962714,591.6153508439994,0,1,0,1,0,1,0,1,0,1,0,1,0,1
param_20108,real_002,0.7397811717627826,0.37578446431608825,0.07005842671178639,0.08767986515870156,1.7965592572364828,372.8949546099744,0,1,0,0,0,1,0,0,0,1,0,0,0,1
param_20108,real_003,0.7677637693318821,0.3859609587581502,0.053979474078923985,0.07196576867230829,2.4387410509253007,306.73269288895955,1,1,0,1,1,1,0,1,0,1,0,1,0,1
param_20108,real_004,0.8017250345998039,0.4107998455920956,0.09685792371198215,0.11173809286315778,1.8550349046251546,390.8364495665261,0,1,0,1,0,1,0,1,0,1,0,1,1,1
param_20108,real_005,0.7369304971495576,0.3373703635745449,0.061170044029107834,0.07837701370973119,2.128944784702417,573.6812632347119,0,1,0,1,0,1,0,0,0,1,0,1,1,1
param_20109,real_001,0.7066077868371563,0.3418859253153308,0.04742492252699121,0.06849903413141996,2.4139348627175323,592.1569046965847,0,1,0,1,0,1,0,1,0,1,0,1,0,1
param_20109,real_002,0.743667732709505,0.3857849116509167,0.07271372936020237,0.09266591264961059,1.6244394140007687,373.7822961150134,0,1,0,0,0,1,0,0,0,1,0,0,0,1
param_20109,real_003,0.7712950530075604,0.39112520575435356,0.057106465497843685,0.07714109317750997,2.2249904987120477,306.35559090471895,1,1,0,1,1,1,0,1,0,1,0,1,0,1
param_20109,real_004,0.8062087826308517,0.4276289540038437,0.10201645368789804,0.11948533449531455,1.6521786279740602,391.73890937058275,0,1,0,1,0,1,0,1,0,1,0,1,1,1
param_20109,real_005,0.7399885525450474,0.34941239795027035,0.06493466799201486,0.08501681499513511,1.878432721876949,575.1563863324013,0,1,0,1,0,1,0,0,0,1,0,1,1,1
param_20110,real_001,0.7052119411214222,0.3635812614965562,0.04963305980529879,0.0717915076491202,2.297479683160169,586.8625064826773,0,1,0,1,0,1,0,1,0,1,0,1,0,1
param_20110,real_002,0.7433332738699754,0.4027922291159796,0.07700241035940013,0.09860202841798754,1.5311940021832713,369.0901901756357,0,1,0,0,0,1,0,0,0,1,0,0,0,1
param_20110,real_003,0.769089585608814,0.4088626494654116,0.05941633562962812,0.08110645774353255,2.1098849638603276,310.9785993342124,1,1,0,1,1,1,0,1,0,1,0,1,0,1
param_20110,real_004,0.8057181075009876,0.444711580279191,0.10512542050648996,0.12392246782344266,1.5625851338041452,386.4122571762879,0,1,0,1,0,1,0,1,0,1,0,1,1,1
param_20110,real_005,0.738421175728548,0.3653865833947211,0.06745357778907884,0.08852532111989789,1.8237205181215983,570.2870892363763,0,1,0,1,0,1,0,0,0,1,0,1,1,1
param_20111,real_001,0.7352713386557361,0.43212370641248304,0.06570536788848057,0.10169484416702712,1.34992082575802,592.3502509367411,1,1,1,1,1,1,1,1,0,1,0,1,0,1
param_20111,real_002,0.760767592592775,0.4575298900495207,0.08725531238354094,0.12011793417921225,0.8660147590269974,377.5655145294638,1,1,1,0,1,1,1,0,0,1,0,0,0,1
param_20111,real_003,0.8016453733081331,0.45940598829552265,0.0811512116257604,0.11645153134506318,1.2645890167239948,306.84916414978056,1,1,1,1,1,1,0,1,0,1,0,1,0,1
param_20111,real_004,0.8375915170043986,0.5208855185475012,0.12422354270434338,0.15943160503693132,0.8427921275505591,394.9339109014264,1,1,1,1,1,1,1,1,0,1,0,1,1,1
param_20111,real_005,0.7680938740574083,0.4435574469925161,0.08857396805779161,0.12618990424414084,0.9739267648837175,583.6914849146341,1,1,1,1,1,1,1,0,0,1,0,1,1,1
param_20112,real_001,0.7503327426299877,0.5084524175357895,0.08786863183217979,0.13405954553060512,0.973744812383779,548.7643901218944,1,1,1,1,1,1,1,1,0,1,0,1,1,1
param_20112,real_002,0.7813229307875237,0.5323538580429327,0.1247543331222597,0.17171494438163484,0.5504920514761544,338.9038558821443,1,1,1,0,1,1,1,0,0,1,0,0,1,1
param_20112,real_003,0.80698944233463,0.5440657434860087,0.09688161442104753,0.14486499337184006,0.8698904327599927,346.27454482495637,1,1,1,1,1,1,1,1,0,1,0,1,1,1
param_20112,real_004,0.8524592326535995,0.5911280131754422,0.15041299637774064,0.19693630226739892,0.5776544961940395,351.27066539789405,1,1,1,1,1,1,1,1,0,1,0,1,1,1
param_20112,real_005,0.7796799706014979,0.5174302613300977,0.11541414589109085,0.1625791671357125,0.7800859122524703,543.510646734818,1,1,1,1,1,1,1,0,0,1,0,1,1,1
param_20113,real_001,0.7723053323618704,0.6194626571051368,0.1212592894590077,0.17899918792250286,0.04052824405545844,590.9751664307613,1,1,1,1,1,1,1,1,1,1,1,1,1,1
param_20113,real_002,0.760191299678132,0.5959405754668254,0.12522991723213953,0.17551214953780833,0.2351945433272759,389.91237170492457,1,1,1,0,1,1,1,0,1,1,1,0,1,1
param_20113,real_003,0.8256824828837906,0.6379387031700039,0.14891846582033932,0.20201758940107617,0.062880772557994,308.0097968764193,1,1,1,1,1,1,1,1,1,1,1,1,1,1
param_20113,real_004,0.8328919392369956,0.6559442218354024,0.15964159409066334,0.20677846009978576,0.2502237973193373,403.67338899316553,1,1,1,1,1,1,1,1,1,1,1,1,1,1
param_20113,real_005,0.8005692013320456,0.6287415812979057,0.1491784520339013,0.20909585755628504,0.16951560764653692,614.4511833267906,1,1,1,1,1,1,1,0,1,1,1,1,1,1
param_20114,real_001,0.6910786872812803,0.34728311978710186,0.04499717964212466,0.06640880852643306,2.3860509152114453,437.20399868482866,0,1,1,1,0,1,1,1,0,1,0,1,0,1
param_20114,real_002,0.7207371321240277,0.41087928118300693,0.07019650106673792,0.09247035007543221,1.498217090461434,260.85736859486343,1,0,1,0,0,1,0,0,0,1,0,0,0,1
param_20114,real_003,0.7524138392187976,0.40988594869388406,0.06359946409953655,0.08503040925422609,1.846782267430219,105.56542376656365,1,1,0,1,1,1,0,1,0,0,0,1,0,1
param_20114,real_004,0.7842582299573209,0.4356699653482239,0.11686405707496507,0.12948054796886468,1.4088197503671072,315.74443504577124,0,1,0,0,0,0,0,1,0,0,0,1,1,1
param_20114,real_005,0.7264167060699992,0.3948641225106028,0.08360365484356222,0.10075722134148027,1.8135218311213694,431.0583214553021,0,1,0,0,0,1,0,1,0,0,0,1,1,1
param_20115,real_001,0.6968693866289335,0.36331583165260745,0.049285699473245195,0.07360026871668371,2.0789936866271286,437.7813818694753,0,1,1,1,1,1,1,1,0,1,0,1,0,1
param_20115,real_002,0.7239930086706146,0.41714189175923094,0.07203018766583226,0.09649294387825061,1.3513864471791592,263.5023074699708,1,0,1,0,0,1,0,0,0,1,0,0,0,1
param_20115,real_003,0.758014263272842,0.41927438526246696,0.06848479668773627,0.09266660175899406,1.6218304534641415,106.11005762016762,1,1,0,1,1,1,0,1,0,0,0,1,0,1
param_20115,real_004,0.7892413886759511,0.45201180956912734,0.12345594980013694,0.13878750275326254,1.2067936267709254,318.8882916361664,0,1,0,0,0,0,0,1,0,0,0,1,1,1
param_20115,real_005,0.7302505665572582,0.4053210475292551,0.09016443543513908,0.11101346559551205,1.4823928722952906,432.0383893296244,1,1,0,0,0,1,0,1,0,0,0,1,1,1
param_20116,real_001,0.6959329654718567,0.38130258879074896,0.051544001731451176,0.07708308192576702,1.9843309597982495,432.494552707079,0,1,1,1,1,1,1,1,0,1,0,1,0,1
param_20116,real_002,0.7244994828734683,0.4357678621887349,0.07744013177191575,0.10419617874557076,1.2073628145981021,256.0840283084483,1,0,1,0,0,1,0,0,0,1,0,0,0,1
param_20116,real_003,0.7572423561921005,0.4348831369356427,0.07217095303699629,0.09901888376828501,1.5119525079948408,107.35075372812543,1,1,0,1,1,1,0,1,0,0,0,1,0,1
param_20116,real_004,0.7893002223414679,0.4680441164209735,0.1267708870007998,0.1434094070641451,1.1597613659740793,314.0771175700902,0,1,0,0,0,0,0,1,0,0,0,1,1,1
param_20116,real_005,0.7290980575004918,0.4185806005174478,0.09268293377968942,0.11450868645268081,1.4485269501171745,429.99043330118633,1,1,0,0,0,1,0,1,0,0,0,1,1,1
param_20117,real_001,0.7279409392359009,0.4509009220636541,0.07255302269336242,0.11365030728704842,1.0454360590732314,437.5504641563293,0,1,1,1,1,1,1,1,0,1,1,1,0,1
param_20117,real_002,0.7321504607072926,0.4707364291623,0.08177888243679479,0.11642576060869836,0.730820699086805,281.3063099041857,1,0,1,0,1,1,1,0,0,1,0,0,0,1
param_20117,real_003,0.7787786540927277,0.47024821839095693,0.09517076782917525,0.13106452451366501,0.835687540348612,112.71605234577622,1,1,1,1,1,1,0,1,1,0,0,1,0,1
param_20117,real_004,0.8227828031585785,0.5420779692366896,0.15465357872512858,0.18631616976827195,0.5169633568373598,335.84488648128564,1,1,0,0,1,0,1,1,0,0,0,1,1,1
param_20117,real_005,0.747722184885421,0.46918909464066644,0.11514463686423472,0.1518470099716811,0.6833292575916682,440.41261696758596,1,1,0,0,1,1,0,1,0,0,0,1,1,1
param_20118,real_001,0.7493463596389571,0.5411971306715295,0.09701133908111373,0.15037165086521875,0.7618807816519788,396.6027971834112,1,1,1,1,1,1,1,1,0,1,1,1,1,1
param_20118,real_002,0.7564380179997167,0.5597911524398458,0.1177902526911846,0.1663459738095386,0.42899983002695286,247.38647224433726,1,0,1,0,1,1,1,0,0,1,0,0,1,1
param_20118,real_003,0.7982296215624642,0.5731551495541649,0.12112247577000933,0.17406756989030472,0.48948162427188535,125.92866959109321,1,1,1,1,1,1,0,1,1,0,0,1,1,1
param_20118,real_004,0.8429678044643437,0.6122409313285015,0.18109011539575967,0.2248818286461923,0.3477367839995892,300.1142660342565,1,1,0,0,1,0,1,1,0,0,0,1,1,1
param_20118,real_005,0.7630537329303695,0.5390227597803163,0.13889783125993718,0.18605279021003138,0.561432536293766,423.6528199453037,1,1,0,0,1,1,0,1,0,0,0,1,1,1
param_20119,real_001,0.7740492628789459,0.6184205930237797,0.13491616596376135,0.19796805575924872,0.03520151548758775,428.2863453982327,1,1,1,1,1,1,1,1,1,1,1,1,1,1
param_20119,real_002,0.7394147382198186,0.5856687012959699,0.1116699300273767,0.1642615052666949,0.21712206672697282,324.90388622072953,1,0,1,0,1,1,1,0,1,1,1,0,1,1
param_20119,real_004,0.826541214172684,0.6683456695100268,0.1875437189834136,0.23060811680419108,0.3366358529789022,372.2731579610525,1,1,1,0,1,0,1,1,1,0,1,1,1,1
param_20119,real_005,0.7827585158344726,0.6140287574665498,0.15499408297901368,0.21904320245477013,0.2074232110806326,484.9591951613169,1,1,1,0,1,1,1,1,1,0,1,1,1,1
param_20120,real_001,0.6890929814587534,0.4030255741080314,0.04944061650002108,0.06053129011112362,4.407127650266849,388.1731212688394,0,1,0,1,0,1,0,1,0,1,0,1,1,1
param_20120,real_002,0.7478905551875735,0.4843302122684823,0.06271541844051415,0.09032871514130719,2.0367243867243867,433.77623518780956,1,1,0,1,1,1,1,1,1,0,0,1,0,1
param_20120,real_003,0.704944110725132,0.34961390626739786,0.03716106398520184,0.05071084689983169,1.9671709703105449,171.41041783533058,1,0,0,0,0,1,0,1,0,1,0,1,0,1
param_20120,real_004,0.6918181258868077,0.3288151495245594,0.07592206159253388,0.08897982850788955,2.101467574672435,166.19094666495215,1,1,0,1,1,1,0,1,0,0,0,1,0,1
param_20120,real_005,0.7715693700616648,0.399296472903675,0.14444533614104432,0.1628764620012104,1.4508487560985444,684.17189044057,0,1,1,1,0,0,1,1,0,1,0,1,1,1
param_20121,real_001,0.6928483022417143,0.40837287522118615,0.05399540757127849,0.06736639481892517,3.7492251338405183,389.88465085481505,0,1,1,1,0,1,0,1,0,1,0,1,1,1
param_20121,real_002,0.7530529831201896,0.49412121295174843,0.0664929322449144,0.09618560621512584,1.7643755541689927,435.02633351778775,1,1,1,1,1,1,1,1,1,0,0,1,0,1
param_20121,real_003,0.7080949512675483,0.35594976384691934,0.03957762961620625,0.05507298098305794,1.7327815610267157,174.0109123076786,1,0,0,0,0,1,0,1,0,1,0,1,0,1
param_20121,real_004,0.697861803721359,0.3431676065055186,0.08217216109569027,0.09775046425910112,1.8125351954048878,167.70368562759194,1,1,0,1,1,1,0,1,0,0,0,1,0,1
param_20121,real_005,0.7777753584472652,0.40887390735088497,0.1499550534225518,0.17221249692691443,1.2767061203086374,684.8101723654534,0,1,1,1,0,0,1,1,0,1,0,1,1,1
param_20122,real_001,0.6908304461645397,0.41950028242301973,0.054775139870607024,0.06911869579486929,3.6896420892879727,391.9737110936359,0,1,1,1,0,1,0,1,0,1,0,1,1,1
param_20122,real_002,0.7521240588441265,0.5111594709478205,0.06811017596589031,0.0991366912748381,1.7324309410198981,435.71888031443336,1,1,1,1,1,1,1,1,1,0,0,1,0,1
param_20122,real_003,0.7065009589414879,0.3694280363770096,0.042614098793340556,0.05936310058784272,1.640335249817799,168.95623003370505,1,0,0,0,0,1,0,1,0,1,0,1,0,1
param_20122,real_004,0.6986042754336879,0.36469985745716405,0.0883813061375057,0.10528406892304652,1.7555862068965518,163.30175224366394,1,1,0,1,1,1,0,1,0,0,0,1,0,1
param_20122,real_005,0.7805555579133042,0.4344115442293608,0.15924440574025925,0.18406750882100248,1.2107110383706128,679.4384387672334,0,1,1,1,0,0,1,1,0,1,0,1,1,1
param_20123,real_001,0.7183595428338957,0.4696654112046309,0.07655377669919519,0.10195290280213314,1.9853954656704882,386.307324226434,0,1,1,1,0,1,1,1,0,1,0,1,1,1
param_20123,real_002,0.7723122538538066,0.5572922154785633,0.0785015249902765,0.11799543480803018,0.9585160712416095,444.89134760939896,1,1,1,1,1,1,1,1,1,0,0,1,0,1
param_20123,real_003,0.7261958379128471,0.41250019117128117,0.05158796612418742,0.07932418657740632,0.90100135554681,185.6546938856627,1,0,1,0,1,1,0,1,0,1,0,1,0,1
param_20123,real_004,0.7344851189729309,0.43600647505103984,0.1183829883407184,0.14571703827690752,1.0201019252548131,167.10670927212726,1,1,0,1,1,1,1,1,0,0,0,1,1,1
param_20123,real_005,0.8173506457993828,0.4922375861967595,0.18798452911874328,0.23254386835976246,0.6284493382628731,686.8179276509861,1,1,1,1,0,0,1,1,0,1,1,1,1,1
param_20124,real_001,0.7245192971416986,0.5350782785716215,0.08482477576314627,0.1193602545361466,1.607408553306988,404.7064199172988,1,1,1,1,0,1,1,1,0,1,0,1,1,1
param_20124,real_002,0.7834004754386377,0.61864861823896,0.08798336697237302,0.13711151563648855,0.6818277174510254,450.18671203505517,1,1,1,1,1,1,1,1,1,0,0,1,1,1
param_20124,real_003,0.7406902843264322,0.5065815757923925,0.0830891380708698,0.12321385271999541,0.5831178762608791,147.64428452317253,1,0,1,0,1,1,1,1,0,1,0,1,1,1
param_20124,real_004,0.7630658612980072,0.551887981121385,0.16534448637303906,0.20590029657423167,0.7959367134124415,139.01713525885208,1,1,1,1,1,1,1,1,0,0,0,1,1,1
param_20124,real_005,0.8457997112203226,0.6199696887574228,0.2371273208328996,0.3027667680836101,0.34173987903403824,646.3315936907162,1,1,1,1,0,0,1,1,0,1,1,1,1,1
param_20125,real_001,0.7722248558248964,0.6288001265953423,0.12699820814944313,0.19304047065769972,0.3102826855123675,348.0959074195738,1,1,1,1,1,1,1,1,1,1,1,1,1,1
param_20125,real_002,0.7735216364839136,0.647801729635539,0.10021107189507848,0.16159034855266108,0.0015182786515787726,490.97442463913245,1,1,1,1,1,1,1,1,1,0,1,1,0,1
param_20125,real_003,0.7467648080746683,0.5607841851706922,0.09265694520145586,0.14576296575079709,0.08405727890105413,196.38203016620568,1,0,1,0,1,1,1,1,1,1,0,1,0,1
param_20125,real_004,0.7866915986567151,0.6156912888211878,0.19286188709538407,0.2504997760048145,0.04663888270289186,158.2951558719885,1,1,1,1,1,1,1,1,1,0,1,1,1,1
param_20125,real_005,0.8400990131563516,0.6739655630274203,0.2614997152159053,0.33747568838798847,0.18617868762468368,697.7585884440525,1,1,1,1,1,0,1,1,1,1,1,1,1,1
param_20126,real_001,0.7415063320871619,0.3557330960868498,0.03031016274773168,0.04952050345841883,2.939902407586429,245.64579222008348,0,1,0,1,0,1,0,1,0,1,0,1,0,1
param_20126,real_002,0.7483938117149955,0.3397921560692147,0.04587848019230154,0.06409055356103759,1.4605987498629236,160.29973323243036,0,0,0,1,0,1,0,1,0,1,0,1,1,1
param_20126,real_003,0.7417215913323257,0.28901181424515043,0.046880850470895116,0.06803230488991228,1.6280510702215547,639.5434351586497,0,0,0,0,0,1,0,1,0,0,0,0,0,1
param_20126,real_004,0.7335261188640847,0.3014553671968996,0.03365837418041439,0.05023851919097205,1.8420133837649113,280.92396478485045,0,1,0,0,0,1,0,1,0,1,0,1,0,1
param_20127,real_001,0.7448012741279514,0.361499784733139,0.03259327974620116,0.05367339318690431,2.6645115711502645,246.56019827366126,0,1,0,1,0,1,0,1,0,1,0,1,0,1
param_20127,real_002,0.7516018815777666,0.34580797477275665,0.04871335630736974,0.06916705687884918,1.2764645009435303,160.76240118075333,0,0,0,1,0,1,0,1,0,1,0,1,1,1
param_20127,real_003,0.7463365498067352,0.3119344144000789,0.04989862802025996,0.07384887098335172,1.395311029348849,639.9267978300156,0,0,0,0,0,1,0,1,0,0,0,0,0,1
param_20127,real_004,0.7349674894494538,0.30867597179479367,0.03551776202392363,0.05399481548260077,1.644508309383981,281.8207430768473,0,1,0,0,1,1,0,1,0,1,0,1,0,1
param_20127,real_005,0.7600533495903794,0.3818864852214845,0.12298735799405705,0.13538910649152952,1.4452118447176108,593.2799915951445,0,1,0,0,0,0,0,1,0,1,0,0,0,1
param_20128,real_001,0.7417120809501766,0.37694933898291955,0.034071140926956935,0.05618935774822598,2.5362669145749406,241.6171395488348,0,1,0,1,0,1,0,1,0,1,0,1,0,1
param_20128,real_002,0.7516632569125103,0.3692314230985508,0.053926678960679854,0.07603736433364759,1.199306045636321,155.94242948721154,0,0,0,1,0,1,0,1,0,1,0,1,1,1
param_20128,real_003,0.7462344925461422,0.32995237977807723,0.05460748342179361,0.08022276755908418,1.3160420286257963,634.2916680589832,0,0,0,0,0,1,0,1,0,0,0,0,0,1
param_20128,real_004,0.7338704698748024,0.3298963383288993,0.03918286463180573,0.05910697667756607,1.5560386473429952,276.9469108867367,0,1,0,0,1,1,0,1,0,1,0,1,0,1
param_20128,real_005,0.760624433464839,0.4047961887957465,0.13167591427028888,0.14686838918855677,1.383492547146504,587.8492011758103,0,1,0,0,0,0,0,1,0,1,0,0,0,1
param_20129,real_001,0.768434834768891,0.4280588433923153,0.0476191590846703,0.08165589879739374,1.5791495901639345,249.54969158636288,1,1,1,1,1,1,1,1,0,1,0,1,0,1
param_20129,real_002,0.7805673420929362,0.4277465204684501,0.06834797397619312,0.1022137168210114,0.5885676257362936,162.018906689967,1,0,1,1,1,1,1,1,0,1,0,1,0,1
param_20129,real_003,0.7632972575643581,0.41432699966035363,0.061965769850626205,0.09714622056826398,0.6558863108705618,638.5496906345146,1,0,1,0,1,1,1,1,0,0,0,0,0,1
param_20129,real_004,0.7526580426268673,0.39001040950570975,0.04981747691187675,0.08005039822015966,0.859100491918482,284.20711107156467,1,1,1,0,1,1,1,1,0,1,0,1,0,1
param_20129,real_005,0.7969204280810868,0.48565199272181714,0.1540040857334434,0.19069218794929882,0.6749518945586597,593.334304358589,1,1,1,0,1,0,1,1,0,1,0,0,0,1
param_20130,real_001,0.7697034112342495,0.4979462978563902,0.061564616698793276,0.1056860162670053,1.1351253586129475,208.93262500882972,1,1,1,1,1,1,1,1,0,1,0,1,1,1
param_20130,real_002,0.8101043209737095,0.554787260375412,0.11909819258066429,0.1696655043893821,0.33112252767462,122.71020019655715,1,0,1,1,1,1,1,1,0,1,0,1,1,1
param_20130,real_003,0.7886333616292543,0.5060462480954848,0.10679229209050942,0.1557948593359618,0.4072463585979817,591.1669227831733,1,0,1,0,1,1,1,1,0,0,0,0,1,1
param_20130,real_004,0.7761180639259615,0.5013806247708474,0.08702776331398118,0.13102714848717611,0.5652881355932203,243.77242711525793,1,1,1,0,1,1,1,1,0,1,0,1,1,1
param_20130,real_005,0.8242291257476176,0.5897532664154879,0.19890238517364606,0.25225266181702444,0.43485158331784096,548.9999208185387,1,1,1,0,1,0,1,1,0,1,0,0,1,1
param_20131,real_001,0.8100860509141664,0.6199959583626127,0.11313138233309711,0.17845628935032082,0.04162914100722927,260.8742322366411,1,1,1,1,1,1,1,1,1,1,1,1,1,1
param_20131,real_002,0.7884930527605166,0.6120688641601432,0.13369085848959375,0.18689921454626154,0.3321884784342671,170.94248719530728,1,0,1,1,1,1,1,1,1,1,1,1,1,1
param_20131,real_003,0.7586395219784421,0.5788935211586828,0.09299359766553067,0.1442326986396577,0.30622486849523856,631.9081172710495,1,0,1,0,1,1,1,1,1,0,1,0,1,1
param_20131,real_004,0.7789008116165893,0.592669169664366,0.10746415184044766,0.1642880022831847,0.21959253910211105,290.14510139057006,1,1,1,0,1,1,1,1,1,1,1,1,1,1
param_20131,real_005,0.793855971745251,0.6370675754892503,0.17665169944798584,0.23207309450763478,0.30673972274619,589.4609799369935,1,1,1,0,1,0,1,1,1,1,1,0,1,1
param_20132,real_002,0.712107595765779,0.39272926319970475,0.0692598107973324,0.09193897000906089,1.6408383472835861,228.92890173261574,0,1,0,0,0,1,0,0,0,1,0,0,1,1
param_20132,real_003,0.7668715619243688,0.4325156109180302,0.07762384798396182,0.10085912114139038,1.621793974771605,251.90563512778806,1,1,0,1,1,1,0,1,0,0,0,1,0,1
param_20132,real_004,0.7644750255807834,0.4431878696149188,0.09938087215315812,0.11130618891630199,1.9182379321984857,163.13761283256227,0,1,0,0,0,0,0,1,0,1,0,1,1,1
param_20132,real_005,0.7140138186571439,0.391470250000161,0.07379272613567284,0.09171845104857052,1.9944527736131934,387.4399176127036,0,1,0,0,0,0,0,1,0,0,0,1,1,1
param_20133,real_001,0.7147341715682373,0.3556484014136535,0.0675380459599316,0.09243380519084134,1.9194451956882896,410.88342012707807,0,1,1,1,1,1,1,1,0,1,0,1,0,1
param_20133,real_002,0.7165432655307997,0.4069899520124824,0.07250772753992725,0.09761199838261306,1.4284110165166084,234.22180724004608,0,1,0,0,0,1,0,0,0,1,0,0,1,1
param_20133,real_003,0.7732193927813199,0.443599634733156,0.08266353240845464,0.10872525489573541,1.3672857890651793,253.60961117399313,1,1,0,1,1,1,0,1,0,0,0,1,0,1
param_20133,real_004,0.7698587471632752,0.462738437204693,0.1052154566357949,0.12019763854385418,1.6464118598854245,168.0888988132949,0,1,0,0,0,0,0,1,0,1,0,1,1,1
param_20133,real_005,0.717809993262643,0.4006827215924045,0.0829033954985928,0.10391302011441578,1.5895241799559185,384.52353043923733,0,1,0,0,0,0,0,1,0,0,0,1,1,1
param_20134,real_001,0.7147590567756242,0.37579790188663476,0.07054501136569509,0.0971832911720934,1.8366462075567318,405.5129597372192,0,1,1,1,1,1,1,1,0,1,0,1,0,1
param_20134,real_002,0.7165178759864733,0.4241680794624723,0.07592942011675727,0.10223223232484507,1.3801576819946373,230.2177700400284,0,1,0,0,0,1,0,0,0,1,0,0,1,1
param_20134,real_003,0.7731090617913747,0.4587446440284332,0.08705847850411978,0.11557272685852409,1.2815044186208335,249.19240110250033,1,1,0,1,1,1,0,1,0,0,0,1,0,1
param_20134,real_004,0.7698565819274584,0.4809149244403757,0.10864837682038589,0.12445735840842378,1.6049459773578407,164.1512068765921,0,1,0,0,0,0,0,1,0,1,0,1,1,1
param_20134,real_005,0.7166616041792085,0.4139847742965804,0.08526208002280565,0.10725543750323699,1.5714653563075338,384.22825461052673,0,1,0,0,0,0,0,1,0,0,0,1,1,1
param_20135,real_001,0.7540102487946547,0.46014685979835607,0.10018908209928719,0.14463021998470763,0.9097732959284252,411.84781566678714,0,1,1,1,1,1,1,1,0,1,1,1,0,1
param_20135,real_002,0.731408582424743,0.4781106109120036,0.08326302538905789,0.12075968701133176,0.7015378013017667,265.7457356779959,1,1,1,0,1,1,1,0,0,1,0,0,1,1
param_20135,real_003,0.797851015176693,0.49806045394281634,0.10853040053961309,0.1492509680553906,0.593502059463203,259.8170977956716,1,1,1,1,1,1,0,1,1,0,0,1,1,1
param_20135,real_004,0.8048621813484735,0.5514069318473869,0.12947006205462203,0.159341427509919,0.7839865571982371,196.7320107508651,1,1,0,0,1,0,0,1,0,1,0,1,1,1
param_20136,real_001,0.7794540862985605,0.5582156167707628,0.12790202026130779,0.1868707953173586,0.6707164730203301,370.8676936842915,1,1,1,1,1,1,1,1,0,1,1,1,1,1
param_20136,real_002,0.7519404985507573,0.5577477967752331,0.11286826209172186,0.16058431699389822,0.5222360153060571,235.38959848959593,1,1,1,0,1,1,1,0,0,1,0,0,1,1
param_20136,real_003,0.8162932092617662,0.5902563060096633,0.13745625864237515,0.1911703740964752,0.36786991937754876,224.77888173372355,1,1,1,1,1,1,0,1,1,0,0,1,1,1
param_20136,real_004,0.8245483264478618,0.6212251469022803,0.1584745282985591,0.19931551480469273,0.6089840738081944,168.1599587470845,1,1,0,0,1,0,1,1,0,1,0,1,1,1
param_20136,real_005,0.7531926183581831,0.5443909540487897,0.12790164402700646,0.17061407897645886,0.5966478362822426,376.3407859532507,1,1,0,0,1,0,0,1,0,0,0,1,1,1
param_20137,real_001,0.7971945427907685,0.6433632912781886,0.17433059405393173,0.2368122762800905,0.10415592267885405,407.6681351592086,1,1,1,1,1,1,1,1,1,1,1,1,1,1
param_20137,real_002,0.7349625810491837,0.5858098437985082,0.09878822174373504,0.15466588444000537,0.2290701216548166,340.306831738456,1,1,1,0,1,1,1,0,1,1,1,0,1,1
param_20137,real_003,0.813299206221593,0.6422244795443713,0.16272821774267476,0.2190413141273167,0.18735206275637292,282.11807392290814,1,1,1,1,1,1,1,1,1,0,1,1,1,1
param_20137,real_004,0.8075602650510275,0.6557078865161384,0.14283250809664963,0.1891747957933741,0.22539168501356818,264.9731700554671,1,1,1,0,1,0,1,1,1,1,1,1,1,1
param_20137,real_005,0.7676439763723526,0.6241586763974337,0.13721230278788255,0.19700389864452983,0.1985688490603892,414.9748202296268,1,1,1,0,1,0,1,1,1,0,1,1,1,1
param_20138,real_001,0.6999710405665492,0.3585803298505466,0.06515175387686864,0.08748101587327949,2.185473169113378,394.2942621293213,0,1,0,1,1,1,0,1,0,1,0,1,1,1
param_20138,real_002,0.7165559812855744,0.4209722103834937,0.08862778759606726,0.11110236452507724,1.6184699237379399,155.89794417919927,0,0,0,0,0,1,0,0,0,1,0,0,1,1
param_20138,real_003,0.7578471902409635,0.45024414418690667,0.08583445940073575,0.11224250707641822,1.2571106628137325,378.2604416075666,1,1,0,1,1,1,0,0,0,0,0,1,0,1
param_20138,real_004,0.7563924672184621,0.47701459457815426,0.13103155277056447,0.13601203162322417,1.9441389872210089,46.921705458551195,0,1,0,0,0,0,0,1,0,0,0,1,1,1
param_20138,real_005,0.7007048842153811,0.40860855721545697,0.07380310374770559,0.09679724801847747,2.0680658395037024,433.21441162639366,0,1,0,0,0,0,0,1,0,0,0,1,1,1
param_20139,real_001,0.7085681636139161,0.381362515386133,0.07297980752030103,0.09888333806519647,1.77759898752486,394.2657035338964,0,1,1,1,1,1,1,1,0,1,0,1,1,1
param_20139,real_002,0.7212756594912841,0.43771852611061435,0.09306727864250611,0.1181202725170939,1.4021250428436056,166.67391104053448,1,0,0,0,0,1,0,0,0,1,0,0,1,1
param_20139,real_003,0.7636911445900629,0.4619785460804063,0.08975652341580698,0.11933836163436878,1.0381894868133852,380.5902906895207,1,1,0,1,1,1,0,0,0,0,0,1,0,1
param_20139,real_004,0.7617240685333222,0.4954990030459871,0.13918780582160492,0.1470410159391918,1.6551646062582077,56.53346297474325,0,1,0,0,0,0,0,1,0,0,0,1,1,1
param_20139,real_005,0.704821868240207,0.4196773952133998,0.08787800113922525,0.11162811234993202,1.6025760726562832,424.1911172846469,0,1,0,0,0,0,0,1,0,0,0,1,1,1
param_20140,real_001,0.7092066904596348,0.3964312196709722,0.07561955843873099,0.10336418713719359,1.7355104075782126,390.81368612911376,0,1,1,1,1,1,1,1,0,1,0,1,1,1
param_20140,real_002,0.7219633819763264,0.45649070462670566,0.0963135212048764,0.12296283538352551,1.3551167249797387,163.2996639891385,1,0,0,0,0,1,0,0,0,1,0,0,1,1
param_20140,real_003,0.7646579513511046,0.47751753184484724,0.09487511253395672,0.12693044247121502,0.9740748982706002,375.9076369552738,1,1,0,1,1,1,0,0,0,0,0,1,1,1
param_20140,real_004,0.7624380871633168,0.513762122175679,0.14281467388175556,0.15220446748492011,1.61100349564714,54.09249995415645,0,1,0,0,0,0,0,1,0,0,0,1,1,1
param_20140,real_005,0.7046915282907849,0.4342051385897831,0.0900167931402024,0.1152008615835392,1.5750908060215414,424.21826012568545,0,1,0,0,0,0,0,1,0,0,0,1,1,1
param_20141,real_001,0.7485091537316265,0.4764576182404414,0.10722616428284631,0.15459846332999938,0.7985342839415118,400.3760748464967,0,1,1,1,1,1,1,1,1,1,1,1,1,1
param_20141,real_002,0.7367384838428618,0.508343208146076,0.10453165899626024,0.14107308199700108,0.7224912894504764,219.49383772610614,1,0,0,0,1,1,1,0,0,1,0,0,1,1
param_20141,real_003,0.7772817106995897,0.5024311882078538,0.10624254072634055,0.14833312828692585,0.4156436298145425,390.38978384400343,1,1,1,1,1,1,0,0,1,0,0,1,1,1
param_20141,real_004,0.7948352744198612,0.5668119344358213,0.16288904896239478,0.18426532740075885,0.8541274684965294,101.02177327026091,1,1,0,0,1,0,0,1,0,0,0,1,1,1
param_20142,real_001,0.7796171289221532,0.5767421205728648,0.13794475244468263,0.20097309375673547,0.582661996497373,363.5353016606017,1,1,1,1,1,1,1,1,1,1,1,1,1,1
param_20142,real_002,0.7576669195536404,0.5777731334829439,0.13254233652531278,0.17948103050084005,0.51985559566787,195.50736545297258,1,0,0,0,1,1,1,0,0,1,0,0,1,1
param_20142,real_003,0.8015174620624937,0.5972031472868519,0.13915945886940634,0.19548275678155097,0.20173206250907155,354.3807595958493,1,1,1,1,1,1,0,0,1,0,0,1,1,1
param_20142,real_004,0.8198805174265761,0.6415693043086711,0.1943483870877268,0.22936044302934813,0.6208431237042156,88.51455882288889,1,1,0,0,1,0,1,1,0,0,0,1,1,1
param_20142,real_005,0.7448792048311436,0.5567953097016006,0.13052877461951648,0.1748302682950734,0.5830988460644861,395.9257072706331,1,1,0,0,1,0,0,1,0,0,0,1,1,1
param_20143,real_001,0.793056778907725,0.6421190796030306,0.18521980918389816,0.2475531137149102,0.0642363331810568,398.4243035609975,1,1,1,1,1,1,1,1,1,1,1,1,1,1
param_20143,real_002,0.7418359440757795,0.5896416041379635,0.1113130957959671,0.1648636388722571,0.18176074281122734,320.57899191218445,1,0,1,0,1,1,1,0,1,1,1,0,1,1
param_20143,real_003,0.7940057899098286,0.6309582205831442,0.15130611540456276,0.21427957909785028,0.20509357638444406,425.6511454850106,1,1,1,1,1,1,1,0,1,0,1,1,1,1
param_20143,real_004,0.8145269368481978,0.666969067738345,0.17962979130711226,0.2232756392820385,0.21464257490724495,212.54596979657634,1,1,1,0,1,0,1,1,1,0,1,1,1,1
param_20143,real_005,0.755076564165723,0.6218713523563275,0.1351299888868598,0.19482458543392883,0.13327161715238714,388.97625862401384,1,1,1,0,1,0,1,1,1,0,1,1,1,1
param_20144,real_001,0.7088973285293453,0.3395977512337496,0.035089520767947954,0.054570742824402135,2.386761175260089,107.69369637325268,0,1,0,0,0,1,0,1,0,1,0,1,1,1
param_20144,real_002,0.7318922584752866,0.3553967484196178,0.07756956548597099,0.09091985850592482,1.8561063251485697,609.7236601137627,0,1,0,1,0,1,0,0,0,1,0,0,1,1
param_20144,real_003,0.7506162893036377,0.3649922403499278,0.06610524842047194,0.08484100771091585,1.8611735930641393,253.70868997812696,1,1,0,0,0,1,0,1,0,1,0,1,0,1
param_20144,real_004,0.7433320413284542,0.34182003729122074,0.03383710762331616,0.05291047365934223,2.6229500718472734,448.2173628908673,0,1,0,0,0,1,0,1,0,1,0,1,0,1
param_20144,real_005,0.7421523419726768,0.3493079108947238,0.05355841778293085,0.07499814951092003,2.50573763171995,274.67328415735335,0,1,0,1,0,1,1,1,0,1,0,1,0,1
param_20145,real_001,0.7102901897680647,0.34302098550839966,0.03679714688276136,0.05825876542957533,2.148608719681993,108.26723200834019,0,1,0,0,0,1,0,1,0,1,0,1,1,1
param_20145,real_002,0.7358908824086758,0.36964990556099464,0.08153482812352938,0.09772579207714005,1.6206277079150375,611.2998212849708,0,1,0,1,0,1,0,0,0,1,0,0,1,1
param_20145,real_003,0.7544817872495243,0.37726096393558045,0.06987197969448253,0.091274135251195,1.655101834025737,253.88224224241128,1,1,0,0,1,1,0,1,0,1,0,1,0,1
param_20145,real_004,0.7467418749342245,0.35033800004782994,0.036081713585343574,0.057539472936854436,2.3663452368337397,449.17490234508074,0,1,0,0,0,1,0,1,0,1,0,1,0,1
param_20145,real_005,0.7459245560634519,0.3544299369552495,0.057045474473579924,0.08082085578648267,2.2680332986472425,275.43593011542623,0,1,1,1,0,1,1,1,0,1,0,1,0,1
param_20146,real_001,0.7087019836950016,0.3613760384687809,0.03957517992382293,0.06237265707498846,2.0720092915214865,103.43625755021594,0,1,0,0,0,1,0,1,0,1,0,1,1,1
param_20146,real_002,0.7355841141207309,0.3881307835206183,0.08597139299897748,0.10360224464143447,1.570270718461092,606.6830989197847,0,1,0,1,0,1,0,0,0,1,0,0,1,1
param_20146,real_003,0.7525334491790503,0.3883239494905679,0.07228803362875075,0.09499775521744187,1.5639640697469617,248.92974466337841,1,1,0,0,1,1,0,1,0,1,0,1,0,1
param_20146,real_004,0.744847951699173,0.37053323834940166,0.03861015224574985,0.06100356608733316,2.190411151505413,442.1565921037204,0,1,0,0,0,1,0,1,0,1,0,1,0,1
param_20146,real_005,0.7442281426138222,0.37382306047542163,0.059035614323016364,0.08472116006820435,2.155093429776974,270.23967598575956,0,1,1,1,0,1,1,1,0,1,0,1,0,1
param_20147,real_001,0.7310844257497564,0.4080983618707677,0.05025253091813558,0.08270811854696404,1.2273684210526317,109.89656793814972,1,1,1,0,1,1,1,1,0,1,0,1,1,1
param_20147,real_002,0.7651602138064516,0.45783023921407234,0.10177131901847276,0.13618634243158434,0.7788537407646511,619.765368688868,1,1,1,1,1,1,1,0,0,1,0,0,1,1
param_20147,real_003,0.7834849876230345,0.46590876564379724,0.0929206053878634,0.12897772770632518,0.8804954715735385,251.7446382460148,1,1,1,0,1,1,1,1,0,1,0,1,0,1
param_20147,real_004,0.7771335656004126,0.44429943685774986,0.05126885763766879,0.08680001871247013,1.369205298013245,451.81302279199207,1,1,1,0,1,1,1,1,0,1,0,1,0,1
param_20147,real_005,0.7740042666130439,0.4225514327359925,0.08058101450187477,0.11962713943594945,1.2857870680369152,276.17840085591587,1,1,1,1,1,1,1,1,0,1,0,1,0,1
param_20148,real_001,0.7438891329039727,0.4935454449525951,0.07657586501664204,0.11891358590111505,0.9653163851553067,72.13730622374625,1,1,1,0,1,1,1,1,0,1,0,1,1,1
param_20148,real_002,0.7855633850314537,0.5454942455453708,0.13819840026787536,0.18365143316257576,0.5806414603676414,582.5636854000685,1,1,1,1,1,1,1,0,0,1,0,0,1,1
param_20148,real_003,0.8010822247730635,0.5311786463719641,0.1220938977315536,0.1712966615312204,0.5600114307487141,211.62587018070542,1,1,1,0,1,1,1,1,0,1,0,1,1,1
param_20148,real_004,0.7870655821869664,0.5447385433877376,0.07422004022363253,0.12087820237008572,0.9759538233794022,408.08407518965424,1,1,1,0,1,1,1,1,0,1,0,1,1,1
param_20148,real_005,0.7821117507348564,0.5218331646311231,0.09766061615552551,0.1495316403378083,0.8644653415972073,232.50218809628097,1,1,1,1,1,1,1,1,0,1,0,1,1,1
param_20149,real_001,0.7611027980657703,0.5935754247705508,0.10446124548743498,0.16100875759740987,0.07235412374039443,120.42098645278428,1,1,1,0,1,1,1,1,1,1,1,1,1,1
param_20149,real_002,0.7723245717521442,0.6080781028254068,0.12878753769160087,0.18689856981875888,0.24315762488402753,652.2248581851107,1,1,1,1,1,1,1,0,1,1,1,0,1,1
param_20149,real_003,0.8093366227504291,0.6260387017622596,0.15152527566061866,0.20977906600647334,0.19578174586123712,247.5749778015596,1,1,1,0,1,1,1,1,1,1,1,1,1,1
param_20149,real_004,0.7960137409575576,0.6329223500534746,0.10365079185726206,0.1618597174257657,0.027877059413939143,457.4070603892955,1,1,1,0,1,1,1,1,1,1,1,1,1,1
param_20149,real_005,0.8171006018310328,0.6306592618031868,0.16964818813333338,0.2362952978887572,0.06294419878622962,274.48550578380735,1,1,1,1,1,1,1,1,1,1,1,1,1,1
param_20150,real_001,0.708586126086571,0.41260094241098094,0.06572104363141103,0.09057768428055546,1.734737968762388,297.6956054402774,0,1,0,1,0,0,1,1,0,1,0,1,1,1
param_20150,real_002,0.8071341379700259,0.5256970759023826,0.2343836515746505,0.2549695062932695,1.442771216578127,130.5356799489947,0,1,0,1,1,1,1,1,0,1,0,1,0,1
param_20150,real_003,0.7367655029661886,0.39274843121761216,0.09058772495576367,0.10757881024304464,2.3276485435568595,445.9466169549109,0,1,0,1,0,1,0,1,0,1,0,1,0,1
param_20150,real_004,0.7583001160270659,0.41623646450745627,0.08736261344924984,0.09830348118233029,2.1246024711954536,393.7525046865089,0,1,0,1,0,1,0,1,0,0,0,1,1,1
param_20150,real_005,0.7529706559144667,0.3799693597889079,0.11380804115305951,0.12508696121168716,1.6264848989611187,527.6964731558304,1,1,0,1,1,1,0,1,0,1,0,1,0,1
param_20151,real_001,0.7137000216898771,0.4276242045526285,0.07266268306465579,0.10049778004700932,1.4135500122450408,297.65451909296485,0,1,0,1,0,0,1,1,0,1,1,1,1,1
param_20151,real_002,0.8170329567926473,0.5522201571210676,0.2459923908332272,0.27206234544058083,1.183248641331005,130.16830781866017,0,1,1,1,1,1,1,1,0,1,0,1,0,1
param_20151,real_003,0.7446710786056521,0.4157757941077784,0.09990048740852812,0.12082166746762651,1.902362111025168,447.36451271248455,0,1,0,1,0,1,0,1,0,1,0,1,1,1
param_20151,real_004,0.7652956077350224,0.43490297768085706,0.09855542066366711,0.11361065636617056,1.6690863746687747,391.730440000754,0,1,0,1,0,1,1,1,0,0,0,1,1,1
param_20151,real_005,0.7597221054782679,0.39503342347421433,0.11659548018885012,0.1311966835549869,1.4629740006165861,529.268166538699,1,1,0,1,1,1,0,1,0,1,0,1,0,1
param_20152,real_001,0.7118705508671134,0.441396510233407,0.07417844843510629,0.1034668295775973,1.3739332415691672,294.7166258344429,0,1,0,1,0,0,1,1,0,1,0,1,1,1
param_20152,real_002,0.8178008784354067,0.5670094705144901,0.24566094229133306,0.27453983062407056,1.126710496139439,131.75385233874306,0,1,1,1,1,1,1,1,0,1,0,1,0,1
param_20152,real_003,0.7449387655854132,0.432097482887125,0.10466523446429399,0.1276834748221134,1.857589189822499,444.1013935990467,0,1,0,1,0,1,0,1,0,1,0,1,1,1
param_20152,real_004,0.7645627842799944,0.44591509473640206,0.10110331196291385,0.11737835346277702,1.629620691924621,393.9469331768423,0,1,0,1,0,1,1,1,0,0,0,1,1,1
param_20152,real_005,0.7620519621520659,0.4210355646291544,0.12546608236976695,0.14328603883213453,1.3621848573850308,524.0348201287488,1,1,0,1,1,1,0,1,0,1,0,1,0,1
param_20153,real_001,0.7468351820990625,0.5062662349259685,0.09928208880337537,0.1421353547850012,0.675710798304529,297.28988141496865,1,1,1,1,1,0,1,1,1,1,1,1,1,1
param_20153,real_002,0.8642899252332487,0.6510847304028691,0.2979403341366453,0.34875087279129746,0.4371617869273786,125.88061989167676,1,1,1,1,1,1,1,1,0,1,1,1,0,1
param_20153,real_003,0.7835009791472687,0.5185133237999773,0.1342147343947707,0.17301449954568343,0.9188607993286478,459.0200447438454,1,1,1,1,1,1,1,1,0,1,1,1,1,1
param_20153,real_004,0.8022588787135456,0.5304803456445133,0.140302418883379,0.17329379722410995,0.6913026300936901,376.07877972282995,0,1,0,1,0,1,1,1,0,0,1,1,1,1
param_20153,real_005,0.786398039540142,0.4702757146216061,0.13342415917108677,0.16839615930474472,0.820219940458108,532.6289822811527,1,1,1,1,1,1,1,1,0,1,0,1,0,1
param_20154,real_001,0.7684858500007649,0.5813900280810879,0.1209408206838889,0.17759180959567641,0.4746849648892167,278.09731647756803,1,1,1,1,1,0,1,1,1,1,1,1,1,1
param_20154,real_002,0.8800320035676056,0.7085998702183582,0.28321299444718323,0.34566043416486486,0.1998533582049319,137.5942452976415,1,1,1,1,1,1,1,1,0,1,1,1,1,1
param_20154,real_003,0.8169394805012864,0.6184326700102671,0.18021407017651309,0.23681757221701846,0.690384881947974,434.63679349062596,1,1,1,1,1,1,1,1,0,1,1,1,1,1
param_20154,real_004,0.8193370572331147,0.5820661339908739,0.16372045805184265,0.21028137881915554,0.5239463479753353,389.4993555442435,0,1,1,1,0,1,1,1,0,0,1,1,1,1
param_20154,real_005,0.8192603649845523,0.5940023978224208,0.17311484455687945,0.23286804855272014,0.35688485795486713,488.41031277644845,1,1,1,1,1,1,1,1,1,1,0,1,1,1
param_20155,real_002,0.8525713160003839,0.713462667530503,0.2761165943932925,0.31813600958930355,0.3210491955313398,84.75407712446167,1,1,1,1,1,1,1,1,1,1,1,1,1,1
param_20155,real_003,0.8055135040936219,0.6557209553510313,0.19240988260473874,0.25332432494742996,0.10940438299141295,514.090449677277,1,1,1,1,1,1,1,1,1,1,1,1,1,1
param_20155,real_004,0.814650861234188,0.6641244215705316,0.1710906744833646,0.21871271963183422,0.2340879610992901,293.1089436127694,1,1,1,1,1,1,1,1,1,0,1,1,1,1
param_20155,real_005,0.7964043009564549,0.6030311748254145,0.14706871722346118,0.21228695209170312,0.19086587803165345,527.2471269591271,1,1,1,1,1,1,1,1,1,1,1,1,0,1
param_20156,real_001,0.767365805428432,0.505530438540585,0.19644652430355627,0.22238267911648163,1.3774734891382683,165.66983936537605,1,1,0,1,1,1,0,1,0,0,0,1,1,1
param_20156,real_002,0.7125240922880028,0.4362642141984857,0.08651842826340543,0.11338391140441191,1.5848354276174792,23.285663090129084,0,1,0,1,0,0,0,0,0,1,0,1,1,1
param_20156,real_003,0.7264090583468402,0.37722916177059274,0.08704989155760756,0.10120243839310232,2.1885998128925914,193.5480562525259,0,1,0,1,0,1,0,1,0,1,0,1,1,1
param_20156,real_005,0.7538642527906437,0.4867378660318522,0.16464410489244827,0.18915474838128976,0.7451094590427901,358.20325161886274,1,1,0,0,1,0,0,1,0,0,0,1,1,1
param_20157,real_001,0.7729203478635178,0.5326942123682505,0.20541135521232473,0.23567216988029788,1.1110928272356608,159.75981103469204,1,1,0,1,1,1,0,1,0,0,0,1,1,1
param_20157,real_002,0.719459227204411,0.4514151349515523,0.09646951508690925,0.12834207740227663,1.2191706532896902,22.754736702477505,0,1,0,1,0,0,0,0,0,1,0,1,1,1
param_20157,real_003,0.7328382724804327,0.3917040021514974,0.09710120719204811,0.11420517422874052,1.76776875483372,191.80612619150662,0,1,1,1,0,1,0,1,0,1,0,1,1,1
param_20157,real_004,0.6984791276432081,0.34840386763436265,0.07265495112143014,0.08192718235533658,2.7103871122866074,159.6593469160087,0,1,0,1,0,1,0,1,0,0,0,1,1,1
param_20157,real_005,0.7619393608731531,0.5144120810166242,0.17309725938886986,0.19955773899341955,0.6227719460329091,352.95095101212274,1,1,0,0,1,0,0,1,1,0,0,1,1,1
param_20158,real_001,0.7728584410917049,0.5409713133298757,0.20488831413258776,0.23628174897283052,1.068395972913905,159.37249086739538,1,1,0,1,1,1,0,1,0,0,0,1,1,1
param_20158,real_002,0.7195811542072527,0.4591399125797575,0.09994622733552046,0.133823516044854,1.1860607101291665,22.772165244296957,0,1,0,1,0,0,0,0,0,1,0,1,1,1
param_20158,real_003,0.7330861774617788,0.4071945909715733,0.10007655868706547,0.11860382739590794,1.7275827902900043,188.3547031314025,0,1,1,1,0,1,0,1,0,1,0,1,1,1
param_20158,real_004,0.6980518796107161,0.3616157323690154,0.07691726804123597,0.08728256269745575,2.675588769464376,161.95048467821832,0,1,0,1,0,1,0,1,0,0,0,1,1,1
param_20158,real_005,0.764696288947784,0.5286345269411727,0.17706372992176297,0.20669283036523275,0.5846567842088071,351.74044272454586,1,1,0,0,1,0,0,1,1,0,0,1,1,1
param_20159,real_001,0.8081262147984616,0.6480395139348336,0.2328348755175178,0.2819560726329631,0.47886007044508483,137.91710078405447,1,1,1,1,1,1,1,1,0,0,0,1,1,1
param_20159,real_002,0.7465595610036405,0.5235369980065769,0.13515825742016183,0.18269246793615437,0.42354139747540004,85.05416758441439,0,1,0,1,0,0,1,0,1,1,1,1,1,1
param_20159,real_003,0.7665784971084889,0.46984162658797407,0.13842192364449843,0.16958727324645384,0.8901300587575097,181.11289735097336,1,1,1,1,1,1,1,1,0,1,0,1,1,1
param_20159,real_004,0.7345720762161146,0.46666710848362414,0.10654937297310285,0.13363094068345915,1.2015514935354437,155.42156510485404,0,1,1,1,0,1,1,1,0,0,0,1,1,1
param_20159,real_005,0.7873608916074845,0.5930297603065329,0.20631708349572644,0.24041292586966606,0.22737732371119115,341.7690483232924,1,1,0,0,1,0,0,1,1,0,0,1,1,1
param_20160,real_001,0.8279512596362351,0.6859670263125657,0.23465299806297404,0.2941612149742663,0.26785184859831557,131.51624916542139,1,1,1,1,1,1,1,1,1,0,0,1,1,1
param_20160,real_002,0.7789988640071398,0.6049502621264808,0.172429141457031,0.23612006546898556,0.2848812434117568,83.61265682533042,0,1,1,1,1,0,1,0,1,1,1,1,1,1
param_20160,real_003,0.7958458909805242,0.5681512504099163,0.17025901404889293,0.21682700863635176,0.6681310741836997,155.7417098598287,1,1,1,1,1,1,1,1,0,1,0,1,1,1
param_20160,real_004,0.7594191688741655,0.5602420330281448,0.14175164093924153,0.18058226730104215,0.9130353932932499,177.01437542073225,0,1,1,1,0,1,1,1,0,0,0,1,1,1
param_20160,real_005,0.8169777025525948,0.6654574284443701,0.23565311220019666,0.2868407362954963,0.026148267526188557,338.27408385828596,1,1,0,0,1,0,0,1,1,0,1,1,1,1
param_20161,real_001,0.8013493905086232,0.6937971490619578,0.20702901837520188,0.26172562956924084,0.3197072894817468,112.48035522478588,1,1,1,1,1,1,1,1,1,0,1,1,1,1
param_20161,real_002,0.7883773013857015,0.6563267646737293,0.19618589268218098,0.26761450722343366,0.2314379431315862,257.59076436726383,1,1,1,1,1,0,1,0,1,1,1,1,1,1
param_20161,real_003,0.8394301777743978,0.6744814277852668,0.23326489732888794,0.30297658818300366,0.07926186065658125,168.5070871832147,1,1,1,1,1,1,1,1,1,1,1,1,1,1
param_20161,real_004,0.7729151441704193,0.6179562575483952,0.170384768159789,0.22867855203978324,0.12493797757269029,145.68019394636184,1,1,1,1,1,1,1,1,1,0,1,1,1,1
param_20161,real_005,0.7881004544654107,0.6767093267868454,0.20602343303184667,0.25379732782991976,0.36176317652439216,403.9615881768917,1,1,1,0,1,0,1,1,1,0,1,1,1,1
