param_folder,realization,global_ssim,plume_ssim,iou_0.001,iou_0.0001,area_rel_err_1e-3_d365,centroid_err_m_d365,exceed_w500_+400_true,exceed_w500_+400_pred,exceed_w500_-400_true,exceed_w500_-400_pred,exceed_w1000_+400_true,exceed_w1000_+400_pred,exceed_w1000_-400_true,exceed_w1000_-400_pred,exceed_w1500_+600_true,exceed_w1500_+600_pred,exceed_w1500_-600_true,exceed_w1500_-600_pred,exceed_w1900_+0_true,exceed_w1900_+0_pred
param_20000,real_001,0.7947315811523437,0.43723378443228766,0.07856844184137218,0.09497597510974931,2.1599771398426166,386.21729505372525,0,1,0,1,0,1,0,1,0,1,0,0,0,1
param_20000,real_002,0.7982736992836262,0.4163024506565097,0.08847120036857137,0.10601903146151415,2.1940142644477527,318.3440402874908,0,1,0,1,0,1,0,1,0,1,0,1,0,0
param_20000,real_003,0.7792268798863116,0.412109035017787,0.05755154535555715,0.07270999584252784,2.8746658880079066,460.15882276155276,0,1,0,1,0,1,0,1,0,1,0,1,0,0
param_20000,real_004,0.7606251182100007,0.3897306736006972,0.04012187417574618,0.055031870664094734,3.158180040877988,135.632676944597,0,1,0,1,0,1,0,1,0,1,0,1,1,1
param_20000,real_005,0.7790196755188512,0.4090812652786039,0.0677419858075048,0.0836219735745937,2.3620028221183524,236.7362915471694,0,1,0,1,0,1,0,1,0,1,0,1,0,1
param_20001,real_001,0.7997083530890301,0.4483806868417025,0.08308702757875404,0.10146792133545451,1.9474115838031778,385.5746630750536,0,1,0,1,0,1,0,1,0,1,0,0,0,1
param_20001,real_002,0.8032816922114204,0.4274178732130703,0.09419788525282556,0.1137166353234854,1.9710854828042328,317.83092414308084,0,1,0,1,0,1,0,1,0,1,0,1,0,0
param_20001,real_003,0.7828298543157425,0.4180769141446137,0.060821659908591036,0.0776628279059696,2.628760149774917,459.50374855456187,0,1,0,1,0,1,0,1,0,1,0,1,0,0
param_20001,real_004,0.763966140473427,0.3984516260567376,0.042552250554748615,0.05931272529547445,2.8758360771158187,135.73450255312918,0,1,0,1,0,1,0,1,0,1,0,1,0,1
param_20001,real_005,0.7838005725723547,0.4206754645269205,0.07161224473895192,0.08968515996507324,2.125245941957698,236.19538541322115,0,1,0,1,0,1,0,1,0,1,0,1,0,1
param_20002,real_001,0.7980826342270231,0.46306598249225844,0.08579610334512022,0.10543043838317648,1.847804124324003,390.5806545939255,0,1,0,1,0,1,0,1,0,1,0,0,0,1
param_20002,real_002,0.8012506365568604,0.44511510300199925,0.09526478466066968,0.11680743608609592,1.872417376014067,322.86379069371657,0,1,0,1,0,1,0,1,0,1,0,1,1,0
param_20002,real_003,0.7802554857376931,0.4381679159572874,0.06212285906265078,0.08105764901113685,2.5014817521211383,464.4194011223357,0,1,0,1,0,1,0,1,0,1,0,1,0,0
param_20002,real_004,0.7613790655270256,0.4103659979081429,0.04434456402221614,0.062170938862349236,2.7555279104297927,134.62589623380603,0,1,0,1,0,1,0,1,0,1,0,1,1,1
param_20002,real_005,0.7824511915375086,0.43563275725397654,0.07431475135561712,0.09357557400668715,2.0189467432191646,240.833039476612,0,1,0,1,0,1,0,1,0,1,0,1,0,1
param_20003,real_001,0.8294270722040687,0.5234589308111284,0.10955557437758934,0.14051523469002977,1.0951381601958727,383.2699091905337,1,1,1,1,1,1,1,1,0,1,0,0,0,1
param_20003,real_002,0.8330466960573374,0.5062868319516853,0.12590760172973167,0.15801072575593106,1.1177831140706256,316.6908858888349,1,1,1,1,1,1,1,1,0,1,0,1,0,0
param_20003,real_003,0.8096244452425938,0.4864555335107357,0.08008960921469649,0.10901696966588069,1.5892170989433236,458.094068783538,1,1,1,1,1,1,1,1,0,1,0,1,0,0
param_20003,real_004,0.7901599701114727,0.47699562794877465,0.0589659525405175,0.08778561525011541,1.7616490099448165,135.6669961603455,1,1,1,1,1,1,1,1,0,1,0,1,0,1
param_20003,real_005,0.8152430091257007,0.5053914346238166,0.09394429132088052,0.12577008274957915,1.2181540475670958,235.86033199704158,1,1,1,1,1,1,1,1,0,1,0,1,0,1
param_20004,real_001,0.8368471439892872,0.5859308841074945,0.1278188008625914,0.16960044790875264,0.731881264456438,424.54140143949473,1,1,1,1,1,1,1,1,0,1,0,0,1,1
param_20004,real_002,0.834720205700664,0.5725085274645609,0.1311096494181396,0.1726898167119802,0.7675273576785934,357.7166221207459,1,1,1,1,1,1,1,1,0,1,0,1,1,0
param_20004,real_003,0.8105849078907326,0.5659532376005799,0.0852289693543889,0.12253390339169012,1.1166654396426907,499.1716251607517,1,1,1,1,1,1,1,1,0,1,0,1,1,0
param_20004,real_004,0.8006623202831189,0.5520742170543483,0.07869236415710933,0.11676410792931463,1.29806251995187,132.48589552290778,1,1,1,1,1,1,1,1,0,1,0,1,1,1
param_20004,real_005,0.8309939080125625,0.5818038721285519,0.12182396807081317,0.16574231256261776,0.8393645509155389,274.2036650168466,1,1,1,1,1,1,1,1,0,1,0,1,1,1
param_20005,real_001,0.8405824236347064,0.6687154723271679,0.14428336941798914,0.18875898815300027,0.12746341670662353,372.76908420085556,1,1,1,1,1,1,1,1,1,1,1,0,1,1
param_20005,real_002,0.8699010667629841,0.6905884125217275,0.18602558410068862,0.233328307761365,0.11871233531759412,308.7302961783069,1,1,1,1,1,1,1,1,1,1,1,1,1,0
param_20005,real_003,0.8391836591207077,0.6655225102562754,0.12493663108541328,0.17601829373178862,0.052951553143826796,454.32705546080746,1,1,1,1,1,1,1,1,1,1,1,1,1,0
param_20005,real_004,0.8288346535463621,0.6605389646295294,0.11439720843862226,0.17326812070299294,0.14203429129294037,136.05617313797384,1,1,1,1,1,1,1,1,1,1,1,1,1,1
param_20005,real_005,0.8299687826694198,0.6588809011822895,0.13935365469953007,0.1883430995145354,0.0736805656801283,234.72021204846055,1,1,1,1,1,1,1,1,1,1,1,1,1,1
param_20006,real_001,0.7805242062863076,0.46276095691863434,0.1465855064821608,0.15692202037362002,1.6853115407925863,254.49805481399721,0,1,0,1,1,1,0,1,0,1,0,1,0,0
param_20006,real_002,0.7417809277093853,0.42866318632648764,0.08860529167338499,0.1029315361186844,2.2542846941204475,239.4016080986165,0,1,1,1,0,1,0,1,0,1,0,1,1,1
param_20006,real_003,0.7675105080135635,0.44023865658310185,0.12812116636959903,0.13724388489506148,1.9463402331852484,162.81483074182447,1,1,0,1,1,1,0,1,0,1,0,1,1,1
param_20006,real_004,0.7618091141450973,0.4708518995130321,0.12262773837582962,0.1383463062821799,2.1076396038862577,256.7884503444646,0,1,0,1,0,1,0,1,0,1,0,1,0,1
param_20006,real_005,0.7448292542846622,0.41497449781295276,0.06870565126898617,0.08587956972802673,2.4274248138477903,241.68074118649378,1,1,0,1,1,1,0,1,0,1,0,0,0,1
param_20007,real_001,0.7882954288531272,0.4774338350326746,0.15392557228193848,0.16628371872569914,1.4966100154503317,252.90708774987021,1,1,0,1,1,1,1,1,0,1,0,1,0,0
param_20007,real_002,0.7479299801173405,0.4393748711891973,0.09291220400233517,0.10909031341112124,2.027068418333456,236.32713995435574,1,1,1,1,0,1,1,1,0,1,0,1,1,1
param_20007,real_003,0.7748121585638863,0.4525839539078149,0.13480371183241835,0.14545678981678528,1.762167175905718,163.8543987858847,1,1,0,1,1,1,0,1,0,1,0,1,1,1
param_20007,real_004,0.7690539742531374,0.48494113802959954,0.12798001386964822,0.1452561078732693,1.8956897905074221,253.4376550737225,1,1,1,1,0,1,1,1,0,1,0,1,0,1
param_20007,real_005,0.7504592649420644,0.4256604262522663,0.07224361962141132,0.0911811217456627,2.2079177452346905,239.35354999233365,1,1,1,1,1,1,0,1,0,1,0,0,0,1
param_20008,real_001,0.7906301792838125,0.5102395478289081,0.16237203619439883,0.17765144060228052,1.4182791344613273,257.9651539524348,1,1,0,1,1,1,1,1,0,1,0,1,0,0
param_20008,real_002,0.7500518787525324,0.46209473433180537,0.1005223910523613,0.11882208793479775,1.9472369933889049,241.3615485005947,1,1,1,1,0,1,1,1,0,1,0,1,1,1
param_20008,real_003,0.7764870897267013,0.4695555272933515,0.14116262509989477,0.15424156410848086,1.6943478569401078,159.2993931793629,1,1,0,1,1,1,0,1,0,1,0,1,1,1
param_20008,real_004,0.7708442989410067,0.5146820692518572,0.13438940850494363,0.15424202502235212,1.831675906183369,258.53478086067264,0,1,1,1,0,1,1,1,0,1,0,1,0,1
param_20008,real_005,0.7513399684955334,0.44918364015662265,0.07570842282325908,0.09644708656656702,2.1303986857677835,244.23491898305346,1,1,1,1,1,1,0,1,0,1,0,0,0,1
param_20009,real_001,0.8239902045830385,0.5645521430325027,0.1924467646664112,0.2170206954069814,0.8911316416307535,248.69789228063425,1,1,1,1,1,1,1,1,0,1,0,1,0,0
param_20009,real_002,0.777219882809243,0.505373993668652,0.11532690781209146,0.1428471811430233,1.2931605652702647,224.82312068956165,1,1,1,1,1,1,1,1,0,1,0,1,1,1
param_20009,real_003,0.8109807457246327,0.5279857349958949,0.17300276455018793,0.19622922761431064,1.1055440795219809,164.26225128475562,1,1,1,1,1,1,1,1,0,1,0,1,1,1
param_20009,real_004,0.8044235007368059,0.565558898710684,0.1533563388742915,0.18097800757433302,1.2392225099816554,241.36238245736104,1,1,1,1,1,1,1,1,0,1,0,1,0,1
param_20009,real_005,0.7754093278362914,0.4858061030610169,0.08836751691839838,0.11611220716220493,1.495775004929161,229.8359581334579,1,1,1,1,1,1,1,1,0,1,0,0,0,1
param_20010,real_001,0.8550620250768854,0.6792271984082183,0.23187477007826782,0.27663932759854254,0.5146111772749328,286.9068157103809,1,1,1,1,1,1,1,1,0,1,0,1,1,0
param_20010,real_002,0.8137859226273473,0.6225437968329799,0.17168380240311756,0.21876728717683608,0.8842818583816688,262.278552636068,1,1,1,1,1,1,1,1,0,1,0,1,1,1
param_20010,real_003,0.8503792338370303,0.6372000236693066,0.21907859391546058,0.26305790645817034,0.7104966775537785,133.4328691310457,1,1,1,1,1,1,1,1,0,1,0,1,1,1
param_20010,real_004,0.8353815753737787,0.6719625598034813,0.18708941161652184,0.22984060440599602,0.8619626052917887,276.7927884164151,1,1,1,1,1,1,1,1,0,1,0,1,1,1
param_20010,real_005,0.8045809119722053,0.5940605629020524,0.12061699188471152,0.1643447287096419,1.0283510169510925,267.4650553173353,1,1,1,1,1,1,1,1,0,1,0,0,1,1
param_20011,real_001,0.865989703677608,0.7177817681290501,0.25331059015336127,0.2991645321078631,0.13286867806839775,244.52684477632903,1,1,1,1,1,1,1,1,1,1,1,1,1,0
param_20011,real_002,0.8240903036401731,0.6585012171951777,0.18510534721659874,0.2390634063414562,0.06179655290698803,217.1295384978772,1,1,1,1,1,1,1,1,1,1,1,1,1,1
param_20011,real_003,0.8922046001076732,0.7249735473746726,0.2977242639961705,0.36015496115061885,0.03468461597132179,161.54504375654244,1,1,1,1,1,1,1,1,1,1,1,1,1,1
param_20011,real_004,0.832947194572364,0.6914174356165048,0.1969339715822705,0.2480272753416877,0.4618954524639825,1013.5729015527127,1,1,1,1,1,1,1,1,1,1,1,1,0,1
param_20011,real_005,0.8212988747590484,0.643435326952225,0.14927628418611044,0.20721146770024634,0.16271364367024244,212.72481562569922,1,1,1,1,1,1,1,1,1,1,1,0,1,1
param_20012,real_001,0.7258306202163197,0.41048323901877426,0.11121467656230559,0.12309610008893843,1.7913838024292688,280.1945379938969,1,1,1,1,1,1,1,1,0,1,0,1,1,1
param_20012,real_002,0.7462656894958555,0.4545907520626811,0.16001998391710565,0.17081789493088753,1.3650130274363055,168.54953801831385,0,1,1,1,1,1,1,1,0,0,0,0,1,1
param_20012,real_003,0.7155760195191473,0.3999133456423937,0.07583862131119151,0.10018767721307748,1.703759790272418,146.86000510031585,1,1,0,1,1,1,1,1,0,1,0,1,1,1
param_20012,real_004,0.7439465820345335,0.4261470519717776,0.11314735514577956,0.12804759296903842,1.774463028325145,272.78034716483694,1,1,0,1,1,1,1,1,0,1,0,1,0,1
param_20012,real_005,0.682997789258447,0.3841434857702622,0.05625688941051235,0.08272756309875622,1.7965763669602792,344.6249440450436,1,1,1,1,1,1,1,1,0,1,0,0,1,1
param_20013,real_001,0.7321283838693904,0.42341398355847,0.1148753621691027,0.12846015920460827,1.666479712558058,282.57107957352514,1,1,1,1,1,1,1,1,0,1,0,1,1,1
param_20013,real_002,0.7538465401349025,0.4751764359238679,0.1661541691463113,0.17888068250099187,1.2355041322314049,172.37589263460126,0,1,1,1,1,1,1,1,0,0,0,0,1,1
param_20013,real_003,0.7213715668778528,0.4163399439553466,0.07853800293017672,0.10468629299888804,1.5882004520302393,144.47360260432913,1,1,0,1,1,1,1,1,0,1,0,1,1,1
param_20013,real_004,0.75039468736458,0.4333244327061758,0.1163564927612325,0.132676685919063,1.6620434974983833,269.84136600877764,1,1,0,1,1,1,1,1,0,1,0,1,0,1
param_20013,real_005,0.6887464404184521,0.39531005348549947,0.05771083370766011,0.08598178107501159,1.6491286071884004,348.53583635794024,1,1,1,1,1,1,1,1,0,1,0,0,0,1
param_20014,real_001,0.7357697408136511,0.4420208360142442,0.12188502476361265,0.13804392168561644,1.579800583327681,277.28224209816284,1,1,1,1,1,1,1,1,0,1,0,1,1,1
param_20014,real_002,0.7588067059316319,0.4961642602836441,0.1759631895589548,0.19080313393029363,1.174300274906355,167.89476396558698,0,1,1,1,1,1,1,1,0,0,0,0,1,1
param_20014,real_003,0.724028936498231,0.42805983831600924,0.08363868406546036,0.111694763910619,1.5163059950293993,149.46646757101118,1,1,0,1,1,1,1,1,0,1,0,1,1,1
param_20014,real_004,0.7528367102268082,0.4573544461387245,0.12347170370647297,0.14285614900605356,1.5631584984187845,274.8181781152707,1,1,0,1,1,1,1,1,0,1,0,1,0,1
param_20014,real_005,0.69022460114058,0.40832931048096,0.06139366511906671,0.09143136728466907,1.5771916927035472,344.0737316488748,1,1,1,1,1,1,1,1,0,1,0,0,1,1
param_20015,real_001,0.7592168517203384,0.4820621593757534,0.1386223200489461,0.1621796231814232,1.132100063064957,288.5493867093282,1,1,1,1,1,1,1,1,0,1,0,1,1,1
param_20015,real_002,0.7845705006309218,0.5493695586638272,0.19326312844237792,0.21744768708254303,0.7957644559516697,188.47015360188763,1,1,1,1,1,1,1,1,0,0,0,0,1,1
param_20015,real_003,0.7457228881557225,0.47005406194938715,0.09243112314829972,0.1276611776934981,1.103365719569816,138.51988577244543,1,1,1,1,1,1,1,1,0,1,0,1,1,1
param_20015,real_004,0.7777493154011779,0.4954778094664343,0.13550116213850066,0.16131821657241485,1.186872640849993,259.6576558440232,1,1,1,1,1,1,1,1,0,1,0,1,0,1
param_20015,real_005,0.7028095555068439,0.4399904967966173,0.06633147003411825,0.10358070426435174,1.0852593097465766,360.21695166421875,1,1,1,1,1,1,1,1,1,1,0,0,0,1
param_20016,real_001,0.8097425351560598,0.5974397320874969,0.18686307667211025,0.23461148221042483,0.6221437939160012,251.7747660615911,1,1,1,1,1,1,1,1,1,1,1,1,1,1
param_20016,real_002,0.8300447999579417,0.6534281038229623,0.2597347168549798,0.3072391983137828,0.4187200386023434,160.3119135004799,1,1,1,1,1,1,1,1,0,0,0,0,1,1
param_20016,real_003,0.7842105270431762,0.5812016490772237,0.13960230498535253,0.19403326398643692,0.5666047117208065,528.2816847631002,1,1,1,1,1,1,1,1,1,1,0,1,1,1
param_20016,real_004,0.8158482757548255,0.6181921288137732,0.18816071422760453,0.23763949918617336,0.6471374869694322,291.1465673319918,1,1,1,1,1,1,1,1,1,1,0,1,1,1
param_20016,real_005,0.7374304247444118,0.5485856025142593,0.09882711165141059,0.15345331270480192,0.6178874295713709,330.0346684090024,1,1,1,1,1,1,1,1,1,1,0,0,1,1
param_20017,real_001,0.8428882558194252,0.6584084163336053,0.2320416065431045,0.29348040196684244,0.07409577735260271,287.09496895113705,1,1,1,1,1,1,1,1,1,1,1,1,1,1
param_20017,real_002,0.8464810480230729,0.6852677526636108,0.2613568045557853,0.3194781520638529,0.08697648043636756,212.8174057035123,1,1,1,1,1,1,1,1,1,0,1,0,1,1
param_20017,real_003,0.7922214998626379,0.6166833234289638,0.14572121385917827,0.20710538479196217,0.11092080526136204,138.0187150326846,1,1,1,1,1,1,1,1,1,1,1,1,1,1
param_20017,real_004,0.8498357899572523,0.6764201496911795,0.24865903050774635,0.31017607036257056,0.06263289109892872,248.7427842150409,1,1,1,1,1,1,1,1,1,1,1,1,0,1
param_20017,real_005,0.7487866839464463,0.5945757775615615,0.11177616652893116,0.17489172486167234,0.062478295185477505,364.243028702724,1,1,1,1,1,1,1,1,1,1,1,0,1,1
param_20018,real_001,0.7692133948709561,0.42608273213649006,0.07768540740587242,0.0910389078338751,2.5702395452699958,141.90050929685788,0,1,0,1,0,1,0,1,0,0,0,1,0,1
param_20018,real_002,0.7776022611699296,0.39516824495022784,0.08685491140611917,0.09842044615686131,2.407540108172254,84.68699855783882,0,1,0,1,0,1,0,1,0,0,0,0,1,1
param_20018,real_003,0.7509236500470764,0.3872094639843169,0.04325240280944298,0.0569099929979394,3.1152892838800437,174.2736357565424,0,1,0,1,0,1,0,1,0,1,0,1,1,1
param_20018,real_004,0.7623092049887279,0.428615984769616,0.08186127188711188,0.09451453631076118,2.7157979007294077,267.2091787445274,0,1,0,1,0,1,0,1,0,1,0,1,1,1
param_20018,real_005,0.776629726994896,0.38599213634857305,0.1121531888283573,0.12383251454018611,1.9156417923870765,144.1482229530755,0,1,0,1,0,1,0,1,0,1,0,1,1,1
param_20019,real_001,0.7772411653017325,0.4489624383504271,0.0826194529121021,0.09829906924604369,2.2796610169491527,140.44673142898108,0,1,0,1,0,1,0,1,0,0,0,1,0,1
param_20019,real_002,0.7846496687375337,0.41328015526409845,0.0916567799838426,0.10535730576039173,2.1470513847321167,83.26553461453241,0,1,0,1,0,1,0,1,0,0,0,0,1,1
param_20019,real_003,0.7560217634183313,0.4036305586836967,0.04622332122989336,0.06172551069923914,2.801621354016255,173.60106381335737,0,1,0,1,0,1,0,1,0,1,0,1,1,1
param_20019,real_004,0.7695890656233543,0.45032678795546893,0.08673685978159475,0.10145603780103034,2.424156727734743,265.8800923855326,0,1,0,1,0,1,0,1,0,1,0,1,1,1
param_20019,real_005,0.7844195493137665,0.4146073104845241,0.11911221145984462,0.13343350095592582,1.683976322543257,145.77112878332457,0,1,0,1,0,1,0,1,0,1,0,1,0,1
param_20020,real_001,0.776913228152919,0.47754599858155566,0.08543649013057998,0.1024926092502961,2.182079530376744,145.47731271798415,0,1,0,1,0,1,0,1,0,0,0,1,0,1
param_20020,real_002,0.785053592235303,0.44213470327759014,0.0979990400328804,0.11468867556910871,2.061239134000328,88.23199269710747,0,1,0,1,0,1,0,1,0,0,0,0,1,1
param_20020,real_003,0.7540707543610601,0.4180202811479509,0.04837095555356059,0.06489238014549006,2.7021152648600872,178.98321668648887,0,1,0,1,0,1,0,1,0,1,0,1,1,1
param_20020,real_004,0.7683965887033931,0.46767964924687994,0.08982612024699245,0.10648976680087899,2.3200604037513908,271.11362999162554,0,1,0,1,0,1,0,1,0,1,0,1,1,1
param_20021,real_001,0.8119084021137668,0.5444591722694477,0.10851877410595684,0.1375884231638635,1.2816554229372081,136.7793817507456,1,1,1,1,1,1,1,1,0,0,0,1,0,1
param_20021,real_002,0.819148277217692,0.4950144503433028,0.12383134494320577,0.15213097484191665,1.1967779902898337,77.55545060263951,1,1,1,1,1,1,1,1,0,0,0,0,1,1
param_20021,real_003,0.7835279822846141,0.4745882097801328,0.06368625706423149,0.09115216647609828,1.6587272963342325,173.48659331546565,1,1,1,1,1,1,1,1,0,1,0,1,1,1
param_20021,real_004,0.8055428864954092,0.5381175641452449,0.11369536475621754,0.1410425703351311,1.4096448091371876,261.3433021065442,1,1,1,1,1,1,1,1,0,1,0,1,1,1
param_20021,real_005,0.8237978935949485,0.5159912596553617,0.1525079040133675,0.18214996775301778,0.8929859134369754,152.73894932832061,1,1,1,1,1,1,1,1,0,1,0,1,0,1
param_20022,real_001,0.8203194790467631,0.6054566167615463,0.12890791658689657,0.16706054262195244,0.9390297684674752,178.08669000694013,1,1,1,1,1,1,1,1,0,0,0,1,1,1
param_20022,real_002,0.8349114209652021,0.6054590541171568,0.15866737948073886,0.2000763134524649,0.8951971162389257,119.27441917577447,1,1,1,1,1,1,1,1,0,0,0,0,1,1
param_20022,real_003,0.7945084514874773,0.5526403582064524,0.08533197928571794,0.12192092369021415,1.2862264455223233,216.92373775308508,1,1,1,1,1,1,1,1,0,1,0,1,1,1
param_20022,real_004,0.8138388580961134,0.5838589109862755,0.13155444966629712,0.17007858145645266,1.0922067514775118,303.32593626029205,1,1,1,1,1,1,1,1,0,1,0,1,1,1
param_20022,real_005,0.848449221177943,0.5954589335568093,0.189460239950591,0.23339535464801775,0.6339982107531217,113.22348452107192,1,1,1,1,1,1,1,1,0,1,0,1,1,1
param_20023,real_001,0.83358922114296,0.6818460514588983,0.14702751325591681,0.19131717038109294,0.04724556376856957,128.72978394618062,1,1,1,1,1,1,1,1,1,0,1,1,1,1
param_20023,real_002,0.8582788886336513,0.6795931873394515,0.20084515343633577,0.24919710515477175,0.08376593890750218,67.4455910138901,1,1,1,1,1,1,1,1,1,0,1,0,1,1
param_20023,real_003,0.8232358084486688,0.6563751784171266,0.12482184947773116,0.18042596788874757,0.11730505741272901,173.2332277975309,1,1,1,1,1,1,1,1,1,1,1,1,1,1
param_20023,real_004,0.8361137645311509,0.6726376698805846,0.16264144543584794,0.21628462036562257,0.015213745838092691,245.87654589238218,1,1,1,1,1,1,1,1,1,1,1,1,1,1
param_20023,real_005,0.8436893321916499,0.6678348368613934,0.2010584996069333,0.24916661629129216,0.20798495110942816,169.32762472667736,1,1,1,1,1,1,1,1,1,1,1,1,1,1
param_20024,real_001,0.7147558456184726,0.4134113645461019,0.10909480279715834,0.123539381564278,1.8739109116282577,100.35769860518813,0,1,0,1,0,1,0,1,0,1,0,1,1,1
param_20024,real_002,0.7277870040616662,0.4172720387362763,0.09680422234842453,0.10791389072234457,2.5951491717562285,140.05352552953036,0,1,0,1,0,1,0,1,0,0,0,1,1,1
param_20024,real_003,0.7293238453838365,0.419603609990501,0.09531461973900524,0.10659439825179116,2.445314080006472,55.13859806879861,0,1,0,1,1,1,0,1,0,1,0,1,1,1
param_20024,real_004,0.7170197348914307,0.4736280173947934,0.11939855178247875,0.1322329984243282,2.013801448206757,88.39638192916726,0,1,0,1,0,1,0,1,0,1,0,1,1,1
param_20024,real_005,0.7492973555950325,0.4145237724678929,0.16669731731749735,0.1710620776304139,1.6848831058923093,278.123991076219,0,1,0,1,0,1,0,1,0,1,0,0,1,1
param_20025,real_001,0.7254895484559603,0.43953524694508167,0.11740678998172652,0.134559403300065,1.5985506010742603,101.62458009367876,0,1,0,1,1,1,1,1,0,1,0,1,1,1
param_20025,real_002,0.7359404040661593,0.4386611558707235,0.10154010715393175,0.1150027253090214,2.291576152546464,133.78736927844778,0,1,0,1,0,1,0,1,0,0,0,1,1,1
param_20025,real_003,0.7385499489647959,0.4448547128899627,0.10314887037664222,0.11628989840066115,2.1513744496651745,56.44085592303541,1,1,0,1,1,1,0,1,0,1,0,1,1,1
param_20025,real_004,0.726050018965696,0.5033207017332458,0.12679143083643488,0.14247778134277747,1.7564151334901092,85.80388942236556,0,1,0,1,1,1,0,1,0,1,0,1,1,1
param_20025,real_005,0.7602828172642083,0.4511595475878962,0.17725136980310413,0.18431978867057253,1.4402161372202138,284.88381597248014,0,1,0,1,1,1,0,1,0,1,0,0,1,1
param_20026,real_001,0.7260786224747859,0.4532217657896713,0.12099287298641409,0.1401117557437748,1.5747545913798637,98.70439746826209,0,1,0,1,1,1,1,1,0,1,0,1,1,1
param_20026,real_002,0.737624616435631,0.464744011936294,0.10803985166039455,0.12362838104056183,2.2526485261672398,136.36915232038655,0,1,0,1,0,1,0,1,0,0,0,1,1,1
param_20026,real_003,0.7403500465695306,0.4604442135391769,0.10840111510394776,0.12356213693531369,2.106153705898441,54.89567855907559,1,1,0,1,1,1,0,1,0,1,0,1,1,1
param_20026,real_004,0.7271294058628125,0.5197321708001696,0.13046262545909482,0.14776601143000842,1.7220552576756258,87.72509391782651,0,1,0,1,1,1,0,1,0,1,0,1,1,1
param_20026,real_005,0.7628501168494161,0.4682035171269975,0.18167363396068223,0.19114750434981498,1.4138055655945068,281.30574677907987,0,1,0,1,1,1,0,1,0,1,0,0,1,1
param_20027,real_001,0.7613201961819774,0.5173659417112197,0.14932313418213577,0.18062142523982064,0.8917523213665028,115.33047432775015,1,1,1,1,1,1,1,1,1,1,1,1,1,1
param_20027,real_002,0.7727606647381475,0.5228148690695704,0.12962637302353872,0.15702001211020694,1.3283913377536212,122.33068350802411,1,1,1,1,1,1,0,1,0,0,0,1,1,1
param_20027,real_003,0.7779523101637283,0.53465606217278,0.1312689216436412,0.1577512851777275,1.3072037054593226,59.926729389677675,1,1,1,1,1,1,0,1,0,1,0,1,1,1
param_20027,real_004,0.7602031190818657,0.5838527336983428,0.15295106544086498,0.1806913141903978,1.0380091539031937,77.35386275731548,1,1,1,1,1,1,1,1,1,1,1,1,1,1
param_20027,real_005,0.8046278385294768,0.5612193440324994,0.2217409461645576,0.2442458144236512,0.7642536390051301,316.8607169212059,1,1,1,1,1,1,0,1,0,1,0,0,1,1
param_20028,real_001,0.7981905576136247,0.608193548099868,0.188217862017741,0.23612384371423523,0.6418190241222164,89.21583853007569,1,1,1,1,1,1,1,1,1,1,1,1,1,1
param_20028,real_002,0.8058907374992712,0.6251369270330263,0.17741000862656253,0.219268163621158,1.049803341934514,133.69992154340392,1,1,1,1,1,1,1,1,0,0,0,1,1,1
param_20028,real_003,0.812377370021354,0.6237902158114357,0.17062470700622037,0.21423972228024965,0.9652419680452212,54.91259941370672,1,1,1,1,1,1,1,1,1,1,0,1,1,1
param_20028,real_004,0.7971700780658019,0.6335865819101074,0.18957676464811635,0.2341655353327573,0.7891222123705092,85.58798448465284,1,1,1,1,1,1,1,1,1,1,1,1,1,1
param_20028,real_005,0.8492316666444671,0.65285276038338,0.2694234937598538,0.30996468377112896,0.5515845845356288,292.83460559538946,1,1,1,1,1,1,1,1,0,1,0,0,1,1
param_20029,real_001,0.8264177107654023,0.6834570530105204,0.22523232995453785,0.28019717208988737,0.050327791210708676,138.31910377819617,1,1,1,1,1,1,1,1,1,1,1,1,1,1
param_20029,real_002,0.8327493571621547,0.6760310907751271,0.21349863767874985,0.27037776100332356,0.05637430524623816,123.97127299765907,1,1,1,1,1,1,1,1,1,0,1,1,1,1
param_20029,real_003,0.8294125210271254,0.6809434772380993,0.197017041946272,0.2571741745879604,0.060152715460106664,70.38158970752751,1,1,1,1,1,1,1,1,1,1,1,1,1,1
param_20029,real_004,0.8147428486328288,0.6840201537105242,0.20732350952721013,0.26549821375698124,0.008873024612833609,87.12758872727632,1,1,1,1,1,1,1,1,1,1,1,1,1,1
param_20029,real_005,0.8714238686995083,0.7187013312956901,0.2981247830576958,0.35403154662528524,0.2036335111390022,373.3092860998556,1,1,1,1,1,1,1,1,1,1,1,0,1,1
param_20030,real_001,0.7113236457291698,0.44764737410786465,0.12569827062853353,0.14404323057611065,1.661187929385164,133.2295374585951,0,1,0,1,1,1,0,1,0,1,0,1,1,1
param_20030,real_002,0.712837823531731,0.4452881795496875,0.11844562728840997,0.12619657354170255,2.702628213608502,139.45169040721018,0,1,0,1,0,1,0,1,0,0,0,1,1,1
param_20030,real_003,0.7249414382254871,0.43950469359710753,0.12987510677785571,0.1408285523771575,2.1519958666615637,79.37085111723054,0,1,0,1,1,1,0,1,0,1,0,0,1,1
param_20030,real_004,0.712498777526788,0.5003846156777145,0.14913498403631154,0.1631677201481865,1.5891640764499702,97.42833758907793,0,1,0,1,1,1,0,1,0,1,0,1,1,1
param_20030,real_005,0.7378708453626669,0.44178861813405407,0.18948498694675045,0.19097503973999355,1.6835134339654374,221.7980809167682,0,1,0,1,0,1,0,1,0,1,0,0,1,1
param_20031,real_001,0.7224847289902425,0.47334647704795935,0.13657509198139428,0.15761817194204134,1.3405638585917303,129.06335527440464,0,1,0,1,1,1,1,1,0,1,0,1,1,1
param_20031,real_002,0.7210364264939031,0.4687260122410705,0.1233881674027932,0.13260699250711488,2.406682354850489,133.3806123226758,0,1,0,1,1,1,0,1,0,0,0,1,1,1
param_20031,real_003,0.7354950806741074,0.4677168413537909,0.1385215808976736,0.15046537350682782,1.8899240310893555,82.26077054620846,0,1,0,1,1,1,0,1,0,1,0,0,1,1
param_20031,real_005,0.7483462526223827,0.47581442574847854,0.19913706545301085,0.20264978536690134,1.4718048024786987,230.18213707039524,1,1,0,1,1,1,0,1,0,1,0,0,1,1
param_20032,real_001,0.7239991023406183,0.4829682364534649,0.14037195833016658,0.16355894696925405,1.3211766312180468,131.26252480011303,0,1,0,1,1,1,1,1,0,1,0,1,1,1
param_20032,real_002,0.7222995489054647,0.4928874687179007,0.12934364848103672,0.14024516385972316,2.3662550615403117,134.59395405195568,0,1,0,1,1,1,0,1,0,0,0,1,1,1
param_20032,real_003,0.7393856420264955,0.4857198372073755,0.14460954254834638,0.15920572243981426,1.8445584222705764,80.5507298422988,0,1,0,1,1,1,0,1,0,1,0,0,1,1
param_20032,real_004,0.7252960968169205,0.5462050179920347,0.16268111714149114,0.1801543790600695,1.356988049727582,94.1662545133414,0,1,0,1,1,1,1,1,0,1,0,1,1,1
param_20032,real_005,0.7521071639064352,0.49034248180154516,0.2052684192283466,0.2111090902517897,1.4427136159219214,228.52955370755407,1,1,0,1,1,1,0,1,0,1,0,0,1,1
param_20033,real_002,0.7508542966724735,0.5387488483204451,0.14212276284127717,0.1646037613350969,1.5747688627895924,125.2440282704208,1,1,0,1,1,1,0,1,0,0,0,1,1,1
param_20033,real_003,0.7739906662900387,0.5531401645193113,0.1659651918109673,0.18814203344864733,1.2469171168221749,88.32226269332095,1,1,0,1,1,1,0,1,0,1,0,0,1,1
param_20033,real_004,0.75621574295268,0.6035358754062797,0.1829991962056104,0.20697036601182758,0.9547519784307362,90.39412686026117,0,1,0,1,1,1,1,1,1,1,1,1,1,1
param_20033,real_005,0.7919872233246537,0.5792479634880577,0.23763930781542528,0.25697909420519816,0.8742786661380556,263.2919218122516,1,1,0,1,1,1,0,1,0,1,0,0,1,1
param_20034,real_001,0.8033041158193016,0.6366038773741853,0.20756886074027173,0.2612198803331416,0.5496374169502511,123.91017104804904,1,1,1,1,1,1,1,1,1,1,1,1,1,1
param_20034,real_002,0.7886154878173367,0.623723182214624,0.19204023219927382,0.23167031428199944,1.1471550952563612,125.79474903445372,1,1,0,1,1,1,1,1,0,0,0,1,1,1
param_20034,real_003,0.8167712297730817,0.6426055152457576,0.21209156281055133,0.25725901573653565,0.8629562188266963,80.95391043483312,1,1,1,1,1,1,0,1,1,1,0,0,1,1
param_20034,real_004,0.809189723430527,0.661186941069985,0.22688990770981943,0.27261655500952003,0.6603371501272265,89.60180630068729,1,1,1,1,1,1,1,1,1,1,1,1,1,1
param_20034,real_005,0.8480648440207524,0.6833684733390706,0.2994151338231487,0.34097216525360013,0.5460381289212956,263.8846404113502,1,1,1,1,1,1,0,1,0,1,0,0,1,1
param_20035,real_001,0.8235084735083206,0.6875068871202259,0.24012312138401407,0.29567089717486217,0.034775434016623495,91.14061559064197,1,1,1,1,1,1,1,1,1,1,1,1,1,1
param_20035,real_002,0.8166929579736322,0.6697458217344043,0.21721236982560796,0.27772101930062054,0.17493668051998937,148.9581418053786,1,1,1,1,1,1,1,1,1,0,1,1,1,1
param_20035,real_003,0.8335195471814408,0.6927757057298355,0.23173855098401475,0.29147406822607,0.09001813200629988,107.93143636875882,1,1,1,1,1,1,1,1,1,1,1,0,1,1
param_20035,real_004,0.819704222172694,0.6953120724389223,0.2388186092263674,0.2947913307981143,0.058965533563695625,119.21042448652557,1,1,1,1,1,1,1,1,1,1,1,1,1,1
param_20035,real_005,0.8694873202097128,0.7304135107749121,0.3224664473652631,0.3781981609366599,0.12970791174625684,342.46932269359286,1,1,1,1,1,1,1,1,1,1,1,0,1,1
param_20036,real_001,0.7402050594031548,0.32434546647386897,0.062498080536089115,0.07763676224801717,2.3729055180278973,63.83962788767364,0,1,0,1,0,1,0,1,0,1,0,1,1,1
param_20036,real_002,0.7490467616233739,0.3947464046659997,0.08604570071254228,0.09323573067698682,2.6153949279410122,243.63187219928278,0,1,0,1,0,1,0,1,0,1,0,0,1,1
param_20036,real_003,0.7637332883987576,0.36100490115336603,0.08438426367943144,0.09568972792488299,2.2302422424215287,122.10136596214804,0,1,0,1,0,1,0,1,0,1,0,0,1,1
param_20036,real_004,0.7663275478072255,0.3702752738909044,0.0730311169819929,0.08700984129921718,2.4912390348429723,200.73309199025198,0,1,0,1,0,1,0,1,0,1,0,1,0,1
param_20036,real_005,0.7705387358308375,0.4133685134580793,0.09784922110233937,0.11217304823695139,2.234490168690233,464.2104446386281,0,1,0,1,0,1,0,1,0,1,0,1,0,1
param_20037,real_001,0.7465199042335822,0.3497220089313853,0.06623387979564184,0.08351062944551055,2.1311792491245214,62.68532063413233,0,1,0,1,0,1,0,1,0,1,0,1,1,1
param_20037,real_002,0.7574902525571322,0.4183248670458547,0.09113026341215504,0.10034125566430806,2.328677226908044,242.56507389070788,0,1,0,1,0,1,0,1,0,1,0,0,1,1
param_20037,real_003,0.772010357062721,0.39227100688436667,0.0903181399978707,0.1041853460879211,1.999064624082812,122.00892906723347,0,1,0,1,0,1,0,1,0,1,0,0,1,1
param_20037,real_004,0.7731996350518642,0.38982499837496243,0.07849598941572226,0.09471107721352671,2.2213823783828315,199.82890476790834,0,1,0,1,0,1,0,1,0,1,0,1,0,1
param_20037,real_005,0.7798574028485566,0.4412016928998026,0.10499458195089936,0.12136665988439896,1.9767032532384061,462.3991001544951,0,1,0,1,0,1,0,1,0,1,0,1,0,1
param_20038,real_001,0.7460421598862994,0.3718612610003169,0.0707644205593562,0.08979909113092582,2.0317982888459567,67.84611853302988,0,1,0,1,0,1,0,1,0,1,0,1,1,1
param_20038,real_002,0.7579964001036228,0.44648429439954085,0.0984657191141726,0.10923528713095339,2.2391848337437192,246.82817998404332,0,1,0,1,0,1,0,1,0,1,0,0,1,1
param_20038,real_003,0.7721399553345027,0.4130501191621845,0.09524371080350949,0.11033499919795467,1.9006071328052752,126.17055536602683,0,1,0,1,0,1,0,1,0,1,0,0,1,1
param_20038,real_004,0.771215761399795,0.4025526770301518,0.08070861983813708,0.0980952183619163,2.1217891144242857,203.01416598261682,0,1,0,1,0,1,0,1,0,1,0,1,0,1
param_20038,real_005,0.7784357125474866,0.45510762344260386,0.10771091130542935,0.12717136934098539,1.8812044179858731,467.56465704172,0,1,0,1,0,1,0,1,0,1,0,1,1,1
param_20039,real_001,0.7806286655222097,0.4525222690469634,0.08915605331537556,0.11947394716235982,1.234522339266255,60.83927544098155,1,1,1,1,1,1,1,1,0,1,0,1,1,1
param_20039,real_002,0.7953306934494152,0.5095094695068036,0.12164488799152347,0.1424849140467437,1.3678149145399203,241.12862246304104,1,1,1,1,1,1,1,1,0,1,0,0,1,1
param_20039,real_003,0.8086402445996237,0.49806208987554434,0.1180059602664247,0.14552939632587283,1.1029296020988195,117.87952667900751,1,1,1,1,1,1,1,1,0,1,0,0,1,1
param_20039,real_004,0.80551056805757,0.46291441642173675,0.11024136969539658,0.1402174026893211,1.2631198182686325,196.69943447980867,1,1,1,1,1,1,1,1,0,1,0,1,0,1
param_20040,real_001,0.8061361718401525,0.557440243286772,0.1271340084010563,0.17223491152184522,0.8892546957728831,103.70561035441888,1,1,1,1,1,1,1,1,0,1,0,1,1,1
param_20040,real_002,0.8134756317367972,0.6109746961871968,0.1596779198572719,0.1922996436887246,1.0340800522954694,276.9384795709831,1,1,1,1,1,1,1,1,0,1,0,0,1,1
param_20040,real_003,0.8351750761885978,0.5938040301767985,0.1693867373365159,0.21180473020085594,0.8108362513648857,159.81194445330988,1,1,1,1,1,1,1,1,0,1,0,0,1,1
param_20040,real_004,0.8119180109847948,0.5407156219488879,0.1262169918264201,0.16719619135193808,0.9366665428475911,224.92404861115713,1,1,1,1,1,1,1,1,0,1,0,1,1,1
param_20040,real_005,0.8261447037435774,0.5851498018108224,0.15213017762859782,0.19580942204121754,0.7936413360820811,501.5463313030883,1,1,1,1,1,1,1,1,0,1,0,1,1,1
param_20041,real_001,0.8029397788461284,0.6294585525102947,0.1406634593453973,0.19349204595846337,0.05813219992283336,60.125924002638556,1,1,1,1,1,1,1,1,1,1,1,1,1,1
param_20041,real_002,0.8339043036715293,0.6820883504936197,0.18077685702430077,0.22460603193427456,0.014441642607413905,235.1754845655162,1,1,1,1,1,1,1,1,1,1,1,0,1,1
param_20041,real_003,0.8238192392058875,0.6518780184532728,0.16669384065176243,0.2127364989002583,0.12703445104611624,111.37175523325469,1,1,1,1,1,1,1,1,1,1,1,0,1,1
param_20041,real_004,0.8789190404590441,0.6966735682962414,0.2314361926778788,0.2927523982252484,0.05366045498547919,186.8210609330671,1,1,1,1,1,1,1,1,1,1,1,1,1,1
param_20041,real_005,0.851085455377977,0.6820179645132453,0.19210226060644742,0.24257911851155328,0.08737198881929581,450.9385832657603,1,1,1,1,1,1,1,1,1,1,1,1,1,1
param_20042,real_001,0.7586558706748585,0.4559188423873919,0.11099531719009152,0.12136038669338134,2.4753492290053116,264.0475198750132,0,1,0,1,0,1,0,1,0,0,0,1,1,1
param_20042,real_002,0.6927442228619652,0.38057696615002423,0.06306788193039646,0.07858041255961548,3.001617981458807,104.3677912130944,0,1,0,1,0,1,0,1,0,1,0,1,1,1
param_20042,real_003,0.7037759783444646,0.4092177161528187,0.08497146397365749,0.09830382857626137,2.7156958065607033,56.11763097216503,0,1,0,1,0,1,0,1,0,1,0,1,1,1
param_20042,real_004,0.6948671395564623,0.3624504635552338,0.06899525044189085,0.08769208184998548,2.185682550483319,27.883843712385207,0,1,0,1,1,1,0,1,0,1,0,1,1,1
param_20042,real_005,0.7089772763523482,0.38209574181511846,0.06721663891142236,0.08076613353075306,2.5678643336031715,256.1496343505147,0,1,0,1,0,1,0,1,0,1,0,1,1,1
param_20043,real_001,0.7687128896641404,0.48651554550873405,0.12052561883307115,0.13324169168330208,2.077366152826123,254.89233712297917,0,1,0,1,0,1,0,1,0,0,0,1,1,1
param_20043,real_002,0.7020696133649813,0.41087659847705926,0.06902456506695526,0.08680451579529778,2.6008735686459685,108.31062501409347,0,1,0,1,0,1,0,1,0,1,0,1,1,1
param_20043,real_003,0.7149806574483365,0.4386188700234392,0.09123296105811873,0.10775180986631837,2.3429109302502473,54.984413635787476,0,1,0,1,0,1,0,1,0,1,0,1,1,1
param_20043,real_004,0.7049313266167734,0.3890022587952097,0.07570099221788276,0.0968036701630973,1.8566634363447112,23.399366363631955,0,1,1,1,1,1,0,1,0,1,0,1,1,1
param_20043,real_005,0.718000739594998,0.40824401369368474,0.07214388945577146,0.08820209287667392,2.242821567369732,259.9979959389768,0,1,0,1,0,1,0,1,0,1,0,1,1,1
param_20044,real_001,0.7689853030233119,0.49745306811197365,0.12450103263215764,0.13853116494380902,2.052322235922729,258.5383003965627,0,1,0,1,0,1,0,1,0,0,0,1,1,1
param_20044,real_002,0.7009700394467845,0.41859835221807273,0.07107198665171387,0.0895966280589419,2.562602195748657,103.15319390666515,0,1,0,1,0,1,0,1,0,1,0,1,1,1
param_20044,real_003,0.7153664529435673,0.4528448850122231,0.09416252274196563,0.1121453127232927,2.2923869276149453,56.5760273090291,0,1,0,1,0,1,0,1,0,1,0,1,1,1
param_20044,real_004,0.7046974217711538,0.4009491081954877,0.07893993699715185,0.10127295116260876,1.811207459866132,27.66266965501282,0,1,1,1,1,1,0,1,0,1,0,1,1,1
param_20044,real_005,0.716946724725086,0.4196807980304246,0.07517581035128888,0.09261893649018361,2.197518462711833,254.08092544319635,0,1,0,1,0,1,0,1,0,1,0,1,1,1
param_20045,real_001,0.8051293554812686,0.5908514466087558,0.1526650570209226,0.18097605165124356,0.9816942187354067,233.23530928972468,1,1,0,1,1,1,0,1,1,0,0,1,1,1
param_20045,real_002,0.7309549627969105,0.48898993390103157,0.09392184295184833,0.1227597076189842,1.5449918651704142,120.0821272386085,1,1,1,1,1,1,1,1,0,1,0,1,1,1
param_20045,real_003,0.7555123731396782,0.5258318451874404,0.11976204371395971,0.14918832834612594,1.3156473517130551,53.43260446673873,1,1,1,1,1,1,1,1,1,1,0,1,1,1
param_20045,real_004,0.7366912193654146,0.4686996258689701,0.09982980492275326,0.1326738590801766,1.0508529169243455,16.497296338430022,1,1,1,1,1,1,1,1,0,1,0,1,1,1
param_20045,real_005,0.7527402594345027,0.486941300431155,0.09523694010677707,0.12205428169810674,1.4054886155310187,262.7838733796569,1,1,1,1,1,1,1,1,0,1,0,1,1,1
param_20046,real_001,0.8309455034126232,0.6358384399164541,0.1815943731292453,0.22468145425771868,0.8118671773977114,248.54765460530575,1,1,1,1,1,1,1,1,0,0,0,1,1,1
param_20046,real_002,0.7571922913052416,0.5499536977472003,0.1189968705440028,0.1605273615653978,1.2019852012272152,87.3732535056265,1,1,1,1,1,1,1,1,0,1,0,1,1,1
param_20046,real_003,0.7840064693337696,0.5900322257156191,0.15049938922016237,0.19457910017497235,1.0306450122441435,64.62042676831773,1,1,1,1,1,1,1,1,1,1,0,1,1,1
param_20046,real_004,0.770735073535808,0.5543577124430663,0.1352273478817605,0.18324810200433944,0.7816816279017708,44.80242649149616,1,1,1,1,1,1,1,1,0,1,0,1,1,1
param_20046,real_005,0.7817256219934577,0.5709656034492541,0.12492791691389185,0.1635411989165506,1.0808294796988112,221.7284757067663,1,1,1,1,1,1,1,1,0,1,0,1,1,1
param_20047,real_001,0.8344393906438009,0.6995528699947675,0.17769017610257823,0.22880252977368967,0.06087737268738065,187.19124401453695,1,1,1,1,1,1,1,1,1,0,1,1,1,1
param_20047,real_002,0.8160178948897872,0.6818637158932629,0.18884783180919473,0.2520938892791027,0.13827074496535768,144.0585229718654,1,1,1,1,1,1,1,1,1,1,1,1,1,1
param_20047,real_003,0.8258735273833747,0.6869084031162742,0.2005922463864676,0.2656425404825831,0.0449552409144406,56.04913205705451,1,1,1,1,1,1,1,1,1,1,1,1,1,1
param_20047,real_004,0.8063941688159083,0.6579922241631919,0.17527598727962304,0.23872568737937594,0.009807591050097379,23.881903914879153,1,1,1,1,1,1,1,1,1,1,1,1,1,1
param_20047,real_005,0.8304381299508288,0.676590156749711,0.18125700264732228,0.24153976550923661,0.06521200252841367,254.27122834004393,1,1,1,1,1,1,1,1,1,1,1,1,1,1
param_20048,real_001,0.6953528639354818,0.3765686888315317,0.10342492495903077,0.11336050402123035,2.4480764342004915,287.3940956799258,0,1,0,1,0,1,0,1,0,1,0,1,1,1
param_20048,real_002,0.711341751819532,0.42064423120557415,0.12448164480503163,0.12648529393210262,2.645050172233039,38.29507095129717,0,1,0,1,0,1,0,1,0,0,0,0,1,1
param_20048,real_003,0.7212971423619632,0.39321190847268306,0.1331326525862145,0.13562505095016328,2.2723494894230165,114.89020067211875,0,1,0,1,0,1,0,1,0,1,0,1,1,1
param_20048,real_004,0.7202607216522413,0.4453020731442111,0.12576820359453278,0.1400687546863001,2.1502495167018836,221.1850406159979,0,1,0,1,0,1,0,1,0,1,0,1,1,1
param_20048,real_005,0.6883791577334903,0.36549098639882593,0.08295869764637048,0.09347001554930735,2.8581566555390974,274.63209023233185,0,1,0,1,0,1,0,1,0,1,0,1,1,1
param_20049,real_001,0.7042086736822164,0.4008363780961251,0.1091714544270382,0.12166842075363299,2.1366930044324532,290.671932317561,0,1,0,1,0,1,1,1,0,1,0,1,1,1
param_20049,real_002,0.7198256209356276,0.44750989165951965,0.131522911144591,0.13561664436444887,2.2375124709012306,44.63142862520857,0,1,0,1,0,1,0,1,0,0,0,0,1,1
param_20049,real_003,0.7314574172783256,0.4196784228345916,0.1423732723257619,0.1464236217988753,2.010913632433471,121.5556596186837,0,1,0,1,0,1,0,1,0,1,0,1,1,1
param_20049,real_004,0.7336900768713827,0.47424086904466056,0.14219300989942257,0.15771408202099646,1.7121458430097538,222.44130101815503,1,1,0,1,1,1,0,1,0,1,0,1,1,1
param_20049,real_005,0.6988685569833416,0.39572407957367284,0.08955734725232917,0.10245539712600574,2.4815465028129116,278.7427010509876,0,1,0,1,1,1,0,1,0,1,0,1,1,1
param_20050,real_001,0.7069476733254509,0.42347246934087884,0.11677838481514025,0.1307743960244535,2.0863151108330014,286.4612401822865,0,1,0,1,0,1,1,1,0,1,0,1,1,1
param_20050,real_002,0.7225985312575104,0.4646740423924134,0.13790650252819817,0.1443576597114539,2.2021577527794225,43.11894438655426,0,1,0,1,0,1,0,1,0,0,0,0,1,1
param_20050,real_003,0.7331695790211569,0.4369342347086967,0.15166487106130913,0.1570195916426539,1.978748075351189,117.04179910063816,0,1,0,1,0,1,0,1,0,1,0,1,1,1
param_20050,real_004,0.7350264633158838,0.48542465497878695,0.14483775091204987,0.16263837205235127,1.686926011848841,221.77931093279196,1,1,0,1,1,1,0,1,0,1,0,1,1,1
param_20050,real_005,0.7001768134248733,0.40984450242257914,0.09410810156833176,0.1081778612616485,2.4396877956480605,274.44217201049156,0,1,0,1,1,1,0,1,0,1,0,1,1,1
param_20051,real_001,0.7353650257257976,0.4849446578072403,0.13694731299386234,0.16134210923870376,1.278349360993295,301.7838811737483,1,1,0,1,1,1,1,1,0,1,0,1,1,1
param_20051,real_002,0.7592458614849831,0.5406945206537757,0.1618008137232851,0.18008354395479234,1.2705476257113537,60.91188900925843,1,1,1,1,1,1,0,1,0,0,0,0,1,1
param_20051,real_003,0.7729772031989016,0.5062342208928189,0.17604352222897302,0.1951169830976923,1.2345601551470904,137.97338544034224,1,1,1,1,1,1,0,1,0,1,0,1,1,1
param_20051,real_004,0.7763361374555865,0.5506143807396553,0.2012605626677302,0.23072772097737773,0.8701558663392762,231.62860601969274,1,1,1,1,1,1,1,1,0,1,0,1,1,1
param_20051,real_005,0.7365672828261429,0.49394012338808335,0.11850404511424735,0.14506838563744368,1.5126484774314304,285.47442870772056,0,1,1,1,1,1,1,1,0,1,0,1,1,1
param_20052,real_001,0.7860680533918385,0.6040931455197569,0.2009680974888765,0.2404179762332035,0.9383931974085366,274.42240867338063,1,1,1,1,1,1,1,1,0,1,0,1,1,1
param_20052,real_002,0.8062181331241604,0.6272079969362108,0.21525612984932135,0.2567610533972896,0.8857164994382676,55.80671814735145,1,1,1,1,1,1,1,1,0,0,0,0,1,1
param_20052,real_003,0.8182535281984206,0.6240286415720134,0.22796214098628165,0.2693143125938271,0.8759412447775131,111.91370886444119,1,1,1,1,1,1,1,1,0,1,0,1,1,1
param_20052,real_004,0.8239151104588548,0.6547486657015373,0.23321367460384893,0.2861873598611606,0.58727390107712,229.7784428855598,1,1,1,1,1,1,1,1,1,1,0,1,1,1
param_20052,real_005,0.7795202666221299,0.5852563826801045,0.1572004702329782,0.19828328141656873,1.1213881966814563,258.7499669444726,0,1,1,1,1,1,1,1,0,1,0,1,1,1
param_20053,real_001,0.8341223292869816,0.6769038283307252,0.2538605913852508,0.31580651477233873,0.14914782756040046,306.5118961369766,1,1,1,1,1,1,1,1,1,1,1,1,1,1
param_20053,real_002,0.8213437875878887,0.6818050738865721,0.23595084034189842,0.2884744900037516,0.01103902260629292,106.05010329159812,1,1,1,1,1,1,1,1,1,0,1,0,1,1
param_20053,real_003,0.851928148179379,0.7007183148599827,0.28486717421161406,0.34662563686731973,0.05030787132433153,144.4896871646281,1,1,1,1,1,1,1,1,1,1,1,1,1,1
param_20053,real_004,0.86102196372607,0.7283232399590363,0.29907409762922305,0.37132881216874414,0.08353006572278716,258.6632728613945,1,1,1,1,1,1,1,1,1,1,1,1,1,1
param_20053,real_005,0.8164424321509298,0.6703390456189336,0.20940253373376871,0.2686041254979434,0.14999275142665103,278.955423900972,1,1,1,1,1,1,1,1,1,1,1,1,1,1
param_20054,real_001,0.7991357518202371,0.4499714847140009,0.13713681850295256,0.14396738301879844,2.2185781125185438,28.404370270146586,0,1,0,1,0,1,0,1,0,0,0,1,0,0
param_20054,real_002,0.785317756799267,0.44562141671918454,0.08380792742496485,0.09503107245441289,2.4872478632478634,309.9297138402664,0,1,0,1,0,1,0,1,0,0,0,0,1,1
param_20054,real_003,0.7782641075628011,0.4452500303892166,0.07859165288628102,0.08914735619838604,2.7339449541284404,255.08079725117773,0,1,0,1,0,1,0,1,0,1,0,1,1,1
param_20054,real_004,0.7587080737096223,0.4364198908130733,0.07339172765271566,0.08813609116850701,2.863523350879158,175.60408796280632,0,1,0,1,0,1,0,1,0,1,0,1,0,1
param_20054,real_005,0.7642462398047509,0.36623903483117265,0.06548427613098873,0.07815559256325447,2.5809595373090146,138.5153174564816,0,1,0,1,0,1,0,1,0,1,0,1,0,1
param_20055,real_001,0.8054353270947773,0.4634897493493701,0.14365009954760266,0.15264948572187406,1.986994831822418,27.64170557251019,0,1,0,1,0,1,0,1,0,0,0,1,0,0
param_20055,real_002,0.7902646367384311,0.4559970590183993,0.08771266676061583,0.10098762399998495,2.2539290955105167,308.8271884205958,0,1,0,1,0,1,0,1,0,0,0,0,1,1
param_20055,real_003,0.7830798774061715,0.45562410136715625,0.08240884361904181,0.09487089785479298,2.482108287016799,254.72537720917242,1,1,0,1,1,1,0,1,0,1,0,1,1,1
param_20055,real_004,0.7633008645007132,0.4450663747239595,0.07723155393278056,0.09398354010213314,2.5845178719867,174.4492812500623,0,1,0,1,0,1,0,1,0,1,0,1,0,1
param_20055,real_005,0.7689107037534824,0.3725665393131001,0.06936648509563685,0.08404655848071892,2.3281484773453536,139.61620209845228,0,1,0,1,0,1,0,1,0,1,0,1,0,1
param_20056,real_001,0.8051925591307133,0.4949235556045602,0.14905410597733285,0.1618522720164763,1.886246418338109,32.82750379541898,0,1,0,1,0,1,0,1,0,0,0,1,0,0
param_20056,real_002,0.7905669685348549,0.4860734869247071,0.09626601413992972,0.11142414990395498,2.1511924867158214,313.37982805386923,0,1,0,1,0,1,0,1,0,0,0,0,1,1
param_20056,real_003,0.7830837678365725,0.47643354735266613,0.08799151344756259,0.10291686538504323,2.3626897175595536,260.1629472879966,1,1,0,1,1,1,0,1,0,1,0,1,1,1
param_20056,real_004,0.7622224597581231,0.46877182846450716,0.07963550217341933,0.09754528477836256,2.4656125052741555,179.4801838194112,0,1,0,1,0,1,0,1,0,1,0,1,1,1
param_20056,real_005,0.7687521887398086,0.39709721528822195,0.07339177463560885,0.08959924573686917,2.2188177985181547,134.62341436190792,0,1,0,1,0,1,0,1,0,1,0,1,1,1
param_20057,real_001,0.8443427193622193,0.5531225003674889,0.18205459774186047,0.20846432891353267,1.0881320796623972,26.13835129860472,1,1,1,1,1,1,1,1,0,0,0,1,0,0
param_20057,real_002,0.8219980273890579,0.5359170674727984,0.11752647687364771,0.1444509732465692,1.2926606329417405,303.69868280280446,1,1,1,1,1,1,1,1,0,0,0,0,0,1
param_20057,real_003,0.8179617727522449,0.5394166277618966,0.10697213637556263,0.13379114107624943,1.4536053743252757,255.85695481858008,1,1,1,1,1,1,1,1,0,1,0,1,0,1
param_20057,real_004,0.7949921463935575,0.5194152787271592,0.10028545680645973,0.1285442695919749,1.4787244743989538,170.90153273848517,1,1,1,1,1,1,1,1,0,1,0,1,1,1
param_20057,real_005,0.8025805768566978,0.4678638243362166,0.09454675016152207,0.12177944411378197,1.3304387771735104,143.33421388502023,1,1,1,1,1,1,1,1,0,1,0,1,0,1
param_20058,real_001,0.8498299976904167,0.6299636690299392,0.180653710900324,0.21574282893627206,0.7377942082563155,69.19085018556058,1,1,1,1,1,1,1,1,0,0,0,1,1,0
param_20058,real_002,0.8337533047537476,0.6315717348053349,0.14414336974518752,0.18393227799751607,0.9464297072779778,342.2675580436131,1,1,1,1,1,1,1,1,0,0,0,0,1,1
param_20058,real_003,0.8344880576332416,0.6160063378514407,0.13321554542047745,0.1738912274403539,1.0590219224283306,300.10554978660093,1,1,1,1,1,1,1,1,0,1,0,1,1,1
param_20058,real_004,0.8050324429620886,0.582220730836705,0.11817146227596241,0.15688181126253886,1.169293071573202,209.95327359278588,1,1,1,1,1,1,1,1,0,1,0,1,1,1
param_20058,real_005,0.8229218153284932,0.5624363003823148,0.12769284381177212,0.1684458466500181,0.9988179819265623,103.22950183955368,1,1,1,1,1,1,1,1,0,1,0,1,1,1
param_20059,real_001,0.8794723947520515,0.718956788047218,0.2138700214616261,0.2511475043109955,0.1456474194701417,24.304455660958816,1,1,1,1,1,1,1,1,1,0,1,1,1,0
param_20059,real_002,0.8383933660254228,0.6815242774666613,0.1559003622313237,0.19763449135335043,0.05206713463480518,291.93929751346485,1,1,1,1,1,1,1,1,1,0,1,0,1,1
param_20059,real_003,0.8343203769254309,0.6748351440989672,0.14094827084951247,0.19175294323854508,0.021308162430473725,258.13935464542715,1,1,1,1,1,1,1,1,1,1,1,1,1,1
param_20059,real_004,0.8284721964360849,0.6685295331790608,0.147557572250146,0.2027454993747827,0.056161405872087684,150.69784476508974,1,1,1,1,1,1,1,1,1,1,1,1,1,1
param_20060,real_001,0.7759450271357656,0.4591241222297324,0.12699075121436043,0.1399535307922083,1.9305651444915672,207.4705964672072,0,1,0,1,1,1,0,1,0,0,0,1,0,0
param_20060,real_002,0.7652460345178045,0.5055445867271773,0.1063199993765039,0.12017325570063113,2.131015513693209,283.93624816387825,1,1,1,1,0,1,0,1,0,1,0,0,1,1
param_20060,real_003,0.7404226237626627,0.46942828987174023,0.08283069558121081,0.09594169959621518,2.4574683113890097,99.6278600022195,1,1,0,1,1,1,0,1,0,1,0,1,0,1
param_20060,real_004,0.729039896937102,0.4866300529075541,0.10311650906493125,0.11853161354955093,2.173490046114048,49.948441296586104,0,1,0,1,1,1,0,1,0,1,0,1,0,1
param_20060,real_005,0.7323780549246887,0.40461599135497467,0.06153151961379216,0.07789909082118836,2.631112743897461,137.98219092805894,1,1,0,1,0,1,0,1,0,1,0,1,0,1
param_20061,real_001,0.7848311352458365,0.4774719011004596,0.13441963219609673,0.14968297864158234,1.69823828550672,205.69594317188347,0,1,0,1,1,1,1,1,0,0,0,1,0,0
param_20061,real_002,0.7720550322783261,0.5162375937432769,0.11166000680047887,0.12735275870906093,1.9026985379097796,279.35629955093765,1,1,1,1,0,1,1,1,0,1,0,0,1,1
param_20061,real_003,0.7464176978309546,0.48543965196372535,0.08754650756060833,0.10257925551630369,2.220226261062336,99.72826791203117,1,1,0,1,1,1,0,1,0,1,0,1,0,1
param_20061,real_004,0.7346077906146476,0.4997025642693235,0.10743537578496636,0.12536838960311417,1.9585816396078364,53.50352513141413,0,1,0,1,1,1,0,1,0,1,0,1,0,1
param_20061,real_005,0.7378495742628285,0.416359648462271,0.0653402535374669,0.0837537099918703,2.346563334712765,138.25409825738112,1,1,0,1,1,1,0,1,0,1,0,1,0,1
param_20062,real_001,0.7869161880271355,0.5100580571490408,0.14164788325573202,0.1601204779999584,1.6123615262880253,209.85831211800553,0,1,0,1,1,1,1,1,0,0,0,1,0,0
param_20062,real_002,0.7730581466552482,0.5431919063589294,0.11824907073008716,0.13713656148042508,1.814961750578189,284.09975129035365,1,1,1,1,0,1,1,1,0,1,0,0,1,1
param_20062,real_003,0.7504562637784358,0.5100187468487348,0.0916992936022351,0.10927077415132588,2.1230782356454228,100.73675341594557,1,1,0,1,1,1,0,1,0,1,0,1,0,1
param_20062,real_004,0.7351519272553954,0.5113804876531319,0.10986500999741987,0.1292457228432646,1.904672031295575,49.06000227383021,0,1,0,1,1,1,0,1,0,1,0,1,0,1
param_20062,real_005,0.7392340111619933,0.43985964977253744,0.06860325492135415,0.08846342442478707,2.277392970304325,136.59469327722843,1,1,0,1,1,1,0,1,0,1,0,1,0,1
param_20063,real_001,0.8211339918541021,0.5660854646354049,0.1685141185324876,0.19891806219414865,1.0102430179692574,201.329343547616,1,1,1,1,1,1,1,1,0,0,0,1,0,0
param_20063,real_002,0.800752506915241,0.5866186303241552,0.1361119268673064,0.16455855299602182,1.1607423288587855,258.08582807132603,1,1,1,1,1,1,1,1,0,1,0,0,1,1
param_20063,real_003,0.782610018417947,0.5680434853538759,0.11027796928290896,0.137077375065131,1.3216002638355087,100.98692977034821,1,1,1,1,1,1,0,1,0,1,0,1,0,1
param_20063,real_004,0.7646396186445774,0.5646579324882621,0.12790751508481102,0.1559049455737415,1.192687286291576,72.89275000793614,1,1,1,1,1,1,1,1,1,1,0,1,0,1
param_20063,real_005,0.7626921041279179,0.4846461246013644,0.08079320667490181,0.1091768473834201,1.4900278520343182,139.8788061861217,1,1,1,1,1,1,0,1,0,1,0,1,0,1
param_20064,real_001,0.8459736222796616,0.6705025767615885,0.19588196974527375,0.2419670071046329,0.6046855760298978,234.91062532666731,1,1,1,1,1,1,1,1,1,0,1,1,1,0
param_20064,real_002,0.8211875224273325,0.6745139176513132,0.1649174112371094,0.21020866232593094,0.8509779607879837,291.90078520536764,1,1,1,1,1,1,1,1,0,1,0,0,1,1
param_20064,real_003,0.813704196953987,0.6510013443267885,0.14081024054311478,0.18470260656934506,0.9611263500771473,112.84016975689104,1,1,1,1,1,1,0,1,1,1,0,1,1,1
param_20064,real_004,0.797223599357278,0.6174567409325863,0.15625326181345633,0.2001669040152079,0.8603421940418238,41.191532958539916,1,1,1,1,1,1,1,1,1,1,1,1,1,1
param_20064,real_005,0.7914134105680571,0.5835352615491659,0.11217333414249947,0.1544960581803002,1.106391039757524,126.66985602872239,1,1,1,1,1,1,1,1,0,1,0,1,1,1
param_20065,real_002,0.8260670237678701,0.6913975500981647,0.17487223038021094,0.22305702248261874,0.040863850753534145,232.06855957441172,1,1,1,1,1,1,1,1,1,1,1,0,1,1
param_20065,real_003,0.8150231254832775,0.678722110377032,0.14410976200987372,0.1999128254468677,0.17380569112469296,113.73659893489818,1,1,1,1,1,1,1,1,1,1,0,1,1,1
param_20065,real_004,0.8155383910552804,0.6738938306051953,0.17988990023678336,0.23891584414905098,0.06781168397017825,121.09127782697918,1,1,1,1,1,1,1,1,1,1,1,1,1,1
param_20065,real_005,0.8064599503848031,0.6332643449578971,0.1349377870172392,0.19371038075194158,0.18726184358921313,140.95028440542814,1,1,1,1,1,1,1,1,1,1,0,1,1,1
param_20066,real_001,0.6796020508286401,0.4129881738553573,0.06686322892764256,0.10160509035993501,1.431800431128745,474.0408874564305,1,1,1,0,1,1,1,1,0,1,0,1,1,1
param_20066,real_002,0.6965352607188972,0.4417902869315762,0.09143366517809923,0.11700607898794681,1.6305901116427433,355.5854671527495,0,1,1,1,0,1,1,1,0,1,1,1,1,1
param_20066,real_003,0.698244548758466,0.4471550637816868,0.06727221491350878,0.08537276799725778,2.2222965227359572,69.67487603467474,1,1,1,1,0,1,1,1,0,1,1,1,0,1
param_20066,real_004,0.6775146764064172,0.4018598595669596,0.055115411327354986,0.07441367853169605,2.647105318964354,190.50860878662468,1,1,0,1,1,1,0,1,0,1,0,1,1,1
param_20066,real_005,0.7846493104811735,0.5722279502682988,0.21129788492297788,0.22832833518957515,1.315038095681455,298.8529011985271,1,1,0,1,1,1,0,1,0,1,0,1,0,1
param_20067,real_001,0.6843460022454775,0.4233826718337039,0.07068072488274071,0.1076471407180246,1.2245577434197366,476.43546921326566,1,1,1,0,1,1,1,1,1,1,0,1,1,1
param_20067,real_002,0.7043241315012304,0.45211834757939945,0.09788174871424271,0.12619140007352822,1.43253447385886,350.6403527183269,1,1,1,1,1,1,1,1,0,1,1,1,1,1
param_20067,real_003,0.7044991631333786,0.4545022843969103,0.07099124904811682,0.09059730135369351,2.0642724120701925,70.27544945681576,1,1,1,1,0,1,1,1,0,1,1,1,0,1
param_20067,real_004,0.6844407676308086,0.4142864722152407,0.05878141264570914,0.08076729780732067,2.33902253913903,194.8427348204267,1,1,0,1,1,1,0,1,0,1,0,1,1,1
param_20067,real_005,0.7954192832945417,0.5987991483982477,0.22363467908215962,0.24466707545483282,1.1273064309140168,293.503145075928,1,1,0,1,1,1,0,1,1,1,0,1,0,1
param_20068,real_001,0.6848115825871445,0.43553026531241273,0.07443165492305559,0.11328668428611356,1.1955378171407618,471.5383600631768,1,1,1,0,1,1,1,1,1,1,0,1,1,1
param_20068,real_002,0.7059530896736006,0.47467009030742224,0.10177992512566758,0.13282382655920247,1.386393888535216,355.5293226734238,1,1,1,1,1,1,1,1,0,1,1,1,1,1
param_20068,real_003,0.7052527431889598,0.4671714759964198,0.0739199416903257,0.09515372736532653,1.995515296834066,69.04784016761424,1,1,1,1,0,1,1,1,0,1,1,1,0,1
param_20068,real_004,0.6855619511406189,0.4246039217245647,0.06227165029139166,0.0854829987911837,2.2767914364401642,190.42931601517728,1,1,0,1,1,1,0,1,0,1,0,1,1,1
param_20068,real_005,0.7989864823475926,0.6144379075784535,0.2286166775886116,0.2530895292888027,1.104618683520018,297.26890007131755,1,1,0,1,1,1,0,1,1,1,0,1,0,1
param_20069,real_001,0.6989404902354273,0.4655772729321495,0.08182371321041222,0.12680495811272408,0.7452020088785256,485.0807180749273,1,1,1,0,1,1,1,1,1,1,0,1,1,1
param_20069,real_002,0.7326392253263349,0.5079745184279839,0.12292945578713489,0.16192140652937181,0.8474859146252675,320.36369872489075,1,1,1,1,1,1,1,1,0,1,1,1,1,1
param_20069,real_003,0.7290299110039102,0.49531268831026304,0.08877278859588598,0.11567765424166725,1.4647554559625877,71.65313908644978,1,1,1,1,1,1,1,1,0,1,1,1,0,1
param_20069,real_004,0.7100805623020021,0.46202992489380285,0.07640314262776007,0.10930159753547745,1.4188904090322085,215.61397280984724,1,1,1,1,1,1,1,1,0,1,0,1,1,1
param_20069,real_005,0.8304721025314719,0.6786511314941124,0.2521723221736611,0.2848539908595968,0.6087387853692201,273.57479494312497,1,1,1,1,1,1,1,1,1,1,1,1,0,1
param_20070,real_001,0.7346238349968818,0.5632566805409561,0.11810306873941592,0.17790960708928807,0.4862524583277643,453.098109562226,1,1,1,0,1,1,1,1,1,1,0,1,1,1
param_20070,real_002,0.7724175510972341,0.6070700151913689,0.15947744393878657,0.2207420087101358,0.5663032743295602,333.7560952856035,1,1,1,1,1,1,1,1,0,1,1,1,1,1
param_20070,real_003,0.7599197837241735,0.5826804895638367,0.11836701331790739,0.16179028818514474,1.0335192162773172,73.25254306003362,1,1,1,1,1,1,1,1,0,1,1,1,1,1
param_20070,real_004,0.748199531579074,0.5594763568960418,0.11237066832563926,0.16097381089277613,1.0532359421296547,188.11335257665962,1,1,1,1,1,1,1,1,0,1,0,1,1,1
param_20070,real_005,0.8586455295895982,0.7357047296323962,0.25427197758377706,0.3009144935897609,0.39451496513432166,291.11022984040414,1,1,1,1,1,1,1,1,1,1,1,1,1,1
param_20071,real_001,0.7360643997672618,0.5892743143526651,0.11954934182163472,0.18415050139875572,0.06092448380072265,494.0571063997065,1,1,1,0,1,1,1,1,1,1,1,1,1,1
param_20071,real_002,0.7851114849113501,0.635876027130325,0.17984762740660695,0.24370811018208638,0.04829032668107284,245.5216048304461,1,1,1,1,1,1,1,1,1,1,1,1,1,1
param_20071,real_004,0.7773364526376706,0.6190896779010313,0.14237047953503157,0.21144489567405503,0.24088419533632877,244.18672155752586,1,1,1,1,1,1,1,1,1,1,1,1,1,1
param_20071,real_005,0.841809654821907,0.7240632340941775,0.2257152867620971,0.2730310933707839,0.043544044108219,239.67273740605708,1,1,1,1,1,1,1,1,1,1,1,1,1,1
param_20072,real_001,0.7733441689916905,0.42549715445739805,0.0701035467742868,0.08314236749496268,2.6822391438567608,211.1823202233502,0,1,0,1,0,1,0,1,0,0,0,0,0,1
param_20072,real_002,0.766662043521458,0.39950544760174855,0.07438968024107001,0.08914962777046555,2.7895124703498144,299.512271694948,0,1,0,1,0,1,0,1,0,1,0,1,1,1
param_20072,real_003,0.752818905392048,0.37323104843527183,0.04625422649598919,0.06108364557164178,2.8029251745633164,18.636437748904743,0,1,0,1,1,1,0,1,0,1,0,1,1,1
param_20072,real_004,0.7516008555539813,0.41868421033427294,0.08191670559317543,0.09442420352861362,2.713469331997632,181.3257918714873,0,1,0,1,0,1,0,1,0,1,0,1,1,1
param_20072,real_005,0.7783130657916686,0.37578423534234573,0.11726314178692682,0.12963129331936532,1.831926079337263,275.0664982357668,0,1,0,1,0,1,0,1,0,1,0,1,1,1
param_20073,real_001,0.7812568186253277,0.44797472514614384,0.07479679233359188,0.09005573474234956,2.3948516855353867,210.04738832725096,0,1,0,1,0,1,0,1,0,0,0,0,0,1
param_20073,real_002,0.7722443304445887,0.4162964575047801,0.0782482689422663,0.09510945623333387,2.5061044467645366,298.14664576507136,0,1,0,1,0,1,0,1,0,1,0,1,1,1
param_20073,real_003,0.7575953146177998,0.3862349136843122,0.0492316358418957,0.06589102263361955,2.5357881586761963,18.50100873353255,1,1,0,1,1,1,0,1,0,1,0,1,1,1
param_20073,real_004,0.7570549810049367,0.432993039159486,0.08661126509289983,0.10137671889072465,2.4250944981100377,180.19252636288314,0,1,0,1,0,1,0,1,0,1,0,1,1,1
param_20073,real_005,0.7848920326955683,0.3977894333794104,0.1245374827713026,0.13959855844039054,1.6047602101693497,276.92368898447063,0,1,0,1,0,1,0,1,0,1,0,1,1,1
param_20074,real_001,0.7806106321487438,0.4763209070353463,0.07774399382348599,0.09434758607608953,2.282065915251819,215.28365124396845,0,1,0,1,0,1,0,1,0,0,0,0,0,1
param_20074,real_002,0.7720251907519169,0.4451976311719982,0.08227713529230261,0.10132991023161692,2.4043363124793116,302.7497740340015,0,1,0,1,0,1,0,1,0,1,0,1,1,1
param_20074,real_003,0.7567127937383437,0.405155900502348,0.05224842591308992,0.07027621917737742,2.4146674314194736,20.621215334027987,1,1,0,1,1,1,0,1,0,1,0,1,1,1
param_20074,real_004,0.7560100764851322,0.44582063284812995,0.08904138231861314,0.10479801185751336,2.319960104217554,184.99189516475502,0,1,0,1,0,1,0,1,0,1,0,1,1,1
param_20074,real_005,0.7847822464762519,0.4146892584000385,0.12755791257539673,0.14403601773248828,1.5345147163662287,271.95427923228874,0,1,0,1,0,1,0,1,0,1,0,1,1,1
param_20075,real_001,0.8152599889890078,0.5465147410453113,0.10024387830794079,0.12849032663472607,1.3355669654512228,207.55477026402073,1,1,1,1,1,1,1,1,0,0,0,0,0,1
param_20075,real_002,0.8039107466501579,0.5092181538170822,0.1022850757527213,0.13327334842790875,1.436147218192047,292.0843209983063,1,1,1,1,1,1,1,1,0,1,0,1,1,1
param_20075,real_003,0.7880374125705066,0.4715828932654869,0.06843787474758672,0.0978083407704551,1.4727374285673365,18.18976674326952,1,1,1,1,1,1,1,1,0,1,0,1,0,1
param_20075,real_004,0.7916760744938377,0.5181412781020249,0.11305923718128272,0.14000566686948815,1.3972338987036657,175.64286211608416,1,1,1,1,1,1,1,1,0,1,0,1,1,1
param_20075,real_005,0.8222156054891724,0.495373492003269,0.16255266060459886,0.19357725202815193,0.81663162812427,285.9397324664833,1,1,1,1,1,1,1,1,0,1,0,1,0,1
param_20076,real_001,0.8212653472534452,0.6008319464472581,0.11956256992442987,0.15590635346163606,0.965457896471335,250.62186615144327,1,1,1,1,1,1,1,1,0,0,0,0,1,1
param_20076,real_002,0.819144650143089,0.6080850881942242,0.12441723248595637,0.16638491046181716,1.1183861582430032,330.07200666141335,1,1,1,1,1,1,1,1,0,1,0,1,1,1
param_20076,real_003,0.8075130578642038,0.5631222935273237,0.09707815899355932,0.13988442787714017,1.081613214371835,54.281661021863144,1,1,1,1,1,1,1,1,0,1,0,1,1,1
param_20076,real_004,0.8030884744608171,0.5658025799935765,0.1369124295447201,0.17347541688230128,1.080793519168208,214.64352571165688,1,1,1,1,1,1,1,1,0,1,0,1,1,1
param_20076,real_005,0.8482381388804486,0.584592368405105,0.19558155756285103,0.241384769351725,0.5989719866358263,243.98944399068637,1,1,1,1,1,1,1,1,0,1,0,1,1,1
param_20077,real_001,0.8321658056594918,0.6765653866003265,0.13517308223156874,0.17720932575158327,0.035228988424760944,204.06973712956813,1,1,1,1,1,1,1,1,1,0,1,0,1,1
param_20077,real_002,0.8315277843008624,0.6765943307260267,0.14047766113808047,0.19352154003068592,0.003151766391318926,282.81062684650914,1,1,1,1,1,1,1,1,1,1,1,1,1,1
param_20077,real_003,0.8141781471452617,0.6419100296356944,0.1194547038138129,0.17468817753374422,0.0434359550833424,16.647131338277678,1,1,1,1,1,1,1,1,1,1,1,1,1,1
param_20077,real_004,0.8249628732669012,0.6593036944877363,0.16680894993421091,0.2197015785664753,0.003987640147536579,159.3663398588371,1,1,1,1,1,1,1,1,1,1,1,1,1,1
param_20077,real_005,0.8621387348590853,0.676594373332994,0.23452729075522907,0.2879891701563129,0.23524350369987954,308.59125187867346,1,1,1,1,1,1,1,1,1,1,1,1,1,1
param_20078,real_001,0.7235769684715798,0.3700084120282154,0.0878366841088846,0.09770101072309277,2.527840084443858,76.74731858189823,0,1,0,1,0,1,0,1,0,1,0,1,1,1
param_20078,real_002,0.7028192891869095,0.42546278938205595,0.06798581907500857,0.08589810572125936,2.538584785121788,234.24931493946954,0,1,0,1,0,1,1,1,0,1,0,1,1,1
param_20078,real_003,0.7200556081025347,0.3891700462965017,0.08047967234295383,0.10129646703255604,1.8394564003558382,286.6220566147607,0,1,1,1,0,1,0,1,0,1,0,1,1,1
param_20078,real_004,0.7163362938686022,0.39969454102380003,0.09480765760842515,0.10809971043672122,2.505672802284989,269.4673993286637,0,1,0,1,0,1,0,1,0,1,0,1,1,1
param_20078,real_005,0.6858267318963729,0.36672741111121326,0.06574147171634297,0.08870087037400472,1.2384607088935222,464.77093255180466,1,0,0,0,1,1,0,1,0,1,0,1,0,1
param_20079,real_001,0.7300920465408389,0.3853099857248135,0.09200904878057227,0.10431667860572619,2.217960804766012,79.82601835542295,1,1,0,1,0,1,0,1,0,1,0,1,1,1
param_20079,real_002,0.711611771385286,0.4435102482809863,0.07430268556036033,0.09557641829366338,2.1429935330463135,241.5150296776167,0,1,0,1,0,1,1,1,0,1,0,1,1,1
param_20079,real_003,0.7309461107319399,0.4115519209069435,0.0895164573209129,0.1136569212105348,1.5128054806452154,284.5965031952915,1,1,1,1,0,1,1,1,0,1,0,1,1,1
param_20079,real_004,0.7256819880470347,0.42806086507886276,0.10409065477290597,0.11930430638350069,2.134445882916275,267.82043823310084,0,1,0,1,0,1,0,1,0,1,0,1,1,1
param_20079,real_005,0.6946584997627164,0.39097122112855087,0.06980404582222349,0.09603305301342027,1.0639200543577336,469.3793658998374,1,0,0,0,1,1,0,1,0,1,0,1,0,1
param_20080,real_001,0.7313106203576291,0.41099868159018027,0.09994861974504574,0.11350636380857766,2.160025213229066,76.10122680323516,1,1,0,1,0,1,0,1,0,1,0,1,1,1
param_20080,real_002,0.7110270219814765,0.45597072834405644,0.0765875979313127,0.09899659633048813,2.092028780038279,236.92736968666594,0,1,1,1,0,1,1,1,0,1,0,1,1,1
param_20080,real_003,0.7299522204958399,0.4150605923030316,0.09242089695227991,0.11776845003684987,1.4812192983906982,279.5663094908402,1,1,1,1,0,1,1,1,0,1,0,1,1,1
param_20080,real_004,0.7253418133815684,0.45099618270221653,0.10623646631443945,0.12400279026236218,2.091624685138539,272.03294416167483,0,1,0,1,0,1,0,1,0,1,0,1,1,1
param_20080,real_005,0.6946017291765149,0.40107571541815423,0.07461765255537134,0.10214496926761528,1.0223607931017684,464.5427711394282,1,0,0,0,1,1,0,1,0,1,0,1,0,1
param_20081,real_001,0.7593964516017071,0.4658472113729281,0.11229727417392313,0.13835624598661767,1.284865834900017,94.21396284812005,1,1,0,1,1,1,1,1,0,1,0,1,1,1
param_20081,real_002,0.7459508912437132,0.5052454170825765,0.10468053185254807,0.13726498940768125,1.1293523230696005,259.1677407929981,1,1,1,1,1,1,1,1,0,1,1,1,1,1
param_20081,real_003,0.7641127110617504,0.47641631719067024,0.12388443480560397,0.16067664609224364,0.7982690624887621,276.4315519967078,1,1,1,1,1,1,1,1,0,1,0,1,1,1
param_20081,real_004,0.7665187475922423,0.5263299847958239,0.14124581018040916,0.16941155648465492,1.2560600451870667,264.2507452376012,1,1,1,1,1,1,1,1,0,1,0,1,1,1
param_20081,real_005,0.7171681769626161,0.4630094455014935,0.0784843890393823,0.12080269050805033,0.4788571835702326,484.75455387442844,1,0,1,0,1,1,1,1,0,1,0,1,0,1
param_20082,real_001,0.7925350222475274,0.5797506397804005,0.17508039004947906,0.21540885174662117,1.034146527020516,68.61894756870927,1,1,0,1,1,1,1,1,0,1,0,1,1,1
param_20082,real_002,0.7766928884782633,0.5936537993668461,0.13251974565893052,0.17874404179614045,0.8469624313252246,227.90957552183318,1,1,1,1,1,1,1,1,0,1,1,1,1,1
param_20082,real_003,0.7969506096660818,0.5718381324685103,0.15848638986912947,0.21198172877293373,0.5896851720374275,240.91476161516925,1,1,1,1,1,1,1,1,0,1,1,1,1,1
param_20082,real_004,0.7867415338821199,0.6034950324304326,0.15531826711604627,0.1967956145547242,1.0053326676953798,296.6024635889294,1,1,1,1,1,1,1,1,0,1,0,1,1,1
param_20082,real_005,0.7477769017259586,0.5302399776686386,0.12047276254967507,0.17821945539557452,0.2895306335877072,449.66472936506244,1,0,1,0,1,1,1,1,1,1,1,1,1,1
param_20083,real_001,0.8083814977926608,0.6294183498142348,0.17572923976041516,0.23402492172560027,0.118372895534874,126.23352649601549,1,1,1,1,1,1,1,1,1,1,1,1,1,1
param_20083,real_002,0.8225659388728161,0.6784969001249448,0.2008631878687305,0.26831182083881067,0.019719116555525034,275.61177243898067,1,1,1,1,1,1,1,1,1,1,1,1,1,1
param_20083,real_003,0.8203476704372377,0.6520466583291374,0.2027032037122202,0.27267280892861107,0.11955137422455939,260.33479091343173,1,1,1,1,1,1,1,1,1,1,1,1,1,1
param_20083,real_004,0.8462252319693051,0.707802197115686,0.23148543430276788,0.2939806169811447,0.0870343376939683,249.36250390094241,1,1,1,1,1,1,1,1,1,1,1,1,1,1
param_20083,real_005,0.7363211909704299,0.5836208871692536,0.10697077773773145,0.17246535768968002,0.2626945551207441,494.4799920228747,1,0,1,0,1,1,1,1,1,1,1,1,1,1
param_20084,real_001,0.7477475096246791,0.47539567953672857,0.12001738156026738,0.13500086802420574,2.044838752946136,350.1208623411583,0,1,0,1,0,1,1,1,0,1,0,1,1,1
param_20084,real_002,0.7152696845953518,0.4296783916669875,0.10218970591588862,0.11141825233437697,2.779597931710796,91.75750082257282,0,1,0,1,0,1,0,1,0,0,0,1,1,1
param_20084,real_003,0.6995986190112693,0.38393397967263726,0.0917591757809944,0.10987470879490496,1.8096735269624922,393.86406873839,0,1,1,1,0,1,0,1,0,0,0,1,1,1
param_20084,real_004,0.7187066145773343,0.42978084940223754,0.11780866075034353,0.14472303911055653,1.0076059598390623,118.99773945817154,0,1,0,1,1,0,1,0,0,0,0,0,1,1
param_20084,real_005,0.7270800005432281,0.39428442828326005,0.10173726519984981,0.11731675253461801,2.006930480448236,220.13862341656218,1,1,0,1,0,1,0,1,0,1,0,1,1,1
param_20085,real_001,0.7577102662582987,0.4967150456165667,0.12765209116768386,0.146090136352659,1.7505322739782936,341.28100834854706,0,1,0,1,0,1,1,1,0,1,0,1,1,1
param_20085,real_003,0.7097686601562636,0.4084235720528326,0.09914496630973409,0.12002681401222251,1.5699362661277787,397.22572289769397,0,1,1,1,0,1,1,1,0,0,0,1,1,1
param_20085,real_004,0.7264477055200423,0.45742700257608443,0.12177027084522624,0.15397964694348723,0.8474699487734366,126.40003408425942,0,1,0,1,1,0,1,0,1,0,0,0,1,1
param_20085,real_005,0.7384395223618472,0.4204478101802188,0.11040528891229417,0.12943288523625968,1.656914664228666,222.9574485616539,1,1,0,1,1,1,0,1,0,1,0,1,1,1
param_20086,real_001,0.758569082460225,0.5143037580962182,0.13141599454781233,0.15153755595933316,1.7156065215162184,345.1871554522773,0,1,0,1,0,1,1,1,0,1,0,1,1,1
param_20086,real_003,0.7129471766734292,0.4280561645108893,0.1050419808747962,0.12831484260398945,1.5297466030113844,391.9114757577346,0,1,1,1,0,1,1,1,0,0,0,1,1,1
param_20086,real_004,0.7286898670539022,0.4795950994006477,0.12492577768584522,0.1591684338565171,0.8099544513457557,121.69378700126092,0,1,0,1,1,0,1,0,1,0,0,0,1,1
param_20086,real_005,0.7404331846318886,0.4303502686928177,0.11725774605304169,0.13849655394953364,1.5964060550891743,216.8509865937703,1,1,0,1,1,1,0,1,0,1,0,1,1,1
param_20087,real_001,0.7962737413822393,0.5737733266178388,0.15327613965821038,0.1857882215721533,0.9693018874939583,318.50233038415246,1,1,1,1,1,1,1,1,0,1,1,1,1,1
param_20087,real_002,0.7517692849463105,0.5393344029581955,0.14625641982412663,0.16921194439852377,1.4176408531021898,65.79720473629072,0,1,1,1,0,1,1,1,0,0,1,1,1,1
param_20087,real_003,0.7377649324871193,0.4850261148956923,0.12123297517469434,0.1545001939590841,0.899097112137294,410.08721993172264,1,1,1,1,1,1,1,1,0,0,1,1,1,1
param_20087,real_004,0.7517021572087181,0.5441843796322224,0.14570933561765786,0.18537489092428697,0.3571118093416624,151.24922958666968,1,1,1,1,1,0,1,0,1,0,1,0,0,1
param_20087,real_005,0.7750309008722237,0.5014654983317822,0.14508798418563684,0.17792727515705145,0.9534293831168831,230.39195535159948,1,1,1,1,1,1,1,1,0,1,0,1,1,1
param_20088,real_001,0.8312964120308743,0.6583862754133165,0.18903216568787135,0.24053503054992728,0.7128859089341152,344.08066526247944,1,1,1,1,1,1,1,1,0,1,1,1,1,1
param_20088,real_002,0.7940197030036343,0.6274812194361346,0.18119093490743637,0.21986596553963955,1.0457073235460874,67.90889928197367,0,1,1,1,0,1,1,1,0,0,1,1,1,1
param_20088,real_003,0.7820612894854005,0.5954877662538871,0.16806971119477004,0.21909529309244744,0.6531573421328933,376.5668918270019,1,1,1,1,1,1,1,1,0,0,1,1,1,1
param_20088,real_004,0.777072328053907,0.6238610845076706,0.17038209119356723,0.22332349644242938,0.09262888453385594,123.38538892263543,1,1,1,1,1,0,1,0,1,0,1,0,1,1
param_20088,real_005,0.8206953513325046,0.6036591607633661,0.19348560496604128,0.24749689541754927,0.6359947741298183,194.69739355603633,1,1,1,1,1,1,1,1,1,1,0,1,1,1
param_20089,real_001,0.8307229620007278,0.6888132351256236,0.20318098898186943,0.25262137797455375,0.037954834413029,296.3025477585433,1,1,1,1,1,1,1,1,1,1,1,1,1,1
param_20089,real_002,0.8155603626768853,0.6877115792726799,0.20089911199568294,0.26063903084721274,0.1551031250851429,47.596257662359534,1,1,1,1,1,1,1,1,0,0,1,1,1,1
param_20089,real_003,0.7841784995787353,0.6289953705400851,0.16588930080515116,0.23196469930767047,0.12681470576207418,413.3646468346265,1,1,1,1,1,1,1,1,0,0,1,1,1,1
param_20089,real_004,0.778402421075097,0.6551756141792288,0.16965047540430642,0.22711827787541675,0.3485199868840731,200.69159516896872,1,1,1,1,1,0,1,0,1,0,1,0,1,1
param_20089,real_005,0.847850690973727,0.6798528960695434,0.25116218652873146,0.31487421929797343,0.03129559748427673,240.40466165722768,1,1,1,1,1,1,1,1,1,1,1,1,1,1
param_20090,real_001,0.7756113011389505,0.41737773100799846,0.07511430135610625,0.08920740513268116,2.6510040070739405,247.7224287031056,0,1,0,1,0,1,0,1,0,1,0,1,1,1
param_20090,real_002,0.7747191953188293,0.37965894121146176,0.06893937450943652,0.08095169362948092,2.3096096096096095,114.46141847022764,0,1,0,1,0,1,0,1,0,0,0,1,0,1
param_20090,real_003,0.7535438713639434,0.3704799948853349,0.06948802280329215,0.07990566474689222,2.445028955395429,416.7729117179987,0,1,0,1,0,1,0,1,0,1,0,1,0,1
param_20090,real_004,0.761081194963868,0.35637993228242965,0.07933424611401631,0.09281192016192737,2.164377462656664,281.5729666227243,0,1,0,1,0,1,0,1,0,0,0,0,1,1
param_20090,real_005,0.7188361180259463,0.3312025119823121,0.06173715923564856,0.07404684792352986,2.5675540044252836,188.9866489664919,0,0,0,1,0,1,0,1,0,1,0,1,1,1
param_20091,real_001,0.7829041249074158,0.43979913316888286,0.07996414206023622,0.09620302801955362,2.352877084061427,246.06562779758903,0,1,0,1,0,1,0,1,0,1,0,1,1,1
param_20091,real_002,0.7837997966573301,0.4078734965313351,0.0736133864137929,0.08776126736041563,2.054782316022887,114.05745209892663,0,1,1,1,0,1,0,1,0,0,0,1,0,1
param_20091,real_003,0.7595972001112272,0.38480539591982466,0.07351168663655003,0.08612007942863464,2.1877773914466285,415.78581062675164,0,1,1,1,0,1,0,1,0,1,0,1,0,1
param_20091,real_004,0.7676899290000522,0.38080911865090317,0.08350868738710072,0.09952880809848187,1.9122515877893875,283.038785190049,0,1,0,1,0,1,0,1,0,0,0,0,1,1
param_20091,real_005,0.7235620046174226,0.3464563823810775,0.064758946527505,0.07981915401064205,2.2546979376937966,190.34273842768891,0,0,0,1,0,1,0,1,0,1,0,1,1,1
param_20092,real_001,0.7818008749523426,0.4549173348804832,0.0830338122698116,0.10075071625474791,2.253421105126671,251.18353079726435,0,1,0,1,0,1,0,1,0,1,0,1,1,1
param_20092,real_002,0.7838586665245997,0.43361272300202813,0.07823328552291878,0.09413163529177565,1.9530517330475223,117.50550413418772,0,1,1,1,0,1,0,1,0,0,0,1,0,1
param_20092,real_003,0.759445233686087,0.4103706424615447,0.07902084892667206,0.09308296934152628,2.0788985026273163,420.5491913521264,0,1,1,1,0,1,0,1,0,1,0,1,0,1
param_20092,real_004,0.768451639663482,0.4069918395917692,0.09092819533887689,0.10901308092396554,1.8378885583661084,277.5842977172386,0,1,0,1,0,1,0,1,0,0,0,0,1,1
param_20092,real_005,0.7232802721909343,0.36869267300617947,0.0699721321039151,0.08641793740205696,2.1678110631747383,184.90513607620562,0,0,0,1,0,1,0,1,0,1,0,1,1,1
param_20093,real_001,0.8202502346550945,0.5292422494724432,0.10498449840190549,0.13330356642822713,1.375801188672649,240.02223003770578,1,1,1,1,1,1,1,1,0,1,0,1,1,1
param_20093,real_002,0.817830964833781,0.5116527210926154,0.09783607973708636,0.1251547328756846,1.146579668609747,114.84197274856355,1,1,1,1,1,1,1,1,0,0,0,1,0,1
param_20093,real_003,0.7868123950229682,0.4649433522544459,0.09632947089885194,0.12232995919317963,1.2737683633127634,414.1093526219853,1,1,1,1,1,1,1,1,0,1,0,1,0,1
param_20093,real_004,0.8018968583075889,0.49139559105467784,0.1071870984228493,0.13947647101201416,1.0177291373901687,285.0615674289606,1,1,1,1,1,1,1,1,0,0,0,0,1,1
param_20093,real_005,0.7522145301733442,0.43407010201098634,0.08206197344912688,0.11213106906969841,1.2569556684368506,193.18063176925475,1,0,1,1,1,1,1,1,0,1,0,1,1,1
param_20094,real_001,0.833778360896105,0.5921199134167158,0.1314168567356351,0.17214742222646515,0.9917688437301548,282.53385916585864,1,1,1,1,1,1,1,1,0,1,0,1,1,1
param_20094,real_002,0.8389122897899383,0.6019439148571171,0.13994532909606502,0.18267125626414785,0.7568946277698071,146.55225826048616,1,1,1,1,1,1,1,1,0,0,0,1,1,1
param_20094,real_003,0.8058167096055645,0.5640022356250881,0.14055541088219128,0.18133277600273243,0.866944564227876,453.39912494325574,1,1,1,1,1,1,1,1,0,1,0,1,1,1
param_20094,real_004,0.8313154684247123,0.6082448958606003,0.1636752084360951,0.21091564830340842,0.7321269725217815,240.99669354409627,1,1,1,1,1,1,1,1,0,0,0,0,1,1
param_20094,real_005,0.7745187797008813,0.5287517278387597,0.12177807795137577,0.16331748044428207,0.952704980460215,148.89509138120164,1,0,1,1,1,1,1,1,0,1,0,1,1,1
param_20095,real_001,0.8397441019854167,0.673158252644831,0.1464723976236863,0.19767839231536047,0.017553370921883284,229.03210435960105,1,1,1,1,1,1,1,1,1,1,1,1,1,1
param_20095,real_002,0.8256566327987533,0.6534493670924096,0.13661922850938443,0.1823919572997231,0.07489282609347363,116.68947386705801,1,1,1,1,1,1,1,1,1,0,1,1,1,1
param_20095,real_003,0.8202982945681996,0.6396001353702082,0.15911901743888504,0.2152157551101074,0.03965593729974861,409.94325232692546,1,1,1,1,1,1,1,1,1,1,1,1,1,1
param_20095,real_004,0.8059099235178014,0.6411557460264181,0.14858297107103255,0.19581828904072396,0.1333821063862216,283.76693192152254,1,1,1,1,1,1,1,1,1,0,1,0,1,1
param_20095,real_005,0.7788409916727909,0.613636483119419,0.13491593954417852,0.189402224885512,0.05365894981423886,195.92846466033973,1,0,1,1,1,1,1,1,1,1,1,1,1,1
param_20096,real_001,0.7021146431952221,0.36219939374457205,0.0684086312177878,0.07908266539369099,3.259103226834878,224.0919474501556,0,1,0,1,0,1,0,1,0,1,0,1,1,1
param_20096,real_002,0.7013741093087552,0.48341333186828606,0.0989192383485308,0.10365346642903246,4.226795489216595,282.5377080664386,0,1,0,1,1,1,0,1,0,1,0,1,1,1
param_20096,real_003,0.7173402141760714,0.4068605894745023,0.10172209552155312,0.11540464462163733,2.196194285923996,159.78300083167508,0,1,0,1,1,1,0,1,0,1,0,1,0,1
param_20096,real_004,0.7570543194297565,0.415841216343428,0.12351052577231396,0.14237818278333741,1.8438956479631983,316.4266478133034,0,1,0,1,0,1,1,1,0,0,0,1,1,1
param_20096,real_005,0.7536549160300404,0.39498654296741476,0.13927875823213443,0.1444297154992699,2.1806229230737477,151.7156496375016,0,1,0,1,0,1,0,1,0,1,0,1,1,1
param_20097,real_001,0.7110838189343349,0.3904663115786775,0.07543848265053066,0.08854715080401097,2.7908668950280724,225.72681890228725,0,1,0,1,0,1,0,1,0,1,0,1,1,1
param_20097,real_002,0.7118673802647119,0.5127056134188659,0.1101958422743724,0.11773840773386611,3.4383286766573535,276.8111439043356,0,1,0,1,1,1,0,1,0,1,0,1,1,1
param_20097,real_003,0.7272914767619523,0.433447301260438,0.11023525068420334,0.12588402063506338,1.9249874055415617,160.01622038657382,0,1,0,1,1,1,0,1,0,1,0,1,1,1
param_20097,real_004,0.7698603610535534,0.4500190319266428,0.13610857863100645,0.1585399842418422,1.5213673684775415,314.8444748338625,0,1,0,1,0,1,1,1,0,0,0,1,1,1
param_20097,real_005,0.7643375828426799,0.4225845185375717,0.15040800663132792,0.1586064891272976,1.8180238831080957,155.12591650117244,0,1,0,1,1,1,0,1,0,1,0,1,1,1
param_20098,real_001,0.7112515837112976,0.41327920604503526,0.08037800673752177,0.09450586540954573,2.7578107733419057,220.48117644247634,0,1,0,1,0,1,0,1,0,1,0,1,1,1
param_20098,real_002,0.7116296564963573,0.5250698272501788,0.11249344493488164,0.12132251224559575,3.364714992256582,277.2294037696854,0,1,0,1,1,1,0,1,0,1,0,1,1,1
param_20098,real_003,0.7278957229288787,0.455065821566643,0.11535715170024678,0.13441895040976815,1.8758255184255712,155.48951798115002,0,1,0,1,1,1,0,1,0,1,0,1,1,1
param_20098,real_004,0.7683973414276595,0.46545434385478435,0.13648046931816102,0.16038134686112523,1.5043886144770975,317.11625656592275,0,1,0,1,0,1,1,1,0,0,0,1,1,1
param_20098,real_005,0.7658271400930794,0.4396430616691091,0.1585025749691037,0.16937311818716655,1.754406034390305,150.0609013093551,0,1,0,1,1,1,0,1,0,1,0,1,1,1
param_20099,real_001,0.74779289796413,0.48647134432316536,0.10423100521704538,0.13000297170769115,1.517362980510391,231.71577915113656,1,1,1,1,1,1,0,1,0,1,0,1,1,1
param_20099,real_002,0.7521134153827425,0.597600147013547,0.1558414431493974,0.17861645275428484,1.5152509680298254,254.93041651757582,1,1,0,1,1,1,0,1,1,1,0,1,1,1
param_20099,real_003,0.7689709331678614,0.5282597689153652,0.13716029938500918,0.16528280033459455,1.1949292437970185,161.7778457423665,1,1,1,1,1,1,0,1,0,1,0,1,1,1
param_20099,real_004,0.804957504855479,0.5363033654574854,0.17839279623677137,0.21414992315579182,0.7872113811860474,313.4219095994938,1,1,1,1,1,1,1,1,0,0,0,1,1,1
param_20099,real_005,0.8155235011576862,0.5357564800786576,0.21176151119333267,0.23468025115589458,0.9265380624351457,164.99044399129642,1,1,1,1,1,1,1,1,0,1,0,1,1,1
param_20100,real_001,0.7775164529669009,0.5873425279146114,0.139921910766071,0.17859092486268716,1.2781587634140104,199.067342163914,1,1,1,1,1,1,1,1,0,1,0,1,1,1
param_20100,real_002,0.7723013841836841,0.6411700722341084,0.1680592829256022,0.2057137356780056,1.201521966461302,252.77314559716135,1,1,1,1,1,1,0,1,1,1,0,1,1,1
param_20100,real_003,0.7968704950373031,0.6198384238113479,0.1640472020350257,0.2092519629087182,0.939396301203612,130.19124928341665,1,1,1,1,1,1,1,1,1,1,0,1,1,1
param_20100,real_004,0.8203844725258266,0.6091696287339675,0.1851827655620287,0.23015207470247048,0.6211814501288185,326.88569270195046,1,1,1,1,1,1,1,1,0,0,0,1,1,1
param_20100,real_005,0.848952443006995,0.6381338287747096,0.25937060666838296,0.2992983524229761,0.717620045476838,128.1462716626312,1,1,1,1,1,1,1,1,1,1,0,1,1,1
param_20101,real_001,0.8077262941814234,0.6594744452576461,0.1684239994958537,0.22734076892634217,0.222626067174814,235.5107093595062,1,1,1,1,1,1,1,1,1,1,1,1,1,1
param_20101,real_002,0.805392886900059,0.6930236864497012,0.20350598571286418,0.26341225787632894,0.12904726520854198,188.47212939342558,1,1,1,1,1,1,1,1,1,1,1,1,1,1
param_20101,real_003,0.8268666321870822,0.6826484477153286,0.20009743846263348,0.25877857893703576,0.04411861673750023,164.23493630795363,1,1,1,1,1,1,1,1,1,1,1,1,1,1
param_20101,real_004,0.8607654995461357,0.7041346613691659,0.24180513393339467,0.3005749577623112,0.15759528092708028,304.32641014040234,1,1,1,1,1,1,1,1,1,0,1,1,1,1
param_20101,real_005,0.8829881880257376,0.7368753331197558,0.29747361995434524,0.3503173215897722,0.08557492033539245,186.23515089060103,1,1,1,1,1,1,1,1,1,1,1,1,1,1
param_20102,real_001,0.7137147959296728,0.40682811463231616,0.10486613425585341,0.12069658469580698,1.8197083597500225,210.8635834627589,0,1,0,1,1,1,0,1,0,1,0,1,0,1
param_20102,real_002,0.7257549713625541,0.4808014539007212,0.1591145743122184,0.1785755916239634,2.939165251152633,167.51193473777062,0,1,0,1,0,1,0,1,0,1,0,1,1,1
param_20102,real_003,0.7173372281395111,0.4008664344697154,0.08106717716957772,0.10031256917586451,1.851185057820033,251.47236671601277,1,1,0,1,1,1,0,1,1,1,0,1,1,1
param_20102,real_004,0.7109662045713462,0.47536375298465544,0.12922133583645348,0.13843354510520997,2.0192951148784295,174.77255521543157,0,1,0,1,1,1,0,1,0,1,0,1,1,1
param_20102,real_005,0.7222854944069187,0.410820214490768,0.142583905722647,0.14943956195521188,1.937850915232574,319.1924307418757,0,1,0,1,0,1,0,1,0,0,0,1,1,1
param_20103,real_001,0.7258225184019358,0.43112532419004773,0.11507305011421058,0.13540019937807307,1.47318080711789,212.74049778314344,0,1,0,1,1,1,1,1,0,1,0,1,0,1
param_20103,real_002,0.7348998893013317,0.5182348533619644,0.1690306489393759,0.1892547834950266,2.5176605703389097,162.59944558519823,0,1,0,1,0,1,0,1,0,1,0,1,1,1
param_20103,real_003,0.7281089553010137,0.4269434207546827,0.08912035356843288,0.11118819941260753,1.5344341884440182,254.54533150178236,1,1,0,1,1,1,0,1,1,1,0,1,1,1
param_20103,real_004,0.7188229426927252,0.49855212046072384,0.13718539800956872,0.1487151932832941,1.7467911318553093,173.43464890930352,0,1,0,1,1,1,0,1,0,1,0,1,1,1
param_20103,real_005,0.731920560988442,0.44176558563646934,0.15635291967041823,0.16472752450213957,1.6466330831705562,319.16613025900944,0,1,0,1,0,1,0,1,0,0,0,1,1,1
param_20104,real_001,0.7273047903863064,0.44567439479178694,0.11988722074957925,0.1420964387324804,1.4385819247097895,212.03987436973773,0,1,0,1,1,1,1,1,0,1,0,1,0,1
param_20104,real_002,0.7366575981612287,0.5452190465723983,0.17210411796047062,0.1925442470450372,2.4782413061644277,162.96905576768734,0,1,0,1,0,1,0,1,0,1,0,1,1,1
param_20104,real_003,0.7309032269164304,0.44517719250737575,0.09553817209986427,0.11954794277081124,1.4856785950473952,248.85223823663034,1,1,0,1,1,1,0,1,1,1,0,1,1,1
param_20104,real_004,0.7203114928060037,0.5173984408133588,0.14133930794121344,0.15493789190857604,1.7103071968496053,173.4190293462082,0,1,0,1,1,1,0,1,0,1,0,1,1,1
param_20104,real_005,0.7331071580335005,0.4497563388393864,0.16010551687265653,0.17064961655743435,1.619647508954738,318.35228521000965,0,1,0,1,0,1,0,1,0,0,0,1,1,1
param_20105,real_001,0.760854399066909,0.504055265830994,0.14623082210015576,0.1784865539566814,0.8515980920434405,216.2736117817376,1,1,1,1,1,1,1,1,1,1,1,1,0,1
param_20105,real_002,0.770674019862191,0.6171611516261735,0.1925330151292608,0.21930266575841847,1.6550596162967566,158.3067830120349,1,1,0,1,1,1,0,1,0,1,0,1,1,1
param_20105,real_003,0.7541002803804305,0.5060831590954052,0.1097119782947939,0.14164511610599526,0.9130660996244854,255.83832962965855,1,1,1,1,1,1,0,1,1,1,0,1,1,1
param_20105,real_004,0.7444418526151928,0.5617349175770644,0.15945816972474403,0.18252236966633273,1.105436445181863,183.77728127642797,0,1,0,1,1,1,1,1,1,1,0,1,1,1
param_20105,real_005,0.7686210131927915,0.5453560718922622,0.19603341981727265,0.22087209142085112,0.8892590853049962,337.96967167923293,1,1,1,1,1,1,0,1,0,0,0,1,1,1
param_20106,real_001,0.8033887635750656,0.6084738678272908,0.18644453431970334,0.2375145767363893,0.5705983250933306,211.3404668202569,1,1,1,1,1,1,1,1,1,1,1,1,1,1
param_20106,real_002,0.8019520975475101,0.6713006758604986,0.21405059963861695,0.2504965059954411,1.276983715091243,156.1426330820056,1,1,0,1,1,1,1,1,0,1,0,1,1,1
param_20106,real_003,0.7886928095552367,0.5998271370758268,0.148639554610986,0.19631661594444322,0.6816767252950475,229.87121614783078,1,1,1,1,1,1,0,1,1,1,0,1,1,1
param_20106,real_004,0.7851189077142001,0.626175251304943,0.19394602473563097,0.23414354630887557,0.8399791562825684,181.4755669098978,1,1,0,1,1,1,1,1,1,1,1,1,1,1
param_20106,real_005,0.8052043718411226,0.6240093167677689,0.23578803045189084,0.27720135568984594,0.6506245030904567,336.7356600278183,1,1,1,1,1,1,0,1,0,0,0,1,1,1
param_20107,real_001,0.8356553603355614,0.6837043116197263,0.2296828203465631,0.28697961562326063,0.007409580166301076,203.48402377664402,1,1,1,1,1,1,1,1,1,1,1,1,1,1
param_20107,real_002,0.8251005144468363,0.7047621251179587,0.22888793459038007,0.291369739327919,0.1529741823218154,203.6304682517304,1,1,1,1,1,1,1,1,1,1,1,1,1,1
param_20107,real_003,0.8005191397312368,0.6622406911996634,0.16257532618408999,0.2282580646394467,0.07414440217701937,259.233664934626,1,1,1,1,1,1,1,1,1,1,1,1,1,1
param_20107,real_004,0.8138333886125432,0.6823868583560515,0.21394943665618255,0.27301525063441295,0.12147093549122093,229.43086455917842,1,1,1,1,1,1,1,1,1,1,1,1,1,1
param_20107,real_005,0.8331883109718364,0.6919832663822428,0.25945367381435164,0.31432542292460147,0.14228503651580574,404.2764983068788,1,1,1,1,1,1,1,1,1,0,1,1,1,1
param_20108,real_001,0.7372465831310394,0.37529663297976484,0.05932158319993448,0.07485540782914678,2.7363642648109314,259.6779678559912,0,1,0,1,0,1,0,1,0,1,0,1,0,1
param_20108,real_002,0.721678464011455,0.3618473441916778,0.053115901412949,0.06917575206765517,2.461132350263972,230.85817856463098,0,1,0,0,0,1,0,0,0,1,0,1,0,1
param_20108,real_003,0.7892166504491174,0.40510112492565825,0.059506014809808,0.07034711440794304,2.583322076635598,574.7842411674271,1,1,0,1,1,1,0,1,0,1,0,1,0,1
param_20108,real_004,0.7989626004205013,0.4135725898440882,0.10458188225999866,0.1174312112576649,2.183535289860148,353.5758213142284,0,1,0,1,0,1,0,1,0,0,0,1,1,1
param_20108,real_005,0.759330705780412,0.4174325264443285,0.10390978241940883,0.11516093800955327,2.0804852961802798,230.71164384327798,0,1,0,1,0,1,0,1,0,0,0,1,1,1
param_20109,real_001,0.7415762687388652,0.38799102626530996,0.06320754831923085,0.08083839614761881,2.453830915713464,260.22015812383756,0,1,0,1,0,1,0,1,0,1,0,1,0,1
param_20109,real_002,0.7240637817081567,0.3688240681142464,0.05501827110842518,0.07315100414744556,2.2481100243454493,231.89141924030906,0,1,0,0,0,1,0,0,0,1,0,1,0,1
param_20109,real_003,0.7930672678354453,0.41372066015741665,0.06283017203614509,0.07531769404845458,2.3605844347789366,574.4382401965906,1,1,0,1,1,1,0,1,0,1,0,1,0,1
param_20109,real_004,0.8039657027006334,0.42825824618178854,0.10953415069664633,0.12464529056637823,1.9573383651072505,354.52746115937856,0,1,0,1,0,1,0,1,0,0,0,1,1,1
param_20109,real_005,0.7649935301750235,0.4362535097077152,0.11016868275265398,0.12382653562899021,1.8338530354185931,232.07399151696822,0,1,0,1,0,1,0,1,0,0,0,1,1,1
param_20110,real_001,0.7409902293606366,0.4124665375354432,0.06541492272944902,0.08421973324469546,2.336014813290814,254.99984819198716,0,1,0,1,0,1,0,1,0,1,0,1,0,1
param_20110,real_002,0.7234590120380875,0.38821097037765157,0.0589907068836191,0.07906161870982442,2.1327058145043356,226.93338370007058,0,1,0,0,0,1,0,0,0,1,0,1,0,1
param_20110,real_003,0.791393953608533,0.43351312843806405,0.066182728947691,0.07985655431161506,2.2406393158912756,579.9148188704798,1,1,0,1,1,1,0,1,0,1,0,1,0,1
param_20110,real_004,0.805107899468679,0.4582096787711369,0.11554522215699492,0.13378717501588272,1.8574362413294494,349.2369269757453,0,1,0,1,0,1,0,1,0,0,0,1,1,1
param_20110,real_005,0.7646682617096726,0.45110623235594977,0.1127035158700818,0.12810553259599536,1.779988186152483,227.48414367936846,0,1,0,1,0,1,0,1,0,0,0,1,1,1
param_20111,real_001,0.7726387046368692,0.4798811434964737,0.08593938803780768,0.11689052104146491,1.3773825582077297,260.4808298262478,1,1,1,1,1,1,1,1,0,1,0,1,0,1
param_20111,real_002,0.743800910539963,0.4435956456494186,0.06783047603876215,0.09930510380054682,1.3094536730541468,236.89838211160094,1,1,1,0,1,1,1,0,0,1,0,1,0,1
param_20111,real_003,0.8238055713904293,0.4969153507368363,0.08762305180542565,0.11229547682478869,1.359803107579172,575.9763719226361,1,1,1,1,1,1,0,1,0,1,0,1,0,1
param_20111,real_004,0.8425413769134436,0.5412284522314724,0.14334061787501637,0.17488437246600635,1.0548238343530547,358.20594323002985,1,1,1,1,1,1,1,1,0,0,0,1,1,1
param_20111,real_005,0.7972918593691776,0.527730005417311,0.14183351880681458,0.1724250577841776,0.9433556017637776,239.92129390214643,1,1,1,1,1,1,1,1,0,0,0,1,1,1
param_20112,real_001,0.7862621364152059,0.5565767516114067,0.10778406956359786,0.1490182744603288,0.9968104626676354,217.6002552527666,1,1,1,1,1,1,1,1,0,1,0,1,1,1
param_20112,real_002,0.7639546249261628,0.5302904266341525,0.09977782982041447,0.14447178110573197,0.9189502901842039,195.49764224248042,1,1,1,0,1,1,1,0,0,1,0,1,1,1
param_20112,real_003,0.8297004419568005,0.5789876471384148,0.11084620464345177,0.1456924543709298,0.9485095182714085,621.1825219571454,1,1,1,1,1,1,1,1,0,1,0,1,1,1
param_20112,real_004,0.8659455366859743,0.6358313020590377,0.1834859479311564,0.22820167575896386,0.7591794607147465,314.7875332844675,1,1,1,1,1,1,1,1,0,0,0,1,1,1
param_20112,real_005,0.8113999822607851,0.5810401126729058,0.1665315036261444,0.20695932315416143,0.752516856622292,202.24341087660363,1,1,1,1,1,1,1,1,0,0,0,1,1,1
param_20113,real_001,0.8068417817842921,0.6551987444929107,0.13602377275314226,0.18555532700851174,0.02931562941500443,259.7231082662264,1,1,1,1,1,1,1,1,1,1,1,1,1,1
param_20113,real_002,0.7585658429834156,0.5987566591112625,0.0995045183848125,0.15509972819637555,0.0534465161434866,254.42298074172294,1,1,1,0,1,1,1,0,1,1,1,1,1,1
param_20113,real_003,0.8473169562416402,0.6705787656747327,0.14356445006645782,0.18836561412301137,0.023479824039364137,581.8590031365413,1,1,1,1,1,1,1,1,1,1,1,1,1,1
param_20113,real_004,0.8516482587503644,0.6882142301636374,0.1714989952659846,0.21665660129501266,0.16395452928985738,369.2089690837227,1,1,1,1,1,1,1,1,1,0,1,1,1,1
param_20113,real_005,0.831430681465486,0.671866656960079,0.1941465098488851,0.2441399533679119,0.1823777230395046,268.61340434115846,1,1,1,1,1,1,1,1,1,0,1,1,1,1
param_20114,real_001,0.7038840168604356,0.3704366447089469,0.05707556856331414,0.07573911560840169,2.4487902377445825,328.9515975037302,0,1,1,1,0,1,1,1,0,1,0,1,0,1
param_20114,real_002,0.7057803109365877,0.3910103666300777,0.05684450249676221,0.0731653968139334,2.2433459269007088,158.1980380945838,1,1,1,0,0,1,0,0,0,1,0,0,0,1
param_20114,real_003,0.780605523462549,0.4313652375839054,0.07143928344929909,0.087281126732264,2.235373032717953,290.0013238725841,1,1,0,1,1,1,0,1,0,1,0,1,0,1
param_20114,real_004,0.7794197203081417,0.4408369928024063,0.1210494870726738,0.13043419437374515,1.8340675477239354,362.74784356229395,0,1,0,1,0,1,0,1,0,0,0,1,1,1
param_20114,real_005,0.7177293397966392,0.4145179871830664,0.0806868726744047,0.0943346681050389,2.4154164262358147,337.92765546723524,0,1,0,1,0,0,0,1,0,0,0,1,1,1
param_20115,real_001,0.7096252903191123,0.38784430358899824,0.061744914337456235,0.08321091869117074,2.136043619667113,329.56260894115013,0,1,1,1,1,1,1,1,0,1,0,1,0,1
param_20115,real_002,0.7091751270042043,0.399400274179152,0.05870336700028548,0.07681042120230869,2.052720952533163,161.01767722626846,1,1,1,0,0,1,0,0,0,1,0,0,0,1
param_20115,real_003,0.7872687723091503,0.44454453310460956,0.0765290749061602,0.09492321628968553,1.9797149021705054,289.23930878242993,1,1,0,1,1,1,0,1,0,1,0,1,0,1
param_20115,real_004,0.7843777845338846,0.45780190608264326,0.12830626957892016,0.1401426346152751,1.5963761718585783,366.0029568254246,0,1,0,1,0,1,0,1,0,0,0,1,1,1
param_20115,real_005,0.7232504800255225,0.43151178418302544,0.08817832627024032,0.10465795889918833,2.013449299957573,337.9637032050351,1,1,0,1,0,0,0,1,0,0,0,1,1,1
param_20116,real_001,0.7090470168913151,0.4062844002233215,0.0641134466814328,0.08704811590412326,2.0396269099540127,324.2907649782263,0,1,1,1,1,1,1,1,0,1,0,1,0,1
param_20116,real_002,0.7085026213349559,0.4157879700151819,0.06360414561565458,0.08325534080307363,1.8657402197967068,154.04246583302378,1,1,1,0,0,1,0,0,0,1,0,0,0,1
param_20116,real_003,0.787674859826482,0.46306587966803014,0.0812313211046492,0.10168120652408578,1.8548384247071503,293.9597842809577,1,1,0,1,1,1,0,1,0,1,0,1,0,1
param_20116,real_004,0.7852199759728548,0.47848608856974695,0.1324867170088199,0.14546219330427143,1.5410409380785846,361.2208529860879,0,1,0,1,0,1,0,1,0,0,0,1,1,1
param_20116,real_005,0.7223769392343882,0.4434406147727328,0.09018582656758603,0.10749314513429395,1.9723384666889856,336.6430490806781,1,1,0,1,0,0,0,1,0,0,0,1,1,1
param_20117,real_001,0.7402686601318125,0.47812959864020244,0.08547014149674338,0.12396346602544103,1.0833354515645255,329.52735809643406,0,1,1,1,1,1,1,1,0,1,1,1,0,1
param_20117,real_002,0.72477458526533,0.46449883612977516,0.06928985851404641,0.0989511669122975,1.247062629589871,180.61850096849582,1,1,1,0,1,1,1,0,0,1,0,0,0,1
param_20117,real_003,0.8139712887929559,0.5135611673936424,0.10670983069630652,0.13735365379425496,1.0862621045836023,290.54617824544164,1,1,1,1,1,1,0,1,1,1,0,1,0,1
param_20117,real_004,0.821617668764332,0.556905291898183,0.16779606529590765,0.1937006444088717,0.7847647670789504,383.82375815949666,1,1,0,1,1,1,1,1,0,0,0,1,1,1
param_20117,real_005,0.742222392580871,0.4996204299647117,0.11414954536074787,0.14244997075944876,1.0434426111598603,340.999922407509,1,1,0,1,1,0,0,1,0,0,0,1,1,1
param_20118,real_001,0.7593360430905908,0.5588158916491632,0.10892393460599425,0.15936846438113147,0.7945262466473261,288.6928264778942,1,1,1,1,1,1,1,1,0,1,1,1,1,1
param_20118,real_002,0.7460865375348233,0.5525160133267172,0.10227165534956673,0.1445547855321745,0.8552193866401185,147.9732846554694,1,1,1,0,1,1,1,0,0,1,0,0,1,1
param_20118,real_003,0.8395553525311201,0.6190488616530798,0.1420989438444801,0.19169824093385285,0.69279847462599,328.0157516737285,1,1,1,1,1,1,0,1,1,1,0,1,1,1
param_20118,real_004,0.846771180621203,0.6268864414926894,0.2010198518842566,0.2397331167017636,0.5856633032940511,348.15703053821466,1,1,0,1,1,1,1,1,0,0,0,1,1,1
param_20118,real_005,0.7568663012732765,0.5595065128987813,0.1337634071721446,0.17096798359761556,0.8954686165670367,329.3392052829898,1,1,0,1,1,0,0,1,0,0,0,1,1,1
param_20119,real_001,0.7824771586794806,0.6344834570936232,0.13828879586755177,0.19857020482239635,0.017324996552985115,321.49373333885524,1,1,1,1,1,1,1,1,1,1,1,1,1,1
param_20119,real_002,0.7434574231746685,0.5909732670479204,0.09938138048050338,0.15528309454955258,0.016382429628053,229.4317642592709,1,1,1,0,1,1,1,0,1,1,1,0,1,1
param_20119,real_004,0.8465342662024965,0.6918751378104537,0.2075680698507867,0.25050238076372855,0.21952698988392738,423.8342646109036,1,1,1,1,1,1,1,1,1,0,1,1,1,1
param_20119,real_005,0.7950610992704824,0.640359449108011,0.16670524802245315,0.22625683072911343,0.037867858715161365,373.57087676044046,1,1,1,1,1,0,1,1,1,0,1,1,1,1
param_20120,real_001,0.7170138687458291,0.43570148187014063,0.048490864039321104,0.060226390934268945,4.833036833970078,475.8364992038696,0,1,0,1,0,1,0,1,0,1,0,1,1,1
param_20120,real_002,0.7802164870659472,0.5105775520893026,0.08948810006390781,0.1104395140283233,2.2272005772005774,494.6852276179188,1,1,0,1,1,1,1,1,1,1,0,1,0,1
param_20120,real_003,0.7065314718124295,0.33263766269066053,0.03578307775797167,0.05034935786497715,2.225958366511205,88.73433985560688,1,1,0,0,0,1,0,1,0,1,0,1,0,1
param_20120,real_004,0.6871207596462474,0.3286247311959633,0.05479691635578879,0.06835305738097619,2.928566993024363,83.89943484088892,1,1,0,1,1,1,0,1,0,0,0,1,0,1
param_20120,real_005,0.8183640185390998,0.529917178843119,0.4002186558239139,0.3834580389027947,1.4509293980081448,204.30957366589158,0,1,1,1,0,1,1,1,0,1,0,1,1,1
param_20121,real_001,0.7219121029084167,0.44432051939337497,0.05351627325338388,0.06750411709338093,4.123312584851046,477.7849754831203,0,1,1,1,0,1,0,1,0,1,0,1,1,1
param_20121,real_002,0.7881017483395393,0.5279678279035819,0.09583330311616998,0.11966610717242344,1.9377688745853996,495.2296620935323,1,1,1,1,1,1,1,1,1,1,0,1,0,1
param_20121,real_003,0.7099627977407519,0.34119807049214357,0.03836516588512899,0.05460599695094958,1.9711262441068622,91.47562564853821,1,1,0,0,0,1,0,1,0,1,0,1,0,1
param_20121,real_004,0.6928772074778251,0.34204370383226523,0.05954678972354413,0.07537033384939947,2.5625821226114054,84.98778028830262,1,1,0,1,1,1,0,1,0,0,0,1,0,1
param_20121,real_005,0.8268311686680094,0.5618155262949004,0.41531660819427185,0.4013922446449048,1.2767810322870627,204.9474951652079,0,1,1,1,0,1,1,1,0,1,0,1,1,1
param_20122,real_001,0.7197259888215725,0.45309598099894655,0.05419275783423461,0.0689358145788806,4.059036296952068,480.1580832641085,0,1,1,1,0,1,0,1,0,1,0,1,1,1
param_20122,real_002,0.7872467946736486,0.5474765883048862,0.09763053139785313,0.12390687791305571,1.903820560262278,497.8412352000428,1,1,1,1,1,1,1,1,1,1,0,1,0,1
param_20122,real_003,0.7089739266306989,0.3558652234063207,0.041394777043944384,0.058907588445419684,1.8706170540124707,86.27557757994056,1,1,0,0,0,1,0,1,0,1,0,1,0,1
param_20122,real_004,0.6928035856731742,0.3599726324560624,0.06398864844582766,0.08085080559693289,2.490445977011494,82.0466424044206,1,1,0,1,1,1,0,1,0,0,0,1,0,1
param_20122,real_005,0.8313070046335089,0.588548399833194,0.4384918899365573,0.4350387854307204,1.2107837788688853,199.59040671221626,0,1,1,1,0,1,1,1,0,1,0,1,1,1
param_20123,real_001,0.7502734415598279,0.5095631179353315,0.07717607039054244,0.10215714507016922,2.2205494010047664,473.9021418203487,0,1,1,1,0,1,1,1,0,1,0,1,1,1
param_20123,real_002,0.8172400711954048,0.613306257835342,0.1161318750887089,0.15392407749836112,1.0813624783331977,494.1911218778628,1,1,1,1,1,1,1,1,1,1,0,1,0,1
param_20123,real_003,0.7286052431018243,0.4056208343071255,0.0512132852290496,0.07853150456087779,1.0668007637704608,103.83175778201601,1,1,1,0,1,1,0,1,0,1,0,1,0,1
param_20123,real_004,0.7261712612105734,0.42403738188148965,0.08830214397213351,0.11407222636427605,1.558822736342555,84.98555382795068,1,1,0,1,1,1,1,1,0,0,0,1,1,1
param_20123,real_005,0.8755904643186496,0.7125960437711626,0.5025928794926594,0.5203623174021133,0.6285029202164711,207.0134286496218,1,1,1,1,0,1,1,1,0,1,1,1,1,1
param_20124,real_001,0.75625529404611,0.5555154051494319,0.08530785250677743,0.11784753591353934,1.812789176874288,494.6615060484191,1,1,1,1,0,1,1,1,0,1,0,1,1,1
param_20124,real_002,0.8278543495326411,0.6599856017316994,0.12021630162424028,0.17080024699072677,0.7873190613667922,520.0482630024155,1,1,1,1,1,1,1,1,1,1,0,1,1,1
param_20124,real_003,0.7488327654965518,0.5100051557983667,0.08275587621366466,0.12182296562550825,0.721192479030868,64.53379583323081,1,1,1,0,1,1,1,1,0,1,0,1,1,1
param_20124,real_004,0.753148558730199,0.5321125976847298,0.12475239031247704,0.1623657202703902,1.274877142514683,73.2286827935375,1,1,1,1,1,1,1,1,0,0,0,1,1,1
param_20124,real_005,0.9190732740150165,0.7831508352699119,0.5309920311302991,0.5824189130788783,0.3417840271952673,166.50933708502686,1,1,1,1,0,1,1,1,0,1,1,1,1,1
param_20125,real_001,0.8145879611331484,0.6685532983738054,0.14018492746196437,0.20527928461083345,0.4134911660777385,431.45480780280604,1,1,1,1,1,1,1,1,1,1,1,1,1,1
param_20125,real_002,0.8208884958943102,0.6927431451722967,0.12224715931788027,0.18200480162686078,0.061110715726045595,507.1048576844607,1,1,1,1,1,1,1,1,1,1,1,1,0,1
param_20125,real_003,0.7638797485182274,0.5700850689826397,0.09669128975115218,0.15458587813084365,0.004171611969857645,116.54651657657864,1,1,1,0,1,1,1,1,1,1,0,1,0,1
param_20125,real_004,0.8024626943383854,0.6285337706222051,0.17421555533340263,0.23932765925284358,0.2076034740559285,82.10498329653473,1,1,1,1,1,1,1,1,1,0,1,1,1,1
param_20125,real_005,0.9109784368200073,0.8005578318439228,0.4642377106935859,0.5186204637383461,0.18615190991980077,218.68810134509107,1,1,1,1,1,1,1,1,1,1,1,1,1,1
param_20126,real_001,0.7705339068572027,0.38003263804380294,0.047118958778499004,0.06000517743754975,2.946577360401418,414.5987074799825,0,1,0,1,0,1,0,1,0,1,0,1,0,1
param_20126,real_002,0.754268595466641,0.403344270362666,0.06297157388837218,0.07779366094613491,2.303191139379318,105.72952302094615,0,0,0,1,0,1,0,1,0,1,0,1,1,1
param_20126,real_003,0.7430646104684945,0.28887621184709533,0.04393703216076232,0.05998470171738111,2.378285767930905,321.7299233137393,0,1,0,0,0,1,0,1,0,0,0,1,0,1
param_20126,real_004,0.7476687529304641,0.3110868810283889,0.0395425389768136,0.05728668055040119,2.1300776616458896,60.45683632137652,0,1,0,0,0,1,0,1,0,1,0,1,0,1
param_20127,real_001,0.774287418925039,0.3875385712476732,0.05002060609034475,0.06469469037809114,2.6707199588961914,413.6968911537335,0,1,0,1,0,1,0,1,0,1,0,1,0,1
param_20127,real_002,0.758360253521958,0.40956198926168996,0.06615039558192123,0.08328132293135417,2.056003084227827,105.28044999830033,0,0,0,1,0,1,0,1,0,1,0,1,1,1
param_20127,real_003,0.7461089649374297,0.30690050957791043,0.04700467924070642,0.06567395903919988,2.079104988448704,322.1090043036563,0,1,0,0,0,1,0,1,0,0,0,1,0,1
param_20127,real_004,0.7495747750194093,0.31729312922348296,0.04165944819617049,0.061376100237158226,1.912553625723687,60.00980378508721,0,1,0,0,1,1,0,1,0,1,0,1,0,1
param_20127,real_005,0.782973036411024,0.4254002639798577,0.13931418332934947,0.14825882927051534,1.8831369070248807,153.57534309859918,0,1,0,1,0,1,0,1,0,1,0,1,0,1
param_20128,real_001,0.7717535288759657,0.40325872421665365,0.05210898505601256,0.06800131073551256,2.5422580311951246,418.5217444653625,0,1,0,1,0,1,0,1,0,1,0,1,0,1
param_20128,real_002,0.7584473635125074,0.43283763262508573,0.07069528344249087,0.08931918575386258,1.9524229593036933,109.20375470061666,0,0,0,1,0,1,0,1,0,1,0,1,1,1
param_20128,real_003,0.7456718337615779,0.32574169679586445,0.05166279890745423,0.07149677282386974,1.977206916521883,316.4783685753827,0,1,0,0,0,1,0,1,0,0,0,1,0,1
param_20128,real_004,0.7490790117009269,0.3395076773957748,0.045973345336233616,0.0671606475917263,1.8151167471819645,60.41319155367586,0,1,0,0,1,1,0,1,0,1,0,1,0,1
param_20128,real_005,0.7838550094260576,0.4521881552854725,0.1476831200463314,0.15896957886471527,1.8103639957176973,148.74210949727944,0,1,0,1,0,1,0,1,0,1,0,1,0,1
param_20129,real_001,0.8001293755735154,0.46190217306149073,0.06875378005098363,0.09533909373561272,1.5835191658630665,410.67760010644224,1,1,1,1,1,1,1,1,0,1,0,1,0,1
param_20129,real_002,0.787762626560418,0.48000977650315774,0.08575138742719858,0.11670818670694244,1.132547009515179,103.61638303741631,1,0,1,1,1,1,1,1,0,1,0,1,0,1
param_20129,real_003,0.7706875112395462,0.41957491954236736,0.06340776035316627,0.09465295957103428,1.1285953004155391,320.7326634118294,1,1,1,0,1,1,1,1,0,0,0,1,0,1
param_20129,real_004,0.771501136828478,0.40500641535916543,0.057312309732935336,0.08882048591046225,1.0475374795033965,56.29127075224423,1,1,1,0,1,1,1,1,0,1,0,1,0,1
param_20129,real_005,0.8250505899045251,0.5303582635300674,0.18502084179060332,0.21071782975904887,0.974927299295418,153.23806799744628,1,1,1,1,1,1,1,1,0,1,0,1,0,1
param_20130,real_001,0.8014802189565876,0.530451992080148,0.08375110606080449,0.11972571710208887,1.1387426718223774,451.15900486324193,1,1,1,1,1,1,1,1,0,1,0,1,1,1
param_20130,real_002,0.8124709510463333,0.5879872760324791,0.12963011863216958,0.17514038164800488,0.7869439863317632,138.0340835994646,1,0,1,1,1,1,1,1,0,1,0,1,1,1
param_20130,real_003,0.7936381399056747,0.5142278753378827,0.10713026613661376,0.1515519565302449,0.8089756318256651,273.39358497980345,1,1,1,0,1,1,1,1,0,0,0,1,1,1
param_20130,real_004,0.79635072633768,0.5236145671630359,0.09989410901702298,0.14500966586286979,0.7239445300462249,70.78332648415022,1,1,1,0,1,1,1,1,0,1,0,1,1,1
param_20130,real_005,0.8514358989951312,0.6404904417875867,0.2175205925583635,0.25754125679331674,0.6918262378385078,115.28251864000455,1,1,1,1,1,1,1,1,0,1,0,1,1,1
param_20131,real_001,0.8385097020480263,0.6505920022089672,0.13184728615581748,0.18829073672988506,0.043393861207798846,399.0819753085628,1,1,1,1,1,1,1,1,1,1,1,1,1,1
param_20131,real_002,0.80112909676647,0.6352094337391725,0.14305338161828174,0.19804792496005302,0.1035071846093406,93.3602398531037,1,0,1,1,1,1,1,1,1,1,1,1,1,1
param_20131,real_003,0.7763809176960783,0.5958333156694927,0.10380295026119862,0.15425256501556148,0.10817157266683601,314.3960360380107,1,1,1,0,1,1,1,1,1,0,1,1,1,1
param_20131,real_004,0.795448042157342,0.6092269773401351,0.11809598898227229,0.17289405516694567,0.14049104262053283,40.23631436723154,1,1,1,0,1,1,1,1,1,1,1,1,1,1
param_20131,real_005,0.8587517137538101,0.7154925314300595,0.2393317484949237,0.28388312218267664,0.18258031677595138,147.252518291676,1,1,1,1,1,1,1,1,1,1,1,1,1,1
param_20132,real_002,0.7059513043816077,0.37371874041892866,0.06990186213579767,0.0824438179607877,2.569791967318665,123.48387791504157,0,1,0,1,0,1,0,1,0,1,0,1,1,1
param_20132,real_003,0.7822931049761734,0.45237788831258813,0.07745639930332318,0.09426979467819294,2.016212542230574,284.6748552902145,1,1,0,1,1,1,0,1,0,0,0,1,0,1
param_20132,real_004,0.7771773396347919,0.44460631477318313,0.09774729692912786,0.10864834968400877,2.4040362636832713,153.4735795768586,0,1,0,1,0,1,0,1,0,1,0,1,1,1
param_20132,real_005,0.7102312882925976,0.40098523762751037,0.07799160436405352,0.0930984872716787,2.6092203898050976,399.0645287810969,0,1,0,1,0,0,0,1,0,0,0,1,1,1
param_20133,real_001,0.7317659574002042,0.3921669996497586,0.07994524442973475,0.09845523622151794,2.0058339450604645,40.144859783113,0,1,1,1,1,1,1,1,0,1,0,1,0,1
param_20133,real_002,0.7098718853084038,0.38616484664458695,0.07377864489681919,0.08828027516687559,2.2826402074273697,124.95378829244734,0,1,0,1,0,1,0,1,0,1,0,1,1,1
param_20133,real_003,0.7897642647895369,0.4688322672285504,0.08281649349623457,0.1028819633999301,1.7234165448277108,284.4546747451353,1,1,0,1,1,1,0,1,0,0,0,1,0,1
param_20133,real_004,0.7824059298772505,0.4658149489929953,0.10507051742282913,0.11850634515304248,2.086959373770062,154.3793527740837,0,1,0,1,0,1,0,1,0,1,0,1,1,1
param_20133,real_005,0.7167428332248358,0.41686943408945126,0.08785867381332478,0.10630500697220178,2.1211590820692336,396.06896602108696,0,1,0,1,0,0,0,1,0,0,0,1,1,1
param_20134,real_001,0.7329085956837785,0.41519834275889267,0.08397981529371533,0.10432564528433709,1.9205848677665784,44.0808250035737,0,1,1,1,1,1,1,1,0,1,0,1,0,1
param_20134,real_002,0.7092149790374562,0.40403184775439727,0.07777604920435471,0.09391725245699316,2.21741305478849,124.72596254283737,0,1,0,1,0,1,0,1,0,1,0,1,1,1
param_20134,real_003,0.7901763853259949,0.4843886109785585,0.08708283404455018,0.10910947435021708,1.6247303597522789,287.85385672386076,1,1,0,1,1,1,0,1,0,0,0,1,0,1
param_20134,real_004,0.7831690586706189,0.49003328860374795,0.10980405110863226,0.12459037402090328,2.03859067625156,154.28626077011953,0,1,0,1,0,1,0,1,0,1,0,1,1,1
param_20134,real_005,0.7156957121564959,0.42815510867811907,0.08981414095959121,0.10935499283545472,2.099392742956462,395.81468622962035,0,1,0,1,0,0,0,1,0,0,0,1,1,1
param_20135,real_001,0.7719149258458452,0.4976604777390202,0.11351669272997439,0.15026208544933412,0.9662850355093892,38.62402845066734,0,1,1,1,1,1,1,1,0,1,1,1,0,1
param_20135,real_002,0.7337557352177191,0.4639065924005055,0.0889199136420788,0.11758314893674596,1.3000786782061369,139.46497648845263,1,1,1,1,1,1,1,1,0,1,0,1,1,1
param_20135,real_003,0.81356560084778,0.5358211577759079,0.10307110658387914,0.13532463936961112,0.8332260063424176,287.6254230644736,1,1,1,1,1,1,0,1,1,0,0,1,1,1
param_20135,real_004,0.8212848731280395,0.5768354878015522,0.13823441089118294,0.16577916288337546,1.08096634877585,162.75410419656157,1,1,0,1,1,1,0,1,0,1,0,1,1,1
param_20136,real_001,0.7980120215729337,0.5904903079316827,0.1460843148394115,0.19522194132736304,0.7201543274705109,73.48514766065921,1,1,1,1,1,1,1,1,0,1,1,1,1,1
param_20136,real_002,0.7568860316729626,0.5608651645982811,0.11645842055396705,0.1589091762298911,1.0577048592892153,133.0345372866028,1,1,1,1,1,1,1,1,0,1,0,1,1,1
param_20136,real_003,0.8342575826455487,0.6208750674612106,0.1347601640243914,0.17971419927491433,0.5736501215073165,314.2771324524207,1,1,1,1,1,1,0,1,1,0,0,1,1,1
param_20136,real_004,0.8444282905386102,0.6473230907500965,0.17441882412932713,0.21545384519247313,0.8768312461779798,158.17428244518044,1,1,0,1,1,1,1,1,0,1,0,1,1,1
param_20136,real_005,0.754348886867775,0.5560476130476479,0.13783947757557344,0.17743313735729008,0.9244430824984012,387.60089876922905,1,1,0,1,1,0,0,1,0,0,0,1,1,1
param_20137,real_001,0.8151893471712041,0.6630197100046656,0.17404883137375407,0.22813173877066867,0.0776471704040925,34.68556948314407,1,1,1,1,1,1,1,1,1,1,1,1,1,1
param_20137,real_002,0.7624434341563124,0.6110497982058175,0.11447419929555191,0.1765420561333812,0.042115769756755184,196.1987582299797,1,1,1,1,1,1,1,1,1,1,1,1,1,1
param_20137,real_003,0.8345583047928778,0.6788992515473359,0.14695091850501873,0.2036152372524993,0.06509858352025578,304.72756878921115,1,1,1,1,1,1,1,1,1,0,1,1,1,1
param_20137,real_004,0.8285936440659972,0.6818726934759097,0.15384137584327906,0.20004441604866446,0.0964428344682812,211.63302216477211,1,1,1,1,1,1,1,1,1,1,1,1,1,1
param_20137,real_005,0.7876496566588489,0.6484387723258707,0.16676370415046535,0.22612953671841723,0.03403330435364141,423.75155608472335,1,1,1,1,1,0,1,1,1,0,1,1,1,1
param_20138,real_001,0.7125866168800136,0.38327188943308355,0.07749644049891033,0.0932490525130671,2.222381189350585,51.519627832118005,0,1,0,1,1,1,0,1,0,1,0,1,1,1
param_20138,real_002,0.6998303864351899,0.40817533330809347,0.08374557515716702,0.09552749415710694,2.8123557724006067,80.36042065828596,0,1,0,1,0,1,0,1,0,1,0,1,1,1
param_20138,real_003,0.7686901750139389,0.46991620399741163,0.085173853544832,0.10473936666729973,1.8462461152608909,256.6515586473888,1,1,0,1,1,1,0,0,0,0,0,1,0,1
param_20138,real_004,0.771809374916316,0.48408031388338446,0.12377901896056633,0.13157240813287957,2.5749541814164845,175.90578983934503,0,1,0,1,0,1,0,1,0,0,0,1,1,1
param_20138,real_005,0.6969417844130747,0.41107084950762796,0.07503236798379478,0.09271525320976623,2.8736992195317193,436.0169408064097,0,1,0,1,0,0,0,1,0,0,0,1,1,1
param_20139,real_001,0.7223679721700984,0.40601869907936766,0.08581584724200772,0.10487904943094742,1.8097812330500813,51.76764741004778,0,1,1,1,1,1,1,1,0,1,0,1,1,1
param_20139,real_002,0.7045472831416295,0.42255153355759384,0.08848737489546543,0.1021553974712961,2.4973688985665032,82.52700430472174,1,1,0,1,0,1,0,1,0,1,0,1,1,1
param_20139,real_003,0.7748352397152865,0.4827440978922396,0.09102316191354679,0.11388317716517857,1.5701836443306583,258.65567892853187,1,1,0,1,1,1,0,0,0,0,0,1,0,1
param_20139,real_004,0.7769960641182769,0.5058910561956935,0.13367879353022197,0.14358590814780828,2.224063759452973,171.51814758731663,0,1,0,1,0,1,0,1,0,0,0,1,1,1
param_20139,real_005,0.7038457647253324,0.4272112253011271,0.08936810424676764,0.10799426799314948,2.2859780163816152,427.0399094529643,0,1,0,1,0,0,0,1,0,0,0,1,1,1
param_20140,real_001,0.7239139126311251,0.4230438018699847,0.08948246944610468,0.11068543785117482,1.7672049999109702,51.03609574292711,0,1,1,1,1,1,1,1,0,1,0,1,1,1
param_20140,real_002,0.7044218734920895,0.4431518885616845,0.09184024883222816,0.10735874543691634,2.4289272371464152,82.3288825036143,1,1,0,1,0,1,0,1,0,1,0,1,1,1
param_20140,real_003,0.7766677094879584,0.5001929952491984,0.09590803798752104,0.12103245762716165,1.4893343082400814,258.69427072042873,1,1,0,1,1,1,0,0,0,0,0,1,1,1
param_20140,real_004,0.7782808431694508,0.5288584621976969,0.1386601366790473,0.15027980865709148,2.1704406296617904,173.17882034566438,0,1,0,1,0,1,0,1,0,0,0,1,1,1
param_20140,real_005,0.7036586461899386,0.43929827206306477,0.09144615316108824,0.11124724423037298,2.2512754834239646,427.0641685583487,0,1,0,1,0,0,0,1,0,0,0,1,1,1
param_20141,real_001,0.7607647110071974,0.49498307224460775,0.12048105572083204,0.15933542888469993,0.8193727390861518,52.31395903009836,0,1,1,1,1,1,1,1,1,1,1,1,1,1
param_20141,real_002,0.7284129739917574,0.49277842439438146,0.10373002132932381,0.12977916005545342,1.5078575662507772,111.36095407419634,1,1,0,1,1,1,1,1,0,1,0,1,1,1
param_20141,real_003,0.7904835489400454,0.531565890188229,0.10505502269245656,0.13811189502603283,0.7851451629449783,270.67267802891655,1,1,1,1,1,1,0,0,1,0,0,1,1,1
param_20141,real_004,0.8123235537731175,0.597773217194917,0.16402365168058902,0.18776883045527548,1.2513953230983288,156.37818426134947,1,1,0,1,1,1,0,1,0,0,0,1,1,1
param_20142,real_001,0.7937887037312104,0.5931288029452569,0.15806197917031053,0.21066715415376058,0.6009992788709179,51.27231567625653,1,1,1,1,1,1,1,1,1,1,1,1,1,1
param_20142,real_002,0.7525605248924839,0.5738958438291651,0.12976903887129806,0.1690823576965258,1.2128305545279432,99.68095684706809,1,1,0,1,1,1,1,1,0,1,0,1,1,1
param_20142,real_003,0.8186959357048619,0.6238705796870956,0.14038604564601426,0.18705446777329002,0.5153998742077507,271.68520115608567,1,1,1,1,1,1,0,0,1,0,0,1,1,1
param_20142,real_004,0.8394532367589019,0.6672970963215568,0.20148979300597328,0.24037960587298446,0.9681271596406358,162.6298528116968,1,1,0,1,1,1,1,1,0,0,0,1,1,1
param_20142,real_005,0.748352082769649,0.5656274324394106,0.1416769800116543,0.18197672350390307,0.9987995972842502,398.5838127233103,1,1,0,1,1,0,0,1,0,0,0,1,1,1
param_20143,real_001,0.8134906072490152,0.6610522770799078,0.1953556562618141,0.25116159882371236,0.053394243947007765,30.41267990779143,1,1,1,1,1,1,1,1,1,1,1,1,1,1
param_20143,real_002,0.7621859619048894,0.6088329801805663,0.1325931212740032,0.19309729226551717,0.191313723739604,198.44036251280494,1,1,1,1,1,1,1,1,1,1,1,1,1,1
param_20143,real_003,0.8266180642003853,0.6755090762743322,0.1562588471734702,0.2219754038509768,0.0023874139122865407,307.33502858493307,1,1,1,1,1,1,1,0,1,0,1,1,1,1
param_20143,real_004,0.8359524875012824,0.6928533058539635,0.18480562408545803,0.2335724291015688,0.046370832719431015,192.1736218802931,1,1,1,1,1,1,1,1,1,0,1,1,1,1
param_20143,real_005,0.7802391192482836,0.649022622842833,0.16577775614561485,0.22586968105106223,0.09431975577352517,390.35223505361046,1,1,1,1,1,0,1,1,1,0,1,1,1,1
param_20144,real_001,0.711701179518667,0.3614573511180803,0.044761906802692444,0.05766344777584795,3.10947753515491,75.04480757145282,0,1,0,1,0,1,0,1,0,1,0,1,1,1
param_20144,real_002,0.7548226573005999,0.41241944464774555,0.0968081841552518,0.11136650757437822,1.9394434974892891,555.7065199961095,0,1,0,1,0,1,0,0,0,1,0,0,1,1
param_20144,real_003,0.7244018729103908,0.35637424215083774,0.04785571299539071,0.0629244240338721,2.7561311174684984,259.7601094340909,1,1,0,1,0,1,0,1,0,1,0,1,0,1
param_20144,real_004,0.7669865661826819,0.39154057857363384,0.046349318078828014,0.05771398347574836,3.1876468307369477,80.36154237234335,0,1,0,1,0,1,0,1,0,1,0,1,0,1
param_20144,real_005,0.7473431584657609,0.36512018742454155,0.05838743166391227,0.07557786748142105,2.582983568494374,289.7144464579019,0,1,0,1,0,1,1,1,0,0,0,1,0,1
param_20145,real_001,0.7139601139800288,0.3648007188282945,0.046990513915976716,0.06170664745713321,2.820504644686776,74.24426093679261,0,1,0,1,0,1,0,1,0,1,0,1,1,1
param_20145,real_002,0.7601414552900816,0.4329886740402457,0.1013833109234901,0.11892817288709794,1.6970939448377893,557.2791329032847,0,1,0,1,0,1,0,0,0,1,0,0,1,1
param_20145,real_003,0.7282522296486341,0.36598843249484575,0.05122660204502195,0.06831787690164791,2.4856013780524875,259.863792371723,1,1,0,1,1,1,0,1,0,1,0,1,0,1
param_20145,real_004,0.7711593189330926,0.4022080857195169,0.04918754914048803,0.062330795581133185,2.891045883225601,81.24896697036249,0,1,0,1,0,1,0,1,0,1,0,1,0,1
param_20145,real_005,0.7511387745968537,0.3701802971485321,0.06186384760341374,0.0813771479791205,2.340041623309053,290.49109989447936,0,1,1,1,0,1,1,1,0,0,0,1,0,1
param_20146,real_001,0.7127574195666445,0.38602037178464277,0.050651776991868444,0.06667656423610092,2.7275593164094905,79.51138062770684,0,1,0,1,0,1,0,1,0,1,0,1,1,1
param_20146,real_002,0.7605149146964976,0.4554254129930231,0.10581538471248905,0.12550681371544584,1.6452676091372662,552.6687465256059,0,1,0,1,0,1,0,0,0,1,0,0,1,1
param_20146,real_003,0.7259163792388752,0.38113758286638544,0.05331146972798226,0.07135004649449408,2.3659562809448325,256.3585519715668,1,1,0,1,1,1,0,1,0,1,0,1,0,1
param_20146,real_004,0.7686542977094645,0.4184323784609106,0.05123267695265451,0.06528808868829933,2.687689557515014,75.10054582839496,0,1,0,1,0,1,0,1,0,1,0,1,0,1
param_20146,real_005,0.7495244357261517,0.3873359367069604,0.06453707358294145,0.08600282978751426,2.2246132208157525,285.85160438346657,0,1,1,1,0,1,1,1,0,0,0,1,0,1
param_20147,real_001,0.736265692978829,0.4263191232178283,0.06244110291018754,0.08894383695702186,1.7026766917293232,71.00046216952977,1,1,1,1,1,1,1,1,0,1,0,1,1,1
param_20147,real_002,0.7937586573915543,0.5389758920354667,0.12566905672984605,0.1604085781380834,0.8307581952514167,565.7195661050149,1,1,1,1,1,1,1,0,0,1,0,0,1,1
param_20147,real_003,0.754474054553207,0.45124468196094386,0.07250990470347811,0.1009817996447611,1.4687029036471415,258.1630065993497,1,1,1,1,1,1,1,1,0,1,0,1,0,1
param_20147,real_004,0.7987825769168145,0.486583282902906,0.06671920889788599,0.09067410360429091,1.7384851739156375,83.5817992051433,1,1,1,1,1,1,1,1,0,1,0,1,0,1
param_20147,real_005,0.7777930601071898,0.43589541450380925,0.08674048335428303,0.12118400520603594,1.3361524352965153,291.9282835442506,1,1,1,1,1,1,1,1,0,0,0,1,0,1
param_20148,real_001,0.7474000525432852,0.5153834176762816,0.08900748899156836,0.12731104362029974,1.3847041808749188,114.23090720643997,1,1,1,1,1,1,1,1,0,1,0,1,1,1
param_20148,real_002,0.8166564612677887,0.6072887805459429,0.15783734030019528,0.20705246926332926,0.62676235882008,528.5749411109266,1,1,1,1,1,1,1,0,0,1,0,0,1,1
param_20148,real_003,0.7655960261765759,0.5112418560165605,0.09633016060840895,0.13551155067391818,1.04797342350924,231.6755933193586,1,1,1,1,1,1,1,1,0,1,0,1,1,1
param_20148,real_004,0.8022058194864067,0.5632923202945603,0.08473485351206486,0.11885753917528757,1.2839389453518604,49.363932383285494,1,1,1,1,1,1,1,1,0,1,0,1,1,1
param_20148,real_005,0.790709933646695,0.5294661613708959,0.10828635902963096,0.15761616894844838,0.9055472441879794,254.18059629301013,1,1,1,1,1,1,1,1,0,0,0,1,1,1
param_20149,real_001,0.7798357046088803,0.6152396904996492,0.11761454720792465,0.17891341233450714,0.1256004459113313,55.01481212799937,1,1,1,1,1,1,1,1,1,1,1,1,1,1
param_20149,real_002,0.7933651183856284,0.6497702548776806,0.14150641934279112,0.19719380440874526,0.22107402705210216,598.0886011546822,1,1,1,1,1,1,1,0,1,1,1,0,1,1
param_20149,real_003,0.8017812326515975,0.6284430424714966,0.1342727305529395,0.19418561149683294,0.05577278391268852,251.79978736329923,1,1,1,1,1,1,1,1,1,1,1,1,1,1
param_20149,real_004,0.8265613666431105,0.6593073561972638,0.1132205092584048,0.16602776539248937,0.12364439765967343,86.87107568857697,1,1,1,1,1,1,1,1,1,1,1,1,1,1
param_20149,real_005,0.8310485298184368,0.6520253389527472,0.17205710390270623,0.23504819713469438,0.042296973928403064,296.13500400962255,1,1,1,1,1,1,1,1,1,0,1,1,1,1
param_20150,real_001,0.7117969323586211,0.4086896001091445,0.05852814187243559,0.0776688747559315,2.3234955997780067,224.5217957555613,0,1,0,1,0,1,1,1,0,1,0,1,1,1
param_20150,real_002,0.804955019180502,0.5423269970149723,0.23809920879897561,0.25438346310000165,2.0958422970540456,151.40534031790898,0,1,0,1,1,1,1,1,0,1,0,1,0,1
param_20150,real_003,0.7740719694983907,0.4467035222086791,0.10388301188357811,0.11680325880382623,2.2852854901425745,257.8229775738583,0,1,0,1,0,1,0,1,0,0,0,1,0,1
param_20150,real_004,0.7535965525558184,0.436508126508839,0.09657310699178184,0.10684481119401071,2.6958709139252384,372.63523228376516,0,1,0,1,0,1,0,1,0,0,0,0,1,1
param_20150,real_005,0.7260893786550927,0.3809830442824157,0.07897663941843397,0.08962564788748534,2.6930039889536665,406.4545619570764,1,1,0,1,1,1,0,1,0,0,0,1,0,1
param_20151,real_001,0.7166395092328003,0.42278404202597686,0.06556023442979594,0.08734383325378449,1.9331595703739985,223.10395430628998,0,1,0,1,0,1,1,1,0,1,1,1,1,1
param_20151,real_002,0.8143383803124503,0.5681109517312652,0.2517558781342258,0.27281455479868455,1.7669367654849026,151.21763824553832,0,1,1,1,1,1,1,1,0,1,0,1,0,1
param_20151,real_003,0.7840080164226637,0.474224204230369,0.11432829836584854,0.13029988388417252,1.8654132206818588,256.22197965779594,0,1,0,1,0,1,0,1,0,0,0,1,1,1
param_20151,real_004,0.7617439661371159,0.4594021842909352,0.10809282661109432,0.1218538124230872,2.1570731924558553,370.6161136477837,0,1,0,1,0,1,1,1,0,0,0,0,1,1
param_20151,real_005,0.7329186286654503,0.3988227053301607,0.08328079590111148,0.09546467869971943,2.4630973178501696,408.0231249481907,1,1,0,1,1,1,0,1,0,0,0,1,0,1
param_20152,real_001,0.7146089937549337,0.4350826989611061,0.06747174491011901,0.09029021882033346,1.8850137646249139,223.38186033770518,0,1,0,1,0,1,1,1,0,1,0,1,1,1
param_20152,real_002,0.8148199770230525,0.574028008477598,0.2517184949697185,0.2758299334582838,1.6952832352266647,152.53872416323333,0,1,1,1,1,1,1,1,0,1,0,1,0,1
param_20152,real_003,0.7838172086826094,0.49286511825956325,0.1187146337135779,0.13627711374606555,1.821210286852434,259.9030992235721,0,1,0,1,0,1,0,1,0,0,0,1,1,1
param_20152,real_004,0.7617823576951066,0.4742005410213087,0.11062845852865758,0.1259406711355363,2.1103920321172365,372.81341726607474,0,1,0,1,0,1,1,1,0,0,0,0,1,1
param_20152,real_005,0.7341007106964069,0.4189581492945533,0.0889269138487837,0.10366618441434616,2.3213814038753426,402.7892813396336,1,1,0,1,1,1,0,1,0,0,0,1,0,1
param_20153,real_001,0.7475919922065485,0.5015138583563895,0.09435857169910399,0.12862140348375273,1.0364720599487471,214.29660470912125,1,1,1,1,1,1,1,1,1,1,1,1,1,1
param_20153,real_002,0.865414405378793,0.6805080565777695,0.31226105095000195,0.3570933528256864,0.8213847524829199,147.68935031604315,1,1,1,1,1,1,1,1,0,1,1,1,0,1
param_20153,real_003,0.8256405079615067,0.5801729872041781,0.15417926944198648,0.18504007717595733,0.8944324976397776,243.1030117849728,1,1,1,1,1,1,1,1,0,0,1,1,1,1
param_20153,real_004,0.8017812943197423,0.5537011639741771,0.1512832352516093,0.17950501156165072,1.0005220679534936,355.2168242185588,0,1,0,1,0,1,1,1,0,0,1,0,1,1
param_20153,real_005,0.7571452510258638,0.4689740308253173,0.10738893968641362,0.1329513496990262,1.5593444316179599,411.37089948315605,1,1,1,1,1,1,1,1,0,0,0,1,0,1
param_20154,real_001,0.7684489761090623,0.5745451969062415,0.11748964122418425,0.16508129466174673,0.7921676767028997,217.58767961176318,1,1,1,1,1,1,1,1,1,1,1,1,1,1
param_20154,real_002,0.8908537713106942,0.7147745987229631,0.3092911113642238,0.3668289346849977,0.5206322849163818,157.38158370000122,1,1,1,1,1,1,1,1,0,1,1,1,1,1
param_20154,real_003,0.8547716803226848,0.6595867899450486,0.19174695448422951,0.23958075230380857,0.6688652220117359,270.38936988118974,1,1,1,1,1,1,1,1,0,0,1,1,1,1
param_20154,real_004,0.8160033629777653,0.605313535848434,0.16790885113130663,0.2059401606199431,0.8025681774839489,368.4867665952058,0,1,1,1,0,1,1,1,0,0,1,0,1,1
param_20154,real_005,0.7858091006656623,0.5749275099658238,0.13797018424508822,0.17971234911654516,0.9078659827666248,367.14077137876245,1,1,1,1,1,1,1,1,1,0,0,1,1,1
param_20155,real_002,0.8961401950580558,0.7617242818342933,0.3339265041325039,0.3910194932972775,0.13953275532804138,107.84851830023143,1,1,1,1,1,1,1,1,1,1,1,1,1,1
param_20155,real_003,0.8397543589097775,0.6933472126933434,0.1859990899704373,0.23740280812831557,0.12074222387214957,183.65269555305616,1,1,1,1,1,1,1,1,1,0,1,1,1,1
param_20155,real_004,0.8346804180916051,0.6887831942744072,0.1925042116475183,0.23787716067678097,0.09405690698461991,273.5783863735313,1,1,1,1,1,1,1,1,1,0,1,0,1,1
param_20155,real_005,0.8132149020583377,0.6398086524613281,0.16278587087655413,0.22619172611456612,0.1376937827472587,405.9852047158736,1,1,1,1,1,1,1,1,1,0,1,1,0,1
param_20156,real_001,0.7276561553078876,0.43128836394817655,0.06486017538963867,0.08406778221630909,2.5686811489755996,663.4774672809597,1,1,0,1,1,1,0,1,0,0,0,1,1,1
param_20156,real_002,0.6957238785394579,0.42871841036323377,0.08354282919397495,0.09881841087049198,2.531730096780743,244.27331298050095,0,1,0,1,0,0,0,1,0,1,0,1,1,1
param_20156,real_003,0.7483659743615622,0.39808390363767954,0.10201174130857144,0.11343020244723567,2.680269078273266,61.410907832997374,0,1,0,1,0,1,0,1,0,1,0,1,1,1
param_20156,real_005,0.7523263731114804,0.5468774077033912,0.16246197282410837,0.17789043302489663,1.5807324677104388,392.40357079894534,1,1,0,1,1,1,0,1,0,0,0,1,1,1
param_20157,real_001,0.7329887064337348,0.4392458540682261,0.07175940813149825,0.09340111313115479,2.16883330590752,657.0340944407953,1,1,0,1,1,1,0,1,0,0,0,1,1,1
param_20157,real_002,0.7025433097529781,0.4395337679711983,0.09451432242827282,0.11291269668885681,2.032112490557998,230.65846612974968,0,1,0,1,0,0,0,1,0,1,0,1,1,1
param_20157,real_003,0.7557578451732376,0.4150371031536027,0.11227209489785621,0.1264481601313075,2.1945475638051044,63.27575831590772,0,1,1,1,0,1,0,1,0,1,0,1,1,1
param_20157,real_004,0.7258180192425786,0.3675452715796536,0.07356472255124237,0.08223690972039165,3.4494169271459487,102.23453820002157,0,1,0,1,0,0,0,1,0,0,0,1,1,1
param_20157,real_005,0.7623059162227898,0.5716149117345471,0.17060443025910532,0.18784385978041784,1.3998152248363307,386.42123445427023,1,1,0,1,1,1,0,1,1,0,0,1,1,1
param_20158,real_001,0.7308572838654015,0.46420349010252854,0.07309124588698337,0.09644399420510698,2.104743649457203,660.1426207544467,1,1,0,1,1,1,0,1,0,0,0,1,1,1
param_20158,real_002,0.7019995803593844,0.44716224530546156,0.09733361041676675,0.11716590151186729,1.9868734855856371,231.35724421103765,0,1,0,1,0,0,0,1,0,1,0,1,1,1
param_20158,real_003,0.7559515636855683,0.42674481898241223,0.11427883403132863,0.12946447544648076,2.148165085172059,67.66875383613444,0,1,1,1,0,1,0,1,0,1,0,1,1,1
param_20158,real_004,0.7256881217021991,0.3796255633277506,0.07758027511783064,0.08731871995722082,3.407687498139161,105.01362197604244,0,1,0,1,0,0,0,1,0,0,0,1,1,1
param_20158,real_005,0.7654758093797445,0.5878602027519415,0.1742351965706942,0.19421450740632218,1.3434491126009116,388.6259103196891,1,1,0,1,1,1,0,1,1,0,0,1,1,1
param_20159,real_001,0.7598662419987855,0.5160629376442405,0.09483163303860255,0.1306596121024835,1.2198270893371759,626.9887322921963,1,1,1,1,1,1,1,1,0,0,0,1,1,1
param_20159,real_002,0.7390276277107486,0.5232489429627826,0.14114886739525642,0.1697871841476865,0.9450228605506411,162.06307665691824,0,1,0,1,0,0,1,1,1,1,1,1,1,1
param_20159,real_003,0.7875104088667669,0.4910115573100138,0.15213866810046428,0.17851479182809263,1.1815805109922757,73.67156371546263,1,1,1,1,1,1,1,1,0,1,0,1,1,1
param_20159,real_004,0.7655677902891653,0.4880238052326436,0.10704290075902229,0.1313105046754918,1.6400534997770844,96.99293424786089,0,1,1,1,0,0,1,1,0,0,0,1,1,1
param_20159,real_005,0.7930870046305708,0.6432875121392904,0.19767117170009915,0.22328601988703706,0.8150910208064769,371.9478442639223,1,1,0,1,1,1,0,1,1,0,0,1,1,1
param_20160,real_001,0.7816619379366706,0.6125976648682678,0.11331327477761992,0.16806179067110733,0.9030954550944887,644.3757182531668,1,1,1,1,1,1,1,1,1,0,0,1,1,1
param_20160,real_002,0.7683381269660304,0.5820053564367607,0.17488185814035762,0.2176050395166016,0.7555677663893063,163.24896590794515,0,1,1,1,1,0,1,1,1,1,1,1,1,1
param_20160,real_003,0.8146260924500446,0.5741219655223001,0.1740994701161738,0.21117115852658486,0.9253501759619642,106.47340817002387,1,1,1,1,1,1,1,1,0,1,0,1,1,1
param_20160,real_004,0.7909082523333304,0.5766920964147336,0.14365629243839073,0.18032308799864297,1.2940711584950102,122.85126383714089,0,1,1,1,0,0,1,1,0,0,0,1,1,1
param_20160,real_005,0.8313004403308293,0.7022918557333478,0.22368786310579222,0.2650108930762699,0.5175060435132958,383.93266252179296,1,1,0,1,1,1,0,1,1,0,1,1,1,1
param_20161,real_001,0.8086186528630712,0.6877103694669927,0.17180474570049523,0.23972008053890692,0.02114609601470623,556.8924975064683,1,1,1,1,1,1,1,1,1,0,1,1,1,1
param_20161,real_002,0.8121427169363804,0.676435548046544,0.22072980823352661,0.28986584561109996,0.050106988818159254,95.48864330036838,1,1,1,1,1,0,1,1,1,1,1,1,1,1
param_20161,real_003,0.8641369769748437,0.6880241873894124,0.25737177717835086,0.3218229806808881,0.06271225686940414,78.29786685652485,1,1,1,1,1,1,1,1,1,1,1,1,1,1
param_20161,real_004,0.8097817343300773,0.6511562709493965,0.17973144804814578,0.23415595904180797,0.049355675583719644,84.02988939444128,1,1,1,1,1,0,1,1,1,0,1,1,1,1
param_20161,real_005,0.817602248510596,0.7135647878217095,0.20638286500543152,0.2634625760819846,0.05615175948026889,387.6646127793275,1,1,1,1,1,1,1,1,1,0,1,1,1,1
