param_folder,realization,global_ssim,plume_ssim,iou_0.001,iou_0.0001,area_rel_err_1e-3_d365,centroid_err_m_d365,exceed_w500_+400_true,exceed_w500_+400_pred,exceed_w500_-400_true,exceed_w500_-400_pred,exceed_w1000_+400_true,exceed_w1000_+400_pred,exceed_w1000_-400_true,exceed_w1000_-400_pred,exceed_w1500_+600_true,exceed_w1500_+600_pred,exceed_w1500_-600_true,exceed_w1500_-600_pred,exceed_w1900_+0_true,exceed_w1900_+0_pred
param_20000,real_001,0.773650467738592,0.4215286415248757,0.06223283024909203,0.07332862017043718,2.5396755616125204,490.8589135418771,0,1,0,1,0,1,0,1,0,1,0,1,0,1
param_20000,real_002,0.7975494804782318,0.43245109106738316,0.140931235411968,0.15077137341192226,2.250649898904615,131.99380125239193,0,1,0,1,0,1,0,1,0,1,0,1,0,1
param_20000,real_003,0.7623452902734169,0.3870707513902682,0.050104649514810126,0.06507125867703356,2.966083421306799,261.91183518928835,0,1,0,1,0,1,0,1,0,1,0,1,0,0
param_20000,real_004,0.7561019308766788,0.36900730407973675,0.04585452025178511,0.06228272551676172,2.5953967830800675,32.21917682549158,0,1,0,1,0,1,0,1,0,1,0,1,1,1
param_20000,real_005,0.7775205832325787,0.3970257116108014,0.11980279051070448,0.13171427386311496,2.3227356909780403,77.31355007923003,0,1,0,1,0,1,0,1,0,1,0,1,0,1
param_20001,real_001,0.7780122922974126,0.43258110420503504,0.06594685121719891,0.07883579388225946,2.301568426447975,490.2176145632854,0,1,0,1,0,1,0,1,0,1,0,1,0,1
param_20001,real_002,0.8027406517857965,0.4468228046059799,0.14625592062047568,0.15879812407602104,2.023768187830688,132.49315765276657,0,1,0,1,0,1,0,1,0,1,0,1,0,1
param_20001,real_003,0.7660911254063584,0.39162678891231595,0.05323990664953413,0.06992661490733872,2.7143758677268712,261.4736645362041,0,1,0,1,0,1,0,1,0,1,0,1,0,0
param_20001,real_004,0.7598187005147973,0.37752940166425025,0.04883648987749093,0.06727747876560426,2.351266281501729,31.681425465680167,0,1,0,1,0,1,0,1,0,1,0,1,0,1
param_20001,real_005,0.7829897260502827,0.4098722037363776,0.12598992290283176,0.14024253461742112,2.088744056402689,77.06382446502603,0,1,0,1,0,1,0,1,0,1,0,1,0,1
param_20002,real_001,0.7759885328434524,0.44574456887711933,0.06854298788408807,0.08256211942514648,2.189992274321032,495.20429925273027,0,1,0,1,0,1,0,1,0,1,0,1,0,1
param_20002,real_002,0.8009784141536886,0.4586414271848694,0.1458568151643156,0.15986778640783858,1.923350517523878,127.9299581335375,0,1,0,1,0,1,0,1,0,1,0,1,1,1
param_20002,real_003,0.763071348997765,0.4099482311232292,0.054454086186951134,0.07255318371700072,2.5840945073681647,265.23717950403017,0,1,0,1,0,1,0,1,0,1,0,1,0,0
param_20002,real_004,0.7578455151385057,0.3885138191986182,0.05120705034705276,0.07081397730016534,2.247241061037762,36.77988820645964,0,1,0,1,0,1,0,1,0,1,0,1,1,1
param_20002,real_005,0.781551753166621,0.4198802347327924,0.12696457600688474,0.14259757502084278,1.983686398732924,79.57398635053389,0,1,0,1,0,1,0,1,0,1,0,1,0,1
param_20003,real_001,0.8052517630902549,0.5085246424122485,0.08732305704389078,0.1119009726879638,1.3468870234347674,487.9066910749717,1,1,1,1,1,1,1,1,0,1,0,1,0,1
param_20003,real_002,0.8367983839069083,0.5350276828924682,0.17337509893140246,0.20255330291457935,1.155335228863124,133.73770568942516,1,1,1,1,1,1,1,1,0,1,0,1,0,1
param_20003,real_003,0.7934504672507319,0.4586055923355768,0.07340357258157963,0.10200387878243397,1.650306195965418,261.0444531296557,1,1,1,1,1,1,1,1,0,1,0,1,0,0
param_20003,real_004,0.7901127725573239,0.4595107121890451,0.06868679253922456,0.10067316894427628,1.3878773570985923,31.570844232594254,1,1,1,1,1,1,1,1,0,1,0,1,0,1
param_20003,real_005,0.8184804938324871,0.4932453947110082,0.16018719622668537,0.18854264973387708,1.192246708851553,77.19687233077715,1,1,1,1,1,1,1,1,0,1,0,1,0,1
param_20004,real_001,0.811823512757245,0.5685758382948984,0.11235269188787189,0.14688745332454842,0.9399816885119506,529.0269930581171,1,1,1,1,1,1,1,1,0,1,0,1,1,1
param_20004,real_002,0.8449078978589939,0.5956410995454007,0.1809945469751425,0.2219504802001693,0.7988688060986106,98.33257943247682,1,1,1,1,1,1,1,1,0,1,0,1,1,1
param_20004,real_003,0.7933251758547758,0.5372096659733818,0.0805056730948907,0.11703508798402322,1.1666053154678642,293.6434383074425,1,1,1,1,1,1,1,1,0,1,0,1,1,0
param_20004,real_004,0.8051846397271354,0.5418864185247715,0.09361525888316966,0.1369864500177455,0.9870343540505365,72.84721401535197,1,1,1,1,1,1,1,1,0,1,0,1,1,1
param_20004,real_005,0.8356204100668682,0.5697729598864842,0.1824232554811325,0.22194375946010556,0.8178813538877229,103.49956261426289,1,1,1,1,1,1,1,1,0,1,0,1,1,1
param_20005,real_001,0.8159791413783847,0.6475719323612935,0.12766942690177877,0.17218370931174806,0.022620644448625583,477.40430612651437,1,1,1,1,1,1,1,1,1,1,1,1,1,1
param_20005,real_002,0.8821638919716459,0.7066443745316379,0.22852078006133125,0.2856311989614515,0.10308551530496515,141.67414575892164,1,1,1,1,1,1,1,1,1,1,1,1,1,1
param_20005,real_003,0.8360530543985205,0.6574522453697553,0.14221099275734794,0.19389285771727402,0.07779452966202564,260.85919529468345,1,1,1,1,1,1,1,1,1,1,1,1,1,0
param_20005,real_004,0.8178258181156772,0.6394651951852304,0.12626793039292605,0.1820324828966593,0.012532796387821099,25.36866053786752,1,1,1,1,1,1,1,1,1,1,1,1,1,1
param_20005,real_005,0.8630050096451469,0.6801702923637117,0.24237509058765952,0.2930446760818407,0.08449968411333042,77.97832424399428,1,1,1,1,1,1,1,1,1,1,1,1,1,1
param_20006,real_001,0.7719467547972322,0.4569908907652222,0.102096780485445,0.11926850853521653,1.9677413048153434,318.23207169112067,0,1,0,1,1,1,0,1,0,1,0,1,0,0
param_20006,real_002,0.7548032770170265,0.43446150055657534,0.08800563152935025,0.10685076074298656,1.9746290565738316,118.59810110632544,0,1,1,1,0,1,0,1,0,0,0,1,1,1
param_20006,real_003,0.7510870200708561,0.41992843653577333,0.1063293619523384,0.1204255993561156,2.0902283353056434,86.44739742176542,1,1,0,1,1,1,0,1,0,1,0,1,1,1
param_20006,real_004,0.7183408140559212,0.4276228321639618,0.08266951433234443,0.10202580015078493,2.5518635691420655,49.844425839526906,0,1,0,1,0,1,0,1,0,1,0,1,0,1
param_20006,real_005,0.7647953518727842,0.42473160390521963,0.07435876173369793,0.09230033595114469,2.2208103665022727,474.12233464715894,1,1,0,1,1,1,0,1,0,1,0,0,0,1
param_20007,real_001,0.7791271912581281,0.46961560807554437,0.10792822374801386,0.12706844802506048,1.759192947377988,316.65256964673137,1,1,0,1,1,1,1,1,0,1,0,1,0,0
param_20007,real_002,0.7605232714505898,0.44293197141360535,0.09209655199827184,0.11314025289392529,1.7669385194479297,118.05261965673851,1,1,1,1,0,1,1,1,0,0,0,1,1,1
param_20007,real_003,0.7580513562273703,0.42856094922570326,0.11241996135095514,0.12836924907734826,1.8970609631892914,87.58060065708065,1,1,0,1,1,1,0,1,0,1,0,1,1,1
param_20007,real_004,0.7244230930004727,0.43599264699602086,0.08765528731193983,0.10856450433483314,2.3096164244972,51.62996436784336,1,1,1,1,0,1,1,1,0,1,0,1,0,1
param_20007,real_005,0.7705688718440258,0.43544091067132534,0.07782820820433602,0.09762467068852128,2.014535778288652,471.7620641881496,1,1,1,1,1,1,0,1,0,1,0,0,0,1
param_20008,real_001,0.7798092023231518,0.500741946166411,0.1123876148342544,0.1337707058998922,1.672623554060954,321.64781973617767,1,1,0,1,1,1,1,1,0,1,0,1,0,0
param_20008,real_002,0.7615374749739595,0.46118686051081,0.09876399626712576,0.12232946703069551,1.6939673756826674,118.88813728217819,1,1,1,1,0,1,1,1,0,0,0,1,1,1
param_20008,real_003,0.7586353690130687,0.44368927428608634,0.1177690121342086,0.13604339713629693,1.8259296054499006,83.27569254894435,1,1,0,1,1,1,0,1,0,1,0,1,1,1
param_20008,real_004,0.7244211856727203,0.45664423838338974,0.09067444894219745,0.11367478086360176,2.236452025586354,48.77512181080413,0,1,1,1,0,1,1,1,0,1,0,1,0,1
param_20008,real_005,0.7708484065869078,0.45754448148910043,0.08164992601318329,0.10323947683342144,1.941689777605059,476.60929427743093,1,1,1,1,1,1,0,1,0,1,0,0,0,1
param_20009,real_001,0.8103262724786812,0.5500944237800075,0.13648099849328094,0.16650471156558616,1.0900329069655372,312.39466008242863,1,1,1,1,1,1,1,1,0,1,0,1,0,0
param_20009,real_002,0.7849743914075986,0.4914343489164735,0.11377742297425396,0.14661770272595567,1.0960987405823235,115.55094448629308,1,1,1,1,1,1,1,1,0,0,0,1,1,1
param_20009,real_003,0.7907377266150337,0.48712068645213463,0.14615881270135422,0.17521889981137648,1.2083708807586198,88.62618084068117,1,1,1,1,1,1,1,1,0,1,0,1,1,1
param_20009,real_004,0.7536046131540637,0.4898885173872859,0.11099336625884064,0.1419098337548958,1.5593099169094637,59.26028736963235,1,1,1,1,1,1,1,1,0,1,0,1,0,1
param_20009,real_005,0.7939830029437522,0.49407339793028143,0.09412389523926697,0.12335020045473782,1.345322930456581,462.0956535693278,1,1,1,1,1,1,1,1,0,1,0,0,0,1
param_20010,real_001,0.8279436353655346,0.6416244370823081,0.15852986385528076,0.2015850186927213,0.6739116051343126,350.15027316788587,1,1,1,1,1,1,1,1,0,1,0,1,1,0
param_20010,real_002,0.8089560365823324,0.5937011573644075,0.16183607233734956,0.20964566531008216,0.7223568598173778,123.82228586804759,1,1,1,1,1,1,1,1,0,0,0,1,1,1
param_20010,real_003,0.8198159199733395,0.5882415853278564,0.18110815390058832,0.22620321094852358,0.7940308593310057,62.57707341913391,1,1,1,1,1,1,1,1,0,1,0,1,1,1
param_20010,real_004,0.7802943188764447,0.5794856157054095,0.13466590376913148,0.1802759873301143,1.1281223011092791,40.440308811433106,1,1,1,1,1,1,1,1,0,1,0,1,1,1
param_20010,real_005,0.8122281009789112,0.5917476882927212,0.12465323890284331,0.16793118105709262,0.9060765259989241,499.40075390547685,1,1,1,1,1,1,1,1,0,1,0,0,1,1
param_20011,real_001,0.8475590521202583,0.6931235838534441,0.1902594497847123,0.23857190451396776,0.04166745582302695,307.9998141697753,1,1,1,1,1,1,1,1,1,1,1,1,1,0
param_20011,real_002,0.8308273532743524,0.6451718411841312,0.20679814392761936,0.26267284721633594,0.029448503951277287,108.42609686908462,1,1,1,1,1,1,1,1,1,0,1,1,1,1
param_20011,real_003,0.8584514508850729,0.672465221607803,0.2625425593027739,0.321040520346108,0.012457732692649938,89.4707172487193,1,1,1,1,1,1,1,1,1,1,1,1,1,1
param_20011,real_004,0.8173351449551493,0.6490866263345145,0.1907572023736461,0.26233764527729486,0.6708672373102258,734.5418776426156,1,1,1,1,1,1,1,1,1,1,1,1,0,1
param_20011,real_005,0.8183444870421103,0.6324889872433963,0.1478177831321463,0.19848458845833458,0.09262211724567791,443.6445567694037,1,1,1,1,1,1,1,1,1,1,1,0,1,1
param_20012,real_001,0.699544898712367,0.3964576233544916,0.08520165428160309,0.10330941641214877,1.8246302887967414,528.1979335957056,1,1,1,1,1,1,1,1,0,1,0,1,1,1
param_20012,real_002,0.7099654916229724,0.3897672527748071,0.09265911151425184,0.11055095347306354,1.7349397590361446,354.9656196852274,0,0,1,1,1,1,1,1,0,0,0,1,1,1
param_20012,real_003,0.7193743064217613,0.39673428587052895,0.06873457199754558,0.09615523662028287,1.5282594890332666,355.4803846366852,1,1,0,1,1,1,1,1,0,1,0,1,1,1
param_20012,real_004,0.7703192556128768,0.4396746178280132,0.13396984030772982,0.14681639270625535,1.6146574200528547,45.84351248546068,1,1,0,1,1,1,1,1,0,0,0,1,0,0
param_20012,real_005,0.6991923758329306,0.3878233715451489,0.04399435780750959,0.07404030100233541,1.5689712481302975,284.06085264555406,1,0,1,1,1,0,1,1,0,1,0,1,1,1
param_20013,real_001,0.7051577859396366,0.40732676493367415,0.08843873915074557,0.10834184130651538,1.6982385417579529,530.4844803839554,1,1,1,1,1,1,1,1,0,1,0,1,1,1
param_20013,real_002,0.7157888182122943,0.4050415964471459,0.09557549661538096,0.11571886690762621,1.5851735537190084,353.10056495782504,0,0,1,1,1,1,1,1,0,0,0,1,1,1
param_20013,real_003,0.7248606410709065,0.41169600650229116,0.07041611108955446,0.09985622222238698,1.4202010755202246,357.49333127293056,1,1,0,1,1,1,1,1,0,1,0,1,1,1
param_20013,real_004,0.777024766305027,0.4484744451389054,0.13661727258363016,0.1511509569511771,1.5087131139171575,43.25798204217969,1,1,0,1,1,1,1,1,0,0,0,1,0,0
param_20013,real_005,0.7042805839741433,0.3978284644873946,0.044529370616605085,0.07654549012197158,1.4335238275161764,287.0795985976682,1,0,1,1,1,0,1,1,0,1,0,1,0,1
param_20014,real_001,0.706731843373855,0.42033833946973587,0.09233189025067853,0.11435300163167836,1.6105270297768433,525.3261625639818,1,1,1,1,1,1,1,1,0,1,0,1,1,1
param_20014,real_002,0.7186882376244006,0.41975373259555615,0.10290710164663679,0.12461156025708207,1.5143964117486295,355.095525812607,0,0,1,1,1,1,1,1,0,0,0,1,1,1
param_20014,real_003,0.7270600604051849,0.42112637832529864,0.0748087132707866,0.10628693197645876,1.3529732678668849,352.6997702914638,1,1,0,1,1,1,1,1,0,1,0,1,1,1
param_20014,real_004,0.7795594962523725,0.4740921241668331,0.14652284717259045,0.16348083734580904,1.415523767389274,47.37104153040124,1,1,0,1,1,1,1,1,0,0,0,1,0,0
param_20014,real_005,0.7046610999111098,0.4086804456008414,0.0481446370500242,0.08183189847195065,1.367441646756111,283.52143971293367,1,0,1,1,1,0,1,1,0,1,0,1,1,1
param_20015,real_001,0.7296887181488765,0.4602017922327491,0.10721959680410585,0.13661986037663007,1.157494219045617,536.2338883673588,1,1,1,1,1,1,1,1,0,1,0,1,1,1
param_20015,real_002,0.7393070070025307,0.4601283428414929,0.10723769063680784,0.1391671304000405,1.0766513974639846,345.5884440881534,1,0,1,1,1,1,1,1,0,0,0,1,1,1
param_20015,real_003,0.7407826651178275,0.4492500480131049,0.07867155723585802,0.11704463708705383,0.9668368316380173,362.68278444459884,1,1,1,1,1,1,1,1,0,1,0,1,1,1
param_20015,real_004,0.8047703341934686,0.5176136210185858,0.15635851858293004,0.1805611647478004,1.06091150566196,34.66866789898833,1,1,1,1,1,1,1,1,0,0,0,1,0,0
param_20015,real_005,0.7186198973870969,0.4435728833374927,0.049543981118656294,0.08934724166537687,0.915546192453064,295.887618957753,1,0,1,1,1,0,1,1,1,1,0,1,0,1
param_20016,real_001,0.7699467145103734,0.5583820200838917,0.14423475032589358,0.19252635112227345,0.6414641688080438,500.3692944475938,1,1,1,1,1,1,1,1,1,1,1,1,1,1
param_20016,real_002,0.7756821111270945,0.5698953718935083,0.16017019966145074,0.21278769624190708,0.640631064396681,357.24832086402665,1,0,1,1,1,1,1,1,0,0,0,1,1,1
param_20016,real_003,0.7670667429376088,0.5446333228917775,0.11562885882440437,0.1728255815641316,0.4649168325612552,333.6389620755144,1,1,1,1,1,1,1,1,1,1,0,1,1,1
param_20016,real_004,0.8375607986760473,0.6380957424936352,0.2158159758686472,0.2582898823241131,0.5522644231275469,61.00407316314822,1,1,1,1,1,1,1,1,1,0,0,1,1,0
param_20016,real_005,0.7458282506180736,0.5459204867466919,0.0804817677838552,0.13600430980426279,0.48621233390381324,272.2343094853702,1,0,1,1,1,0,1,1,1,1,0,1,1,1
param_20017,real_001,0.7963018329021269,0.6226147613374861,0.18483440893041703,0.2425276844705218,0.08688868336145608,534.6985692025534,1,1,1,1,1,1,1,1,1,1,1,1,1,1
param_20017,real_002,0.7755876034736805,0.60025496989127,0.14840967104823105,0.21234071223733003,0.05583533605162963,331.24134407625854,1,0,1,1,1,1,1,1,1,0,1,1,1,1
param_20017,real_003,0.7718993704946144,0.5825751135999322,0.12119685468297145,0.1840085872733245,0.038811242615426816,363.9211684920052,1,1,1,1,1,1,1,1,1,1,1,1,1,1
param_20017,real_004,0.8519902022328235,0.683316446218387,0.25119688820175134,0.29825664647126876,0.0014265625955287452,20.603789631170493,1,1,1,1,1,1,1,1,1,0,1,1,0,0
param_20017,real_005,0.7465698038652171,0.584273708656691,0.08555548757446708,0.14587786111613996,0.02399368587213891,297.3055212968421,1,0,1,1,1,0,1,1,1,1,1,1,1,1
param_20018,real_001,0.7348953091479343,0.3869321271927866,0.0632783720392075,0.07583698021769451,2.63671222989128,47.48316624810724,0,1,0,1,0,1,0,1,0,1,0,1,0,1
param_20018,real_002,0.7706021768650463,0.38339940050815896,0.09294598006265627,0.10308642249029187,2.363860425842671,166.55163342186756,0,1,0,1,0,1,0,1,0,0,0,0,1,1
param_20018,real_003,0.7458416694695618,0.3757913423658838,0.03810471118629905,0.05452144168764125,2.8391577160976262,151.9466866053861,0,1,0,1,0,0,0,1,0,1,0,1,1,1
param_20018,real_004,0.754869246609208,0.4149557830502092,0.08238847138520741,0.0949771076555041,2.4367105497242485,180.1509312793523,0,1,0,1,0,1,0,1,0,1,0,1,1,1
param_20018,real_005,0.7884115346725369,0.40551473440615604,0.15445032041454385,0.1580032775862139,1.9286372731973829,284.6939579563109,0,1,0,1,0,1,0,1,0,1,0,1,1,1
param_20019,real_001,0.7415274660975463,0.4080181253864105,0.06766303216388395,0.08216630856321146,2.340723550619535,46.47809306728443,0,1,0,1,0,1,0,1,0,1,0,1,0,1
param_20019,real_002,0.7772925700048325,0.3995488639801224,0.09715259712231324,0.10967383083127366,2.1067107869999577,167.99996112268798,0,1,0,1,0,1,0,1,0,0,0,0,1,1
param_20019,real_003,0.7504451288464423,0.3943642591102421,0.040284761631916854,0.05910987605910442,2.5465365732909775,152.56851366492182,0,1,0,1,0,0,0,1,0,1,0,1,1,1
param_20019,real_004,0.7618524387695621,0.4372447175151198,0.0873675829630921,0.10226446295112548,2.166974056313783,178.83437595002113,0,1,0,1,0,1,0,1,0,1,0,1,1,1
param_20019,real_005,0.7964742066250458,0.4346196141824617,0.1617415397481759,0.16789935667576286,1.6959392333802468,286.35947057303065,0,1,0,1,0,1,0,1,0,1,0,1,0,1
param_20020,real_001,0.7405767633943345,0.42823437314907603,0.07012332264978814,0.08536093756554436,2.241325238229263,50.00581790296547,0,1,0,1,0,1,0,1,0,1,0,1,0,1
param_20020,real_002,0.7777856282741444,0.4292153957067131,0.1066856703503111,0.12115472175544253,2.0219985238641955,162.8592232694635,0,1,0,1,0,1,0,1,0,0,0,0,1,1
param_20020,real_003,0.7480582348838614,0.40517966573431907,0.041995337427537416,0.06194346208433217,2.453707237701131,147.7706601308679,0,1,0,1,0,0,0,1,0,1,0,1,1,1
param_20020,real_004,0.7600798157082808,0.44953618502214504,0.089766651302929,0.10580795648212181,2.0706962327134,184.04638611768806,0,1,0,1,0,1,0,1,0,1,0,1,1,1
param_20021,real_001,0.7734472722679244,0.5038167384272793,0.09118489338928203,0.11757463554403703,1.324136539237733,43.891590283483666,1,1,1,1,1,1,1,1,0,1,0,1,0,1
param_20021,real_002,0.8114780237840159,0.4753910080577897,0.12729549556583103,0.15545454197840924,1.168618508165367,173.50878769517237,1,1,1,1,1,1,1,1,0,0,0,0,1,1
param_20021,real_003,0.7745361893022894,0.471066131998821,0.05320935554591211,0.08657241333965014,1.4803295006996842,153.03428184673987,1,1,1,1,1,0,1,1,0,1,0,1,1,1
param_20021,real_004,0.7968215355180819,0.5222259797670104,0.11395182175419669,0.142711256250819,1.2286604271519836,174.3525684407801,1,1,1,1,1,1,1,1,0,1,0,1,1,1
param_20021,real_005,0.8355288965405313,0.5294962247055568,0.1948221118229442,0.2162947990743502,0.9014232537770965,293.4380255031289,1,1,1,1,1,1,1,1,0,1,0,1,0,1
param_20022,real_001,0.7841784952212845,0.5576858824082042,0.11440729563541979,0.14998083812622723,0.9751316917799828,77.27222260770196,1,1,1,1,1,1,1,1,0,1,0,1,1,1
param_20022,real_002,0.8269747154853687,0.5956457761306404,0.17983932219173618,0.21686463544422363,0.8709034600055847,131.07519279570394,1,1,1,1,1,1,1,1,0,0,0,0,1,1
param_20022,real_003,0.7849746349070054,0.5375867741895372,0.07176855377479742,0.11494514401558785,1.1328230638498469,115.84312627205163,1,1,1,1,1,0,1,1,0,1,0,1,1,1
param_20022,real_004,0.8042458369157497,0.570494513531798,0.13310618502738047,0.17201334657586817,0.9350646098367225,216.1772985896322,1,1,1,1,1,1,1,1,0,1,0,1,1,1
param_20022,real_005,0.8585233658962658,0.6067333495416355,0.22107814985964702,0.2582057737024043,0.641281201567481,251.45710694069135,1,1,1,1,1,1,1,1,0,1,0,1,1,1
param_20023,real_001,0.7978145049485726,0.6466823023168186,0.13265458653779713,0.1805516020565965,0.029506657356800615,39.64380218336886,1,1,1,1,1,1,1,1,1,1,1,1,1,1
param_20023,real_002,0.8479796399232616,0.661985982079425,0.20838533908888976,0.2614417687743704,0.09551072002749039,182.0641395804608,1,1,1,1,1,1,1,1,1,0,1,0,1,1
param_20023,real_003,0.7819268460565492,0.6221877051247398,0.08906976943303097,0.14382962916636027,0.042335067234125105,155.07402261590772,1,1,1,1,1,0,1,1,1,1,1,1,1,1
param_20023,real_004,0.8217907163706033,0.6600619060248946,0.1627601034205734,0.21572656882595548,0.06103725666512747,159.11296170757922,1,1,1,1,1,1,1,1,1,1,1,1,1,1
param_20023,real_005,0.8586152657814775,0.6828752679211708,0.222990208854407,0.2692815348919846,0.20445481362950657,309.71718983769324,1,1,1,1,1,1,1,1,1,1,1,1,1,1
param_20024,real_001,0.6857366823760773,0.3813551915292635,0.08962686756679426,0.1063919055901454,2.0116169426319166,168.1581416598439,0,1,0,1,0,1,0,1,0,1,0,1,1,1
param_20024,real_002,0.7178744158733581,0.4177988153851264,0.10642636769379026,0.11482111357820274,2.668790368645371,103.28199516955651,0,1,0,1,0,1,0,1,0,0,0,1,1,1
param_20024,real_003,0.7147870267555264,0.3878884585622025,0.058269019245922475,0.08451514169910991,2.020810581240141,174.77497859240017,0,0,0,1,1,0,0,1,0,1,0,1,1,1
param_20024,real_004,0.7108878081287119,0.45033766349412574,0.11648367998651343,0.13229378053277321,1.7057455617945665,39.49376305823396,0,1,0,1,0,1,0,1,0,1,0,1,1,1
param_20024,real_005,0.7527203402060039,0.4128631861891055,0.16866785587963162,0.1710445202044922,1.767713953242357,310.1385145154142,0,1,0,1,0,1,0,1,0,1,0,1,1,1
param_20025,real_001,0.6948091459176208,0.40138447813752137,0.09635294481686202,0.11579485258103148,1.7230624946713275,169.45554244324254,0,1,0,1,1,1,1,1,0,1,0,1,1,1
param_20025,real_002,0.726156318536,0.4373514190061059,0.1114129307704437,0.1215747272854294,2.358999114973047,104.92933643687336,0,1,0,1,0,1,0,1,0,0,0,1,1,1
param_20025,real_003,0.7227741849520031,0.407333577232333,0.06278892696609786,0.09236074915318394,1.7630877945909949,174.7171012293324,1,0,0,1,1,0,0,1,0,1,0,1,1,1
param_20025,real_004,0.7193275910734745,0.47857096614405875,0.12347667128212426,0.14261037305551885,1.4746680038732882,37.67513811114229,0,1,0,1,1,1,0,1,0,1,0,1,1,1
param_20025,real_005,0.7631253972772408,0.44684557263136937,0.17830215800387855,0.18344697128046192,1.5154988077840166,316.69644947167666,0,1,0,1,1,1,0,1,0,1,0,1,1,1
param_20026,real_001,0.6943616741717846,0.4137032894783853,0.09913204765679104,0.12010228380137317,1.6981262777299069,166.41405474489204,0,1,0,1,1,1,1,1,0,1,0,1,1,1
param_20026,real_002,0.7265291599485135,0.4622164472861806,0.1183715030114871,0.13151398079617432,2.3192741150046707,104.60903839211471,0,1,0,1,0,1,0,1,0,0,0,1,1,1
param_20026,real_003,0.723010493111476,0.41787971646148514,0.06480695424976389,0.09589338102702584,1.7234387820220622,174.90664985324858,1,0,0,1,1,0,0,1,0,1,0,1,1,1
param_20026,real_004,0.7196620605314482,0.49328319953387245,0.12617397581064183,0.14703423556041806,1.4438202247191012,38.94806209737493,0,1,0,1,1,1,0,1,0,1,0,1,1,1
param_20026,real_005,0.7648949985689264,0.4626277551546547,0.18124421643118943,0.18884303921013706,1.4882734483480113,313.1500094679674,0,1,0,1,1,1,0,1,0,1,0,1,1,1
param_20027,real_001,0.7268850837605476,0.47579980917776304,0.12268163355385793,0.15544514831832396,0.9823973384974428,183.57794901901025,1,1,1,1,1,1,1,1,1,1,1,1,1,1
param_20027,real_002,0.7638666920997081,0.5135416433266509,0.1380197688044005,0.16361747703289573,1.3760849150564867,117.74371140451537,1,1,1,1,1,1,0,1,0,0,0,1,1,1
param_20027,real_003,0.7502766046211184,0.48336067405265254,0.07825025133223924,0.12167910404939832,1.0229288838928992,175.8665945862131,1,0,1,1,1,0,0,1,0,1,0,1,1,1
param_20027,real_004,0.75471336327379,0.5712984503959957,0.14845051315939556,0.181512404206689,0.829693932342939,37.39554859504938,1,1,1,1,1,1,1,1,1,1,1,1,1,1
param_20027,real_005,0.8060120329844119,0.5501562771141525,0.2148874004452605,0.23531024130524902,0.8186823117240613,347.9550241263346,1,1,1,1,1,1,0,1,0,1,0,1,1,1
param_20028,real_001,0.7601742333070106,0.565579179251479,0.1563185978277101,0.20505028563427558,0.7204882621015094,156.4057975872804,1,1,1,1,1,1,1,1,1,1,1,1,1,1
param_20028,real_002,0.7867108283391905,0.6129458497419432,0.17286671446836713,0.2122871178072005,1.0917904652153219,110.54421175962104,1,1,1,1,1,1,1,1,0,0,0,1,1,1
param_20028,real_003,0.7726600865092259,0.5616679681687491,0.10049916542239463,0.15780769819895832,0.7231008825056238,179.1579942286683,1,0,1,1,1,0,1,1,1,1,0,1,1,1
param_20028,real_004,0.7902390143247109,0.6338422324454219,0.18130230939893768,0.231468919833993,0.6062469836922973,37.46094438751282,1,1,1,1,1,1,1,1,1,1,1,1,1,1
param_20028,real_005,0.8416195946841566,0.6361241677482535,0.25433514349874065,0.2927680487317062,0.5994522423827456,323.80719877111983,1,1,1,1,1,1,1,1,0,1,0,1,1,1
param_20029,real_001,0.8020786353410585,0.6596631882279681,0.20199621347477062,0.2620035515328142,0.004823391579629584,207.05172083358656,1,1,1,1,1,1,1,1,1,1,1,1,1,1
param_20029,real_002,0.824340246134134,0.673112589115781,0.21068583580576827,0.27448356441581573,0.07801253623048073,149.57714653223303,1,1,1,1,1,1,1,1,1,0,1,1,1,1
param_20029,real_003,0.7806912334537722,0.6309873900905043,0.12673072319098294,0.1949414606885683,0.07047065485932628,185.76485491832202,1,0,1,1,1,0,1,1,1,1,1,1,1,1
param_20029,real_004,0.7952576895999411,0.677362789188476,0.19322855639445835,0.2523800561880315,0.09424898896884315,75.89522071260384,1,1,1,1,1,1,1,1,1,1,1,1,1,1
param_20029,real_005,0.8589171926769136,0.7014969397297398,0.2576689062262019,0.30956781566299724,0.17906495136491998,401.6975215606755,1,1,1,1,1,1,1,1,1,1,1,1,1,1
param_20030,real_001,0.6740956375010776,0.41017330503385147,0.10550869379788176,0.12763254414812053,1.8142273241151405,203.95102054640557,0,1,0,1,1,1,0,1,0,1,0,1,1,1
param_20030,real_002,0.6977015826078116,0.43362925577271405,0.12200316346555055,0.12883781060282032,2.9110332054504564,132.48418542260166,0,1,0,1,0,1,0,1,0,0,0,1,1,1
param_20030,real_003,0.7052761532423861,0.40317187631068163,0.09377192502720968,0.11982550605906747,1.7912472731447817,211.29712750825288,0,0,0,1,1,0,0,1,0,0,0,1,1,1
param_20030,real_004,0.6893455262686717,0.4597273526167497,0.13451931215642557,0.15202669406719965,1.4204417697242246,114.81534720583102,0,1,0,1,1,1,0,1,0,1,0,1,1,1
param_20030,real_005,0.7305417999923577,0.41563133695345217,0.17623929086771742,0.17695319578979316,1.7195055291594836,304.580259716483,0,1,0,1,0,1,0,1,0,1,0,1,1,1
param_20031,real_001,0.6840437637710369,0.43056606439364636,0.11464933285168546,0.13957176550130618,1.475164828440746,207.7516229883692,0,1,0,1,1,1,1,1,0,1,0,1,1,1
param_20031,real_002,0.7061578054446462,0.45737527144933954,0.12763754557419044,0.13530634994903998,2.5984298291881367,123.69304607034728,0,1,0,1,1,1,0,1,0,0,0,1,1,1
param_20031,real_003,0.7144297602170249,0.4254915469828358,0.09935451587983574,0.12815826041594533,1.5591697808656595,208.5899457096048,0,0,0,1,1,0,0,1,0,0,0,1,1,1
param_20031,real_005,0.740532423068837,0.44804490144375764,0.1855522480976666,0.18790081080430515,1.5049573973663826,312.25657240124445,1,1,0,1,1,1,0,1,0,1,0,1,1,1
param_20032,real_001,0.6842305483943802,0.43820502348406815,0.1174182603403414,0.14423755770723445,1.4546626818574875,206.03809695096086,0,1,0,1,1,1,1,1,0,1,0,1,1,1
param_20032,real_002,0.7064896662267987,0.4807736567855909,0.13285577243802674,0.14256233556026224,2.5557270576915365,125.32253349647318,0,1,0,1,1,1,0,1,0,0,0,1,1,1
param_20032,real_003,0.7165297453399309,0.4376043023707219,0.10282769854768108,0.1335125628315576,1.5189963043553345,209.87224978680715,0,0,0,1,1,0,0,1,0,0,0,1,1,1
param_20032,real_004,0.7004706664745686,0.5039706936228265,0.14661418606783413,0.16810763456622774,1.2033954426417026,118.20291220714131,0,1,0,1,1,1,1,1,0,1,0,1,1,1
param_20032,real_005,0.7431089456394304,0.46459121543034243,0.1902561223712014,0.19468687975101628,1.475476031001818,310.6714799098653,1,1,0,1,1,1,0,1,0,1,0,1,1,1
param_20033,real_002,0.7378609426888132,0.5262266194007459,0.1451460388488001,0.16505232429628486,1.719691510403091,106.68320553457,1,1,0,1,1,1,0,1,0,0,0,1,1,1
param_20033,real_003,0.7442470147925597,0.4978278571821197,0.11618782262514671,0.15555137588259613,0.9897555519179353,205.21569065730006,1,0,0,1,1,0,0,1,0,0,0,1,1,1
param_20033,real_004,0.733139341503357,0.5739026580723181,0.16732161495008144,0.1969072684688733,0.8273709963302294,141.3684648420883,0,1,0,1,1,1,1,1,1,1,1,1,1,1
param_20033,real_005,0.7823082577705753,0.5518457670287419,0.2202536968429662,0.23685581308689885,0.8994170594540623,342.9265486466754,1,1,0,1,1,1,0,1,0,1,0,1,1,1
param_20034,real_001,0.763063038260555,0.5921029275196051,0.17743208251778525,0.2333189124978978,0.6387538486468968,212.6676280989189,1,1,1,1,1,1,1,1,1,1,1,1,1,1
param_20034,real_002,0.7669539163075351,0.60899272002097,0.17780932775544048,0.21385839738761117,1.2680092059838894,108.04716230773643,1,1,0,1,1,1,1,1,0,0,0,1,1,1
param_20034,real_003,0.7751185552939458,0.5753722981729912,0.14455424706969816,0.20261970598770296,0.6497393035276021,212.83670634423294,1,0,1,1,1,0,0,1,1,0,0,1,1,1
param_20034,real_004,0.7861405381244849,0.6487987139088588,0.20887609190625445,0.260127273628187,0.5521416454622562,137.76878032541927,1,1,1,1,1,1,1,1,1,1,1,1,1,1
param_20034,real_005,0.8258789222793513,0.6487801479466809,0.2656665818928638,0.3025783172159301,0.5667740607058938,342.86679415014527,1,1,1,1,1,1,0,1,0,1,0,1,1,1
param_20035,real_001,0.8027898441200735,0.6671623651003311,0.22594210945575025,0.29094753092658365,0.09428322163083394,242.62739410096074,1,1,1,1,1,1,1,1,1,1,1,1,1,1
param_20035,real_002,0.8044585926673312,0.6640807688989083,0.20175660910173973,0.264098668598308,0.24106880483606902,123.36995264443381,1,1,1,1,1,1,1,1,1,0,1,1,1,1
param_20035,real_003,0.7893412844773742,0.6432971993162367,0.16257772659337924,0.23291371069791938,0.03473536535330942,211.94193189004835,1,0,1,1,1,0,1,1,1,0,1,1,1,1
param_20035,real_004,0.7930319511803056,0.685512389064161,0.2218703984227292,0.27879844685974636,0.010041722172257798,199.10985009567804,1,1,1,1,1,1,1,1,1,1,1,1,1,1
param_20035,real_005,0.850848726645628,0.7062100060372445,0.27971478421249396,0.3341216634675716,0.11803529058826738,414.61526924627333,1,1,1,1,1,1,1,1,1,1,1,1,1,1
param_20036,real_001,0.7606353301788077,0.3224149057083428,0.060572295608087315,0.07790036186910645,1.9048162119484164,226.41036177735555,0,0,0,1,0,1,0,1,0,1,0,1,1,1
param_20036,real_002,0.7032273240922323,0.33195481093735074,0.051080383181235395,0.06451185771354626,2.646073064462071,262.36461071591356,0,1,0,1,0,1,0,1,0,1,0,1,1,1
param_20036,real_003,0.7727739565085924,0.38049101616650755,0.09169165392647562,0.10076331737674893,2.2239287153539604,132.70540615872267,0,1,0,1,0,1,0,1,0,0,0,1,1,1
param_20036,real_004,0.7406837593496647,0.35498584704332603,0.06799776281001833,0.08226887856569323,2.353942992343921,283.84237431013673,0,1,0,1,0,1,0,1,0,1,0,1,0,1
param_20036,real_005,0.7634379914974413,0.4116790615491253,0.10669165313338089,0.12056418163165579,2.2590523262060813,315.2374131499871,0,1,0,1,0,1,0,1,0,1,0,1,0,0
param_20037,real_001,0.7667474250480889,0.3485826636000674,0.06336519431740588,0.08289105209730108,1.6966365339197003,225.19274623941922,0,0,0,1,0,1,0,1,0,1,0,1,1,1
param_20037,real_002,0.70873598516989,0.35039727278919147,0.05441276189541552,0.06990162231296723,2.356922443941576,263.6248765827066,0,1,0,1,0,1,0,1,0,1,0,1,1,1
param_20037,real_003,0.7808321425432418,0.4107655181093171,0.09768207644595525,0.10940790117823944,1.9932029350017668,132.62270419966381,0,1,0,1,0,1,0,1,0,0,0,1,1,1
param_20037,real_004,0.7464579696952712,0.3728591128166388,0.0727124203336836,0.08918204918418401,2.0946986859990937,284.44361971410154,0,1,0,1,0,1,0,1,0,1,0,1,0,1
param_20037,real_005,0.7730261955545713,0.4390911014530056,0.11425327062927107,0.13038597546746297,1.999307821615742,313.43283112552666,0,1,0,1,0,1,0,1,0,1,0,1,0,0
param_20038,real_001,0.766457938744456,0.36969004369887726,0.06827431168571363,0.0894345690435158,1.6110475890076095,230.50067323130241,0,0,0,1,0,1,0,1,0,1,0,1,1,1
param_20038,real_002,0.7081256788567518,0.370233948375162,0.0580120534427103,0.07500731491980425,2.266670670430204,258.3144974268569,0,1,0,1,0,1,0,1,0,1,0,1,1,1
param_20038,real_003,0.7807522791396367,0.43008801015786086,0.10329643106111286,0.11645427275954726,1.8949378794580034,136.8620512403736,0,1,0,1,0,1,0,1,0,0,0,1,1,1
param_20038,real_004,0.7450321232482157,0.38644279227359973,0.07526980046190582,0.09278160074147157,1.9990220146498214,282.00154792891914,0,1,0,1,0,1,0,1,0,1,0,1,0,1
param_20038,real_005,0.7717777329483808,0.45389797185776914,0.1168847130593626,0.13674099821799574,1.903083784766754,318.51483547174877,0,1,0,1,0,1,0,1,0,1,0,1,1,0
param_20039,real_001,0.7884893924443014,0.4428106801586653,0.07950164699867569,0.1098565189577197,0.9244169996367599,223.059246768449,1,0,1,1,1,1,1,1,0,1,0,1,1,1
param_20039,real_002,0.7404467100217395,0.44009635360591615,0.07349053855388422,0.10087351700260332,1.387906813392648,264.63142543489505,1,1,1,1,1,1,1,1,0,1,0,1,1,1
param_20039,real_003,0.8157007723771027,0.49984399154437453,0.1230256416083005,0.1498250781332347,1.0988194140795802,128.41246789462133,1,1,1,1,1,1,1,1,0,0,0,1,1,1
param_20039,real_004,0.7791902690383011,0.44546047561756,0.0991513820872093,0.1295842394333599,1.174120643004934,285.28769986909214,1,1,1,1,1,1,1,1,0,1,0,1,0,1
param_20040,real_001,0.8156915065899858,0.5546439181095467,0.12469382597502587,0.16938957494351686,0.627065341572178,266.79530728401414,1,0,1,1,1,1,1,1,0,1,0,1,1,1
param_20040,real_002,0.762873580815366,0.5306639781686117,0.10539903523746663,0.14569980299274557,1.0513400714034293,221.66727340752806,1,1,1,1,1,1,1,1,0,1,0,1,1,1
param_20040,real_003,0.8366590408405449,0.5935902740247848,0.17453664326792745,0.21704633608210108,0.8072969614819835,171.01799085538343,1,1,1,1,1,1,1,1,0,0,0,1,1,1
param_20040,real_004,0.7892865962026682,0.5284330613118629,0.122428602372544,0.1625460833357571,0.8605054294664636,267.61172874304845,1,1,1,1,1,1,1,1,0,1,0,1,1,1
param_20040,real_005,0.8173027287951875,0.579271698223968,0.15857051513740353,0.20104821764078729,0.8072619373905168,351.8956985825835,1,1,1,1,1,1,1,1,0,1,0,1,1,0
param_20041,real_001,0.7771900428796187,0.5979153135130022,0.11493805039255837,0.16054766022438607,0.18884390904135764,221.58257282555957,1,0,1,1,1,1,1,1,1,1,1,1,1,1
param_20041,real_002,0.7718859746459867,0.6120894140705169,0.12387686377527157,0.18116284803484672,0.006078768166258573,268.313184400706,1,1,1,1,1,1,1,1,1,1,1,1,1,1
param_20041,real_003,0.830082069916918,0.6544406106891408,0.17215042532730634,0.22020082453315676,0.128740667239439,121.37480564284385,1,1,1,1,1,1,1,1,1,0,1,1,1,1
param_20041,real_004,0.8397275610014024,0.6549507219528617,0.19445033015873542,0.2594335055058226,0.09087608906098742,283.9789533482526,1,1,1,1,1,1,1,1,1,1,1,1,1,1
param_20041,real_005,0.8534798675131573,0.6800749387489,0.2160416422374285,0.26336023804632963,0.0804416499420956,301.66556776037726,1,1,1,1,1,1,1,1,1,1,1,1,1,0
param_20042,real_001,0.7516853799806217,0.4453010004701715,0.10762199083645836,0.11819637600498145,2.2098649881835413,275.1204351914616,0,1,0,1,0,1,0,1,0,0,0,1,1,1
param_20042,real_002,0.7035589912168283,0.3671057686472966,0.06709292207700898,0.08163533469936468,2.7277199580199407,350.02197784722006,0,1,0,1,0,1,0,1,0,1,0,1,1,1
param_20042,real_003,0.7315476393436053,0.4232233732179329,0.09501927302795286,0.10858594113942177,2.5597311464321946,261.83764551866875,0,1,0,1,0,1,0,1,0,1,0,1,1,1
param_20042,real_004,0.6798739972528913,0.34072140944872653,0.06049318028445368,0.07986001593886002,2.3117657654051675,328.6279709682294,0,1,0,1,1,1,0,1,0,1,0,1,1,1
param_20042,real_005,0.7114014976416209,0.36311366085831287,0.06551931268186122,0.08143039405109788,2.4344396703821327,294.16065922282775,0,1,0,1,0,1,0,1,0,1,0,1,1,1
param_20043,real_001,0.7613730306341359,0.4732194174009634,0.11797669343735022,0.13062044575392456,1.8422841040941489,266.1297792918219,0,1,0,1,0,1,0,1,0,0,0,1,1,1
param_20043,real_002,0.7124455521837666,0.39563696856210984,0.07324304283704769,0.0900859538791634,2.3544052256719,354.24084252022124,0,1,0,1,0,1,0,1,0,1,0,1,1,1
param_20043,real_003,0.7426011793558196,0.45085433364481936,0.10239633056869088,0.1190609746561428,2.2025937476230317,258.39957198407615,0,1,0,1,0,1,0,1,0,1,0,1,1,1
param_20043,real_004,0.6890347847407835,0.3631859683497998,0.06681138341673577,0.08857894885062706,1.9697247047844657,334.45651998328356,0,1,1,1,1,1,0,1,0,1,0,1,1,1
param_20043,real_005,0.7200736357788234,0.3879361580050245,0.07072888068494071,0.08933968558913795,2.1215522771007054,297.9482150775308,0,1,0,1,0,1,0,1,0,1,0,1,1,1
param_20044,real_001,0.7613647801439132,0.4825944957277026,0.12130517782104767,0.13530212977475659,1.819153308672421,269.7202574432276,0,1,0,1,0,1,0,1,0,0,0,1,1,1
param_20044,real_002,0.7116911170729143,0.4050569807247355,0.07584281037265703,0.09339354664526742,2.318753406524955,349.21520480451596,0,1,0,1,0,1,0,1,0,1,0,1,1,1
param_20044,real_003,0.7418789733911365,0.46076143818855464,0.10464858121636172,0.12295043414599974,2.1541904672722163,262.37104043540154,0,1,0,1,0,1,0,1,0,1,0,1,1,1
param_20044,real_004,0.6882868324985946,0.374402718023106,0.06947941212821024,0.09250665552521742,1.9224696678028363,329.7944330501549,0,1,1,1,1,1,0,1,0,1,0,1,1,1
param_20044,real_005,0.7182331394284986,0.3964852380095846,0.07338173262382075,0.09309653157982295,2.077943337611846,292.38086807981966,0,1,0,1,0,1,0,1,0,1,0,1,1,1
param_20045,real_001,0.7967201603742674,0.5688229381140777,0.15018741170145491,0.17787829684913298,0.8303112783359351,245.02024294502985,1,1,0,1,1,1,0,1,1,0,0,1,1,1
param_20045,real_002,0.7429843854459308,0.47777521169086834,0.0992535804011471,0.12760117695222598,1.3707952665025795,366.3681052231616,1,1,1,1,1,1,1,1,0,1,0,1,1,1
param_20045,real_003,0.7814059495563234,0.5294781252956064,0.1329251294467015,0.16249649370852473,1.2184490957229606,250.03378981608057,1,1,1,1,1,1,1,1,1,1,0,1,1,1
param_20045,real_004,0.7197821129173247,0.43914813227260086,0.08967063113128144,0.12349105834842847,1.1320217480931767,347.6898099833826,1,1,1,1,1,1,1,1,0,1,0,1,1,1
param_20045,real_005,0.7535175558614192,0.45974298285243864,0.0946207763488782,0.12489819290400067,1.3155324180975971,300.6666886934989,1,1,1,1,1,1,1,1,0,1,0,1,1,1
param_20046,real_001,0.8204968744274798,0.61722959943602,0.17592525714696855,0.21788731720738003,0.6734574377241564,259.96087698265586,1,1,1,1,1,1,1,1,0,0,0,1,1,1
param_20046,real_002,0.7707820308430141,0.5475348608334919,0.1278484868676769,0.17078952379011741,1.0512663177525117,334.82409442336836,1,1,1,1,1,1,1,1,0,1,0,1,1,1
param_20046,real_003,0.8026742835108603,0.5870241465478317,0.15536551826328798,0.1993335426090492,0.9454096012567573,276.05169352618003,1,1,1,1,1,1,1,1,1,1,0,1,1,1
param_20046,real_004,0.7497452962765514,0.5216206978593606,0.11895224640505454,0.1674227992138115,0.8521971749009425,313.3802822361284,1,1,1,1,1,1,1,1,0,1,0,1,1,1
param_20046,real_005,0.7809827414271779,0.5499034247542519,0.12417175022945376,0.16709434667980766,1.0030143088879742,262.2503095963372,1,1,1,1,1,1,1,1,0,1,0,1,1,1
param_20047,real_001,0.8182975650738681,0.6804491780796091,0.17560900306466276,0.22256396020011274,0.13261757527473222,200.1299751377867,1,1,1,1,1,1,1,1,1,0,1,1,1,1
param_20047,real_002,0.8189811965698394,0.6669053026145023,0.19250654074358817,0.24986158992183455,0.060359732812558305,391.29361705854944,1,1,1,1,1,1,1,1,1,1,1,1,1,1
param_20047,real_003,0.8438730146475804,0.6941310009150433,0.21641875259594642,0.27754155087061183,0.0010937147068963468,237.92512898978845,1,1,1,1,1,1,1,1,1,1,1,1,1,1
param_20047,real_004,0.7860649503449367,0.6232312079023979,0.16413355228634688,0.2299342636574769,0.04977384177171024,355.73472181883466,1,1,1,1,1,1,1,1,1,1,1,1,1,1
param_20047,real_005,0.8449126539462174,0.6751641811157003,0.2030438640315127,0.2736830187476848,0.025377093067932528,292.390823189964,1,1,1,1,1,1,1,1,1,1,1,1,1,1
param_20048,real_001,0.6999190866651134,0.39046285187721347,0.10758843142457185,0.12198562716399666,2.390475383442081,472.73948002499054,0,1,0,0,0,1,0,1,0,1,0,1,1,1
param_20048,real_002,0.6904054004744223,0.4119732745655393,0.10195818116676075,0.11256065938521771,3.0929059957066545,140.66379405625793,0,1,0,1,0,1,0,1,0,1,0,0,1,1
param_20048,real_003,0.6968334329997495,0.37899478699294,0.11111677612806149,0.12284758737526577,2.1499571908868793,177.52881090897995,0,1,0,1,0,1,0,1,0,1,0,1,1,1
param_20048,real_004,0.7399749537592517,0.45894298369482234,0.14498489966889097,0.15808753426494107,1.7760643798048825,264.3510220175667,0,1,0,1,0,1,0,1,0,1,0,1,1,1
param_20048,real_005,0.6676646733623715,0.35999877979418526,0.08702066832896263,0.09358899763601639,2.9646054871443415,414.8511076095502,0,0,0,1,0,1,0,1,0,1,0,1,1,1
param_20049,real_001,0.7088331297319,0.41572982417097815,0.11335911690912241,0.1304666878683477,2.0842936982077473,476.13093414653963,0,1,0,0,0,1,1,1,0,1,0,1,1,1
param_20049,real_002,0.6973230093568061,0.4309995565911716,0.1083550368661675,0.12046463788234243,2.6352954217935927,140.69914214152664,0,1,0,1,0,1,0,1,0,1,0,0,1,1
param_20049,real_003,0.7069348355128023,0.4074690564505466,0.12028479284258335,0.13356674082844627,1.8982995484676721,184.20944243337217,0,1,0,1,0,1,0,1,0,1,0,1,1,1
param_20049,real_004,0.7541546103746477,0.4925152359419841,0.16268620664827493,0.17795590385606516,1.3899984517727202,266.87240193403267,1,1,0,1,1,1,0,1,0,1,0,1,1,1
param_20049,real_005,0.6778443649738715,0.3855720631405689,0.0929457985817939,0.10160363327054116,2.5776044368192155,418.95120059242805,0,0,0,1,1,1,0,1,0,1,0,1,1,1
param_20050,real_001,0.7106660385372734,0.43807223983156257,0.11874313405552053,0.13840519357809172,2.0347573809659254,471.5095919833254,0,1,0,0,0,1,1,1,0,1,0,1,1,1
param_20050,real_002,0.6977362802689558,0.44089940578644504,0.11119857352048221,0.12659634910301,2.5955967809135365,141.30590214731873,0,1,0,1,0,1,0,1,0,1,0,0,1,1
param_20050,real_003,0.7068966897683224,0.42131036733046834,0.12487632181931943,0.13993171457435846,1.867337046400669,179.61681490197037,0,1,0,1,0,1,0,1,0,1,0,1,1,1
param_20050,real_004,0.7551512881352658,0.5039172287459592,0.16499940788173098,0.1822881841398054,1.3677742201430296,265.0970810487282,1,1,0,1,1,1,0,1,0,1,0,1,1,1
param_20050,real_005,0.6794282615903693,0.4023701786859582,0.09848647551394571,0.108521103771285,2.5345908230842005,414.65504993865346,0,0,0,1,1,1,0,1,0,1,0,1,1,1
param_20051,real_001,0.7389722249470353,0.49890884128498697,0.1369957393352892,0.16779516062111988,1.2402889178179985,488.8810741430102,1,1,0,0,1,1,1,1,0,1,0,1,1,1
param_20051,real_002,0.7318318655245727,0.49401794731250814,0.13153070299158418,0.15646988418608257,1.5495226544764749,141.77009660400125,1,1,1,1,1,1,0,1,0,1,0,0,1,1
param_20051,real_003,0.746902056125888,0.49778643806981726,0.15356108816211939,0.1804590284518956,1.1509832161649578,200.71232957215616,1,1,1,1,1,1,0,1,0,1,0,1,1,1
param_20051,real_004,0.8014707858912198,0.582101757166926,0.22468768708357512,0.2563025340716971,0.6480196434290595,287.28055346153064,1,1,1,1,1,1,1,1,0,1,0,1,1,1
param_20051,real_005,0.7129811191189113,0.4735364466461484,0.11990871559246052,0.14084024534088369,1.581973939961126,425.650339497223,0,0,1,1,1,1,1,1,0,1,0,1,1,1
param_20052,real_001,0.7845078388664297,0.6104379115853472,0.17974269422699204,0.2298188307331216,0.9060118140243902,458.2091934959598,1,1,1,0,1,1,1,1,0,1,0,1,1,1
param_20052,real_002,0.7669745082324079,0.57743112910051,0.165054583094049,0.21334866059176782,1.1174085409160759,145.79529723623676,1,1,1,1,1,1,1,1,0,1,0,0,1,1
param_20052,real_003,0.7768040974804061,0.5858296811701103,0.17801133734446165,0.2231535198115985,0.8057773574515461,173.8135907370625,1,1,1,1,1,1,1,1,0,1,0,1,1,1
param_20052,real_004,0.8382728626973679,0.662077420520991,0.2526350493285167,0.3067748674805907,0.39873826324313916,286.4339996545586,1,1,1,1,1,1,1,1,1,1,0,1,1,1
param_20052,real_005,0.7518430641755972,0.5650831634806759,0.15852875205030384,0.19389369606732643,1.1799185558864644,398.96221328626524,0,0,1,1,1,1,1,1,0,1,0,1,1,1
param_20053,real_001,0.8242018727496142,0.6793384873353275,0.22578650720434695,0.301169481622792,0.12995100184978609,497.59168392049924,1,1,1,0,1,1,1,1,1,1,1,1,1,1
param_20053,real_002,0.8075679095720923,0.6583386481169841,0.22842193334436078,0.2950534539204457,0.11047149494101234,152.22255304636667,1,1,1,1,1,1,1,1,1,1,1,0,1,1
param_20053,real_003,0.8317811315979681,0.6886462355706642,0.25705179993563493,0.32826549994892185,0.08582822234612494,207.02352232924812,1,1,1,1,1,1,1,1,1,1,1,1,1,1
param_20053,real_004,0.8469744324392456,0.7142309955083438,0.2710837710745426,0.3244692937871726,0.19238792793381945,343.76677675826875,1,1,1,1,1,1,1,1,1,1,1,1,1,1
param_20053,real_005,0.8004930441128633,0.6569402616430849,0.2060946435677523,0.27342414037936863,0.18172173385874507,418.6816166490925,1,0,1,1,1,1,1,1,1,1,1,1,1,1
param_20054,real_001,0.7622823873974264,0.4391282074564946,0.06948548233659554,0.08244703570232897,2.704644528129636,177.81874030952713,0,1,0,1,0,1,0,1,0,1,0,1,0,0
param_20054,real_002,0.7782387929727524,0.40429104385939074,0.07366332628561267,0.08767351309274903,2.476923076923077,187.78767713361245,0,1,0,0,0,1,0,1,0,0,0,0,1,1
param_20054,real_003,0.7543257288182101,0.405341151119639,0.0592612419918061,0.07364731992077839,2.706422018348624,192.32029081314263,0,1,0,1,0,1,0,1,0,1,0,1,1,1
param_20054,real_004,0.7244855977442757,0.3905841549389388,0.054881700672928586,0.0691603780394756,2.8402956658080414,35.880593470800726,0,1,0,1,0,1,0,1,0,1,0,1,0,1
param_20054,real_005,0.7449775469247215,0.34021777185065355,0.04609800513180376,0.06287492611537944,2.7349773436254754,247.18459740671966,0,1,0,1,0,1,0,1,0,1,0,1,0,1
param_20055,real_001,0.767156994113915,0.4484246614033856,0.07361070548472225,0.08835286550774718,2.438087774294671,177.04886936670158,0,1,0,1,0,1,0,1,0,1,0,1,0,0
param_20055,real_002,0.7829633628493459,0.4144956408910291,0.07654481516967525,0.09266017730678636,2.244295102188384,186.8364424327284,0,1,0,0,0,1,0,1,0,0,0,0,1,1
param_20055,real_003,0.758737628448769,0.4146859063413342,0.06255398410706775,0.0788784491934018,2.456441641166552,192.10726731165244,1,1,0,1,1,1,0,1,0,1,0,1,1,1
param_20055,real_004,0.7286531679057637,0.39952077932011,0.05849980352521552,0.07466021403526328,2.5629675810473818,34.71215193669585,0,1,0,1,0,1,0,1,0,1,0,1,0,1
param_20055,real_005,0.7486766169035093,0.34469902220888815,0.04872584989536294,0.06758992859541721,2.4712928279685946,246.12544765145915,0,1,0,1,0,1,0,1,0,1,0,1,0,1
param_20056,real_001,0.765545015573028,0.4749431102428759,0.07527486838731576,0.09160210087390126,2.322124437167417,182.27224618564563,0,1,0,1,0,1,0,1,0,1,0,1,0,0
param_20056,real_002,0.7833744135870248,0.4399521070762978,0.08491273381621152,0.10291826811492204,2.1418626683692383,190.7387362461587,0,1,0,0,0,1,0,1,0,0,0,0,1,1
param_20056,real_003,0.7577767605928633,0.4320105652115876,0.06555285847456659,0.08371299540833106,2.3379033068650115,196.2441191558387,1,1,0,1,1,1,0,1,0,1,0,1,1,1
param_20056,real_004,0.7268545910329601,0.41400411622930156,0.0607344624776808,0.07782944427651108,2.4447770790219203,39.871402201517355,0,1,0,1,0,1,0,1,0,1,0,1,1,1
param_20056,real_005,0.7482186219305414,0.36974333671329584,0.05302463477035522,0.07331326304073771,2.357259814155307,250.6869396043804,0,1,0,1,0,1,0,1,0,1,0,1,1,1
param_20057,real_001,0.7990571846840361,0.5287858998318541,0.09671727839736749,0.12366033769546508,1.4034796772044125,175.54434629060574,1,1,1,1,1,1,1,1,0,1,0,1,0,0
param_20057,real_002,0.8074911506978694,0.4851551786453867,0.09971500990668596,0.12881288455854312,1.2858726923999042,182.2455426603868,1,1,1,0,1,1,1,1,0,0,0,0,0,1
param_20057,real_003,0.7897731323837032,0.5006926922640955,0.08180052263482733,0.11240598595058854,1.4355198310255808,193.55145958093578,1,1,1,1,1,1,1,1,0,1,0,1,0,1
param_20057,real_004,0.757867404607979,0.4653014106512083,0.08078555265969324,0.10824561610263463,1.4638222656530673,31.19290389070617,1,1,1,1,1,1,1,1,0,1,0,1,1,1
param_20057,real_005,0.7754122493703585,0.4283770986046344,0.06774305242735972,0.10003746471551445,1.430671428359735,242.30425135939907,1,1,1,1,1,1,1,1,0,1,0,1,0,1
param_20058,real_001,0.7986530780168856,0.5758848000333063,0.10571585521651244,0.1389015535143465,1.000234134319162,218.6250409030003,1,1,1,1,1,1,1,1,0,1,0,1,1,0
param_20058,real_002,0.8241862569241895,0.5904983935747797,0.15616069153500403,0.19449093023166064,0.9406668617298714,216.32827110130094,1,1,1,0,1,1,1,1,0,0,0,0,1,1
param_20058,real_003,0.8034085337746822,0.5717730507377204,0.10253018162786061,0.14431669993194213,1.0438448566610454,228.62579529095584,1,1,1,1,1,1,1,1,0,1,0,1,1,1
param_20058,real_004,0.7688464659700088,0.528183176600235,0.10129885817985469,0.13868673671825701,1.156251179052482,71.27427313555611,1,1,1,1,1,1,1,1,0,1,0,1,1,1
param_20058,real_005,0.7937571621862015,0.5294499048382586,0.10419538396527933,0.15133106998705015,1.0847875544935752,279.5529625089123,1,1,1,1,1,1,1,1,0,1,0,1,1,1
param_20059,real_001,0.8250870602772288,0.6708643968451337,0.14144715068826544,0.18379078412587474,0.016623955701762356,173.48832677860005,1,1,1,1,1,1,1,1,1,1,1,1,1,0
param_20059,real_002,0.8151924779394369,0.6354641068429021,0.15880108792144423,0.20058473561259796,0.05487370436226434,170.97559855134253,1,1,1,0,1,1,1,1,1,0,1,0,1,1
param_20059,real_003,0.7906353347371551,0.6320623699740087,0.1105457396211115,0.15873093320234055,0.01378009243712871,198.3306721909094,1,1,1,1,1,1,1,1,1,1,1,1,1,1
param_20059,real_004,0.8023830954816765,0.631533996388184,0.14240093429820033,0.2016273812678466,0.04981171355968527,10.839577674582056,1,1,1,1,1,1,1,1,1,1,1,1,1,1
param_20060,real_001,0.7424467373853884,0.4434623407944808,0.08156079781094448,0.09930973358792029,2.197297563862314,248.84732206613603,0,1,0,1,1,1,0,1,0,1,0,1,0,0
param_20060,real_002,0.7717574227669178,0.5004795777694813,0.10432281421620804,0.119621800601398,2.1654068386892513,237.0701815576618,1,1,1,0,0,1,0,1,0,0,0,0,1,1
param_20060,real_003,0.7422928617307116,0.43560657932258645,0.07036600913493786,0.08748332174048173,2.2588170844588853,201.54082946065134,1,1,0,1,1,1,0,1,0,1,0,1,0,1
param_20060,real_004,0.7039907295025368,0.43299835749926724,0.07448074269583257,0.09538783898771537,2.0952836201402167,156.43856361990098,0,1,0,1,1,1,0,1,0,1,0,1,0,1
param_20060,real_005,0.7287974702388763,0.40059718648743226,0.058746916908264266,0.07448866956047243,2.6045799657114865,249.5748150021356,1,1,0,1,0,1,0,1,0,1,0,1,0,1
param_20061,real_001,0.7496189552199662,0.457261345341524,0.08631395857249985,0.10640312221849486,1.943824918270977,246.95491833485056,0,1,0,1,1,1,1,1,0,1,0,1,0,0
param_20061,real_002,0.7780583222835905,0.5095547879358892,0.10936949776647911,0.1265421624349765,1.934582010970263,232.6653627784174,1,1,1,0,0,1,1,1,0,0,0,0,1,1
param_20061,real_003,0.7474403446738883,0.4490287777375249,0.07430822509182378,0.09398943302698681,2.0352059397927404,200.80587462110884,1,1,0,1,1,1,0,1,0,1,0,1,0,1
param_20061,real_004,0.7085460921446958,0.44087576859869704,0.07883194505356364,0.10231218491276377,1.8856713444364832,160.34026298403813,0,1,0,1,1,1,0,1,0,1,0,1,0,1
param_20061,real_005,0.7338087904075372,0.40823735568307223,0.06249079667576066,0.08007559162250917,2.322109777660735,247.2161334801582,1,1,0,1,1,1,0,1,0,1,0,1,0,1
param_20062,real_001,0.7496008965391852,0.4834662422266047,0.08878580158298087,0.11039778309879758,1.8501318797256903,251.41315444927986,0,1,0,1,1,1,1,1,0,1,0,1,0,0
param_20062,real_002,0.7780211821102221,0.5338481488341686,0.11557246541301901,0.13554524114375432,1.8458815157445294,237.06454364150628,1,1,1,0,0,1,1,1,0,0,0,0,1,1
param_20062,real_003,0.7516631500436379,0.47060789077210474,0.07845882999568261,0.10013609984608836,1.943639621192731,204.1693779335134,1,1,0,1,1,1,0,1,0,1,0,1,0,1
param_20062,real_004,0.708613212706284,0.4560114974418353,0.08152712042833647,0.10634067399040824,1.833090266458487,155.90437038014255,0,1,0,1,1,1,0,1,0,1,0,1,0,1
param_20062,real_005,0.7345696190347549,0.4299183111944356,0.06585274612406283,0.08467553454779299,2.253444845626704,250.60964094852193,1,1,0,1,1,1,0,1,0,1,0,1,0,1
param_20063,real_001,0.7795602283735742,0.5334066326896507,0.10836506883312755,0.1394304944198088,1.1932101104135093,242.24913969147013,1,1,1,1,1,1,1,1,0,1,0,1,0,0
param_20063,real_002,0.8036617645943555,0.5737407491998536,0.13236025612599145,0.16137850817363605,1.1844760955359215,211.83937337838847,1,1,1,0,1,1,1,1,0,0,0,0,1,1
param_20063,real_003,0.7767766409657213,0.5243049813791967,0.09266431210303522,0.12576871757238506,1.1882111191445641,200.1042589914731,1,1,1,1,1,1,0,1,0,1,0,1,0,1
param_20063,real_004,0.7367273588022729,0.5061903708161618,0.10086665689703897,0.13454117796222193,1.1386514350844472,180.72728557574175,1,1,1,1,1,1,1,1,1,1,0,1,0,1
param_20063,real_005,0.7566157989508866,0.46717003073578545,0.07830985337171996,0.10590951471880342,1.4718330557460566,234.47991101242144,1,1,1,1,1,1,0,1,0,1,0,1,0,1
param_20064,real_001,0.794921526146387,0.6055947255621219,0.12466781726058346,0.16496476938399698,0.7507398846428032,277.84000106706367,1,1,1,1,1,1,1,1,1,1,1,1,1,0
param_20064,real_002,0.8156107998353874,0.6513836709359981,0.15642438295840108,0.19593843309258335,0.8713092508539609,243.72112109319104,1,1,1,0,1,1,1,1,0,0,0,0,1,1
param_20064,real_003,0.8012055608763266,0.6079642066233228,0.12519995072903034,0.17294717840778204,0.848448482770444,225.51408264317942,1,1,1,1,1,1,0,1,1,1,0,1,1,1
param_20064,real_004,0.7676633581811975,0.576662683067202,0.1301769178243601,0.17813122014205146,0.814496543994022,149.95635387880196,1,1,1,1,1,1,1,1,1,1,1,1,1,1
param_20064,real_005,0.7829847047505843,0.5679761371232209,0.11019180552682942,0.15149800887206458,1.0909995027349577,261.2008695787711,1,1,1,1,1,1,1,1,0,1,0,1,1,1
param_20065,real_002,0.8234878101457973,0.6771593654653668,0.17793011739359754,0.21645516515490906,0.052296782596683265,184.90150692524236,1,1,1,0,1,1,1,1,1,0,1,0,1,1
param_20065,real_003,0.7945770456868622,0.6411717618102495,0.1269711825435432,0.18254575155064587,0.10636387540323357,214.81868485625444,1,1,1,1,1,1,1,1,1,1,0,1,1,1
param_20065,real_004,0.7895567165761139,0.6458000313974239,0.16354379935768967,0.22705786767091127,0.041496890413896634,229.87875396739992,1,1,1,1,1,1,1,1,1,1,1,1,1,1
param_20065,real_005,0.8055761727023403,0.6237790322343428,0.1465240439456864,0.20761648946104597,0.17858644368664456,195.97725198242819,1,1,1,1,1,1,1,1,1,1,0,1,1,1
param_20066,real_001,0.704395932475549,0.42545849316018214,0.06041390229566217,0.09430765314964067,1.1582836077353245,344.7552796875675,1,0,1,0,1,1,1,1,0,1,0,1,1,1
param_20066,real_002,0.6809661824235481,0.41600538652404145,0.0688041198388583,0.10112406558364889,1.6027113237639554,63.33034420670874,0,1,1,1,0,1,1,1,0,1,1,1,1,1
param_20066,real_003,0.7262335879505621,0.45439009148009113,0.09193559394529281,0.11348814748866065,1.596739268882945,298.1616245711713,1,1,1,1,0,1,1,1,0,1,1,1,0,1
param_20066,real_004,0.6675689394589326,0.38958766028867464,0.03474451817237818,0.054829151559246406,2.309440727959746,245.2323493498271,1,1,0,1,1,1,0,1,0,1,0,1,1,1
param_20066,real_005,0.8211860799867042,0.6047341388438421,0.3514712402948522,0.374655365787296,0.7770122433778688,28.582321593229032,1,1,0,1,1,1,0,1,0,1,0,1,0,0
param_20067,real_001,0.7084371872017954,0.4354847796008027,0.06301694146528111,0.09925559468858922,0.9743505472835872,346.8348411447017,1,0,1,0,1,1,1,1,1,1,0,1,1,1
param_20067,real_002,0.6884658410233971,0.42573824717722736,0.07420441484526823,0.10941709248714733,1.4067546641103164,59.88273408883458,1,1,1,1,1,1,1,1,0,1,1,1,1,1
param_20067,real_003,0.7328179630325203,0.46351497562090904,0.09608295143686565,0.11981598523871634,1.4693930080094477,298.77028402888146,1,1,1,1,0,1,1,1,0,1,1,1,0,1
param_20067,real_004,0.6731091284798358,0.39903915487562686,0.036864438768090674,0.060050189976663615,2.0298815680321938,249.25152197313,1,1,0,1,1,1,0,1,0,1,0,1,1,1
param_20067,real_005,0.8331029834080361,0.6373258359629358,0.36959913458265503,0.3988812849902888,0.6329103094253529,23.387433675805184,1,1,0,1,1,1,0,1,1,1,0,1,0,0
param_20068,real_001,0.708521450160299,0.44816563226652945,0.06720231695279912,0.10499233028977856,0.9485946380470194,341.9818868411443,1,0,1,0,1,1,1,1,1,1,0,1,1,1
param_20068,real_002,0.6895162526782296,0.4455196995915176,0.07814022753274412,0.1159059191108279,1.3611030730945077,65.26010106163861,1,1,1,1,1,1,1,1,0,1,1,1,1,1
param_20068,real_003,0.7340688802587142,0.4765801851305813,0.09967142894575874,0.1256495369602388,1.4139839853174074,299.0094644449673,1,1,1,1,0,1,1,1,0,1,1,1,0,1
param_20068,real_004,0.6728834697658845,0.40716706082380694,0.039711506080789605,0.06413574246234793,1.9734120866748652,245.23092857808774,1,1,0,1,1,1,0,1,0,1,0,1,1,1
param_20068,real_005,0.8366583035273736,0.6410372803991871,0.3700572048846888,0.40067892116925435,0.6154953023163954,26.992318822972067,1,1,0,1,1,1,0,1,1,1,0,1,0,0
param_20069,real_001,0.7190977198440658,0.4759679247199123,0.07173491250296601,0.11444028206141725,0.5489103627640016,354.7571491132551,1,0,1,0,1,1,1,1,1,1,0,1,1,1
param_20069,real_002,0.7182456355963134,0.4836061826071758,0.09691909909752316,0.1424739151015994,0.8279064036649977,41.822446464587124,1,1,1,1,1,1,1,1,0,1,1,1,1,1
param_20069,real_003,0.757814234615465,0.5090234235923382,0.11506143412492437,0.1488762078119517,0.9862626656274357,300.4900134046016,1,1,1,1,1,1,1,1,0,1,1,1,0,1
param_20069,real_004,0.6909825564134381,0.43624477749100554,0.04872193598621201,0.08387526839540238,1.1949392013706863,268.74315629356477,1,1,1,1,1,1,1,1,0,1,0,1,1,1
param_20069,real_005,0.8726471596210065,0.7151662363505499,0.41490103238649195,0.4568136904332454,0.23486024844720496,15.878507583975743,1,1,1,1,1,1,1,1,1,1,1,1,0,0
param_20070,real_001,0.7485886882483445,0.5736746853371656,0.11023849587465083,0.1661259329369915,0.3190861703549539,322.9229985972634,1,0,1,0,1,1,1,1,1,1,0,1,1,1
param_20070,real_002,0.7581284715561631,0.5862714722340518,0.13575421022202985,0.204266536074773,0.549703714958596,59.615748762102896,1,1,1,1,1,1,1,1,0,1,1,1,1,1
param_20070,real_003,0.7860710512330565,0.588633103474703,0.1496060345049612,0.20118922230005065,0.6387440341622708,304.6632489346763,1,1,1,1,1,1,1,1,0,1,1,1,1,1
param_20070,real_004,0.7208357306531171,0.5279482929113083,0.07819619055654431,0.1288735588820452,0.8631385871039865,243.74258174979946,1,1,1,1,1,1,1,1,0,1,0,1,1,1
param_20070,real_005,0.9011846736682801,0.7552428022577403,0.3897418856915864,0.44019507243031164,0.07042306182348432,20.976896418894913,1,1,1,1,1,1,1,1,1,1,1,1,1,0
param_20071,real_001,0.7396014526004574,0.5916331917721503,0.10707472264026242,0.1655154776049425,0.16654702947900518,362.93229860936435,1,0,1,0,1,1,1,1,1,1,1,1,1,1
param_20071,real_002,0.7727604073018131,0.6195945055302787,0.15956138357901314,0.23438753209417704,0.03718062793949409,74.13633802944999,1,1,1,1,1,1,1,1,1,1,1,1,1,1
param_20071,real_004,0.743622364525003,0.5858853358984443,0.10313986831334315,0.17391453964735054,0.12599783542684725,295.84550112583463,1,1,1,1,1,1,1,1,1,1,1,1,1,1
param_20071,real_005,0.8771055403340736,0.7449045551829448,0.3303503236914739,0.3769510486625092,0.2658289524297987,47.55207972600847,1,1,1,1,1,1,1,1,1,1,1,1,1,0
param_20072,real_001,0.7378872330716255,0.38570112308837823,0.06572549782183026,0.07902926265154477,2.512405387482564,139.94817280480942,0,1,0,1,0,1,0,1,0,1,0,0,0,1
param_20072,real_002,0.7361551034973884,0.40099817846830255,0.08062375037712673,0.09446068460851388,2.65872924487023,244.8022648723795,0,1,0,1,0,1,0,1,0,1,0,1,1,1
param_20072,real_003,0.7566134991929527,0.38257482059731485,0.04455513388887821,0.059510662243528537,2.644793938192471,133.40942056608006,0,1,0,1,1,1,0,1,0,1,0,1,1,1
param_20072,real_004,0.7441728447265517,0.38120500012322395,0.07467364493558099,0.08781752701398342,2.3122353262601885,256.7474399283449,0,1,0,1,0,1,0,1,0,1,0,1,1,1
param_20072,real_005,0.7777423819070195,0.38627605120649094,0.10397178005664708,0.11620601586001798,1.9333166435285283,319.6397739535504,0,1,0,1,0,1,0,1,0,1,0,1,1,1
param_20073,real_001,0.7447244092137457,0.40581126590002214,0.07014286031331347,0.0855772770830047,2.2382729323466783,141.05537241042651,0,1,0,1,0,1,0,1,0,1,0,0,0,1
param_20073,real_002,0.741632342981793,0.4167877134310103,0.08444320014174339,0.10044284854340874,2.385102166918799,246.32422640676765,0,1,0,1,0,1,0,1,0,1,0,1,1,1
param_20073,real_003,0.7616445784035979,0.3973360299643989,0.04718739876416228,0.0641203598528062,2.3887648733334697,133.43213228002864,1,1,0,1,1,1,0,1,0,1,0,1,1,1
param_20073,real_004,0.7488604268026302,0.39558929078212995,0.07922980639790408,0.0949402848662945,2.0550188996220076,255.57830352850746,0,1,0,1,0,1,0,1,0,1,0,1,1,1
param_20073,real_005,0.7841469130522767,0.40408451139281837,0.11019398330292322,0.12513739876491356,1.6980176257562118,321.47422210204303,0,1,0,1,0,1,0,1,0,1,0,1,1,1
param_20074,real_001,0.7441054499848356,0.4282074186670534,0.07263875573339662,0.08896818443557197,2.1306891139962905,135.9375800912095,0,1,0,1,0,1,0,1,0,1,0,0,0,1
param_20074,real_002,0.7418543391592658,0.4442139786660752,0.09012181415422323,0.10795504000467032,2.2868462429659053,241.3556461389681,0,1,0,1,0,1,0,1,0,1,0,1,1,1
param_20074,real_003,0.7600872337360076,0.4120396037103297,0.04983471129831599,0.06793991243884304,2.2726805245149424,134.24317626351825,1,1,0,1,1,1,0,1,0,1,0,1,1,1
param_20074,real_004,0.7471710418610494,0.4060354340184006,0.08141340843949632,0.0981826938202366,1.9612440970525973,260.4767878353966,0,1,0,1,0,1,0,1,0,1,0,1,1,1
param_20074,real_005,0.7833449365936695,0.421062885417368,0.11303721143817044,0.1290316771068311,1.6252571544963845,316.5067851159477,0,1,0,1,0,1,0,1,0,1,0,1,1,1
param_20075,real_001,0.7761816195700899,0.5071759801752694,0.09375454830100159,0.12253729576205273,1.2278449801293767,143.48186460292672,1,1,1,1,1,1,1,1,0,1,0,0,0,1
param_20075,real_002,0.7742556213375476,0.49794339569721496,0.10963221721419428,0.13977787060863778,1.3520711811210138,253.42467652766973,1,1,1,1,1,1,1,1,0,1,0,1,1,1
param_20075,real_003,0.7867444018990937,0.4789407067066261,0.06256517201873785,0.09283732697541495,1.3699173601065582,134.69567237036304,1,1,1,1,1,1,1,1,0,1,0,1,0,1
param_20075,real_004,0.7832550631715774,0.48322246811532543,0.10421641695661217,0.13433575880189216,1.1382168788030218,250.84595384319726,1,1,1,1,1,1,1,1,0,1,0,1,1,1
param_20075,real_005,0.81901647852396,0.4922810353415802,0.1426340299557828,0.17363569727461173,0.8816719224480262,330.3113600674623,1,1,1,1,1,1,1,1,0,1,0,1,0,1
param_20076,real_001,0.7867626396238165,0.5612596981940781,0.11532245603728844,0.15296734588192484,0.8748062346666016,101.78167744126782,1,1,1,1,1,1,1,1,0,1,0,0,1,1
param_20076,real_002,0.7936572885906777,0.5863269809413777,0.13671955397134541,0.17640307281371342,1.0452766549087258,212.3745143100635,1,1,1,1,1,1,1,1,0,1,0,1,1,1
param_20076,real_003,0.8005627219882876,0.5538818074006258,0.08787052875252668,0.1292885377112934,0.9950566674704606,147.2806472296247,1,1,1,1,1,1,1,1,0,1,0,1,1,1
param_20076,real_004,0.7943137494314204,0.5375322274294418,0.12679032206746121,0.1676524398785843,0.8559673406901831,290.5208523759254,1,1,1,1,1,1,1,1,0,1,0,1,1,1
param_20076,real_005,0.835303983229733,0.5780236068250894,0.17166260771933017,0.21406436359031286,0.6562194808532511,288.3479374474686,1,1,1,1,1,1,1,1,0,1,0,1,1,1
param_20077,real_001,0.7956033829349052,0.6464065139055755,0.12981768397192198,0.1756496554668528,0.07972655594698876,147.24162655034323,1,1,1,1,1,1,1,1,1,1,1,0,1,1
param_20077,real_002,0.808563716450835,0.6546083645969674,0.1565515255481366,0.21129898727845398,0.03146889383363306,267.0425779145536,1,1,1,1,1,1,1,1,1,1,1,1,1,1
param_20077,real_003,0.7881908540822713,0.6247947079744526,0.1002637948813571,0.14833437870304617,4.8349469968935466e-05,140.78943795596717,1,1,1,1,1,1,1,1,1,1,1,1,1,1
param_20077,real_004,0.8033420448236163,0.6307042077380158,0.1544547670667742,0.20590840592435763,0.11160507095923203,233.70684927506665,1,1,1,1,1,1,1,1,1,1,1,1,1,1
param_20077,real_005,0.8562938011847333,0.6737888345958083,0.2088065994615585,0.2650552906363712,0.2078631659168572,352.0422953941155,1,1,1,1,1,1,1,1,1,1,1,1,1,1
param_20078,real_001,0.7116345274316284,0.3744453592671351,0.07521191410533179,0.08637019538985154,2.5961868320358885,107.90321016395262,0,1,0,1,0,1,0,1,0,1,0,1,1,1
param_20078,real_002,0.6755517783120025,0.38962291260473814,0.04819070505486813,0.07017539808371319,2.652686231163932,183.27083650812915,0,1,0,1,0,1,1,1,0,1,0,1,1,1
param_20078,real_003,0.7246974335523234,0.37452689898061386,0.07366640102892902,0.09941835526206581,1.3928037400866882,417.1938275009071,0,0,1,1,0,1,0,1,0,1,0,1,1,1
param_20078,real_004,0.694332655343286,0.37762068135137605,0.06981494497987759,0.08533692433320203,2.849373214852428,307.86387414541684,0,1,0,1,0,1,0,1,0,1,0,1,1,1
param_20078,real_005,0.699032250103698,0.37864048074556783,0.06467706506658766,0.08836725572827586,1.0181357394492774,545.719006989357,1,0,0,0,1,1,0,1,0,0,0,0,0,1
param_20079,real_001,0.7176528189919837,0.3870657232337493,0.07902422489950513,0.0926093311988497,2.280304094036467,107.48245646154386,1,1,0,1,0,1,0,1,0,1,0,1,1,1
param_20079,real_002,0.6831272045860974,0.40245087043244,0.053671023574944916,0.07915879196321551,2.2443391637994705,177.3990817337975,0,1,0,1,0,1,1,1,0,1,0,1,1,1
param_20079,real_003,0.7344222913155356,0.3943403368568981,0.08181543117702368,0.11188662051603579,1.1175357196696873,415.1741955330142,1,0,1,1,0,1,1,1,0,1,0,1,1,1
param_20079,real_004,0.7023104436661138,0.4028012848493979,0.07670001775632952,0.09437593973561144,2.441750758153475,306.29763264637546,0,1,0,1,0,1,0,1,0,1,0,1,1,1
param_20079,real_005,0.7085833881155794,0.4043243263474966,0.06901451243244618,0.09530356586244794,0.8607745977030543,550.3386739854893,1,0,0,0,1,1,0,1,0,0,0,0,0,1
param_20080,real_001,0.718075865285832,0.41140253171817043,0.08560405877791057,0.10003806646536381,2.2212460850552525,108.44006741893571,1,1,0,1,0,1,0,1,0,1,0,1,1,1
param_20080,real_002,0.6813894478070379,0.4108226215061663,0.05541562771453726,0.08216180355594455,2.1917310555043596,179.88892414322032,0,1,1,1,0,1,1,1,0,1,0,1,1,1
param_20080,real_003,0.7334663191857405,0.4000499949173905,0.08516112273745598,0.11658465504830687,1.0909181125022742,410.17564522511515,1,0,1,1,0,1,1,1,0,1,0,1,1,1
param_20080,real_004,0.7014720379937011,0.41964563092179274,0.0793621596253709,0.09822662615093858,2.3947313182199834,309.95228043964806,0,1,0,1,0,1,0,1,0,1,0,1,1,1
param_20080,real_005,0.7081675927168217,0.41191487565930496,0.07320349306230667,0.10114700902235206,0.8233058898036733,545.5032796217613,1,0,0,0,1,1,0,1,0,0,0,0,0,1
param_20081,real_001,0.7444499031467001,0.4573523198404748,0.09714221839956036,0.12371800317094761,1.3291317723466074,107.89578462288804,1,1,0,1,1,1,1,1,0,1,0,1,1,1
param_20081,real_002,0.7157168762046888,0.4593072161147904,0.08031148155443639,0.1189507733598223,1.1980131561283394,163.31662612653668,1,1,1,1,1,1,1,1,0,1,1,1,1,1
param_20081,real_003,0.763900245440124,0.46064036418306675,0.11241311030583762,0.15397266211751096,0.5153974323627777,407.0501212539763,1,0,1,1,1,1,1,1,0,1,0,1,1,1
param_20081,real_004,0.7369394283092177,0.48772075722665575,0.10579642254481375,0.13474772974370455,1.4772469077494543,302.2395019547524,1,1,1,1,1,1,1,1,0,1,0,1,1,1
param_20081,real_005,0.7307817856556494,0.4747964483029958,0.0770991917469489,0.1231086532779776,0.333297709379787,565.9757796736637,1,0,1,0,1,1,1,1,0,0,0,0,0,1
param_20082,real_001,0.7708575182956359,0.5577451809330782,0.14173771811113733,0.18044957721412225,1.0735551441685898,113.20806121834167,1,1,0,1,1,1,1,1,0,1,0,1,1,1
param_20082,real_002,0.7426328508051152,0.5407360504285834,0.10480240285363163,0.15799942746694445,0.9065176199095981,179.95902316072295,1,1,1,1,1,1,1,1,0,1,1,1,1,1
param_20082,real_003,0.7969939730799348,0.5679417061870257,0.14781608708585986,0.20997897026553272,0.3396242410113491,371.59587103005003,1,0,1,1,1,1,1,1,0,1,1,1,1,1
param_20082,real_004,0.7582983325590255,0.5604075113472596,0.13078419134878813,0.17142594002914988,1.201937914132704,330.8127052074477,1,1,1,1,1,1,1,1,0,1,0,1,1,1
param_20082,real_005,0.7556884927530576,0.5381353903060834,0.11302710422174148,0.1745882279702466,0.1626060034997981,531.048025615131,1,0,1,0,1,1,1,1,1,0,1,0,1,1
param_20083,real_001,0.7984544354946798,0.6250237308721935,0.15959581906124953,0.22192785464478415,0.14003973648436682,120.18391961801974,1,1,1,1,1,1,1,1,1,1,1,1,1,1
param_20083,real_002,0.7929305441870451,0.6404156336379688,0.17788570926395222,0.2512767087607536,0.05259989596909464,151.73318042145607,1,1,1,1,1,1,1,1,1,1,1,1,1,1
param_20083,real_003,0.8067186819741048,0.6351984527573385,0.18568707140287855,0.2554727579770154,0.2580478557636439,391.03503383876966,1,0,1,1,1,1,1,1,1,1,1,1,1,1
param_20083,real_004,0.8220942142412343,0.6803699624906259,0.20775510987418971,0.2762083566129176,0.19360850231562632,284.7026293368822,1,1,1,1,1,1,1,1,1,1,1,1,1,1
param_20083,real_005,0.7436519672265482,0.5942966065430886,0.09773093605379991,0.15970868662649648,0.3352653172380721,575.4798923050334,1,0,1,0,1,1,1,1,1,0,1,0,1,1
param_20084,real_001,0.7099585451850569,0.4345555930024097,0.08952720681471177,0.10534766925525003,2.0932224500354493,216.60082748712557,0,1,0,1,0,1,1,1,0,1,0,1,1,1
param_20084,real_002,0.7186515933531542,0.4163107067028628,0.10491422734032979,0.1179548146756353,2.237652670054382,112.4482388764429,0,1,0,1,0,1,0,1,0,0,0,1,1,1
param_20084,real_003,0.6920998142778947,0.36368998627852206,0.08241880577196292,0.10398130715203976,1.6087931884230384,444.2238694444123,0,0,1,1,0,1,0,1,0,1,0,1,1,1
param_20084,real_004,0.7347408631813874,0.4014841745701406,0.09633506798273556,0.1306985807575296,0.604141022579045,558.8506771248933,0,1,0,1,1,0,1,0,0,0,0,0,1,1
param_20084,real_005,0.7297533946265697,0.40069896470436733,0.09830085315024917,0.11598492021785811,1.7851746285848153,303.82931496875335,1,1,0,1,0,1,0,1,0,1,0,1,1,1
param_20085,real_001,0.7181438939716486,0.45126720751020843,0.09587455425265701,0.11501568981267696,1.7942393242284191,213.4400887223643,0,1,0,1,0,1,1,1,0,1,0,1,1,1
param_20085,real_003,0.7015383922528038,0.3851959296725393,0.08875351337250197,0.11345618759284398,1.3861961759676666,446.7707875701177,0,0,1,1,0,1,1,1,0,1,0,1,1,1
param_20085,real_004,0.7403671818547227,0.4218796929321422,0.10051588615895957,0.13917491589968498,0.4761872559130332,565.7694867353821,0,1,0,1,1,0,1,0,1,0,0,0,1,1
param_20085,real_005,0.7407318426898373,0.425383954172465,0.1072631893316096,0.1284821256251961,1.4609718652429664,306.3129766995064,1,1,0,1,1,1,0,1,0,1,0,1,1,1
param_20086,real_001,0.717728946451991,0.46679206066732215,0.09863771945254715,0.1191837709494093,1.7587585876884164,213.91646104293795,0,1,0,1,0,1,1,1,0,1,0,1,1,1
param_20086,real_003,0.7036667593220588,0.4024897067941779,0.09474357771867467,0.12152281661686284,1.348879911861917,441.90350607022265,0,0,1,1,0,1,1,1,0,1,0,1,1,1
param_20086,real_004,0.7399546084115916,0.44265732188361917,0.10326274137971582,0.14355075031964132,0.4462111801242236,561.2287014980411,0,1,0,1,1,0,1,0,1,0,0,0,1,1
param_20086,real_005,0.7413663329937666,0.4343076668190903,0.11232880285229299,0.13621735077999123,1.40492565995752,300.0693810086254,1,1,0,1,1,1,0,1,0,1,0,1,1,1
param_20087,real_001,0.752790167004987,0.5244055229909377,0.12051673750900985,0.15291622381358522,1.0005948766250665,207.00684156248604,1,1,1,1,1,1,1,1,0,1,1,1,1,1
param_20087,real_002,0.7569651808941442,0.5246546842633678,0.15215187512214834,0.1807612253611706,1.0709825501824817,103.39702109712181,0,1,1,1,0,1,1,1,0,0,1,1,1,1
param_20087,real_003,0.7326794911965838,0.4664394403336125,0.11133502871549548,0.15048386477680278,0.7633193190433524,455.8842222996634,1,0,1,1,1,1,1,1,0,1,1,1,1,1
param_20087,real_004,0.7642684600059418,0.5050574737385363,0.12914520048159034,0.17286352719955006,0.08437550452676941,587.5817992917513,1,1,1,1,1,0,1,0,1,0,1,0,0,1
param_20087,real_005,0.7719394164055542,0.4985530165402487,0.14013092397625904,0.1765666925464481,0.809367390422078,311.66929040872935,1,1,1,1,1,1,1,1,0,1,0,1,1,1
param_20088,real_001,0.7891298829794943,0.6118354091742351,0.1552770280428864,0.2054887246828197,0.7401043463263194,205.7495503522219,1,1,1,1,1,1,1,1,0,1,1,1,1,1
param_20088,real_002,0.8022204398972346,0.6137491250842443,0.18886704361146356,0.2366938706050817,0.7523794588465204,103.64231182507255,0,1,1,1,0,1,1,1,0,0,1,1,1,1
param_20088,real_003,0.7739254163211322,0.5790064610799096,0.16031832151368333,0.2189308670499264,0.5349632518374081,425.40137780231134,1,0,1,1,1,1,1,1,0,1,1,1,1,1
param_20088,real_004,0.7861555744336783,0.6089791711584441,0.1500430182084008,0.20608847369797076,0.12695476542814862,560.0328128906317,1,1,1,1,1,0,1,0,1,0,1,0,1,1
param_20088,real_005,0.8005221970048834,0.583344356317241,0.17006528474655785,0.2259188787125744,0.5153430273933317,277.99918187358037,1,1,1,1,1,1,1,1,1,1,0,1,1,1
param_20089,real_001,0.8098567665616097,0.6694547997548057,0.19927114282228278,0.2565217712146211,0.022667554640673247,186.23211440820472,1,1,1,1,1,1,1,1,1,1,1,1,1,1
param_20089,real_002,0.8139708201952343,0.6803736326743867,0.21584602881904322,0.27415567595425583,0.010523662915837942,96.93676679599682,1,1,1,1,1,1,1,1,0,0,1,1,1,1
param_20089,real_003,0.7811635360483052,0.6217734332390445,0.1612767972066199,0.23429656946771046,0.046251993620414676,445.5224388055015,1,0,1,1,1,1,1,1,0,1,1,1,1,1
param_20089,real_004,0.7837281440055149,0.6489127488007577,0.15756612366130324,0.2104944604879194,0.47944674635585893,625.1417090013954,1,1,1,1,1,0,1,0,1,0,1,0,1,1
param_20089,real_005,0.8289727006123284,0.660872719511203,0.21988930977169577,0.28136906867631617,0.10273584905660377,319.3295382538151,1,1,1,1,1,1,1,1,1,1,1,1,1,1
param_20090,real_001,0.7757452489322398,0.40362438886809104,0.08013042836870486,0.09389042006603551,2.7358912941281814,377.7978310445492,0,1,0,1,0,1,0,1,0,1,0,1,1,1
param_20090,real_002,0.7510539071049864,0.33667828705939945,0.06828922135464317,0.0830312675971865,2.0783569283569285,101.23206272899296,0,0,0,1,0,1,0,1,0,1,0,1,0,1
param_20090,real_003,0.7372278712205295,0.35706850184552735,0.052079713853048465,0.0649293817605211,2.6822642677158393,300.9961844028607,0,1,0,1,0,1,0,1,0,1,0,1,0,1
param_20090,real_004,0.7487120822015353,0.3252080960281097,0.07093713360292812,0.08291001438304545,2.2893301573874134,303.9625782573494,0,1,0,0,0,1,0,1,0,0,0,0,1,1
param_20090,real_005,0.7314123915030035,0.3289554786175789,0.07119156493426827,0.082223392775902,2.494650881635074,9.56871586915462,0,1,0,1,0,1,0,1,0,1,0,1,1,1
param_20091,real_001,0.7833382206205525,0.42695811935313377,0.08548396417932348,0.10127221665529547,2.4308328022531507,376.1414244316255,0,1,0,1,0,1,0,1,0,1,0,1,1,1
param_20091,real_002,0.7585462607522441,0.3613221974570802,0.07207632378693522,0.08932369780181373,1.8413352075867666,101.70451059092919,0,0,1,1,0,1,0,1,0,1,0,1,0,1
param_20091,real_003,0.7426596032662733,0.37102415672812045,0.055640951255767665,0.07043548812276498,2.4072975681590414,299.9860555892877,0,1,1,1,0,1,0,1,0,1,0,1,0,1
param_20091,real_004,0.7550961730138772,0.3453686668230451,0.07456692663591918,0.08895680886081062,2.0272485146486376,305.341283500095,0,1,0,0,0,1,0,1,0,0,0,0,1,1
param_20091,real_005,0.7375740207197586,0.34877608584538033,0.07532070838306539,0.08881940929738037,2.1881880423698834,8.257779704110805,0,1,0,1,0,1,0,1,0,1,0,1,1,1
param_20092,real_001,0.7819951965784017,0.44997391475614656,0.08937945102332376,0.10759746204910871,2.3290644324755636,381.2578374079168,0,1,0,1,0,1,0,1,0,1,0,1,1,1
param_20092,real_002,0.7592245859238489,0.388316834673445,0.07755037547649843,0.09645743677141194,1.7467128557484353,97.43463850807689,0,0,1,1,0,1,0,1,0,1,0,1,0,1
param_20092,real_003,0.7412716456464595,0.39306278142110584,0.05876902387818629,0.07473755065980821,2.290920943463316,304.833482114767,0,1,1,1,0,1,0,1,0,1,0,1,0,1
param_20092,real_004,0.755946315212674,0.36986932322889,0.08173755469095167,0.09756473129907171,1.9499490906186987,299.91906740920564,0,1,0,0,0,1,0,1,0,0,0,0,1,1
param_20092,real_005,0.7375443734141647,0.3732186492280145,0.08242516910939807,0.09767861846330747,2.103076704948249,13.54637693461687,0,1,0,1,0,1,0,1,0,1,0,1,1,1
param_20093,real_001,0.8213315599009887,0.5260760725391321,0.11270516348124784,0.1414495707646941,1.4310395058850949,370.10087398963884,1,1,1,1,1,1,1,1,0,1,0,1,1,1
param_20093,real_002,0.7868420718485535,0.4617052790786677,0.09237049031468772,0.12217833955923246,0.9965914940385926,101.00441420225056,1,0,1,1,1,1,1,1,0,1,0,1,0,1
param_20093,real_003,0.7671392485048925,0.44707691333449584,0.07458972362056011,0.10127475835062773,1.4303470611405313,298.2302267121463,1,1,1,1,1,1,1,1,0,1,0,1,0,1
param_20093,real_004,0.78337382449237,0.4398186424947949,0.09677895522602034,0.12363768811369111,1.0974037956535934,306.88108998325293,1,1,1,0,1,1,1,1,0,0,0,0,1,1
param_20093,real_005,0.7709392386987568,0.44605333762623717,0.0996098644828165,0.12735514621505253,1.2108346802124221,5.45956407440592,1,1,1,1,1,1,1,1,0,1,0,1,1,1
param_20094,real_001,0.8279138478401731,0.5872472891669416,0.13065806920173956,0.17199357392529405,1.0380782570465537,412.5968177809909,1,1,1,1,1,1,1,1,0,1,0,1,1,1
param_20094,real_002,0.8148891213341526,0.5698913196656573,0.14329310260462452,0.1885270411254545,0.6341349547949261,70.3844676384429,1,0,1,1,1,1,1,1,0,1,0,1,1,1
param_20094,real_003,0.7826302662489417,0.5361089590244598,0.10400118817544116,0.14323309173042367,0.9955081213166594,338.27942227611857,1,1,1,1,1,1,1,1,0,1,0,1,1,1
param_20094,real_004,0.8158408501545279,0.5676902327774496,0.1597178171648622,0.19921722228069588,0.8005239748979468,262.86603834589687,1,1,1,0,1,1,1,1,0,0,0,0,1,1
param_20094,real_005,0.7938009792444849,0.5495985727634213,0.14505743965055648,0.18765917174003124,0.9128013684092243,49.38732792216211,1,1,1,1,1,1,1,1,0,1,0,1,1,1
param_20095,real_001,0.83763050296328,0.6713959804632058,0.1556197141127471,0.2051405356920084,0.0052889017396751965,359.1176445397489,1,1,1,1,1,1,1,1,1,1,1,1,1,1
param_20095,real_002,0.7864878985870152,0.612446639816086,0.13320716770848623,0.1804546244102346,0.13953293161855082,98.77945338738436,1,0,1,1,1,1,1,1,1,1,1,1,1,1
param_20095,real_003,0.8000079651263519,0.6219135247996165,0.13008547358544717,0.18698037243739596,0.026476314881451177,293.8874054805067,1,1,1,1,1,1,1,1,1,1,1,1,1,1
param_20095,real_004,0.797460899606648,0.613020620410296,0.15032000047100663,0.19799424879217273,0.0991617131534827,303.42996578150564,1,1,1,0,1,1,1,1,1,0,1,0,1,1
param_20095,real_005,0.7840926686985032,0.6173439058399609,0.14657290341158166,0.2007742135339722,0.0729974707441337,3.0453636405492612,1,1,1,1,1,1,1,1,1,1,1,1,1,1
param_20096,real_001,0.7188797789526814,0.3644954004179772,0.07518158634811578,0.08755250688626968,2.528636166966502,292.60324530344525,0,1,0,1,0,1,0,1,0,0,0,1,1,1
param_20096,real_002,0.7309004452374575,0.44493779958043794,0.10372191391747836,0.1111206126312832,3.3925398582154287,249.30925741637532,0,1,0,1,1,1,0,1,0,1,0,1,1,1
param_20096,real_003,0.6831247167300479,0.3765575332366723,0.07714197587633663,0.09544350294592009,2.2172046167678956,178.44580682957934,0,1,0,1,1,1,0,1,0,1,0,1,0,1
param_20096,real_004,0.7789410205406228,0.42190230827853026,0.15585118930266442,0.17263406970945333,1.5430462239977403,168.35541834128207,0,1,0,1,0,1,1,1,0,0,0,1,1,1
param_20096,real_005,0.765096750430414,0.3699144375892404,0.1474825581226272,0.15194550562731943,2.163408945489071,312.8666625239438,0,1,0,1,0,1,0,1,0,1,0,1,1,1
param_20097,real_001,0.7272339784151012,0.39547679530786445,0.08256479594364625,0.09819729268391718,2.140705758355798,294.2252155966639,0,1,0,1,0,1,0,1,0,0,0,1,1,1
param_20097,real_002,0.7409045499813045,0.4714546511391904,0.1161655980169245,0.12681395745496837,2.7299212598425195,246.94020321600271,0,1,0,1,1,1,0,1,0,1,0,1,1,1
param_20097,real_003,0.6922279974057954,0.40126182556653106,0.08359950861386485,0.10445607270039284,1.9442149454240134,178.4129447533738,0,1,0,1,1,1,0,1,0,1,0,1,1,1
param_20097,real_004,0.7927886213974951,0.45969761310771157,0.1707896227630644,0.191510199255858,1.2546374970931793,166.82982849368045,0,1,0,1,0,1,1,1,0,0,0,1,1,1
param_20097,real_005,0.775328107927451,0.39443378559121584,0.1603170348793609,0.16751014128240121,1.8027723424098898,316.2388138782838,0,1,0,1,1,1,0,1,0,1,0,1,1,1
param_20098,real_001,0.727530647851037,0.4167069478054132,0.08758688335840867,0.10418774121618135,2.113319001024693,288.9986532771615,0,1,0,1,0,1,0,1,0,0,0,1,1,1
param_20098,real_002,0.7403853486129617,0.48279820312958044,0.11897544305565771,0.13115632168570815,2.668057151421292,247.10072041425553,0,1,0,1,1,1,0,1,0,1,0,1,1,1
param_20098,real_003,0.6922797554255414,0.4211284551500131,0.0873878214098143,0.11021413247221754,1.8947298903711531,182.5381906427524,0,1,0,1,1,1,0,1,0,1,0,1,1,1
param_20098,real_004,0.7913000792178413,0.46993175677851234,0.17097772593017513,0.19315901386281684,1.2394548878860026,169.0141436860244,0,1,0,1,0,1,1,1,0,0,0,1,1,1
param_20098,real_005,0.7759683662567306,0.4104247944366217,0.16923884930476313,0.17871125731790147,1.739498802416616,311.29402328818503,0,1,0,1,1,1,0,1,0,1,0,1,1,1
param_20099,real_001,0.7613786293663509,0.4947148147638131,0.10923342793941603,0.14192006060719062,1.0856169914934855,300.1536226582772,1,1,1,1,1,1,0,1,0,0,0,1,1,1
param_20099,real_002,0.7852153286425805,0.5756005439307922,0.1653327638327093,0.19461745802354014,1.1137884872824633,245.8580072109571,1,1,0,1,1,1,0,1,1,1,0,1,1,1
param_20099,real_003,0.7308500204601094,0.49440855186733823,0.10595453085682519,0.13845940874788862,1.2093577126151442,177.00776078628226,1,1,1,1,1,1,0,1,0,1,0,1,1,1
param_20099,real_004,0.8355576396717531,0.5705006042572891,0.22477457060320702,0.26045870354923983,0.5981462462119771,165.59281650877736,1,1,1,1,1,1,1,1,0,0,0,1,1,1
param_20099,real_005,0.8239548297407705,0.4953809343387096,0.22918972379686117,0.24964525787441466,0.9161113680973159,326.199487312862,1,1,1,1,1,1,1,1,0,1,0,1,1,1
param_20100,real_001,0.7862623929181493,0.5881370560578315,0.1430686259025357,0.18991650897504847,0.8874380306223126,267.5801135043327,1,1,1,1,1,1,1,1,0,0,0,1,1,1
param_20100,real_002,0.8032405043454829,0.635893995797936,0.18259155383783152,0.2268873256046389,0.8501341799901727,246.0855782518529,1,1,1,1,1,1,0,1,1,1,0,1,1,1
param_20100,real_003,0.7571287733925054,0.582007636987274,0.12914937334329837,0.17986105901411892,0.9521450124146839,208.44520543663194,1,1,1,1,1,1,1,1,1,1,0,1,1,1
param_20100,real_004,0.8460612151972202,0.6182544670491827,0.22938849043386028,0.2701717161134086,0.44968025395656974,178.88959364218078,1,1,1,1,1,1,1,1,0,0,0,1,1,1
param_20100,real_005,0.8482807666463741,0.6156602092548922,0.26746303036604074,0.3084240201473998,0.7083240447634759,290.2750340383934,1,1,1,1,1,1,1,1,1,1,0,1,1,1
param_20101,real_001,0.7828244056321645,0.6350521740267636,0.14225784162939606,0.19506717277289912,0.01293683893995058,303.6803606917047,1,1,1,1,1,1,1,1,1,0,1,1,1,1
param_20101,real_002,0.818960378938715,0.6918464942892332,0.21726432781232796,0.27405450218494853,0.05116143830969534,254.26813876419214,1,1,1,1,1,1,1,1,1,1,1,1,1,1
param_20101,real_003,0.7835704214686622,0.6461400673891687,0.15875669573559467,0.22441682417682995,0.05098217871636405,173.85372982372013,1,1,1,1,1,1,1,1,1,1,1,1,1,1
param_20101,real_004,0.8690325483485682,0.7143792076897785,0.25474294775411144,0.30318873972168153,0.24671141100041238,158.73534911047417,1,1,1,1,1,1,1,1,1,0,1,1,1,1
param_20101,real_005,0.8929010563450448,0.7288229550025395,0.3240599758862249,0.3957881325900203,0.09052391718441244,347.6429467037419,1,1,1,1,1,1,1,1,1,1,1,1,1,1
param_20102,real_001,0.687622836122679,0.38051429421975447,0.10105796734979132,0.11937227747548494,1.786196902454488,221.40249199075265,0,1,0,1,1,1,0,1,0,1,0,1,0,1
param_20102,real_002,0.717336789281423,0.45834999812502325,0.1474442081775922,0.15502837730185876,2.6172045619995146,113.70467730268949,0,1,0,1,0,1,0,1,0,1,0,0,1,1
param_20102,real_003,0.7323315753302616,0.4159520980603073,0.07064962058898992,0.0941890141780892,1.421732240989852,291.04736473047194,1,1,0,1,1,0,0,1,1,0,0,1,1,1
param_20102,real_004,0.7123688325085709,0.4498639081505517,0.14993490145130126,0.17667672698186945,1.3012119860212654,213.0191169128037,0,1,0,1,1,1,0,1,0,1,0,1,1,1
param_20102,real_005,0.7312320168713521,0.38758580521956054,0.13002001422561305,0.14025210349275963,1.6432875336650385,504.923174672953,0,1,0,1,0,0,0,1,0,0,0,1,1,1
param_20103,real_001,0.6986519832127033,0.4005509703956176,0.11069184347003981,0.13373816411865017,1.4437877343501748,229.95637476729945,0,1,0,1,1,1,1,1,0,1,0,1,0,1
param_20103,real_002,0.725776478544788,0.49301932281340205,0.15844600392571828,0.167466675451772,2.2301508191037533,130.33399502191614,0,1,0,1,0,1,0,1,0,1,0,0,1,1
param_20103,real_003,0.7408017932354357,0.43873882740806214,0.07676280475787933,0.10197289699356896,1.1526912011508033,292.9034899926123,1,1,0,1,1,0,0,1,1,0,0,1,1,1
param_20103,real_004,0.720617362990749,0.4739843953069466,0.15831125036306515,0.18813272877659584,1.0935180017925692,216.918463910254,0,1,0,1,1,1,0,1,0,1,0,1,1,1
param_20103,real_005,0.7391231982228108,0.4094902848849074,0.14215568288393224,0.15463995104094774,1.3812686337000102,505.17184877645593,0,1,0,1,0,0,0,1,0,0,0,1,1,1
param_20104,real_001,0.6994962257508693,0.41504054039817134,0.11486761463955358,0.13972219320306634,1.4096000501308101,226.0168810384726,0,1,0,1,1,1,1,1,0,1,0,1,0,1
param_20104,real_002,0.7265495522849809,0.5198034054719521,0.161754614741461,0.17247703963707398,2.193953418611129,128.66558983216942,0,1,0,1,0,1,0,1,0,1,0,0,1,1
param_20104,real_003,0.7414378642714737,0.45406756732195264,0.0810928730380408,0.1077290253710977,1.1112793004629289,290.5569129247619,1,1,0,1,1,0,0,1,1,0,0,1,1,1
param_20104,real_004,0.7217611922805086,0.48156599352575413,0.16090969677146522,0.19272739446838816,1.0657110914582255,216.06135366853613,0,1,0,1,1,1,0,1,0,1,0,1,1,1
param_20104,real_005,0.7395902223468682,0.4240908779782924,0.14507021507564238,0.15965280431479842,1.356988765874308,504.2966478293347,0,1,0,1,0,0,0,1,0,0,0,1,1,1
param_20105,real_001,0.7329904983166493,0.47711249921014437,0.13927700544962138,0.17484235405213422,0.8295923586577693,244.70137194976854,1,1,1,1,1,1,1,1,1,1,1,1,0,1
param_20105,real_002,0.7612675090972368,0.5988919665834651,0.18398024135823854,0.20332785850831733,1.4380530249750576,194.67847036442424,1,1,0,1,1,1,0,1,0,1,0,0,1,1
param_20105,real_003,0.7576762613957857,0.5055114622510524,0.09265453002674341,0.12261415406230831,0.6249151698864408,296.32545573167386,1,1,1,1,1,0,0,1,1,0,0,1,1,1
param_20105,real_004,0.7510493012436893,0.5454021421878291,0.18433174843054026,0.22650760791186553,0.6046975863946283,238.95208612502117,0,1,0,1,1,1,1,1,1,1,0,1,1,1
param_20105,real_005,0.7712233258629452,0.5147723999950916,0.1749663393896161,0.20795267578760424,0.6998326777432043,526.1065998794872,1,1,1,1,1,0,0,1,0,0,0,1,1,1
param_20106,real_001,0.772667494154426,0.5806898397804566,0.17679180484685644,0.22985440829372808,0.5519321965492887,220.4399905877463,1,1,1,1,1,1,1,1,1,1,1,1,1,1
param_20106,real_002,0.7848344278333415,0.646086506478375,0.21011127414608008,0.241681698007527,1.0908784873690265,190.7892436924197,1,1,0,1,1,1,1,1,0,1,0,0,1,1
param_20106,real_003,0.7783916121264361,0.5869979227972625,0.12118713133788989,0.1651604450926592,0.4283782574544876,288.53293449026853,1,1,1,1,1,0,0,1,1,0,0,1,1,1
param_20106,real_004,0.792061588942256,0.629527487456699,0.22157107785674934,0.2807705661083537,0.4023743712900449,234.20754480104006,1,1,0,1,1,1,1,1,1,1,1,1,1,1
param_20106,real_005,0.7940927530283566,0.5971899925779032,0.19976648021274493,0.2460113929951869,0.48512477238337054,525.0179566376546,1,1,1,1,1,0,0,1,0,0,0,1,1,1
param_20107,real_001,0.8104128655544823,0.6621139401953533,0.22677684958620228,0.28722167302045315,0.019206243942253738,244.88061734412528,1,1,1,1,1,1,1,1,1,1,1,1,1,1
param_20107,real_002,0.8129941726665311,0.6904909844703184,0.22675877026826158,0.2845539083518633,0.05873788131680813,303.5077455765701,1,1,1,1,1,1,1,1,1,1,1,0,1,1
param_20107,real_003,0.788501959648602,0.6536708974782054,0.1384188015739096,0.19558268599778345,0.08764598667623505,318.15748673265216,1,1,1,1,1,0,1,1,1,0,1,1,1,1
param_20107,real_004,0.8081685628179964,0.68420438926161,0.24294640602557782,0.30129221041492094,0.1452500466054007,294.17784057707854,1,1,1,1,1,1,1,1,1,1,1,1,1,1
param_20107,real_005,0.8205433073426144,0.6752200198678655,0.21822704181525956,0.2789526586110679,0.22828375712991097,593.7169727424557,1,1,1,1,1,0,1,1,1,0,1,1,1,1
param_20108,real_001,0.7198120555233193,0.3637806689285753,0.05102275085460306,0.0656099692557245,2.869069290503952,219.7390970394012,0,1,0,1,0,1,0,1,0,1,0,1,0,1
param_20108,real_002,0.7448006010485778,0.4060733719577642,0.0729933007259503,0.087588770718233,2.0363417076278902,283.0527953371023,0,1,0,0,0,1,0,0,0,1,0,0,0,1
param_20108,real_003,0.8002236613067507,0.42227139653780377,0.06190139545164111,0.07326796067667993,2.4687964338781576,578.3954936032992,1,1,0,1,1,1,0,1,0,1,0,1,0,1
param_20108,real_004,0.7869934750466778,0.3946265862878032,0.06971183598187997,0.08244643800703891,2.4077420559874856,37.82869317746788,0,1,0,1,0,1,0,1,0,1,0,1,1,1
param_20108,real_005,0.7377048327893055,0.3816101791259999,0.06948153654282364,0.08202875168734693,2.5593996914301744,118.68997912531691,0,1,0,1,0,1,0,0,0,1,0,1,1,1
param_20109,real_001,0.7232887103797984,0.374994745507706,0.05439400882202482,0.07100319718406362,2.5765011608835495,220.28106278109442,0,1,0,1,0,1,0,1,0,1,0,1,0,1
param_20109,real_002,0.7489460808230749,0.41384319064281405,0.07589644979203534,0.09286898869915948,1.8494639730064495,283.9551252044605,0,1,0,0,0,1,0,0,0,1,0,0,0,1
param_20109,real_003,0.8047797567122188,0.4338910050307664,0.06520119361975973,0.0783965328400337,2.253177652970736,578.0912791908385,1,1,0,1,1,1,0,1,0,1,0,1,0,1
param_20109,real_004,0.7909009373241307,0.40513882657767497,0.07380870980475278,0.08840102455493291,2.1656147656538054,36.93940365824919,0,1,0,1,0,1,0,1,0,1,0,1,1,1
param_20109,real_005,0.741744360895902,0.39478037453749626,0.07385731563330561,0.08866762824789738,2.274424205931055,119.90555900146605,0,1,0,1,0,1,0,0,0,1,0,1,1,1
param_20110,real_001,0.722047620712356,0.3947769856645534,0.056462395896506014,0.07438600664091825,2.454500565785413,214.99264475902083,0,1,0,1,0,1,0,1,0,1,0,1,0,1
param_20110,real_002,0.7485128211840866,0.43204351121538115,0.08006285301923714,0.09857938033795804,1.7482235175382588,279.21942537465645,0,1,0,0,0,1,0,0,0,1,0,0,0,1
param_20110,real_003,0.8024864594434266,0.4494276856499299,0.0678151147724566,0.08232877432134474,2.1370660694288914,583.6224112223839,1,1,0,1,1,1,0,1,0,1,0,1,0,1
param_20110,real_004,0.7897298357077177,0.4233740209336638,0.07704294672441601,0.09244718411822944,2.0586768373184685,41.66029130930348,0,1,0,1,0,1,0,1,0,1,0,1,1,1
param_20110,real_005,0.7399237455973617,0.4103957899634036,0.07579653247791385,0.09147958514666137,2.212185139867516,115.72597016576444,0,1,0,1,0,1,0,0,0,1,0,1,1,1
param_20111,real_001,0.749213493732358,0.4568405762162414,0.07344486773418836,0.10329844911731585,1.4618204210896721,220.4833104019303,1,1,1,1,1,1,1,1,0,1,0,1,0,1
param_20111,real_002,0.7684127277752072,0.477701940751149,0.09582301263837578,0.12400910290377982,1.0260105074554344,287.8504859702469,1,1,1,0,1,1,1,0,0,1,0,0,0,1
param_20111,real_003,0.836414691479328,0.521745332305921,0.08833119844832975,0.11508922390541673,1.2843820424623413,580.0693054662389,1,1,1,1,1,1,0,1,0,1,0,1,0,1
param_20111,real_004,0.8266329400271402,0.49872326367083913,0.1002803418097994,0.12669156635718834,1.1995388649446939,33.21528853594208,1,1,1,1,1,1,1,1,0,1,0,1,1,1
param_20111,real_005,0.7701852084111742,0.47520047778954494,0.09760032878548688,0.12662235871873737,1.2454836378651801,126.94256714890744,1,1,1,1,1,1,1,0,0,1,0,1,1,1
param_20112,real_001,0.7607297532692019,0.5243906273148582,0.09318116812063382,0.132642229211919,1.0677314877529156,176.97573122402022,1,1,1,1,1,1,1,1,0,1,0,1,1,1
param_20112,real_002,0.7877405863894481,0.5500280409343506,0.1249341340371659,0.16533714771681388,0.6834342669694676,248.8096651107423,1,1,1,0,1,1,1,0,0,1,0,0,1,1
param_20112,real_003,0.8376956014604866,0.5869391758989664,0.1075744528392409,0.14301842696085917,0.8862337026381832,625.4828721160645,1,1,1,1,1,1,1,1,0,1,0,1,1,1
param_20112,real_004,0.8375050736164725,0.5740184826101484,0.1269106643299509,0.1605007200631578,0.883073151851374,74.70624590005299,1,1,1,1,1,1,1,1,0,1,0,1,1,1
param_20112,real_005,0.774695043259255,0.5401075004329261,0.11459105689765675,0.15096672574639677,1.0249757291237216,93.46851063310231,1,1,1,1,1,1,1,0,0,1,0,1,1,1
param_20113,real_001,0.7823940447861062,0.626628215094891,0.12305984962173461,0.17459422069339606,0.005160317042216422,219.22895248007558,1,1,1,1,1,1,1,1,1,1,1,1,1,1
param_20113,real_002,0.7896088321548018,0.6301480709676882,0.14584318316290523,0.19562749984853625,0.1696186303552314,300.7576243731027,1,1,1,0,1,1,1,0,1,1,1,0,1,1
param_20113,real_003,0.8364747778099957,0.6618026980956351,0.12541868736228218,0.16620898345113588,0.054690136265192556,588.0831237764788,1,1,1,1,1,1,1,1,1,1,1,1,1,1
param_20113,real_004,0.8314734969690005,0.6549685255424308,0.14191699247060333,0.1817616436214937,0.10507437428722087,21.215195148625,1,1,1,1,1,1,1,1,1,1,1,1,1,1
param_20113,real_005,0.8203673676281008,0.656668620198769,0.16917639889130115,0.22452215466208222,0.05526428451768618,153.81528384713698,1,1,1,1,1,1,1,0,1,1,1,1,1,1
param_20114,real_001,0.7108544838354289,0.37688192388632286,0.05146283685839236,0.07029258757442754,2.4015569114243633,123.77513567361737,0,1,1,1,0,1,1,1,0,1,0,1,0,1
param_20114,real_002,0.7308298187155947,0.41346044416040606,0.07862520797102826,0.0918686925123753,1.82688797385066,169.49505410909214,1,1,1,0,0,1,0,1,0,1,0,1,0,1
param_20114,real_003,0.7963217563963572,0.46698426820040373,0.07113606659251098,0.08644186007426208,2.1325337391373993,379.80382783244175,1,1,0,1,1,1,0,1,0,1,0,1,0,1
param_20114,real_004,0.7432584228600141,0.3876601246306086,0.062136613338880535,0.0746544821889417,2.5087187958883996,336.7034341899082,0,1,0,1,0,1,0,1,0,1,0,1,1,1
param_20114,real_005,0.7487611662963617,0.42124815443276453,0.09891515858157567,0.1118134979025403,2.2486055010578956,325.1870799770972,0,1,0,0,0,1,0,0,0,0,0,1,1,1
param_20115,real_001,0.7164060181753011,0.3947290144565083,0.05542957758708399,0.07718142219542849,2.093093552707098,124.30913843054567,0,1,1,1,1,1,1,1,0,1,0,1,0,1
param_20115,real_002,0.7343727041938106,0.4191223471332586,0.08146516818141981,0.09644499508752408,1.66073997123222,172.19342152653218,1,1,1,0,0,1,0,1,0,1,0,1,0,1
param_20115,real_003,0.8022962452601923,0.47895082326206173,0.07509797240836207,0.09317908041397693,1.8850019363047927,379.46818657206256,1,1,0,1,1,1,0,1,0,1,0,1,0,1
param_20115,real_004,0.746547890498736,0.39638633940946433,0.06664476728094285,0.08124394726260434,2.214444864842141,339.84138490922453,0,1,0,1,0,1,0,1,0,1,0,1,1,1
param_20115,real_005,0.753963143307833,0.4332056761601016,0.106993849857782,0.12263352724875057,1.8662706830717013,325.22491879680894,1,1,0,0,0,1,0,0,0,0,0,1,1,1
param_20116,real_001,0.7153362658648913,0.4109742230505959,0.057228514338240194,0.08059380396314726,1.9979973297730307,119.05058317954085,0,1,1,1,1,1,1,1,0,1,0,1,0,1
param_20116,real_002,0.7347416443950331,0.4378557411834258,0.08751014602958726,0.1043217443704278,1.4977682757585986,166.2395773544425,1,1,1,0,0,1,0,1,0,1,0,1,0,1
param_20116,real_003,0.8021921556294386,0.4972920557140381,0.07925381041995662,0.09885849644544459,1.764094771992438,383.3136299853651,1,1,0,1,1,1,0,1,0,1,0,1,0,1
param_20116,real_004,0.7451959063080453,0.4075254403028351,0.06882199671222881,0.08434120472580835,2.145937049989714,335.0333092178099,0,1,0,1,0,1,0,1,0,1,0,1,1,1
param_20116,real_005,0.75257975084654,0.44558251922910747,0.10857058947196768,0.12514462615406782,1.8271677268162037,323.90265413915415,1,1,0,0,0,1,0,0,0,0,0,1,1,1
param_20117,real_001,0.7430015085333865,0.47825221389491096,0.07494015028631645,0.11354251362562319,1.0548028774052516,123.87719068187903,0,1,1,1,1,1,1,1,0,1,1,1,0,1
param_20117,real_002,0.7523504425611367,0.47644831740688537,0.10049861193910706,0.12624334044966393,0.9585312412687675,191.5705893059336,1,1,1,0,1,1,1,1,0,1,0,1,0,1
param_20117,real_003,0.8163572043328254,0.526473673430585,0.09249099174661408,0.12107792269531399,1.01994835377663,382.93676390245133,1,1,1,1,1,1,0,1,1,1,0,1,0,1
param_20117,real_004,0.7762519168582511,0.4688163698715435,0.09231565073183581,0.11883291216388274,1.2096289446306785,356.7553068264385,1,1,0,1,1,1,1,1,0,1,0,1,1,1
param_20117,real_005,0.7800773179364353,0.5048852916180436,0.1395874976515291,0.17024180178107978,0.9436396852568436,328.3168557277163,1,1,0,0,1,1,0,0,0,0,0,1,1,1
param_20118,real_001,0.7581083461732081,0.5524258067604343,0.09586727437138003,0.1453727324351669,0.7699490940938202,83.19677105583713,1,1,1,1,1,1,1,1,0,1,1,1,1,1
param_20118,real_002,0.7764218446844119,0.5709359914203964,0.138620761357735,0.17739484164336797,0.6170021610858849,162.82657524235728,1,1,1,0,1,1,1,1,0,1,0,1,1,1
param_20118,real_003,0.8285830734287315,0.6133557872055281,0.12171696409618998,0.1602811294459928,0.6389913254829652,413.3306351863888,1,1,1,1,1,1,0,1,1,1,0,1,1,1
param_20118,real_004,0.7937141097577838,0.5422957074386442,0.11456893781616677,0.150492502001131,0.9631312742304039,321.05498900899,1,1,0,1,1,1,1,1,0,1,0,1,1,1
param_20118,real_005,0.793640039600125,0.5693384506031274,0.1567752768014196,0.1969004676267604,0.802892826643894,316.6005071311449,1,1,0,0,1,1,0,0,0,0,0,1,1,1
param_20119,real_001,0.7778684524462356,0.6237193416907567,0.12281591980466493,0.18356786848552062,0.030783341626151754,114.05629849965622,1,1,1,1,1,1,1,1,1,1,1,1,1,1
param_20119,real_002,0.7821608814787865,0.6199097276322019,0.15139674076802007,0.20526813830957358,0.11412494013728516,241.09422393448992,1,1,1,0,1,1,1,1,1,1,1,1,1,1
param_20119,real_004,0.8144817329738049,0.6431238387069291,0.15898228740981826,0.20743111270783798,0.03373498543563562,392.98989513767344,1,1,1,1,1,1,1,1,1,1,1,1,1,1
param_20119,real_005,0.8322201449978367,0.6642894536898928,0.19874227055581264,0.2624402579579022,0.08485895221646517,361.42358707888957,1,1,1,0,1,1,1,0,1,0,1,1,1,1
param_20120,real_001,0.6989075341841451,0.4051099501280971,0.05035696836359119,0.06276766153603588,4.698620548864067,467.0402935223635,0,1,0,1,0,1,0,1,0,1,0,1,1,1
param_20120,real_002,0.7480815407088425,0.48240977448773764,0.06546028535921868,0.08673257140191282,2.5262265512265514,509.03024317407653,1,1,0,1,1,1,1,1,1,1,0,1,0,1
param_20120,real_003,0.7071254957814265,0.35077734450509995,0.032997970973710385,0.04752717926565306,2.2424070071664204,149.70745196059238,1,0,0,0,0,1,0,1,0,1,0,1,0,1
param_20120,real_004,0.7020717297731588,0.3367459493907894,0.06441325494889748,0.07925510986886523,2.342509987373476,332.5566784118365,1,1,0,1,1,1,0,1,0,0,0,1,0,1
param_20120,real_005,0.7942922311193353,0.4144918479340371,0.19664195067667364,0.21385779512195088,1.1767065844119189,656.3292133304486,0,1,1,1,0,1,1,1,0,0,0,1,1,1
param_20121,real_001,0.7038213173100687,0.4154025205203459,0.055270603039450625,0.06988028966064859,4.0052511590973126,468.7500369087477,0,1,1,1,0,1,0,1,0,1,0,1,1,1
param_20121,real_002,0.7528079414379951,0.49382431824689843,0.0686631076177551,0.09198451550291267,2.209976683852747,510.1567323136808,1,1,1,1,1,1,1,1,1,1,0,1,0,1
param_20121,real_003,0.7111803497460317,0.35838910229336557,0.0355246699598681,0.052064868468360184,1.98627553693033,147.29181912776968,1,0,0,0,0,1,0,1,0,1,0,1,0,1
param_20121,real_004,0.708322795464865,0.3527760325449171,0.06994020178336374,0.08719344878813001,2.0311221233622403,333.7311704811043,1,1,0,1,1,1,0,1,0,0,0,1,0,1
param_20121,real_005,0.8011759089714426,0.432171433963338,0.20450005403723168,0.22543618809725494,1.0220428496516594,656.9677751218161,0,1,1,1,0,1,1,1,0,0,0,1,1,1
param_20122,real_001,0.7017171997769576,0.4264541297098324,0.056015016707108935,0.07126749774687478,3.9424560515998484,470.8362529421501,0,1,1,1,0,1,0,1,0,1,0,1,1,1
param_20122,real_002,0.7514051721527437,0.5132875246535331,0.06957263170326497,0.09402477010693584,2.172882786379719,511.43932243397944,1,1,1,1,1,1,1,1,1,1,0,1,0,1
param_20122,real_003,0.7098549763820897,0.3731051818198534,0.038350712940049186,0.056067048075621934,1.885253866709855,151.4450003146505,1,0,0,0,0,1,0,1,0,1,0,1,0,1
param_20122,real_004,0.7084236681334636,0.36939906350866514,0.07502418695585965,0.09349535227253397,1.9697471264367816,330.4336833230891,1,1,0,1,1,1,0,1,0,0,0,1,0,1
param_20122,real_005,0.8042447184851486,0.4526558045218006,0.21342413223280957,0.23752716530856266,0.9634297144935443,651.5967568380569,0,1,1,1,0,1,1,1,0,0,0,1,1,1
param_20123,real_001,0.7314254662615327,0.48816104782364456,0.07874248611659229,0.1042395200906756,2.1463351796985704,465.17515101975584,0,1,1,1,0,1,1,1,0,1,0,1,1,1
param_20123,real_002,0.7725527020499504,0.5656160137955036,0.07911008286420962,0.11489698064989132,1.2742173776480032,517.5097776237344,1,1,1,1,1,1,1,1,1,1,0,1,0,1
param_20123,real_003,0.7275807314091816,0.4118594704223027,0.04836900539397618,0.07580170265839695,1.0773390470360167,136.18220933257234,1,0,1,0,1,1,0,1,0,1,0,1,0,1
param_20123,real_004,0.7418711383990884,0.44313158186765406,0.10064266722965921,0.1291873492880646,1.177101871326107,333.61693903972025,1,1,0,1,1,1,1,1,0,0,0,1,1,1
param_20123,real_005,0.8398679399321991,0.5313275577353146,0.2469970379842614,0.29097770094495173,0.4462974870063762,658.9923763758216,1,1,1,1,0,1,1,1,0,0,1,1,1,1
param_20124,real_001,0.7360808314202457,0.5395284593433268,0.08787113432723885,0.12118008473028119,1.7479713670946602,483.53444293144065,1,1,1,1,0,1,1,1,0,1,0,1,1,1
param_20124,real_002,0.7798504687202759,0.617026223725022,0.08711755310570356,0.13319931342387212,0.9529284836618284,528.9294376615678,1,1,1,1,1,1,1,1,1,1,0,1,1,1
param_20124,real_003,0.7438094471155731,0.5092912556372997,0.07840671342478764,0.11723849344244319,0.7299685614750616,168.65584582771857,1,0,1,0,1,1,1,1,0,1,0,1,1,1
param_20124,real_004,0.7619893493987778,0.5421363083099188,0.135440102101274,0.17505859045498126,0.9355148028287187,312.5106284168413,1,1,1,1,1,1,1,1,0,0,0,1,1,1
param_20124,real_005,0.8735871946046012,0.6532347532225158,0.3021741960251222,0.3666883069374334,0.19165820493576444,618.4739564084676,1,1,1,1,0,1,1,1,0,0,1,1,1,1
param_20125,real_001,0.7957631863458658,0.654771495727567,0.14155699476268252,0.2072961931243836,0.3809187279151943,426.89132634928444,1,1,1,1,1,1,1,1,1,1,1,1,1,1
param_20125,real_002,0.7786811868730501,0.6576246042907105,0.10134125937046135,0.16283823046668988,0.15943111996773657,556.7281334977388,1,1,1,1,1,1,1,1,1,1,1,1,0,1
param_20125,real_003,0.7609047343938182,0.5745886006524801,0.09561538705077516,0.15147340431164533,0.0009059561348680746,120.63173038823054,1,0,1,0,1,1,1,1,1,1,0,1,0,1
param_20125,real_004,0.7852944987124313,0.6124612413297783,0.16125251282404085,0.21913748312620765,0.027455222218687368,328.4243322731867,1,1,1,1,1,1,1,1,1,0,1,1,1,1
param_20125,real_005,0.859811409694682,0.7002117199768036,0.28350697239834427,0.35410159667222785,0.27720949537415146,670.1114334261582,1,1,1,1,1,1,1,1,1,0,1,1,1,1
param_20126,real_001,0.786243384799732,0.39019815651787804,0.05904476905651692,0.07054661201895039,2.827924319845325,584.4586885228799,0,1,0,1,0,1,0,1,0,0,0,1,0,1
param_20126,real_002,0.7390363648284963,0.33769006286273173,0.039327829826388466,0.05809163939400928,1.7924333808531636,190.56116244990633,0,0,0,0,0,1,0,1,0,1,0,1,1,1
param_20126,real_003,0.735611024254452,0.30886071058551406,0.044662264812775423,0.06062590969489584,2.4969489297784455,450.1871152478015,0,1,0,0,0,1,0,1,0,0,0,1,0,1
param_20126,real_004,0.7482061437884616,0.30766882791290084,0.03303065131572757,0.04729772937294097,1.9870414717665228,203.71926567663962,0,1,0,0,0,1,0,1,0,1,0,1,0,1
param_20127,real_001,0.7903788169296007,0.39785326641904883,0.062291236052723534,0.07557702389900914,2.560360514653936,583.5303505498179,0,1,0,1,0,1,0,1,0,0,0,1,0,1
param_20127,real_002,0.7418546970400357,0.34269727542298306,0.04163901790526862,0.06258886498915674,1.5834669155692633,190.05912076600362,0,0,0,0,0,1,0,1,0,1,0,1,1,1
param_20127,real_003,0.7399446279235778,0.32776725920701055,0.048038440414967826,0.06669690315847515,2.187259347993497,450.5712335836043,0,1,0,0,0,1,0,1,0,0,0,1,0,1
param_20127,real_004,0.7501215547247979,0.3155181538838106,0.03469920831535607,0.05098744923147609,1.7794577033612395,202.57601057252623,0,1,0,0,1,1,0,1,0,1,0,1,0,1
param_20127,real_005,0.7827366584980919,0.4046861945613109,0.13758212661425342,0.14607997442587478,1.5519790478604316,233.2818110992784,0,1,0,1,0,1,0,1,0,1,0,0,0,1
param_20128,real_001,0.7882875310844624,0.4159030701183837,0.06586662772691794,0.0804362803416526,2.435760768515649,588.7619292402833,0,1,0,1,0,1,0,1,0,0,0,1,0,1
param_20128,real_002,0.7414188209528426,0.36885460000013304,0.04590754358032156,0.0683690419440016,1.4959029248020073,194.92123272118832,0,0,0,0,0,1,0,1,0,1,0,1,1,1
param_20128,real_003,0.7396206614252727,0.34604985741985833,0.05171077709716874,0.07166142262014233,2.081782079920576,444.9472888052096,0,1,0,0,0,1,0,1,0,0,0,1,0,1
param_20128,real_004,0.7491308430555292,0.33694293564178823,0.038509377574983905,0.056069942511668885,1.6864734299516908,206.96761937033546,0,1,0,0,1,1,0,1,0,1,0,1,0,1
param_20128,real_005,0.7836008206018679,0.4300475324314706,0.14852445077568655,0.15870625286638693,1.4875648521782097,228.16978657916695,0,1,0,1,0,1,0,1,0,1,0,0,0,1
param_20129,real_001,0.8181834102801766,0.47703444089909874,0.08490254093959829,0.11033231234549837,1.5058461909353906,580.7370897464268,1,1,1,1,1,1,1,1,0,0,0,1,0,1
param_20129,real_002,0.7684248871008117,0.42194257282722497,0.057430629196844885,0.09167211213628952,0.8028007476212052,188.49142773594895,1,0,1,0,1,1,1,1,0,1,0,1,0,1
param_20129,real_003,0.7645841913849099,0.4347532710736641,0.06574687341157598,0.09666110673349167,1.2033627611907192,449.19694870131036,1,1,1,0,1,1,1,1,0,0,0,1,0,1
param_20129,real_004,0.7697152445985043,0.40502583756178906,0.048300393364030025,0.0768686224133435,0.9539704848910752,197.33077415334992,1,1,1,0,1,1,1,1,0,1,0,1,0,1
param_20129,real_005,0.8255022304722941,0.5167711196836772,0.18279174093819367,0.20882876715756812,0.7480866331978182,233.09011394370378,1,1,1,1,1,1,1,1,0,1,0,0,0,1
param_20130,real_001,0.8198008630548695,0.5533282813575644,0.10069942951999175,0.13579358513335543,1.0744418111513034,624.2019702668466,1,1,1,1,1,1,1,1,0,0,0,1,1,1
param_20130,real_002,0.7945336112475496,0.544119528852494,0.09825960872686812,0.14843735508527456,0.5106367832184426,228.6433053706797,1,0,1,0,1,1,1,1,0,1,0,1,1,1
param_20130,real_003,0.7873909864970652,0.5221901727799166,0.10232138726500381,0.145195961056604,0.8725163690289176,401.92114293759397,1,1,1,0,1,1,1,1,0,0,0,1,1,1
param_20130,real_004,0.792793649860859,0.5186006996184203,0.08760397970114248,0.12881459361332565,0.6451648690292758,235.6814935321649,1,1,1,0,1,1,1,1,0,1,0,1,1,1
param_20130,real_005,0.8523302212743201,0.6298040157815388,0.2334100523346557,0.2753070426396713,0.4975026336989527,191.8395872883641,1,1,1,1,1,1,1,1,0,1,0,0,1,1
param_20131,real_001,0.8440475166082766,0.6575251642449313,0.14129436724504008,0.19075033429935456,0.012024438332156853,571.4223026744979,1,1,1,1,1,1,1,1,1,0,1,1,1,1
param_20131,real_002,0.7761858591784603,0.5997651210494628,0.11449509223873644,0.1694584101488683,0.24212788247479136,178.16104737082853,1,0,1,0,1,1,1,1,1,1,1,1,1,1
param_20131,real_003,0.76890267752396,0.5993908929942373,0.0997631024721257,0.14880461001969505,0.07684586836512784,442.46093361619387,1,1,1,0,1,1,1,1,1,0,1,1,1,1
param_20131,real_004,0.789238529208277,0.6040585580770984,0.09991779152627304,0.1559886910012462,0.17976830654825923,177.71811143313303,1,1,1,0,1,1,1,1,1,1,1,1,1,1
param_20131,real_005,0.8281147498387453,0.6774361169307557,0.20691522713913038,0.2536371304111802,0.27646935536992123,227.84911913045795,1,1,1,1,1,1,1,1,1,1,1,0,1,1
param_20132,real_002,0.720174054862599,0.4124134346020837,0.08080747726814964,0.09402832680040854,2.1590550831464665,133.90329976628726,0,1,0,0,0,1,0,0,0,1,0,0,1,1
param_20132,real_003,0.7935801408115146,0.4604804562488902,0.0844566114205049,0.10115091728390371,1.8378945684984906,272.7665335354546,1,1,0,1,1,1,0,1,0,1,0,1,0,1
param_20132,real_004,0.7394516856783541,0.3997541004310492,0.047283235350742636,0.06051544440038383,2.6653324974682935,242.09685706804024,0,1,0,1,0,1,0,1,0,1,0,1,1,1
param_20132,real_005,0.7293969071928212,0.39712744858152804,0.06950907491947311,0.08604403665820062,2.697176411794103,316.8287387349931,0,1,0,1,0,1,0,1,0,0,0,1,1,1
param_20133,real_001,0.7440392513749764,0.39098773272177184,0.07917709564492681,0.09818768151837616,1.964107715488931,317.5337249535583,0,1,1,1,1,1,1,1,0,0,0,1,0,1
param_20133,real_002,0.7254016862715028,0.42556369997437765,0.08552743578273654,0.10098599482748209,1.9049427328964292,139.1712025806342,0,1,0,0,0,1,0,0,0,1,0,0,1,1
param_20133,real_003,0.8013624579799027,0.4783710852750926,0.08928625468390562,0.10922548038272951,1.5624086207830183,273.8852160805532,1,1,0,1,1,1,0,1,0,1,0,1,0,1
param_20133,real_004,0.7418055676835561,0.40508809562201537,0.051432213317952724,0.06688485970667404,2.323916560983076,238.8168522812552,0,1,0,1,0,1,0,1,0,1,0,1,1,1
param_20133,real_005,0.7349037082324188,0.4069264366944467,0.07846106562382879,0.09820410179965892,2.1972211417952376,313.77084472206025,0,1,0,1,0,1,0,1,0,0,0,1,1,1
param_20134,real_001,0.7444999395078608,0.4113668021069644,0.08291034990061778,0.1035953282580617,1.8800420444094075,322.5557024511406,0,1,1,1,1,1,1,1,0,0,0,1,0,1
param_20134,real_002,0.7249468632509024,0.4365638701726593,0.08929600240875307,0.10600279826218686,1.847220554688438,135.24276416578437,0,1,0,0,0,1,0,0,0,1,0,0,1,1
param_20134,real_003,0.8018512937419449,0.49501326054691736,0.09439276312714653,0.11618322360552613,1.4695567462250365,273.4300362377632,1,1,0,1,1,1,0,1,0,1,0,1,0,1
param_20134,real_004,0.7402294876154972,0.41767348328458104,0.05321550803000569,0.06941217797562226,2.271835047996212,241.94746789248723,0,1,0,1,0,1,0,1,0,1,0,1,1,1
param_20134,real_005,0.7334148253283667,0.42111325183812226,0.08008594854931275,0.10086940170246507,2.1749243610926334,313.54742561117627,0,1,0,1,0,1,0,1,0,0,0,1,1,1
param_20135,real_001,0.779391279599275,0.4918685049860643,0.10958186356834267,0.14614652358829847,0.9389895620087446,316.2484488757591,0,1,1,1,1,1,1,1,0,0,1,1,0,1
param_20135,real_002,0.7509558529057307,0.49434313848465594,0.10755543477997297,0.13558345085145526,1.035433803018382,170.67656936603757,1,1,1,0,1,1,1,0,0,1,0,0,1,1
param_20135,real_003,0.8179961368327104,0.5328026249589268,0.10499342063458945,0.1354117389403571,0.7248459958932238,281.2634875682167,1,1,1,1,1,1,0,1,1,1,0,1,1,1
param_20135,real_004,0.7668951502473048,0.47461484191422515,0.07158724432291551,0.09955203267980106,1.2407027991097093,221.3088378589134,1,1,0,1,1,1,0,1,0,1,0,1,1,1
param_20136,real_001,0.8012809682408792,0.5811204505392831,0.14023360878184785,0.19073486216547234,0.69627557845164,354.8044266249984,1,1,1,1,1,1,1,1,0,0,1,1,1,1
param_20136,real_002,0.770568816701775,0.563952301283711,0.13560547841973986,0.17374088827242132,0.8209472862463046,140.88965912624428,1,1,1,0,1,1,1,0,0,1,0,0,1,1
param_20136,real_003,0.8332938411087301,0.6164694898244876,0.1378810712417615,0.17937113943895677,0.4806161933270059,278.2544630972905,1,1,1,1,1,1,0,1,1,1,0,1,1,1
param_20136,real_004,0.7802487535172068,0.5418874705188292,0.09027037031068728,0.12803447366091708,1.0208981415011567,241.96608851203106,1,1,0,1,1,1,1,1,0,1,0,1,1,1
param_20136,real_005,0.7653931746321283,0.5405441140624008,0.11971910982432236,0.16035775025570131,0.9713413984225112,305.1899896306187,1,1,0,1,1,1,0,1,0,0,0,1,1,1
param_20137,real_001,0.8151174361994208,0.6564430378152446,0.1702625193301464,0.22539541442027602,0.09045104001802026,316.1190094777728,1,1,1,1,1,1,1,1,1,0,1,1,1,1
param_20137,real_002,0.7816868501579282,0.6235289379201832,0.14808165497223175,0.20248546961527888,0.07778908412135667,245.54148262876174,1,1,1,0,1,1,1,0,1,1,1,0,1,1
param_20137,real_003,0.834072907883224,0.6681950747755755,0.15679568021707488,0.2087919342426366,0.12036979663663515,310.78410267837603,1,1,1,1,1,1,1,1,1,1,1,1,1,1
param_20137,real_004,0.785379382682424,0.6281713206795204,0.10527835793553064,0.15536264068738423,0.02708514668987763,208.25343150959202,1,1,1,1,1,1,1,1,1,1,1,1,1,1
param_20137,real_005,0.8039927333397529,0.6488055659231342,0.15222780789361778,0.2189006303211919,0.010492877683408012,345.0606777126233,1,1,1,1,1,1,1,1,1,0,1,1,1,1
param_20138,real_001,0.7200937296636765,0.3779505729251796,0.07408175626656406,0.09043685243047093,2.2706726383014018,184.40512152340926,0,1,0,1,1,1,0,1,0,0,0,1,1,1
param_20138,real_002,0.7184446835159127,0.44029868019319857,0.10012580756981436,0.11048277405867916,2.0762181050965913,96.94679311642085,0,1,0,0,0,1,0,1,0,1,0,0,1,1
param_20138,real_003,0.7768507439316861,0.4741983319277908,0.100698423623694,0.11810866427018535,1.365701615687985,348.976368449376,1,1,0,1,1,1,0,1,0,1,0,1,0,1
param_20138,real_004,0.7353495602073307,0.43385947582179285,0.06336452110145586,0.07564057711335823,2.8268183073485478,205.54969435350148,0,1,0,1,0,1,0,1,0,1,0,1,1,1
param_20138,real_005,0.7113355161083241,0.40251435202645175,0.07202144244293728,0.09187345457058708,2.6285021012607563,389.68020556715487,0,1,0,1,0,1,0,1,0,0,0,1,1,1
param_20139,real_001,0.7296345051281632,0.4012048263392516,0.08153117062514699,0.10136610368986931,1.8518893509311156,184.64759659773338,0,1,1,1,1,1,1,1,0,0,0,1,1,1
param_20139,real_002,0.724238627777655,0.4565314975511539,0.10597062056678443,0.1182976628565877,1.8220528639690317,104.63091056427352,1,1,0,0,0,1,0,1,0,1,0,0,1,1
param_20139,real_003,0.7824522769177374,0.4890562085628992,0.1044874453427221,0.12463427077514914,1.1362480101094645,351.6390129650841,1,1,0,1,1,1,0,1,0,1,0,1,0,1
param_20139,real_004,0.7371922443541012,0.43700107308862235,0.06897342264579877,0.08295181365675446,2.4512068106688405,200.0047248435956,0,1,0,1,0,1,0,1,0,1,0,1,1,1
param_20139,real_005,0.7169401296462168,0.4134564582355838,0.08555282209154157,0.10661452172189875,2.077982430081059,379.94440662367185,0,1,0,1,0,1,0,1,0,0,0,1,1,1
param_20140,real_001,0.7305236038399517,0.41775637534750343,0.0849064081633965,0.1064582029884486,1.8086750592047862,186.39595947375318,0,1,1,1,1,1,1,1,0,0,0,1,1,1
param_20140,real_002,0.72432712119607,0.46606248440218073,0.11017138719274543,0.1236292346780784,1.7668267805254108,102.56811233925907,1,1,0,0,0,1,0,1,0,1,0,0,1,1
param_20140,real_003,0.7841480688473361,0.5064346824030048,0.11054935828935447,0.1326434354914593,1.0690488301119023,348.2794866035856,1,1,0,1,1,1,0,1,0,1,0,1,1,1
param_20140,real_004,0.7365332987975621,0.45111015364672463,0.07125797890208242,0.08637759636714669,2.3938058023289472,201.89900316826777,0,1,0,1,0,1,0,1,0,1,0,1,1,1
param_20140,real_005,0.7164073988026755,0.4271503644989126,0.08753607658693756,0.10982665330345422,2.045476495412459,380.02614538741716,0,1,0,1,0,1,0,1,0,0,0,1,1,1
param_20141,real_001,0.7646505194615145,0.4910560618718749,0.11206598248280032,0.1515055466958494,0.8466383357332677,180.47548885515494,0,1,1,1,1,1,1,1,1,0,1,1,1,1
param_20141,real_002,0.7499117757143173,0.5185590667426541,0.12792847616990144,0.15256279063579226,1.0236088421113505,149.33152143865505,1,1,0,0,1,1,1,1,0,1,0,0,1,1
param_20141,real_003,0.7902038839591284,0.5277273451921266,0.11295018290391688,0.14215145594263573,0.48375109712865755,364.4840719991098,1,1,1,1,1,1,0,1,1,1,0,1,1,1
param_20141,real_004,0.762449351718318,0.49352234671339423,0.0889345826964372,0.11399599328503841,1.4100115420494252,178.08793616153417,1,1,0,1,1,1,0,1,0,1,0,1,1,1
param_20142,real_001,0.7942403620246291,0.5897364613133094,0.14553432289410678,0.20023483275370807,0.6249922736169774,199.99198599703047,1,1,1,1,1,1,1,1,1,0,1,1,1,1
param_20142,real_002,0.7719622203111526,0.5751033729600712,0.157699903178565,0.1960604244364375,0.7855493615338496,130.6433834899929,1,1,0,0,1,1,1,1,0,1,0,0,1,1
param_20142,real_003,0.8146084631909803,0.6222376569366892,0.15111759753520976,0.1921535931104806,0.2595481155353428,339.17546302609844,1,1,1,1,1,1,0,1,1,1,0,1,1,1
param_20142,real_004,0.7832980149931039,0.5641419399926995,0.11084034711442925,0.1483465026120374,1.1067864547339323,186.2500003832145,1,1,0,1,1,1,1,1,0,1,0,1,1,1
param_20142,real_005,0.7582368299056792,0.5508665310973906,0.1346815136712905,0.17807022614340048,0.872279732555438,355.9187453288101,1,1,0,1,1,1,0,1,0,0,0,1,1,1
param_20143,real_001,0.813128435369582,0.6585270024577378,0.1853230145806445,0.24664740215092182,0.03920816202223237,162.0379106207028,1,1,1,1,1,1,1,1,1,0,1,1,1,1
param_20143,real_002,0.78189914958925,0.6158517457252057,0.1572635949038515,0.21060336027206475,0.038720134057647536,245.28471867757122,1,1,1,0,1,1,1,1,1,1,1,0,1,1
param_20143,real_003,0.8168538334741006,0.6617837938374442,0.16114179710315324,0.21782125481265324,0.1668501497734197,406.35671788709703,1,1,1,1,1,1,1,1,1,1,1,1,1,1
param_20143,real_004,0.7969037036350156,0.6402447266466867,0.1299687081975926,0.18183211290117907,0.020814637217214268,190.83223476070754,1,1,1,1,1,1,1,1,1,1,1,1,1,1
param_20143,real_005,0.798279536667634,0.6496140519439494,0.1694608682065147,0.2372592324002465,0.025051587189416854,372.914316722467,1,1,1,1,1,1,1,1,1,0,1,1,1,1
param_20144,real_001,0.7200496420872285,0.3664923273190548,0.05078512588454543,0.0630542589379836,2.947890705384703,288.6069120382879,0,1,0,1,0,1,0,1,0,1,0,1,1,1
param_20144,real_002,0.7145936304002184,0.32211240705779887,0.05332531400325709,0.06730988158377003,2.5018427235454,370.16935609254034,0,1,0,1,0,1,0,0,0,1,0,0,1,1
param_20144,real_003,0.7418744257917546,0.3540469180466795,0.0689458137884865,0.08609602356895361,2.2899041296324607,76.5241127172331,1,1,0,1,0,1,0,1,0,1,0,1,0,1
param_20144,real_004,0.7669102456933699,0.38797293329148724,0.04187345223884416,0.054168705554702025,3.2290445453093994,153.40793369516163,0,1,0,1,0,1,0,1,0,1,0,1,0,1
param_20144,real_005,0.7554098712684317,0.3858948787000705,0.05872999995599242,0.07353559398458172,2.7222941596713697,30.067440586222496,0,1,0,1,0,1,1,1,0,1,0,1,0,0
param_20145,real_001,0.7222784448933526,0.37065397197304606,0.05329023378652499,0.06738497041483466,2.670280381778373,287.7915033843343,0,1,0,1,0,1,0,1,0,1,0,1,1,1
param_20145,real_002,0.7174959799953574,0.3314570522064156,0.056803360211646975,0.07305867873558708,2.2131248018598755,371.7564545322076,0,1,0,1,0,1,0,0,0,1,0,0,1,1
param_20145,real_003,0.7464231175014135,0.3642465893291991,0.07371214381657504,0.09324093853861334,2.0529536933833215,76.73035134422742,1,1,0,1,1,1,0,1,0,1,0,1,0,1
param_20145,real_004,0.7709665633584869,0.3983224539215166,0.04448485378949705,0.05856413898818663,2.92951149729787,152.51470467521423,0,1,0,1,0,1,0,1,0,1,0,1,0,1
param_20145,real_005,0.7594977599293938,0.39188167547214614,0.062249683972160505,0.07900577368601694,2.469906347554631,30.849847341340983,0,1,1,1,0,1,1,1,0,1,0,1,0,0
param_20146,real_001,0.7214373839064275,0.3920450766227702,0.05703433182861649,0.07245541932687038,2.580989712958354,292.89256050106883,0,1,0,1,0,1,0,1,0,1,0,1,1,1
param_20146,real_002,0.716307095821505,0.34724577087512387,0.05972431169768222,0.07731030224753777,2.1513826126611666,367.12222281483156,0,1,0,1,0,1,0,0,0,1,0,0,1,1
param_20146,real_003,0.744744690166312,0.37907795865250377,0.07589212236518444,0.09675341136112675,1.9481594551752481,71.4088160181875,1,1,0,1,1,1,0,1,0,1,0,1,0,1
param_20146,real_004,0.7681714365898997,0.4139834398325168,0.046216892163120804,0.06133159584508524,2.7241448570912086,158.8065347189637,0,1,0,1,0,1,0,1,0,1,0,1,0,1
param_20146,real_005,0.7574101468077721,0.41036386691443055,0.06400851754742862,0.08304265816509343,2.3499899537874223,25.60732368158741,0,1,1,1,0,1,1,1,0,1,0,1,0,0
param_20147,real_001,0.7462263741480656,0.438006127496989,0.07117826596964526,0.09682800252965357,1.596406015037594,284.2676521626491,1,1,1,1,1,1,1,1,0,1,0,1,1,1
param_20147,real_002,0.7449960258370598,0.4160090673652998,0.07646890249332777,0.1074228480434922,1.181034359084714,380.3060951754548,1,1,1,1,1,1,1,0,0,1,0,0,1,1
param_20147,real_003,0.7796371297477518,0.45414673125870275,0.10343984207893302,0.1369227346078416,1.162276987555798,74.6179553029169,1,1,1,1,1,1,1,1,0,1,0,1,0,1
param_20147,real_004,0.7961986962831459,0.47674999894753134,0.059934973433741906,0.08550409768645999,1.765556947676153,150.18249835195425,1,1,1,1,1,1,1,1,0,1,0,1,0,1
param_20147,real_005,0.7852906879078538,0.45627426607989396,0.08511971653933806,0.114753099385947,1.4269847739381059,31.734313474083947,1,1,1,1,1,1,1,1,0,1,0,1,0,0
param_20148,real_001,0.7601330407489284,0.5270978303912031,0.10548929504276522,0.14187727363223374,1.290936351453554,326.2378853392147,1,1,1,1,1,1,1,1,0,1,0,1,1,1
param_20148,real_002,0.7629402102381907,0.5022440389219951,0.10456697585494527,0.14605014096845886,0.9380083114499146,342.9418254286418,1,1,1,1,1,1,1,0,0,1,0,0,1,1
param_20148,real_003,0.7979727442955874,0.5254099544834046,0.13041223443197902,0.17668426174764862,0.7937702419508478,31.100342736604016,1,1,1,1,1,1,1,1,0,1,0,1,1,1
param_20148,real_004,0.7977919716222743,0.5580786041242253,0.07615472070853713,0.11183465467194591,1.3065172229340565,189.8364888858136,1,1,1,1,1,1,1,1,0,1,0,1,1,1
param_20148,real_005,0.7890044105613131,0.5385465638954456,0.0961420514944224,0.13651582884375585,0.979637149438389,12.376283504915957,1,1,1,1,1,1,1,1,0,1,0,1,1,0
param_20149,real_001,0.7880432063829662,0.6296700911096595,0.13471274727910354,0.1909694087821823,0.08134124116162407,265.51354808057874,1,1,1,1,1,1,1,1,1,1,1,1,1,1
param_20149,real_002,0.7698699404640073,0.6018413070841809,0.11983631144939244,0.17647401055026127,0.07204331266175107,413.1309774442605,1,1,1,1,1,1,1,0,1,1,1,0,1,1
param_20149,real_003,0.8336261160521414,0.6458301947942913,0.19035014088395108,0.2537240569356912,0.07527422948726606,73.82153680074006,1,1,1,1,1,1,1,1,1,1,1,1,1,1
param_20149,real_004,0.8188827912079825,0.6507086172969626,0.10574236930516535,0.15984892754740984,0.13475238071923426,147.23860069984656,1,1,1,1,1,1,1,1,1,1,1,1,1,1
param_20149,real_005,0.8286197225756805,0.6440563334528682,0.15605028582977512,0.2091945755299529,0.0050603603119759874,32.489352635827956,1,1,1,1,1,1,1,1,1,1,1,1,1,0
param_20150,real_001,0.7025378398115163,0.37621876786270414,0.04645301091792568,0.07170865887349949,1.9593276777927535,267.0839648002792,0,1,0,1,0,1,1,1,0,0,0,1,1,1
param_20150,real_002,0.7985617358159719,0.4682334594489868,0.15819335005367538,0.18018770614738247,1.5854370637046142,262.5574471601275,0,1,0,1,1,1,1,1,0,1,0,1,0,1
param_20150,real_003,0.7510111431353694,0.38410071601133317,0.09360272166899662,0.1077086262782874,2.299633899538395,80.14872033367205,0,1,0,1,0,1,0,1,0,1,0,1,0,1
param_20150,real_004,0.7425834933978253,0.4091197405821594,0.07230989020704216,0.0818616653706792,2.9936656065898544,304.9814311676007,0,1,0,1,0,1,0,1,0,1,0,1,1,1
param_20150,real_005,0.7509947404724627,0.38468080388140125,0.08122468598093933,0.09273164996943177,2.414544338754219,356.75799403325004,1,1,0,1,1,1,0,1,0,0,0,0,0,1
param_20151,real_001,0.7064729698967243,0.38736253795640174,0.053505685397626505,0.08184052369372478,1.6117622362943007,265.6290457694172,0,1,0,1,0,1,1,1,0,0,1,1,1,1
param_20151,real_002,0.8067028819600136,0.4858630786267043,0.16913400374785556,0.19537550496817224,1.310757519276423,264.53368689375986,0,1,1,1,1,1,1,1,0,1,0,1,0,1
param_20151,real_003,0.7587964326879078,0.4031532196760255,0.10353938227961654,0.12077073863678688,1.8779278475238492,81.3886159728675,0,1,0,1,0,1,0,1,0,1,0,1,1,1
param_20151,real_004,0.7486871422677299,0.4258077515428627,0.08199412004290889,0.09496623452860749,2.4114542741989355,302.9667582316481,0,1,0,1,0,1,1,1,0,1,0,1,1,1
param_20151,real_005,0.7584591804877564,0.4024288812066974,0.08495464856736809,0.09833132115815088,2.2019730757373344,358.4113956739469,1,1,0,1,1,1,0,1,0,0,0,0,0,1
param_20152,real_001,0.7036612940240923,0.40113345367306796,0.05517057020492881,0.08457434832510254,1.5688919476944254,266.05184995537115,0,1,0,1,0,1,1,1,0,0,0,1,1,1
param_20152,real_002,0.8060694065491298,0.4997003056796453,0.17058928708579413,0.19903338104297472,1.250917361058023,262.21611034681706,0,1,1,1,1,1,1,1,0,1,0,1,0,1
param_20152,real_003,0.7590124817598446,0.4261693227461035,0.10819032977566435,0.1273144873234857,1.833531858389799,78.55029403875554,0,1,0,1,0,1,0,1,0,1,0,1,1,1
param_20152,real_004,0.7473702648974521,0.4370834211376926,0.08366111245977034,0.09783967575773529,2.3610117807077198,305.2301617813587,0,1,0,1,0,1,1,1,0,1,0,1,1,1
param_20152,real_005,0.7599302437826791,0.4265402933717123,0.09129270718073126,0.10703822282506975,2.0709428160296466,353.46101090372224,1,1,0,1,1,1,0,1,0,0,0,0,0,1
param_20153,real_001,0.7316846283634502,0.4635978359749875,0.08232381119320259,0.12208250868830231,0.8133281513778738,256.58094736711683,1,1,1,1,1,1,1,1,1,0,1,1,1,1
param_20153,real_002,0.8469282553226454,0.5770441237374238,0.21936892148060802,0.266874958570933,0.521096746696974,272.0602423054613,1,1,1,1,1,1,1,1,0,1,1,1,0,1
param_20153,real_003,0.7990606447574022,0.5125221201472118,0.14240872371095084,0.17655679446848974,0.9027063883352565,91.96283668218997,1,1,1,1,1,1,1,1,0,1,1,1,1,1
param_20153,real_004,0.7812670207605197,0.5111168655764903,0.12251513217167602,0.14786353140860936,1.1617140760808218,286.6133036226155,0,1,0,1,0,1,1,1,0,1,1,1,1,1
param_20153,real_005,0.7822499311464075,0.47787931388717597,0.10652032278542645,0.13268884005701032,1.3663649067379549,362.37916023859407,1,1,1,1,1,1,1,1,0,0,0,0,0,1
param_20154,real_001,0.7481439852465905,0.5439341153507001,0.10348349847382808,0.15647926458164407,0.5957931189277583,260.7611273872968,1,1,1,1,1,1,1,1,1,0,1,1,1,1
param_20154,real_002,0.8634428644488559,0.6624430558228706,0.22738375246379575,0.2893559488448385,0.2699287277746029,254.0605746484221,1,1,1,1,1,1,1,1,0,1,1,1,1,1
param_20154,real_003,0.8351802044552613,0.6292107808643335,0.1849472750146962,0.23793961071226605,0.6761539527791895,70.56345591860642,1,1,1,1,1,1,1,1,0,1,1,1,1,1
param_20154,real_004,0.7935440125626372,0.5635223936059096,0.13898184895094484,0.17314827739682898,0.9478100565761871,300.41016928873023,0,1,1,1,0,1,1,1,0,1,1,1,1,1
param_20154,real_005,0.8135614133142797,0.597770247777705,0.14630108327419544,0.1889081620182029,0.764009194152881,321.5729432348531,1,1,1,1,1,1,1,1,1,0,0,0,1,1
param_20155,real_002,0.8524557111690926,0.708024503004472,0.2584313094998266,0.30446302594376035,0.28139624276222264,270.69117353227693,1,1,1,1,1,1,1,1,1,1,1,1,1,1
param_20155,real_003,0.822258040939976,0.6653362791020797,0.19875026665318296,0.2532778079840667,0.11690208560282868,146.42472942975328,1,1,1,1,1,1,1,1,1,1,1,1,1,1
param_20155,real_004,0.8325698005682258,0.6826776827729856,0.18890172657989726,0.2402084739471859,0.021060568303077936,200.79647689120696,1,1,1,1,1,1,1,1,1,1,1,1,1,1
param_20155,real_005,0.8263889645513174,0.6412977699563718,0.15520007681726733,0.21414012967336796,0.05190946902176849,361.9438251493062,1,1,1,1,1,1,1,1,1,0,1,0,0,1
param_20156,real_001,0.761054644078734,0.5070018914823955,0.1388660207905759,0.15077953491164636,2.139853804179965,407.8777129658564,1,1,0,1,1,1,0,1,0,0,0,1,1,1
param_20156,real_002,0.7134390730025434,0.4305283480043334,0.09149790034969042,0.11260527683296853,1.8917815327001601,97.80531178567574,0,1,0,1,0,0,0,1,0,1,0,1,1,1
param_20156,real_003,0.737972116545121,0.39008577937371564,0.07192388742241101,0.0911195716430894,2.5280215619013675,312.9755862724293,0,1,0,1,0,1,0,1,0,1,0,1,1,1
param_20156,real_005,0.7502303346563507,0.4984005231672628,0.16523341437299002,0.18739194038296036,1.1058275377710782,378.95609490722813,1,1,0,1,1,1,0,1,0,0,0,1,1,1
param_20157,real_001,0.7673963606775906,0.5212704248337994,0.1461405478674368,0.16112620100345165,1.788053315780813,400.9877728471489,1,1,0,1,1,1,0,1,0,0,0,1,1,1
param_20157,real_002,0.7206341489457039,0.44294566788938505,0.10341201020237038,0.12849966706226887,1.4826945052391005,97.3923731205521,0,1,0,1,0,0,0,1,0,1,0,1,1,1
param_20157,real_003,0.7446153322551113,0.404220685958792,0.0813727870252529,0.10343196045922586,2.0623936581593196,311.0835254791754,0,1,1,1,0,1,0,1,0,1,0,1,1,1
param_20157,real_004,0.6872875353977359,0.3269520985629714,0.06970156405319732,0.07799265203793002,3.438326520798269,70.31811099525335,0,1,0,1,0,0,0,1,0,0,0,1,1,1
param_20157,real_005,0.7587168115500854,0.5181357406531514,0.17348608875120394,0.1976726496368601,0.9582025836665127,373.4666882597241,1,1,0,1,1,1,0,1,1,0,0,1,1,1
param_20158,real_001,0.7672019082942755,0.5451529215267902,0.14800446594434505,0.16478936131115382,1.731664934971875,403.5833305766182,1,1,0,1,1,1,0,1,0,0,0,1,1,1
param_20158,real_002,0.7208719632135384,0.45272721867316384,0.10682119657803528,0.13406444769167863,1.4456527960620458,97.09424217748641,0,1,0,1,0,0,0,1,0,1,0,1,1,1
param_20158,real_003,0.7442264069764579,0.4172528422806173,0.08378513658200314,0.10737472409647066,2.017929956937617,307.154252176839,0,1,1,1,0,1,0,1,0,1,0,1,1,1
param_20158,real_004,0.6870385198279814,0.3393328626896634,0.07396785357251867,0.08316584006499665,3.3967011045940394,71.14274923201135,0,1,0,1,0,0,0,1,0,0,0,1,1,1
param_20158,real_005,0.7608561052716466,0.5305497457202848,0.17739605736297648,0.20481606752096432,0.9122089315434989,372.44795169470353,1,1,0,1,1,1,0,1,1,0,0,1,1,1
param_20159,real_001,0.8008182512396804,0.6056340372957871,0.16886361682293757,0.20033453273846008,0.9530835734870317,369.6816497800336,1,1,1,1,1,1,1,1,0,0,0,1,1,1
param_20159,real_002,0.7543746310571787,0.5238861115294928,0.1482460311026412,0.1877399589503822,0.5925852300964118,119.9709971932029,0,1,0,1,0,0,1,1,1,1,1,1,1,1
param_20159,real_003,0.7751106514445172,0.47005954660148996,0.12368352567566215,0.15859965989316882,1.091331616821813,299.73946607601033,1,1,1,1,1,1,1,1,0,1,0,1,1,1
param_20159,real_004,0.7239187290531003,0.44138361407235754,0.10206614805590217,0.12525741378749955,1.63347302719572,68.96581923597401,0,1,1,1,0,0,1,1,0,0,0,1,1,1
param_20159,real_005,0.7859881942444354,0.5871651754999054,0.2023448939805732,0.23491493914771563,0.4810789971446815,361.6232067364074,1,1,0,1,1,1,0,1,1,0,0,1,1,1
param_20160,real_001,0.8265185248088013,0.6760580098890397,0.1839420566401739,0.23241045511065653,0.6744117098024575,383.8821470568957,1,1,1,1,1,1,1,1,1,0,0,1,1,1
param_20160,real_002,0.7919669177924769,0.607276832385361,0.1880620989978588,0.2435887220785034,0.437459349137641,118.3883968243801,0,1,1,1,1,0,1,1,1,1,1,1,1,1
param_20160,real_003,0.8002124409780607,0.5735735433657123,0.14732879124303638,0.19979708048025058,0.8457011676416436,270.01001528548056,1,1,1,1,1,1,1,1,0,1,0,1,1,1
param_20160,real_004,0.7511035266693219,0.5345277431589175,0.13881253332515275,0.17246341265526907,1.288353065145974,78.55688276831229,0,1,1,1,0,0,1,1,0,0,0,1,1,1
param_20160,real_005,0.8242875806984761,0.6631015086395031,0.23455892152408273,0.28563382640670393,0.23825543916196615,359.08865918016835,1,1,0,1,1,1,0,1,1,0,1,1,1,1
param_20161,real_001,0.8202657154120176,0.7085622294054419,0.19138160231571633,0.24637739856101337,0.1015590016733049,297.25357778491326,1,1,1,1,1,1,1,1,1,0,1,1,1,1
param_20161,real_002,0.8097733014437266,0.6758647555150954,0.2164376230568733,0.2816323023452523,0.14017212119585998,271.27331448326595,1,1,1,1,1,0,1,1,1,1,1,1,1,1
param_20161,real_003,0.8555249123143485,0.688744190376287,0.23967367072371612,0.31779433284383957,0.018749356797365443,288.91330860640073,1,1,1,1,1,1,1,1,1,1,1,1,1,1
param_20161,real_004,0.7786590992236652,0.6162390669583021,0.1910418336211208,0.24652943682754702,0.04674010122060137,66.46610018015016,1,1,1,1,1,0,1,1,1,0,1,1,1,1
param_20161,real_005,0.8096057816039086,0.6875224179123179,0.22865529934713383,0.28008775128286884,0.2298381791869491,422.8021081046543,1,1,1,1,1,1,1,1,1,0,1,1,1,1
