param_folder,realization,global_ssim,plume_ssim,iou_0.001,iou_0.0001,area_rel_err_1e-3_d365,centroid_err_m_d365,exceed_w500_+400_true,exceed_w500_+400_pred,exceed_w500_-400_true,exceed_w500_-400_pred,exceed_w1000_+400_true,exceed_w1000_+400_pred,exceed_w1000_-400_true,exceed_w1000_-400_pred,exceed_w1500_+600_true,exceed_w1500_+600_pred,exceed_w1500_-600_true,exceed_w1500_-600_pred,exceed_w1900_+0_true,exceed_w1900_+0_pred
param_20000,real_001,0.8474625804605068,0.4260666444239006,0.06027104710799543,0.08494048492456206,0.5079351123225041,442.6083649323218,0,0,0,0,0,0,0,0,0,1,0,0,0,1
param_20000,real_002,0.8041672828043667,0.34269722907770633,0.022772156113749872,0.04612400618412667,0.37691914591063613,173.49055265899955,0,1,0,1,0,1,0,0,0,0,0,1,0,1
param_20000,real_003,0.8046405170189204,0.3525285858453552,0.026453022203285236,0.050415342233936664,0.5494710361402484,583.3699352897411,0,1,0,1,0,1,0,1,0,1,0,0,0,1
param_20000,real_004,0.789507646844024,0.34213402455679215,0.010717682809077754,0.02727394538749429,0.409068692793033,941.3661281360356,0,0,0,1,0,0,0,0,0,0,0,0,1,1
param_20000,real_005,0.8380348269454232,0.36186030755242526,0.08606968054879222,0.11008512558049008,0.2192874151159714,786.175150983921,0,1,0,0,0,0,0,0,0,0,0,0,0,1
param_20001,real_001,0.8444623157242028,0.44195606110713553,0.06259622791561889,0.0887467584168353,0.6120143516145566,323.57846220621593,0,0,0,0,0,0,0,0,0,1,0,0,0,1
param_20001,real_002,0.801320240985945,0.3604685786967292,0.03443261854385236,0.06088297161208923,0.5489831349206349,158.2472585129333,0,1,0,1,0,1,0,0,0,0,0,1,0,1
param_20001,real_003,0.8061393879829588,0.3780539924285003,0.04456181540471996,0.06931678299982678,0.7667550170390004,497.36396963199155,0,1,0,1,0,1,0,1,0,1,0,1,0,1
param_20001,real_004,0.7845218629788216,0.35155228922107534,0.013920101013003809,0.035015507530620146,0.6014164129962105,915.0244807623984,0,0,0,1,0,0,0,0,0,0,0,0,0,1
param_20001,real_005,0.835686507538444,0.38319764863560046,0.09007605097392384,0.11510610440761544,0.3204828660436137,722.9177139216825,0,1,0,1,0,0,0,0,0,0,0,0,0,1
param_20002,real_001,0.8442273279051956,0.47182546117227536,0.07437594077807025,0.10292046393328284,0.6120520591905866,231.16684506963378,0,0,0,0,0,0,0,0,0,1,0,0,0,1
param_20002,real_002,0.7938256398370974,0.3758316090871511,0.03768855960791525,0.06746969370276537,0.508072573232626,140.1308922406147,0,1,0,1,0,1,0,0,0,0,0,1,1,1
param_20002,real_003,0.8021288890810041,0.40093713607677617,0.04812659941073145,0.07704915012579187,0.6675394795599399,333.7045684173253,0,1,0,1,0,1,0,1,0,1,0,0,0,1
param_20002,real_004,0.779700943568915,0.3723039945697707,0.01894407329708825,0.042331267420306455,0.6346964163891007,910.4775615681604,0,0,0,1,0,0,0,0,0,0,0,0,1,1
param_20002,real_005,0.8331116979352313,0.4102670228040413,0.0964985643225215,0.12800661412894418,0.32486636309641653,712.5142702661025,0,1,0,1,0,0,0,0,0,0,0,0,0,1
param_20003,real_001,0.8194132679433,0.5107185956437662,0.07676925040418145,0.10866953298114188,0.9316194473592165,78.90082515467017,1,1,1,1,1,1,1,1,0,1,0,0,0,1
param_20003,real_002,0.7961130446179123,0.46496837766671617,0.08555424341215076,0.12172139863467425,1.0103124677735382,220.89690721814998,1,1,1,1,1,1,1,1,0,1,0,1,0,1
param_20003,real_003,0.8072932912911233,0.470349893076752,0.09273500358689138,0.12651503957541477,1.1819014169068203,239.96219947305315,1,1,1,1,1,1,1,1,0,1,0,1,0,1
param_20003,real_004,0.7546970738435291,0.4266960824469485,0.03954165739739535,0.07014348546662745,1.02270782305899,525.7352383549116,1,1,1,1,1,0,1,0,0,1,0,1,0,1
param_20003,real_005,0.8170333726542719,0.4773434663176819,0.11178121784666586,0.14731478309549187,0.42932576914684706,486.00843692180536,1,1,1,1,1,0,1,0,0,0,0,1,0,1
param_20004,real_001,0.8276973423211744,0.623781084307247,0.1439475082072934,0.1955951087652854,0.6234218388589051,79.00763950054157,1,1,1,1,1,1,1,1,0,1,0,0,1,1
param_20004,real_002,0.7830215946732205,0.5389327819954911,0.1279783301632671,0.1735833970432409,0.9233493175949834,146.11242693725757,1,1,1,1,1,1,1,1,0,1,0,1,1,1
param_20004,real_003,0.796225617377747,0.55925421854987,0.13206442805991192,0.17781086076122204,0.964980735723576,147.61794859878452,1,1,1,1,1,1,1,1,0,1,0,1,1,1
param_20004,real_004,0.7520689314537075,0.5131053242632401,0.08494568997051159,0.1315496053840378,0.9104805638091497,413.33700676207764,1,1,1,1,1,1,1,0,0,1,0,1,1,1
param_20004,real_005,0.8296695622346821,0.6126635142686453,0.17499330754594036,0.22595888075816625,0.5322790764999639,393.45672263445647,1,1,1,1,1,0,1,1,0,0,0,1,1,1
param_20005,real_001,0.8099688410800233,0.683775029464357,0.15733843362089364,0.2290728854792913,0.389527861569182,203.00353736395118,1,1,1,1,1,1,1,1,1,1,1,1,1,1
param_20005,real_002,0.7989595706763224,0.6696562522804286,0.1949929703391319,0.26772397806539483,0.39956595572503173,132.89599301639024,1,1,1,1,1,1,1,1,1,1,1,1,1,1
param_20005,real_003,0.803704562015009,0.6563570773323597,0.1905234304248195,0.2621354957340259,0.3966696982829658,90.58989719429319,1,1,1,1,1,1,1,1,1,1,1,1,1,1
param_20005,real_004,0.7413807043561542,0.6173570637420615,0.13800389140339564,0.21078892114834966,0.42563304655561657,76.27650640695349,1,1,1,1,1,1,1,1,1,1,1,1,1,1
param_20005,real_005,0.8123254712262651,0.6989064436773071,0.20827533231197864,0.279924950812396,0.299539534431647,237.51809520137743,1,1,1,1,1,1,1,1,1,1,1,1,1,1
param_20006,real_001,0.8304854820391451,0.4732741272903369,0.09930849547170531,0.12035770231248724,1.1731998670550743,136.9139345951923,0,1,0,1,1,0,0,1,0,0,0,0,0,1
param_20006,real_002,0.840439967976182,0.502173582763253,0.13990192053450645,0.18260167907408165,0.5361620249147029,566.0379265318145,0,1,1,1,0,1,0,0,0,0,0,0,1,1
param_20006,real_003,0.8143591126713332,0.45113256463839607,0.0661992909221283,0.09448510966249163,1.0462684540322424,237.53611712684113,1,1,0,1,1,1,0,1,0,0,0,1,1,1
param_20006,real_004,0.8074146160290918,0.48186114992908274,0.10003226532185047,0.13193207975565152,0.9841254984181658,181.61565320285257,0,1,0,0,0,1,0,0,0,1,0,1,0,1
param_20006,real_005,0.7997244768820241,0.42183137448470154,0.05447923772842862,0.08258533144396597,0.9407214002514264,735.698403802167,1,1,0,1,1,1,0,0,0,0,0,0,0,1
param_20007,real_001,0.8309090361261475,0.4866633046524143,0.097945191038497,0.12235076473884426,1.133109152049441,151.67661289582645,1,1,0,1,1,0,1,1,0,0,0,0,0,1
param_20007,real_002,0.8496124591911189,0.5232852417205143,0.16908218143781162,0.2057459001305687,0.5857258838290649,517.0842896766338,1,1,1,1,0,1,1,1,0,0,0,0,1,1
param_20007,real_003,0.8142511435601194,0.45653857545626614,0.07120553849279056,0.0994618591101299,1.0989014986177796,211.00994237109876,1,1,0,1,1,1,0,1,0,0,0,1,1,1
param_20007,real_004,0.812519286316352,0.5005784187551744,0.11170702929037064,0.14379741603543938,1.081075895271154,160.41160243289735,1,1,1,1,0,1,1,0,0,1,0,1,0,1
param_20007,real_005,0.7978824746340335,0.4317734802135215,0.05799082586417989,0.08688578827363531,1.0060641167206705,701.8171624986718,1,1,1,1,1,1,0,0,0,0,0,0,0,1
param_20008,real_001,0.8266808594262035,0.5098310679751926,0.1070668349554273,0.13209662753430218,1.074792682712115,179.61258355335855,1,1,0,1,1,0,1,1,0,0,0,0,0,1
param_20008,real_002,0.8443684203592116,0.538526695610409,0.18198213670775057,0.21417335977739385,0.603963064098879,519.8264908988243,1,1,1,1,0,1,1,1,0,0,0,0,1,1
param_20008,real_003,0.8095260034753982,0.4709130636240515,0.07761751734690332,0.10956244296505985,1.0301944365597502,221.30366750145254,1,1,0,1,1,1,0,1,0,0,0,1,1,1
param_20008,real_004,0.8068405905029675,0.5181376263938159,0.12321783720752694,0.15626566628502173,1.0738933901918977,164.65155900068925,0,1,1,1,0,1,1,0,0,1,0,1,0,1
param_20008,real_005,0.7914295530294744,0.4515471301000458,0.06276044214493451,0.09425978403722177,0.9988164844288212,661.6538050066766,1,1,1,1,1,1,0,0,0,0,0,0,0,1
param_20009,real_001,0.8198507086434804,0.55099194516911,0.1021808849695344,0.1347169261192515,0.9873191149540818,240.2299589772935,1,1,1,1,1,1,1,1,0,1,0,1,0,1
param_20009,real_002,0.8720925138629727,0.5942668662076622,0.23510396296660038,0.2736156894256291,0.5657734725541997,319.6088605272829,1,1,1,1,1,1,1,1,0,1,0,1,1,1
param_20009,real_003,0.8111307750292844,0.5064010797752747,0.09026327133688451,0.1269886998857544,1.0638976306996992,152.74697165911402,1,1,1,1,1,1,1,1,0,1,0,1,1,1
param_20009,real_004,0.8228689160643579,0.5721893326115324,0.14310639976466422,0.17467679010903162,1.0204354159922304,111.0402113164922,1,1,1,1,1,1,1,1,0,1,0,1,0,1
param_20009,real_005,0.7846288803008556,0.48519953210720457,0.07095669837148205,0.10259962165747265,1.2470917950595724,447.91435841805526,1,1,1,1,1,1,1,1,0,1,0,1,0,1
param_20010,real_001,0.8178121051146607,0.6472628634831714,0.15994340829418216,0.21125168772408778,0.7094195227383,250.72129802079968,1,1,1,1,1,1,1,1,0,1,0,1,1,1
param_20010,real_002,0.8414529095991125,0.6752211364427891,0.24430677522821076,0.2848992443256946,0.6653649572158732,275.25286621242077,1,1,1,1,1,1,1,1,0,1,0,1,1,1
param_20010,real_003,0.8041376899393181,0.5948675310341602,0.14857928990456576,0.201811344825229,0.7787025565942111,150.03131362156964,1,1,1,1,1,1,1,1,0,1,0,1,1,1
param_20010,real_004,0.8165350800138088,0.6589509669060011,0.1972461440609273,0.24232996370570567,0.8544814204156712,111.06900401723884,1,1,1,1,1,1,1,1,0,1,0,1,1,1
param_20010,real_005,0.7751285521255782,0.5811161146169151,0.11868671567018094,0.16391628335800854,0.9941054607469468,345.8707970909933,1,1,1,1,1,1,1,1,0,1,0,1,1,1
param_20011,real_001,0.8175529652282664,0.6960635085312197,0.18140403517554102,0.24874997129549165,0.37527225894429816,297.7794279449164,1,1,1,1,1,1,1,1,1,1,1,1,1,1
param_20011,real_002,0.8788615702875288,0.7532688375169536,0.29098182472287487,0.3525093729044636,0.33414020076760276,70.31460199440141,1,1,1,1,1,1,1,1,1,1,1,1,1,1
param_20011,real_003,0.8114065602150826,0.6651025169041469,0.17744366925097083,0.24846099468363697,0.4506902600869499,54.733007799362454,1,1,1,1,1,1,1,1,1,1,1,1,1,1
param_20011,real_004,0.8388437464691262,0.7227867642492708,0.2459232792779247,0.3095754677594694,0.9003839515305224,854.0106897133257,1,1,1,1,1,1,1,1,1,1,1,1,0,1
param_20011,real_005,0.7789424040055722,0.6437621037687811,0.14581376732178059,0.211704409158066,0.5332546009251058,116.95162551172007,1,1,1,1,1,1,1,1,1,1,1,1,1,1
param_20012,real_001,0.7772427980466854,0.4445524844931745,0.08479009144867267,0.11044134477560925,1.0977762283952883,615.5826578009951,1,1,1,1,1,0,1,1,0,1,0,1,1,1
param_20012,real_002,0.7946211962875074,0.4601906367268977,0.11963712378258201,0.14039365318659716,0.7787609071991887,230.33037877947243,0,0,1,0,1,1,1,1,0,0,0,0,1,1
param_20012,real_003,0.7998754711842528,0.46724222860558584,0.10635033514531081,0.1382291411822652,0.9736537866575481,289.45079270170663,1,1,0,0,1,1,1,1,0,1,0,1,1,1
param_20012,real_004,0.8028900108219911,0.43620601050982394,0.08635924172598551,0.12197628339211221,0.8152391763182633,536.5738054513604,1,1,0,1,1,0,1,1,0,0,0,1,0,1
param_20012,real_005,0.73650351654002,0.3846547974353791,0.02157672961792756,0.03640140444205444,0.37417317600132954,1006.0908338686323,1,0,1,0,1,0,1,0,0,0,0,0,1,1
param_20013,real_001,0.7783117105053666,0.45522036551795836,0.08766780874998195,0.11295836311101448,1.1731487161510823,565.4053051760307,1,1,1,1,1,1,1,1,0,1,0,1,1,1
param_20013,real_002,0.7953559474552201,0.468074652732312,0.11472168550071782,0.13686481042207777,0.8274214876033058,181.57032374120902,0,0,1,0,1,1,1,1,0,0,0,1,1,1
param_20013,real_003,0.8020901631590298,0.4839840479154742,0.11358150150731694,0.1458997888343674,0.9784428337619827,260.94566387084353,1,1,0,0,1,1,1,1,0,1,0,1,1,1
param_20013,real_004,0.7997528329497873,0.43611049424283704,0.08636240167394975,0.12275451426597359,0.8806031108539533,485.0829547020232,1,1,0,1,1,0,1,1,0,0,0,1,0,1
param_20013,real_005,0.7351569879180059,0.3909282808818125,0.023283237113911174,0.0395110104224467,0.43446842676994285,938.3079693672394,1,0,1,0,1,0,1,0,0,0,0,0,0,1
param_20014,real_001,0.7747802845373605,0.47460772976150634,0.09878877231702426,0.12574739497064172,1.1089669673743472,538.7924218274843,1,1,1,1,1,1,1,1,0,1,0,1,1,1
param_20014,real_002,0.7910436392305169,0.4814487107404907,0.12501831421241927,0.15166047746043965,0.8100091635451666,202.78814378840136,0,0,1,0,1,1,1,1,0,0,0,0,1,1
param_20014,real_003,0.7971352810177763,0.4954071666958955,0.12396466745373616,0.15788164193836413,0.9264563253924956,191.03202844484176,1,1,0,0,1,1,1,1,0,1,0,1,1,1
param_20014,real_004,0.7918128772189816,0.45010155259803397,0.09166906150137283,0.1322190118917066,0.8269511215979288,552.3463190813658,1,1,0,1,1,0,1,1,0,0,0,1,0,1
param_20014,real_005,0.727480173023245,0.40292112814488895,0.03013825017376586,0.05089874269479784,0.42844452612877537,932.2261179615093,1,0,1,0,1,0,1,0,0,0,0,0,1,1
param_20015,real_001,0.7786306542666904,0.5001650315987445,0.10376435856846011,0.1331040757959962,1.1852848433886904,379.2944008445047,1,1,1,1,1,1,1,1,0,1,0,1,1,1
param_20015,real_002,0.7975847337770987,0.5084388539200669,0.11288489976133523,0.14538139838554837,0.8712739826063866,113.44586656689668,1,0,1,0,1,1,1,1,0,1,0,1,1,1
param_20015,real_003,0.8059450629546079,0.531193427341971,0.1374058750865091,0.17404943387513072,0.8864497168843343,240.9211804236543,1,1,1,1,1,1,1,1,0,1,0,1,1,1
param_20015,real_004,0.7929984847488462,0.4812800057935377,0.10302687563783745,0.1428620006843973,0.9645882846358171,282.80813459086846,1,1,1,1,1,1,1,1,0,0,0,1,0,1
param_20015,real_005,0.7182011644629506,0.4171331990506142,0.03028251960690182,0.05319527062962155,0.4585785984261726,667.7521334946492,1,0,1,0,1,1,1,1,1,0,0,1,0,1
param_20016,real_001,0.7805446776612929,0.6117440972570809,0.15804458176809064,0.20488895899398435,0.8316397795003572,236.30049880196316,1,1,1,1,1,1,1,1,1,1,1,1,1,1
param_20016,real_002,0.7983032303237678,0.6127657786334303,0.17933737948471987,0.22999765645665898,0.6766214557698965,66.75600271328162,1,1,1,1,1,1,1,1,0,1,0,1,1,1
param_20016,real_003,0.7946274669142863,0.6285100187418936,0.19298973861996901,0.24424918723444045,0.5488484871357002,268.9284404585819,1,1,1,1,1,1,1,1,1,1,0,1,1,1
param_20016,real_004,0.7725026608218714,0.5760597973669279,0.14828309450004756,0.20526793848759073,0.6503701207762533,292.13936588480703,1,1,1,1,1,1,1,1,1,0,0,1,1,1
param_20016,real_005,0.7304221812033337,0.5457859098869978,0.09158248862830395,0.1472066693244302,0.3886314251100898,571.0831705772259,1,0,1,0,1,1,1,1,1,1,0,1,1,1
param_20017,real_001,0.7875442362376855,0.6428075987620078,0.17691712624441838,0.23997380172581778,0.5755960491665549,89.00070606078044,1,1,1,1,1,1,1,1,1,1,1,1,1,1
param_20017,real_002,0.8072489048245534,0.6470126251914381,0.1818585189945201,0.2465255178627467,0.45198876677557853,178.1450478626346,1,1,1,1,1,1,1,1,1,1,1,1,1,1
param_20017,real_003,0.81978032404832,0.6830224429855657,0.22875338105266682,0.2954180685060608,0.3724701773635652,182.41910272974508,1,1,1,1,1,1,1,1,1,1,1,1,1,1
param_20017,real_004,0.7943765521011595,0.6448437275089799,0.17979787055117463,0.24826228971816838,0.4042402874863288,166.28619709913153,1,1,1,1,1,1,1,1,1,1,1,1,0,1
param_20017,real_005,0.7222157304098485,0.5773932889286095,0.10941189029761622,0.18153098286188407,0.29510339384372536,254.76659543508453,1,1,1,1,1,1,1,1,1,1,1,1,1,1
param_20018,real_001,0.8442250656592243,0.3930965740472695,0.07615801654832008,0.10072673210597674,0.8997383497992512,483.13080986519225,0,1,0,0,0,0,0,0,0,0,0,0,0,1
param_20018,real_002,0.8789428692242685,0.48483438201564566,0.23746767378253927,0.25510999195007367,0.41792373171455305,302.69371445018817,0,0,0,0,0,0,0,1,0,0,0,0,1,1
param_20018,real_003,0.8265968548210862,0.3741958605748883,0.061600562965224384,0.07551830863110767,0.643592434629212,435.2725761057113,0,0,0,0,0,1,0,0,0,0,0,0,1,1
param_20018,real_004,0.8218879171984486,0.388509139305054,0.09646038346153432,0.11901945545257382,0.6095223269880804,171.10316965760495,0,0,0,0,0,1,0,0,0,1,0,1,1,0
param_20018,real_005,0.8279523934390793,0.3554973624729505,0.042925261483091275,0.07766078534754209,0.11516064482766374,941.930873636304,0,0,0,0,0,1,0,0,0,0,0,0,1,1
param_20019,real_001,0.8411252552548492,0.41580872011944403,0.07717321825897035,0.10223951488914883,0.985371513820397,368.1361278243737,0,1,0,1,0,0,0,0,0,0,0,0,0,1
param_20019,real_002,0.8859297131878354,0.5143304950080304,0.2520375470064459,0.2708011503120641,0.5382750916831767,274.3866715185302,0,1,0,0,0,1,0,1,0,0,0,0,1,1
param_20019,real_003,0.8250287521268111,0.3938624602817221,0.06250594731197404,0.07925405058338776,0.8012706794834771,365.5338579724343,0,0,0,0,0,1,0,0,0,0,0,0,1,1
param_20019,real_004,0.8252947777303856,0.4232150210295532,0.1084987240708026,0.13585562738524756,0.8104840362309931,140.1159711419059,0,0,0,0,0,1,0,0,0,1,0,1,1,0
param_20019,real_005,0.826624858839866,0.3879330208019974,0.05460463348882235,0.0914083714374965,0.27823081380909015,878.8290179070407,0,0,0,0,0,1,0,0,0,0,0,0,0,1
param_20020,real_001,0.8380228704789766,0.444105812737562,0.08881239370805033,0.11448155578825567,0.9408749145591251,296.70339080625234,0,1,0,0,0,0,0,0,0,0,0,0,0,1
param_20020,real_002,0.8824015045968379,0.5409626784912385,0.26118827812157763,0.2841727484421838,0.5417623421354765,235.41776299457507,0,1,0,0,0,1,0,1,0,0,0,0,1,1
param_20020,real_003,0.8216326456482314,0.42194154196720596,0.07209435175048584,0.09330777007377725,0.7844157409453406,322.1367666529923,0,0,0,0,0,1,0,0,0,0,0,0,1,1
param_20020,real_004,0.8186113179289372,0.44002106545840336,0.11731775296977213,0.14622826809993228,0.8457319980925131,139.35413511428044,0,0,0,0,0,1,0,0,0,1,0,1,1,1
param_20021,real_001,0.8162604276570113,0.5049511972942758,0.08528336367325544,0.11559662077219399,1.012036556535778,71.07398107633321,1,1,1,1,1,1,1,1,0,1,0,0,0,1
param_20021,real_002,0.8946679024569274,0.5983959870868067,0.27372422800394597,0.3045810735069248,0.5810210386935413,213.11738136957837,1,1,1,1,1,1,1,1,0,1,0,1,1,1
param_20021,real_003,0.792331095226225,0.4498642813200568,0.07214235329752244,0.10295713098075926,0.9352539781006103,51.542156025288925,1,1,1,1,1,1,1,1,0,0,0,1,1,1
param_20021,real_004,0.8251345124563747,0.5175441465618951,0.13852948339491214,0.16905833325770228,0.9848146171927953,133.98644581973434,1,1,1,1,1,1,1,1,0,1,0,1,1,1
param_20021,real_005,0.8011897114694502,0.48757456044240177,0.08388627800259231,0.12615480941442714,0.8192978614699657,632.7318081282185,1,1,1,1,1,1,1,1,0,1,0,1,0,1
param_20022,real_001,0.8234784925467892,0.6008036212864042,0.15079500444681293,0.2007946261744989,0.7347666299154723,68.40001329077387,1,1,1,1,1,1,1,1,0,1,0,0,1,1
param_20022,real_002,0.8787858146558187,0.6925270285858253,0.30224585033592394,0.33401341361702386,0.6384129160003046,142.62541269898026,1,1,1,1,1,1,1,1,0,1,0,1,1,1
param_20022,real_003,0.8021077496149667,0.5687964817901627,0.14346137835055672,0.18686150377126412,0.828819888104601,75.26012142176236,1,1,1,1,1,1,1,1,0,0,0,1,1,1
param_20022,real_004,0.8257010565045685,0.6199194074754032,0.1971250284209556,0.23901809620821696,0.8238004607833317,85.25125917767917,1,1,1,1,1,1,1,1,0,1,0,1,1,1
param_20022,real_005,0.7933364655827819,0.5670547131985956,0.1467874386060346,0.19421309408601195,0.738669153131812,624.7199334446196,1,1,1,1,1,1,1,1,0,1,0,1,1,1
param_20023,real_001,0.8059923238389739,0.6808284569397568,0.1707386249023202,0.24310547609046565,0.38690318541882357,240.25416908116904,1,1,1,1,1,1,1,1,1,1,1,1,1,1
param_20023,real_002,0.8891776503781784,0.7747257077242733,0.32550012239651704,0.3801128282399914,0.28556263269639065,53.392641791584865,1,1,1,1,1,1,1,1,1,1,1,1,1,1
param_20023,real_003,0.7754083609951514,0.6221197451767827,0.1642685841131695,0.23233935371032796,0.41355958919888935,66.35758200430907,1,1,1,1,1,1,1,1,1,1,1,1,1,1
param_20023,real_004,0.8374800939427839,0.7121729219044458,0.24470197717529682,0.315262775610528,0.32008408875495176,35.51452431765009,1,1,1,1,1,1,1,1,1,1,1,1,1,1
param_20023,real_005,0.7884695563268943,0.6822085787633019,0.1950996394097305,0.26987923894018967,0.34936146042642596,231.40608835061158,1,1,1,1,1,1,1,1,1,1,1,1,1,1
param_20024,real_001,0.796464215574673,0.4050764861784929,0.09112286426490168,0.11974295539209726,0.46358390223663865,531.6493582955844,0,1,0,0,0,0,0,0,0,0,0,0,1,1
param_20024,real_002,0.845443304629876,0.5107687767563182,0.27015806617782323,0.2824333198905071,0.5220572081374402,282.09316391268123,0,0,0,0,0,1,0,1,0,0,0,0,1,1
param_20024,real_003,0.7951933282029248,0.41819534746461495,0.0846485309591963,0.11030460819825529,0.7390082109776321,575.1227323925875,0,0,0,0,1,1,0,0,0,0,0,0,1,1
param_20024,real_004,0.7696151849145696,0.4110725237774098,0.07122900154705807,0.10687242393607564,0.7778534021515134,179.62396380286395,0,0,0,0,0,0,0,0,0,1,0,1,1,1
param_20024,real_005,0.8006255013831232,0.3877122077991782,0.09643877479456658,0.1315582607079846,0.3869459430868507,801.3499594166836,0,0,0,0,0,0,0,0,0,0,0,0,1,1
param_20025,real_001,0.7943246195281953,0.4328769981378094,0.09663711034703396,0.12391845333507097,0.6358257310938699,447.05484531833525,0,1,0,0,1,0,1,0,0,0,0,0,1,1
param_20025,real_002,0.8495077588231674,0.5391691384629622,0.26962585569748965,0.2809035018786913,0.6757784214337437,244.58886037643407,0,1,0,0,0,1,0,1,0,0,0,0,1,1
param_20025,real_003,0.793615193591763,0.4401043383311813,0.09141277432238111,0.12067657424831722,0.8469606718709535,462.36343523778044,1,0,0,0,1,1,0,0,0,0,0,0,1,1
param_20025,real_004,0.7682587620650375,0.4296168575069006,0.0880140890139595,0.12219518886045144,0.8951272651819062,159.49030653400354,0,0,0,1,1,1,0,0,0,1,0,1,1,1
param_20025,real_005,0.7992397355039125,0.41516511294232133,0.1067505609610449,0.14155807410103244,0.4766941004538112,731.4355608811397,0,0,0,1,1,0,0,0,0,0,0,0,1,1
param_20026,real_001,0.7900059192919574,0.4515416698237925,0.1098162744245234,0.13781461691290967,0.630560765032862,404.3817889777683,0,1,0,0,1,0,1,0,0,0,0,0,1,1
param_20026,real_002,0.8487646426556679,0.5610591034017097,0.2854925872037573,0.29670012306095206,0.688338534316551,221.50229761573297,0,1,0,0,0,1,0,1,0,0,0,0,1,1
param_20026,real_003,0.7911617429382696,0.46158429700313397,0.1008316704431607,0.1322183847365258,0.8780381073935637,441.90793015101525,1,1,0,0,1,1,0,0,0,0,0,0,1,1
param_20026,real_004,0.7656156670101941,0.46253955272447483,0.10250865977986318,0.1361859229156156,0.8954270687476521,203.03261208086653,0,0,0,1,1,1,0,0,0,1,0,1,1,1
param_20026,real_005,0.7948975598847495,0.446921518569064,0.11858039670990603,0.15198497152182477,0.5421794457230898,742.0578678359176,0,0,0,1,1,0,0,0,0,0,0,0,1,1
param_20027,real_001,0.7796920809485173,0.5079006482020849,0.10305887715739769,0.1403847144853407,0.8120189681712101,45.459250240674365,1,1,1,1,1,1,1,1,1,1,1,1,1,1
param_20027,real_002,0.8691294987985527,0.63232366825469,0.2956745352273391,0.32249992920121767,0.5743718163968015,132.46037487792915,1,1,1,1,1,1,0,1,0,1,0,1,1,1
param_20027,real_003,0.7810684088418374,0.5028390218393416,0.10720795384102874,0.1455661197923824,0.9554423933800127,125.00345314798544,1,1,1,1,1,1,0,1,0,0,0,1,1,1
param_20027,real_004,0.7623942929323337,0.5049427661251734,0.11479682735426289,0.14866515722429086,0.9451532895241505,53.43937720886562,1,1,1,1,1,1,1,1,1,1,1,1,1,1
param_20027,real_005,0.7858028528986801,0.5069888705128573,0.11652423046714597,0.1538582389640961,0.8168610713342324,463.47330635566857,1,1,1,1,1,1,0,1,0,1,0,1,1,1
param_20028,real_001,0.7895038750526722,0.6122242033125231,0.1725488321134497,0.2253345571544569,0.6648854221657203,15.630077234392367,1,1,1,1,1,1,1,1,1,1,1,1,1,1
param_20028,real_002,0.8622621688522443,0.7178123312917295,0.33067993785637595,0.3685163760175062,0.6981737104491821,79.0830535811516,1,1,1,1,1,1,1,1,0,1,0,1,1,1
param_20028,real_003,0.7870299709450418,0.5970840512458385,0.16606844147553335,0.21458841450590121,0.7973697871604084,69.39922205478948,1,1,1,1,1,1,1,1,1,0,0,1,1,1
param_20028,real_004,0.7859003112149691,0.6317433224465625,0.18826209162763446,0.23787376812904149,0.7917148340609883,87.48765753535237,1,1,1,1,1,1,1,1,1,1,1,1,1,1
param_20028,real_005,0.7892177280888383,0.620169370455114,0.17984925852620406,0.22386398141861286,0.8049713894458845,429.14767061732914,1,1,1,1,1,1,1,1,0,0,0,1,1,1
param_20029,real_001,0.7993650937767147,0.68183635490867,0.1886541346030673,0.25954642743991124,0.3817770521225416,246.05006967040157,1,1,1,1,1,1,1,1,1,1,1,1,1,1
param_20029,real_002,0.9019735302782023,0.8100610350038739,0.39027942929541004,0.46177747646063916,0.27581643653452625,11.906575575865055,1,1,1,1,1,1,1,1,1,1,1,1,1,1
param_20029,real_003,0.7956118074444855,0.6691440097127639,0.19238705605515713,0.2611763102257656,0.41910250107348884,141.16367449680286,1,1,1,1,1,1,1,1,1,1,1,1,1,1
param_20029,real_004,0.8012270590335814,0.6933030178858048,0.21116951752467508,0.28447853912890103,0.4048934540874771,89.07687646716185,1,1,1,1,1,1,1,1,1,1,1,1,1,1
param_20029,real_005,0.7956217246689979,0.6919212188392742,0.201134451081466,0.27466522879343086,0.3518355820520866,170.15648980935393,1,1,1,1,1,1,1,1,1,1,1,1,1,1
param_20030,real_001,0.7731342026678232,0.43396206978271396,0.11410868329121908,0.1434395123432079,0.3946604052526307,505.7649324660576,0,1,0,0,1,0,0,0,0,0,0,1,1,1
param_20030,real_002,0.8159735219624636,0.4992306099416319,0.2684985435487711,0.28153249421352816,0.4965162940424218,366.211628976657,0,0,0,0,0,1,0,1,0,0,0,0,1,1
param_20030,real_003,0.7658700543509185,0.4248529043194299,0.10915298066012998,0.13904730500954465,0.6090550729074974,707.9307008152655,0,0,0,0,1,1,0,0,0,0,0,0,1,1
param_20030,real_004,0.7524328076473159,0.44577633708448205,0.09705239159455753,0.13588881096698413,0.5498644269558891,113.88947459788851,0,0,0,0,1,0,0,0,0,1,0,1,1,1
param_20030,real_005,0.7843387037745919,0.4106078388682146,0.14005887389510627,0.1709194208430851,0.39877223226674513,679.6092064034033,0,0,0,0,0,0,0,0,0,0,0,0,1,1
param_20031,real_001,0.771778714016499,0.462595232846096,0.12118811090480834,0.15195053110018705,0.5261354423215188,405.21679824611067,0,1,0,1,1,0,1,1,0,0,0,1,1,1
param_20031,real_002,0.8153771316057185,0.5229484908503076,0.26403962483906185,0.27371503753709364,0.7207165172231914,309.9801037321186,0,1,0,0,1,1,0,1,0,0,0,0,1,1
param_20031,real_003,0.7598080812609536,0.43787320741870756,0.11061176329862789,0.1427579360779738,0.761408495183957,566.9784701210623,0,0,0,0,1,1,0,0,0,0,0,0,1,1
param_20031,real_005,0.7795821100966775,0.4356416698605331,0.1442767605230667,0.17476125952699995,0.526839659178931,596.9035883753984,1,0,0,1,1,0,0,0,0,0,0,0,1,1
param_20032,real_001,0.7691404931376832,0.47884302177987664,0.13585504666417078,0.1683407032149948,0.5514207260645964,378.33862602694796,0,1,0,1,1,0,1,1,0,0,0,1,1,1
param_20032,real_002,0.8130160397632845,0.5483173975026099,0.28071439440910634,0.2892957272389997,0.7708976466343263,294.3620183859019,0,1,0,0,1,1,0,1,0,0,0,0,1,1
param_20032,real_003,0.76212833137309,0.46111800609946263,0.12679625012693788,0.15750357496121,0.804735260594757,536.3622029781571,0,1,0,0,1,1,0,0,0,0,0,0,1,1
param_20032,real_004,0.745997667972083,0.49520859256934086,0.1302535618496563,0.1680349873477741,0.6836187953402968,140.71309175963552,0,0,0,1,1,1,1,0,0,1,0,1,1,1
param_20032,real_005,0.7810856587474434,0.473197873471485,0.1622790964185653,0.1919493019036321,0.5624150798966606,597.8513916132163,1,0,0,1,1,0,0,0,0,0,0,0,1,1
param_20033,real_002,0.8263004540778607,0.6100837992580748,0.2697761509916862,0.28859374574658625,0.818248723570629,133.72151418427248,1,1,0,1,1,1,0,1,0,1,0,1,1,1
param_20033,real_003,0.7527391012446468,0.4973516778994735,0.12274854150617587,0.15724638457080467,1.0777404921700224,182.12684460538014,1,1,0,1,1,1,0,0,0,1,0,1,1,1
param_20033,real_004,0.7364877217267788,0.5167975220704196,0.1305389272364762,0.1647753990233123,0.9350300821329606,30.450287907422005,0,1,0,1,1,1,1,1,1,1,1,1,1,1
param_20033,real_005,0.7693846378993046,0.5178453488695759,0.14280454683198232,0.17566415156482074,0.9081244585407398,370.77199526932543,1,1,0,1,1,1,0,1,0,1,0,1,1,1
param_20034,real_001,0.7791274875945594,0.6308131616091139,0.19790852412651017,0.25262947934820995,0.6461067898233673,39.10133146930272,1,1,1,1,1,1,1,1,1,1,1,1,1,1
param_20034,real_002,0.8319382870416119,0.6998252210521863,0.31806623264470785,0.35409959911287925,0.8803349955248689,58.68190930221174,1,1,0,1,1,1,1,1,0,1,0,1,1,1
param_20034,real_003,0.7644535768341505,0.5950179714712953,0.17816348157836914,0.22970695837193328,0.8727280952757954,73.90941740905656,1,1,1,1,1,1,0,1,1,1,0,1,1,1
param_20034,real_004,0.7750000465641412,0.6479728063009853,0.21197377408358484,0.2607825841814964,0.7755301102629347,56.59989890713592,1,1,1,1,1,1,1,1,1,1,1,1,1,1
param_20034,real_005,0.7872114391475244,0.645572368605361,0.21096356102479,0.25236744519556525,0.8801506746445096,297.2114450447047,1,1,1,1,1,1,0,1,0,0,0,1,1,1
param_20035,real_001,0.794729743371461,0.6867271177635486,0.21006668765680064,0.28001425773423116,0.45716643108823707,250.4056698997022,1,1,1,1,1,1,1,1,1,1,1,1,1,1
param_20035,real_002,0.8762984672981651,0.7881860988458143,0.3631250724714363,0.42891888581154886,0.36382463652519487,57.699536594520026,1,1,1,1,1,1,1,1,1,1,1,1,1,1
param_20035,real_003,0.788837950589634,0.667359471556728,0.20255485956300487,0.2707241080655443,0.4776261630292362,168.90750068894084,1,1,1,1,1,1,1,1,1,1,1,1,1,1
param_20035,real_004,0.792465069661366,0.6926564389526126,0.2199225286449359,0.29423146980313214,0.4825774429785709,143.17964989254665,1,1,1,1,1,1,1,1,1,1,1,1,1,1
param_20035,real_005,0.7974827883549829,0.6982640794174945,0.2154039616782121,0.2852605329498685,0.4360596721847983,142.51995785178326,1,1,1,1,1,1,1,1,1,1,1,1,1,1
param_20036,real_001,0.7964864933619321,0.3389060575950871,0.014562064928472038,0.0414812924212875,0.7394727607684884,522.5038270921117,0,1,0,1,0,1,0,1,0,1,0,1,1,1
param_20036,real_002,0.7966714620478372,0.36278542673614794,0.03323415116981178,0.062071991457811046,0.8155289911741704,358.04385700648857,0,1,0,1,0,1,0,1,0,1,0,0,1,0
param_20036,real_003,0.8507334273307617,0.39339088073625716,0.08963376192828544,0.11253827964833206,0.8484977387722205,464.4012829598683,0,1,0,0,0,1,0,0,0,0,0,0,1,1
param_20036,real_004,0.8286057552259325,0.35061552289443443,0.059149550526102566,0.10095471528857666,0.5630231468047588,355.9073760547613,0,1,0,1,0,1,0,1,0,1,0,0,0,1
param_20036,real_005,0.8307284121821498,0.3719252321003722,0.07990103302993795,0.11144470682941517,0.8197055979370367,440.3091939136744,0,1,0,1,0,1,0,1,0,1,0,0,0,1
param_20037,real_001,0.7951781020187063,0.36272000577362845,0.01932122706280598,0.04992485833667751,0.8890992751852757,419.4611939235481,0,1,0,1,0,1,0,1,0,1,0,1,1,1
param_20037,real_002,0.8001966707545257,0.39405200187380324,0.04423311123772819,0.07849412678403528,1.071775354865254,335.19160056012595,0,1,0,1,0,1,0,1,0,1,0,0,1,0
param_20037,real_003,0.8515243638743606,0.42678085265507193,0.09393306057642184,0.1171783623971118,1.0486603338252718,471.16335478159664,0,1,0,1,0,1,0,0,0,0,0,0,1,1
param_20037,real_004,0.8323841997837697,0.3872139567632214,0.08324834465683564,0.12374900339252243,0.8025291428100672,327.08403721848197,0,1,0,1,0,1,0,1,0,1,0,0,0,1
param_20037,real_005,0.8373633034122295,0.4184848435645312,0.10617891967820231,0.13382942570141532,1.0318204291505984,376.04036874880677,0,1,0,1,0,1,0,1,0,1,0,0,0,1
param_20038,real_001,0.7889519199627106,0.38259680923870265,0.022371091233424973,0.05925289978302706,0.8696132161021961,503.7450834379091,0,1,0,1,0,1,0,1,0,1,0,1,1,1
param_20038,real_002,0.7907679034359909,0.40431455916743275,0.046016689652667024,0.08120516907069848,1.0612575821271997,345.35353479434553,0,1,0,1,0,1,0,1,0,1,0,0,1,0
param_20038,real_003,0.843898939276169,0.43933652662730616,0.09793920467195782,0.12141449121827935,1.0128864943106428,511.231335048844,0,1,0,1,0,1,0,0,0,0,0,0,1,1
param_20038,real_004,0.8284377646615951,0.40307193429149,0.09256380728441868,0.13265729489422357,0.7566612777677983,323.6197419255236,0,1,0,1,0,1,0,1,0,1,0,0,0,1
param_20038,real_005,0.8271158751166083,0.4284262776348815,0.10957533629001588,0.13842455523961425,0.9762638540609866,320.8509152108204,0,1,0,1,0,1,0,1,0,1,0,0,1,1
param_20039,real_001,0.7862904840387611,0.45559028499928333,0.060475333780352775,0.09657492580350045,1.2666472938612423,162.14708912358935,1,1,1,1,1,1,1,1,0,1,0,1,1,1
param_20039,real_002,0.8017210113944325,0.49840116135107115,0.09730513085275758,0.12372263821328115,1.4127985249356123,303.1585105452451,1,1,1,1,1,1,1,1,0,1,0,1,1,1
param_20039,real_003,0.8389113615522078,0.5106782734254383,0.1013624659737766,0.13069281811862715,1.1165865034251568,467.9817801443677,1,1,1,1,1,1,1,1,0,0,0,1,1,1
param_20039,real_004,0.8340670498846188,0.5050451026757534,0.1390563307294162,0.17880995656372,0.9501396264089245,340.83914980045347,1,1,1,1,1,1,1,1,0,1,0,1,0,1
param_20040,real_001,0.7785778416436037,0.5478857298726687,0.10591971453461341,0.1549845644006527,0.9959460953527511,166.78345220718273,1,1,1,1,1,1,1,1,0,1,0,1,1,1
param_20040,real_002,0.7823823588997683,0.5544966250186054,0.13364118593948104,0.17350416884580755,1.1326997536078844,279.60577411917757,1,1,1,1,1,1,1,1,0,1,0,1,1,1
param_20040,real_003,0.8310131416430453,0.5882611502452091,0.15254659505277515,0.20151405309333992,0.8269136639180692,418.1968526649981,1,1,1,1,1,1,1,1,0,0,0,1,1,1
param_20040,real_004,0.8233717046566901,0.5804086999661415,0.18618455780256138,0.23296063894450036,0.797122444683828,235.76727396271625,1,1,1,1,1,1,1,1,0,1,0,1,1,1
param_20040,real_005,0.8329981777101787,0.6064337845217572,0.19970972997091738,0.24633491941396224,0.8286759536208397,170.3885329333243,1,1,1,1,1,1,1,1,0,1,0,1,1,1
param_20041,real_001,0.7825515964137311,0.6466617264905898,0.16357825602919912,0.23373231884542467,0.43136150119730776,205.40182214951088,1,1,1,1,1,1,1,1,1,1,1,1,1,1
param_20041,real_002,0.8171104366849472,0.6887089669667783,0.1877058196920261,0.2616031274422448,0.4501943013071179,236.65623524888287,1,1,1,1,1,1,1,1,1,1,1,1,1,1
param_20041,real_003,0.8394103481425019,0.6930579798802476,0.18304032941158627,0.2535452427605032,0.41556650007865537,381.12144729945777,1,1,1,1,1,1,1,1,1,1,1,1,1,1
param_20041,real_004,0.8431527800700733,0.7107099725434786,0.23516471920680806,0.30818313658402596,0.3239774927395934,106.56366383501896,1,1,1,1,1,1,1,1,1,1,1,1,1,1
param_20041,real_005,0.8583103652929341,0.7175215811746473,0.2497728620276363,0.32445358413512987,0.3642702528997678,201.03487039988102,1,1,1,1,1,1,1,1,1,1,1,1,1,1
param_20042,real_001,0.7803588982688382,0.42502277196532334,0.07387327541162643,0.097745346747309,1.4841706249853757,312.2594421655614,0,1,0,1,0,1,0,1,0,1,0,0,1,1
param_20042,real_002,0.772495566499885,0.33247180847690755,0.046435455982558195,0.07142007988070447,0.5860809865313976,931.3487479867462,0,0,0,1,0,1,0,1,0,0,0,0,1,1
param_20042,real_003,0.7923209822341188,0.4461602490771615,0.08249919616647813,0.10636375938846174,1.0487191410213055,237.99837566141554,0,0,0,0,0,0,0,1,0,0,0,1,1,1
param_20042,real_004,0.775669213964512,0.36433968880251927,0.04346863376763666,0.07844718964786353,0.6102027338043109,375.58432187332073,0,0,0,1,1,1,0,1,0,0,0,1,1,1
param_20042,real_005,0.7827785597615585,0.3873368750979976,0.05482939232582737,0.07543313780362791,0.7749340971833032,327.6521445084393,0,0,0,0,0,1,0,1,0,0,0,1,1,1
param_20043,real_001,0.7812930264680863,0.44770102327187006,0.09046294989013758,0.11493882810768852,1.5461213326703134,325.2166768758042,0,1,0,1,0,1,0,1,0,1,0,1,1,1
param_20043,real_002,0.7734171361845337,0.35615832645633005,0.060723653646516246,0.089579263651072,0.7982528627080628,879.8471613822427,0,0,0,1,0,1,0,1,0,0,0,0,1,1
param_20043,real_003,0.7875015739776656,0.46182070911603235,0.08934559373210181,0.11364698495510764,1.2000646535331254,199.08242340240346,0,1,0,0,0,1,0,1,0,0,0,1,1,1
param_20043,real_004,0.777870869593943,0.39296810880295263,0.05632917515518253,0.09524231246560655,0.6847564696170274,271.2110318127375,0,0,1,1,1,1,0,1,0,1,0,1,1,1
param_20043,real_005,0.7822313852771312,0.41565367384536045,0.06097460129131317,0.08368395976976435,0.8994264800211297,323.7472287330678,0,0,0,0,0,1,0,1,0,0,0,1,1,1
param_20044,real_001,0.771493992703355,0.4567327112462652,0.09575602675513079,0.12005211717086745,1.5457459926017263,292.55907804271186,0,1,0,1,0,1,0,1,0,1,0,1,1,1
param_20044,real_002,0.7629717993488601,0.3669726901683335,0.06126452238963581,0.09155947456583702,0.861987074671027,860.0283773706808,0,0,0,1,0,1,0,1,0,0,0,1,1,1
param_20044,real_003,0.7801787930323785,0.47590128176262125,0.09848420083122944,0.12344118256362455,1.2079033617379904,169.0537562714334,0,1,0,0,0,1,0,1,0,0,0,1,1,1
param_20044,real_004,0.7698193533356242,0.40766506603321145,0.05938878960094244,0.10185705075289145,0.7586139907811313,193.91026584024632,0,0,1,1,1,1,0,1,0,1,0,1,1,1
param_20044,real_005,0.7750884250384318,0.42576015669392325,0.06795932724875514,0.0931831372485539,0.9215730044459326,309.6115422000016,0,0,0,0,0,1,0,1,0,0,0,1,1,1
param_20045,real_001,0.7865231911630333,0.5383499224180878,0.11790057911565728,0.14689229824492123,1.2459005457044123,295.32365292064657,1,1,0,1,1,1,0,1,1,1,0,1,1,1
param_20045,real_002,0.7698218893360125,0.44112775993178593,0.10277026616849337,0.14019011559817313,0.9733010721288223,586.2645427374903,1,1,1,1,1,1,1,1,0,0,0,1,1,1
param_20045,real_003,0.7793055094669846,0.5083007713012602,0.10054496609968877,0.13215456880285525,1.1879816114967663,250.80200387464245,1,1,1,1,1,1,1,1,1,1,0,1,1,1
param_20045,real_004,0.7703161245726821,0.46841601136605804,0.09582322538623948,0.1362777336602167,0.9573155019583591,195.2178938026891,1,1,1,1,1,1,1,1,0,1,0,1,1,1
param_20045,real_005,0.78639825742682,0.4791870878335447,0.08571635680369112,0.11717338773063851,1.1675693074156486,315.33722933202847,1,1,1,1,1,1,1,1,0,1,0,1,1,1
param_20046,real_001,0.770588561832727,0.5946676464526234,0.15696513455680167,0.20029373343751455,1.1481933295923097,276.37203263547,1,1,1,1,1,1,1,1,0,1,0,1,1,1
param_20046,real_002,0.765058896150873,0.5362748803419778,0.1439488672247094,0.1920239149522277,0.9985441857667088,382.7946391255149,1,1,1,1,1,1,1,1,0,1,0,1,1,1
param_20046,real_003,0.7679679396999947,0.5814223570116939,0.1495070212380404,0.1920577080971887,1.0456267615395278,158.21156165625558,1,1,1,1,1,1,1,1,1,1,0,1,1,1
param_20046,real_004,0.7629154139251776,0.5648378832228791,0.14281753645070272,0.19499929879136588,0.8836269615634305,85.36963286916523,1,1,1,1,1,1,1,1,0,1,0,1,1,1
param_20046,real_005,0.7772389704845252,0.5632752915273851,0.14135732615305685,0.18345754654003263,1.0490158099895892,232.72775603894925,1,1,1,1,1,1,1,1,0,1,0,1,1,1
param_20047,real_001,0.8234279492878457,0.7121087749609921,0.2010275942324764,0.2709091376457118,0.4809995321016225,322.35581090897495,1,1,1,1,1,1,1,1,1,1,1,1,1,1
param_20047,real_002,0.8095826057929826,0.6720160559420819,0.21808947172593027,0.29340887163551344,0.37682385282300696,66.0521931557159,1,1,1,1,1,1,1,1,1,1,1,1,1,1
param_20047,real_003,0.8109534563461114,0.6793727594765906,0.1952118564731952,0.2730710900050367,0.38713934163129926,322.5041796511689,1,1,1,1,1,1,1,1,1,1,1,1,1,1
param_20047,real_004,0.7880943424173098,0.6406629613507866,0.18562576148033214,0.26182674570159475,0.47291493532445616,20.38506097895999,1,1,1,1,1,1,1,1,1,1,1,1,1,1
param_20047,real_005,0.8229955049878696,0.6774937193545935,0.20666708646921605,0.27902197825489444,0.42781007151444544,141.51609253382668,1,1,1,1,1,1,1,1,1,1,1,1,1,1
param_20048,real_001,0.7859989019442892,0.3790637496511624,0.11327880666907277,0.14255832965805826,0.15288958562833657,905.9025761567866,0,0,0,0,0,0,0,1,0,0,0,0,1,1
param_20048,real_002,0.81469122160598,0.41257023823902883,0.1837956824077112,0.20907115275493088,0.770231141730318,105.50072300978947,0,0,0,0,0,1,0,1,0,0,0,0,1,1
param_20048,real_003,0.776008335866404,0.3764900641718437,0.09800444885008426,0.12592882718526663,0.686553761981331,490.05054166818877,0,0,0,1,0,0,0,1,0,0,0,1,1,1
param_20048,real_004,0.8126278167039231,0.455654795473941,0.16505502820766615,0.19948163274952757,0.6382232612507306,244.39730506221952,0,0,0,0,0,0,0,1,0,0,0,1,1,1
param_20048,real_005,0.7368062542950925,0.39028666713386106,0.06625276119322403,0.08501585839771336,0.7409192403776004,837.3553917855055,0,0,0,1,0,0,0,0,0,0,0,1,1,1
param_20049,real_001,0.7816798130187546,0.39846213376049855,0.12372578836474063,0.1500931443673809,0.24312969743688573,812.1765574468914,0,0,0,0,0,0,1,1,0,0,0,0,1,1
param_20049,real_002,0.8087572912713316,0.4405547570977351,0.18752309475775308,0.21109963298827822,0.776787495843033,50.157644084526616,0,0,0,0,0,1,0,1,0,0,0,0,1,1
param_20049,real_003,0.7774620379522089,0.4075017883324075,0.11385059894254136,0.14096308712442426,0.9009318858679989,399.52319203319007,0,0,0,1,0,0,0,1,0,0,0,1,1,1
param_20049,real_004,0.8103136069154329,0.4808615415982304,0.17875389133504746,0.2145531549546061,0.7200998606595448,221.14172216695093,1,1,0,1,1,0,0,1,0,1,0,1,1,1
param_20049,real_005,0.7321040050132579,0.402783478958265,0.07051242704055675,0.09351764257709828,0.9839604197422496,662.8930185074045,0,0,0,1,1,0,0,1,0,0,0,1,1,1
param_20050,real_001,0.7795229762187568,0.4244058800999415,0.14190960938251573,0.17295175131114054,0.28353907124030564,781.4697729873158,0,0,0,0,0,0,1,1,0,0,0,0,1,1
param_20050,real_002,0.8021302788428325,0.45645786733709603,0.19705695430164166,0.22144151225872583,0.7960879766682016,67.8649797721328,0,0,0,0,0,1,0,1,0,0,0,0,1,1
param_20050,real_003,0.7739349003750112,0.42468169876867207,0.12760882696602863,0.1553451264019903,0.9454445225920505,374.839680277747,0,0,0,1,0,0,0,1,0,0,0,1,1,1
param_20050,real_004,0.8036691326447764,0.4901173096720857,0.1913019659105044,0.22486085018216564,0.7424698506432502,214.35882630790007,1,1,0,1,1,0,0,1,0,1,0,1,1,1
param_20050,real_005,0.7189554490466815,0.4078794375180378,0.07267353520509565,0.09630682865946583,1.047008041627247,663.201359222524,0,0,0,1,1,0,0,0,0,0,0,1,1,1
param_20051,real_001,0.7700216268803262,0.4657461693511683,0.14465077047212546,0.18720535023076473,0.6293201192625877,608.6011151174908,1,0,0,0,1,1,1,1,0,1,0,1,1,1
param_20051,real_002,0.793954392825548,0.5182543083427722,0.19342169896421196,0.22404836109650186,0.882482818670896,81.32826811384072,1,0,1,1,1,1,0,1,0,1,0,1,1,1
param_20051,real_003,0.7928314645143897,0.5004907380602471,0.1371278296036554,0.1692103908612226,1.1612930825502303,201.15150927792394,1,1,1,1,1,1,0,1,0,1,0,1,1,1
param_20051,real_004,0.8216405069735593,0.5678225193023022,0.23844027020587485,0.2841423679231266,0.6022605957083378,204.56118456762482,1,1,1,1,1,1,1,1,0,1,0,1,1,1
param_20051,real_005,0.7363368105199526,0.4547365648385185,0.10596886444099858,0.13816120737419976,1.2481606795767044,349.3994983407143,0,0,1,1,1,1,1,1,0,1,0,1,1,1
param_20052,real_001,0.7915290837262328,0.5951731113900663,0.22953527733147389,0.27185107712965556,0.6644555068597561,402.4619712647842,1,1,1,1,1,1,1,1,0,1,0,1,1,1
param_20052,real_002,0.8008511935562592,0.6175144418134544,0.24498490933415945,0.2912050256685225,0.8766771265124808,88.90803626633557,1,1,1,1,1,1,1,1,0,1,0,1,1,1
param_20052,real_003,0.8029081493005057,0.6084166394034317,0.19640777262848735,0.2434169441424025,0.9465959560892102,122.36144603315705,1,1,1,1,1,1,1,1,0,1,0,1,1,1
param_20052,real_004,0.81941749552641,0.6612197930660202,0.26823487752266817,0.3224818590619845,0.633258202987847,180.30460157201628,1,1,1,1,1,1,1,1,1,1,0,1,1,1
param_20052,real_005,0.7125815041657748,0.5209486973637081,0.12996245179113836,0.1720139702477723,1.40562815292044,209.45718880106878,0,1,1,1,1,1,1,1,0,1,0,1,1,1
param_20053,real_001,0.8300491143416313,0.6926440827229645,0.2743179302310949,0.33981284358120656,0.3928183114700857,148.8848959688856,1,1,1,1,1,1,1,1,1,1,1,1,1,1
param_20053,real_002,0.8221840029731343,0.6884015529568517,0.27621148903186676,0.34402173267622993,0.42932993810020453,185.5139975803866,1,1,1,1,1,1,1,1,1,1,1,1,1,1
param_20053,real_003,0.8549350214678456,0.7220437792399091,0.25323394283956563,0.32876671274161895,0.2909444619524375,242.53900322321286,1,1,1,1,1,1,1,1,1,1,1,1,1,1
param_20053,real_004,0.8789884080534246,0.7798449863974626,0.3535873931478918,0.4234682527580671,0.2781806886178596,135.67032379994805,1,1,1,1,1,1,1,1,1,1,1,1,1,1
param_20053,real_005,0.800818762019088,0.6570844112386713,0.22524860634783017,0.2955639457924237,0.5172713734069613,98.586662872519,1,1,1,1,1,1,1,1,1,1,1,1,1,1
param_20054,real_001,0.8627861100522206,0.46038870184201786,0.11981975212049434,0.1449783018117373,0.8077598995777702,499.05048721816536,0,1,0,0,0,0,0,0,0,0,0,0,0,1
param_20054,real_002,0.8403275928659162,0.453612485335457,0.10111343858140108,0.12215905485190795,0.7511111111111111,373.1173307040905,0,1,0,0,0,1,0,0,0,0,0,0,1,1
param_20054,real_003,0.8273087238809919,0.3842889489321701,0.054374288201322736,0.07111249621261875,0.6626710417643251,574.4159981829484,0,0,0,0,0,1,0,0,0,0,0,0,1,1
param_20054,real_004,0.834685178932102,0.3882434673391713,0.12085106361397928,0.13884177815020482,0.5380221749356031,165.3160278032726,0,0,0,0,0,1,0,0,0,1,0,1,0,1
param_20054,real_005,0.8009522866536369,0.32703722581650246,0.017739547287492847,0.04339711478081898,0.47043286198966233,491.90220433184277,0,1,0,1,0,1,0,0,0,0,0,0,0,1
param_20055,real_001,0.8603395837959579,0.4804134070456374,0.12110583183760816,0.14705714784756746,0.8900279589934762,425.8686613965327,0,1,0,0,0,0,0,0,0,0,0,0,0,1
param_20055,real_002,0.8383912460313598,0.47144189137356973,0.10423839067715708,0.12982586256043788,0.8839029369856022,282.8128611556823,0,1,0,0,0,1,0,0,0,0,0,1,1,1
param_20055,real_003,0.8213222444409815,0.3927687975530899,0.05230065632093551,0.07162678805065453,0.8006827785757406,486.95691730917645,1,0,0,0,1,1,0,0,0,0,0,0,1,1
param_20055,real_004,0.8370135551919394,0.41406543989663364,0.13316676305401828,0.1575320825107255,0.7768703241895262,169.4272780973934,0,0,0,1,0,1,0,1,0,1,0,1,0,1
param_20055,real_005,0.799728052681989,0.34115212834523595,0.024511983461978536,0.05527583496874956,0.6070302414661503,518.58542814159,0,1,0,1,0,1,0,0,0,1,0,1,0,1
param_20056,real_001,0.8579212192275585,0.5090903252520049,0.13435378604682746,0.16173254381854044,0.8089029881293491,407.9857660430422,0,1,0,0,0,0,0,0,0,0,0,0,0,1
param_20056,real_002,0.8351309759940763,0.49449875798955517,0.12262092051770006,0.14719153853031194,0.906392882151831,239.36765518437912,0,1,0,0,0,1,0,0,0,0,0,0,1,1
param_20056,real_003,0.8192330492441546,0.42896144781156326,0.06731101906186511,0.09044939770864534,0.8329279324555232,451.21621433543277,1,0,0,0,1,1,0,0,0,0,0,0,1,1
param_20056,real_004,0.8278246801544655,0.4274868133689514,0.13699949829876037,0.16631474650981676,0.7768580096843544,189.91572784980184,0,0,0,1,0,1,0,1,0,1,0,1,1,1
param_20056,real_005,0.7878499289158077,0.3546334468008744,0.025133130061329396,0.05835533632089543,0.5933930983666953,503.5046517050472,0,1,0,1,0,1,0,0,0,1,0,0,1,1
param_20057,real_001,0.8380482659111848,0.5570833518016641,0.11515334477239307,0.1493111488448265,0.9718368253498186,113.98823100077766,1,1,1,1,1,1,1,1,0,1,0,0,0,1
param_20057,real_002,0.8219165879144846,0.5445756165793317,0.12890330253251325,0.1601719220653218,1.1079477343562696,239.29693937606115,1,1,1,1,1,1,1,1,0,1,0,1,0,1
param_20057,real_003,0.7810782840888243,0.4395093691042875,0.06086491464612053,0.08798304292029403,0.9511558319643276,165.6554088511854,1,1,1,0,1,1,1,1,0,1,0,1,0,1
param_20057,real_004,0.8393695592360305,0.512851781291631,0.16836066779435488,0.19881443244600544,0.9020362998835989,77.07313333642934,1,1,1,1,1,1,1,1,0,1,0,1,1,1
param_20057,real_005,0.7907851931091008,0.4446722453192299,0.06514565328711827,0.10177479273983153,1.1399759939540328,482.6176263560461,1,1,1,1,1,1,1,1,0,1,0,1,0,1
param_20058,real_001,0.8447855420442019,0.657038175504765,0.19115849512066144,0.23962901389906588,0.6759950708564387,120.94341823062999,1,1,1,1,1,1,1,1,0,1,0,0,1,1
param_20058,real_002,0.8233696774758825,0.640970136463144,0.19168313362559058,0.2283832732696115,0.8977571971961784,80.244627191649,1,1,1,1,1,1,1,1,0,1,0,1,1,1
param_20058,real_003,0.7929830047999964,0.5717136434529929,0.13789737396072088,0.18050818785358455,0.8278947821912581,107.80782294536843,1,1,1,1,1,1,1,1,0,1,0,1,1,1
param_20058,real_004,0.8314505803747078,0.6115614870990908,0.21954673259745344,0.2612520874607025,0.7566058380390628,103.01355927029738,1,1,1,1,1,1,1,1,0,1,0,1,1,1
param_20058,real_005,0.7668219846978594,0.512540278248486,0.10466025102227959,0.14964761861568987,0.964997013180137,472.85676068830134,1,1,1,1,1,1,1,1,0,1,0,1,1,1
param_20059,real_001,0.8232955274896158,0.7110866364985494,0.19646720777054497,0.2658924336974708,0.3669447423105117,170.1591398245337,1,1,1,1,1,1,1,1,1,1,1,1,1,1
param_20059,real_002,0.8222315084523867,0.7120246634866854,0.20400941527860447,0.2707673778404891,0.44174664048027656,76.27500490480635,1,1,1,1,1,1,1,1,1,1,1,1,1,1
param_20059,real_003,0.7555229159196507,0.6038021699889217,0.14716568814771566,0.2166940916152174,0.3865386141757282,69.24318952478677,1,1,1,1,1,1,1,1,1,1,1,1,1,1
param_20059,real_004,0.855128353998114,0.7272754077915254,0.2804181181348827,0.35343017138632304,0.26473379665064445,64.42556480548245,1,1,1,1,1,1,1,1,1,1,1,1,1,1
param_20060,real_001,0.8168007987985252,0.43570818266823474,0.07951836730305577,0.10821303859515727,0.8333366209685373,577.1123362365089,0,0,0,0,1,0,0,1,0,0,0,0,0,1
param_20060,real_002,0.8359459461833183,0.5340035899948096,0.16548119851004622,0.18467667053453216,0.6195979104005066,269.8256403940793,1,1,1,0,0,1,0,1,0,1,0,0,1,1
param_20060,real_003,0.8013528924917321,0.457997461393177,0.0702100932752691,0.09684662581402033,0.9623892551523509,606.9813970661319,1,0,0,0,1,1,0,0,0,0,0,0,0,1
param_20060,real_004,0.8043672362181199,0.4475561887521015,0.09733546143856878,0.1265620368241806,0.7459603344205751,136.1234950750931,0,0,0,0,1,1,0,0,0,1,0,1,0,1
param_20060,real_005,0.8037756274181601,0.42052185515513973,0.05589459209704328,0.09049096067238076,0.7247326312352029,705.0609159246605,1,0,0,1,0,1,0,0,0,0,0,0,0,1
param_20061,real_001,0.8179877204353609,0.46446107411851345,0.08762835098022843,0.11685707526031905,0.8427533599709408,479.9116182552192,0,1,0,1,1,0,1,1,0,0,0,0,0,1
param_20061,real_002,0.8377358945938341,0.5465510266509991,0.16788709537730742,0.19026286476400453,0.6950890645924676,239.52826232053593,1,1,1,0,0,1,1,1,0,1,0,1,1,1
param_20061,real_003,0.796275139411536,0.46344805464614297,0.07261439674416027,0.0998096990707607,0.9982581768918134,512.5050400462903,1,0,0,1,1,1,0,0,0,1,0,0,0,1
param_20061,real_004,0.8042221390234897,0.45426811948943224,0.10753181359991405,0.13768282646965832,0.785900281365233,83.17871419058775,0,0,0,1,1,1,0,0,0,1,0,1,0,1
param_20061,real_005,0.8021313670728092,0.4313137185448908,0.061970873823910554,0.09665920851426206,0.8570031225311313,642.5313408568309,1,1,0,1,1,1,0,0,0,0,0,1,0,1
param_20062,real_001,0.8136442421367863,0.48498888092636244,0.0974487939887871,0.1284370187404404,0.7925619834710744,458.8173312289595,0,1,0,0,1,0,1,1,0,0,0,0,0,1
param_20062,real_002,0.8350682014478175,0.562098416432515,0.18501494554038256,0.20763183565856377,0.7170610211706102,270.4279820116073,1,1,1,0,0,1,1,1,0,1,0,1,1,1
param_20062,real_003,0.7966792225381383,0.4904716497361818,0.08305974639126251,0.11205984736335212,0.9821175667605153,494.3899596615744,1,0,0,1,1,1,0,0,0,1,0,1,0,1
param_20062,real_004,0.7974578688133868,0.47232016848250163,0.11953284167114592,0.1523604237110977,0.7993583034504058,95.291740827074,0,0,0,1,1,1,0,0,0,1,0,1,0,1
param_20062,real_005,0.7954749165700568,0.4537155393233736,0.06748308411682664,0.10340168268009207,0.8703116940534964,654.233894054771,1,1,0,1,1,1,0,0,0,0,0,0,0,1
param_20063,real_001,0.8130440419217697,0.5487712755162548,0.10845632214536213,0.14676085698070052,0.8936593418488851,126.41034539404266,1,1,1,1,1,1,1,1,0,1,0,1,0,1
param_20063,real_002,0.8455083021968279,0.6098709151543344,0.19165270812996937,0.2232879084401805,0.7950675278919553,182.6424986905748,1,1,1,1,1,1,1,1,0,1,0,1,1,1
param_20063,real_003,0.7813710915977791,0.4983521616484743,0.08255598255749279,0.11606839819232898,0.9345104456029529,274.66601974001827,1,1,1,1,1,1,0,1,0,1,0,1,0,1
param_20063,real_004,0.7990844751280721,0.5162169835750494,0.13426582063261985,0.1678557764046331,0.7876256346492592,91.50040979543098,1,1,1,1,1,1,1,1,1,1,0,1,0,1
param_20063,real_005,0.7913021023757699,0.4913129567684591,0.08522046321565378,0.12014792006969682,1.0403224677742167,427.35908946143684,1,1,1,1,1,1,0,1,0,1,0,1,0,1
param_20064,real_001,0.8135808216926671,0.65604493769537,0.17388366194324156,0.2253270850149455,0.5909140005616642,141.53200865283554,1,1,1,1,1,1,1,1,1,1,1,1,1,1
param_20064,real_002,0.8342573928467693,0.6866792909152114,0.2407329331734566,0.2810751872811062,0.7804150484301156,211.50751206801937,1,1,1,1,1,1,1,1,0,1,0,1,1,1
param_20064,real_003,0.7824647995632664,0.6100061388377592,0.1435564464464569,0.19172605775054002,0.719183953368764,226.05484378039992,1,1,1,1,1,1,0,1,1,1,0,1,1,1
param_20064,real_004,0.808285640591861,0.6289201516128177,0.2053467784114552,0.2533603932276953,0.6567290469335502,30.4542115273221,1,1,1,1,1,1,1,1,1,1,1,1,1,1
param_20064,real_005,0.7773746094066515,0.5879709505600131,0.12640615789573306,0.16939263669320326,0.990575643484644,427.12606539054286,1,1,1,1,1,1,1,1,0,1,0,1,1,1
param_20065,real_002,0.8589288987036139,0.7514476662889367,0.2518701726055589,0.3223927090265855,0.3928968470631574,52.38988621730876,1,1,1,1,1,1,1,1,1,1,1,1,1,1
param_20065,real_003,0.7696325400729503,0.6261497688395561,0.15221243576093746,0.22026249894220196,0.4321381159132158,127.63576571821127,1,1,1,1,1,1,1,1,1,1,0,1,1,1
param_20065,real_004,0.8224150549220353,0.700774781862382,0.23816879281752382,0.3091039920501933,0.31718409002031006,75.3677293871886,1,1,1,1,1,1,1,1,1,1,1,1,1,1
param_20065,real_005,0.790612809543925,0.6518991505993722,0.15047630353253852,0.21985418534765125,0.520857663381137,198.53250724657033,1,1,1,1,1,1,1,1,1,1,0,1,1,1
param_20066,real_001,0.7291854522442803,0.4393554017782178,0.03601513990285485,0.0725270978712761,0.2534131025649036,632.9828294051528,1,0,1,0,1,1,1,1,0,0,0,1,1,1
param_20066,real_002,0.759861643750922,0.45925096762502365,0.05010532182674881,0.08498719392630645,0.8390909090909091,110.32816496302993,0,1,1,1,0,1,1,1,0,1,1,1,1,1
param_20066,real_003,0.7748962202771272,0.4443043345546654,0.0581017118773423,0.09116693181732077,0.6787988791236785,396.6907165641767,1,1,1,1,0,1,1,1,0,1,1,1,0,1
param_20066,real_004,0.7536769820083916,0.41752278527025,0.03683238086612059,0.05992066930525452,0.9114148560852885,571.8648113668817,1,1,0,1,1,1,0,0,0,0,0,1,1,1
param_20066,real_005,0.8192502264209799,0.5619657567298008,0.18734565219335583,0.2114166216386067,0.5927408717781606,137.08624969255578,1,1,0,1,1,1,0,1,0,0,0,1,0,0
param_20067,real_001,0.7264258116279341,0.44599045778940427,0.04341886361959824,0.08502242667675293,0.34304535451973367,527.7236832502654,1,1,1,0,1,1,1,1,1,1,0,1,1,1
param_20067,real_002,0.7633337543819186,0.4725927925579299,0.06070050941694496,0.10059844986520158,0.9208317970651132,164.36018736091023,1,1,1,1,1,1,1,1,0,1,1,1,1,1
param_20067,real_003,0.7772128431469565,0.45435439680790135,0.06811778457801934,0.10275441538943021,0.8287431677441822,376.37078379317336,1,1,1,1,0,1,1,1,0,1,1,1,0,1
param_20067,real_004,0.7530594400044558,0.4325030015215423,0.04378620759983181,0.06929422837405969,1.0386007024727748,448.49199358146257,1,1,0,1,1,1,0,1,0,0,0,1,1,1
param_20067,real_005,0.820452019194569,0.575706634839767,0.18949790850785386,0.2150733743243241,0.656623413660345,165.16028013659547,1,1,0,1,1,1,0,1,1,1,0,1,0,0
param_20068,real_001,0.7129326076854475,0.4555172821641901,0.046598887162760415,0.09055197879082337,0.38736655055213165,538.328558533066,1,1,1,0,1,1,1,1,1,1,0,1,1,1
param_20068,real_002,0.7535193787500483,0.48858696385156436,0.065829720228267,0.10774896615109647,0.902005324382198,229.32694765758725,1,1,1,1,1,1,1,1,0,1,1,1,1,1
param_20068,real_003,0.7629526468448278,0.4597820636486091,0.06921222502399618,0.1058569697062558,0.8674274380948153,358.3231348131301,1,1,1,1,0,1,1,1,0,1,1,1,0,1
param_20068,real_004,0.7414023074534315,0.43801582348402734,0.048138762544234555,0.07571497154380628,1.1055202397242478,435.8135577168704,1,1,0,1,1,1,0,1,0,0,0,1,1,1
param_20068,real_005,0.8177029916159668,0.5946496131409457,0.2064874511014579,0.23142484491397206,0.6525265919927772,134.72945089344128,1,1,0,1,1,1,0,1,1,1,0,1,0,0
param_20069,real_001,0.7205423708017011,0.4843911731377502,0.0767618614606925,0.12066461966736262,0.6906192547419399,336.89045523626226,1,1,1,1,1,1,1,1,1,1,0,1,1,1
param_20069,real_002,0.7701284813544226,0.5302665368902953,0.09846678864425079,0.1384155756281702,0.9246838491436764,217.83599708330743,1,1,1,1,1,1,1,1,0,1,1,1,1,1
param_20069,real_003,0.7803193391853251,0.502273810579273,0.09960607076766231,0.13150675226997868,1.0722915042868277,316.14774410734765,1,1,1,1,1,1,1,1,0,1,1,1,0,1
param_20069,real_004,0.7462675408020856,0.4758980706782139,0.0662397718064628,0.09990071784173712,1.2283752509302,284.12207205051965,1,1,1,1,1,1,1,1,0,1,0,1,1,1
param_20069,real_005,0.8223897489848428,0.6149678068495035,0.19211288911661037,0.22522320557194933,0.6486585576259489,261.1959424469631,1,1,1,1,1,1,1,1,1,1,1,1,0,0
param_20070,real_001,0.7190430529633541,0.5713662896628177,0.124011278365408,0.18445905504526153,0.756620777881733,229.37210456916947,1,1,1,1,1,1,1,1,1,1,0,1,1,1
param_20070,real_002,0.7634579439259755,0.6120800023545412,0.14759159597470486,0.20779873183250708,0.7845570918483629,251.55142684001245,1,1,1,1,1,1,1,1,0,1,1,1,1,1
param_20070,real_003,0.7524063383086799,0.5677711326146785,0.12998970634906637,0.1765164461911764,0.966289876915348,168.04491995662087,1,1,1,1,1,1,1,1,0,1,1,1,1,1
param_20070,real_004,0.7270645171232739,0.5472362233639506,0.11245116883783977,0.15847021343483658,1.1751413655751761,199.96840289073072,1,1,1,1,1,1,1,1,0,1,0,1,1,1
param_20070,real_005,0.827039379755065,0.6935939860943263,0.24745664415187446,0.2992639091358853,0.5257519956628218,164.35329670957339,1,1,1,1,1,1,1,1,1,1,1,1,1,1
param_20071,real_001,0.7416994565159959,0.6131277943322795,0.17231976380040506,0.24696797815980204,0.4117168036964875,84.06932336662919,1,1,1,1,1,1,1,1,1,1,1,1,1,1
param_20071,real_002,0.801014265344585,0.6716831169558013,0.1833942839546967,0.2585828960421484,0.4817211135121393,231.46037633218833,1,1,1,1,1,1,1,1,1,1,1,1,1,1
param_20071,real_004,0.7511025375942307,0.6038408073729233,0.14682847767529641,0.21814010860840619,0.5529959660227608,99.83275695410646,1,1,1,1,1,1,1,1,1,1,1,1,1,1
param_20071,real_005,0.8384977891369622,0.7259214230167729,0.24043452010946595,0.3054681632073535,0.3898320297474035,292.7034039696215,1,1,1,1,1,1,1,1,1,1,1,1,1,1
param_20072,real_001,0.8384490614612119,0.3868889947995753,0.06725678268114604,0.08973064838366873,0.9405456083784958,711.4313285173631,0,1,0,1,0,0,0,0,0,0,0,0,0,1
param_20072,real_002,0.8721313277693666,0.5115455118946253,0.2087333777024962,0.22654745596449452,0.6483660732791378,237.97091959078608,0,0,0,0,0,1,0,0,0,0,0,0,1,1
param_20072,real_003,0.8170644623006771,0.3401803475247958,0.04024068021456497,0.05383158721399241,0.46653009978193355,740.3507842829015,0,0,0,0,1,0,0,0,0,0,0,0,1,1
param_20072,real_004,0.8349751318659452,0.39648992419672446,0.11723499688244188,0.13295971031708423,0.5526387687263786,210.9699740746413,0,0,0,0,0,0,0,0,0,1,0,0,1,1
param_20072,real_005,0.8198552578200061,0.32700824374111415,0.03622379276832733,0.0643231090095206,0.2036004460729648,872.9999242770883,0,1,0,1,0,1,0,0,0,0,0,0,1,1
param_20073,real_001,0.8377135170340074,0.414212138378669,0.07397725857623963,0.09827765501745077,1.164653300444838,579.0447252311837,0,1,0,1,0,0,0,0,0,0,0,0,0,1
param_20073,real_002,0.8743231332966439,0.5314723110315381,0.2102938835731486,0.22990701511260977,0.8087912556197132,242.59199902593937,0,0,0,0,0,1,0,1,0,0,0,1,1,1
param_20073,real_003,0.8076733706906997,0.34934781970750456,0.03707742448681167,0.05288898519154005,0.6290524073808598,652.0803928052903,1,0,0,0,1,0,0,1,0,0,0,0,1,1
param_20073,real_004,0.8357874074712595,0.42348697785803907,0.12586155725950365,0.14703068667773744,0.5992860142797144,194.36273071708274,0,0,0,0,0,1,0,0,0,1,0,0,1,1
param_20073,real_005,0.8158581724643672,0.3473910234483796,0.04698621869259221,0.07960258027450752,0.28711980071591553,838.8952799664202,0,1,0,1,0,1,0,0,0,0,0,0,1,1
param_20074,real_001,0.8338743196900177,0.4405558357092043,0.08710264099065947,0.11072273764862312,1.0783890100483053,563.2010316486244,0,1,0,1,0,0,0,0,0,0,0,0,0,1
param_20074,real_002,0.8718249534069313,0.5589835281579506,0.22877073942843448,0.24569443706807273,0.80079030122476,218.66998036048201,0,0,0,0,0,1,0,1,0,0,0,1,1,1
param_20074,real_003,0.8031737841791741,0.3730027586454511,0.04207143527265563,0.06137085592828626,0.5670378354858487,661.4016026382133,1,0,0,0,1,0,0,1,0,0,0,0,1,1
param_20074,real_004,0.8274832663966444,0.44061311309749607,0.13208633582945298,0.15830984547585758,0.5795473049991858,191.603293080266,0,0,0,0,0,1,0,0,0,1,0,0,1,1
param_20074,real_005,0.808529004731691,0.3714736679492195,0.04800669562507307,0.08430501072913767,0.25147163662287403,854.1205152383174,0,1,0,1,0,1,0,0,0,0,0,0,1,1
param_20075,real_001,0.8220083853001984,0.5175487050060279,0.09104047512896196,0.12363944502324628,1.1318568154787805,92.5126440030261,1,1,1,1,1,1,1,1,0,1,0,0,0,1
param_20075,real_002,0.8710858245276413,0.5992478366060804,0.2243740061094244,0.25215881891616443,0.834927308796968,249.86715275774424,1,1,1,1,1,1,1,1,0,1,0,1,1,1
param_20075,real_003,0.7597530268123397,0.4090765179318726,0.04240511622390378,0.06659553396466693,0.6680368370547543,286.59574818581837,1,0,1,0,1,1,1,1,0,0,0,1,0,1
param_20075,real_004,0.8306597093833151,0.5167037706191383,0.15602058366596044,0.19051882558766764,0.7863840794849937,224.64408852377704,1,1,1,1,1,1,1,1,0,1,0,1,1,1
param_20075,real_005,0.7995474081894623,0.44945295323128065,0.09689618413454784,0.13861110345154187,0.6961428404578369,604.9836989990217,1,1,1,1,1,1,1,0,0,1,0,1,0,1
param_20076,real_001,0.8192290111673332,0.6000807489582651,0.1527022029984014,0.19940731212603244,0.8107141549390325,95.81965431997851,1,1,1,1,1,1,1,1,0,1,0,0,1,1
param_20076,real_002,0.865454879579311,0.7007425141690697,0.27962410351187894,0.31135653396182383,0.7413810860217822,157.1100876211545,1,1,1,1,1,1,1,1,0,1,0,1,1,1
param_20076,real_003,0.7670237667720466,0.5144381207409922,0.09627689832424967,0.14410409383872516,0.548456715698095,225.8163865991835,1,0,1,1,1,1,1,1,0,0,0,1,1,1
param_20076,real_004,0.8275413676838528,0.619557235630369,0.21388904338422873,0.2554267649515553,0.7098041717165274,160.4438814372004,1,1,1,1,1,1,1,1,0,1,0,1,1,1
param_20076,real_005,0.7856952230231742,0.5451204074627732,0.14477138981997373,0.19437148939838264,0.7205602672834747,598.7335697514116,1,1,1,1,1,1,1,1,0,1,0,1,1,1
param_20077,real_001,0.8208192453932519,0.7003039900981344,0.18027228400343417,0.2524595561245109,0.40318618640208975,246.34026239530687,1,1,1,1,1,1,1,1,1,1,1,1,1,1
param_20077,real_002,0.8574224247493047,0.7559624073561052,0.27617244695631343,0.332843234972164,0.3290029566860731,97.33137159316351,1,1,1,1,1,1,1,1,1,1,1,1,1,1
param_20077,real_003,0.7263895943245419,0.5783535353124993,0.12290449607847552,0.19714308317208126,0.3140781569182048,88.85513952554662,1,1,1,1,1,1,1,1,1,1,1,1,1,1
param_20077,real_004,0.8351763605777546,0.7248902703686069,0.26396424994427575,0.3357954821402271,0.2549463836439581,171.50362749088538,1,1,1,1,1,1,1,1,1,1,1,1,1,1
param_20077,real_005,0.8073716680357022,0.6883070664358876,0.22473070706684056,0.29796868551662653,0.28712171497406397,275.72937802892983,1,1,1,1,1,1,1,1,1,1,1,1,1,1
param_20078,real_001,0.8185961303337096,0.45369546654662246,0.12180803001630576,0.13757010186470775,0.7865593525970884,190.01060741396282,0,0,0,0,0,0,0,1,0,0,0,0,1,1
param_20078,real_002,0.7921537929880148,0.40816284789770735,0.06774581095718334,0.09652503839674002,1.0135072099296245,47.73340934023856,0,0,0,0,0,1,1,1,0,0,0,1,1,1
param_20078,real_003,0.8044049795879937,0.41129943611352127,0.058170341953251964,0.09455218917848178,0.45390191736225466,160.81829553899576,0,1,1,0,0,0,0,1,0,1,0,0,1,1
param_20078,real_004,0.8046308094870934,0.38106294660529294,0.07949171054249823,0.10879217599303491,0.993097429387496,367.9431018669541,0,1,0,1,0,1,0,1,0,0,0,0,1,1
param_20078,real_005,0.7971607998417417,0.3991527154435935,0.047678744977084006,0.0733627207388498,0.2947731684520814,622.4073504060365,1,0,0,0,1,1,0,0,0,0,0,0,0,1
param_20079,real_001,0.8192340415416833,0.4790674969639139,0.13136448677086773,0.14832119646239827,0.9470443102722003,160.58702744777844,1,0,0,0,0,0,0,1,0,0,0,0,1,1
param_20079,real_002,0.7982691358719413,0.4386211731651843,0.08159877457950397,0.11381398420532524,1.0684164069677373,56.498334843992595,0,1,0,0,0,1,1,1,0,0,0,1,1,1
param_20079,real_003,0.8046963227861115,0.4397902580559838,0.07189883826238785,0.11346787990218594,0.6599889449087954,165.2479882105965,1,1,1,1,0,1,1,1,0,1,0,0,1,1
param_20079,real_004,0.8066624829091775,0.41290920021633903,0.0999341495669278,0.1270729732445676,1.0581162324649298,276.52978335218086,0,1,0,1,0,1,0,1,0,0,0,0,1,1
param_20079,real_005,0.7953509030064672,0.41782437073528916,0.05096537586852703,0.08022068542927795,0.41777564176927795,526.967940827644,1,0,0,0,1,1,0,0,0,0,0,0,0,1
param_20080,real_001,0.8136752730889129,0.49724815278388723,0.1394387468278095,0.15706669305194015,0.9409852857170997,173.51573662462303,1,0,0,0,0,0,0,1,0,0,0,0,1,1
param_20080,real_002,0.7918281691111144,0.4592727293165472,0.09305641920534498,0.1255906537278744,1.0601297228326363,127.1056871283127,0,1,1,0,0,1,1,1,0,0,0,1,1,1
param_20080,real_003,0.7983169785953844,0.44856113625385396,0.07696472018676015,0.12047771285588273,0.6780403896726815,154.5348376618949,1,1,1,1,0,1,1,1,0,1,0,0,1,1
param_20080,real_004,0.7984958103335543,0.4279434706890018,0.10778462316169239,0.1349000757350931,1.050080464595578,228.9828652107825,0,1,0,1,0,1,0,1,0,0,0,0,1,1
param_20080,real_005,0.7916887201678278,0.4343027592506732,0.0632800348625969,0.0937755948581057,0.4250661730079083,495.70201547226986,1,0,0,0,1,1,0,0,0,0,0,0,0,1
param_20081,real_001,0.8061693483758813,0.5302068462475059,0.132338896912873,0.1570411981215785,1.1578932376231983,44.03495323661503,1,1,0,1,1,1,1,1,0,0,0,1,1,1
param_20081,real_002,0.803921264960842,0.524107604392257,0.12245779033616429,0.15874490432148586,0.8398930912019917,79.79773021191146,1,1,1,0,1,1,1,1,0,1,1,1,1,1
param_20081,real_003,0.806053078363478,0.5217682679513375,0.11958195604334496,0.15119026531868068,0.7919638469007348,105.86111879645244,1,1,1,1,1,1,1,1,0,1,0,1,1,1
param_20081,real_004,0.8106991480593247,0.5262433239735484,0.13766882040979292,0.1661822730403015,1.0392259480986967,273.33266829349463,1,1,1,1,1,1,1,1,0,1,0,1,1,1
param_20081,real_005,0.7876648091054738,0.4980615375837691,0.07336681413088326,0.11454794112950864,0.5297875624903519,56.81488210428987,1,0,1,1,1,1,1,1,0,0,0,1,0,1
param_20082,real_001,0.7962636689938961,0.6074044501874503,0.18252873306274292,0.21641905329964428,1.1097811477696347,19.639070556554827,1,1,0,1,1,1,1,1,0,0,0,1,1,1
param_20082,real_002,0.8153298168866396,0.6247304222409081,0.18965346898179383,0.24316800043916945,0.6416420548974774,122.08037726734916,1,1,1,1,1,1,1,1,0,1,1,1,1,1
param_20082,real_003,0.8065493998744779,0.606889140232761,0.1579842696580935,0.20981446312770338,0.7506490478864881,86.83869969948076,1,1,1,1,1,1,1,1,0,1,1,1,1,1
param_20082,real_004,0.8060641877564276,0.6051639830863819,0.18022521130871155,0.2220455243442996,0.9610374875192884,222.32362013192636,1,1,1,1,1,1,1,1,0,1,0,1,1,1
param_20082,real_005,0.7934206947771644,0.5815862133190158,0.1465510710153319,0.2030306545340879,0.5472213881151827,132.49471842038042,1,1,1,1,1,1,1,1,1,1,1,0,1,1
param_20083,real_001,0.8158215087653805,0.6631125798910942,0.18670066752909262,0.25474805566971387,0.6291470598487225,266.727770649097,1,1,1,1,1,1,1,1,1,1,1,1,1,1
param_20083,real_002,0.8414705450366583,0.7120275845915353,0.23713913964588898,0.30848082766796414,0.31285833679128944,98.10361492256084,1,1,1,1,1,1,1,1,1,1,1,1,1,1
param_20083,real_003,0.831370629805463,0.6939069815052167,0.21019467271683692,0.287624666564427,0.3193025289488048,161.82987478366834,1,1,1,1,1,1,1,1,1,1,1,1,1,1
param_20083,real_004,0.8372680524417148,0.70500614105217,0.2183139734948357,0.292255217836573,0.3967009244054099,353.43399614895065,1,1,1,1,1,1,1,1,1,1,1,1,1,1
param_20083,real_005,0.8008240888164997,0.6658227852011559,0.17275009944548778,0.23990976997676433,0.2805737932994299,100.54970317207541,1,1,1,1,1,1,1,1,1,1,1,1,1,1
param_20084,real_001,0.7675344379939972,0.40059957782194217,0.0595451841301383,0.0924991388227829,0.3750167666277042,300.422135544034,0,0,0,0,0,1,1,0,0,1,0,1,1,1
param_20084,real_002,0.7820785951568946,0.3955736913004096,0.1295197575889569,0.15333873661569258,0.5033654274761523,490.91540118485824,0,0,0,0,0,0,0,0,0,0,0,0,1,1
param_20084,real_003,0.7992065078383817,0.4083668364378505,0.103234743181492,0.13800444471146556,0.08368314610560663,753.0528472111721,0,0,1,0,0,0,0,0,0,0,0,0,1,1
param_20084,real_004,0.79643893535752,0.4077021895235488,0.07648702750088889,0.10403017718752613,0.34902904594808104,576.2854543377463,0,0,0,0,1,0,1,0,0,0,0,0,1,1
param_20084,real_005,0.827655679382303,0.45518198624472944,0.16198995692941875,0.1959080356387046,0.2590437889229448,431.72755077622185,1,1,0,0,0,0,0,1,0,0,0,0,1,1
param_20085,real_001,0.7630900301746009,0.42065367228214184,0.07244854879298786,0.10480901804411412,0.5000086548614356,287.1104955584875,0,0,0,1,0,1,1,0,0,1,0,1,1,1
param_20085,real_003,0.796254707792499,0.4277307185489744,0.11037862458541683,0.14560675493785935,0.16999844551531168,697.5795774806556,0,0,1,0,0,0,1,0,0,0,0,1,1,1
param_20085,real_004,0.7842349273097821,0.42317723884484104,0.09019987630906641,0.1224081305908276,0.24683426600618777,579.2289388118387,0,0,0,0,1,0,1,0,1,0,0,0,1,1
param_20085,real_005,0.8223884054671395,0.46983636559957803,0.16232490791463824,0.19514397989595111,0.3635438408859602,392.0192409649457,1,1,0,0,1,0,0,1,0,0,0,0,1,1
param_20086,real_001,0.7575636085409628,0.4443339004561362,0.07763669677612746,0.11323485766757341,0.5123389274361692,281.9240270549876,0,0,0,1,0,1,1,0,0,1,0,1,1,1
param_20086,real_003,0.7936686822023005,0.45109741263422465,0.12179997468214093,0.15812876736605372,0.1886858856653201,672.3235324229346,0,0,1,0,0,0,1,0,0,0,0,1,1,1
param_20086,real_004,0.7749444633438027,0.44931904381233645,0.09171474181849587,0.12454515240448841,0.2477846790890269,526.5378316725648,0,0,0,0,1,0,1,0,1,0,0,0,1,1
param_20086,real_005,0.8206075195078515,0.48063672507514843,0.18197402998059262,0.21435906927400886,0.36099592056909746,370.66444374247385,1,1,0,0,1,0,0,1,0,0,0,0,1,1
param_20087,real_001,0.7570990132569819,0.4908264018568286,0.1014297379507098,0.14363929727206495,0.6235794222260779,228.15102658037102,1,1,1,1,1,1,1,1,0,1,1,1,1,1
param_20087,real_002,0.7689784404328744,0.5367179318337576,0.16386948771742404,0.19013707675435185,0.9665830291970803,191.81228640390538,0,0,1,1,0,1,1,1,0,0,1,1,1,1
param_20087,real_003,0.7856653816483917,0.49139702833080945,0.12381355839605244,0.16490426663879174,0.35306821053598914,556.118843340038,1,0,1,1,1,1,1,1,0,0,1,1,1,1
param_20087,real_004,0.7644853778073937,0.48763986429689576,0.12799477334009768,0.16330386092529792,0.12554488891096732,505.4340536963863,1,0,1,1,1,0,1,0,1,0,1,0,0,1
param_20087,real_005,0.8191164613714963,0.5225975821835627,0.17386496747406788,0.21138472987271206,0.620903510551948,249.56817631041338,1,1,1,1,1,1,1,1,0,1,0,1,1,1
param_20088,real_001,0.7618421885281085,0.5953354147181082,0.15804742103510952,0.2189352316162393,0.718609865470852,204.3147515090229,1,1,1,1,1,1,1,1,0,1,1,1,1,1
param_20088,real_002,0.7814158741860274,0.6355385740805459,0.2067918086142999,0.24854730442638714,1.0277452742560045,87.64571211804042,0,1,1,1,0,1,1,1,0,0,1,1,1,1
param_20088,real_003,0.7846584976249034,0.6022977125212785,0.1884869034626216,0.24015160927596846,0.4975351232438378,384.84804536759657,1,1,1,1,1,1,1,1,0,0,1,1,1,1
param_20088,real_004,0.7697073455602772,0.621532632241168,0.19489951881770332,0.25039637092002,0.12352517697876254,253.7221133241525,1,0,1,1,1,0,1,0,1,0,1,0,1,1
param_20088,real_005,0.8277734786990958,0.6229074304144203,0.24396480348906088,0.2881540338629065,0.5951437645384345,153.62378513653934,1,1,1,1,1,1,1,1,1,1,0,1,1,1
param_20089,real_001,0.7870932502095686,0.660002784905002,0.20481958477512244,0.27779176729926885,0.33313555730459526,79.23065569223346,1,1,1,1,1,1,1,1,1,1,1,1,1,1
param_20089,real_002,0.8170619613224566,0.7147216816947898,0.2473861569987366,0.31515574296900345,0.5269324033457755,188.1360572682615,1,1,1,1,1,1,1,1,0,1,1,1,1,1
param_20089,real_003,0.8042283017151963,0.6620567932904371,0.19911285307240034,0.2649554978619157,0.477105740263635,220.06508157673358,1,1,1,1,1,1,1,1,0,1,1,1,1,1
param_20089,real_004,0.7972301230269814,0.7030261281407709,0.2376837339804236,0.31212975618899275,0.03464393239335857,202.16493815690683,1,1,1,1,1,1,1,1,1,1,1,1,1,1
param_20089,real_005,0.8569877992885657,0.704093571324314,0.26324633523596097,0.330200901030784,0.29751572327044024,70.55853150745452,1,1,1,1,1,1,1,1,1,1,1,1,1,1
param_20090,real_001,0.820913480478938,0.355987524356548,0.05029262429903334,0.06923947481192706,0.6373038436569587,675.1818523827848,0,0,0,0,0,0,0,0,0,0,0,1,1,1
param_20090,real_002,0.8700785619005978,0.42557714602311264,0.09799025272969303,0.11699218426741335,0.6335478335478335,117.29483923835949,0,0,0,1,0,0,0,1,0,0,0,0,0,1
param_20090,real_003,0.8351443214013221,0.38731539278765337,0.05537617295400171,0.07913378169353154,0.7596923212943725,749.8592887779745,0,1,0,0,0,0,0,1,0,1,0,1,0,0
param_20090,real_004,0.8401322046972315,0.33723374844280213,0.06614078503432369,0.08445140752441997,0.05730059437679482,697.8566811233136,0,0,0,0,0,0,0,0,0,0,0,0,1,1
param_20090,real_005,0.8184001705842401,0.3681182454448184,0.07608259494500376,0.08840184494720629,0.6945870115650449,75.08561200747023,0,0,0,1,0,1,0,1,0,1,0,0,1,1
param_20091,real_001,0.8171972616101482,0.3771206896836232,0.05337666926218636,0.07534366499429436,0.729190222642518,640.245932598986,0,0,0,0,0,0,0,0,0,0,0,1,1,1
param_20091,real_002,0.8717532809472215,0.4518103722693542,0.09835855193130456,0.1173663461775341,0.7473915539804787,175.8147183600072,0,0,1,1,0,0,0,1,0,0,0,0,0,1
param_20091,real_003,0.8354236566769755,0.40806334850841125,0.06342787694655744,0.09015378220982934,0.9994068680588223,636.3093912210749,0,1,1,0,0,1,0,1,0,1,0,1,0,0
param_20091,real_004,0.8327244408581861,0.348249418473209,0.06556439651955952,0.0840831832261231,0.1616676910469166,684.5852540828706,0,0,0,0,0,1,0,0,0,0,0,0,1,1
param_20091,real_005,0.8161135630668386,0.38893743381556783,0.07984687809132962,0.09646571764364702,0.9156140095311427,42.22891386138536,0,0,0,1,0,1,0,1,0,1,0,0,1,1
param_20092,real_001,0.813323780426576,0.4063505741701496,0.06303056828993188,0.08719388424497083,0.7471972870536605,636.0079143082129,0,0,0,0,0,0,0,0,0,0,0,1,1,1
param_20092,real_002,0.8662658338842019,0.4741466719298688,0.10368731191109495,0.12511414327038192,0.6841853432601581,169.0587284301287,0,0,1,1,0,0,0,1,0,0,0,0,0,1
param_20092,real_003,0.8274839133658313,0.43421033080490334,0.06837968559124294,0.09709346121606664,0.9515230532179685,639.0793918183846,0,1,1,0,0,1,0,1,0,1,0,1,0,0
param_20092,real_004,0.8284517467207738,0.37250780910397147,0.07775433381874026,0.09931584303698479,0.15170995627782546,701.7618964134831,0,0,0,0,0,0,0,0,0,0,0,0,1,1
param_20092,real_005,0.8094063977852233,0.41263806604033676,0.09241478462935976,0.11035008015557494,0.8931761560430213,68.61355769678389,0,0,0,1,0,1,0,1,0,1,0,0,1,1
param_20093,real_001,0.7848621377442493,0.44023460184904,0.06610999791872851,0.10162271239968854,0.9586877986248689,463.2686465346347,1,0,1,1,1,1,1,1,0,1,0,1,1,1
param_20093,real_002,0.8584841926054061,0.5386037204904466,0.10765513279198366,0.13732944116202891,0.882830868542968,288.36185292285364,1,1,1,1,1,1,1,1,0,0,0,1,0,1
param_20093,real_003,0.8301323860822669,0.503584438895379,0.08896712100022669,0.11499384589862335,1.2366989073190657,365.0219276830811,1,1,1,1,1,1,1,1,0,1,0,1,0,1
param_20093,real_004,0.7971864975144308,0.40910593518139715,0.07072391542615634,0.09716522932673477,0.49452795639398717,639.7232112713895,1,0,1,0,1,1,1,1,0,1,0,1,1,1
param_20093,real_005,0.7996282901729107,0.4666242802902731,0.0926891420633038,0.12160564739113461,1.3459218425305934,94.6437979868125,1,1,1,1,1,1,1,1,0,1,0,1,1,1
param_20094,real_001,0.7912576995908749,0.5683860131648588,0.1354572021589598,0.18171992190886727,0.8362928044550828,326.46076320865114,1,1,1,1,1,1,1,1,0,1,0,1,1,1
param_20094,real_002,0.8488489031997903,0.6208557968123702,0.15596091490933842,0.20596902239772,0.6061920703240646,212.06057971090857,1,1,1,1,1,1,1,1,0,0,0,1,1,1
param_20094,real_003,0.8204900490137073,0.5951097587879604,0.13954509674164012,0.18797475017870865,0.8721791001868622,363.2752516352299,1,1,1,1,1,1,1,1,0,1,0,1,1,1
param_20094,real_004,0.7996304519754471,0.5286093703768813,0.1418692031765223,0.18628485919494886,0.5574483641016268,507.29984817578446,1,1,1,0,1,1,1,1,0,1,0,1,1,1
param_20094,real_005,0.7883994780835464,0.5600157288522075,0.15526281601859893,0.19157592981111823,1.105826976140237,104.64683350481779,1,1,1,1,1,1,1,1,0,1,0,1,1,1
param_20095,real_001,0.7575466226887226,0.6015882187841278,0.16706634606103887,0.2391406925458832,0.39047515782371933,86.63837510597389,1,1,1,1,1,1,1,1,1,1,1,1,1,1
param_20095,real_002,0.8479005913759246,0.7010501955049652,0.17948837838568685,0.24925396861742705,0.38993914320832207,389.5333124180706,1,1,1,1,1,1,1,1,1,1,1,1,1,1
param_20095,real_003,0.8283642491048648,0.6809799661598204,0.171722197274455,0.24184091710893682,0.451237245526692,272.52364021069275,1,1,1,1,1,1,1,1,1,1,1,1,1,1
param_20095,real_004,0.784396344288128,0.6161006678899791,0.17592447573204748,0.24953434808361297,0.34442920286541684,279.38098407929556,1,1,1,1,1,1,1,1,1,1,1,1,1,1
param_20095,real_005,0.7950802347713527,0.6479601793350743,0.18253263548808285,0.2543826387743036,0.43818450255951014,196.90275430774955,1,1,1,1,1,1,1,1,1,1,1,1,1,1
param_20096,real_001,0.7613355503726492,0.3512908572488358,0.03133156878035878,0.051328600030865576,0.6576184728895771,872.965662145953,0,0,0,0,0,0,0,0,0,0,0,0,1,1
param_20096,real_002,0.8258750987838299,0.5056884514762969,0.19185713031752016,0.2001262108837821,1.070563249678442,87.86857488963034,0,0,0,0,1,0,0,0,0,0,0,0,1,1
param_20096,real_003,0.7510543451056079,0.34520598145191433,0.014678051764282598,0.0357582751063737,0.35712057544451986,467.92944164405253,0,0,0,1,1,0,0,1,0,0,0,0,0,1
param_20096,real_004,0.8166085377348407,0.3869202215256981,0.07610620709181984,0.11245951762358146,0.6928959102556342,324.7388143650029,0,0,0,1,0,0,1,1,0,0,0,1,1,1
param_20096,real_005,0.8307774136165799,0.42350200840940766,0.14337443696394728,0.16864004698447851,0.6718817725856054,52.32926255233282,0,1,0,1,0,0,0,1,0,1,0,1,1,0
param_20097,real_001,0.7551325693129288,0.37001898915827824,0.034825320111984956,0.05910355276330033,0.8312828100614144,725.3513681059908,0,1,0,0,0,0,0,0,0,0,0,0,1,1
param_20097,real_002,0.8195296435383047,0.5317851476704161,0.18892658137433546,0.19620656300410583,1.270510541021082,64.87708687369475,0,0,0,0,1,0,0,0,0,0,0,1,1,1
param_20097,real_003,0.7512415910387089,0.36733263974799507,0.02280108717857757,0.04793362129916079,0.5988916876574307,449.3191863827717,0,0,0,1,1,0,0,1,0,0,0,0,1,1
param_20097,real_004,0.8169770288652952,0.4218212081970226,0.09885563663933755,0.13062144633633677,0.7635905049818436,316.8631517012933,0,0,0,1,0,0,1,1,0,0,0,1,1,1
param_20097,real_005,0.8367988147221781,0.4600364556273809,0.16767568143647948,0.19331321702269688,0.7492090777755427,86.29698703214002,0,1,0,1,1,1,0,1,0,1,0,1,1,0
param_20098,real_001,0.7450525640604689,0.3832407348759053,0.037534630299767946,0.0637835315972014,0.8568845311526793,705.6033011499466,0,1,0,0,0,1,0,0,0,0,0,0,1,1
param_20098,real_002,0.8165611263885285,0.5518668800801234,0.20593466209044503,0.21370133010458323,1.2034770445121648,70.89336776982708,0,0,0,0,1,0,0,0,0,0,0,1,1,1
param_20098,real_003,0.743891986774646,0.37935168537156905,0.026343921199725347,0.05501263895392836,0.6378780874389116,414.1303804627325,0,0,0,1,1,0,0,1,0,0,0,0,1,1
param_20098,real_004,0.8107315864098846,0.446689251100983,0.10603093905552108,0.14032604725276873,0.7860950214988807,303.68241385454075,0,0,0,1,0,0,1,1,0,0,0,1,1,1
param_20098,real_005,0.8279683033624634,0.4663344863674058,0.1686285761087927,0.1959703913380742,0.7671504665212884,80.8101106526582,0,1,0,1,1,1,0,1,0,1,0,1,1,0
param_20099,real_001,0.7345781752164621,0.4366540369609922,0.05069898324086166,0.08543776420720103,0.9374259717885216,356.84077878285456,1,1,1,0,1,1,0,0,0,1,0,1,1,1
param_20099,real_002,0.8074622853827021,0.5998253785523319,0.1857352493528841,0.20491719982283152,1.1234615882886385,121.28486616788022,1,1,0,1,1,1,0,1,1,1,0,1,1,1
param_20099,real_003,0.7460291024677831,0.44470842282641704,0.0503340518657721,0.08595127972723308,0.8931537230490064,287.4981231888348,1,1,1,1,1,0,0,1,0,1,0,1,1,1
param_20099,real_004,0.8128610716873683,0.5126157251713148,0.1341679136024248,0.16803336055851797,0.829066656523007,319.25804663870656,1,1,1,1,1,1,1,1,0,0,0,1,1,1
param_20099,real_005,0.8647207787020231,0.5732476062425887,0.23373332113637887,0.2684737737121404,0.6232512783327291,94.73792783708603,1,1,1,1,1,1,1,1,0,1,0,1,1,0
param_20100,real_001,0.726674814998476,0.5166209637074265,0.10238257928858036,0.14886342705920053,1.1883503660304273,296.8211585009089,1,1,1,1,1,1,1,1,0,1,0,1,1,1
param_20100,real_002,0.8135795755950886,0.6695423457824539,0.257058335753466,0.29185678898870654,0.9653651837572917,138.56586560003987,1,1,1,1,1,1,0,1,1,1,0,1,1,1
param_20100,real_003,0.7503265977824682,0.5462681063065725,0.10464870706214277,0.15903128077469791,0.8737265206595927,78.22580657063259,1,1,1,1,1,1,1,1,1,1,0,1,1,1
param_20100,real_004,0.8014652022256498,0.5905718227252187,0.17781691915057712,0.22453255184989035,0.826877070298123,282.9221681902065,1,1,1,1,1,1,1,1,0,0,0,1,1,1
param_20100,real_005,0.8415616320173889,0.6455777242644666,0.25530547625538785,0.29564784776083036,0.7723594453609167,92.60969284841042,1,1,1,1,1,1,1,1,1,1,0,1,1,1
param_20101,real_001,0.7462541381031089,0.6123037404161977,0.154798604746877,0.22695767890138835,0.5222325362479898,42.52119526580273,1,1,1,1,1,1,1,1,1,1,1,1,1,1
param_20101,real_002,0.8151996136854622,0.7089795584758545,0.2407678013293838,0.30847067420560625,0.45227926210706554,304.32044438913476,1,1,1,1,1,1,1,1,1,1,1,1,1,1
param_20101,real_003,0.7762225576816968,0.6596246012123071,0.1608472134093869,0.2343176732277543,0.3665142096713283,116.44846421907437,1,1,1,1,1,1,1,1,1,1,1,1,1,1
param_20101,real_004,0.8483107754961001,0.7052505681987818,0.2352568474962796,0.31113844520319167,0.32475301964487424,369.43717472954245,1,1,1,1,1,1,1,1,1,1,1,1,1,1
param_20101,real_005,0.9137325921656495,0.8033771314615862,0.3528984887031343,0.4206060143696402,0.26452210136542464,55.38970709644914,1,1,1,1,1,1,1,1,1,1,1,1,1,1
param_20102,real_001,0.7721658886443871,0.3890248728420436,0.08524646964016037,0.11743565467608275,0.5212027896023911,469.655641798486,0,1,0,1,1,0,0,1,0,0,0,1,0,1
param_20102,real_002,0.8400840974653481,0.49218681537071163,0.2519189760630764,0.2787811416189711,0.4347003154574132,268.0855701117271,0,0,0,0,0,0,0,0,0,0,0,0,1,1
param_20102,real_003,0.7695658195446728,0.37547387193924675,0.04561146609056471,0.06921669498235654,0.22726812986750278,650.8678241739844,1,0,0,0,1,0,0,0,1,0,0,0,1,1
param_20102,real_004,0.7859544288225725,0.4275827652013431,0.10143807574980558,0.13313517194992178,0.3020298906981932,138.04940281157067,0,1,0,0,1,0,0,0,0,1,0,0,1,1
param_20102,real_005,0.7929790220005749,0.3691810233599965,0.07462041048328419,0.10061491634174384,0.11635550280732186,713.6408957691492,0,0,0,1,0,0,0,0,0,0,0,0,1,1
param_20103,real_001,0.7656297502168945,0.4114467648612372,0.0974999527471974,0.13284576821852037,0.6007626310772164,411.5656564893628,0,1,0,1,1,0,1,1,0,0,0,1,0,1
param_20103,real_002,0.8320722790420492,0.514995140002439,0.2561550456115517,0.27915310755035505,0.568562017855595,207.02683292362596,0,0,0,0,0,1,0,0,0,1,0,0,1,1
param_20103,real_003,0.7550753288908078,0.3879773297045127,0.05387878968362401,0.07828592639426499,0.13298669383840805,612.2835324316668,1,0,0,0,1,0,0,0,1,0,0,0,1,1
param_20103,real_004,0.7761446254330083,0.43525448016980384,0.1125230609765988,0.14418380521227503,0.41611283039926944,109.3847424495143,0,1,0,0,1,0,0,0,0,1,0,0,1,1
param_20103,real_005,0.7808766278135003,0.37533353781587053,0.09132519377245027,0.11937139356191756,0.2106918885576231,688.9441848822053,0,0,0,1,0,0,0,0,0,0,0,0,1,1
param_20104,real_001,0.7628627716141392,0.4311729331365482,0.10975641124450529,0.14561336812402081,0.5850108877853148,380.46916046472575,0,1,0,1,1,0,1,1,0,0,0,1,0,1
param_20104,real_002,0.8332670957529197,0.5549993003732182,0.2757774038002929,0.29754019366539036,0.558612414561505,247.14791682238214,0,0,0,0,0,1,0,0,0,1,0,0,1,1
param_20104,real_003,0.7544709519245107,0.41011419340651634,0.06438307136033154,0.09097367336241163,0.11933279447424498,598.1207055428138,1,0,0,0,1,0,0,0,1,0,0,0,1,1
param_20104,real_004,0.7727619783322158,0.47771900900924263,0.12557562394508792,0.16002819017902767,0.43040931769260293,143.9006161442789,0,1,0,0,1,0,0,0,0,1,0,0,1,1
param_20104,real_005,0.7763885839762723,0.40986199862325884,0.10229658394609148,0.13481206005300245,0.2386437642461739,691.3041992099436,0,0,0,1,0,0,0,0,0,0,0,0,1,1
param_20105,real_001,0.764997346409657,0.4947299361030314,0.12484670968057163,0.16263073767822006,0.8120353519133093,129.79729348855406,1,1,1,1,1,0,1,1,1,1,1,1,0,1
param_20105,real_002,0.8198803557421508,0.597307640253952,0.2561320128379645,0.27212193154887593,1.02204739863594,101.65078581828325,1,1,0,1,1,1,0,1,0,1,0,1,1,1
param_20105,real_003,0.7241594171720852,0.45176761680019795,0.06673390670546953,0.09261925671728663,0.19042663891779396,405.00797845837417,1,0,1,0,1,0,0,1,1,0,0,1,1,1
param_20105,real_004,0.7528439966250473,0.49843816188544715,0.1381760870399814,0.17415768902077453,0.6541622378347549,120.85222195063588,0,1,0,1,1,1,1,1,1,1,0,1,1,1
param_20105,real_005,0.7671366961460929,0.4637199783251271,0.13672057843151836,0.17609012836470905,0.5122556214407327,472.5592920123256,1,1,1,1,1,0,0,0,0,0,0,1,1,1
param_20106,real_001,0.7781323719238077,0.6025230951457639,0.1857050686636774,0.23988135070517747,0.6663404298254465,140.03395677618659,1,1,1,1,1,1,1,1,1,1,1,1,1,1
param_20106,real_002,0.8322038120586325,0.7017843216939376,0.316898995177447,0.35134202190222347,0.9531370541287364,112.67689686998132,1,1,0,1,1,1,1,1,0,1,0,1,1,1
param_20106,real_003,0.7362357258723694,0.5494799307133471,0.12483492331588521,0.1757552553257422,0.39825208546685625,310.3976569530557,1,0,1,1,1,0,0,1,1,0,0,1,1,1
param_20106,real_004,0.7889151506947936,0.6455961664029136,0.22717346134559907,0.27313055683141085,0.6681204404368118,100.15280068582337,1,1,0,1,1,1,1,1,1,1,1,1,1,1
param_20106,real_005,0.7610114477534209,0.5998435130048175,0.20060015491985755,0.24413919257146258,0.8230873791387756,415.2859669834922,1,1,1,1,1,1,0,1,0,0,0,1,1,1
param_20107,real_001,0.8133273576433947,0.7003587315390339,0.22399207260265364,0.2977755919229417,0.4180418813446921,216.2205527304583,1,1,1,1,1,1,1,1,1,1,1,1,1,1
param_20107,real_002,0.8569452773375484,0.7641999428227593,0.3167474153465967,0.37502836586574306,0.4553215668170034,82.91123167075733,1,1,1,1,1,1,1,1,1,1,1,1,1,1
param_20107,real_003,0.7327335479590225,0.6127151320894735,0.1547097407206385,0.22873941782997867,0.33710141430050233,195.72919431149433,1,1,1,1,1,1,1,1,1,1,1,1,1,1
param_20107,real_004,0.7951087728060472,0.6928398375553968,0.23096126152145316,0.3019954320693942,0.4780402256391844,19.895192086064945,1,1,1,1,1,1,1,1,1,1,1,1,1,1
param_20107,real_005,0.8009835415575356,0.6926453732678354,0.24450595746663825,0.320257164621599,0.3159883256037102,224.82758658735867,1,1,1,1,1,1,1,1,1,1,1,1,1,1
param_20108,real_001,0.8211105716397559,0.3462090653397643,0.052484111121538016,0.08587027291570853,0.7603981842062816,631.9859621623771,0,1,0,1,0,0,0,1,0,0,0,0,0,1
param_20108,real_002,0.848277564636995,0.4581932968714971,0.060450042761368866,0.09310812230222493,0.7404878936828692,551.5606506541658,0,0,0,0,0,0,0,0,0,0,0,0,0,1
param_20108,real_003,0.8326394863212007,0.3442411058043094,0.03710534258285174,0.053174238149585384,0.4072222972668738,282.8650536548466,1,0,0,0,1,0,0,1,0,0,0,0,0,1
param_20108,real_004,0.8923253914616073,0.523880017854358,0.22281336136297497,0.23348908482010877,0.4720412785132264,152.71523759811498,0,0,0,0,0,0,0,0,0,0,0,0,1,1
param_20108,real_005,0.8087294226967344,0.3058590503749564,0.017627908388185117,0.042080358767113385,0.09539950441815886,625.4134636467164,0,1,0,0,0,1,0,0,0,0,0,0,1,1
param_20109,real_001,0.8185147594166263,0.3688607740812892,0.06299338127480698,0.09888722456508216,0.9398683621956675,585.4024932073133,0,1,0,1,0,0,0,1,0,0,0,0,0,1
param_20109,real_002,0.8434366147361189,0.47144098097741205,0.06588457356058872,0.09946316229324781,0.8562550719685644,447.3267517225893,0,0,0,0,0,0,0,0,0,1,0,0,0,1
param_20109,real_003,0.8239103448689532,0.35434012299142476,0.037130511332214955,0.05355408585839038,0.524492208943879,252.6518287997789,1,0,0,0,1,0,0,1,0,0,0,0,0,1
param_20109,real_004,0.8927771198650005,0.544682516642096,0.2268640691130682,0.23978033725406964,0.6022946624156853,147.241974767564,0,0,0,0,0,0,0,0,0,0,0,0,1,1
param_20109,real_005,0.8035678217555019,0.32305769155548103,0.026251304118538918,0.0599226176403868,0.18655512784671296,671.3302488242887,0,1,0,0,0,1,0,0,0,0,0,0,1,1
param_20110,real_001,0.8161283105327635,0.3963403777417763,0.07361489333853027,0.11119362286872865,0.9331550252031684,533.9972102135325,0,1,0,1,0,0,0,0,0,0,0,0,0,1
param_20110,real_002,0.8423855932151847,0.4990793499620345,0.08113248293408601,0.11430136105717495,0.8619389919878067,421.697052769419,0,0,0,0,0,0,0,0,0,1,0,0,0,1
param_20110,real_003,0.8199546415898586,0.37705854605542044,0.04340428556385903,0.06347653836602793,0.4651939326071465,249.77915305022808,1,0,0,0,1,0,0,1,0,0,0,0,0,1
param_20110,real_004,0.88872205909794,0.5684269563163735,0.23206275072172095,0.25317441288902737,0.5569270102055784,116.25119251741722,0,0,0,0,0,0,0,0,0,0,0,0,1,1
param_20110,real_005,0.7963792426513399,0.3394639392188424,0.02970660997440233,0.06530598967284063,0.1317033036580735,721.9464829475721,0,1,0,0,0,1,0,0,0,0,0,0,1,1
param_20111,real_001,0.7976270418525117,0.4689684965494205,0.09976829257217792,0.1357430522117423,1.1216497566125154,320.42710785248755,1,1,1,1,1,1,1,1,0,1,0,1,0,1
param_20111,real_002,0.8110915654322568,0.532671634704975,0.082423052136548,0.11899728857393077,1.0450514743842814,233.1557567101999,1,1,1,1,1,1,1,1,0,1,0,1,0,1
param_20111,real_003,0.7793215915551842,0.4198955505087944,0.046371554112832156,0.07326336723788385,0.7081010556280394,89.79879203181285,1,0,1,0,1,1,0,1,0,0,0,1,0,1
param_20111,real_004,0.8812829528311363,0.6114401120727371,0.2250906493951085,0.2528315236471429,0.6900599776967359,233.20989222716616,1,1,1,1,1,1,1,1,0,1,0,1,1,1
param_20111,real_005,0.78881688547334,0.43487156241968444,0.08068178295291446,0.12849260788380323,0.6667551504962468,656.2708809349656,1,1,1,0,1,1,1,0,0,1,0,1,1,1
param_20112,real_001,0.7996784944240537,0.5626636850451182,0.15558951418434308,0.20021342402607695,0.8466928561752645,176.4511221009612,1,1,1,1,1,1,1,1,0,1,0,1,1,1
param_20112,real_002,0.8172113018845502,0.6299507451681516,0.1522639289003622,0.19673695010460646,0.8136891244007065,201.8303666298732,1,1,1,1,1,1,1,1,0,1,0,1,1,1
param_20112,real_003,0.7842577172755463,0.52569971436574,0.10967362838056434,0.15609558946383,0.5433922996878252,85.82639511543613,1,0,1,1,1,1,1,1,0,0,0,1,1,1
param_20112,real_004,0.8809068410559873,0.7142866172641985,0.282223166015299,0.316739300954659,0.5934331054057541,123.91675501893899,1,1,1,1,1,1,1,1,0,1,0,1,1,1
param_20112,real_005,0.7724562438067811,0.5054486576830421,0.13876101849471462,0.1900881204430419,0.7014482731105289,613.8952950992687,1,1,1,1,1,1,1,1,0,1,0,1,1,1
param_20113,real_001,0.792956594535785,0.6553692149758232,0.18085529376493775,0.2518633321296033,0.39400996144728334,67.08128051593785,1,1,1,1,1,1,1,1,1,1,1,1,1,1
param_20113,real_002,0.7917981318535469,0.6818855919048862,0.17154060139263477,0.23978360857706188,0.4212242662617311,146.6471295001722,1,1,1,1,1,1,1,1,1,1,1,1,1,1
param_20113,real_003,0.7562407141067083,0.6036792625608316,0.1395313449291751,0.21170433230909672,0.34461411979802564,112.4535972435501,1,1,1,1,1,1,1,1,1,1,1,1,1,1
param_20113,real_004,0.8800358960306498,0.78640312969168,0.2971081237746984,0.3623694393025331,0.24000269783069886,219.90325979440206,1,1,1,1,1,1,1,1,1,1,1,1,1,1
param_20113,real_005,0.7949845082694498,0.653888525945646,0.21425387603074467,0.2898158402488653,0.3114952441816456,211.26391646173187,1,1,1,1,1,1,1,1,1,1,1,1,1,1
param_20114,real_001,0.8133067790337823,0.3773841654943352,0.052648138807287935,0.08432087543999656,0.8694508731327583,702.3451503140996,0,0,1,1,0,0,1,1,0,0,0,0,0,1
param_20114,real_002,0.826722364774551,0.4623095306111389,0.06804075656582016,0.10043582120305508,0.67228424672072,276.39123376078834,1,0,1,0,0,0,0,0,0,1,0,0,0,1
param_20114,real_003,0.7996545445020287,0.3838707539456493,0.03131644202871457,0.046668437747333584,0.23146850346401826,514.8815520953124,1,0,0,0,1,0,0,1,0,0,0,0,0,1
param_20114,real_004,0.8716108053507539,0.5050000484427344,0.1977900707816653,0.2195430580329253,0.4540657121879589,284.83573305769136,0,0,0,0,0,0,0,0,0,0,0,0,1,1
param_20114,real_005,0.8023896617596351,0.40943418706362406,0.04858550001020706,0.06797590120013265,0.42008078476630123,554.0930771597898,0,0,0,0,0,0,0,0,0,0,0,1,1,1
param_20115,real_001,0.8063643420389977,0.3935152780959218,0.05836977606490361,0.0929882500474706,0.9173904725463937,640.4495936617427,0,1,1,1,1,0,1,1,0,0,0,1,0,1
param_20115,real_002,0.8217568754869252,0.47507577253392697,0.07798534740278752,0.1074489147480046,0.8483498481700495,205.43733615969816,1,0,1,1,0,1,0,1,0,1,0,0,0,1
param_20115,real_003,0.7909049075245062,0.38880190414665194,0.035402428893947575,0.05161296165438787,0.2959411363342984,462.7067595608957,1,0,0,0,1,0,0,1,0,0,0,1,0,1
param_20115,real_004,0.8724343931565055,0.5264668766342763,0.20571304421939185,0.2271708721593777,0.5382561903560769,284.3112273737089,0,0,0,0,0,0,0,0,0,1,0,0,1,1
param_20115,real_005,0.7937676404563259,0.41409268779388525,0.057230313368069705,0.07790998670716437,0.45307594399660583,575.2438368109189,1,1,0,0,0,0,0,0,0,0,0,1,1,1
param_20116,real_001,0.8057772779024915,0.4226725265705234,0.07354516338857257,0.1083364894727898,0.9260310043020323,567.5314143280194,0,0,1,1,1,0,1,1,0,0,0,1,0,1
param_20116,real_002,0.8182157390534442,0.499519256063465,0.09126802909916121,0.12208325067347588,0.7749521773376843,194.72897218423552,1,0,1,1,0,0,0,1,0,1,0,0,0,1
param_20116,real_003,0.7846224285889345,0.4005085818760493,0.03835850388814685,0.0562718251229722,0.24556970971218572,458.9687244838547,1,0,0,0,1,0,0,1,0,0,0,1,0,1
param_20116,real_004,0.867137486288213,0.5478208880824051,0.21199685135676483,0.2362274876173973,0.5156552149763424,272.47324086441427,0,0,0,0,0,0,0,0,0,1,0,0,1,1
param_20116,real_005,0.7875991855077206,0.44272848742875603,0.0636310320532917,0.08804209767487256,0.43959240040174086,576.0927522399527,1,0,0,0,0,0,0,0,0,0,0,1,1,1
param_20117,real_001,0.777892911860216,0.47124202983785696,0.08315911330845394,0.1278201484112045,0.7148648992145599,338.4450776636439,0,1,1,1,1,1,1,1,0,1,1,1,0,1
param_20117,real_002,0.8010028250864064,0.5390005871480307,0.09173267269143663,0.12615244691156838,1.0260135582253724,125.90318852503229,1,0,1,1,1,1,1,1,0,1,0,0,0,1
param_20117,real_003,0.7645283375234482,0.43700809675475333,0.04892339366397108,0.07354526861354586,0.4676952872821175,309.59062577091635,1,0,1,0,1,1,0,1,1,0,0,1,0,1
param_20117,real_004,0.8687501184292006,0.5957319272623774,0.20323368787867266,0.228001018844511,0.7416194659576928,320.34179913858736,1,1,0,1,1,1,1,1,0,1,0,1,1,1
param_20117,real_005,0.7720387924919814,0.47695157926621884,0.09068278280651648,0.12754444026940676,0.6073622279442439,461.7698641467499,1,1,0,0,1,0,0,0,0,0,0,1,1,1
param_20118,real_001,0.7943191626460535,0.5936585112999346,0.15862486901930586,0.21166997067370028,0.6313646067108216,175.95845715670353,1,1,1,1,1,1,1,1,0,1,1,1,1,1
param_20118,real_002,0.8049683234768371,0.6436908334147234,0.1581777672483479,0.20359851188254702,0.745101133963043,126.96937572859093,1,1,1,1,1,1,1,1,0,1,0,0,1,1
param_20118,real_003,0.7576607812933731,0.5332404637072382,0.09633973345013967,0.13966347552228603,0.31325692494657,284.56062095395407,1,0,1,1,1,1,0,1,1,0,0,1,1,1
param_20118,real_004,0.8650216319758849,0.7067867689509584,0.26913975070167817,0.29977153995909506,0.6812626768338084,215.18185663286647,1,1,0,1,1,1,1,1,0,1,0,1,1,1
param_20118,real_005,0.7603564345238345,0.5910414562917989,0.1570262605442977,0.19914588585823798,0.7854664816396243,459.2492350676657,1,1,0,0,1,0,0,1,0,0,0,1,1,1
param_20119,real_001,0.7890742301284255,0.6560998365754229,0.18279058288453542,0.25393500577860795,0.35748242022408594,65.98809747705619,1,1,1,1,1,1,1,1,1,1,1,1,1,1
param_20119,real_002,0.8013879841876786,0.6800153383014353,0.16330853100921466,0.23071619032705246,0.4433898259990422,115.34628472459873,1,1,1,1,1,1,1,1,1,1,1,1,1,1
param_20119,real_004,0.8881967531506589,0.7803906934638138,0.2870011231456918,0.34863663498321834,0.29469932959693673,205.54807431239902,1,1,1,1,1,1,1,1,1,1,1,1,1,1
param_20119,real_005,0.7903606570387504,0.6601321945370513,0.18953219312136782,0.26223653296017024,0.46442480273629316,203.12615535951966,1,1,1,1,1,1,1,1,1,1,1,1,1,1
param_20120,real_001,0.7652506285556748,0.36375739138612395,0.04857279190770115,0.06663158514485165,1.5763655982968299,525.0380250775831,0,1,0,1,0,1,0,1,0,0,0,1,1,1
param_20120,real_002,0.8052560888565087,0.48971196087228686,0.08725681678989637,0.12038887380401317,0.7508838383838384,497.07192129479506,1,0,0,1,1,0,1,1,1,1,0,1,0,1
param_20120,real_003,0.7967090080089091,0.3866264624490925,0.042219038109350564,0.055288652517775795,1.0153566147195996,150.25021043878206,1,0,0,0,0,1,0,1,0,1,0,0,0,1
param_20120,real_004,0.7735770064753414,0.3629884097014854,0.03788741361414917,0.06051010947700416,0.7308687462482665,414.5598697051955,1,0,0,1,1,1,0,1,0,0,0,1,0,1
param_20120,real_005,0.8540110469923455,0.46793472009201165,0.17201610041583468,0.20484708344881086,0.5110479416152575,330.6260676703835,0,0,1,1,0,1,1,1,0,1,0,1,1,1
param_20121,real_001,0.7538955506723393,0.3799731171816545,0.05510387558754044,0.07551200573159696,1.7373908143138912,358.9844033913181,0,1,1,1,0,1,0,1,0,0,0,1,1,1
param_20121,real_002,0.8100594712508584,0.5132004684936764,0.11083169450925472,0.1446464497748001,0.9706249384256674,375.76898765977097,1,0,1,1,1,0,1,1,1,1,0,1,0,1
param_20121,real_003,0.7895801117478055,0.3904389176901252,0.043511075584057854,0.05826519245859018,1.1063593504452593,133.02623319953398,1,0,0,0,0,1,0,1,0,1,0,0,0,1
param_20121,real_004,0.7726766041271257,0.3831789333816121,0.05053540945730885,0.0748841007809565,0.9506513496264595,491.14930594857435,1,0,0,1,1,1,0,1,0,0,0,1,0,1
param_20121,real_005,0.8508275318983501,0.47747937316642075,0.16807785333398495,0.2037414438708256,0.6186980298149675,354.1188488341016,0,0,1,1,0,1,1,1,0,1,0,1,1,1
param_20122,real_001,0.7405709883548184,0.38628222346712326,0.05477939848861417,0.0763646217736791,1.7916529657265714,387.0870491723514,0,1,1,1,0,1,0,1,0,0,0,1,1,1
param_20122,real_002,0.8022972712323134,0.5323151742685677,0.1228763025488541,0.15685443964445042,0.9330509299834453,369.4228745139392,1,0,1,1,1,0,1,1,1,1,0,1,0,1
param_20122,real_003,0.7834177437654801,0.40498555254955915,0.04676388232403861,0.06346492670168762,1.0044942910357113,121.40778105131298,1,0,0,0,0,1,0,1,0,1,0,0,0,1
param_20122,real_004,0.7614858976971847,0.39522875455932516,0.053987106794702665,0.08147313558792657,0.9369379310344828,489.9063467442296,1,0,0,1,1,1,0,1,0,0,0,1,0,1
param_20122,real_005,0.8416079472240403,0.5020471002952795,0.18068207270980047,0.21541368593386184,0.6507183124204401,334.00421973531434,0,0,1,1,0,1,1,1,0,1,0,1,1,1
param_20123,real_001,0.7492893157649582,0.4735379949447075,0.0843331714774696,0.10733801722450075,1.882600154579415,303.54013192228444,0,1,1,1,0,1,1,1,0,1,0,1,1,1
param_20123,real_002,0.8232016894236247,0.6033036108164446,0.13370449080046698,0.16751326193723415,0.9819336675934436,232.92240083368688,1,1,1,1,1,1,1,1,1,1,0,1,0,1
param_20123,real_003,0.767719749063642,0.4354181353485711,0.05303021635528042,0.07770297078206836,1.1086478056175026,107.97132869439483,1,0,1,1,1,1,0,1,0,1,0,1,0,1
param_20123,real_004,0.772772861195478,0.45217593130401246,0.08893604180438411,0.12016007374245374,1.079517877366122,405.5359880155299,1,1,0,1,1,1,1,1,0,1,0,1,1,1
param_20123,real_005,0.8524603875710279,0.5609704474442229,0.21465111227778513,0.2556686501048627,0.6248325563950061,356.88028613841703,1,1,1,1,0,1,1,1,0,1,1,1,1,1
param_20124,real_001,0.7090773866669379,0.5170352992951779,0.10631849136845892,0.1424778363202771,1.6932228894482961,205.123706528566,1,1,1,1,0,1,1,1,0,1,0,1,1,1
param_20124,real_002,0.8175489600774779,0.6752305897174523,0.20389675516710015,0.24922829813452452,0.7129956145170474,121.38779619320006,1,1,1,1,1,1,1,1,1,1,0,1,1,1
param_20124,real_003,0.7507002268163909,0.5270913004569221,0.09044168517603728,0.13213878634611745,0.8408530886226527,94.08391065761165,1,0,1,1,1,1,1,1,0,1,0,1,1,1
param_20124,real_004,0.7659893108400854,0.5546141110528813,0.1427698554817656,0.18387816586662517,1.0314994606256742,337.8111259692182,1,1,1,1,1,1,1,1,0,1,0,1,1,1
param_20124,real_005,0.8221224080934258,0.6410335433458292,0.22902875367150766,0.27271399860085827,0.6933689461833915,198.6636956228634,1,1,1,1,0,1,1,1,0,1,1,1,1,1
param_20125,real_001,0.7859628299351563,0.6635071054555398,0.158126513635775,0.2280272797482395,0.6675477031802121,230.01827987286103,1,1,1,1,1,1,1,1,1,1,1,1,1,1
param_20125,real_002,0.8482398558288528,0.7418448230851236,0.19848632348168216,0.27055857571920733,0.34015965648945506,309.5285782155799,1,1,1,1,1,1,1,1,1,1,1,1,0,1
param_20125,real_003,0.7567581327661752,0.5746004588972589,0.12107091179055589,0.18820105221774625,0.5757877955769677,51.803702679128286,1,1,1,1,1,1,1,1,1,1,0,1,0,1
param_20125,real_004,0.8102096934997027,0.6458747727686982,0.19230431222267758,0.2660896426485392,0.4301593866318837,220.51024895699544,1,1,1,1,1,1,1,1,1,1,1,1,1,1
param_20125,real_005,0.8926872584720738,0.777305557581843,0.33022489444991804,0.40039758008725024,0.2711443452181713,196.33494439893067,1,1,1,1,1,1,1,1,1,1,1,1,1,1
param_20126,real_001,0.8369369992723328,0.3665544437031711,0.03441521084292613,0.05239255969547571,0.6630760023937762,432.1855179401256,0,0,0,1,0,0,0,0,0,0,0,1,0,1
param_20126,real_002,0.8754915110908241,0.4333339578876455,0.10936846301148365,0.13511508204434292,0.6332273275578463,337.90383029209477,0,0,0,0,0,1,0,1,0,0,0,0,1,1
param_20126,real_003,0.8366458442285376,0.3311600745377845,0.04523519780257546,0.06939728658504661,0.6583270747277506,744.7835970172755,0,1,0,0,0,0,0,0,0,0,0,0,0,1
param_20126,real_004,0.8096512782650908,0.3305308626848788,0.02889321939160224,0.043708647110615235,0.6745820371074953,470.30909244097313,0,0,0,0,0,1,0,1,0,1,0,0,0,1
param_20127,real_001,0.835112853104169,0.385314826153018,0.04224597040282225,0.06266321027249912,0.81449765579842,423.14835199681704,0,0,0,1,0,0,0,0,0,0,0,1,0,1
param_20127,real_002,0.8748362238204375,0.452431705285378,0.11378456264788514,0.14096231290659417,0.6924903110606091,323.9577923087803,0,0,0,0,0,1,0,1,0,0,0,0,1,1
param_20127,real_003,0.8328094805035157,0.353822806428607,0.04986590934638424,0.0786772659531946,0.7363095747411654,648.5226396630476,0,1,0,0,0,0,0,1,0,0,0,0,0,1
param_20127,real_004,0.8034600050127609,0.3373277089625807,0.03128161318809916,0.045974069440143234,0.8127160648090299,451.3502662525714,0,0,0,0,1,1,0,1,0,1,0,0,0,1
param_20127,real_005,0.872821337019853,0.4524493325725127,0.18375142233584352,0.22226974250168952,0.5287035863642124,601.1201908365333,0,1,0,0,0,0,0,1,0,0,0,0,0,1
param_20128,real_001,0.8250921131400699,0.3970424566585125,0.04504576182430689,0.0675509904587043,0.7835760768515649,405.3964338666904,0,0,0,1,0,0,0,0,0,0,0,1,0,1
param_20128,real_002,0.8739786843912773,0.4888567023038523,0.12840958071471983,0.16021139663878906,0.6370853916725476,339.4865762656511,0,0,0,0,0,1,0,1,0,0,0,0,1,1
param_20128,real_003,0.8296472841123053,0.37741273678058673,0.056287168323866286,0.0877596074557993,0.686853644411351,643.8055373377688,0,1,0,0,0,0,0,1,0,0,0,0,0,1
param_20128,real_004,0.794352953274744,0.3553726011554116,0.03507371294889734,0.05272443527425712,0.7577495974235104,466.4765740169804,0,0,0,0,1,1,0,1,0,1,0,0,0,1
param_20128,real_005,0.8681630846171439,0.4827218693870736,0.19719371703629598,0.2332826075797362,0.5113851601745861,553.883359688338,0,1,0,0,0,0,0,1,0,0,0,0,0,1
param_20129,real_001,0.8229878738837662,0.4768831997409957,0.06934903575989979,0.09854109487914248,1.396742405978785,383.6727530637055,1,1,1,1,1,1,1,1,0,1,0,1,0,1
param_20129,real_002,0.8623015864134674,0.5357882662837707,0.13483642814782318,0.1714035407396218,0.7247111463525148,249.52768009293746,1,1,1,1,1,1,1,1,0,1,0,1,0,1
param_20129,real_003,0.814564763724485,0.45190740865898626,0.0761962266539145,0.1090952923245567,0.8616594945506706,352.54898743250044,1,1,1,0,1,1,1,1,0,0,0,1,0,1
param_20129,real_004,0.7706221906474514,0.4071016870449099,0.042281013326344145,0.07204454196154474,0.9842468962286249,265.6540052555349,1,0,1,0,1,1,1,1,0,1,0,1,0,1
param_20129,real_005,0.8638691151201674,0.5451725604313216,0.21313860817146374,0.25082725713504356,0.5304764247167928,557.9226318611893,1,1,1,1,1,1,1,1,0,0,0,1,0,1
param_20130,real_001,0.8034058044264242,0.5403905155737099,0.11100082512004773,0.1521464988151998,1.0612698016714481,330.210459477653,1,1,1,1,1,1,1,1,0,1,0,1,1,1
param_20130,real_002,0.8724505381702586,0.6584509446494476,0.20956288106701584,0.26221483560499825,0.5450328061412147,266.4061665148449,1,1,1,1,1,1,1,1,0,1,0,1,1,1
param_20130,real_003,0.8184968517888395,0.5593424569184535,0.14176396543749462,0.19016656701939053,0.7609053549660052,276.31890636902733,1,1,1,1,1,1,1,1,0,0,0,1,1,1
param_20130,real_004,0.7600829347376036,0.507051699469632,0.08799355185157078,0.13573632598684227,0.9367149460708782,182.85908644661234,1,1,1,1,1,1,1,1,0,1,0,1,1,1
param_20130,real_005,0.8693507785465547,0.6730335831507387,0.2690341993646515,0.3221894667747187,0.44020573836524757,337.53903400936565,1,1,1,1,1,1,1,1,0,0,0,1,1,1
param_20131,real_001,0.8208451798140485,0.6594215628716745,0.1660851273850801,0.23798223111281164,0.4372854952169997,341.478486047179,1,1,1,1,1,1,1,1,1,1,1,1,1,1
param_20131,real_002,0.852415778432562,0.7016061386275247,0.22618242379958858,0.2934661533854169,0.2896879724758628,212.24671113120579,1,1,1,1,1,1,1,1,1,1,1,1,1,1
param_20131,real_003,0.8111528599908479,0.6496049047294276,0.1720793116553396,0.24379856052773782,0.4073394836463219,41.41861721153576,1,1,1,1,1,1,1,1,1,1,1,1,1,1
param_20131,real_004,0.7560527209590123,0.596391419690337,0.14660800419070458,0.21681089911725204,0.4507144393571582,33.51413237821105,1,1,1,1,1,1,1,1,1,1,1,1,1,1
param_20131,real_005,0.8645050367043988,0.739482301095399,0.29840069466529234,0.3704690445813716,0.18870026048684094,283.89248016968287,1,1,1,1,1,1,1,1,1,1,1,1,1,1
param_20132,real_002,0.8266034194091023,0.41463775891885524,0.08154484286146746,0.11301346934944524,0.6129082391598766,356.84214913229454,0,0,0,0,0,0,0,0,0,1,0,0,1,1
param_20132,real_003,0.7997453892433387,0.36166784375658556,0.03979361447968032,0.05621530684067726,0.05729364492333527,598.8136829793468,1,0,0,0,1,0,0,1,0,0,0,0,0,1
param_20132,real_004,0.8484737627999351,0.45946346231660457,0.1337453273585095,0.1563738403205386,0.5394464001543136,198.40623023914702,0,0,0,1,0,0,0,0,0,1,0,0,1,1
param_20132,real_005,0.8143569605530401,0.39166457925883696,0.08362087942612102,0.10270911861318903,0.275712143928036,549.9586135248612,0,0,0,0,0,0,0,0,0,0,0,0,1,1
param_20133,real_001,0.8147216627777755,0.3995469584778765,0.075724567980628,0.10835602127346344,1.1665378820074952,98.97914747890468,0,1,1,1,1,0,1,1,0,0,0,1,0,1
param_20133,real_002,0.8218830088320608,0.4335674669145121,0.08751991021322222,0.12091768353773336,0.7168493905800208,311.0006000681013,0,0,0,0,0,0,0,0,0,1,0,0,1,1
param_20133,real_003,0.790817751031818,0.37262961114722926,0.044438031462050186,0.06250326740901377,0.014530423638562481,571.4348720747165,1,0,0,0,1,0,0,1,0,0,0,0,0,1
param_20133,real_004,0.8504028354616889,0.49393716386585196,0.15149654701703938,0.172786003985637,0.7005510123759129,231.23948410102102,0,0,0,1,0,0,0,0,0,1,0,0,1,1
param_20133,real_005,0.8042605509782313,0.38686862857508636,0.09239625380026528,0.1136822234036887,0.2816889234625524,599.8700998193297,0,1,0,0,0,0,0,0,0,0,0,0,1,1
param_20134,real_001,0.8094273259106773,0.41670890742474553,0.08188062382902102,0.11538696228253598,1.14456519698932,62.23153565563976,0,1,1,1,1,0,1,1,0,0,0,1,0,1
param_20134,real_002,0.8187470500834165,0.4542681317738653,0.09945568020516778,0.13318495625321763,0.7170128466802738,321.96740732348405,0,0,0,0,0,0,0,0,0,1,0,0,1,1
param_20134,real_003,0.7837246964750786,0.38185662464446685,0.04658153066542838,0.06662137429924926,0.040359056433094426,587.4448895576985,1,0,0,0,1,0,0,1,0,0,0,0,0,1
param_20134,real_004,0.8404774681230321,0.508291897528372,0.1510482047039737,0.1719885539985024,0.7410141621109724,225.34822087572616,0,0,0,1,0,0,0,0,0,1,0,0,1,1
param_20134,real_005,0.8028068592637433,0.4292026240122702,0.11511763955372466,0.1390662823337431,0.24569233740317148,559.4572916759112,0,1,0,0,0,0,0,0,0,0,0,0,1,1
param_20135,real_001,0.8060722588659837,0.5072562730302,0.12584911786039746,0.16725247208710392,0.8344074607627568,42.96434133235806,0,1,1,1,1,1,1,1,0,1,1,1,0,1
param_20135,real_002,0.8014143003718722,0.5227149030556671,0.10671026090111203,0.14048215215716622,0.8659180316143338,132.36272154525517,1,0,1,1,1,1,1,1,0,1,0,0,1,1
param_20135,real_003,0.7662971952330974,0.4372582111782777,0.06288442105750586,0.09069732591645975,0.15429571218546104,438.23944027776264,1,0,1,1,1,1,0,1,1,0,0,1,1,1
param_20135,real_004,0.8430173734808641,0.5706614763766179,0.16868868954559807,0.19666780634946882,0.8980440133838421,270.596748143689,1,1,0,1,1,0,0,1,0,1,0,1,1,1
param_20136,real_001,0.8089194399234682,0.5922463165246153,0.17384193226466851,0.22908829019233704,0.6611981383419746,105.05547513410376,1,1,1,1,1,1,1,1,0,1,1,1,1,1
param_20136,real_002,0.8046971039647782,0.6142616597274008,0.1691818233741955,0.21187106486414753,0.7621930150117099,111.47342383437862,1,1,1,1,1,1,1,1,0,1,0,0,1,1
param_20136,real_003,0.7577828051528093,0.5272534893682327,0.10517956078387704,0.15007176979771225,0.18495186641496053,405.3227042834405,1,0,1,1,1,1,0,1,1,0,0,1,1,1
param_20136,real_004,0.8284630641111502,0.6621006739385069,0.20827294923633893,0.24818391261564315,0.8332136874850443,185.41247387413623,1,1,0,1,1,1,1,1,0,1,0,1,1,1
param_20136,real_005,0.7957233866940373,0.6289954667111725,0.23488880343376514,0.2749858106530479,0.5075543594116393,388.9263711864778,1,1,0,0,1,0,0,1,0,0,0,1,1,1
param_20137,real_001,0.8237409233676815,0.6914263508839109,0.221586779688978,0.29269859811017074,0.3532089698219906,119.20671880770661,1,1,1,1,1,1,1,1,1,1,1,1,1,1
param_20137,real_002,0.8037683530901282,0.6832532686903926,0.1689608081536055,0.23375450852132673,0.4445294220586043,63.68257990719112,1,1,1,1,1,1,1,1,1,1,1,1,1,1
param_20137,real_003,0.7708707478136806,0.6242942952971179,0.164035354398261,0.2369547092564936,0.33038801383019595,243.37263272102024,1,1,1,1,1,1,1,1,1,1,1,1,1,1
param_20137,real_004,0.8643539509975675,0.7566659453114001,0.24276195086820532,0.31022336995986366,0.3432171931800727,196.22092941931004,1,1,1,1,1,1,1,1,1,1,1,1,1,1
param_20137,real_005,0.8133306815406952,0.6943850389421361,0.2509380603408438,0.32522479641321456,0.3310974386410754,195.0314554223708,1,1,1,1,1,1,1,1,1,1,1,1,1,1
param_20138,real_001,0.8041323796961859,0.39573108418896347,0.05229512983139614,0.08395696372905614,1.025192834038318,200.84142018339793,0,0,0,1,1,0,0,1,0,0,0,1,1,1
param_20138,real_002,0.809677610972155,0.41720557210046055,0.08848379906480645,0.12372759742815974,0.3955077910375596,229.28112826230824,0,0,0,0,0,0,0,0,0,1,0,0,1,1
param_20138,real_003,0.79416895339367,0.3936476960008503,0.042636393852558775,0.06145689490259956,0.19831706740817476,598.3899114220287,1,0,0,0,1,0,0,1,0,0,0,0,0,1
param_20138,real_004,0.8366584843682658,0.46668826031635097,0.14308373527504584,0.16641113205441585,0.4273555773141523,216.30015690434217,0,0,0,0,0,0,0,0,0,0,0,0,1,1
param_20138,real_005,0.8062157907770989,0.42355457172144567,0.0976460710026138,0.1203143760810712,0.16074644786872122,457.2209164405976,0,0,0,0,0,0,0,0,0,0,0,0,1,0
param_20139,real_001,0.8017946032210326,0.419535722356555,0.07330372669601574,0.10648422599410359,1.0204303019345506,162.8406868164097,0,0,1,1,1,0,1,1,0,0,0,1,1,1
param_20139,real_002,0.802236825912012,0.43646565603679865,0.09870092259406943,0.13435377104035698,0.584265811810722,177.52807957488653,1,0,0,0,0,0,0,0,0,1,0,0,1,1
param_20139,real_003,0.7815030661028517,0.401699973540464,0.04872188630629788,0.06845079625084835,0.15523607897198563,571.739677357283,1,0,0,0,1,0,0,0,0,0,0,1,0,1
param_20139,real_004,0.8297345151263298,0.49046378162354487,0.15870556638991531,0.1811481976535477,0.6444323687904723,223.39696169324412,0,0,0,1,0,0,0,0,0,1,0,0,1,1
param_20139,real_005,0.7927885959831051,0.4114710283638058,0.11628271955339134,0.13610594178934132,0.21327929380808897,477.7944481551129,0,0,0,0,0,0,0,0,0,0,0,0,1,1
param_20140,real_001,0.7955812574359581,0.43319989118447516,0.07929946127430594,0.1145267844520518,1.0090632289311088,164.9762260139808,0,0,1,1,1,0,1,1,0,0,0,1,1,1
param_20140,real_002,0.7988694579086846,0.4583484922860102,0.10957768610377666,0.14396003063606982,0.6095396232382534,209.7308523488172,1,0,0,0,0,0,0,0,0,1,0,0,1,1
param_20140,real_003,0.774087594760623,0.41407813103823843,0.05060658669872362,0.07234458436490662,0.18111012207527977,610.268388184551,1,0,0,0,1,0,0,1,0,0,0,1,1,1
param_20140,real_004,0.8213727518800951,0.5047823189126804,0.1625831218503016,0.18328484454541588,0.6787344421437,209.36990820388377,0,0,0,1,0,0,0,0,0,1,0,0,1,1
param_20140,real_005,0.7923415385182838,0.4533858690500107,0.14135628885922036,0.16408641839030505,0.1519452434441202,441.6459667492263,0,0,0,0,0,0,0,0,0,0,0,0,1,1
param_20141,real_001,0.7959159907569899,0.5070906050002537,0.12395271609737808,0.16841884954057362,0.7216661398517894,120.67689845706792,0,1,1,1,1,1,1,1,1,1,1,1,1,1
param_20141,real_002,0.7851633276954136,0.5222719928252819,0.11884809976596047,0.14993051042643493,0.8813630383553326,69.06304345746815,1,0,0,0,1,1,1,1,0,1,0,0,1,1
param_20141,real_003,0.7531809280083117,0.447782671477852,0.06809192696278371,0.09441913988402494,0.07991656122832815,490.47050705019046,1,0,1,0,1,1,0,1,1,0,0,1,1,1
param_20141,real_004,0.8236409468893653,0.5629597253676354,0.18023496191695235,0.20704239289226176,0.9803785159770424,246.3640897603969,1,1,0,1,1,0,0,1,0,1,0,1,1,1
param_20142,real_001,0.7993484977345707,0.5996496810849576,0.17404898486788212,0.23171319527924822,0.5451426805398166,158.31489832652898,1,1,1,1,1,1,1,1,1,1,1,1,1,1
param_20142,real_002,0.784009177694609,0.6060152669931405,0.17181721455397286,0.2133413681561815,0.794568254008751,77.8688930814972,1,1,0,1,1,1,1,1,0,1,0,0,1,1
param_20142,real_003,0.7461805318984948,0.5453099666283762,0.10763822111088067,0.1540488796410529,0.14718660796361702,503.1903492182994,1,0,1,0,1,1,0,1,1,0,0,1,1,1
param_20142,real_004,0.8097168432650216,0.6493893209837007,0.21968221002581778,0.2550956431901649,0.9618521078092606,181.90500499869077,1,1,0,1,1,1,1,1,0,1,0,1,1,1
param_20142,real_005,0.789397579731334,0.646896232509751,0.2475323307628095,0.29564521347495115,0.5147404290471642,309.23619502529334,1,1,0,0,1,0,0,1,0,0,0,1,1,1
param_20143,real_001,0.8239845890781584,0.6959604670624117,0.23056301348612096,0.3012968482427254,0.3438282320694381,126.86277628449305,1,1,1,1,1,1,1,1,1,1,1,1,1,1
param_20143,real_002,0.7994397781633231,0.6765740800439183,0.17313246728861426,0.2360851425731796,0.5019607304493541,92.25463301526538,1,1,1,1,1,1,1,1,1,1,1,1,1,1
param_20143,real_003,0.7702454044388044,0.6271711297328649,0.16632344552052203,0.23978836886527344,0.34245628408305384,326.1264214243671,1,1,1,1,1,1,1,1,1,1,1,1,1,1
param_20143,real_004,0.8599689095997234,0.7493577296873081,0.2541539484242784,0.31552112852479963,0.4012979011237761,175.31351651393095,1,1,1,1,1,1,1,1,1,1,1,1,1,1
param_20143,real_005,0.8122798618631311,0.7041885651552817,0.2574300542902968,0.32935266921035,0.3932427848602199,213.72397637889608,1,1,1,1,1,1,1,1,1,1,1,1,1,1
param_20144,real_001,0.7710829290034243,0.31472764365703015,0.004418782796446331,0.02074575215890544,0.7816165542471705,188.75077308905063,0,1,0,0,0,1,0,1,0,1,0,1,1,1
param_20144,real_002,0.8146490887288048,0.32854139124443565,0.03529114217353777,0.0601635280289692,0.4766204450177362,944.6071990593424,0,0,0,0,0,1,0,0,0,1,0,0,1,1
param_20144,real_003,0.801314748636461,0.4008578883151474,0.05855533031020567,0.07775321914222719,0.40715424428381125,509.64709101189527,1,1,0,1,0,1,0,0,0,1,0,0,0,1
param_20144,real_004,0.8202080271495207,0.3647690942338258,0.024691839810951677,0.04370154366107529,0.5132860433820678,417.420566690986,0,0,0,0,0,1,0,1,0,1,0,1,0,0
param_20144,real_005,0.8185170155696884,0.3242366516877873,0.01547709202543568,0.04265372122524964,0.398754241828898,30.05528901807748,0,1,0,1,0,1,1,1,0,1,0,1,0,0
param_20145,real_001,0.7624259797773888,0.325949189128525,0.010141682385007018,0.030084020312178508,0.9636927917012096,131.79338181085467,0,1,0,0,0,1,0,1,0,1,0,1,1,1
param_20145,real_002,0.8084132318232671,0.3422103920382723,0.04335300506929157,0.07284407339490247,0.6392687308464546,917.0393819779275,0,0,0,0,0,1,0,0,0,1,0,0,1,1
param_20145,real_003,0.802846461953787,0.4302913591449936,0.07324675367164644,0.09293293614408421,0.6616881142972946,407.8244278646624,1,1,0,1,1,1,0,0,0,1,0,0,0,1
param_20145,real_004,0.8173855476730049,0.386538973150937,0.03460601248225182,0.05692446309424244,0.9488608668008901,200.41846745029716,0,1,0,1,0,1,0,1,0,1,0,1,0,0
param_20145,real_005,0.8189094735301319,0.34836512254631197,0.02626661807834488,0.06510601518785628,0.6156711758584807,101.62928549866857,0,1,1,1,0,1,1,1,0,1,0,1,0,0
param_20146,real_001,0.7529802437898258,0.33895749859383456,0.011488385625213789,0.03330119110838981,0.9111290857806538,135.17460252922024,0,1,0,0,0,1,0,1,0,1,0,1,1,1
param_20146,real_002,0.8025064849042448,0.35804766508367075,0.05106504592737453,0.08347760813575882,0.6395049956469466,907.0773177998416,0,1,0,0,0,1,0,0,0,1,0,0,1,1
param_20146,real_003,0.7963949871228406,0.45092765195071044,0.07577335437617667,0.09884806881698652,0.5712049159474745,406.26793555148714,1,1,0,1,1,1,0,0,0,1,0,0,0,1
param_20146,real_004,0.8093866502552264,0.4005641676403464,0.03638367756508759,0.06030053973453508,0.7475043686102798,57.04533377097053,0,0,0,1,0,1,0,1,0,1,0,1,0,0
param_20146,real_005,0.806930010276785,0.3572727544501765,0.025100543766281447,0.06624916136527509,0.5356439622262407,94.04528987604614,0,1,1,1,0,1,1,1,0,1,0,1,0,0
param_20147,real_001,0.7408588141547828,0.40072905219926097,0.047552887229973265,0.07792020611003697,1.1925714285714286,161.05593557487933,1,1,1,0,1,1,1,1,0,1,0,1,1,1
param_20147,real_002,0.7850149819992447,0.43702505741710795,0.08279511793324942,0.12314498997361659,0.8549888817158023,663.33186171127,1,1,1,1,1,1,1,1,0,1,0,1,1,1
param_20147,real_003,0.7960663340238676,0.5318346982957199,0.10390943665997401,0.1393084545586683,0.9994402262060255,327.64336752880786,1,1,1,1,1,1,1,1,0,1,0,1,0,1
param_20147,real_004,0.8147689922896864,0.4814693519962682,0.07950224540978539,0.10576772811968149,1.4452747449436192,91.42016469372409,1,1,1,1,1,1,1,1,0,1,0,1,0,0
param_20147,real_005,0.8240322682405011,0.4604556239156393,0.10185942050928802,0.13227919505510616,1.1174706687239804,43.44007611658935,1,1,1,1,1,1,1,1,0,1,0,1,0,0
param_20148,real_001,0.7253681397072589,0.4761491225939952,0.08321217402113973,0.12725534874035332,1.2325818992397204,133.40465545411638,1,1,1,1,1,1,1,1,0,1,0,1,1,1
param_20148,real_002,0.7831662328553688,0.5302152675723589,0.1391681566627053,0.18559154658113658,0.882237462713204,518.008623376248,1,1,1,1,1,1,1,1,0,1,0,1,1,1
param_20148,real_003,0.780449667169829,0.6089565187346152,0.1557582874125957,0.19491019327496886,0.9732806248809297,167.6201831720232,1,1,1,1,1,1,1,1,0,1,0,1,1,1
param_20148,real_004,0.7855632112957691,0.5629372748451639,0.10908261108560355,0.14915254833698127,1.1810491746177865,155.67474393036355,1,1,1,1,1,1,1,1,0,1,0,1,1,1
param_20148,real_005,0.8018519472701238,0.5357704358477889,0.13401038050883313,0.18817969808484986,0.886989147728622,76.53364613490031,1,1,1,1,1,1,1,1,0,1,0,1,1,0
param_20149,real_001,0.7438736672785918,0.5820750401677697,0.16538779762423786,0.2379620587146492,0.46331565136247205,147.78971464171738,1,1,1,1,1,1,1,1,1,1,1,1,1,1
param_20149,real_002,0.7694979100228097,0.6370715679893562,0.18896319623077737,0.258821164502122,0.3786683920113287,240.128169183946,1,1,1,1,1,1,1,1,1,1,1,1,1,1
param_20149,real_003,0.7843366270201748,0.6983403481358752,0.19688817377085527,0.2664865821297507,0.39997299138793574,245.86750239315194,1,1,1,1,1,1,1,1,1,1,1,1,1,1
param_20149,real_004,0.8347024390853203,0.6877979263403485,0.18895786547532997,0.2617814583231208,0.4266077504957282,177.65665405919404,1,1,1,1,1,1,1,1,1,1,1,1,1,1
param_20149,real_005,0.8457300152673703,0.6810102327677483,0.22059691320412494,0.2938561480357232,0.3503523753259696,95.23045055758601,1,1,1,1,1,1,1,1,1,1,1,1,1,1
param_20150,real_001,0.7882702308862487,0.38885328678600767,0.03339923880460618,0.06280698634608747,0.27802663918179654,382.4232064485812,0,1,0,0,0,1,1,1,0,0,0,1,1,1
param_20150,real_002,0.8589043721226449,0.4647329992991581,0.13426067448667411,0.1567523175510327,0.41941432146463536,143.0802291307225,0,0,0,0,1,0,1,0,0,1,0,0,0,1
param_20150,real_003,0.8626138145215423,0.4484998200325015,0.15085023139469894,0.18167186523259812,0.18662027878209064,238.08801519911842,0,0,0,0,0,0,0,0,0,0,0,0,0,1
param_20150,real_004,0.8198975565455839,0.40049093329819746,0.06644667505933859,0.09302096147681402,0.6730879516187894,401.9058307714781,0,0,0,0,0,0,0,1,0,0,0,1,1,1
param_20150,real_005,0.8074561199830818,0.34091959145852646,0.02534393786616001,0.056061216942552575,0.21001183535703327,702.7159123645635,1,0,0,0,1,0,0,1,0,0,0,1,0,1
param_20151,real_001,0.7785844414251983,0.39922473942622294,0.036598573039414266,0.07382097106044255,0.39553230941468703,291.24012524474443,0,1,0,0,0,1,1,1,0,0,1,1,1,1
param_20151,real_002,0.8587649786108749,0.4886491711465936,0.14114893348820043,0.17016888040764844,0.5922815829229532,149.4324207896846,0,0,1,1,1,0,1,0,0,1,0,0,0,1
param_20151,real_003,0.8594312114467809,0.4697436928434928,0.15675447064349884,0.18926814999487684,0.29664227206917754,211.0117514147824,0,1,0,0,0,1,0,1,0,0,0,0,1,1
param_20151,real_004,0.8142815222522694,0.4120229050852139,0.08008834989104974,0.10946391681350301,0.765147297869024,412.5058382597837,0,0,0,0,0,0,1,1,0,0,0,1,1,1
param_20151,real_005,0.8025798641914443,0.35521674337972653,0.03063965169796542,0.06532528241109829,0.33871133490905353,662.1256247303626,1,0,0,0,1,0,0,1,0,0,0,1,0,1
param_20152,real_001,0.7704310688506101,0.41801609530695955,0.04221975964929594,0.08015031813055247,0.42253957329662767,275.42951394815736,0,1,0,0,0,1,1,1,0,0,0,1,1,1
param_20152,real_002,0.8566559165259001,0.5109616403199823,0.14950171321440456,0.1829882571468352,0.5820847030043574,115.42815340020631,0,0,1,1,1,0,1,1,0,1,0,0,0,1
param_20152,real_003,0.8501261692499026,0.4811528681650129,0.15496169317038108,0.18962981394475967,0.3424264318212884,234.09925792473157,0,1,0,0,0,1,0,1,0,0,0,0,1,1
param_20152,real_004,0.8050056254215932,0.41873250810380286,0.0851268338340866,0.11664512258186617,0.7865871048417173,427.86416703038583,0,0,0,0,0,0,1,1,0,0,0,1,1,1
param_20152,real_005,0.7976848253691712,0.38074883437403434,0.0361980409241496,0.07413942493078726,0.31341783130630185,686.248685913265,1,0,0,0,1,0,0,1,0,0,0,1,0,1
param_20153,real_001,0.7614102944566383,0.47933284016130306,0.08808555816914498,0.1360805134759557,0.6813097392423819,172.73036782830306,1,1,1,1,1,1,1,1,1,1,1,1,1,1
param_20153,real_002,0.8524094548451793,0.5778210040534537,0.17620099265393052,0.21966616380699486,0.6737656433635976,116.207885138916,1,1,1,1,1,1,1,1,0,1,1,1,0,1
param_20153,real_003,0.8460892884693807,0.5461159424869432,0.17382210582375862,0.21538647852136591,0.4889987412147278,183.66938481986762,1,1,1,1,1,1,1,1,0,1,1,1,1,1
param_20153,real_004,0.8055772897400191,0.5032060912933592,0.13954761487583986,0.17363656759729285,0.9179083417993001,259.25061223464735,0,1,0,1,0,1,1,1,0,0,1,1,1,1
param_20153,real_005,0.7918339010119165,0.41389580428718886,0.0681965167270195,0.11459670705929959,0.6324807096421411,647.0092637643484,1,1,1,1,1,1,1,1,0,1,0,1,0,1
param_20154,real_001,0.7599081789614341,0.5646086918295026,0.1382707912058623,0.1945097155585183,0.7438569489424012,160.31409298562664,1,1,1,1,1,1,1,1,1,1,1,1,1,1
param_20154,real_002,0.8565655567927432,0.6744097913063576,0.23024713491296198,0.2799650173971448,0.523187733845142,52.76633516044633,1,1,1,1,1,1,1,1,0,1,1,1,1,1
param_20154,real_003,0.847208672190754,0.6452904905925942,0.23007559901375443,0.2865885672084298,0.5886660814120038,109.72525972589877,1,1,1,1,1,1,1,1,0,1,1,1,1,1
param_20154,real_004,0.7890270871314797,0.5621669136497909,0.178650207400369,0.2212460574102743,0.9327951179200306,245.71772929087547,0,1,1,1,0,1,1,1,0,1,1,1,1,1
param_20154,real_005,0.7797645149972133,0.5447759568638542,0.1275733473689653,0.18363134411297588,0.5920717415673087,652.7444543617627,1,1,1,1,1,1,1,1,1,1,0,1,1,1
param_20155,real_002,0.8625493998489379,0.757144177268429,0.2649924142124594,0.3322043177218185,0.2947460905324686,103.86812327389495,1,1,1,1,1,1,1,1,1,1,1,1,1,1
param_20155,real_003,0.8485015387396275,0.7157784146043064,0.26788273873246227,0.33907719222703236,0.31553643262717795,20.287660418453743,1,1,1,1,1,1,1,1,1,1,1,1,1,1
param_20155,real_004,0.8374470775954912,0.7055432743669209,0.25736042547360927,0.33129620946036553,0.3879719618404994,240.12659111237892,1,1,1,1,1,1,1,1,1,1,1,1,1,1
param_20155,real_005,0.8080437061712157,0.6265395937816965,0.2145409824483434,0.2879594692704814,0.3943512666774699,387.06422410861245,1,1,1,1,1,1,1,1,1,1,1,1,0,1
param_20156,real_001,0.7521737783323883,0.35132058226216434,0.01924117193959196,0.040979160207263485,0.341974673118501,212.87131652703638,1,1,0,0,1,1,0,1,0,0,0,0,1,1
param_20156,real_002,0.771644009894869,0.42741401833405573,0.048398319967347024,0.08027874619493353,0.21803866717801793,284.83996920090243,0,0,0,0,0,0,0,0,0,1,0,1,1,1
param_20156,real_003,0.791533039125192,0.3400751117701079,0.05200317469085384,0.08630267544319593,0.19394573885151692,419.20871380474864,0,0,0,0,0,1,0,0,0,0,0,0,1,1
param_20156,real_005,0.8000761105449186,0.48113570910732023,0.12548693719258192,0.1491122634373845,0.09827332214190278,494.07725835915676,1,0,0,0,1,0,0,0,0,0,0,1,1,1
param_20157,real_001,0.7444515498922353,0.3738563894516483,0.026669716485691594,0.04997938234498152,0.5937505713711079,211.20487761122033,1,1,0,0,1,1,0,1,0,1,0,1,1,1
param_20157,real_002,0.7683651204458241,0.43690834442007487,0.0756486269017181,0.11394827065686608,0.3324359396486607,250.07382866676082,0,0,0,0,0,0,0,0,0,1,0,1,1,1
param_20157,real_003,0.7845212399696168,0.36660586841394954,0.07451088891280314,0.11198354122588386,0.48257927300850734,398.8073722234651,0,0,1,1,0,1,0,1,0,0,0,0,1,1
param_20157,real_004,0.7734573892759158,0.3717319155081615,0.07202405261510378,0.08374592284375237,1.9297908150997836,262.03203128655935,0,1,0,0,0,0,0,1,0,0,0,1,1,1
param_20157,real_005,0.7976030524452122,0.49686624668346563,0.1438329391797717,0.16830738041191629,0.027493270042530146,462.13366996318894,1,0,0,0,1,0,0,0,1,0,0,1,1,1
param_20158,real_001,0.7326411488954275,0.40106862601827453,0.029377779655787997,0.05537460872165947,0.6027372720432804,174.23459208116824,1,1,0,0,1,1,0,1,0,1,0,1,1,1
param_20158,real_002,0.7577318888234993,0.4465388957312044,0.07676884933950702,0.12076716828506415,0.42289126743365196,148.8135230234282,0,0,0,0,0,0,0,1,0,1,0,1,1,1
param_20158,real_003,0.7699687821637535,0.37902380841734606,0.07180869448786156,0.11288963421349175,0.46040547235242557,351.8447799677607,0,0,1,1,0,1,0,1,0,0,0,0,1,1
param_20158,real_004,0.7709560771917582,0.38998383945756776,0.07853134934190949,0.09318477609062416,1.919581981123649,146.04072520528663,0,1,0,0,0,0,0,1,0,0,0,1,1,1
param_20158,real_005,0.7941234789918497,0.5150721773573184,0.15871375437341165,0.18674011010217476,0.0003888690133615393,449.88135603305295,1,0,0,0,1,0,0,0,1,0,0,1,1,1
param_20159,real_001,0.7402878561485277,0.4648031189728382,0.06366188686990218,0.09867549764042613,0.9750752481588216,258.4223247570015,1,1,1,1,1,1,1,1,0,1,0,1,1,1
param_20159,real_002,0.7820008827737541,0.5389293100940324,0.16410300274820638,0.20520380450957698,0.6195457707981314,93.96116729330502,0,0,0,0,0,0,1,1,1,1,1,1,1,1
param_20159,real_003,0.7880863803305411,0.47515941788824045,0.1427853006369338,0.18183526299740588,0.8876345150854955,188.4833775045514,1,1,1,1,1,1,1,1,0,0,0,1,1,1
param_20159,real_004,0.7650248313786028,0.46062301365072544,0.08697260610219569,0.11685455300958247,1.6338118591172537,128.6216839118804,0,1,1,1,0,1,1,1,0,0,0,1,1,1
param_20159,real_005,0.7758849845797553,0.5573891341046986,0.15353109595849174,0.1909055732996753,0.21785959543630953,392.69587140576704,1,0,0,0,1,0,0,0,1,0,0,1,1,1
param_20160,real_001,0.7359623522340308,0.5802503769000895,0.11297517192512682,0.16958599798353877,1.014758040606573,174.68883184891342,1,1,1,1,1,1,1,1,1,1,0,1,1,1
param_20160,real_002,0.7731625755424618,0.61198033546482,0.1997849063364737,0.2551106508546459,0.7819095251979277,98.458553247109,0,1,1,1,1,1,1,1,1,1,1,1,1,1
param_20160,real_003,0.7468822757631959,0.5420542173306006,0.15340857945996003,0.1994666078822436,0.9592956860185984,221.57588463252455,1,1,1,1,1,1,1,1,0,1,0,1,1,1
param_20160,real_004,0.7588870894175576,0.5396118626778,0.1356583870479106,0.17128990580989759,1.475159610735759,55.92568114561342,0,1,1,1,0,1,1,1,0,1,0,1,1,1
param_20160,real_005,0.8137760114324721,0.675269477859876,0.24360933396567358,0.29712591237374103,0.3224415793714746,280.6294912063061,1,1,0,1,1,0,0,1,1,0,1,1,1,1
param_20161,real_001,0.792440097532828,0.6769684235194182,0.20603367703402664,0.28275285280110757,0.37112606349131533,211.6562764525704,1,1,1,1,1,1,1,1,1,1,1,1,1,1
param_20161,real_002,0.8467041888456717,0.7535284340664637,0.29471444447029116,0.36517940647725894,0.40830823512050496,80.53774113194636,1,1,1,1,1,1,1,1,1,1,1,1,1,1
param_20161,real_003,0.8174915576555952,0.6807918565213135,0.25352419761326833,0.3255654223449402,0.3783317896470104,103.33146615612952,1,1,1,1,1,1,1,1,1,1,1,1,1,1
param_20161,real_004,0.7959917154773487,0.6484843325296227,0.1888390943613256,0.25641860129562,0.6168715178837239,115.19345360037258,1,1,1,1,1,1,1,1,1,1,1,1,1,1
param_20161,real_005,0.8278574483223146,0.7345178499080077,0.2489120792927128,0.33537727399833733,0.2415471648467307,252.069518064371,1,1,1,1,1,1,1,1,1,1,1,1,1,1
