pool,param_id,real,cell_id,transport_id,seed,stages_ok,failed_stages,repaired_stages,merge_status,complete,no_blowup,size_ok,blowup_snapshots,max_c,bytes,k_consistent,independent,max_abs_r_master,max_abs_r_other_new_cells,qa_pass
T,20000,1,0,0,665907,True,,,OK,True,True,True,,1.0002864599227905,8161674,True,True,0.028436733409762383,0.042938146740198135,True
T,20000,2,0,0,665907,True,,,OK,True,True,True,,1.0001816749572754,8064545,True,True,0.030965890735387802,0.04988516867160797,True
T,20000,3,0,0,665907,True,,,OK,True,True,True,,1.0002533197402954,8015850,True,True,0.018555542454123497,0.036950647830963135,True
T,20000,4,0,0,665907,True,,,OK,True,True,True,,1.0002282857894897,8185480,True,True,0.029059141874313354,0.049400974065065384,True
T,20000,5,0,0,665907,True,,,OK,True,True,True,,1.00068199634552,8048812,True,True,0.034103523939847946,0.05323494225740433,True
T,20001,1,0,1,665907,True,,,OK,True,True,True,,1.0001626014709473,9473278,True,True,0.028436733409762383,0.042938146740198135,True
T,20001,2,0,1,665907,True,,,OK,True,True,True,,1.0001232624053955,9397897,True,True,0.030965890735387802,0.04988516867160797,True
T,20001,3,0,1,665907,True,,,OK,True,True,True,,1.0001583099365234,9397976,True,True,0.018555542454123497,0.036950647830963135,True
T,20001,4,0,1,665907,True,,,OK,True,True,True,,1.0001189708709717,9488158,True,True,0.029059141874313354,0.049400974065065384,True
T,20001,5,0,1,665907,True,,,OK,True,True,True,,1.0004980564117432,9412716,True,True,0.034103523939847946,0.05323494225740433,True
T,20002,1,0,2,665907,True,,,OK,True,True,True,,1.0000306367874146,10758016,True,True,0.028436733409762383,0.042938146740198135,True
T,20002,2,0,2,665907,True,,,OK,True,True,True,,1.0000149011611938,10595149,True,True,0.030965890735387802,0.04988516867160797,True
T,20002,3,0,2,665907,True,,,OK,True,True,True,,1.0000157356262207,10628590,True,True,0.018555542454123497,0.036950647830963135,True
T,20002,4,0,2,665907,True,,,OK,True,True,True,,1.0000170469284058,10699249,True,True,0.029059141874313354,0.049400974065065384,True
T,20002,5,0,2,665907,True,,,OK,True,True,True,,1.0001317262649536,10679359,True,True,0.034103523939847946,0.05323494225740433,True
T,20003,1,0,3,665907,True,,,OK,True,True,True,,0.9999366998672485,14265595,True,True,0.028436733409762383,0.042938146740198135,True
T,20003,2,0,3,665907,True,,,OK,True,True,True,,0.999944806098938,14265980,True,True,0.030965890735387802,0.04988516867160797,True
T,20003,3,0,3,665907,True,,,OK,True,True,True,,0.9999454617500305,14250712,True,True,0.018555542454123497,0.036950647830963135,True
T,20003,4,0,3,665907,True,,"T5,T6,T7,T8,T9",OK,True,True,True,,0.9999339580535889,14296645,True,True,0.029059141874313354,0.049400974065065384,True
T,20003,5,0,3,665907,True,,,OK,True,True,True,,0.9999445080757141,14283363,True,True,0.034103523939847946,0.05323494225740433,True
T,20004,1,0,4,665907,True,,,OK,True,True,True,,0.9824360609054565,18678428,True,True,0.028436733409762383,0.042938146740198135,True
T,20004,2,0,4,665907,True,,,OK,True,True,True,,0.9837449193000793,18590836,True,True,0.030965890735387802,0.04988516867160797,True
T,20004,3,0,4,665907,True,,,OK,True,True,True,,0.9850283861160278,18575634,True,True,0.018555542454123497,0.036950647830963135,True
T,20004,4,0,4,665907,True,,,OK,True,True,True,,0.983552098274231,18714241,True,True,0.029059141874313354,0.049400974065065384,True
T,20004,5,0,4,665907,True,,,OK,True,True,True,,0.9838717579841614,18705518,True,True,0.034103523939847946,0.05323494225740433,True
T,20005,1,0,5,665907,True,,,OK,True,True,True,,0.9285090565681458,20960350,True,True,0.028436733409762383,0.042938146740198135,True
T,20005,2,0,5,665907,True,,,OK,True,True,True,,0.9322605729103088,20997461,True,True,0.030965890735387802,0.04988516867160797,True
T,20005,3,0,5,665907,True,,,OK,True,True,True,,0.9377229809761047,20903385,True,True,0.018555542454123497,0.036950647830963135,True
T,20005,4,0,5,665907,True,,,OK,True,True,True,,0.933426022529602,20999586,True,True,0.029059141874313354,0.049400974065065384,True
T,20005,5,0,5,665907,True,,,OK,True,True,True,,0.9340595006942749,20943080,True,True,0.034103523939847946,0.05323494225740433,True
T,20006,1,1,0,886061,True,,,OK,True,True,True,,0.9999991059303284,10100260,True,False,0.025452906265854836,0.8894007205963135,False
T,20006,2,1,0,886061,True,,,OK,True,True,True,,0.9999963045120239,10182530,True,False,0.03893634304404259,0.8924589157104492,False
T,20006,3,1,0,886061,True,,,OK,True,True,True,,0.9999940991401672,10363968,True,False,0.03234446421265602,0.8870838284492493,False
T,20006,4,1,0,886061,True,,,OK,True,True,True,,0.9999977350234985,10194901,True,False,0.05099186301231384,0.8840058445930481,False
T,20006,5,1,0,886061,True,,,OK,True,True,True,,0.9999959468841553,10395895,True,False,0.037889204919338226,0.8870963454246521,False
T,20007,1,1,1,886061,True,,,OK,True,True,True,,0.999998927116394,10738983,True,False,0.025452906265854836,0.8894007205963135,False
T,20007,2,1,1,886061,True,,,OK,True,True,True,,0.9999962449073792,10816994,True,False,0.03893634304404259,0.8924589157104492,False
T,20007,3,1,1,886061,True,,,OK,True,True,True,,0.9999939203262329,11076909,True,False,0.03234446421265602,0.8870838284492493,False
T,20007,4,1,1,886061,True,,,OK,True,True,True,,0.9999975562095642,10826618,True,False,0.05099186301231384,0.8840058445930481,False
T,20007,5,1,1,886061,True,,,OK,True,True,True,,0.9999960064888,10944530,True,False,0.037889204919338226,0.8870963454246521,False
T,20008,1,1,2,886061,True,,,OK,True,True,True,,0.9999779462814331,12378194,True,False,0.025452906265854836,0.8894007205963135,False
T,20008,2,1,2,886061,True,,,OK,True,True,True,,0.9999749660491943,12536271,True,False,0.03893634304404259,0.8924589157104492,False
T,20008,3,1,2,886061,True,,,OK,True,True,True,,0.9999743700027466,12656974,True,False,0.03234446421265602,0.8870838284492493,False
T,20008,4,1,2,886061,True,,,OK,True,True,True,,0.9999769926071167,12482966,True,False,0.05099186301231384,0.8840058445930481,False
T,20008,5,1,2,886061,True,,,OK,True,True,True,,0.9999745488166809,12560306,True,False,0.037889204919338226,0.8870963454246521,False
T,20009,1,1,3,886061,True,,,OK,True,True,True,,0.9999614953994751,14589359,True,False,0.025452906265854836,0.8894007205963135,False
T,20009,2,1,3,886061,True,,,OK,True,True,True,,0.9999650120735168,14649478,True,False,0.03893634304404259,0.8924589157104492,False
T,20009,3,1,3,886061,True,,"T5,T6,T7,T8,T9",OK,True,True,True,,0.9999713897705078,14852844,True,False,0.03234446421265602,0.8870838284492493,False
T,20009,4,1,3,886061,True,,,OK,True,True,True,,0.9999497532844543,14702271,True,False,0.05099186301231384,0.8840058445930481,False
T,20009,5,1,3,886061,True,,,OK,True,True,True,,0.9999702572822571,14569961,True,False,0.037889204919338226,0.8870963454246521,False
T,20010,1,1,4,886061,True,,,OK,True,True,True,,0.9848301410675049,19991116,True,False,0.025452906265854836,0.8894007205963135,False
T,20010,2,1,4,886061,True,,,OK,True,True,True,,0.9836929440498352,19985354,True,False,0.03893634304404259,0.8924589157104492,False
T,20010,3,1,4,886061,True,,,OK,True,True,True,,0.9877229332923889,19992830,True,False,0.03234446421265602,0.8870838284492493,False
T,20010,4,1,4,886061,True,,,OK,True,True,True,,0.9813597202301025,20102754,True,False,0.05099186301231384,0.8840058445930481,False
T,20010,5,1,4,886061,True,,,OK,True,True,True,,0.9856841564178467,19917482,True,False,0.037889204919338226,0.8870963454246521,False
T,20011,1,1,5,886061,True,,,OK,True,True,True,,0.9431508779525757,21102500,True,False,0.025452906265854836,0.8894007205963135,False
T,20011,2,1,5,886061,True,,,OK,True,True,True,,0.9450802803039551,21210189,True,False,0.03893634304404259,0.8924589157104492,False
T,20011,3,1,5,886061,True,,,OK,True,True,True,,0.951348066329956,21259683,True,False,0.03234446421265602,0.8870838284492493,False
T,20011,4,1,5,886061,True,,,OK,True,True,True,,6.746076583862305,21284602,True,False,0.05099186301231384,0.8840058445930481,False
T,20011,5,1,5,886061,True,,,OK,True,True,True,,0.9427413940429688,21077368,True,False,0.037889204919338226,0.8870963454246521,False
T,20012,1,2,0,594413,True,,,OK,True,True,True,,0.9999977946281433,10669776,True,True,0.019963132217526436,0.03864097595214844,True
T,20012,2,2,0,594413,True,,,OK,True,True,True,,0.9999977946281433,10748860,True,True,0.028187373653054237,0.03561978042125702,True
T,20012,3,2,0,594413,True,,,OK,True,True,True,,0.9999978542327881,10653302,True,True,0.056062597781419754,0.04945486783981323,True
T,20012,4,2,0,594413,True,,,OK,True,True,True,,0.999997615814209,10941477,True,True,0.0258877482265234,0.04044966399669647,True
T,20012,5,2,0,594413,True,,,OK,True,True,True,,0.999997615814209,11521725,True,True,0.033580485731363297,0.05376743897795677,True
T,20013,1,2,1,594413,True,,,OK,True,True,True,,0.9999977350234985,11116727,True,True,0.019963132217526436,0.03864097595214844,True
T,20013,2,2,1,594413,True,,,OK,True,True,True,,0.9999977946281433,11316832,True,True,0.028187373653054237,0.03561978042125702,True
T,20013,3,2,1,594413,True,,"T3,T4",OK,True,True,True,,0.9999974966049194,11346674,True,True,0.056062597781419754,0.04945486783981323,True
T,20013,4,2,1,594413,True,,,OK,True,True,True,,0.9999973177909851,11340996,True,True,0.0258877482265234,0.04044966399669647,True
T,20013,5,2,1,594413,True,,,OK,True,True,True,,0.9999975562095642,11885903,True,True,0.033580485731363297,0.05376743897795677,True
T,20014,1,2,2,594413,True,,T8,OK,True,True,True,,0.9999765753746033,12966205,True,True,0.019963132217526436,0.03864097595214844,True
T,20014,2,2,2,594413,True,,,OK,True,True,True,,0.9999775886535645,13146034,True,True,0.028187373653054237,0.03561978042125702,True
T,20014,3,2,2,594413,True,,,OK,True,True,True,,0.9999783039093018,13231834,True,True,0.056062597781419754,0.04945486783981323,True
T,20014,4,2,2,594413,True,,,OK,True,True,True,,0.9999738335609436,13373479,True,True,0.0258877482265234,0.04044966399669647,True
T,20014,5,2,2,594413,True,,,OK,True,True,True,,0.9999738931655884,14033874,True,True,0.033580485731363297,0.05376743897795677,True
T,20015,1,2,3,594413,True,,,OK,True,True,True,,0.9999736547470093,14587958,True,True,0.019963132217526436,0.03864097595214844,True
T,20015,2,2,3,594413,True,,,OK,True,True,True,,0.9999728798866272,14853425,True,True,0.028187373653054237,0.03561978042125702,True
T,20015,3,2,3,594413,True,,,OK,True,True,True,,0.9999715089797974,14732877,True,True,0.056062597781419754,0.04945486783981323,True
T,20015,4,2,3,594413,True,,,OK,True,True,True,,0.9999507665634155,14710186,True,True,0.0258877482265234,0.04044966399669647,True
T,20015,5,2,3,594413,True,,,OK,True,True,True,,0.9999443888664246,15171806,True,True,0.033580485731363297,0.05376743897795677,True
T,20016,1,2,4,594413,True,,,OK,True,True,True,,0.985193133354187,20354197,True,True,0.019963132217526436,0.03864097595214844,True
T,20016,2,2,4,594413,True,,,OK,True,True,True,,0.985180675983429,20561808,True,True,0.028187373653054237,0.03561978042125702,True
T,20016,3,2,4,594413,True,,,OK,True,True,True,,1.3665897846221924,20774695,True,True,0.056062597781419754,0.04945486783981323,True
T,20016,4,2,4,594413,True,,,OK,True,True,True,,0.9758291840553284,20627081,True,True,0.0258877482265234,0.04044966399669647,True
T,20016,5,2,4,594413,True,,,OK,True,True,True,,0.9796205759048462,20991303,True,True,0.033580485731363297,0.05376743897795677,True
T,20017,1,2,5,594413,True,,,OK,True,True,True,,0.9535788297653198,21064620,True,True,0.019963132217526436,0.03864097595214844,True
T,20017,2,2,5,594413,True,,,OK,True,True,True,,0.9561052918434143,21359782,True,True,0.028187373653054237,0.03561978042125702,True
T,20017,3,2,5,594413,True,,,OK,True,True,True,,0.9505959749221802,21217254,True,True,0.056062597781419754,0.04945486783981323,True
T,20017,4,2,5,594413,True,,,OK,True,True,True,,0.9422388076782227,21178151,True,True,0.0258877482265234,0.04044966399669647,True
T,20017,5,2,5,594413,True,,,OK,True,True,True,,0.9365405440330505,21374901,True,True,0.033580485731363297,0.05376743897795677,True
T,20018,1,3,0,395979,True,,,OK,True,True,True,,1.000256061553955,7736995,True,False,0.05455545708537102,0.9999999403953552,False
T,20018,2,3,0,395979,True,,,OK,True,True,True,,1.000219464302063,7908081,True,False,0.049221910536289215,0.9999995231628418,False
T,20018,3,3,0,395979,True,,,OK,True,True,True,,1.0002596378326416,7976884,True,False,0.05742157995700836,1.0,False
T,20018,4,3,0,395979,True,,,OK,True,True,True,,1.0002872943878174,7425718,True,False,0.08104750514030457,1.0000001192092896,False
T,20018,5,3,0,395979,True,,,OK,True,True,True,,1.000273585319519,7883613,True,False,0.06102636456489563,0.999999463558197,False
T,20019,1,3,1,395979,True,,,OK,True,True,True,,1.0001353025436401,9196458,True,False,0.05455545708537102,0.9999999403953552,False
T,20019,2,3,1,395979,True,,,OK,True,True,True,,1.0001256465911865,9332277,True,False,0.049221910536289215,0.9999995231628418,False
T,20019,3,3,1,395979,True,,,OK,True,True,True,,1.0001530647277832,9467604,True,False,0.05742157995700836,1.0,False
T,20019,4,3,1,395979,True,,,OK,True,True,True,,1.0002009868621826,8956610,True,False,0.08104750514030457,1.0000001192092896,False
T,20019,5,3,1,395979,True,,,OK,True,True,True,,1.0001846551895142,9296813,True,False,0.06102636456489563,0.999999463558197,False
T,20020,1,3,2,395979,True,,,OK,True,True,True,,1.0000190734863281,10449595,True,False,0.05455545708537102,0.9999999403953552,False
T,20020,2,3,2,395979,True,,T5,OK,True,True,True,,1.0000182390213013,10578646,True,False,0.049221910536289215,0.9999995231628418,False
T,20020,3,3,2,395979,True,,,OK,True,True,True,,1.0000003576278687,10635591,True,False,0.05742157995700836,1.0,False
T,20020,4,3,2,395979,True,,,OK,True,True,True,,1.0000426769256592,10130066,True,False,0.08104750514030457,1.0000001192092896,False
T,20020,5,3,2,395979,True,,,OK,True,False,True,24,315586.71875,10672018,True,False,0.06102636456489563,0.999999463558197,False
T,20021,1,3,3,395979,True,,,OK,True,True,True,,0.999941349029541,14377939,True,False,0.05455545708537102,0.9999999403953552,False
T,20021,2,3,3,395979,True,,,OK,True,True,True,,0.9999373555183411,14289401,True,False,0.049221910536289215,0.9999995231628418,False
T,20021,3,3,3,395979,True,,,OK,True,True,True,,0.9999473094940186,14451726,True,False,0.05742157995700836,1.0,False
T,20021,4,3,3,395979,True,,,OK,True,True,True,,0.9999225735664368,14285697,True,False,0.08104750514030457,1.0000001192092896,False
T,20021,5,3,3,395979,True,,,OK,True,True,True,,0.9999374151229858,14327574,True,False,0.06102636456489563,0.999999463558197,False
T,20022,1,3,4,395979,True,,,OK,True,True,True,,0.9840427041053772,18687171,True,False,0.05455545708537102,0.9999999403953552,False
T,20022,2,3,4,395979,True,,,OK,True,True,True,,0.9849914908409119,18631031,True,False,0.049221910536289215,0.9999995231628418,False
T,20022,3,3,4,395979,True,,,OK,True,True,True,,0.9863430261611938,18722355,True,False,0.05742157995700836,1.0,False
T,20022,4,3,4,395979,True,,,OK,True,True,True,,0.9828287959098816,18597719,True,False,0.08104750514030457,1.0000001192092896,False
T,20022,5,3,4,395979,True,,,OK,True,True,True,,0.9838212728500366,18638634,True,False,0.06102636456489563,0.999999463558197,False
T,20023,1,3,5,395979,True,,,OK,True,True,True,,0.9300591945648193,21068117,True,False,0.05455545708537102,0.9999999403953552,False
T,20023,2,3,5,395979,True,,,OK,True,True,True,,0.9356045126914978,21033884,True,False,0.049221910536289215,0.9999995231628418,False
T,20023,3,3,5,395979,True,,,OK,True,True,True,,0.9381228685379028,21121237,True,False,0.05742157995700836,1.0,False
T,20023,4,3,5,395979,True,,,OK,True,True,True,,0.9275822639465332,21088617,True,False,0.08104750514030457,1.0000001192092896,False
T,20023,5,3,5,395979,True,,,OK,True,True,True,,0.9287800192832947,21035527,True,False,0.06102636456489563,0.999999463558197,False
T,20024,1,4,0,398583,True,,,OK,True,True,True,,1.0000038146972656,9056345,True,False,0.05455591529607773,1.000000238418579,False
T,20024,2,4,0,398583,True,,"T8,T9",OK,True,True,True,,0.9999959468841553,9475724,True,False,0.049222636967897415,0.9999995231628418,False
T,20024,3,4,0,398583,True,,,OK,True,True,True,,0.9999951124191284,9893065,True,False,0.057423610240221024,1.000000238418579,False
T,20024,4,4,0,398583,True,,,OK,True,True,True,,0.9999940991401672,8433029,True,False,0.08104706555604935,1.0000001192092896,False
T,20024,5,4,0,398583,True,,,OK,True,True,True,,0.9999966025352478,9623639,True,False,0.06102839484810829,0.9999998211860657,False
T,20025,1,4,1,398583,True,,T9,OK,True,True,True,,1.0000011920928955,10289554,True,False,0.05455591529607773,1.000000238418579,False
T,20025,2,4,1,398583,True,,,OK,True,True,True,,0.9999957084655762,10433298,True,False,0.049222636967897415,0.9999995231628418,False
T,20025,3,4,1,398583,True,,,OK,True,True,True,,0.9999951124191284,10967685,True,False,0.057423610240221024,1.000000238418579,False
T,20025,4,4,1,398583,True,,T8,OK,True,True,True,,0.9999938607215881,9780622,True,False,0.08104706555604935,1.0000001192092896,False
T,20025,5,4,1,398583,True,,,OK,True,True,True,,0.9999964237213135,10589701,True,False,0.06102839484810829,0.9999998211860657,False
T,20026,1,4,2,398583,True,,,OK,True,True,True,,0.9999735355377197,12095751,True,False,0.05455591529607773,1.000000238418579,False
T,20026,2,4,2,398583,True,,T4,OK,True,True,True,,0.999967098236084,12111547,True,False,0.049222636967897415,0.9999995231628418,False
T,20026,3,4,2,398583,True,,,OK,True,True,True,,0.9999750256538391,12477429,True,False,0.057423610240221024,1.000000238418579,False
T,20026,4,4,2,398583,True,,,OK,True,True,True,,0.9995405673980713,11590928,True,False,0.08104706555604935,1.0000001192092896,False
T,20026,5,4,2,398583,True,,T4,OK,True,True,True,,0.9999678730964661,12288366,True,False,0.06102839484810829,0.9999998211860657,False
T,20027,1,4,3,398583,True,,,OK,True,True,True,,0.9998665452003479,15166900,True,False,0.05455591529607773,1.000000238418579,False
T,20027,2,4,3,398583,True,,"T5,T6,T7,T8,T9",OK,True,True,True,,0.9998207092285156,14903024,True,False,0.049222636967897415,0.9999995231628418,False
T,20027,3,4,3,398583,True,,,OK,True,True,True,,0.999970555305481,15343242,True,False,0.057423610240221024,1.000000238418579,False
T,20027,4,4,3,398583,True,,,OK,True,True,True,,0.9973720908164978,14980323,True,False,0.08104706555604935,1.0000001192092896,False
T,20027,5,4,3,398583,True,,,OK,True,True,True,,0.9999017119407654,15069395,True,False,0.06102839484810829,0.9999998211860657,False
T,20028,1,4,4,398583,True,,,OK,True,True,True,,0.9638334512710571,20490811,True,False,0.05455591529607773,1.000000238418579,False
T,20028,2,4,4,398583,True,,,OK,True,True,True,,0.9725472927093506,20119344,True,False,0.049222636967897415,0.9999995231628418,False
T,20028,3,4,4,398583,True,,,OK,True,True,True,,0.9876670241355896,20160836,True,False,0.057423610240221024,1.000000238418579,False
T,20028,4,4,4,398583,True,,,OK,True,True,True,,0.9418288469314575,20396564,True,False,0.08104706555604935,1.0000001192092896,False
T,20028,5,4,4,398583,True,,,OK,True,True,True,,0.9678460955619812,20215162,True,False,0.06102839484810829,0.9999998211860657,False
T,20029,1,4,5,398583,True,,,OK,True,True,True,,0.9019221663475037,21755256,True,False,0.05455591529607773,1.000000238418579,False
T,20029,2,4,5,398583,True,,T7,OK,True,True,True,,0.9210532903671265,21648682,True,False,0.049222636967897415,0.9999995231628418,False
T,20029,3,4,5,398583,True,,,OK,True,True,True,,0.944904625415802,21785670,True,False,0.057423610240221024,1.000000238418579,False
T,20029,4,4,5,398583,True,,,OK,True,True,True,,0.8652178645133972,21861475,True,False,0.08104706555604935,1.0000001192092896,False
T,20029,5,4,5,398583,True,,T9,OK,True,True,True,,0.9024501442909241,21704616,True,False,0.06102839484810829,0.9999998211860657,False
T,20030,1,5,0,926159,True,,,OK,True,True,True,,0.9999976754188538,9603735,True,False,0.054555997252464294,1.000000238418579,False
T,20030,2,5,0,926159,True,,,OK,True,True,True,,0.9999971985816956,9966634,True,False,0.04922236129641533,0.9999995231628418,False
T,20030,3,5,0,926159,True,,,OK,True,True,True,,0.9999975562095642,10657211,True,False,0.05742295831441879,1.000000238418579,False
T,20030,4,5,0,926159,True,,,OK,True,True,True,,0.9999906420707703,9113137,True,False,0.0810474380850792,0.9999998807907104,False
T,20030,5,5,0,926159,True,,,OK,True,True,True,,0.999997615814209,10134787,True,False,0.06102783605456352,0.9999998211860657,False
T,20031,1,5,1,926159,True,,"T7,T8,T9",OK,True,True,True,,0.9999972581863403,10643687,True,False,0.054555997252464294,1.000000238418579,False
T,20031,2,5,1,926159,True,,,OK,True,True,True,,0.9999968409538269,10768856,True,False,0.04922236129641533,0.9999995231628418,False
T,20031,3,5,1,926159,True,,,OK,True,True,True,,0.9999974370002747,11517904,True,False,0.05742295831441879,1.000000238418579,False
T,20031,4,5,1,926159,True,,,OK,True,False,True,19,130.2719268798828,10295529,True,False,0.0810474380850792,0.9999998807907104,False
T,20031,5,5,1,926159,True,,,OK,True,True,True,,0.9999974966049194,11004308,True,False,0.06102783605456352,0.9999998211860657,False
T,20032,1,5,2,926159,True,,,OK,True,True,True,,0.9999451041221619,13218349,True,False,0.054555997252464294,1.000000238418579,False
T,20032,2,5,2,926159,True,,,OK,True,True,True,,0.9995375871658325,12764764,True,False,0.04922236129641533,0.9999995231628418,False
T,20032,3,5,2,926159,True,,,OK,True,True,True,,0.9999762177467346,13295270,True,False,0.05742295831441879,1.000000238418579,False
T,20032,4,5,2,926159,True,,,OK,True,True,True,,0.9953868389129639,12693501,True,False,0.0810474380850792,0.9999998807907104,False
T,20032,5,5,2,926159,True,,,OK,True,True,True,,0.9999317526817322,12985115,True,False,0.06102783605456352,0.9999998211860657,False
T,20033,1,5,3,926159,True,,,OK,True,False,True,24,28350.859375,15740922,True,False,0.054555997252464294,1.000000238418579,False
T,20033,2,5,3,926159,True,,,OK,True,True,True,,0.9969826340675354,15160122,True,False,0.04922236129641533,0.9999995231628418,False
T,20033,3,5,3,926159,True,,,OK,True,True,True,,0.9999701380729675,15819945,True,False,0.05742295831441879,1.000000238418579,False
T,20033,4,5,3,926159,True,,,OK,True,True,True,,0.9850208759307861,15439643,True,False,0.0810474380850792,0.9999998807907104,False
T,20033,5,5,3,926159,True,,T6,OK,True,True,True,,0.9997262954711914,15498701,True,False,0.06102783605456352,0.9999998211860657,False
T,20034,1,5,4,926159,True,,,OK,True,True,True,,0.9403197765350342,21497142,True,False,0.054555997252464294,1.000000238418579,False
T,20034,2,5,4,926159,True,,,OK,True,True,True,,0.946649968624115,20809157,True,False,0.04922236129641533,0.9999995231628418,False
T,20034,3,5,4,926159,True,,,OK,True,True,True,,0.9875584244728088,20778926,True,False,0.05742295831441879,1.000000238418579,False
T,20034,4,5,4,926159,True,,,OK,True,True,True,,0.8703790903091431,21417647,True,False,0.0810474380850792,0.9999998807907104,False
T,20034,5,5,4,926159,True,,,OK,True,True,True,,0.9435231685638428,21095260,True,False,0.06102783605456352,0.9999998211860657,False
T,20035,1,5,5,926159,True,,,OK,True,True,True,,0.872515082359314,22185428,True,False,0.054555997252464294,1.000000238418579,False
T,20035,2,5,5,926159,True,,T4,OK,True,True,True,,0.8857690095901489,21997030,True,False,0.04922236129641533,0.9999995231628418,False
T,20035,3,5,5,926159,True,,,OK,True,True,True,,0.9487318396568298,22130441,True,False,0.05742295831441879,1.000000238418579,False
T,20035,4,5,5,926159,True,,T8,OK,True,True,True,,0.7860926389694214,22316909,True,False,0.0810474380850792,0.9999998807907104,False
T,20035,5,5,5,926159,True,,,OK,True,True,True,,0.8742261528968811,22151651,True,False,0.06102783605456352,0.9999998211860657,False
T,20036,1,6,0,681087,True,,,OK,True,True,True,,1.000205397605896,7876418,True,True,0.04940129071474075,0.05772283300757408,True
T,20036,2,6,0,681087,True,,,OK,True,True,True,,1.0003056526184082,7484257,True,True,0.04627394676208496,0.06433749943971634,True
T,20036,3,6,0,681087,True,,,OK,True,True,True,,1.000220537185669,7620405,True,True,0.06644363701343536,0.09198939055204391,True
T,20036,4,6,0,681087,True,,,OK,True,True,True,,1.0002858638763428,7477102,True,True,0.06593012809753418,0.08155712485313416,True
T,20036,5,6,0,681087,True,,,OK,True,True,True,,1.0001661777496338,7866196,True,True,0.04674442484974861,0.08435053378343582,True
T,20037,1,6,1,681087,True,,,OK,True,True,True,,1.0001084804534912,9295699,True,True,0.04940129071474075,0.05772283300757408,True
T,20037,2,6,1,681087,True,,,OK,True,True,True,,1.0001704692840576,9021559,True,True,0.04627394676208496,0.06433749943971634,True
T,20037,3,6,1,681087,True,,"T5,T6,T7,T8,T9",OK,True,True,True,,1.000131368637085,9095328,True,True,0.06644363701343536,0.09198939055204391,True
T,20037,4,6,1,681087,True,,T4,OK,True,True,True,,1.0001624822616577,9093138,True,True,0.06593012809753418,0.08155712485313416,True
T,20037,5,6,1,681087,True,,,OK,True,True,True,,1.000129222869873,9228907,True,True,0.04674442484974861,0.08435053378343582,True
T,20038,1,6,2,681087,True,,,OK,True,True,True,,1.0000132322311401,10577215,True,True,0.04940129071474075,0.05772283300757408,True
T,20038,2,6,2,681087,True,,,OK,True,True,True,,1.0000314712524414,10254627,True,True,0.04627394676208496,0.06433749943971634,True
T,20038,3,6,2,681087,True,,,OK,True,True,True,,1.0000125169754028,10264251,True,True,0.06644363701343536,0.09198939055204391,True
T,20038,4,6,2,681087,True,,,OK,True,True,True,,1.0000249147415161,10221782,True,True,0.06593012809753418,0.08155712485313416,True
T,20038,5,6,2,681087,True,,,OK,True,True,True,,0.9999999403953552,10490542,True,True,0.04674442484974861,0.08435053378343582,True
T,20039,1,6,3,681087,True,,,OK,True,True,True,,0.9999483227729797,14352555,True,True,0.04940129071474075,0.05772283300757408,True
T,20039,2,6,3,681087,True,,,OK,True,True,True,,0.9999462366104126,14334656,True,True,0.04627394676208496,0.06433749943971634,True
T,20039,3,6,3,681087,True,,,OK,True,True,True,,0.9999395608901978,14348381,True,True,0.06644363701343536,0.09198939055204391,True
T,20039,4,6,3,681087,True,,,OK,True,True,True,,0.999941349029541,14353190,True,True,0.06593012809753418,0.08155712485313416,True
T,20039,5,6,3,681087,True,,,OK,True,False,True,23,2521.975830078125,14421764,True,True,0.04674442484974861,0.08435053378343582,False
T,20040,1,6,4,681087,True,,,OK,True,True,True,,0.9833904504776001,18740458,True,True,0.04940129071474075,0.05772283300757408,True
T,20040,2,6,4,681087,True,,,OK,True,True,True,,0.9850917458534241,18580477,True,True,0.04627394676208496,0.06433749943971634,True
T,20040,3,6,4,681087,True,,,OK,True,True,True,,0.9833328127861023,18543201,True,True,0.06644363701343536,0.09198939055204391,True
T,20040,4,6,4,681087,True,,,OK,True,True,True,,0.9832722544670105,18563241,True,True,0.06593012809753418,0.08155712485313416,True
T,20040,5,6,4,681087,True,,"T5,T6,T7,T8,T9",OK,True,True,True,,0.9809038639068604,18739601,True,True,0.04674442484974861,0.08435053378343582,True
T,20041,1,6,5,681087,True,,,OK,True,True,True,,0.9342963695526123,21012635,True,True,0.04940129071474075,0.05772283300757408,True
T,20041,2,6,5,681087,True,,,OK,True,True,True,,0.9363076686859131,21059481,True,True,0.04627394676208496,0.06433749943971634,True
T,20041,3,6,5,681087,True,,,OK,True,True,True,,0.9300906658172607,21075527,True,True,0.06644363701343536,0.09198939055204391,True
T,20041,4,6,5,681087,True,,,OK,True,True,True,,0.931296706199646,21060144,True,True,0.06593012809753418,0.08155712485313416,True
T,20041,5,6,5,681087,True,,,OK,True,True,True,,0.9233409762382507,21038729,True,True,0.04674442484974861,0.08435053378343582,True
T,20042,1,7,0,133191,True,,T4,OK,True,True,True,,1.0000380277633667,8620679,True,True,0.07033181190490723,0.08935660868883133,True
T,20042,2,7,0,133191,True,,,OK,True,True,True,,0.999995768070221,8829577,True,True,0.06930433958768845,0.0787758082151413,True
T,20042,3,7,0,133191,True,,,OK,True,True,True,,0.9999966025352478,9434355,True,True,0.08994641900062561,0.11978628486394882,True
T,20042,4,7,0,133191,True,,,OK,True,True,True,,1.0000015497207642,8861977,True,True,0.03909136727452278,0.07743562012910843,True
T,20042,5,7,0,133191,True,,,OK,True,True,True,,0.9999998807907104,9022982,True,True,0.051173243671655655,0.07272209972143173,True
T,20043,1,7,1,133191,True,,,OK,True,True,True,,0.9999968409538269,10011427,True,True,0.07033181190490723,0.08935660868883133,True
T,20043,2,7,1,133191,True,,,OK,True,True,True,,0.9999954700469971,9967848,True,True,0.06930433958768845,0.0787758082151413,True
T,20043,3,7,1,133191,True,,,OK,True,True,True,,0.9999964237213135,10797483,True,True,0.08994641900062561,0.11978628486394882,True
T,20043,4,7,1,133191,True,,,OK,True,True,True,,1.000001311302185,10160460,True,True,0.03909136727452278,0.07743562012910843,True
T,20043,5,7,1,133191,True,,,OK,True,True,True,,0.9999994039535522,10416070,True,True,0.051173243671655655,0.07272209972143173,True
T,20044,1,7,2,133191,True,,,OK,True,True,True,,0.9999697208404541,11516090,True,True,0.07033181190490723,0.08935660868883133,True
T,20044,2,7,2,133191,True,,,OK,True,True,True,,0.9999714493751526,11668303,True,True,0.06930433958768845,0.0787758082151413,True
T,20044,3,7,2,133191,True,,,OK,True,True,True,,0.9999760389328003,12328477,True,True,0.08994641900062561,0.11978628486394882,True
T,20044,4,7,2,133191,True,,,OK,True,True,True,,0.999980628490448,11872569,True,True,0.03909136727452278,0.07743562012910843,True
T,20044,5,7,2,133191,True,,,OK,True,True,True,,0.9999790787696838,12094304,True,True,0.051173243671655655,0.07272209972143173,True
T,20045,1,7,3,133191,True,,,OK,True,True,True,,0.9997634291648865,15211653,True,True,0.07033181190490723,0.08935660868883133,True
T,20045,2,7,3,133191,True,,,OK,True,True,True,,0.9999029636383057,15102996,True,True,0.06930433958768845,0.0787758082151413,True
T,20045,3,7,3,133191,True,,,OK,True,True,True,,0.9999709725379944,15479389,True,True,0.08994641900062561,0.11978628486394882,True
T,20045,4,7,3,133191,True,,,OK,True,True,True,,0.9999721646308899,15124837,True,True,0.03909136727452278,0.07743562012910843,True
T,20045,5,7,3,133191,True,,,OK,True,True,True,,0.9999706745147705,15076036,True,True,0.051173243671655655,0.07272209972143173,True
T,20046,1,7,4,133191,True,,,OK,True,True,True,,0.9674907922744751,19877459,True,True,0.07033181190490723,0.08935660868883133,True
T,20046,2,7,4,133191,True,,,OK,True,True,True,,0.9724922776222229,20056397,True,True,0.06930433958768845,0.0787758082151413,True
T,20046,3,7,4,133191,True,,,OK,True,True,True,,0.9793477654457092,20225480,True,True,0.08994641900062561,0.11978628486394882,True
T,20046,4,7,4,133191,True,,,OK,True,True,True,,0.9824279546737671,20087427,True,True,0.03909136727452278,0.07743562012910843,True
T,20046,5,7,4,133191,True,,,OK,True,True,True,,0.9831463098526001,20033846,True,True,0.051173243671655655,0.07272209972143173,True
T,20047,1,7,5,133191,True,,T9,OK,True,True,True,,0.8843795657157898,21939742,True,True,0.07033181190490723,0.08935660868883133,True
T,20047,2,7,5,133191,True,,T2,OK,True,True,True,,0.9002513289451599,21745324,True,True,0.06930433958768845,0.0787758082151413,True
T,20047,3,7,5,133191,True,,,OK,True,True,True,,0.930549144744873,21779752,True,True,0.08994641900062561,0.11978628486394882,True
T,20047,4,7,5,133191,True,,,OK,True,True,True,,0.9346305131912231,21648360,True,True,0.03909136727452278,0.07743562012910843,True
T,20047,5,7,5,133191,True,,,OK,True,True,True,,0.9396795034408569,21626736,True,True,0.051173243671655655,0.07272209972143173,True
T,20048,1,8,0,985811,True,,,OK,True,True,True,,0.9999979138374329,8754191,True,True,0.0705859512090683,0.09626827389001846,True
T,20048,2,8,0,985811,True,,"T6,T7,T8,T9",OK,True,True,True,,1.000002384185791,8872030,True,True,0.04972536489367485,0.0743117704987526,True
T,20048,3,8,0,985811,True,,,OK,True,True,True,,0.9999978542327881,9464168,True,True,0.08158250898122787,0.06748037040233612,True
T,20048,4,8,0,985811,True,,,OK,True,True,True,,0.9999975562095642,9306477,True,True,0.05240602791309357,0.07792402803897858,True
T,20048,5,8,0,985811,True,,,OK,True,True,True,,0.9999974966049194,9901953,True,True,0.07473230361938477,0.07199011743068695,True
T,20049,1,8,1,985811,True,,,OK,True,True,True,,0.9999977350234985,9792248,True,True,0.0705859512090683,0.09626827389001846,True
T,20049,2,8,1,985811,True,,,OK,True,True,True,,0.9999975562095642,10391982,True,True,0.04972536489367485,0.0743117704987526,True
T,20049,3,8,1,985811,True,,,OK,True,True,True,,0.9999977350234985,10923957,True,True,0.08158250898122787,0.06748037040233612,True
T,20049,4,8,1,985811,True,,,OK,True,True,True,,0.9999974966049194,10380947,True,True,0.05240602791309357,0.07792402803897858,True
T,20049,5,8,1,985811,True,,,OK,True,True,True,,0.9999973773956299,10913126,True,True,0.07473230361938477,0.07199011743068695,True
T,20050,1,8,2,985811,True,,,OK,True,True,True,,0.9999787211418152,11809100,True,True,0.0705859512090683,0.09626827389001846,True
T,20050,2,8,2,985811,True,,,OK,True,True,True,,0.999975323677063,12280785,True,True,0.04972536489367485,0.0743117704987526,True
T,20050,3,8,2,985811,True,,,OK,True,True,True,,0.9999765753746033,12967337,True,True,0.08158250898122787,0.06748037040233612,True
T,20050,4,8,2,985811,True,,,OK,True,True,True,,0.9999467730522156,12731982,True,True,0.05240602791309357,0.07792402803897858,True
T,20050,5,8,2,985811,True,,,OK,True,True,True,,0.999977171421051,12777601,True,True,0.07473230361938477,0.07199011743068695,True
T,20051,1,8,3,985811,True,,,OK,True,True,True,,0.9999717473983765,15091957,True,True,0.0705859512090683,0.09626827389001846,True
T,20051,2,8,3,985811,True,,,OK,True,True,True,,0.9998660683631897,15644594,True,True,0.04972536489367485,0.0743117704987526,True
T,20051,3,8,3,985811,True,,,OK,True,True,True,,0.9999711513519287,15990776,True,True,0.08158250898122787,0.06748037040233612,True
T,20051,4,8,3,985811,True,,,OK,True,True,True,,0.9996545910835266,15693472,True,True,0.05240602791309357,0.07792402803897858,True
T,20051,5,8,3,985811,True,,"T5,T6,T7,T8,T9",OK,True,True,True,,0.9999706745147705,15694497,True,True,0.07473230361938477,0.07199011743068695,True
T,20052,1,8,4,985811,True,,,OK,True,True,True,,0.9751890897750854,20391923,True,True,0.0705859512090683,0.09626827389001846,True
T,20052,2,8,4,985811,True,,,OK,True,True,True,,0.9582164287567139,20921503,True,True,0.04972536489367485,0.0743117704987526,True
T,20052,3,8,4,985811,True,,,OK,True,True,True,,0.9701904058456421,20916358,True,True,0.08158250898122787,0.06748037040233612,True
T,20052,4,8,4,985811,True,,,OK,True,True,True,,0.9691265225410461,21133508,True,True,0.05240602791309357,0.07792402803897858,True
T,20052,5,8,4,985811,True,,,OK,True,True,True,,0.9808854460716248,20860823,True,True,0.07473230361938477,0.07199011743068695,True
T,20053,1,8,5,985811,True,,,OK,True,True,True,,0.9282805919647217,21889960,True,True,0.0705859512090683,0.09626827389001846,True
T,20053,2,8,5,985811,True,,,OK,True,True,True,,0.888416051864624,22125749,True,True,0.04972536489367485,0.0743117704987526,True
T,20053,3,8,5,985811,True,,,OK,True,True,True,,0.9174827337265015,22141272,True,True,0.08158250898122787,0.06748037040233612,True
T,20053,4,8,5,985811,True,,"T7,T8,T9",OK,True,True,True,,0.9029874801635742,22296481,True,True,0.05240602791309357,0.07792402803897858,True
T,20053,5,8,5,985811,True,,,OK,True,True,True,,0.9348392486572266,22110236,True,True,0.07473230361938477,0.07199011743068695,True
T,20054,1,9,0,831209,True,,,OK,True,True,True,,1.0003186464309692,7956297,True,False,0.07273311913013458,0.9999996423721313,False
T,20054,2,9,0,831209,True,,,OK,True,True,True,,1.000318169593811,8057912,True,False,0.07716202735900879,0.9999992251396179,False
T,20054,3,9,0,831209,True,,,OK,True,True,True,,1.000301480293274,8130552,True,False,0.052252836525440216,1.0000001192092896,False
T,20054,4,9,0,831209,True,,,OK,True,True,True,,1.0003879070281982,7848936,True,False,0.08545657992362976,0.9999997615814209,False
T,20054,5,9,0,831209,True,,T2,OK,True,True,True,,1.0003169775009155,8189281,True,False,0.054496146738529205,0.9999989867210388,False
T,20055,1,9,1,831209,True,,,OK,True,True,True,,1.0001797676086426,9355665,True,False,0.07273311913013458,0.9999996423721313,False
T,20055,2,9,1,831209,True,,,OK,True,True,True,,1.0001999139785767,9446166,True,False,0.07716202735900879,0.9999992251396179,False
T,20055,3,9,1,831209,True,,,OK,True,True,True,,1.0001620054244995,9548054,True,False,0.052252836525440216,1.0000001192092896,False
T,20055,4,9,1,831209,True,,,OK,True,True,True,,1.0002537965774536,9218259,True,False,0.08545657992362976,0.9999997615814209,False
T,20055,5,9,1,831209,True,,,OK,True,True,True,,1.0002096891403198,9355160,True,False,0.054496146738529205,0.9999989867210388,False
T,20056,1,9,2,831209,True,,,OK,True,True,True,,1.0000255107879639,10586802,True,False,0.07273311913013458,0.9999996423721313,False
T,20056,2,9,2,831209,True,,,OK,True,True,True,,1.0000407695770264,10647611,True,False,0.07716202735900879,0.9999992251396179,False
T,20056,3,9,2,831209,True,,,OK,True,True,True,,1.0000251531600952,10746071,True,False,0.052252836525440216,1.0000001192092896,False
T,20056,4,9,2,831209,True,,,OK,True,True,True,,1.0000673532485962,10420927,True,False,0.08545657992362976,0.9999997615814209,False
T,20056,5,9,2,831209,True,,,OK,True,True,True,,1.0000771284103394,10562249,True,False,0.054496146738529205,0.9999989867210388,False
T,20057,1,9,3,831209,True,,,OK,True,True,True,,0.9999517202377319,14304666,True,False,0.07273311913013458,0.9999996423721313,False
T,20057,2,9,3,831209,True,,,OK,True,True,True,,0.9999409317970276,14230442,True,False,0.07716202735900879,0.9999992251396179,False
T,20057,3,9,3,831209,True,,,OK,True,True,True,,0.9999542832374573,14399080,True,False,0.052252836525440216,1.0000001192092896,False
T,20057,4,9,3,831209,True,,T9,OK,True,True,True,,0.9999405741691589,14243994,True,False,0.08545657992362976,0.9999997615814209,False
T,20057,5,9,3,831209,True,,"T6,T7,T8,T9",OK,True,True,True,,0.9999620914459229,14185322,True,False,0.054496146738529205,0.9999989867210388,False
T,20058,1,9,4,831209,True,,,OK,True,True,True,,0.986770510673523,18614285,True,False,0.07273311913013458,0.9999996423721313,False
T,20058,2,9,4,831209,True,,,OK,True,True,True,,0.9846577644348145,18610275,True,False,0.07716202735900879,0.9999992251396179,False
T,20058,3,9,4,831209,True,,,OK,True,True,True,,0.9871044158935547,18665919,True,False,0.052252836525440216,1.0000001192092896,False
T,20058,4,9,4,831209,True,,,OK,True,True,True,,0.983456015586853,18598656,True,False,0.08545657992362976,0.9999997615814209,False
T,20058,5,9,4,831209,True,,,OK,True,True,True,,0.9851875305175781,18552793,True,False,0.054496146738529205,0.9999989867210388,False
T,20059,1,9,5,831209,True,,,OK,True,True,True,,0.9403037428855896,20961740,True,False,0.07273311913013458,0.9999996423721313,False
T,20059,2,9,5,831209,True,,,OK,True,True,True,,0.9366386532783508,20953126,True,False,0.07716202735900879,0.9999992251396179,False
T,20059,3,9,5,831209,True,,,OK,True,True,True,,0.9408931136131287,21012609,True,False,0.052252836525440216,1.0000001192092896,False
T,20059,4,9,5,831209,True,,,OK,True,True,True,,0.9302940368652344,21027412,True,False,0.08545657992362976,0.9999997615814209,False
T,20059,5,9,5,831209,True,,,OK,True,False,True,24,27856.703125,21012546,True,False,0.054496146738529205,0.9999989867210388,False
T,20060,1,10,0,468877,True,,,OK,True,True,True,,0.9999985694885254,9975756,True,False,0.07273400574922562,0.9999996423721313,False
T,20060,2,10,0,468877,True,,,OK,True,True,True,,0.9999954700469971,10112251,True,False,0.0771617516875267,0.9999992251396179,False
T,20060,3,10,0,468877,True,,,OK,True,True,True,,0.9999921917915344,10690891,True,False,0.05225258693099022,1.0000001192092896,False
T,20060,4,10,0,468877,True,,,OK,True,True,True,,0.9999949336051941,9631712,True,False,0.0854584351181984,0.9999997615814209,False
T,20060,5,10,0,468877,True,,,OK,True,True,True,,0.9999959468841553,10111976,True,False,0.05449632555246353,0.9999989867210388,False
T,20061,1,10,1,468877,True,,,OK,True,True,True,,0.9999979138374329,10735482,True,False,0.07273400574922562,0.9999996423721313,False
T,20061,2,10,1,468877,True,,,OK,True,True,True,,0.9999955892562866,10696280,True,False,0.0771617516875267,0.9999992251396179,False
T,20061,3,10,1,468877,True,,,OK,True,True,True,,0.9999921917915344,11360697,True,False,0.05225258693099022,1.0000001192092896,False
T,20061,4,10,1,468877,True,,,OK,True,True,True,,0.9999950528144836,10368937,True,False,0.0854584351181984,0.9999997615814209,False
T,20061,5,10,1,468877,True,,,OK,True,True,True,,0.9999960064888,10722297,True,False,0.05449632555246353,0.9999989867210388,False
T,20062,1,10,2,468877,True,,,OK,True,True,True,,0.9999767541885376,12249222,True,False,0.07273400574922562,0.9999996423721313,False
T,20062,2,10,2,468877,True,,,OK,True,True,True,,0.999968409538269,12451970,True,False,0.0771617516875267,0.9999992251396179,False
T,20062,3,10,2,468877,True,,,OK,True,True,True,,0.9999728798866272,13062729,True,False,0.05225258693099022,1.0000001192092896,False
T,20062,4,10,2,468877,True,,,OK,True,True,True,,0.9999610185623169,12117376,True,False,0.0854584351181984,0.9999997615814209,False
T,20062,5,10,2,468877,True,,,OK,True,True,True,,0.9999763369560242,12351074,True,False,0.05449632555246353,0.9999989867210388,False
T,20063,1,10,3,468877,True,,,OK,True,True,True,,0.9999708533287048,14626275,True,False,0.07273400574922562,0.9999996423721313,False
T,20063,2,10,3,468877,True,,,OK,True,True,True,,0.9998870491981506,14531959,True,False,0.0771617516875267,0.9999992251396179,False
T,20063,3,10,3,468877,True,,,OK,True,True,True,,0.9999703764915466,15056931,True,False,0.05225258693099022,1.0000001192092896,False
T,20063,4,10,3,468877,True,,,OK,True,True,True,,0.9997104406356812,14602070,True,False,0.0854584351181984,0.9999997615814209,False
T,20063,5,10,3,468877,True,,,OK,True,True,True,,0.9999690055847168,14422464,True,False,0.05449632555246353,0.9999989867210388,False
T,20064,1,10,4,468877,True,,,OK,True,True,True,,0.9893617033958435,19931253,True,False,0.07273400574922562,0.9999996423721313,False
T,20064,2,10,4,468877,True,,,OK,True,True,True,,0.9776716232299805,19952203,True,False,0.0771617516875267,0.9999992251396179,False
T,20064,3,10,4,468877,True,,,OK,True,True,True,,0.9881585240364075,20128928,True,False,0.05225258693099022,1.0000001192092896,False
T,20064,4,10,4,468877,True,,,OK,True,True,True,,0.9764050245285034,20078490,True,False,0.0854584351181984,0.9999997615814209,False
T,20064,5,10,4,468877,True,,,OK,True,True,True,,0.9856128096580505,19836726,True,False,0.05449632555246353,0.9999989867210388,False
T,20065,1,10,5,468877,False,T9,"T7,T8","MISSING_CANONICAL_TIMES:[270, 300]",False,False,False,,nan,0,True,False,0.07273400574922562,0.9999996423721313,False
T,20065,2,10,5,468877,True,,,OK,True,True,True,,0.9400161504745483,21264588,True,False,0.0771617516875267,0.9999992251396179,False
T,20065,3,10,5,468877,True,,,OK,True,True,True,,0.9581491351127625,21290007,True,False,0.05225258693099022,1.0000001192092896,False
T,20065,4,10,5,468877,True,,,OK,True,True,True,,0.918725848197937,21395001,True,False,0.0854584351181984,0.9999997615814209,False
T,20065,5,10,5,468877,True,,,OK,True,True,True,,0.9377903938293457,21148432,True,False,0.05449632555246353,0.9999989867210388,False
T,20066,1,11,0,968519,True,,,OK,True,True,True,,0.9999979138374329,11477722,True,True,0.07608457654714584,0.07568629086017609,True
T,20066,2,11,0,968519,True,,,OK,True,True,True,,0.9999977946281433,10600540,True,True,0.0873706191778183,0.10572714358568192,True
T,20066,3,11,0,968519,True,,,OK,True,True,True,,0.9999974370002747,10608244,True,True,0.03747541457414627,0.12081342935562134,True
T,20066,4,11,0,968519,True,,,OK,True,True,True,,0.999997615814209,11417575,True,True,0.07566305994987488,0.07243075221776962,True
T,20066,5,11,0,968519,True,,,OK,True,True,True,,0.9999977946281433,10975247,True,True,0.08905843645334244,0.061201613396406174,True
T,20067,1,11,1,968519,True,,,OK,True,True,True,,0.9999976754188538,12061258,True,True,0.07608457654714584,0.07568629086017609,True
T,20067,2,11,1,968519,True,,,OK,True,True,True,,0.999997615814209,11247253,True,True,0.0873706191778183,0.10572714358568192,True
T,20067,3,11,1,968519,True,,,OK,True,True,True,,0.9999972581863403,11197833,True,True,0.03747541457414627,0.12081342935562134,True
T,20067,4,11,1,968519,True,,,OK,True,True,True,,0.999997615814209,11881284,True,True,0.07566305994987488,0.07243075221776962,True
T,20067,5,11,1,968519,True,,,OK,True,True,True,,0.9999974966049194,11397446,True,True,0.08905843645334244,0.061201613396406174,True
T,20068,1,11,2,968519,True,,,OK,True,True,True,,0.9999770522117615,14293189,True,True,0.07608457654714584,0.07568629086017609,True
T,20068,2,11,2,968519,True,,"T3,T4,T8,T9",OK,True,True,True,,0.9999004602432251,13810939,True,True,0.0873706191778183,0.10572714358568192,True
T,20068,3,11,2,968519,True,,,OK,True,True,True,,0.9999756813049316,13153491,True,True,0.03747541457414627,0.12081342935562134,True
T,20068,4,11,2,968519,True,,,OK,True,True,True,,0.9999769330024719,13731525,True,True,0.07566305994987488,0.07243075221776962,True
T,20068,5,11,2,968519,True,,,OK,True,True,True,,0.9999753832817078,13734569,True,True,0.08905843645334244,0.061201613396406174,True
T,20069,1,11,3,968519,True,,,OK,True,True,True,,0.9999719858169556,15702089,True,True,0.07608457654714584,0.07568629086017609,True
T,20069,2,11,3,968519,True,,,OK,True,True,True,,0.9994703531265259,15150647,True,True,0.0873706191778183,0.10572714358568192,True
T,20069,3,11,3,968519,True,,,OK,True,True,True,,0.9999663233757019,14754344,True,True,0.03747541457414627,0.12081342935562134,True
T,20069,4,11,3,968519,True,,,OK,True,True,True,,0.9999732971191406,15224217,True,True,0.07566305994987488,0.07243075221776962,True
T,20069,5,11,3,968519,True,,,OK,True,True,True,,0.9999517798423767,15321641,True,True,0.08905843645334244,0.061201613396406174,True
T,20070,1,11,4,968519,True,,,OK,True,True,True,,0.9711102843284607,21495363,True,True,0.07608457654714584,0.07568629086017609,True
T,20070,2,11,4,968519,True,,,OK,True,True,True,,0.9368658065795898,21189917,True,True,0.0873706191778183,0.10572714358568192,True
T,20070,3,11,4,968519,True,,,OK,True,True,True,,0.9832528233528137,20569889,True,True,0.03747541457414627,0.12081342935562134,True
T,20070,4,11,4,968519,True,,,OK,True,True,True,,0.9820136427879333,20597808,True,True,0.07566305994987488,0.07243075221776962,True
T,20070,5,11,4,968519,True,,,OK,True,True,True,,0.9706799983978271,21445242,True,True,0.08905843645334244,0.061201613396406174,True
T,20071,1,11,5,968519,True,,,OK,True,True,True,,0.9306584596633911,21851901,True,True,0.07608457654714584,0.07568629086017609,True
T,20071,2,11,5,968519,True,,,OK,True,True,True,,0.8610261082649231,21796718,True,True,0.0873706191778183,0.10572714358568192,True
T,20071,3,11,5,968519,True,,,OK,True,False,True,24,26.230878829956055,21299846,True,True,0.03747541457414627,0.12081342935562134,False
T,20071,4,11,5,968519,True,,,OK,True,True,True,,0.9484043121337891,21377341,True,True,0.07566305994987488,0.07243075221776962,True
T,20071,5,11,5,968519,True,,,OK,True,True,True,,0.926236093044281,21903410,True,True,0.08905843645334244,0.061201613396406174,True
T,20072,1,12,0,379065,True,,,OK,True,True,True,,1.0003275871276855,7581427,True,False,0.08330704271793365,0.9999995827674866,False
T,20072,2,12,0,379065,True,,,OK,True,True,True,,1.0001881122589111,7835777,True,False,0.07846341282129288,0.9999991059303284,False
T,20072,3,12,0,379065,True,,,OK,True,True,True,,1.0003058910369873,8150129,True,False,0.10113685578107834,0.9688679575920105,False
T,20072,4,12,0,379065,True,,,OK,True,True,True,,1.000251054763794,7241313,True,False,0.08690068125724792,0.9688109755516052,False
T,20072,5,12,0,379065,True,,,OK,True,True,True,,1.0002232789993286,7635095,True,False,0.07208690047264099,0.9684774875640869,False
T,20073,1,12,1,379065,True,,,OK,True,True,True,,1.000206470489502,9050638,True,False,0.08330704271793365,0.9999995827674866,False
T,20073,2,12,1,379065,True,,,OK,True,True,True,,1.0001035928726196,9288505,True,False,0.07846341282129288,0.9999991059303284,False
T,20073,3,12,1,379065,True,,,OK,True,True,True,,1.0001907348632812,9590850,True,False,0.10113685578107834,0.9688679575920105,False
T,20073,4,12,1,379065,True,,,OK,True,True,True,,1.0001803636550903,8803562,True,False,0.08690068125724792,0.9688109755516052,False
T,20073,5,12,1,379065,True,,,OK,True,True,True,,1.000144362449646,9148055,True,False,0.07208690047264099,0.9684774875640869,False
T,20074,1,12,2,379065,True,,,OK,True,True,True,,1.0000278949737549,10270432,True,False,0.08330704271793365,0.9999995827674866,False
T,20074,2,12,2,379065,True,,,OK,True,True,True,,1.0000050067901611,10516805,True,False,0.07846341282129288,0.9999991059303284,False
T,20074,3,12,2,379065,True,,,OK,True,True,True,,1.0000227689743042,10821506,True,False,0.10113685578107834,0.9688679575920105,False
T,20074,4,12,2,379065,True,,,OK,True,True,True,,1.0000442266464233,9944337,True,False,0.08690068125724792,0.9688109755516052,False
T,20074,5,12,2,379065,True,,,OK,True,True,True,,1.0000301599502563,10374864,True,False,0.07208690047264099,0.9684774875640869,False
T,20075,1,12,3,379065,True,,,OK,True,True,True,,0.9999514818191528,14343488,True,False,0.08330704271793365,0.9999995827674866,False
T,20075,2,12,3,379065,True,,,OK,True,True,True,,0.9999253749847412,14218781,True,False,0.07846341282129288,0.9999991059303284,False
T,20075,3,12,3,379065,True,,,OK,True,True,True,,0.9999569654464722,14463180,True,False,0.10113685578107834,0.9688679575920105,False
T,20075,4,12,3,379065,True,,,OK,True,True,True,,0.9999253749847412,14251199,True,False,0.08690068125724792,0.9688109755516052,False
T,20075,5,12,3,379065,True,,,OK,True,True,True,,0.9999391436576843,14252937,True,False,0.07208690047264099,0.9684774875640869,False
T,20076,1,12,4,379065,True,,,OK,True,True,True,,0.9856481552124023,18635558,True,False,0.08330704271793365,0.9999995827674866,False
T,20076,2,12,4,379065,True,,,OK,True,True,True,,0.9841360449790955,18617914,True,False,0.07846341282129288,0.9999991059303284,False
T,20076,3,12,4,379065,True,,,OK,True,True,True,,0.9863303899765015,18729189,True,False,0.10113685578107834,0.9688679575920105,False
T,20076,4,12,4,379065,True,,,OK,True,True,True,,0.9836286306381226,18499852,True,False,0.08690068125724792,0.9688109755516052,False
T,20076,5,12,4,379065,True,,,OK,True,True,True,,0.9833152294158936,18589241,True,False,0.07208690047264099,0.9684774875640869,False
T,20077,1,12,5,379065,True,,,OK,True,True,True,,0.9357548356056213,21027659,True,False,0.08330704271793365,0.9999995827674866,False
T,20077,2,12,5,379065,True,,,OK,True,True,True,,0.9336434006690979,20999777,True,False,0.07846341282129288,0.9999991059303284,False
T,20077,3,12,5,379065,True,,,OK,True,True,True,,0.9392537474632263,21083192,True,False,0.10113685578107834,0.9688679575920105,False
T,20077,4,12,5,379065,True,,,OK,True,True,True,,0.930853545665741,21096778,True,False,0.08690068125724792,0.9688109755516052,False
T,20077,5,12,5,379065,True,,,OK,True,True,True,,0.926972508430481,21094094,True,False,0.07208690047264099,0.9684774875640869,False
T,20078,1,13,0,149549,True,,,OK,True,True,True,,1.0000035762786865,8122215,True,True,0.0638090968132019,0.13519012928009033,True
T,20078,2,13,0,149549,True,,,OK,True,True,True,,0.9999983906745911,9234163,True,True,0.09398891776800156,0.09760019928216934,True
T,20078,3,13,0,149549,True,,,OK,True,True,True,,0.9999959468841553,10092713,True,True,0.06388920545578003,0.12408478558063507,True
T,20078,4,13,0,149549,True,,,OK,True,True,True,,1.0000115633010864,9235908,True,False,0.11259394884109497,0.1086331382393837,False
T,20078,5,13,0,149549,True,,,OK,True,True,True,,9.230117797851562,9117612,True,True,0.05279754847288132,0.12603706121444702,True
T,20079,1,13,1,149549,True,,,OK,True,True,True,,0.9999991059303284,9282421,True,True,0.0638090968132019,0.13519012928009033,True
T,20079,2,13,1,149549,True,,,OK,True,True,True,,0.9999982714653015,10476216,True,True,0.09398891776800156,0.09760019928216934,True
T,20079,3,13,1,149549,True,,,OK,True,True,True,,0.9999958872795105,11167132,True,True,0.06388920545578003,0.12408478558063507,True
T,20079,4,13,1,149549,True,,,OK,True,True,True,,1.0000053644180298,10460102,True,False,0.11259394884109497,0.1086331382393837,False
T,20079,5,13,1,149549,True,,,OK,True,True,True,,1.0,10385286,True,True,0.05279754847288132,0.12603706121444702,True
T,20080,1,13,2,149549,True,,,OK,True,True,True,,0.9999793767929077,10696919,True,True,0.0638090968132019,0.13519012928009033,True
T,20080,2,13,2,149549,True,,,OK,True,True,True,,0.9999751448631287,12205040,True,True,0.09398891776800156,0.09760019928216934,True
T,20080,3,13,2,149549,True,,,OK,True,True,True,,0.999976396560669,12954953,True,True,0.06388920545578003,0.12408478558063507,True
T,20080,4,13,2,149549,True,,,OK,True,True,True,,0.999981164932251,12088002,True,False,0.11259394884109497,0.1086331382393837,False
T,20080,5,13,2,149549,True,,,OK,True,True,True,,0.9999799728393555,12164801,True,True,0.05279754847288132,0.12603706121444702,True
T,20081,1,13,3,149549,True,,,OK,True,True,True,,0.9999211430549622,14421295,True,True,0.0638090968132019,0.13519012928009033,True
T,20081,2,13,3,149549,True,,,OK,True,True,True,,0.9999242424964905,15274935,True,True,0.09398891776800156,0.09760019928216934,True
T,20081,3,13,3,149549,True,,,OK,True,True,True,,0.9999707341194153,15488813,True,True,0.06388920545578003,0.12408478558063507,True
T,20081,4,13,3,149549,True,,,OK,True,True,True,,0.9999749064445496,15220591,True,False,0.11259394884109497,0.1086331382393837,False
T,20081,5,13,3,149549,True,,,OK,True,True,True,,0.9999752044677734,15212122,True,True,0.05279754847288132,0.12603706121444702,True
T,20082,1,13,4,149549,True,,,OK,True,True,True,,0.9819412231445312,19182818,True,True,0.0638090968132019,0.13519012928009033,True
T,20082,2,13,4,149549,True,,,OK,True,True,True,,0.9728509783744812,20344296,True,True,0.09398891776800156,0.09760019928216934,True
T,20082,3,13,4,149549,True,,,OK,True,True,True,,0.9832422137260437,20649466,True,True,0.06388920545578003,0.12408478558063507,True
T,20082,4,13,4,149549,True,,,OK,True,True,True,,0.9857661724090576,20173547,True,False,0.11259394884109497,0.1086331382393837,False
T,20082,5,13,4,149549,True,,,OK,True,True,True,,0.9767640829086304,20338771,True,True,0.05279754847288132,0.12603706121444702,True
T,20083,1,13,5,149549,True,,,OK,True,True,True,,0.9337469935417175,21338823,True,True,0.0638090968132019,0.13519012928009033,True
T,20083,2,13,5,149549,True,,,OK,True,True,True,,0.9065227508544922,21762157,True,True,0.09398891776800156,0.09760019928216934,True
T,20083,3,13,5,149549,True,,,OK,True,True,True,,0.9391008615493774,21699455,True,True,0.06388920545578003,0.12408478558063507,True
T,20083,4,13,5,149549,True,,,OK,True,True,True,,0.9418730735778809,21682469,True,False,0.11259394884109497,0.1086331382393837,False
T,20083,5,13,5,149549,True,,,OK,True,True,True,,0.9279373288154602,21688967,True,True,0.05279754847288132,0.12603706121444702,True
T,20084,1,14,0,683625,True,,,OK,True,True,True,,0.9999974966049194,9995748,True,True,0.07293158024549484,0.09363983571529388,True
T,20084,2,14,0,683625,True,,,OK,True,True,True,,0.9999977946281433,8210562,True,False,0.14066468179225922,0.12311679124832153,False
T,20084,3,14,0,683625,True,,,OK,True,True,True,,0.9999974370002747,10129527,True,True,0.08769580721855164,0.11997156590223312,True
T,20084,4,14,0,683625,True,,,OK,True,True,True,,0.9999977350234985,10411412,True,True,0.09878085553646088,0.10719957202672958,True
T,20084,5,14,0,683625,True,,,OK,True,True,True,,0.9999977946281433,10080575,True,True,0.09664841741323471,0.14589960873126984,True
T,20085,1,14,1,683625,True,,,OK,True,True,True,,0.9999975562095642,11115268,True,True,0.07293158024549484,0.09363983571529388,True
T,20085,2,14,1,683625,True,,,OK,True,False,True,23,207.97665405273438,9637586,True,False,0.14066468179225922,0.12311679124832153,False
T,20085,3,14,1,683625,True,,,OK,True,True,True,,0.9999974966049194,11055829,True,True,0.08769580721855164,0.11997156590223312,True
T,20085,4,14,1,683625,True,,,OK,True,True,True,,0.999997079372406,11148947,True,True,0.09878085553646088,0.10719957202672958,True
T,20085,5,14,1,683625,True,,,OK,True,True,True,,0.9999973773956299,10978971,True,True,0.09664841741323471,0.14589960873126984,True
T,20086,1,14,2,683625,True,,,OK,True,True,True,,0.9999756813049316,13141003,True,True,0.07293158024549484,0.09363983571529388,True
T,20086,2,14,2,683625,True,,,OK,True,False,True,21,38600568.0,12484098,True,False,0.14066468179225922,0.12311679124832153,False
T,20086,3,14,2,683625,True,,,OK,True,True,True,,0.9999764561653137,12952020,True,True,0.08769580721855164,0.11997156590223312,True
T,20086,4,14,2,683625,True,,,OK,True,True,True,,0.9992445111274719,13066946,True,True,0.09878085553646088,0.10719957202672958,True
T,20086,5,14,2,683625,True,,,OK,True,True,True,,0.9999776482582092,12757247,True,True,0.09664841741323471,0.14589960873126984,True
T,20087,1,14,3,683625,True,,,OK,True,True,True,,0.9999619126319885,15775579,True,True,0.07293158024549484,0.09363983571529388,True
T,20087,2,14,3,683625,True,,,OK,True,True,True,,0.9999666213989258,15689947,True,False,0.14066468179225922,0.12311679124832153,False
T,20087,3,14,3,683625,True,,,OK,True,True,True,,0.9999708533287048,15315057,True,True,0.08769580721855164,0.11997156590223312,True
T,20087,4,14,3,683625,True,,,OK,True,True,True,,0.9960384368896484,15449013,True,True,0.09878085553646088,0.10719957202672958,True
T,20087,5,14,3,683625,True,,,OK,True,True,True,,0.9999675154685974,15181709,True,True,0.09664841741323471,0.14589960873126984,True
T,20088,1,14,4,683625,True,,,OK,True,True,True,,0.9669254422187805,20852147,True,True,0.07293158024549484,0.09363983571529388,True
T,20088,2,14,4,683625,True,,,OK,True,True,True,,0.966006875038147,21199429,True,False,0.14066468179225922,0.12311679124832153,False
T,20088,3,14,4,683625,True,,,OK,True,True,True,,0.9772706627845764,20620889,True,True,0.08769580721855164,0.11997156590223312,True
T,20088,4,14,4,683625,True,,"T3,T4",OK,True,True,True,,0.9391403198242188,21061417,True,True,0.09878085553646088,0.10719957202672958,True
T,20088,5,14,4,683625,True,,,OK,True,True,True,,0.9851319193840027,20641342,True,True,0.09664841741323471,0.14589960873126984,True
T,20089,1,14,5,683625,True,,,OK,True,True,True,,0.9011512994766235,21978985,True,True,0.07293158024549484,0.09363983571529388,True
T,20089,2,14,5,683625,True,,,OK,True,True,True,,0.9046401977539062,22396747,True,False,0.14066468179225922,0.12311679124832153,False
T,20089,3,14,5,683625,True,,,OK,True,True,True,,0.9256661534309387,21642739,True,True,0.08769580721855164,0.11997156590223312,True
T,20089,4,14,5,683625,True,,,OK,True,True,True,,0.844029426574707,21948288,True,True,0.09878085553646088,0.10719957202672958,True
T,20089,5,14,5,683625,True,,,OK,True,True,True,,0.9498826861381531,21659552,True,True,0.09664841741323471,0.14589960873126984,True
T,20090,1,15,0,223111,True,,,OK,True,True,True,,1.0001775026321411,7905653,True,True,0.08133088797330856,0.11112368106842041,True
T,20090,2,15,0,223111,True,,,OK,True,True,True,,1.0000951290130615,7840052,True,True,0.08901394158601761,0.1155722364783287,True
T,20090,3,15,0,223111,True,,,OK,True,True,True,,1.000203251838684,7847372,True,True,0.07307714968919754,0.13011819124221802,True
T,20090,4,15,0,223111,True,,,OK,True,True,True,,1.0002797842025757,7327377,True,True,0.10196234285831451,0.11078456044197083,True
T,20090,5,15,0,223111,True,,,OK,True,True,True,,1.000340223312378,7862671,True,True,0.05733253434300423,0.11828597635030746,True
T,20091,1,15,1,223111,True,,,OK,True,True,True,,1.0001097917556763,9412600,True,True,0.08133088797330856,0.11112368106842041,True
T,20091,2,15,1,223111,True,,,OK,True,True,True,,1.0000494718551636,9219539,True,True,0.08901394158601761,0.1155722364783287,True
T,20091,3,15,1,223111,True,,,OK,True,True,True,,1.0001301765441895,9167005,True,True,0.07307714968919754,0.13011819124221802,True
T,20091,4,15,1,223111,True,,,OK,True,True,True,,1.000160813331604,8930245,True,True,0.10196234285831451,0.11078456044197083,True
T,20091,5,15,1,223111,True,,,OK,True,True,True,,1.0001758337020874,9355346,True,True,0.05733253434300423,0.11828597635030746,True
T,20092,1,15,2,223111,True,,,OK,True,True,True,,1.000001072883606,10635406,True,True,0.08133088797330856,0.11112368106842041,True
T,20092,2,15,2,223111,True,,,OK,True,True,True,,0.999977171421051,10496040,True,True,0.08901394158601761,0.1155722364783287,True
T,20092,3,15,2,223111,True,,,OK,True,True,True,,1.000006079673767,10398334,True,True,0.07307714968919754,0.13011819124221802,True
T,20092,4,15,2,223111,True,,,OK,True,True,True,,1.0000282526016235,10156345,True,True,0.10196234285831451,0.11078456044197083,True
T,20092,5,15,2,223111,True,,,OK,True,True,True,,1.0000110864639282,10595094,True,True,0.05733253434300423,0.11828597635030746,True
T,20093,1,15,3,223111,True,,,OK,True,True,True,,0.9999378323554993,14365270,True,True,0.08133088797330856,0.11112368106842041,True
T,20093,2,15,3,223111,True,,,OK,True,True,True,,0.999931275844574,14324373,True,True,0.08901394158601761,0.1155722364783287,True
T,20093,3,15,3,223111,True,,,OK,True,True,True,,0.999932587146759,14164744,True,True,0.07307714968919754,0.13011819124221802,True
T,20093,4,15,3,223111,True,,,OK,True,True,True,,0.9999449849128723,14406180,True,True,0.10196234285831451,0.11078456044197083,True
T,20093,5,15,3,223111,True,,,OK,True,True,True,,0.9999430775642395,14377176,True,True,0.05733253434300423,0.11828597635030746,True
T,20094,1,15,4,223111,True,,,OK,True,True,True,,0.9838178157806396,18604759,True,True,0.08133088797330856,0.11112368106842041,True
T,20094,2,15,4,223111,True,,,OK,True,True,True,,0.9828943610191345,18793673,True,True,0.08901394158601761,0.1155722364783287,True
T,20094,3,15,4,223111,True,,,OK,True,True,True,,0.9820034503936768,18573622,True,True,0.07307714968919754,0.13011819124221802,True
T,20094,4,15,4,223111,True,,,OK,True,True,True,,0.982986569404602,18624943,True,True,0.10196234285831451,0.11078456044197083,True
T,20094,5,15,4,223111,True,,,OK,True,True,True,,0.9858294725418091,18651078,True,True,0.05733253434300423,0.11828597635030746,True
T,20095,1,15,5,223111,True,,,OK,True,True,True,,0.9323565363883972,21016591,True,True,0.08133088797330856,0.11112368106842041,True
T,20095,2,15,5,223111,True,,,OK,True,True,True,,0.9305287599563599,20984747,True,True,0.08901394158601761,0.1155722364783287,True
T,20095,3,15,5,223111,True,,,OK,True,True,True,,0.927237868309021,20888243,True,True,0.07307714968919754,0.13011819124221802,True
T,20095,4,15,5,223111,True,,,OK,True,True,True,,0.9344634413719177,21092819,True,True,0.10196234285831451,0.11078456044197083,True
T,20095,5,15,5,223111,True,,,OK,True,True,True,,0.9381403923034668,21086757,True,True,0.05733253434300423,0.11828597635030746,True
T,20096,1,16,0,524531,True,,,OK,True,True,True,,0.999997079372406,8117768,True,True,0.06806926429271698,0.14608822762966156,True
T,20096,2,16,0,524531,True,,,OK,True,True,True,,0.999993622303009,8095182,True,False,0.11611901223659515,0.11828597635030746,False
T,20096,3,16,0,524531,True,,,OK,True,True,True,,0.999996542930603,9100735,True,True,0.09860069304704666,0.12419544160366058,True
T,20096,4,16,0,524531,True,,,OK,True,True,True,,0.9999973773956299,8400997,True,True,0.06910063326358795,0.10818901658058167,True
T,20096,5,16,0,524531,True,,,OK,True,True,True,,0.9999983310699463,9320933,True,True,0.09625500440597534,0.10939086973667145,True
T,20097,1,16,1,524531,True,,,OK,True,True,True,,0.9999969005584717,9490742,True,True,0.06806926429271698,0.14608822762966156,True
T,20097,2,16,1,524531,True,,,OK,True,True,True,,0.9999916553497314,9339351,True,False,0.11611901223659515,0.11828597635030746,False
T,20097,3,16,1,524531,True,,,OK,True,True,True,,0.9999942183494568,10385160,True,True,0.09860069304704666,0.12419544160366058,True
T,20097,4,16,1,524531,True,,,OK,True,True,True,,0.999997079372406,10130695,True,True,0.06910063326358795,0.10818901658058167,True
T,20097,5,16,1,524531,True,,,OK,True,True,True,,0.9999983906745911,10368610,True,True,0.09625500440597534,0.10939086973667145,True
T,20098,1,16,2,524531,True,,,OK,True,True,True,,0.9999770522117615,11180121,True,True,0.06806926429271698,0.14608822762966156,True
T,20098,2,16,2,524531,True,,,OK,True,True,True,,0.9982618689537048,11136878,True,False,0.11611901223659515,0.11828597635030746,False
T,20098,3,16,2,524531,True,,,OK,True,True,True,,0.9999755620956421,11954648,True,True,0.09860069304704666,0.12419544160366058,True
T,20098,4,16,2,524531,True,,,OK,True,True,True,,0.9999688863754272,11794485,True,True,0.06910063326358795,0.10818901658058167,True
T,20098,5,16,2,524531,True,,,OK,True,True,True,,0.9999788403511047,11963308,True,True,0.09625500440597534,0.10939086973667145,True
T,20099,1,16,3,524531,True,,,OK,True,True,True,,0.9999710917472839,14984241,True,True,0.06806926429271698,0.14608822762966156,True
T,20099,2,16,3,524531,True,,"T7,T8,T9",OK,True,True,True,,0.9912967681884766,15043123,True,False,0.11611901223659515,0.11828597635030746,False
T,20099,3,16,3,524531,True,,,OK,True,True,True,,0.9999691843986511,15096144,True,True,0.09860069304704666,0.12419544160366058,True
T,20099,4,16,3,524531,True,,,OK,True,True,True,,0.9998624324798584,15338502,True,True,0.06910063326358795,0.10818901658058167,True
T,20099,5,16,3,524531,True,,,OK,True,True,True,,0.9999712109565735,15115504,True,True,0.09625500440597534,0.10939086973667145,True
T,20100,1,16,4,524531,True,,,OK,True,True,True,,0.9838820099830627,19869960,True,True,0.06806926429271698,0.14608822762966156,True
T,20100,2,16,4,524531,True,,,OK,True,True,True,,0.8961853981018066,20313947,True,False,0.11611901223659515,0.11828597635030746,False
T,20100,3,16,4,524531,True,,,OK,True,True,True,,0.98548424243927,19945395,True,True,0.09860069304704666,0.12419544160366058,True
T,20100,4,16,4,524531,True,,,OK,True,True,True,,0.9625163078308105,20176540,True,True,0.06910063326358795,0.10818901658058167,True
T,20100,5,16,4,524531,True,,,OK,True,True,True,,0.9825055003166199,19876801,True,True,0.09625500440597534,0.10939086973667145,True
T,20101,1,16,5,524531,True,,,OK,True,True,True,,0.9350525140762329,21569256,True,True,0.06806926429271698,0.14608822762966156,True
T,20101,2,16,5,524531,True,,,OK,True,True,True,,0.769514262676239,22190527,True,False,0.11611901223659515,0.11828597635030746,False
T,20101,3,16,5,524531,True,,T9,OK,True,True,True,,0.9411817789077759,21582445,True,True,0.09860069304704666,0.12419544160366058,True
T,20101,4,16,5,524531,True,,,OK,True,True,True,,0.884742259979248,21851746,True,True,0.06910063326358795,0.10818901658058167,True
T,20101,5,16,5,524531,True,,,OK,True,True,True,,0.9280110001564026,21599506,True,True,0.09625500440597534,0.10939086973667145,True
T,20102,1,17,0,417415,True,,,OK,True,True,True,,0.9999974966049194,9080497,True,False,0.08035383373498917,0.9687461853027344,False
T,20102,2,17,0,417415,True,,,OK,True,True,True,,0.9999960660934448,8829321,True,False,0.07664182037115097,0.9697957634925842,False
T,20102,3,17,0,417415,True,,,OK,True,True,True,,0.9999974370002747,10671520,True,False,0.1057131439447403,0.9688679575920105,False
T,20102,4,17,0,417415,True,,,OK,True,True,True,,0.9999943971633911,7708360,True,False,0.09145677834749222,0.9688109755516052,False
T,20102,5,17,0,417415,True,,,OK,True,True,True,,0.999997615814209,9293476,True,False,0.07423041760921478,0.9684774875640869,False
T,20103,1,17,1,417415,True,,,OK,True,True,True,,0.9999974966049194,10237850,True,False,0.08035383373498917,0.9687461853027344,False
T,20103,2,17,1,417415,True,,,OK,True,True,True,,0.9999836683273315,9910176,True,False,0.07664182037115097,0.9697957634925842,False
T,20103,3,17,1,417415,True,,,OK,True,True,True,,0.9999973773956299,11561752,True,False,0.1057131439447403,0.9688679575920105,False
T,20103,4,17,1,417415,True,,,OK,True,True,True,,0.99998939037323,8943984,True,False,0.09145677834749222,0.9688109755516052,False
T,20103,5,17,1,417415,True,,,OK,True,True,True,,0.9999973773956299,10419614,True,False,0.07423041760921478,0.9684774875640869,False
T,20104,1,17,2,417415,True,,,OK,True,True,True,,0.9999662637710571,12616123,True,False,0.08035383373498917,0.9687461853027344,False
T,20104,2,17,2,417415,True,,,OK,True,True,True,,0.9973182678222656,11452525,True,False,0.07664182037115097,0.9697957634925842,False
T,20104,3,17,2,417415,True,,"T5,T6,T7,T8,T9",OK,True,True,True,,0.9999765753746033,13348925,True,False,0.1057131439447403,0.9688679575920105,False
T,20104,4,17,2,417415,True,,,OK,True,True,True,,0.9964033365249634,11284502,True,False,0.09145677834749222,0.9688109755516052,False
T,20104,5,17,2,417415,True,,,OK,True,True,True,,0.9999574422836304,12149044,True,False,0.07423041760921478,0.9684774875640869,False
T,20105,1,17,3,417415,True,,,OK,True,True,True,,0.9998799562454224,15666905,True,False,0.08035383373498917,0.9687461853027344,False
T,20105,2,17,3,417415,True,,,OK,True,True,True,,0.9879417419433594,14684863,True,False,0.07664182037115097,0.9697957634925842,False
T,20105,3,17,3,417415,True,,T9,OK,True,True,True,,0.9999719858169556,15835513,True,False,0.1057131439447403,0.9688679575920105,False
T,20105,4,17,3,417415,True,,,OK,True,True,True,,0.9871073365211487,14946187,True,False,0.09145677834749222,0.9688109755516052,False
T,20105,5,17,3,417415,True,,,OK,True,True,True,,0.999744713306427,15132624,True,False,0.07423041760921478,0.9684774875640869,False
T,20106,1,17,4,417415,True,,,OK,True,True,True,,0.9681993722915649,21050964,True,False,0.08035383373498917,0.9687461853027344,False
T,20106,2,17,4,417415,True,,,OK,True,True,True,,0.9189347624778748,20129251,True,False,0.07664182037115097,0.9697957634925842,False
T,20106,3,17,4,417415,True,,,OK,True,True,True,,0.9859052896499634,20688243,True,False,0.1057131439447403,0.9688679575920105,False
T,20106,4,17,4,417415,True,,,OK,True,True,True,,0.8829249143600464,20568547,True,False,0.09145677834749222,0.9688109755516052,False
T,20106,5,17,4,417415,True,,,OK,True,True,True,,0.9530128836631775,20539395,True,False,0.07423041760921478,0.9684774875640869,False
T,20107,1,17,5,417415,True,,,OK,True,True,True,,0.9106860756874084,22017658,True,False,0.08035383373498917,0.9687461853027344,False
T,20107,2,17,5,417415,True,,,OK,True,True,True,,0.8357081413269043,21944801,True,False,0.07664182037115097,0.9697957634925842,False
T,20107,3,17,5,417415,True,,,OK,True,True,True,,0.9432658553123474,21936244,True,False,0.1057131439447403,0.9688679575920105,False
T,20107,4,17,5,417415,True,,,OK,True,True,True,,0.795927882194519,22071118,True,False,0.09145677834749222,0.9688109755516052,False
T,20107,5,17,5,417415,True,,,OK,True,True,True,,0.8689499497413635,22057335,True,False,0.07423041760921478,0.9684774875640869,False
T,20108,1,18,0,760663,True,,,OK,True,True,True,,1.000460147857666,7319449,True,False,0.13278672099113464,1.0000003576278687,False
T,20108,2,18,0,760663,True,,,OK,True,True,True,,1.0003623962402344,7846573,True,False,0.1383071094751358,0.9999997019767761,False
T,20108,3,18,0,760663,True,,,OK,True,True,True,,1.0003018379211426,8295923,True,False,0.12891803681850433,1.0,False
T,20108,4,18,0,760663,True,,,OK,True,True,True,,1.0004198551177979,7323307,True,False,0.15909934043884277,0.9999997019767761,False
T,20108,5,18,0,760663,True,,,OK,True,True,True,,1.000449299812317,7242959,True,False,0.09385979175567627,0.9999998211860657,False
T,20109,1,18,1,760663,True,,,OK,True,True,True,,1.0002756118774414,8854275,True,False,0.13278672099113464,1.0000003576278687,False
T,20109,2,18,1,760663,True,,,OK,True,True,True,,1.000200629234314,9264229,True,False,0.1383071094751358,0.9999997019767761,False
T,20109,3,18,1,760663,True,,,OK,True,True,True,,1.0001555681228638,9625239,True,False,0.12891803681850433,1.0,False
T,20109,4,18,1,760663,True,,,OK,True,True,True,,1.000287413597107,8838499,True,False,0.15909934043884277,0.9999997019767761,False
T,20109,5,18,1,760663,True,,,OK,True,True,True,,1.000312089920044,8736146,True,False,0.09385979175567627,0.9999998211860657,False
T,20110,1,18,2,760663,True,,,OK,True,True,True,,1.0000330209732056,10050388,True,False,0.13278672099113464,1.0000003576278687,False
T,20110,2,18,2,760663,True,,,OK,True,True,True,,1.0000226497650146,10507366,True,False,0.1383071094751358,0.9999997019767761,False
T,20110,3,18,2,760663,True,,,OK,True,True,True,,0.9999969601631165,10890705,True,False,0.12891803681850433,1.0,False
T,20110,4,18,2,760663,True,,,OK,True,True,True,,1.000085473060608,9954459,True,False,0.15909934043884277,0.9999997019767761,False
T,20110,5,18,2,760663,True,,,OK,True,True,True,,1.0000882148742676,9849061,True,False,0.09385979175567627,0.9999998211860657,False
T,20111,1,18,3,760663,True,,,OK,True,True,True,,0.9999523758888245,14277039,True,False,0.13278672099113464,1.0000003576278687,False
T,20111,2,18,3,760663,True,,,OK,True,True,True,,0.9999246001243591,14080687,True,False,0.1383071094751358,0.9999997019767761,False
T,20111,3,18,3,760663,True,,,OK,True,True,True,,0.9999409914016724,14350515,True,False,0.12891803681850433,1.0,False
T,20111,4,18,3,760663,True,,,OK,True,True,True,,0.9999679923057556,14247162,True,False,0.15909934043884277,0.9999997019767761,False
T,20111,5,18,3,760663,True,,,OK,True,True,True,,0.9999657273292542,14191724,True,False,0.09385979175567627,0.9999998211860657,False
T,20112,1,18,4,760663,True,,,OK,True,True,True,,0.9865631461143494,18465919,True,False,0.13278672099113464,1.0000003576278687,False
T,20112,2,18,4,760663,True,,,OK,True,True,True,,0.9830581545829773,18420596,True,False,0.1383071094751358,0.9999997019767761,False
T,20112,3,18,4,760663,True,,,OK,True,True,True,,0.9865885376930237,18539582,True,False,0.12891803681850433,1.0,False
T,20112,4,18,4,760663,True,,,OK,True,True,True,,0.9874299168586731,18293394,True,False,0.15909934043884277,0.9999997019767761,False
T,20112,5,18,4,760663,True,,,OK,True,True,True,,0.9842066168785095,18237510,True,False,0.09385979175567627,0.9999998211860657,False
T,20113,1,18,5,760663,True,,,OK,True,True,True,,0.9399715662002563,20952648,True,False,0.13278672099113464,1.0000003576278687,False
T,20113,2,18,5,760663,True,,,OK,True,True,True,,0.9310879111289978,20913663,True,False,0.1383071094751358,0.9999997019767761,False
T,20113,3,18,5,760663,True,,,OK,True,True,True,,0.9428759217262268,20914156,True,False,0.12891803681850433,1.0,False
T,20113,4,18,5,760663,True,,,OK,True,True,True,,0.9448707699775696,20992165,True,False,0.15909934043884277,0.9999997019767761,False
T,20113,5,18,5,760663,True,,,OK,True,True,True,,0.9290228486061096,21052083,True,False,0.09385979175567627,0.9999998211860657,False
T,20114,1,19,0,299341,True,,,OK,True,True,True,,1.000029444694519,8638158,True,False,0.13278484344482422,1.0000003576278687,False
T,20114,2,19,0,299341,True,,,OK,True,True,True,,1.000032901763916,9456521,True,False,0.13830679655075073,0.9999997019767761,False
T,20114,3,19,0,299341,True,,,OK,True,True,True,,1.000085711479187,10119854,True,False,0.12891869246959686,1.0,False
T,20114,4,19,0,299341,True,,,OK,True,True,True,,1.0000386238098145,7828719,True,False,0.15909798443317413,0.9999997019767761,False
T,20114,5,19,0,299341,True,,,OK,True,True,True,,1.0001134872436523,7866729,True,False,0.09385907649993896,0.9999998211860657,False
T,20115,1,19,1,299341,True,,,OK,True,True,True,,1.0000208616256714,9709753,True,False,0.13278484344482422,1.0000003576278687,False
T,20115,2,19,1,299341,True,,,OK,True,True,True,,0.999996542930603,10086192,True,False,0.13830679655075073,0.9999997019767761,False
T,20115,3,19,1,299341,True,,,OK,True,True,True,,1.0000636577606201,10785296,True,False,0.12891869246959686,1.0,False
T,20115,4,19,1,299341,True,,,OK,True,True,True,,1.0000134706497192,9532646,True,False,0.15909798443317413,0.9999997019767761,False
T,20115,5,19,1,299341,True,,,OK,True,True,True,,1.0000783205032349,9080012,True,False,0.09385907649993896,0.9999998211860657,False
T,20116,1,19,2,299341,True,,,OK,True,True,True,,0.9999668598175049,11210847,True,False,0.13278484344482422,1.0000003576278687,False
T,20116,2,19,2,299341,True,,"T7,T8,T9",OK,True,True,True,,0.9999345541000366,11697907,True,False,0.13830679655075073,0.9999997019767761,False
T,20116,3,19,2,299341,True,,,OK,True,True,True,,0.9999890923500061,12478154,True,False,0.12891869246959686,1.0,False
T,20116,4,19,2,299341,True,,,OK,True,True,True,,0.9999715089797974,10742460,True,False,0.15909798443317413,0.9999997019767761,False
T,20116,5,19,2,299341,True,,,OK,True,True,True,,0.9999774098396301,10502584,True,False,0.09385907649993896,0.9999998211860657,False
T,20117,1,19,3,299341,True,,,OK,True,True,True,,0.9999542236328125,14616156,True,False,0.13278484344482422,1.0000003576278687,False
T,20117,2,19,3,299341,True,,,OK,True,True,True,,0.9998096823692322,13955757,True,False,0.13830679655075073,0.9999997019767761,False
T,20117,3,19,3,299341,True,,,OK,True,True,True,,0.9999492764472961,14610591,True,False,0.12891869246959686,1.0,False
T,20117,4,19,3,299341,True,,,OK,True,True,True,,0.9999604821205139,14716217,True,False,0.15909798443317413,0.9999997019767761,False
T,20117,5,19,3,299341,True,,,OK,True,True,True,,0.999900221824646,14357475,True,False,0.09385907649993896,0.9999998211860657,False
T,20118,1,19,4,299341,True,,,OK,True,True,True,,0.9887776374816895,19401218,True,False,0.13278484344482422,1.0000003576278687,False
T,20118,2,19,4,299341,True,,,OK,True,True,True,,0.9747608304023743,19184179,True,False,0.13830679655075073,0.9999997019767761,False
T,20118,3,19,4,299341,True,,,OK,True,True,True,,0.986587405204773,19447146,True,False,0.12891869246959686,1.0,False
T,20118,4,19,4,299341,True,,,OK,True,True,True,,0.9894111156463623,18923465,True,False,0.15909798443317413,0.9999997019767761,False
T,20118,5,19,4,299341,True,,,OK,True,True,True,,0.981522262096405,18901417,True,False,0.09385907649993896,0.9999998211860657,False
T,20119,1,19,5,299341,True,,,OK,True,True,True,,0.9535700082778931,21240241,True,False,0.13278484344482422,1.0000003576278687,False
T,20119,2,19,5,299341,True,,,OK,True,True,True,,0.9232813119888306,20992498,True,False,0.13830679655075073,0.9999997019767761,False
T,20119,3,19,5,299341,True,,,OK,True,False,True,21,12071.708984375,20974527,True,False,0.12891869246959686,1.0,False
T,20119,4,19,5,299341,True,,,OK,True,True,True,,0.9629426598548889,21338902,True,False,0.15909798443317413,0.9999997019767761,False
T,20119,5,19,5,299341,True,,,OK,True,True,True,,0.9192436337471008,21406864,True,False,0.09385907649993896,0.9999998211860657,False
T,20120,1,20,0,187247,True,,,OK,True,True,True,,0.9999954104423523,7853345,True,True,0.08621323853731155,0.1272529512643814,True
T,20120,2,20,0,187247,True,,,OK,True,True,True,,0.9999922513961792,10617356,True,False,0.13914932310581207,0.1452084630727768,False
T,20120,3,20,0,187247,True,,,OK,True,True,True,,0.9999933242797852,10116512,True,False,0.11609519273042679,0.1183779314160347,False
T,20120,4,20,0,187247,True,,,OK,True,True,True,,0.9999920725822449,9327010,True,True,0.08856925368309021,0.12071258574724197,True
T,20120,5,20,0,187247,True,,,OK,True,True,True,,0.999993622303009,9311857,True,True,0.08680441230535507,0.12377941608428955,True
T,20121,1,20,1,187247,True,,,OK,True,True,True,,0.9999954104423523,8991567,True,True,0.08621323853731155,0.1272529512643814,True
T,20121,2,20,1,187247,True,,T9,OK,True,True,True,,0.9999922513961792,11423346,True,False,0.13914932310581207,0.1452084630727768,False
T,20121,3,20,1,187247,True,,,OK,True,True,True,,0.9999932050704956,10931103,True,False,0.11609519273042679,0.1183779314160347,False
T,20121,4,20,1,187247,True,,T8,OK,True,True,True,,0.9999901652336121,10576037,True,True,0.08856925368309021,0.12071258574724197,True
T,20121,5,20,1,187247,True,,,OK,True,True,True,,0.9999906420707703,10064138,True,True,0.08680441230535507,0.12377941608428955,True
T,20122,1,20,2,187247,True,,,OK,True,True,True,,0.9999728202819824,10602627,True,True,0.08621323853731155,0.1272529512643814,True
T,20122,2,20,2,187247,True,,,OK,True,True,True,,0.9999719858169556,13238613,True,False,0.13914932310581207,0.1452084630727768,False
T,20122,3,20,2,187247,True,,,OK,True,True,True,,0.9999737739562988,12344764,True,False,0.11609519273042679,0.1183779314160347,False
T,20122,4,20,2,187247,True,,,OK,True,True,True,,0.9999698996543884,12001720,True,True,0.08856925368309021,0.12071258574724197,True
T,20122,5,20,2,187247,True,,,OK,True,True,True,,0.9999690055847168,11730939,True,True,0.08680441230535507,0.12377941608428955,True
T,20123,1,20,3,187247,True,,,OK,True,True,True,,0.9999094605445862,14451518,True,True,0.08621323853731155,0.1272529512643814,True
T,20123,2,20,3,187247,True,,,OK,True,True,True,,0.9999688267707825,15311333,True,False,0.13914932310581207,0.1452084630727768,False
T,20123,3,20,3,187247,True,,,OK,True,True,True,,0.999970555305481,14559995,True,False,0.11609519273042679,0.1183779314160347,False
T,20123,4,20,3,187247,True,,"T5,T6,T7,T8,T9",OK,True,True,True,,0.9999657869338989,14936403,True,True,0.08856925368309021,0.12071258574724197,True
T,20123,5,20,3,187247,True,,,OK,True,True,True,,0.9999607801437378,14182899,True,True,0.08680441230535507,0.12377941608428955,True
T,20124,1,20,4,187247,True,,,OK,True,True,True,,0.984649658203125,19516670,True,True,0.08621323853731155,0.1272529512643814,True
T,20124,2,20,4,187247,True,,,OK,True,True,True,,0.9797627925872803,20495604,True,False,0.13914932310581207,0.1452084630727768,False
T,20124,3,20,4,187247,True,,,OK,True,True,True,,0.9893014430999756,19151128,True,False,0.11609519273042679,0.1183779314160347,False
T,20124,4,20,4,187247,True,,,OK,True,True,True,,0.9876803159713745,19769371,True,True,0.08856925368309021,0.12071258574724197,True
T,20124,5,20,4,187247,True,,,OK,True,True,True,,0.9865058064460754,19536041,True,True,0.08680441230535507,0.12377941608428955,True
T,20125,1,20,5,187247,True,,,OK,True,True,True,,0.93587327003479,21362788,True,True,0.08621323853731155,0.1272529512643814,True
T,20125,2,20,5,187247,True,,,OK,True,True,True,,0.9306049942970276,21666848,True,False,0.13914932310581207,0.1452084630727768,False
T,20125,3,20,5,187247,True,,,OK,True,True,True,,0.9761349558830261,20922135,True,False,0.11609519273042679,0.1183779314160347,False
T,20125,4,20,5,187247,True,,,OK,True,True,True,,0.9673038125038147,21409308,True,True,0.08856925368309021,0.12071258574724197,True
T,20125,5,20,5,187247,True,,T2,OK,True,True,True,,0.9410424828529358,21215612,True,True,0.08680441230535507,0.12377941608428955,True
T,20126,1,21,0,581445,True,,,OK,True,True,True,,1.0004080533981323,7793290,True,False,0.16980351507663727,0.22335734963417053,False
T,20126,2,21,0,581445,True,,,OK,True,True,True,,1.0005528926849365,7619628,True,False,0.19879582524299622,0.1758800446987152,False
T,20126,3,21,0,581445,True,,,OK,True,True,True,,1.000295639038086,7261856,True,False,0.13600853085517883,0.13848215341567993,False
T,20126,4,21,0,581445,True,,,OK,True,True,True,,1.0003585815429688,7425892,True,False,0.15109027922153473,0.18300122022628784,False
T,20126,5,21,0,581445,True,,,OK,True,False,True,21,543.5546875,7590534,True,False,0.1287856251001358,0.18449512124061584,False
T,20127,1,21,1,581445,True,,,OK,True,True,True,,1.0002399682998657,9199281,True,False,0.16980351507663727,0.22335734963417053,False
T,20127,2,21,1,581445,True,,,OK,True,True,True,,1.000349998474121,9062814,True,False,0.19879582524299622,0.1758800446987152,False
T,20127,3,21,1,581445,True,,,OK,True,True,True,,1.0001428127288818,8881189,True,False,0.13600853085517883,0.13848215341567993,False
T,20127,4,21,1,581445,True,,,OK,True,True,True,,1.0002081394195557,8910842,True,False,0.15109027922153473,0.18300122022628784,False
T,20127,5,21,1,581445,True,,,OK,True,True,True,,1.0001739263534546,9125026,True,False,0.1287856251001358,0.18449512124061584,False
T,20128,1,21,2,581445,True,,,OK,True,True,True,,1.0000437498092651,10458909,True,False,0.16980351507663727,0.22335734963417053,False
T,20128,2,21,2,581445,True,,,OK,True,True,True,,1.0000063180923462,10330321,True,False,0.19879582524299622,0.1758800446987152,False
T,20128,3,21,2,581445,True,,,OK,True,True,True,,0.9999925494194031,10029581,True,False,0.13600853085517883,0.13848215341567993,False
T,20128,4,21,2,581445,True,,,OK,True,True,True,,1.0000470876693726,10109180,True,False,0.15109027922153473,0.18300122022628784,False
T,20128,5,21,2,581445,True,,,OK,True,True,True,,1.0000413656234741,10308928,True,False,0.1287856251001358,0.18449512124061584,False
T,20129,1,21,3,581445,True,,,OK,True,True,True,,0.9999615550041199,14249100,True,False,0.16980351507663727,0.22335734963417053,False
T,20129,2,21,3,581445,True,,,OK,True,True,True,,0.9998747706413269,14227660,True,False,0.19879582524299622,0.1758800446987152,False
T,20129,3,21,3,581445,True,,,OK,True,True,True,,0.999932050704956,14192629,True,False,0.13600853085517883,0.13848215341567993,False
T,20129,4,21,3,581445,True,,,OK,True,True,True,,0.9999527931213379,14116839,True,False,0.15109027922153473,0.18300122022628784,False
T,20129,5,21,3,581445,True,,,OK,True,True,True,,0.9999603629112244,14368989,True,False,0.1287856251001358,0.18449512124061584,False
T,20130,1,21,4,581445,True,,,OK,True,True,True,,0.9854232668876648,18341167,True,False,0.16980351507663727,0.22335734963417053,False
T,20130,2,21,4,581445,True,,,OK,True,True,True,,0.9794244766235352,18734369,True,False,0.19879582524299622,0.1758800446987152,False
T,20130,3,21,4,581445,True,,"T5,T6,T7,T8,T9",OK,True,True,True,,0.9879493713378906,18362294,True,False,0.13600853085517883,0.13848215341567993,False
T,20130,4,21,4,581445,True,,,OK,True,True,True,,0.9827296137809753,18393166,True,False,0.15109027922153473,0.18300122022628784,False
T,20130,5,21,4,581445,True,,,OK,True,True,True,,0.9870170950889587,18565030,True,False,0.1287856251001358,0.18449512124061584,False
T,20131,1,21,5,581445,True,,,OK,True,True,True,,0.9369580149650574,20910762,True,False,0.16980351507663727,0.22335734963417053,False
T,20131,2,21,5,581445,True,,,OK,True,True,True,,0.918436586856842,21012356,True,False,0.19879582524299622,0.1758800446987152,False
T,20131,3,21,5,581445,True,,,OK,True,True,True,,0.9506703019142151,20872376,True,False,0.13600853085517883,0.13848215341567993,False
T,20131,4,21,5,581445,True,,T4,OK,True,True,True,,0.9281920194625854,20920097,True,False,0.15109027922153473,0.18300122022628784,False
T,20131,5,21,5,581445,True,,,OK,True,True,True,,0.944661557674408,21060807,True,False,0.1287856251001358,0.18449512124061584,False
T,20132,1,22,0,370541,False,T9,T8,"MISSING_CANONICAL_TIMES:[270, 300]",False,False,False,,nan,0,True,False,0.11972332000732422,1.0,False
T,20132,2,22,0,370541,True,,,OK,True,True,True,,0.9999980330467224,8937361,True,False,0.1267620027065277,0.9999999403953552,False
T,20132,3,22,0,370541,True,,,OK,True,True,True,,1.0000730752944946,9995118,True,False,0.15172500908374786,1.0000003576278687,False
T,20132,4,22,0,370541,True,,,OK,True,True,True,,1.0000327825546265,7398575,True,False,0.14944659173488617,0.9999999403953552,False
T,20132,5,22,0,370541,True,,,OK,True,True,True,,1.0001331567764282,7504008,True,False,0.10075806081295013,0.9999997615814209,False
T,20133,1,22,1,370541,True,,,OK,True,True,True,,1.0000101327896118,9562152,True,False,0.11972332000732422,1.0,False
T,20133,2,22,1,370541,True,,,OK,True,True,True,,0.9999815225601196,9920858,True,False,0.1267620027065277,0.9999999403953552,False
T,20133,3,22,1,370541,True,,,OK,True,True,True,,1.0000501871109009,10836564,True,False,0.15172500908374786,1.0000003576278687,False
T,20133,4,22,1,370541,True,,,OK,True,True,True,,1.0000146627426147,9006280,True,False,0.14944659173488617,0.9999999403953552,False
T,20133,5,22,1,370541,True,,,OK,True,True,True,,1.0000680685043335,8735139,True,False,0.10075806081295013,0.9999997615814209,False
T,20134,1,22,2,370541,True,,,OK,True,True,True,,0.9999666810035706,11226596,True,False,0.11972332000732422,1.0,False
T,20134,2,22,2,370541,True,,,OK,True,True,True,,0.9999430775642395,11363185,True,False,0.1267620027065277,0.9999999403953552,False
T,20134,3,22,2,370541,True,,,OK,True,True,True,,0.9999769926071167,12375285,True,False,0.15172500908374786,1.0000003576278687,False
T,20134,4,22,2,370541,True,,,OK,True,True,True,,0.99997478723526,10282317,True,False,0.14944659173488617,0.9999999403953552,False
T,20134,5,22,2,370541,True,,,OK,True,True,True,,0.9999619126319885,10159045,True,False,0.10075806081295013,0.9999997615814209,False
T,20135,1,22,3,370541,True,,,OK,True,True,True,,0.99995356798172,14810419,True,False,0.11972332000732422,1.0,False
T,20135,2,22,3,370541,True,,,OK,True,True,True,,0.9997801184654236,14249764,True,False,0.1267620027065277,0.9999999403953552,False
T,20135,3,22,3,370541,True,,,OK,True,True,True,,0.99993896484375,14869969,True,False,0.15172500908374786,1.0000003576278687,False
T,20135,4,22,3,370541,True,,,OK,True,True,True,,0.9999624490737915,14688670,True,False,0.14944659173488617,0.9999999403953552,False
T,20135,5,22,3,370541,True,,,OK,True,False,True,21,16379.8740234375,14672304,True,False,0.10075806081295013,0.9999997615814209,False
T,20136,1,22,4,370541,True,,,OK,True,True,True,,0.9874595403671265,19421841,True,False,0.11972332000732422,1.0,False
T,20136,2,22,4,370541,True,,,OK,True,True,True,,0.9733089208602905,19157422,True,False,0.1267620027065277,0.9999999403953552,False
T,20136,3,22,4,370541,True,,,OK,True,True,True,,0.9863010048866272,19574866,True,False,0.15172500908374786,1.0000003576278687,False
T,20136,4,22,4,370541,True,,,OK,True,True,True,,0.9891886711120605,18823597,True,False,0.14944659173488617,0.9999999403953552,False
T,20136,5,22,4,370541,True,,,OK,True,True,True,,0.9740433096885681,19201864,True,False,0.10075806081295013,0.9999997615814209,False
T,20137,1,22,5,370541,True,,,OK,True,True,True,,0.941621720790863,21405208,True,False,0.11972332000732422,1.0,False
T,20137,2,22,5,370541,True,,,OK,True,True,True,,0.911881685256958,21222731,True,False,0.1267620027065277,0.9999999403953552,False
T,20137,3,22,5,370541,True,,,OK,True,True,True,,0.9462628364562988,21201538,True,False,0.15172500908374786,1.0000003576278687,False
T,20137,4,22,5,370541,True,,,OK,True,True,True,,0.9567753076553345,21424672,True,False,0.14944659173488617,0.9999999403953552,False
T,20137,5,22,5,370541,True,,,OK,True,True,True,,0.8990188837051392,21678875,True,False,0.10075806081295013,0.9999997615814209,False
T,20138,1,23,0,899187,True,,,OK,True,True,True,,0.9999947547912598,8623363,True,False,0.11972278356552124,1.0,False
T,20138,2,23,0,899187,True,,,OK,True,True,True,,0.9999953508377075,9375255,True,False,0.12676233053207397,0.9999999403953552,False
T,20138,3,23,0,899187,True,,,OK,True,True,True,,0.9999935030937195,10610895,True,False,0.1517251431941986,1.0000003576278687,False
T,20138,4,23,0,899187,True,,T9,OK,True,True,True,,0.9999964237213135,7515078,True,False,0.14944620430469513,0.9999999403953552,False
T,20138,5,23,0,899187,True,,,OK,True,True,True,,0.9999955892562866,7843658,True,False,0.10075807571411133,0.9999997615814209,False
T,20139,1,23,1,899187,True,,T9,OK,True,True,True,,0.9999948143959045,9908681,True,False,0.11972278356552124,1.0,False
T,20139,2,23,1,899187,True,,,OK,True,True,True,,0.999995231628418,10176071,True,False,0.12676233053207397,0.9999999403953552,False
T,20139,3,23,1,899187,True,,,OK,True,True,True,,0.9999933838844299,11288299,True,False,0.1517251431941986,1.0000003576278687,False
T,20139,4,23,1,899187,True,,,OK,True,True,True,,0.9999963045120239,9024468,True,False,0.14944620430469513,0.9999999403953552,False
T,20139,5,23,1,899187,True,,,OK,True,True,True,,0.9999923706054688,9304806,True,False,0.10075807571411133,0.9999997615814209,False
T,20140,1,23,2,899187,True,,,OK,True,True,True,,0.9999735951423645,11738933,True,False,0.11972278356552124,1.0,False
T,20140,2,23,2,899187,True,,,OK,True,True,True,,0.9999232888221741,11713682,True,False,0.12676233053207397,0.9999999403953552,False
T,20140,3,23,2,899187,True,,,OK,True,True,True,,0.9999740719795227,13022343,True,False,0.1517251431941986,1.0000003576278687,False
T,20140,4,23,2,899187,True,,,OK,True,True,True,,0.9999761581420898,10536683,True,False,0.14944620430469513,0.9999999403953552,False
T,20140,5,23,2,899187,True,,,OK,True,True,True,,0.9999628067016602,10744478,True,False,0.10075807571411133,0.9999997615814209,False
T,20141,1,23,3,899187,True,,,OK,True,True,True,,0.9999693036079407,15113396,True,False,0.11972278356552124,1.0,False
T,20141,2,23,3,899187,True,,,OK,True,True,True,,0.999291718006134,14160252,True,False,0.12676233053207397,0.9999999403953552,False
T,20141,3,23,3,899187,True,,T3,OK,True,True,True,,0.9999701380729675,15283706,True,False,0.1517251431941986,1.0000003576278687,False
T,20141,4,23,3,899187,True,,,OK,True,True,True,,0.9999706149101257,14680627,True,False,0.14944620430469513,0.9999999403953552,False
T,20141,5,23,3,899187,False,T9,,"MISSING_CANONICAL_TIMES:[270, 300]",False,False,False,,nan,0,True,False,0.10075807571411133,0.9999997615814209,False
T,20142,1,23,4,899187,True,,,OK,True,True,True,,0.9870482683181763,20155788,True,False,0.11972278356552124,1.0,False
T,20142,2,23,4,899187,True,,,OK,True,True,True,,0.9640096426010132,19541085,True,False,0.12676233053207397,0.9999999403953552,False
T,20142,3,23,4,899187,True,,,OK,True,True,True,,0.9859684705734253,20156480,True,False,0.1517251431941986,1.0000003576278687,False
T,20142,4,23,4,899187,True,,,OK,True,True,True,,0.9892868399620056,19249081,True,False,0.14944620430469513,0.9999999403953552,False
T,20142,5,23,4,899187,True,,,OK,True,True,True,,0.9634206891059875,20090580,True,False,0.10075807571411133,0.9999997615814209,False
T,20143,1,23,5,899187,True,,,OK,True,True,True,,0.9425528049468994,21637339,True,False,0.11972278356552124,1.0,False
T,20143,2,23,5,899187,True,,,OK,True,True,True,,0.897206723690033,21287952,True,False,0.12676233053207397,0.9999999403953552,False
T,20143,3,23,5,899187,True,,T4,OK,True,True,True,,0.9479676485061646,21340109,True,False,0.1517251431941986,1.0000003576278687,False
T,20143,4,23,5,899187,True,,,OK,True,True,True,,0.9588205218315125,21647602,True,False,0.14944620430469513,0.9999999403953552,False
T,20143,5,23,5,899187,True,,,OK,True,True,True,,0.8766331672668457,21927609,True,False,0.10075807571411133,0.9999997615814209,False
T,20144,1,24,0,190757,True,,,OK,True,True,True,,1.001980185508728,7072823,True,False,0.12076543271541595,0.13519012928009033,False
T,20144,2,24,0,190757,True,,,OK,True,True,True,,1.0000108480453491,7108905,True,False,0.14406657218933105,0.15895980596542358,False
T,20144,3,24,0,190757,True,,,OK,True,True,True,,1.0001859664916992,7957329,True,False,0.20344431698322296,0.12351204454898834,False
T,20144,4,24,0,190757,True,,,OK,True,True,True,,1.0004096031188965,7766328,True,True,0.10240262746810913,0.1455502212047577,True
T,20144,5,24,0,190757,True,,,OK,True,True,True,,1.0004194974899292,7589456,True,False,0.12935273349285126,0.18300122022628784,False
T,20145,1,24,1,190757,True,,,OK,True,True,True,,1.0015003681182861,8683526,True,False,0.12076543271541595,0.13519012928009033,False
T,20145,2,24,1,190757,True,,,OK,True,True,True,,1.0000007152557373,8662273,True,False,0.14406657218933105,0.15895980596542358,False
T,20145,3,24,1,190757,True,,,OK,True,True,True,,1.0001493692398071,9294529,True,False,0.20344431698322296,0.12351204454898834,False
T,20145,4,24,1,190757,True,,,OK,True,True,True,,1.0002351999282837,9175055,True,True,0.10240262746810913,0.1455502212047577,True
T,20145,5,24,1,190757,True,,,OK,True,True,True,,1.000253438949585,9020093,True,False,0.12935273349285126,0.18300122022628784,False
T,20146,1,24,2,190757,True,,,OK,True,True,True,,1.0008169412612915,9824498,True,False,0.12076543271541595,0.13519012928009033,False
T,20146,2,24,2,190757,True,,,OK,True,True,True,,0.9999544620513916,9804825,True,False,0.14406657218933105,0.15895980596542358,False
T,20146,3,24,2,190757,True,,,OK,True,True,True,,1.0000391006469727,10558128,True,False,0.20344431698322296,0.12351204454898834,False
T,20146,4,24,2,190757,True,,,OK,True,True,True,,1.0000239610671997,10340290,True,True,0.10240262746810913,0.1455502212047577,True
T,20146,5,24,2,190757,True,,,OK,True,True,True,,1.0000134706497192,10334948,True,False,0.12935273349285126,0.18300122022628784,False
T,20147,1,24,3,190757,True,,,OK,True,True,True,,1.0000604391098022,14151109,True,False,0.12076543271541595,0.13519012928009033,False
T,20147,2,24,3,190757,True,,,OK,True,True,True,,0.9999191761016846,14215084,True,False,0.14406657218933105,0.15895980596542358,False
T,20147,3,24,3,190757,True,,T4,OK,True,True,True,,0.9999533891677856,14297694,True,False,0.20344431698322296,0.12351204454898834,False
T,20147,4,24,3,190757,True,,,OK,True,True,True,,0.9999446868896484,14242641,True,True,0.10240262746810913,0.1455502212047577,True
T,20147,5,24,3,190757,True,,,OK,True,True,True,,0.9999322295188904,14233115,True,False,0.12935273349285126,0.18300122022628784,False
T,20148,1,24,4,190757,True,,,OK,True,True,True,,0.9837321639060974,18222599,True,False,0.12076543271541595,0.13519012928009033,False
T,20148,2,24,4,190757,True,,,OK,True,True,True,,0.9797720909118652,18477437,True,False,0.14406657218933105,0.15895980596542358,False
T,20148,3,24,4,190757,True,,,OK,True,True,True,,0.9835698008537292,18516734,True,False,0.20344431698322296,0.12351204454898834,False
T,20148,4,24,4,190757,True,,T1,OK,True,True,True,,0.9843079447746277,19070705,True,True,0.10240262746810913,0.1455502212047577,True
T,20148,5,24,4,190757,True,,,OK,True,True,True,,0.9843406677246094,18642730,True,False,0.12935273349285126,0.18300122022628784,False
T,20149,1,24,5,190757,True,,,OK,True,True,True,,0.9316415786743164,20969760,True,False,0.12076543271541595,0.13519012928009033,False
T,20149,2,24,5,190757,True,,,OK,True,True,True,,0.9140809178352356,21099541,True,False,0.14406657218933105,0.15895980596542358,False
T,20149,3,24,5,190757,True,,,OK,True,True,True,,0.9300016164779663,20881470,True,False,0.20344431698322296,0.12351204454898834,False
T,20149,4,24,5,190757,True,,T2,OK,True,True,True,,0.9320475459098816,21098146,True,True,0.10240262746810913,0.1455502212047577,True
T,20149,5,24,5,190757,True,,,OK,True,True,True,,0.9334375858306885,20932822,True,False,0.12935273349285126,0.18300122022628784,False
T,20150,1,25,0,636905,True,,,OK,True,True,True,,1.0000181198120117,8573620,True,True,0.10888824611902237,0.15565328299999237,True
T,20150,2,25,0,636905,True,,,OK,True,True,True,,1.000135898590088,8704833,True,False,0.12961207330226898,0.18449512124061584,False
T,20150,3,25,0,636905,True,,,OK,True,True,True,,1.0001029968261719,8405400,True,True,0.1084403395652771,0.22335734963417053,True
T,20150,4,25,0,636905,True,,,OK,True,True,True,,1.000192403793335,7150364,True,True,0.11126227676868439,0.20393815636634827,True
T,20150,5,25,0,636905,True,,,OK,True,True,True,,1.0000499486923218,8901138,True,True,0.09616377204656601,0.12374607473611832,True
T,20151,1,25,1,636905,True,,,OK,True,True,True,,1.000003695487976,9826388,True,True,0.10888824611902237,0.15565328299999237,True
T,20151,2,25,1,636905,True,,,OK,True,True,True,,1.0000922679901123,9834381,True,False,0.12961207330226898,0.18449512124061584,False
T,20151,3,25,1,636905,True,,,OK,True,True,True,,1.0000096559524536,9691724,True,True,0.1084403395652771,0.22335734963417053,True
T,20151,4,25,1,636905,True,,,OK,True,True,True,,1.000113844871521,8814014,True,True,0.11126227676868439,0.20393815636634827,True
T,20151,5,25,1,636905,True,,,OK,True,True,True,,1.000020146369934,9964214,True,True,0.09616377204656601,0.12374607473611832,True
T,20152,1,25,2,636905,True,,,OK,True,True,True,,0.9999468922615051,11537396,True,True,0.10888824611902237,0.15565328299999237,True
T,20152,2,25,2,636905,True,,,OK,True,True,True,,0.9999387860298157,11574229,True,False,0.12961207330226898,0.18449512124061584,False
T,20152,3,25,2,636905,True,,,OK,True,True,True,,0.9999116659164429,11282167,True,True,0.1084403395652771,0.22335734963417053,True
T,20152,4,25,2,636905,True,,,OK,True,True,True,,1.0000125169754028,10129592,True,True,0.11126227676868439,0.20393815636634827,True
T,20152,5,25,2,636905,True,,,OK,True,True,True,,0.9999682307243347,11448539,True,True,0.09616377204656601,0.12374607473611832,True
T,20153,1,25,3,636905,True,,,OK,True,True,True,,0.99957275390625,14744441,True,True,0.10888824611902237,0.15565328299999237,True
T,20153,2,25,3,636905,True,,,OK,True,True,True,,0.9996464848518372,14736387,True,False,0.12961207330226898,0.18449512124061584,False
T,20153,3,25,3,636905,True,,,OK,True,True,True,,0.9997491240501404,14617675,True,True,0.1084403395652771,0.22335734963417053,True
T,20153,4,25,3,636905,True,,,OK,True,True,True,,0.999919593334198,14957828,True,True,0.11126227676868439,0.20393815636634827,True
T,20153,5,25,3,636905,True,,,OK,True,True,True,,0.9999551177024841,14307772,True,True,0.09616377204656601,0.12374607473611832,True
T,20154,1,25,4,636905,True,,,OK,True,True,True,,0.9584015607833862,19820848,True,True,0.10888824611902237,0.15565328299999237,True
T,20154,2,25,4,636905,True,,,OK,True,True,True,,0.9593128561973572,19755764,True,False,0.12961207330226898,0.18449512124061584,False
T,20154,3,25,4,636905,True,,,OK,True,True,True,,0.9597939252853394,19814259,True,True,0.1084403395652771,0.22335734963417053,True
T,20154,4,25,4,636905,True,,,OK,True,True,True,,0.9800851941108704,19045530,True,True,0.11126227676868439,0.20393815636634827,True
T,20154,5,25,4,636905,True,,,OK,True,True,True,,0.9878865480422974,19324252,True,True,0.09616377204656601,0.12374607473611832,True
T,20155,1,25,5,636905,False,"T7,T8,T9",,"MISSING_CANONICAL_TIMES:[150, 180, 210, 240, 270, 300]",False,False,False,,nan,0,True,True,0.10888824611902237,0.15565328299999237,False
T,20155,2,25,5,636905,True,,,OK,True,True,True,,0.8611642718315125,21540868,True,False,0.12961207330226898,0.18449512124061584,False
T,20155,3,25,5,636905,True,,,OK,True,True,True,,0.8637325167655945,21573238,True,True,0.1084403395652771,0.22335734963417053,True
T,20155,4,25,5,636905,True,,,OK,True,True,True,,0.9089495539665222,21715129,True,True,0.11126227676868439,0.20393815636634827,True
T,20155,5,25,5,636905,True,,,OK,True,True,True,,0.9582050442695618,20874367,True,True,0.09616377204656601,0.12374607473611832,True
T,20156,1,26,0,998467,True,,,OK,True,True,True,,0.9999945163726807,8933675,True,True,0.08128529787063599,0.1607494354248047,True
T,20156,2,26,0,998467,True,,,OK,True,True,True,,0.9999929666519165,8445255,True,True,0.09786403924226761,0.16414617002010345,True
T,20156,3,26,0,998467,True,,,OK,True,True,True,,0.9999960064888,8249281,True,True,0.09459983557462692,0.15281374752521515,True
T,20156,4,26,0,998467,True,,,OK,True,True,False,,0.9999962449073792,6869102,True,False,0.12737053632736206,0.12010078877210617,False
T,20156,5,26,0,998467,True,,,OK,True,True,True,,0.9999974966049194,9083341,True,False,0.18152837455272675,0.20393815636634827,False
T,20157,1,26,1,998467,True,,,OK,True,True,True,,0.9999929666519165,10306707,True,True,0.08128529787063599,0.1607494354248047,True
T,20157,2,26,1,998467,True,,,OK,True,True,True,,0.999992311000824,9752005,True,True,0.09786403924226761,0.16414617002010345,True
T,20157,3,26,1,998467,True,,,OK,True,True,True,,0.9999958276748657,9526061,True,True,0.09459983557462692,0.15281374752521515,True
T,20157,4,26,1,998467,True,,,OK,True,True,True,,0.9999960064888,9036443,True,False,0.12737053632736206,0.12010078877210617,False
T,20157,5,26,1,998467,True,,,OK,True,True,True,,0.9999971985816956,9811276,True,False,0.18152837455272675,0.20393815636634827,False
T,20158,1,26,2,998467,True,,,OK,True,True,True,,0.9986451864242554,12316537,True,True,0.08128529787063599,0.1607494354248047,True
T,20158,2,26,2,998467,True,,,OK,True,True,True,,0.9996031522750854,11269481,True,True,0.09786403924226761,0.16414617002010345,True
T,20158,3,26,2,998467,True,,,OK,True,True,True,,0.9999737739562988,11517527,True,True,0.09459983557462692,0.15281374752521515,True
T,20158,4,26,2,998467,True,,,OK,True,True,True,,0.9999749660491943,10537530,True,False,0.12737053632736206,0.12010078877210617,False
T,20158,5,26,2,998467,True,,,OK,True,True,True,,0.9999727010726929,12558315,True,False,0.18152837455272675,0.20393815636634827,False
T,20159,1,26,3,998467,True,,,OK,True,True,True,,0.9927027821540833,15267870,True,True,0.08128529787063599,0.1607494354248047,True
T,20159,2,26,3,998467,True,,,OK,True,True,True,,0.9971421360969543,14985777,True,True,0.09786403924226761,0.16414617002010345,True
T,20159,3,26,3,998467,True,,T9,OK,True,True,True,,0.9999459981918335,14725873,True,True,0.09459983557462692,0.15281374752521515,True
T,20159,4,26,3,998467,True,,,OK,True,True,True,,0.9999735355377197,14642246,True,False,0.12737053632736206,0.12010078877210617,False
T,20159,5,26,3,998467,True,,,OK,True,True,True,,0.999924898147583,15868402,True,False,0.18152837455272675,0.20393815636634827,False
T,20160,1,26,4,998467,True,,,OK,True,True,True,,0.9046527743339539,20762830,True,True,0.08128529787063599,0.1607494354248047,True
T,20160,2,26,4,998467,True,,,OK,True,True,True,,0.9190895557403564,19819040,True,True,0.09786403924226761,0.16414617002010345,True
T,20160,3,26,4,998467,True,,,OK,True,True,True,,0.9801269173622131,19855374,True,True,0.09459983557462692,0.15281374752521515,True
T,20160,4,26,4,998467,True,,,OK,True,True,True,,0.9890090823173523,19304860,True,False,0.12737053632736206,0.12010078877210617,False
T,20160,5,26,4,998467,True,,,OK,True,True,True,,0.9622510075569153,21068071,True,False,0.18152837455272675,0.20393815636634827,False
T,20161,1,26,5,998467,True,,,OK,True,True,True,,0.7721705436706543,21901082,True,True,0.08128529787063599,0.1607494354248047,True
T,20161,2,26,5,998467,True,,,OK,True,True,True,,0.7852349877357483,21824068,True,True,0.09786403924226761,0.16414617002010345,True
T,20161,3,26,5,998467,True,,,OK,True,True,True,,1.312989354133606,21545337,True,True,0.09459983557462692,0.15281374752521515,True
T,20161,4,26,5,998467,True,,,OK,True,True,True,,0.9678391814231873,21528759,True,False,0.12737053632736206,0.12010078877210617,False
T,20161,5,26,5,998467,True,,,OK,True,True,True,,0.8742566704750061,22316315,True,False,0.18152837455272675,0.20393815636634827,False
