pool,param_id,real,cell_id,transport_id,seed,stages_ok,failed_stages,repaired_stages,merge_status,complete,no_blowup,size_ok,blowup_snapshots,max_c,bytes,k_consistent,independent,max_abs_r_master,max_abs_r_other_new_cells,qa_pass
T2,20000,1,0,0,665907,True,,,OK,True,True,True,,1.0002864599227905,8161674,True,True,0.028436733409762383,0.04500846937298775,True
T2,20000,2,0,0,665907,True,,,OK,True,True,True,,1.0001816749572754,8064545,True,True,0.030965890735387802,0.04988516867160797,True
T2,20000,3,0,0,665907,True,,,OK,True,True,True,,1.0002533197402954,8015850,True,True,0.018555542454123497,0.046480901539325714,True
T2,20000,4,0,0,665907,True,,,OK,True,True,True,,1.0002282857894897,8185480,True,True,0.029059141874313354,0.049400974065065384,True
T2,20000,5,0,0,665907,True,,,OK,True,True,True,,1.00068199634552,8048812,True,True,0.034103523939847946,0.04672835022211075,True
T2,20001,1,0,1,665907,True,,,OK,True,True,True,,1.0001626014709473,9473278,True,True,0.028436733409762383,0.04500846937298775,True
T2,20001,2,0,1,665907,True,,,OK,True,True,True,,1.0001232624053955,9397897,True,True,0.030965890735387802,0.04988516867160797,True
T2,20001,3,0,1,665907,True,,,OK,True,True,True,,1.0001583099365234,9397976,True,True,0.018555542454123497,0.046480901539325714,True
T2,20001,4,0,1,665907,True,,,OK,True,True,True,,1.0001189708709717,9488158,True,True,0.029059141874313354,0.049400974065065384,True
T2,20001,5,0,1,665907,True,,,OK,True,True,True,,1.0004980564117432,9412716,True,True,0.034103523939847946,0.04672835022211075,True
T2,20002,1,0,2,665907,True,,,OK,True,True,True,,1.0000306367874146,10758016,True,True,0.028436733409762383,0.04500846937298775,True
T2,20002,2,0,2,665907,True,,,OK,True,True,True,,1.0000149011611938,10595149,True,True,0.030965890735387802,0.04988516867160797,True
T2,20002,3,0,2,665907,True,,,OK,True,True,True,,1.0000157356262207,10628590,True,True,0.018555542454123497,0.046480901539325714,True
T2,20002,4,0,2,665907,True,,,OK,True,True,True,,1.0000170469284058,10699249,True,True,0.029059141874313354,0.049400974065065384,True
T2,20002,5,0,2,665907,True,,,OK,True,True,True,,1.0001317262649536,10679359,True,True,0.034103523939847946,0.04672835022211075,True
T2,20003,1,0,3,665907,True,,,OK,True,True,True,,0.9999366998672485,14265595,True,True,0.028436733409762383,0.04500846937298775,True
T2,20003,2,0,3,665907,True,,,OK,True,True,True,,0.999944806098938,14265980,True,True,0.030965890735387802,0.04988516867160797,True
T2,20003,3,0,3,665907,True,,,OK,True,True,True,,0.9999454617500305,14250712,True,True,0.018555542454123497,0.046480901539325714,True
T2,20003,4,0,3,665907,True,,"T5,T6,T7,T8,T9",OK,True,True,True,,0.9999339580535889,14296645,True,True,0.029059141874313354,0.049400974065065384,True
T2,20003,5,0,3,665907,True,,,OK,True,True,True,,0.9999445080757141,14283363,True,True,0.034103523939847946,0.04672835022211075,True
T2,20004,1,0,4,665907,True,,,OK,True,True,True,,0.9824360609054565,18678428,True,True,0.028436733409762383,0.04500846937298775,True
T2,20004,2,0,4,665907,True,,,OK,True,True,True,,0.9837449193000793,18590836,True,True,0.030965890735387802,0.04988516867160797,True
T2,20004,3,0,4,665907,True,,,OK,True,True,True,,0.9850283861160278,18575634,True,True,0.018555542454123497,0.046480901539325714,True
T2,20004,4,0,4,665907,True,,,OK,True,True,True,,0.983552098274231,18714241,True,True,0.029059141874313354,0.049400974065065384,True
T2,20004,5,0,4,665907,True,,,OK,True,True,True,,0.9838717579841614,18705518,True,True,0.034103523939847946,0.04672835022211075,True
T2,20005,1,0,5,665907,True,,,OK,True,True,True,,0.9285090565681458,20960350,True,True,0.028436733409762383,0.04500846937298775,True
T2,20005,2,0,5,665907,True,,,OK,True,True,True,,0.9322605729103088,20997461,True,True,0.030965890735387802,0.04988516867160797,True
T2,20005,3,0,5,665907,True,,,OK,True,True,True,,0.9377229809761047,20903385,True,True,0.018555542454123497,0.046480901539325714,True
T2,20005,4,0,5,665907,True,,,OK,True,True,True,,0.933426022529602,20999586,True,True,0.029059141874313354,0.049400974065065384,True
T2,20005,5,0,5,665907,True,,,OK,True,True,True,,0.9340595006942749,20943080,True,True,0.034103523939847946,0.04672835022211075,True
T2,20006,1,1,0,886061,True,,,OK,True,True,True,,0.9999991059303284,10100260,True,True,0.025452906265854836,0.0478581041097641,True
T2,20006,2,1,0,886061,True,,,OK,True,True,True,,0.9999963045120239,10182530,True,True,0.03893634304404259,0.03905210271477699,True
T2,20006,3,1,0,886061,True,,,OK,True,True,True,,0.9999940991401672,10363968,True,True,0.03234446421265602,0.03538123890757561,True
T2,20006,4,1,0,886061,True,,,OK,True,True,True,,0.9999977350234985,10194901,True,True,0.05099186301231384,0.06744243204593658,True
T2,20006,5,1,0,886061,True,,,OK,True,True,True,,0.9999959468841553,10395895,True,True,0.037889204919338226,0.052308809012174606,True
T2,20007,1,1,1,886061,True,,,OK,True,True,True,,0.999998927116394,10738983,True,True,0.025452906265854836,0.0478581041097641,True
T2,20007,2,1,1,886061,True,,,OK,True,True,True,,0.9999962449073792,10816994,True,True,0.03893634304404259,0.03905210271477699,True
T2,20007,3,1,1,886061,True,,,OK,True,True,True,,0.9999939203262329,11076909,True,True,0.03234446421265602,0.03538123890757561,True
T2,20007,4,1,1,886061,True,,,OK,True,True,True,,0.9999975562095642,10826618,True,True,0.05099186301231384,0.06744243204593658,True
T2,20007,5,1,1,886061,True,,,OK,True,True,True,,0.9999960064888,10944530,True,True,0.037889204919338226,0.052308809012174606,True
T2,20008,1,1,2,886061,True,,,OK,True,True,True,,0.9999779462814331,12378194,True,True,0.025452906265854836,0.0478581041097641,True
T2,20008,2,1,2,886061,True,,,OK,True,True,True,,0.9999749660491943,12536271,True,True,0.03893634304404259,0.03905210271477699,True
T2,20008,3,1,2,886061,True,,,OK,True,True,True,,0.9999743700027466,12656974,True,True,0.03234446421265602,0.03538123890757561,True
T2,20008,4,1,2,886061,True,,,OK,True,True,True,,0.9999769926071167,12482966,True,True,0.05099186301231384,0.06744243204593658,True
T2,20008,5,1,2,886061,True,,,OK,True,True,True,,0.9999745488166809,12560306,True,True,0.037889204919338226,0.052308809012174606,True
T2,20009,1,1,3,886061,True,,,OK,True,True,True,,0.9999614953994751,14589359,True,True,0.025452906265854836,0.0478581041097641,True
T2,20009,2,1,3,886061,True,,,OK,True,True,True,,0.9999650120735168,14649478,True,True,0.03893634304404259,0.03905210271477699,True
T2,20009,3,1,3,886061,True,,"T5,T6,T7,T8,T9",OK,True,True,True,,0.9999713897705078,14852844,True,True,0.03234446421265602,0.03538123890757561,True
T2,20009,4,1,3,886061,True,,,OK,True,True,True,,0.9999497532844543,14702271,True,True,0.05099186301231384,0.06744243204593658,True
T2,20009,5,1,3,886061,True,,,OK,True,True,True,,0.9999702572822571,14569961,True,True,0.037889204919338226,0.052308809012174606,True
T2,20010,1,1,4,886061,True,,,OK,True,True,True,,0.9848301410675049,19991116,True,True,0.025452906265854836,0.0478581041097641,True
T2,20010,2,1,4,886061,True,,,OK,True,True,True,,0.9836929440498352,19985354,True,True,0.03893634304404259,0.03905210271477699,True
T2,20010,3,1,4,886061,True,,,OK,True,True,True,,0.9877229332923889,19992830,True,True,0.03234446421265602,0.03538123890757561,True
T2,20010,4,1,4,886061,True,,,OK,True,True,True,,0.9813597202301025,20102754,True,True,0.05099186301231384,0.06744243204593658,True
T2,20010,5,1,4,886061,True,,,OK,True,True,True,,0.9856841564178467,19917482,True,True,0.037889204919338226,0.052308809012174606,True
T2,20011,1,1,5,886061,True,,,OK,True,True,True,,0.9431508779525757,21102500,True,True,0.025452906265854836,0.0478581041097641,True
T2,20011,2,1,5,886061,True,,,OK,True,True,True,,0.9450802803039551,21210189,True,True,0.03893634304404259,0.03905210271477699,True
T2,20011,3,1,5,886061,True,,,OK,True,True,True,,0.951348066329956,21259683,True,True,0.03234446421265602,0.03538123890757561,True
T2,20011,4,1,5,886061,True,,,OK,True,True,True,,6.746076583862305,21284602,True,True,0.05099186301231384,0.06744243204593658,True
T2,20011,5,1,5,886061,True,,,OK,True,True,True,,0.9427413940429688,21077368,True,True,0.037889204919338226,0.052308809012174606,True
T2,20012,1,2,0,594413,True,,,OK,True,True,True,,0.9999977946281433,10669776,True,True,0.019963132217526436,0.03864097595214844,True
T2,20012,2,2,0,594413,True,,,OK,True,True,True,,0.9999977946281433,10748860,True,True,0.028187373653054237,0.03561978042125702,True
T2,20012,3,2,0,594413,True,,,OK,True,True,True,,0.9999978542327881,10653302,True,True,0.056062597781419754,0.04945486783981323,True
T2,20012,4,2,0,594413,True,,,OK,True,True,True,,0.999997615814209,10941477,True,True,0.0258877482265234,0.05237150937318802,True
T2,20012,5,2,0,594413,True,,,OK,True,True,True,,0.999997615814209,11521725,True,True,0.033580485731363297,0.03690730780363083,True
T2,20013,1,2,1,594413,True,,,OK,True,True,True,,0.9999977350234985,11116727,True,True,0.019963132217526436,0.03864097595214844,True
T2,20013,2,2,1,594413,True,,,OK,True,True,True,,0.9999977946281433,11316832,True,True,0.028187373653054237,0.03561978042125702,True
T2,20013,3,2,1,594413,True,,"T3,T4",OK,True,True,True,,0.9999974966049194,11346674,True,True,0.056062597781419754,0.04945486783981323,True
T2,20013,4,2,1,594413,True,,,OK,True,True,True,,0.9999973177909851,11340996,True,True,0.0258877482265234,0.05237150937318802,True
T2,20013,5,2,1,594413,True,,,OK,True,True,True,,0.9999975562095642,11885903,True,True,0.033580485731363297,0.03690730780363083,True
T2,20014,1,2,2,594413,True,,T8,OK,True,True,True,,0.9999765753746033,12966205,True,True,0.019963132217526436,0.03864097595214844,True
T2,20014,2,2,2,594413,True,,,OK,True,True,True,,0.9999775886535645,13146034,True,True,0.028187373653054237,0.03561978042125702,True
T2,20014,3,2,2,594413,True,,,OK,True,True,True,,0.9999783039093018,13231834,True,True,0.056062597781419754,0.04945486783981323,True
T2,20014,4,2,2,594413,True,,,OK,True,True,True,,0.9999738335609436,13373479,True,True,0.0258877482265234,0.05237150937318802,True
T2,20014,5,2,2,594413,True,,,OK,True,True,True,,0.9999738931655884,14033874,True,True,0.033580485731363297,0.03690730780363083,True
T2,20015,1,2,3,594413,True,,,OK,True,True,True,,0.9999736547470093,14587958,True,True,0.019963132217526436,0.03864097595214844,True
T2,20015,2,2,3,594413,True,,,OK,True,True,True,,0.9999728798866272,14853425,True,True,0.028187373653054237,0.03561978042125702,True
T2,20015,3,2,3,594413,True,,,OK,True,True,True,,0.9999715089797974,14732877,True,True,0.056062597781419754,0.04945486783981323,True
T2,20015,4,2,3,594413,True,,,OK,True,True,True,,0.9999507665634155,14710186,True,True,0.0258877482265234,0.05237150937318802,True
T2,20015,5,2,3,594413,True,,,OK,True,True,True,,0.9999443888664246,15171806,True,True,0.033580485731363297,0.03690730780363083,True
T2,20016,1,2,4,594413,True,,,OK,True,True,True,,0.985193133354187,20354197,True,True,0.019963132217526436,0.03864097595214844,True
T2,20016,2,2,4,594413,True,,,OK,True,True,True,,0.985180675983429,20561808,True,True,0.028187373653054237,0.03561978042125702,True
T2,20016,3,2,4,594413,True,,,OK,True,True,True,,1.3665897846221924,20774695,True,True,0.056062597781419754,0.04945486783981323,True
T2,20016,4,2,4,594413,True,,,OK,True,True,True,,0.9758291840553284,20627081,True,True,0.0258877482265234,0.05237150937318802,True
T2,20016,5,2,4,594413,True,,,OK,True,True,True,,0.9796205759048462,20991303,True,True,0.033580485731363297,0.03690730780363083,True
T2,20017,1,2,5,594413,True,,,OK,True,True,True,,0.9535788297653198,21064620,True,True,0.019963132217526436,0.03864097595214844,True
T2,20017,2,2,5,594413,True,,,OK,True,True,True,,0.9561052918434143,21359782,True,True,0.028187373653054237,0.03561978042125702,True
T2,20017,3,2,5,594413,True,,,OK,True,True,True,,0.9505959749221802,21217254,True,True,0.056062597781419754,0.04945486783981323,True
T2,20017,4,2,5,594413,True,,,OK,True,True,True,,0.9422388076782227,21178151,True,True,0.0258877482265234,0.05237150937318802,True
T2,20017,5,2,5,594413,True,,,OK,True,True,True,,0.9365405440330505,21374901,True,True,0.033580485731363297,0.03690730780363083,True
T2,22018,1,3,0,4300887,True,,,OK,True,True,True,,1.0001816749572754,8130060,True,True,0.05596902593970299,0.107327401638031,True
T2,22018,2,3,0,4300887,True,,,OK,True,True,True,,1.000312328338623,7898106,True,True,0.055926255881786346,0.08329601585865021,True
T2,22018,3,3,0,4300887,True,,,OK,True,True,True,,1.0001449584960938,7791853,True,True,0.05379009246826172,0.09317518770694733,True
T2,22018,4,3,0,4300887,True,,,OK,True,True,True,,1.0002540349960327,7889131,True,True,0.05060043931007385,0.06171035021543503,True
T2,22018,5,3,0,4300887,True,,,OK,True,True,True,,1.000475525856018,7842284,True,True,0.07460241764783859,0.06383727490901947,True
T2,22019,1,3,1,4300887,True,,,OK,True,True,True,,1.000118374824524,9547147,True,True,0.05596902593970299,0.107327401638031,True
T2,22019,2,3,1,4300887,True,,,OK,True,True,True,,1.0002020597457886,9309878,True,True,0.055926255881786346,0.08329601585865021,True
T2,22019,3,3,1,4300887,True,,,OK,True,True,True,,1.000069499015808,9215312,True,True,0.05379009246826172,0.09317518770694733,True
T2,22019,4,3,1,4300887,True,,,OK,True,True,True,,1.000128149986267,9310500,True,True,0.05060043931007385,0.06171035021543503,True
T2,22019,5,3,1,4300887,True,,,OK,True,True,True,,1.0003029108047485,9233531,True,True,0.07460241764783859,0.06383727490901947,True
T2,22020,1,3,2,4300887,True,,,OK,True,True,True,,1.0000091791152954,10807184,True,True,0.05596902593970299,0.107327401638031,True
T2,22020,2,3,2,4300887,True,,"T6,T7,T8,T9",OK,True,True,True,,1.0000277757644653,10555543,True,True,0.055926255881786346,0.08329601585865021,True
T2,22020,3,3,2,4300887,True,,,OK,True,True,True,,0.999982476234436,10432728,True,True,0.05379009246826172,0.09317518770694733,True
T2,22020,4,3,2,4300887,True,,,OK,True,True,True,,1.0000076293945312,10584257,True,True,0.05060043931007385,0.06171035021543503,True
T2,22020,5,3,2,4300887,True,,,OK,True,True,True,,1.0000823736190796,10465593,True,True,0.07460241764783859,0.06383727490901947,True
T2,22021,1,3,3,4300887,True,,,OK,True,True,True,,0.9999368190765381,14388531,True,True,0.05596902593970299,0.107327401638031,True
T2,22021,2,3,3,4300887,True,,,OK,True,True,True,,0.9999485611915588,14414221,True,True,0.055926255881786346,0.08329601585865021,True
T2,22021,3,3,3,4300887,True,,,OK,True,True,True,,0.9999125599861145,14393862,True,True,0.05379009246826172,0.09317518770694733,True
T2,22021,4,3,3,4300887,True,,,OK,True,True,True,,0.9999387860298157,14334190,True,True,0.05060043931007385,0.06171035021543503,True
T2,22021,5,3,3,4300887,True,,,OK,True,True,True,,0.9999497532844543,14307345,True,True,0.07460241764783859,0.06383727490901947,True
T2,22022,1,3,4,4300887,True,,,OK,True,True,True,,0.9840160012245178,18731700,True,True,0.05596902593970299,0.107327401638031,True
T2,22022,2,3,4,4300887,True,,,OK,True,True,True,,0.9844478368759155,18718096,True,True,0.055926255881786346,0.08329601585865021,True
T2,22022,3,3,4,4300887,True,,,OK,True,True,True,,0.9816538691520691,18748176,True,True,0.05379009246826172,0.09317518770694733,True
T2,22022,4,3,4,4300887,True,,,OK,True,True,True,,0.9839213490486145,18741868,True,True,0.05060043931007385,0.06171035021543503,True
T2,22022,5,3,4,4300887,True,,,OK,True,True,True,,0.9855514168739319,18703207,True,True,0.07460241764783859,0.06383727490901947,True
T2,22023,1,3,5,4300887,True,,,OK,True,True,True,,0.9329755306243896,20994952,True,True,0.05596902593970299,0.107327401638031,True
T2,22023,2,3,5,4300887,True,,,OK,True,True,True,,0.9353487491607666,21022210,True,True,0.055926255881786346,0.08329601585865021,True
T2,22023,3,3,5,4300887,True,,,OK,True,True,True,,0.9234351515769958,21043199,True,True,0.05379009246826172,0.09317518770694733,True
T2,22023,4,3,5,4300887,True,,,OK,True,True,True,,0.9333667159080505,20981539,True,True,0.05060043931007385,0.06171035021543503,True
T2,22023,5,3,5,4300887,True,,,OK,True,True,True,,0.9355269074440002,21072659,True,True,0.07460241764783859,0.06383727490901947,True
T2,22024,1,4,0,585467,True,,"T3,T4",OK,True,True,True,,0.9999954104423523,9896610,True,True,0.06173456087708473,0.09637229889631271,True
T2,22024,2,4,0,585467,True,,,OK,True,True,True,,0.9999970197677612,8654022,True,True,0.03809555619955063,0.060204215347766876,True
T2,22024,3,4,0,585467,True,,,OK,True,True,True,,1.0000009536743164,9497240,True,True,0.06485805660486221,0.08763335645198822,True
T2,22024,4,4,0,585467,True,,,OK,True,True,True,,0.9999971389770508,8847459,True,True,0.03493937477469444,0.08235148340463638,True
T2,22024,5,4,0,585467,True,,,OK,True,True,True,,0.9999988079071045,9475702,True,True,0.04981834441423416,0.056303951889276505,True
T2,22025,1,4,1,585467,True,,,OK,True,True,True,,0.9999951720237732,10719955,True,True,0.06173456087708473,0.09637229889631271,True
T2,22025,2,4,1,585467,True,,,OK,True,True,True,,0.9999969005584717,10020330,True,True,0.03809555619955063,0.060204215347766876,True
T2,22025,3,4,1,585467,True,,,OK,True,True,True,,1.0000008344650269,10443546,True,True,0.06485805660486221,0.08763335645198822,True
T2,22025,4,4,1,585467,True,,,OK,True,True,True,,0.9999969005584717,10064469,True,True,0.03493937477469444,0.08235148340463638,True
T2,22025,5,4,1,585467,True,,,OK,True,True,True,,0.9999986290931702,10554397,True,True,0.04981834441423416,0.056303951889276505,True
T2,22026,1,4,2,585467,True,,,OK,True,True,True,,0.9999738335609436,12478987,True,True,0.06173456087708473,0.09637229889631271,True
T2,22026,2,4,2,585467,True,,,OK,True,True,True,,0.9999759793281555,11800180,True,True,0.03809555619955063,0.060204215347766876,True
T2,22026,3,4,2,585467,True,,,OK,True,True,True,,0.9999538660049438,12221731,True,True,0.06485805660486221,0.08763335645198822,True
T2,22026,4,4,2,585467,True,,,OK,True,True,True,,0.999975860118866,11593124,True,True,0.03493937477469444,0.08235148340463638,True
T2,22026,5,4,2,585467,True,,,OK,True,True,True,,0.9999725222587585,12377548,True,True,0.04981834441423416,0.056303951889276505,True
T2,22027,1,4,3,585467,True,,,OK,True,True,True,,0.999970555305481,15089702,True,True,0.06173456087708473,0.09637229889631271,True
T2,22027,2,4,3,585467,True,,T9,OK,True,True,True,,0.9999697208404541,14968708,True,True,0.03809555619955063,0.060204215347766876,True
T2,22027,3,4,3,585467,True,,,OK,True,True,True,,0.999599277973175,15156426,True,True,0.06485805660486221,0.08763335645198822,True
T2,22027,4,4,3,585467,True,,,OK,True,True,True,,0.9999428987503052,15008926,True,True,0.03493937477469444,0.08235148340463638,True
T2,22027,5,4,3,585467,True,,,OK,True,True,True,,0.9998878240585327,15185015,True,True,0.04981834441423416,0.056303951889276505,True
T2,22028,1,4,4,585467,True,,,OK,True,True,True,,0.9799104928970337,20416524,True,True,0.06173456087708473,0.09637229889631271,True
T2,22028,2,4,4,585467,True,,T2,OK,True,True,True,,0.9830959439277649,20463437,True,True,0.03809555619955063,0.060204215347766876,True
T2,22028,3,4,4,585467,True,,,OK,True,True,True,,0.9522103071212769,20344195,True,True,0.06485805660486221,0.08763335645198822,True
T2,22028,4,4,4,585467,True,,,OK,True,True,True,,0.9805604219436646,19876390,True,True,0.03493937477469444,0.08235148340463638,True
T2,22028,5,4,4,585467,True,,,OK,True,True,True,,0.9684433937072754,20569533,True,True,0.04981834441423416,0.056303951889276505,True
T2,22029,1,4,5,585467,True,,,OK,True,False,True,24,388.06195068359375,21619110,True,True,0.06173456087708473,0.09637229889631271,False
T2,22029,2,4,5,585467,True,,,OK,True,True,True,,0.9457259178161621,21661138,True,True,0.03809555619955063,0.060204215347766876,True
T2,22029,3,4,5,585467,True,,,OK,True,True,True,,0.862169623374939,21790811,True,True,0.06485805660486221,0.08763335645198822,True
T2,22029,4,4,5,585467,True,,T4,OK,True,True,True,,0.9326965808868408,21649923,True,True,0.03493937477469444,0.08235148340463638,True
T2,22029,5,4,5,585467,True,,,OK,True,True,True,,0.8978617787361145,21757680,True,True,0.04981834441423416,0.056303951889276505,True
T2,22030,1,5,0,4398567,True,,,OK,True,True,True,,0.9999972581863403,9825048,True,True,0.04795369133353233,0.068138487637043,True
T2,22030,2,5,0,4398567,True,,,OK,True,True,True,,0.9999976754188538,10259988,True,True,0.031107516959309578,0.0949401780962944,True
T2,22030,3,5,0,4398567,True,,,OK,True,False,True,15,89163.875,10365590,True,True,0.061979714781045914,0.08865796029567719,False
T2,22030,4,5,0,4398567,True,,T9,OK,True,True,True,,0.9999977350234985,9714894,True,True,0.04933061823248863,0.09617407619953156,True
T2,22030,5,5,0,4398567,True,,,OK,True,True,True,,0.9999974966049194,10770750,True,True,0.06247645616531372,0.062423016875982285,True
T2,22031,1,5,1,4398567,True,,,OK,True,True,True,,0.9999971985816956,10774872,True,True,0.04795369133353233,0.068138487637043,True
T2,22031,2,5,1,4398567,True,,,OK,True,True,True,,0.9999974966049194,11166624,True,True,0.031107516959309578,0.0949401780962944,True
T2,22031,3,5,1,4398567,True,,,OK,True,True,True,,0.9999973177909851,11089709,True,True,0.061979714781045914,0.08865796029567719,True
T2,22031,4,5,1,4398567,True,,,OK,True,True,True,,0.9999974966049194,10958156,True,True,0.04933061823248863,0.09617407619953156,True
T2,22031,5,5,1,4398567,True,,,OK,True,True,True,,0.9999974370002747,11434507,True,True,0.06247645616531372,0.062423016875982285,True
T2,22032,1,5,2,4398567,True,,,OK,True,True,True,,0.9999628067016602,13041178,True,True,0.04795369133353233,0.068138487637043,True
T2,22032,2,5,2,4398567,True,,,OK,True,True,True,,0.9997521042823792,13503383,True,True,0.031107516959309578,0.0949401780962944,True
T2,22032,3,5,2,4398567,True,,,OK,True,True,True,,0.9999775290489197,13144650,True,True,0.061979714781045914,0.08865796029567719,True
T2,22032,4,5,2,4398567,True,,,OK,True,True,True,,0.9999704957008362,13081592,True,True,0.04933061823248863,0.09617407619953156,True
T2,22032,5,5,2,4398567,True,,,OK,True,True,True,,0.9999759197235107,13487868,True,True,0.06247645616531372,0.062423016875982285,True
T2,22033,1,5,3,4398567,True,,,OK,True,True,True,,0.9998714327812195,15738730,True,True,0.04795369133353233,0.068138487637043,True
T2,22033,2,5,3,4398567,True,,,OK,True,True,True,,0.9986671805381775,15989928,True,True,0.031107516959309578,0.0949401780962944,True
T2,22033,3,5,3,4398567,True,,,OK,True,True,True,,0.9999588131904602,15580992,True,True,0.061979714781045914,0.08865796029567719,True
T2,22033,4,5,3,4398567,True,,,OK,True,True,True,,0.9998718500137329,15850554,True,True,0.04933061823248863,0.09617407619953156,True
T2,22033,5,5,3,4398567,True,,,OK,True,False,True,13,8782231371776.0,15590757,True,True,0.06247645616531372,0.062423016875982285,False
T2,22034,1,5,4,4398567,True,,,OK,True,True,True,,0.9716160893440247,21169014,True,True,0.04795369133353233,0.068138487637043,True
T2,22034,2,5,4,4398567,True,,,OK,True,True,True,,0.9279414415359497,21504759,True,True,0.031107516959309578,0.0949401780962944,True
T2,22034,3,5,4,4398567,True,,,OK,True,True,True,,0.9752148985862732,21188152,True,True,0.061979714781045914,0.08865796029567719,True
T2,22034,4,5,4,4398567,True,,,OK,True,True,True,,0.9564102292060852,21491773,True,True,0.04933061823248863,0.09617407619953156,True
T2,22034,5,5,4,4398567,True,,,OK,True,True,True,,0.9852792620658875,21096486,True,True,0.06247645616531372,0.062423016875982285,True
T2,22035,1,5,5,4398567,True,,,OK,True,True,True,,0.9120803475379944,22162560,True,True,0.04795369133353233,0.068138487637043,True
T2,22035,2,5,5,4398567,True,,"T5,T6,T7,T8,T9",OK,True,True,True,,0.8444799780845642,22280013,True,True,0.031107516959309578,0.0949401780962944,True
T2,22035,3,5,5,4398567,True,,,OK,True,True,True,,0.9391917586326599,21873874,True,True,0.061979714781045914,0.08865796029567719,True
T2,22035,4,5,5,4398567,True,,,OK,True,True,True,,0.8848751783370972,22312858,True,True,0.04933061823248863,0.09617407619953156,True
T2,22035,5,5,5,4398567,True,,,OK,True,False,True,23,1186.008056640625,21830958,True,True,0.06247645616531372,0.062423016875982285,False
T2,20036,1,6,0,681087,True,,,OK,True,True,True,,1.000205397605896,7876418,True,True,0.04940129071474075,0.06827620416879654,True
T2,20036,2,6,0,681087,True,,,OK,True,True,True,,1.0003056526184082,7484257,True,True,0.04627394676208496,0.06854624301195145,True
T2,20036,3,6,0,681087,True,,,OK,True,True,True,,1.000220537185669,7620405,True,True,0.06644363701343536,0.0713929608464241,True
T2,20036,4,6,0,681087,True,,,OK,True,True,True,,1.0002858638763428,7477102,True,True,0.06593012809753418,0.05908169224858284,True
T2,20036,5,6,0,681087,True,,,OK,True,True,True,,1.0001661777496338,7866196,True,True,0.04674442484974861,0.08435053378343582,True
T2,20037,1,6,1,681087,True,,,OK,True,True,True,,1.0001084804534912,9295699,True,True,0.04940129071474075,0.06827620416879654,True
T2,20037,2,6,1,681087,True,,,OK,True,True,True,,1.0001704692840576,9021559,True,True,0.04627394676208496,0.06854624301195145,True
T2,20037,3,6,1,681087,True,,"T5,T6,T7,T8,T9",OK,True,True,True,,1.000131368637085,9095328,True,True,0.06644363701343536,0.0713929608464241,True
T2,20037,4,6,1,681087,True,,T4,OK,True,True,True,,1.0001624822616577,9093138,True,True,0.06593012809753418,0.05908169224858284,True
T2,20037,5,6,1,681087,True,,,OK,True,True,True,,1.000129222869873,9228907,True,True,0.04674442484974861,0.08435053378343582,True
T2,20038,1,6,2,681087,True,,,OK,True,True,True,,1.0000132322311401,10577215,True,True,0.04940129071474075,0.06827620416879654,True
T2,20038,2,6,2,681087,True,,,OK,True,True,True,,1.0000314712524414,10254627,True,True,0.04627394676208496,0.06854624301195145,True
T2,20038,3,6,2,681087,True,,,OK,True,True,True,,1.0000125169754028,10264251,True,True,0.06644363701343536,0.0713929608464241,True
T2,20038,4,6,2,681087,True,,,OK,True,True,True,,1.0000249147415161,10221782,True,True,0.06593012809753418,0.05908169224858284,True
T2,20038,5,6,2,681087,True,,,OK,True,True,True,,0.9999999403953552,10490542,True,True,0.04674442484974861,0.08435053378343582,True
T2,20039,1,6,3,681087,True,,,OK,True,True,True,,0.9999483227729797,14352555,True,True,0.04940129071474075,0.06827620416879654,True
T2,20039,2,6,3,681087,True,,,OK,True,True,True,,0.9999462366104126,14334656,True,True,0.04627394676208496,0.06854624301195145,True
T2,20039,3,6,3,681087,True,,,OK,True,True,True,,0.9999395608901978,14348381,True,True,0.06644363701343536,0.0713929608464241,True
T2,20039,4,6,3,681087,True,,,OK,True,True,True,,0.999941349029541,14353190,True,True,0.06593012809753418,0.05908169224858284,True
T2,20039,5,6,3,681087,True,,,OK,True,False,True,23,2521.975830078125,14421764,True,True,0.04674442484974861,0.08435053378343582,False
T2,20040,1,6,4,681087,True,,,OK,True,True,True,,0.9833904504776001,18740458,True,True,0.04940129071474075,0.06827620416879654,True
T2,20040,2,6,4,681087,True,,,OK,True,True,True,,0.9850917458534241,18580477,True,True,0.04627394676208496,0.06854624301195145,True
T2,20040,3,6,4,681087,True,,,OK,True,True,True,,0.9833328127861023,18543201,True,True,0.06644363701343536,0.0713929608464241,True
T2,20040,4,6,4,681087,True,,,OK,True,True,True,,0.9832722544670105,18563241,True,True,0.06593012809753418,0.05908169224858284,True
T2,20040,5,6,4,681087,True,,"T5,T6,T7,T8,T9",OK,True,True,True,,0.9809038639068604,18739601,True,True,0.04674442484974861,0.08435053378343582,True
T2,20041,1,6,5,681087,True,,,OK,True,True,True,,0.9342963695526123,21012635,True,True,0.04940129071474075,0.06827620416879654,True
T2,20041,2,6,5,681087,True,,,OK,True,True,True,,0.9363076686859131,21059481,True,True,0.04627394676208496,0.06854624301195145,True
T2,20041,3,6,5,681087,True,,,OK,True,True,True,,0.9300906658172607,21075527,True,True,0.06644363701343536,0.0713929608464241,True
T2,20041,4,6,5,681087,True,,,OK,True,True,True,,0.931296706199646,21060144,True,True,0.06593012809753418,0.05908169224858284,True
T2,20041,5,6,5,681087,True,,,OK,True,True,True,,0.9233409762382507,21038729,True,True,0.04674442484974861,0.08435053378343582,True
T2,20042,1,7,0,133191,True,,T4,OK,True,True,True,,1.0000380277633667,8620679,True,True,0.07033181190490723,0.08237887173891068,True
T2,20042,2,7,0,133191,True,,,OK,True,True,True,,0.999995768070221,8829577,True,True,0.06930433958768845,0.0787758082151413,True
T2,20042,3,7,0,133191,True,,,OK,True,True,True,,0.9999966025352478,9434355,True,True,0.08994641900062561,0.11978628486394882,True
T2,20042,4,7,0,133191,True,,,OK,True,True,True,,1.0000015497207642,8861977,True,True,0.03909136727452278,0.07743562012910843,True
T2,20042,5,7,0,133191,True,,,OK,True,True,True,,0.9999998807907104,9022982,True,True,0.051173243671655655,0.0900990217924118,True
T2,20043,1,7,1,133191,True,,,OK,True,True,True,,0.9999968409538269,10011427,True,True,0.07033181190490723,0.08237887173891068,True
T2,20043,2,7,1,133191,True,,,OK,True,True,True,,0.9999954700469971,9967848,True,True,0.06930433958768845,0.0787758082151413,True
T2,20043,3,7,1,133191,True,,,OK,True,True,True,,0.9999964237213135,10797483,True,True,0.08994641900062561,0.11978628486394882,True
T2,20043,4,7,1,133191,True,,,OK,True,True,True,,1.000001311302185,10160460,True,True,0.03909136727452278,0.07743562012910843,True
T2,20043,5,7,1,133191,True,,,OK,True,True,True,,0.9999994039535522,10416070,True,True,0.051173243671655655,0.0900990217924118,True
T2,20044,1,7,2,133191,True,,,OK,True,True,True,,0.9999697208404541,11516090,True,True,0.07033181190490723,0.08237887173891068,True
T2,20044,2,7,2,133191,True,,,OK,True,True,True,,0.9999714493751526,11668303,True,True,0.06930433958768845,0.0787758082151413,True
T2,20044,3,7,2,133191,True,,,OK,True,True,True,,0.9999760389328003,12328477,True,True,0.08994641900062561,0.11978628486394882,True
T2,20044,4,7,2,133191,True,,,OK,True,True,True,,0.999980628490448,11872569,True,True,0.03909136727452278,0.07743562012910843,True
T2,20044,5,7,2,133191,True,,,OK,True,True,True,,0.9999790787696838,12094304,True,True,0.051173243671655655,0.0900990217924118,True
T2,20045,1,7,3,133191,True,,,OK,True,True,True,,0.9997634291648865,15211653,True,True,0.07033181190490723,0.08237887173891068,True
T2,20045,2,7,3,133191,True,,,OK,True,True,True,,0.9999029636383057,15102996,True,True,0.06930433958768845,0.0787758082151413,True
T2,20045,3,7,3,133191,True,,,OK,True,True,True,,0.9999709725379944,15479389,True,True,0.08994641900062561,0.11978628486394882,True
T2,20045,4,7,3,133191,True,,,OK,True,True,True,,0.9999721646308899,15124837,True,True,0.03909136727452278,0.07743562012910843,True
T2,20045,5,7,3,133191,True,,,OK,True,True,True,,0.9999706745147705,15076036,True,True,0.051173243671655655,0.0900990217924118,True
T2,20046,1,7,4,133191,True,,,OK,True,True,True,,0.9674907922744751,19877459,True,True,0.07033181190490723,0.08237887173891068,True
T2,20046,2,7,4,133191,True,,,OK,True,True,True,,0.9724922776222229,20056397,True,True,0.06930433958768845,0.0787758082151413,True
T2,20046,3,7,4,133191,True,,,OK,True,True,True,,0.9793477654457092,20225480,True,True,0.08994641900062561,0.11978628486394882,True
T2,20046,4,7,4,133191,True,,,OK,True,True,True,,0.9824279546737671,20087427,True,True,0.03909136727452278,0.07743562012910843,True
T2,20046,5,7,4,133191,True,,,OK,True,True,True,,0.9831463098526001,20033846,True,True,0.051173243671655655,0.0900990217924118,True
T2,20047,1,7,5,133191,True,,T9,OK,True,True,True,,0.8843795657157898,21939742,True,True,0.07033181190490723,0.08237887173891068,True
T2,20047,2,7,5,133191,True,,T2,OK,True,True,True,,0.9002513289451599,21745324,True,True,0.06930433958768845,0.0787758082151413,True
T2,20047,3,7,5,133191,True,,,OK,True,True,True,,0.930549144744873,21779752,True,True,0.08994641900062561,0.11978628486394882,True
T2,20047,4,7,5,133191,True,,,OK,True,True,True,,0.9346305131912231,21648360,True,True,0.03909136727452278,0.07743562012910843,True
T2,20047,5,7,5,133191,True,,,OK,True,True,True,,0.9396795034408569,21626736,True,True,0.051173243671655655,0.0900990217924118,True
T2,20048,1,8,0,985811,True,,,OK,True,True,True,,0.9999979138374329,8754191,True,True,0.0705859512090683,0.09626827389001846,True
T2,20048,2,8,0,985811,True,,"T6,T7,T8,T9",OK,True,True,True,,1.000002384185791,8872030,True,True,0.04972536489367485,0.0743117704987526,True
T2,20048,3,8,0,985811,True,,,OK,True,True,True,,0.9999978542327881,9464168,True,True,0.08158250898122787,0.06748037040233612,True
T2,20048,4,8,0,985811,True,,,OK,True,True,True,,0.9999975562095642,9306477,True,True,0.05240602791309357,0.07792402803897858,True
T2,20048,5,8,0,985811,True,,,OK,True,True,True,,0.9999974966049194,9901953,True,True,0.07473230361938477,0.07199011743068695,True
T2,20049,1,8,1,985811,True,,,OK,True,True,True,,0.9999977350234985,9792248,True,True,0.0705859512090683,0.09626827389001846,True
T2,20049,2,8,1,985811,True,,,OK,True,True,True,,0.9999975562095642,10391982,True,True,0.04972536489367485,0.0743117704987526,True
T2,20049,3,8,1,985811,True,,,OK,True,True,True,,0.9999977350234985,10923957,True,True,0.08158250898122787,0.06748037040233612,True
T2,20049,4,8,1,985811,True,,,OK,True,True,True,,0.9999974966049194,10380947,True,True,0.05240602791309357,0.07792402803897858,True
T2,20049,5,8,1,985811,True,,,OK,True,True,True,,0.9999973773956299,10913126,True,True,0.07473230361938477,0.07199011743068695,True
T2,20050,1,8,2,985811,True,,,OK,True,True,True,,0.9999787211418152,11809100,True,True,0.0705859512090683,0.09626827389001846,True
T2,20050,2,8,2,985811,True,,,OK,True,True,True,,0.999975323677063,12280785,True,True,0.04972536489367485,0.0743117704987526,True
T2,20050,3,8,2,985811,True,,,OK,True,True,True,,0.9999765753746033,12967337,True,True,0.08158250898122787,0.06748037040233612,True
T2,20050,4,8,2,985811,True,,,OK,True,True,True,,0.9999467730522156,12731982,True,True,0.05240602791309357,0.07792402803897858,True
T2,20050,5,8,2,985811,True,,,OK,True,True,True,,0.999977171421051,12777601,True,True,0.07473230361938477,0.07199011743068695,True
T2,20051,1,8,3,985811,True,,,OK,True,True,True,,0.9999717473983765,15091957,True,True,0.0705859512090683,0.09626827389001846,True
T2,20051,2,8,3,985811,True,,,OK,True,True,True,,0.9998660683631897,15644594,True,True,0.04972536489367485,0.0743117704987526,True
T2,20051,3,8,3,985811,True,,,OK,True,True,True,,0.9999711513519287,15990776,True,True,0.08158250898122787,0.06748037040233612,True
T2,20051,4,8,3,985811,True,,,OK,True,True,True,,0.9996545910835266,15693472,True,True,0.05240602791309357,0.07792402803897858,True
T2,20051,5,8,3,985811,True,,"T5,T6,T7,T8,T9",OK,True,True,True,,0.9999706745147705,15694497,True,True,0.07473230361938477,0.07199011743068695,True
T2,20052,1,8,4,985811,True,,,OK,True,True,True,,0.9751890897750854,20391923,True,True,0.0705859512090683,0.09626827389001846,True
T2,20052,2,8,4,985811,True,,,OK,True,True,True,,0.9582164287567139,20921503,True,True,0.04972536489367485,0.0743117704987526,True
T2,20052,3,8,4,985811,True,,,OK,True,True,True,,0.9701904058456421,20916358,True,True,0.08158250898122787,0.06748037040233612,True
T2,20052,4,8,4,985811,True,,,OK,True,True,True,,0.9691265225410461,21133508,True,True,0.05240602791309357,0.07792402803897858,True
T2,20052,5,8,4,985811,True,,,OK,True,True,True,,0.9808854460716248,20860823,True,True,0.07473230361938477,0.07199011743068695,True
T2,20053,1,8,5,985811,True,,,OK,True,True,True,,0.9282805919647217,21889960,True,True,0.0705859512090683,0.09626827389001846,True
T2,20053,2,8,5,985811,True,,,OK,True,True,True,,0.888416051864624,22125749,True,True,0.04972536489367485,0.0743117704987526,True
T2,20053,3,8,5,985811,True,,,OK,True,True,True,,0.9174827337265015,22141272,True,True,0.08158250898122787,0.06748037040233612,True
T2,20053,4,8,5,985811,True,,"T7,T8,T9",OK,True,True,True,,0.9029874801635742,22296481,True,True,0.05240602791309357,0.07792402803897858,True
T2,20053,5,8,5,985811,True,,,OK,True,True,True,,0.9348392486572266,22110236,True,True,0.07473230361938477,0.07199011743068695,True
T2,22054,1,9,0,8213973,True,,,OK,True,True,True,,1.0001931190490723,8005597,True,True,0.06695550680160522,0.09163027256727219,True
T2,22054,2,9,0,8213973,True,,,OK,True,True,True,,1.000453233718872,8110131,True,True,0.10447035729885101,0.09934305399656296,True
T2,22054,3,9,0,8213973,True,,,OK,True,True,True,,1.0002529621124268,7971150,True,True,0.0764053612947464,0.11511737108230591,True
T2,22054,4,9,0,8213973,True,,,OK,True,True,True,,1.0004228353500366,7651186,True,True,0.08763111382722855,0.09114642441272736,True
T2,22054,5,9,0,8213973,True,,,OK,True,True,True,,1.0003279447555542,8002037,True,True,0.06133349984884262,0.07879087328910828,True
T2,22055,1,9,1,8213973,True,,,OK,True,True,True,,1.0001556873321533,9358172,True,True,0.06695550680160522,0.09163027256727219,True
T2,22055,2,9,1,8213973,True,,,OK,True,True,True,,1.2849547863006592,9423633,True,True,0.10447035729885101,0.09934305399656296,True
T2,22055,3,9,1,8213973,True,,,OK,True,True,True,,1.0001567602157593,9372318,True,True,0.0764053612947464,0.11511737108230591,True
T2,22055,4,9,1,8213973,True,,,OK,True,True,True,,1.0002802610397339,9136669,True,True,0.08763111382722855,0.09114642441272736,True
T2,22055,5,9,1,8213973,True,,,OK,True,True,True,,1.0001986026763916,9321300,True,True,0.06133349984884262,0.07879087328910828,True
T2,22056,1,9,2,8213973,True,,,OK,True,True,True,,1.0000368356704712,10548730,True,True,0.06695550680160522,0.09163027256727219,True
T2,22056,2,9,2,8213973,True,,,OK,True,True,True,,1.0000629425048828,10603631,True,True,0.10447035729885101,0.09934305399656296,True
T2,22056,3,9,2,8213973,True,,,OK,True,True,True,,1.0000157356262207,10602647,True,True,0.0764053612947464,0.11511737108230591,True
T2,22056,4,9,2,8213973,True,,,OK,True,True,True,,1.0000274181365967,10282492,True,True,0.08763111382722855,0.09114642441272736,True
T2,22056,5,9,2,8213973,True,,,OK,True,True,True,,1.000052571296692,10566752,True,True,0.06133349984884262,0.07879087328910828,True
T2,22057,1,9,3,8213973,True,,,OK,True,True,True,,0.9999561309814453,14263519,True,True,0.06695550680160522,0.09163027256727219,True
T2,22057,2,9,3,8213973,True,,,OK,True,True,True,,0.9999066591262817,14205852,True,True,0.10447035729885101,0.09934305399656296,True
T2,22057,3,9,3,8213973,True,,"T5,T6,T7,T8,T9",OK,True,True,True,,0.9999427199363708,14273356,True,True,0.0764053612947464,0.11511737108230591,True
T2,22057,4,9,3,8213973,True,,,OK,True,True,True,,0.9999231696128845,14342102,True,True,0.08763111382722855,0.09114642441272736,True
T2,22057,5,9,3,8213973,True,,,OK,True,True,True,,0.9999545812606812,14321972,True,True,0.06133349984884262,0.07879087328910828,True
T2,22058,1,9,4,8213973,True,,,OK,True,True,True,,0.9867493510246277,18591459,True,True,0.06695550680160522,0.09163027256727219,True
T2,22058,2,9,4,8213973,True,,,OK,True,True,True,,0.9796497821807861,18683761,True,True,0.10447035729885101,0.09934305399656296,True
T2,22058,3,9,4,8213973,True,,,OK,True,True,True,,0.9844157695770264,18638917,True,True,0.0764053612947464,0.11511737108230591,True
T2,22058,4,9,4,8213973,True,,,OK,True,True,True,,0.9803548455238342,18552814,True,True,0.08763111382722855,0.09114642441272736,True
T2,22058,5,9,4,8213973,True,,,OK,True,True,True,,0.9858307242393494,18612410,True,True,0.06133349984884262,0.07879087328910828,True
T2,22059,1,9,5,8213973,True,,"T8,T9",OK,True,True,True,,1.181716799736023,20895756,True,True,0.06695550680160522,0.09163027256727219,True
T2,22059,2,9,5,8213973,True,,,OK,True,True,True,,0.924351155757904,20930492,True,True,0.10447035729885101,0.09934305399656296,True
T2,22059,3,9,5,8213973,True,,,OK,True,True,True,,0.9357854723930359,20941369,True,True,0.0764053612947464,0.11511737108230591,True
T2,22059,4,9,5,8213973,True,,,OK,True,True,True,,0.9156758189201355,21109229,True,True,0.08763111382722855,0.09114642441272736,True
T2,22059,5,9,5,8213973,True,,,OK,True,True,True,,0.9415754675865173,20964117,True,True,0.06133349984884262,0.07879087328910828,True
T2,22060,1,10,0,6267321,True,,,OK,True,True,True,,0.9999976754188538,10796356,True,True,0.04409448057413101,0.1068962886929512,True
T2,22060,2,10,0,6267321,True,,,OK,True,True,True,,0.9999975562095642,9909319,True,True,0.037846773862838745,0.06363746523857117,True
T2,22060,3,10,0,6267321,True,,,OK,True,True,True,,0.9999945163726807,10133952,True,True,0.06526146084070206,0.10616283863782883,True
T2,22060,4,10,0,6267321,True,,,OK,True,True,True,,0.9999966025352478,10399051,True,False,0.16602018475532532,0.1147608757019043,False
T2,22060,5,10,0,6267321,True,,,OK,True,True,True,,0.9999955296516418,10509868,True,True,0.039967406541109085,0.09378558397293091,True
T2,22061,1,10,1,6267321,True,,,OK,True,True,True,,0.9999964833259583,11371724,True,True,0.04409448057413101,0.1068962886929512,True
T2,22061,2,10,1,6267321,True,,,OK,True,True,True,,0.9999971985816956,10634037,True,True,0.037846773862838745,0.06363746523857117,True
T2,22061,3,10,1,6267321,True,,,OK,True,True,True,,0.9999942779541016,10768972,True,True,0.06526146084070206,0.10616283863782883,True
T2,22061,4,10,1,6267321,True,,,OK,True,True,True,,0.999994695186615,11168500,True,False,0.16602018475532532,0.1147608757019043,False
T2,22061,5,10,1,6267321,True,,,OK,True,True,True,,0.9999936819076538,11180881,True,True,0.039967406541109085,0.09378558397293091,True
T2,22062,1,10,2,6267321,True,,,OK,True,True,True,,0.9999778866767883,13148730,True,True,0.04409448057413101,0.1068962886929512,True
T2,22062,2,10,2,6267321,True,,,OK,True,True,True,,0.9999780058860779,12153329,True,True,0.037846773862838745,0.06363746523857117,True
T2,22062,3,10,2,6267321,True,,"T8,T9",OK,True,True,True,,0.9999521374702454,12512344,True,True,0.06526146084070206,0.10616283863782883,True
T2,22062,4,10,2,6267321,True,,,OK,True,True,True,,0.9999761581420898,12768694,True,False,0.16602018475532532,0.1147608757019043,False
T2,22062,5,10,2,6267321,True,,,OK,True,True,True,,0.9999736547470093,12907528,True,True,0.039967406541109085,0.09378558397293091,True
T2,22063,1,10,3,6267321,True,,,OK,True,True,True,,0.9999726414680481,14924910,True,True,0.04409448057413101,0.1068962886929512,True
T2,22063,2,10,3,6267321,True,,,OK,True,True,True,,0.9999727010726929,14411422,True,True,0.037846773862838745,0.06363746523857117,True
T2,22063,3,10,3,6267321,True,,,OK,True,True,True,,0.9997079968452454,14666948,True,True,0.06526146084070206,0.10616283863782883,True
T2,22063,4,10,3,6267321,True,,,OK,True,True,True,,0.999972403049469,15118880,True,False,0.16602018475532532,0.1147608757019043,False
T2,22063,5,10,3,6267321,True,,,OK,True,True,True,,0.9999687075614929,14814623,True,True,0.039967406541109085,0.09378558397293091,True
T2,22064,1,10,4,6267321,True,,,OK,True,True,True,,0.9876620173454285,20126615,True,True,0.04409448057413101,0.1068962886929512,True
T2,22064,2,10,4,6267321,True,,T3,OK,True,True,True,,0.9865208268165588,19597687,True,True,0.037846773862838745,0.06363746523857117,True
T2,22064,3,10,4,6267321,True,,,OK,True,True,True,,0.9717349410057068,20179240,True,True,0.06526146084070206,0.10616283863782883,True
T2,22064,4,10,4,6267321,True,,,OK,True,True,True,,0.9888875484466553,19854434,True,False,0.16602018475532532,0.1147608757019043,False
T2,22064,5,10,4,6267321,True,,,OK,True,True,True,,0.9825083613395691,20077804,True,True,0.039967406541109085,0.09378558397293091,True
T2,22065,1,10,5,6267321,True,,,OK,True,True,True,,0.969697892665863,21128194,True,True,0.04409448057413101,0.1068962886929512,True
T2,22065,2,10,5,6267321,True,,,OK,True,True,True,,0.9499690532684326,20984465,True,True,0.037846773862838745,0.06363746523857117,True
T2,22065,3,10,5,6267321,True,,,OK,True,True,True,,0.9114099740982056,21424915,True,True,0.06526146084070206,0.10616283863782883,True
T2,22065,4,10,5,6267321,True,,,OK,True,True,True,,0.9531001448631287,21325052,True,False,0.16602018475532532,0.1147608757019043,False
T2,22065,5,10,5,6267321,True,,,OK,True,True,True,,0.9425613880157471,21282681,True,True,0.039967406541109085,0.09378558397293091,True
T2,20066,1,11,0,968519,True,,,OK,True,True,True,,0.9999979138374329,11477722,True,True,0.07608457654714584,0.07590977102518082,True
T2,20066,2,11,0,968519,True,,,OK,True,True,True,,0.9999977946281433,10600540,True,True,0.0873706191778183,0.10572714358568192,True
T2,20066,3,11,0,968519,True,,,OK,True,True,True,,0.9999974370002747,10608244,True,True,0.03747541457414627,0.09702473133802414,True
T2,20066,4,11,0,968519,True,,,OK,True,True,True,,0.999997615814209,11417575,True,True,0.07566305994987488,0.08067446947097778,True
T2,20066,5,11,0,968519,True,,,OK,True,True,True,,0.9999977946281433,10975247,True,True,0.08905843645334244,0.0632612481713295,True
T2,20067,1,11,1,968519,True,,,OK,True,True,True,,0.9999976754188538,12061258,True,True,0.07608457654714584,0.07590977102518082,True
T2,20067,2,11,1,968519,True,,,OK,True,True,True,,0.999997615814209,11247253,True,True,0.0873706191778183,0.10572714358568192,True
T2,20067,3,11,1,968519,True,,,OK,True,True,True,,0.9999972581863403,11197833,True,True,0.03747541457414627,0.09702473133802414,True
T2,20067,4,11,1,968519,True,,,OK,True,True,True,,0.999997615814209,11881284,True,True,0.07566305994987488,0.08067446947097778,True
T2,20067,5,11,1,968519,True,,,OK,True,True,True,,0.9999974966049194,11397446,True,True,0.08905843645334244,0.0632612481713295,True
T2,20068,1,11,2,968519,True,,,OK,True,True,True,,0.9999770522117615,14293189,True,True,0.07608457654714584,0.07590977102518082,True
T2,20068,2,11,2,968519,True,,"T3,T4,T8,T9",OK,True,True,True,,0.9999004602432251,13810939,True,True,0.0873706191778183,0.10572714358568192,True
T2,20068,3,11,2,968519,True,,,OK,True,True,True,,0.9999756813049316,13153491,True,True,0.03747541457414627,0.09702473133802414,True
T2,20068,4,11,2,968519,True,,,OK,True,True,True,,0.9999769330024719,13731525,True,True,0.07566305994987488,0.08067446947097778,True
T2,20068,5,11,2,968519,True,,,OK,True,True,True,,0.9999753832817078,13734569,True,True,0.08905843645334244,0.0632612481713295,True
T2,20069,1,11,3,968519,True,,,OK,True,True,True,,0.9999719858169556,15702089,True,True,0.07608457654714584,0.07590977102518082,True
T2,20069,2,11,3,968519,True,,,OK,True,True,True,,0.9994703531265259,15150647,True,True,0.0873706191778183,0.10572714358568192,True
T2,20069,3,11,3,968519,True,,,OK,True,True,True,,0.9999663233757019,14754344,True,True,0.03747541457414627,0.09702473133802414,True
T2,20069,4,11,3,968519,True,,,OK,True,True,True,,0.9999732971191406,15224217,True,True,0.07566305994987488,0.08067446947097778,True
T2,20069,5,11,3,968519,True,,,OK,True,True,True,,0.9999517798423767,15321641,True,True,0.08905843645334244,0.0632612481713295,True
T2,20070,1,11,4,968519,True,,,OK,True,True,True,,0.9711102843284607,21495363,True,True,0.07608457654714584,0.07590977102518082,True
T2,20070,2,11,4,968519,True,,,OK,True,True,True,,0.9368658065795898,21189917,True,True,0.0873706191778183,0.10572714358568192,True
T2,20070,3,11,4,968519,True,,,OK,True,True,True,,0.9832528233528137,20569889,True,True,0.03747541457414627,0.09702473133802414,True
T2,20070,4,11,4,968519,True,,,OK,True,True,True,,0.9820136427879333,20597808,True,True,0.07566305994987488,0.08067446947097778,True
T2,20070,5,11,4,968519,True,,,OK,True,True,True,,0.9706799983978271,21445242,True,True,0.08905843645334244,0.0632612481713295,True
T2,20071,1,11,5,968519,True,,,OK,True,True,True,,0.9306584596633911,21851901,True,True,0.07608457654714584,0.07590977102518082,True
T2,20071,2,11,5,968519,True,,,OK,True,True,True,,0.8610261082649231,21796718,True,True,0.0873706191778183,0.10572714358568192,True
T2,20071,3,11,5,968519,True,,,OK,True,False,True,24,26.230878829956055,21299846,True,True,0.03747541457414627,0.09702473133802414,False
T2,20071,4,11,5,968519,True,,,OK,True,True,True,,0.9484043121337891,21377341,True,True,0.07566305994987488,0.08067446947097778,True
T2,20071,5,11,5,968519,True,,,OK,True,True,True,,0.926236093044281,21903410,True,True,0.08905843645334244,0.0632612481713295,True
T2,22072,1,12,0,7188669,True,,,OK,True,True,True,,1.0003106594085693,7688211,True,True,0.06818077713251114,0.13880041241645813,True
T2,22072,2,12,0,7188669,True,,,OK,True,True,True,,1.0002750158309937,7941451,True,True,0.09581298381090164,0.11326447129249573,True
T2,22072,3,12,0,7188669,True,,,OK,True,True,True,,1.0003103017807007,7997569,True,True,0.06671980768442154,0.11917587369680405,True
T2,22072,4,12,0,7188669,True,,,OK,True,True,True,,1.0004221200942993,7999605,True,True,0.07318881899118423,0.09679117798805237,True
T2,22072,5,12,0,7188669,True,,,OK,True,True,True,,1.0002633333206177,7733385,True,True,0.09124848991632462,0.10915882140398026,True
T2,22073,1,12,1,7188669,True,,,OK,True,True,True,,1.0002057552337646,9213376,True,True,0.06818077713251114,0.13880041241645813,True
T2,22073,2,12,1,7188669,True,,,OK,True,True,True,,1.000165343284607,9418380,True,True,0.09581298381090164,0.11326447129249573,True
T2,22073,3,12,1,7188669,True,,,OK,True,True,True,,1.000195860862732,9376210,True,True,0.06671980768442154,0.11917587369680405,True
T2,22073,4,12,1,7188669,True,,,OK,True,True,True,,1.000280737876892,9355676,True,True,0.07318881899118423,0.09679117798805237,True
T2,22073,5,12,1,7188669,True,,,OK,True,True,True,,1.0001474618911743,9143010,True,True,0.09124848991632462,0.10915882140398026,True
T2,22074,1,12,2,7188669,True,,,OK,True,True,True,,1.0000466108322144,10428662,True,True,0.06818077713251114,0.13880041241645813,True
T2,22074,2,12,2,7188669,True,,,OK,True,True,True,,1.0000215768814087,10636996,True,True,0.09581298381090164,0.11326447129249573,True
T2,22074,3,12,2,7188669,True,,"T7,T8,T9",OK,True,True,True,,1.0000463724136353,10645270,True,True,0.06671980768442154,0.11917587369680405,True
T2,22074,4,12,2,7188669,True,,,OK,True,True,True,,1.000121831893921,10631124,True,True,0.07318881899118423,0.09679117798805237,True
T2,22074,5,12,2,7188669,True,,,OK,True,True,True,,1.0000320672988892,10384860,True,True,0.09124848991632462,0.10915882140398026,True
T2,22075,1,12,3,7188669,True,,,OK,True,True,True,,0.9999567270278931,14483354,True,True,0.06818077713251114,0.13880041241645813,True
T2,22075,2,12,3,7188669,True,,,OK,True,True,True,,0.9999473690986633,14319655,True,True,0.09581298381090164,0.11326447129249573,True
T2,22075,3,12,3,7188669,True,,,OK,True,True,True,,0.9999570846557617,14454319,True,True,0.06671980768442154,0.11917587369680405,True
T2,22075,4,12,3,7188669,True,,,OK,True,True,True,,0.9999272227287292,14419650,True,True,0.07318881899118423,0.09679117798805237,True
T2,22075,5,12,3,7188669,True,,,OK,True,True,True,,0.999944806098938,14334128,True,True,0.09124848991632462,0.10915882140398026,True
T2,22076,1,12,4,7188669,True,,,OK,True,True,True,,0.9824880361557007,18685574,True,True,0.06818077713251114,0.13880041241645813,True
T2,22076,2,12,4,7188669,True,,,OK,True,True,True,,0.9839114546775818,18581920,True,True,0.09581298381090164,0.11326447129249573,True
T2,22076,3,12,4,7188669,True,,,OK,True,True,True,,0.9820778965950012,18823432,True,True,0.06671980768442154,0.11917587369680405,True
T2,22076,4,12,4,7188669,True,,,OK,True,True,True,,0.9819411039352417,18821564,True,True,0.07318881899118423,0.09679117798805237,True
T2,22076,5,12,4,7188669,True,,,OK,True,True,True,,0.9827980399131775,18682536,True,True,0.09124848991632462,0.10915882140398026,True
T2,22077,1,12,5,7188669,True,,,OK,True,True,True,,0.9268765449523926,21142088,True,True,0.06818077713251114,0.13880041241645813,True
T2,22077,2,12,5,7188669,True,,,OK,True,True,True,,0.9339884519577026,20908598,True,True,0.09581298381090164,0.11326447129249573,True
T2,22077,3,12,5,7188669,True,,,OK,True,True,True,,0.9249721169471741,21213090,True,True,0.06671980768442154,0.11917587369680405,True
T2,22077,4,12,5,7188669,True,,,OK,True,True,True,,0.9223020672798157,21158373,True,True,0.07318881899118423,0.09679117798805237,True
T2,22077,5,12,5,7188669,True,,,OK,True,True,True,,0.9274568557739258,21127341,True,True,0.09124848991632462,0.10915882140398026,True
T2,20078,1,13,0,149549,True,,,OK,True,True,True,,1.0000035762786865,8122215,True,True,0.0638090968132019,0.13519012928009033,True
T2,20078,2,13,0,149549,True,,,OK,True,True,True,,0.9999983906745911,9234163,True,True,0.09398891776800156,0.11917587369680405,True
T2,20078,3,13,0,149549,True,,,OK,True,True,True,,0.9999959468841553,10092713,True,True,0.06388920545578003,0.12408478558063507,True
T2,20078,4,13,0,149549,True,,,OK,True,True,True,,1.0000115633010864,9235908,True,False,0.11259394884109497,0.1142602264881134,False
T2,20078,5,13,0,149549,True,,,OK,True,True,True,,9.230117797851562,9117612,True,True,0.05279754847288132,0.12603706121444702,True
T2,20079,1,13,1,149549,True,,,OK,True,True,True,,0.9999991059303284,9282421,True,True,0.0638090968132019,0.13519012928009033,True
T2,20079,2,13,1,149549,True,,,OK,True,True,True,,0.9999982714653015,10476216,True,True,0.09398891776800156,0.11917587369680405,True
T2,20079,3,13,1,149549,True,,,OK,True,True,True,,0.9999958872795105,11167132,True,True,0.06388920545578003,0.12408478558063507,True
T2,20079,4,13,1,149549,True,,,OK,True,True,True,,1.0000053644180298,10460102,True,False,0.11259394884109497,0.1142602264881134,False
T2,20079,5,13,1,149549,True,,,OK,True,True,True,,1.0,10385286,True,True,0.05279754847288132,0.12603706121444702,True
T2,20080,1,13,2,149549,True,,,OK,True,True,True,,0.9999793767929077,10696919,True,True,0.0638090968132019,0.13519012928009033,True
T2,20080,2,13,2,149549,True,,,OK,True,True,True,,0.9999751448631287,12205040,True,True,0.09398891776800156,0.11917587369680405,True
T2,20080,3,13,2,149549,True,,,OK,True,True,True,,0.999976396560669,12954953,True,True,0.06388920545578003,0.12408478558063507,True
T2,20080,4,13,2,149549,True,,,OK,True,True,True,,0.999981164932251,12088002,True,False,0.11259394884109497,0.1142602264881134,False
T2,20080,5,13,2,149549,True,,,OK,True,True,True,,0.9999799728393555,12164801,True,True,0.05279754847288132,0.12603706121444702,True
T2,20081,1,13,3,149549,True,,,OK,True,True,True,,0.9999211430549622,14421295,True,True,0.0638090968132019,0.13519012928009033,True
T2,20081,2,13,3,149549,True,,,OK,True,True,True,,0.9999242424964905,15274935,True,True,0.09398891776800156,0.11917587369680405,True
T2,20081,3,13,3,149549,True,,,OK,True,True,True,,0.9999707341194153,15488813,True,True,0.06388920545578003,0.12408478558063507,True
T2,20081,4,13,3,149549,True,,,OK,True,True,True,,0.9999749064445496,15220591,True,False,0.11259394884109497,0.1142602264881134,False
T2,20081,5,13,3,149549,True,,,OK,True,True,True,,0.9999752044677734,15212122,True,True,0.05279754847288132,0.12603706121444702,True
T2,20082,1,13,4,149549,True,,,OK,True,True,True,,0.9819412231445312,19182818,True,True,0.0638090968132019,0.13519012928009033,True
T2,20082,2,13,4,149549,True,,,OK,True,True,True,,0.9728509783744812,20344296,True,True,0.09398891776800156,0.11917587369680405,True
T2,20082,3,13,4,149549,True,,,OK,True,True,True,,0.9832422137260437,20649466,True,True,0.06388920545578003,0.12408478558063507,True
T2,20082,4,13,4,149549,True,,,OK,True,True,True,,0.9857661724090576,20173547,True,False,0.11259394884109497,0.1142602264881134,False
T2,20082,5,13,4,149549,True,,,OK,True,True,True,,0.9767640829086304,20338771,True,True,0.05279754847288132,0.12603706121444702,True
T2,20083,1,13,5,149549,True,,,OK,True,True,True,,0.9337469935417175,21338823,True,True,0.0638090968132019,0.13519012928009033,True
T2,20083,2,13,5,149549,True,,,OK,True,True,True,,0.9065227508544922,21762157,True,True,0.09398891776800156,0.11917587369680405,True
T2,20083,3,13,5,149549,True,,,OK,True,True,True,,0.9391008615493774,21699455,True,True,0.06388920545578003,0.12408478558063507,True
T2,20083,4,13,5,149549,True,,,OK,True,True,True,,0.9418730735778809,21682469,True,False,0.11259394884109497,0.1142602264881134,False
T2,20083,5,13,5,149549,True,,,OK,True,True,True,,0.9279373288154602,21688967,True,True,0.05279754847288132,0.12603706121444702,True
T2,20084,1,14,0,683625,True,,,OK,True,True,True,,0.9999974966049194,9995748,True,True,0.07293158024549484,0.10645347833633423,True
T2,20084,2,14,0,683625,True,,,OK,True,True,True,,0.9999977946281433,8210562,True,False,0.14066468179225922,0.14309340715408325,False
T2,20084,3,14,0,683625,True,,,OK,True,True,True,,0.9999974370002747,10129527,True,True,0.08769580721855164,0.11997156590223312,True
T2,20084,4,14,0,683625,True,,,OK,True,True,True,,0.9999977350234985,10411412,True,True,0.09878085553646088,0.14111550152301788,True
T2,20084,5,14,0,683625,True,,,OK,True,True,True,,0.9999977946281433,10080575,True,True,0.09664841741323471,0.1527000218629837,True
T2,20085,1,14,1,683625,True,,,OK,True,True,True,,0.9999975562095642,11115268,True,True,0.07293158024549484,0.10645347833633423,True
T2,20085,2,14,1,683625,True,,,OK,True,False,True,23,207.97665405273438,9637586,True,False,0.14066468179225922,0.14309340715408325,False
T2,20085,3,14,1,683625,True,,,OK,True,True,True,,0.9999974966049194,11055829,True,True,0.08769580721855164,0.11997156590223312,True
T2,20085,4,14,1,683625,True,,,OK,True,True,True,,0.999997079372406,11148947,True,True,0.09878085553646088,0.14111550152301788,True
T2,20085,5,14,1,683625,True,,,OK,True,True,True,,0.9999973773956299,10978971,True,True,0.09664841741323471,0.1527000218629837,True
T2,20086,1,14,2,683625,True,,,OK,True,True,True,,0.9999756813049316,13141003,True,True,0.07293158024549484,0.10645347833633423,True
T2,20086,2,14,2,683625,True,,,OK,True,False,True,21,38600568.0,12484098,True,False,0.14066468179225922,0.14309340715408325,False
T2,20086,3,14,2,683625,True,,,OK,True,True,True,,0.9999764561653137,12952020,True,True,0.08769580721855164,0.11997156590223312,True
T2,20086,4,14,2,683625,True,,,OK,True,True,True,,0.9992445111274719,13066946,True,True,0.09878085553646088,0.14111550152301788,True
T2,20086,5,14,2,683625,True,,,OK,True,True,True,,0.9999776482582092,12757247,True,True,0.09664841741323471,0.1527000218629837,True
T2,20087,1,14,3,683625,True,,,OK,True,True,True,,0.9999619126319885,15775579,True,True,0.07293158024549484,0.10645347833633423,True
T2,20087,2,14,3,683625,True,,,OK,True,True,True,,0.9999666213989258,15689947,True,False,0.14066468179225922,0.14309340715408325,False
T2,20087,3,14,3,683625,True,,,OK,True,True,True,,0.9999708533287048,15315057,True,True,0.08769580721855164,0.11997156590223312,True
T2,20087,4,14,3,683625,True,,,OK,True,True,True,,0.9960384368896484,15449013,True,True,0.09878085553646088,0.14111550152301788,True
T2,20087,5,14,3,683625,True,,,OK,True,True,True,,0.9999675154685974,15181709,True,True,0.09664841741323471,0.1527000218629837,True
T2,20088,1,14,4,683625,True,,,OK,True,True,True,,0.9669254422187805,20852147,True,True,0.07293158024549484,0.10645347833633423,True
T2,20088,2,14,4,683625,True,,,OK,True,True,True,,0.966006875038147,21199429,True,False,0.14066468179225922,0.14309340715408325,False
T2,20088,3,14,4,683625,True,,,OK,True,True,True,,0.9772706627845764,20620889,True,True,0.08769580721855164,0.11997156590223312,True
T2,20088,4,14,4,683625,True,,"T3,T4",OK,True,True,True,,0.9391403198242188,21061417,True,True,0.09878085553646088,0.14111550152301788,True
T2,20088,5,14,4,683625,True,,,OK,True,True,True,,0.9851319193840027,20641342,True,True,0.09664841741323471,0.1527000218629837,True
T2,20089,1,14,5,683625,True,,,OK,True,True,True,,0.9011512994766235,21978985,True,True,0.07293158024549484,0.10645347833633423,True
T2,20089,2,14,5,683625,True,,,OK,True,True,True,,0.9046401977539062,22396747,True,False,0.14066468179225922,0.14309340715408325,False
T2,20089,3,14,5,683625,True,,,OK,True,True,True,,0.9256661534309387,21642739,True,True,0.08769580721855164,0.11997156590223312,True
T2,20089,4,14,5,683625,True,,,OK,True,True,True,,0.844029426574707,21948288,True,True,0.09878085553646088,0.14111550152301788,True
T2,20089,5,14,5,683625,True,,,OK,True,True,True,,0.9498826861381531,21659552,True,True,0.09664841741323471,0.1527000218629837,True
T2,20090,1,15,0,223111,True,,,OK,True,True,True,,1.0001775026321411,7905653,True,True,0.08133088797330856,0.11112368106842041,True
T2,20090,2,15,0,223111,True,,,OK,True,True,True,,1.0000951290130615,7840052,True,True,0.08901394158601761,0.1155722364783287,True
T2,20090,3,15,0,223111,True,,,OK,True,True,True,,1.000203251838684,7847372,True,True,0.07307714968919754,0.10202750563621521,True
T2,20090,4,15,0,223111,True,,,OK,True,True,True,,1.0002797842025757,7327377,True,True,0.10196234285831451,0.11812149733304977,True
T2,20090,5,15,0,223111,True,,,OK,True,True,True,,1.000340223312378,7862671,True,True,0.05733253434300423,0.11828597635030746,True
T2,20091,1,15,1,223111,True,,,OK,True,True,True,,1.0001097917556763,9412600,True,True,0.08133088797330856,0.11112368106842041,True
T2,20091,2,15,1,223111,True,,,OK,True,True,True,,1.0000494718551636,9219539,True,True,0.08901394158601761,0.1155722364783287,True
T2,20091,3,15,1,223111,True,,,OK,True,True,True,,1.0001301765441895,9167005,True,True,0.07307714968919754,0.10202750563621521,True
T2,20091,4,15,1,223111,True,,,OK,True,True,True,,1.000160813331604,8930245,True,True,0.10196234285831451,0.11812149733304977,True
T2,20091,5,15,1,223111,True,,,OK,True,True,True,,1.0001758337020874,9355346,True,True,0.05733253434300423,0.11828597635030746,True
T2,20092,1,15,2,223111,True,,,OK,True,True,True,,1.000001072883606,10635406,True,True,0.08133088797330856,0.11112368106842041,True
T2,20092,2,15,2,223111,True,,,OK,True,True,True,,0.999977171421051,10496040,True,True,0.08901394158601761,0.1155722364783287,True
T2,20092,3,15,2,223111,True,,,OK,True,True,True,,1.000006079673767,10398334,True,True,0.07307714968919754,0.10202750563621521,True
T2,20092,4,15,2,223111,True,,,OK,True,True,True,,1.0000282526016235,10156345,True,True,0.10196234285831451,0.11812149733304977,True
T2,20092,5,15,2,223111,True,,,OK,True,True,True,,1.0000110864639282,10595094,True,True,0.05733253434300423,0.11828597635030746,True
T2,20093,1,15,3,223111,True,,,OK,True,True,True,,0.9999378323554993,14365270,True,True,0.08133088797330856,0.11112368106842041,True
T2,20093,2,15,3,223111,True,,,OK,True,True,True,,0.999931275844574,14324373,True,True,0.08901394158601761,0.1155722364783287,True
T2,20093,3,15,3,223111,True,,,OK,True,True,True,,0.999932587146759,14164744,True,True,0.07307714968919754,0.10202750563621521,True
T2,20093,4,15,3,223111,True,,,OK,True,True,True,,0.9999449849128723,14406180,True,True,0.10196234285831451,0.11812149733304977,True
T2,20093,5,15,3,223111,True,,,OK,True,True,True,,0.9999430775642395,14377176,True,True,0.05733253434300423,0.11828597635030746,True
T2,20094,1,15,4,223111,True,,,OK,True,True,True,,0.9838178157806396,18604759,True,True,0.08133088797330856,0.11112368106842041,True
T2,20094,2,15,4,223111,True,,,OK,True,True,True,,0.9828943610191345,18793673,True,True,0.08901394158601761,0.1155722364783287,True
T2,20094,3,15,4,223111,True,,,OK,True,True,True,,0.9820034503936768,18573622,True,True,0.07307714968919754,0.10202750563621521,True
T2,20094,4,15,4,223111,True,,,OK,True,True,True,,0.982986569404602,18624943,True,True,0.10196234285831451,0.11812149733304977,True
T2,20094,5,15,4,223111,True,,,OK,True,True,True,,0.9858294725418091,18651078,True,True,0.05733253434300423,0.11828597635030746,True
T2,20095,1,15,5,223111,True,,,OK,True,True,True,,0.9323565363883972,21016591,True,True,0.08133088797330856,0.11112368106842041,True
T2,20095,2,15,5,223111,True,,,OK,True,True,True,,0.9305287599563599,20984747,True,True,0.08901394158601761,0.1155722364783287,True
T2,20095,3,15,5,223111,True,,,OK,True,True,True,,0.927237868309021,20888243,True,True,0.07307714968919754,0.10202750563621521,True
T2,20095,4,15,5,223111,True,,,OK,True,True,True,,0.9344634413719177,21092819,True,True,0.10196234285831451,0.11812149733304977,True
T2,20095,5,15,5,223111,True,,,OK,True,True,True,,0.9381403923034668,21086757,True,True,0.05733253434300423,0.11828597635030746,True
T2,20096,1,16,0,524531,True,,,OK,True,True,True,,0.999997079372406,8117768,True,True,0.06806926429271698,0.1578589379787445,True
T2,20096,2,16,0,524531,True,,,OK,True,True,True,,0.999993622303009,8095182,True,False,0.11611901223659515,0.11828597635030746,False
T2,20096,3,16,0,524531,True,,,OK,True,True,True,,0.999996542930603,9100735,True,True,0.09860069304704666,0.12419544160366058,True
T2,20096,4,16,0,524531,True,,,OK,True,True,True,,0.9999973773956299,8400997,True,True,0.06910063326358795,0.10818901658058167,True
T2,20096,5,16,0,524531,True,,,OK,True,True,True,,0.9999983310699463,9320933,True,True,0.09625500440597534,0.10939086973667145,True
T2,20097,1,16,1,524531,True,,,OK,True,True,True,,0.9999969005584717,9490742,True,True,0.06806926429271698,0.1578589379787445,True
T2,20097,2,16,1,524531,True,,,OK,True,True,True,,0.9999916553497314,9339351,True,False,0.11611901223659515,0.11828597635030746,False
T2,20097,3,16,1,524531,True,,,OK,True,True,True,,0.9999942183494568,10385160,True,True,0.09860069304704666,0.12419544160366058,True
T2,20097,4,16,1,524531,True,,,OK,True,True,True,,0.999997079372406,10130695,True,True,0.06910063326358795,0.10818901658058167,True
T2,20097,5,16,1,524531,True,,,OK,True,True,True,,0.9999983906745911,10368610,True,True,0.09625500440597534,0.10939086973667145,True
T2,20098,1,16,2,524531,True,,,OK,True,True,True,,0.9999770522117615,11180121,True,True,0.06806926429271698,0.1578589379787445,True
T2,20098,2,16,2,524531,True,,,OK,True,True,True,,0.9982618689537048,11136878,True,False,0.11611901223659515,0.11828597635030746,False
T2,20098,3,16,2,524531,True,,,OK,True,True,True,,0.9999755620956421,11954648,True,True,0.09860069304704666,0.12419544160366058,True
T2,20098,4,16,2,524531,True,,,OK,True,True,True,,0.9999688863754272,11794485,True,True,0.06910063326358795,0.10818901658058167,True
T2,20098,5,16,2,524531,True,,,OK,True,True,True,,0.9999788403511047,11963308,True,True,0.09625500440597534,0.10939086973667145,True
T2,20099,1,16,3,524531,True,,,OK,True,True,True,,0.9999710917472839,14984241,True,True,0.06806926429271698,0.1578589379787445,True
T2,20099,2,16,3,524531,True,,"T7,T8,T9",OK,True,True,True,,0.9912967681884766,15043123,True,False,0.11611901223659515,0.11828597635030746,False
T2,20099,3,16,3,524531,True,,,OK,True,True,True,,0.9999691843986511,15096144,True,True,0.09860069304704666,0.12419544160366058,True
T2,20099,4,16,3,524531,True,,,OK,True,True,True,,0.9998624324798584,15338502,True,True,0.06910063326358795,0.10818901658058167,True
T2,20099,5,16,3,524531,True,,,OK,True,True,True,,0.9999712109565735,15115504,True,True,0.09625500440597534,0.10939086973667145,True
T2,20100,1,16,4,524531,True,,,OK,True,True,True,,0.9838820099830627,19869960,True,True,0.06806926429271698,0.1578589379787445,True
T2,20100,2,16,4,524531,True,,,OK,True,True,True,,0.8961853981018066,20313947,True,False,0.11611901223659515,0.11828597635030746,False
T2,20100,3,16,4,524531,True,,,OK,True,True,True,,0.98548424243927,19945395,True,True,0.09860069304704666,0.12419544160366058,True
T2,20100,4,16,4,524531,True,,,OK,True,True,True,,0.9625163078308105,20176540,True,True,0.06910063326358795,0.10818901658058167,True
T2,20100,5,16,4,524531,True,,,OK,True,True,True,,0.9825055003166199,19876801,True,True,0.09625500440597534,0.10939086973667145,True
T2,20101,1,16,5,524531,True,,,OK,True,True,True,,0.9350525140762329,21569256,True,True,0.06806926429271698,0.1578589379787445,True
T2,20101,2,16,5,524531,True,,,OK,True,True,True,,0.769514262676239,22190527,True,False,0.11611901223659515,0.11828597635030746,False
T2,20101,3,16,5,524531,True,,T9,OK,True,True,True,,0.9411817789077759,21582445,True,True,0.09860069304704666,0.12419544160366058,True
T2,20101,4,16,5,524531,True,,,OK,True,True,True,,0.884742259979248,21851746,True,True,0.06910063326358795,0.10818901658058167,True
T2,20101,5,16,5,524531,True,,,OK,True,True,True,,0.9280110001564026,21599506,True,True,0.09625500440597534,0.10939086973667145,True
T2,22102,1,17,0,219521,True,,,OK,True,True,True,,0.9999974370002747,9577560,True,True,0.0642547607421875,0.12065602838993073,True
T2,22102,2,17,0,219521,True,,,OK,True,True,True,,0.9999973177909851,9167433,True,True,0.08439633995294571,0.18091146647930145,True
T2,22102,3,17,0,219521,True,,,OK,True,True,True,,0.999997615814209,8962262,True,True,0.08686055988073349,0.11585760861635208,True
T2,22102,4,17,0,219521,True,,,OK,True,True,True,,0.999997615814209,9606547,True,True,0.10544925183057785,0.11318064481019974,True
T2,22102,5,17,0,219521,True,,,OK,True,True,True,,0.9999969601631165,9592044,True,True,0.08918841928243637,0.14579683542251587,True
T2,22103,1,17,1,219521,True,,,OK,True,True,True,,0.9999973773956299,10732270,True,True,0.0642547607421875,0.12065602838993073,True
T2,22103,2,17,1,219521,True,,,OK,True,True,True,,0.9999974370002747,10521429,True,True,0.08439633995294571,0.18091146647930145,True
T2,22103,3,17,1,219521,True,,,OK,True,True,True,,0.9999976754188538,10499351,True,True,0.08686055988073349,0.11585760861635208,True
T2,22103,4,17,1,219521,True,,,OK,True,True,True,,0.9999971985816956,10541979,True,True,0.10544925183057785,0.11318064481019974,True
T2,22103,5,17,1,219521,True,,,OK,True,True,True,,0.9999967217445374,10825005,True,True,0.08918841928243637,0.14579683542251587,True
T2,22104,1,17,2,219521,True,,,OK,True,True,True,,0.9999757409095764,12797291,True,True,0.0642547607421875,0.12065602838993073,True
T2,22104,2,17,2,219521,True,,,OK,True,True,True,,0.9999738931655884,12401554,True,True,0.08439633995294571,0.18091146647930145,True
T2,22104,3,17,2,219521,True,,,OK,True,True,True,,0.9999760985374451,12143061,True,True,0.08686055988073349,0.11585760861635208,True
T2,22104,4,17,2,219521,True,,,OK,True,True,True,,0.9999728202819824,12171886,True,True,0.10544925183057785,0.11318064481019974,True
T2,22104,5,17,2,219521,True,,,OK,True,True,True,,0.999973714351654,12312432,True,True,0.08918841928243637,0.14579683542251587,True
T2,22105,1,17,3,219521,True,,,OK,True,True,True,,0.9999688267707825,15691824,True,True,0.0642547607421875,0.12065602838993073,True
T2,22105,2,17,3,219521,True,,,OK,True,False,True,19,15.539884567260742,15523798,True,True,0.08439633995294571,0.18091146647930145,False
T2,22105,3,17,3,219521,True,,,OK,True,True,True,,0.9999589920043945,15586313,True,True,0.08686055988073349,0.11585760861635208,True
T2,22105,4,17,3,219521,True,,,OK,True,True,True,,0.9998811483383179,14985790,True,True,0.10544925183057785,0.11318064481019974,True
T2,22105,5,17,3,219521,True,,,OK,True,True,True,,2.2181084156036377,15545968,True,True,0.08918841928243637,0.14579683542251587,True
T2,22106,1,17,4,219521,True,,,OK,True,True,True,,0.9701601266860962,20903131,True,True,0.0642547607421875,0.12065602838993073,True
T2,22106,2,17,4,219521,True,,,OK,True,True,True,,0.9698766469955444,20552045,True,True,0.08439633995294571,0.18091146647930145,True
T2,22106,3,17,4,219521,True,,,OK,True,True,True,,0.9813294410705566,20641410,True,True,0.08686055988073349,0.11585760861635208,True
T2,22106,4,17,4,219521,True,,,OK,True,True,True,,0.9763487577438354,20242293,True,True,0.10544925183057785,0.11318064481019974,True
T2,22106,5,17,4,219521,True,,,OK,True,True,True,,0.9795644879341125,20404002,True,True,0.08918841928243637,0.14579683542251587,True
T2,22107,1,17,5,219521,True,,,OK,True,True,True,,0.9119372963905334,22089372,True,True,0.0642547607421875,0.12065602838993073,True
T2,22107,2,17,5,219521,True,,T9,OK,True,True,True,,0.8954083919525146,21826631,True,True,0.08439633995294571,0.18091146647930145,True
T2,22107,3,17,5,219521,True,,,OK,True,True,True,,0.9253664016723633,22184645,True,True,0.08686055988073349,0.11585760861635208,True
T2,22107,4,17,5,219521,True,,,OK,True,True,True,,0.920126736164093,21619856,True,True,0.10544925183057785,0.11318064481019974,True
T2,22107,5,17,5,219521,True,,,OK,True,True,True,,0.9427436590194702,21754643,True,True,0.08918841928243637,0.14579683542251587,True
T2,22108,1,18,0,963753,True,,,OK,True,True,True,,1.0002092123031616,8033712,True,False,0.1411212533712387,0.20019224286079407,False
T2,22108,2,18,0,963753,True,,,OK,True,True,True,,1.0004748106002808,8150701,True,True,0.11142706871032715,0.14032010734081268,True
T2,22108,3,18,0,963753,True,,T3,OK,True,True,True,,1.0002962350845337,7837032,True,True,0.08516287058591843,0.1611831784248352,True
T2,22108,4,18,0,963753,True,,,OK,True,True,True,,1.000457525253296,7311766,True,True,0.10588257759809494,0.16624900698661804,True
T2,22108,5,18,0,963753,True,,,OK,True,True,True,,1.0003331899642944,7611396,True,False,0.2339305281639099,0.15817144513130188,False
T2,22109,1,18,1,963753,True,,,OK,True,True,True,,1.0001686811447144,9308578,True,False,0.1411212533712387,0.20019224286079407,False
T2,22109,2,18,1,963753,True,,,OK,True,True,True,,1.0003024339675903,9471461,True,True,0.11142706871032715,0.14032010734081268,True
T2,22109,3,18,1,963753,True,,,OK,True,True,True,,1.0002079010009766,9209851,True,True,0.08516287058591843,0.1611831784248352,True
T2,22109,4,18,1,963753,True,,,OK,True,True,True,,1.000177025794983,8915603,True,True,0.10588257759809494,0.16624900698661804,True
T2,22109,5,18,1,963753,True,,,OK,True,True,True,,1.0001862049102783,8961587,True,False,0.2339305281639099,0.15817144513130188,False
T2,22110,1,18,2,963753,True,,,OK,True,True,True,,1.0000348091125488,10697712,True,False,0.1411212533712387,0.20019224286079407,False
T2,22110,2,18,2,963753,True,,,OK,True,True,True,,1.0000592470169067,10728825,True,True,0.11142706871032715,0.14032010734081268,True
T2,22110,3,18,2,963753,True,,,OK,True,True,True,,1.0000715255737305,10473005,True,True,0.08516287058591843,0.1611831784248352,True
T2,22110,4,18,2,963753,True,,,OK,True,True,True,,0.9999917149543762,10014654,True,True,0.10588257759809494,0.16624900698661804,True
T2,22110,5,18,2,963753,True,,,OK,True,True,True,,1.000016212463379,10198910,True,False,0.2339305281639099,0.15817144513130188,False
T2,22111,1,18,3,963753,True,,,OK,True,True,True,,0.9999501705169678,14257698,True,False,0.1411212533712387,0.20019224286079407,False
T2,22111,2,18,3,963753,True,,,OK,True,True,True,,0.9999614357948303,14202829,True,True,0.11142706871032715,0.14032010734081268,True
T2,22111,3,18,3,963753,True,,,OK,True,True,True,,0.9999659657478333,14408449,True,True,0.08516287058591843,0.1611831784248352,True
T2,22111,4,18,3,963753,True,,,OK,True,True,True,,0.9999041557312012,14224126,True,True,0.10588257759809494,0.16624900698661804,True
T2,22111,5,18,3,963753,True,,,OK,True,True,True,,0.9999495148658752,14122694,True,False,0.2339305281639099,0.15817144513130188,False
T2,22112,1,18,4,963753,True,,,OK,True,True,True,,0.9847257733345032,18770992,True,False,0.1411212533712387,0.20019224286079407,False
T2,22112,2,18,4,963753,True,,,OK,True,True,True,,0.9857378602027893,18519831,True,True,0.11142706871032715,0.14032010734081268,True
T2,22112,3,18,4,963753,True,,,OK,True,True,True,,0.9835141897201538,18548716,True,True,0.08516287058591843,0.1611831784248352,True
T2,22112,4,18,4,963753,True,,,OK,True,True,True,,0.9864259958267212,18346098,True,True,0.10588257759809494,0.16624900698661804,True
T2,22112,5,18,4,963753,True,,,OK,True,True,True,,0.9862204194068909,18389525,True,False,0.2339305281639099,0.15817144513130188,False
T2,22113,1,18,5,963753,True,,,OK,True,True,True,,0.939158022403717,20870543,True,False,0.1411212533712387,0.20019224286079407,False
T2,22113,2,18,5,963753,True,,T9,OK,True,True,True,,0.9398643374443054,20918080,True,True,0.11142706871032715,0.14032010734081268,True
T2,22113,3,18,5,963753,True,,,OK,True,True,True,,0.9272997975349426,21081443,True,True,0.08516287058591843,0.1611831784248352,True
T2,22113,4,18,5,963753,True,,,OK,True,True,True,,0.943470299243927,20867596,True,True,0.10588257759809494,0.16624900698661804,True
T2,22113,5,18,5,963753,True,,,OK,True,True,True,,0.9428585171699524,20893751,True,False,0.2339305281639099,0.15817144513130188,False
T2,22114,1,19,0,9578387,True,,,OK,True,True,True,,1.0000112056732178,9317269,True,False,0.1446545571088791,0.15817144513130188,False
T2,22114,2,19,0,9578387,True,,,OK,True,True,True,,0.9999987483024597,9331094,True,False,0.13447561860084534,0.12476012110710144,False
T2,22114,3,19,0,9578387,True,,,OK,True,True,True,,1.0002533197402954,8901099,True,False,0.14364132285118103,0.21040505170822144,False
T2,22114,4,19,0,9578387,True,,,OK,True,True,True,,1.0002655982971191,9906256,True,True,0.07540394365787506,0.16624900698661804,True
T2,22114,5,19,0,9578387,True,,,OK,True,True,True,,1.0000035762786865,7607941,True,True,0.10631633549928665,0.1897689253091812,True
T2,22115,1,19,1,9578387,True,,,OK,True,True,True,,0.9999999403953552,10507640,True,False,0.1446545571088791,0.15817144513130188,False
T2,22115,2,19,1,9578387,True,,,OK,True,True,True,,0.999991238117218,10270631,True,False,0.13447561860084534,0.12476012110710144,False
T2,22115,3,19,1,9578387,True,,,OK,True,True,True,,1.000152826309204,10006230,True,False,0.14364132285118103,0.21040505170822144,False
T2,22115,4,19,1,9578387,True,,,OK,True,True,True,,1.0000840425491333,10670257,True,True,0.07540394365787506,0.16624900698661804,True
T2,22115,5,19,1,9578387,True,,,OK,True,True,True,,0.9999974966049194,8989297,True,True,0.10631633549928665,0.1897689253091812,True
T2,22116,1,19,2,9578387,True,,,OK,True,True,True,,0.9999697208404541,11960188,True,False,0.1446545571088791,0.15817144513130188,False
T2,22116,2,19,2,9578387,True,,,OK,True,True,True,,0.9999658465385437,11847859,True,False,0.13447561860084534,0.12476012110710144,False
T2,22116,3,19,2,9578387,True,,,OK,True,True,True,,0.9999226927757263,11469998,True,False,0.14364132285118103,0.21040505170822144,False
T2,22116,4,19,2,9578387,True,,,OK,True,True,True,,0.9999457597732544,12593402,True,True,0.07540394365787506,0.16624900698661804,True
T2,22116,5,19,2,9578387,True,,,OK,True,True,True,,0.9999682307243347,10518679,True,True,0.10631633549928665,0.1897689253091812,True
T2,22117,1,19,3,9578387,True,,,OK,True,True,True,,0.9999610185623169,14831145,True,False,0.1446545571088791,0.15817144513130188,False
T2,22117,2,19,3,9578387,True,,,OK,True,True,True,,0.9998804926872253,14875838,True,False,0.13447561860084534,0.12476012110710144,False
T2,22117,3,19,3,9578387,True,,,OK,True,True,True,,0.9994197487831116,14632882,True,False,0.14364132285118103,0.21040505170822144,False
T2,22117,4,19,3,9578387,True,,,OK,True,True,True,,0.9996905326843262,14941633,True,True,0.07540394365787506,0.16624900698661804,True
T2,22117,5,19,3,9578387,True,,,OK,True,True,True,,0.99996018409729,14162891,True,True,0.10631633549928665,0.1897689253091812,True
T2,22118,1,19,4,9578387,True,,,OK,True,True,True,,0.9868388175964355,19226015,True,False,0.1446545571088791,0.15817144513130188,False
T2,22118,2,19,4,9578387,True,,,OK,True,True,True,,0.9698219299316406,19588917,True,False,0.13447561860084534,0.12476012110710144,False
T2,22118,3,19,4,9578387,True,,,OK,True,True,True,,0.9598185420036316,19102158,True,False,0.14364132285118103,0.21040505170822144,False
T2,22118,4,19,4,9578387,True,,,OK,True,True,True,,0.9603052139282227,20175068,True,True,0.07540394365787506,0.16624900698661804,True
T2,22118,5,19,4,9578387,True,,,OK,True,True,True,,0.9861898422241211,19020646,True,True,0.10631633549928665,0.1897689253091812,True
T2,22119,1,19,5,9578387,True,,,OK,True,True,True,,0.9423953890800476,21186155,True,False,0.1446545571088791,0.15817144513130188,False
T2,22119,2,19,5,9578387,True,,,OK,True,True,True,,0.886633574962616,21531896,True,False,0.13447561860084534,0.12476012110710144,False
T2,22119,3,19,5,9578387,True,,,OK,True,True,True,,0.8706602454185486,21281266,True,False,0.14364132285118103,0.21040505170822144,False
T2,22119,4,19,5,9578387,True,,T9,OK,True,True,True,,0.8614729642868042,21523445,True,True,0.07540394365787506,0.16624900698661804,True
T2,22119,5,19,5,9578387,True,,,OK,True,True,True,,0.9395617246627808,21167968,True,True,0.10631633549928665,0.1897689253091812,True
T2,20120,1,20,0,187247,True,,,OK,True,True,True,,0.9999954104423523,7853345,True,True,0.08621323853731155,0.18091146647930145,True
T2,20120,2,20,0,187247,True,,,OK,True,True,True,,0.9999922513961792,10617356,True,False,0.13914932310581207,0.15945319831371307,False
T2,20120,3,20,0,187247,True,,,OK,True,True,True,,0.9999933242797852,10116512,True,False,0.11609519273042679,0.19322893023490906,False
T2,20120,4,20,0,187247,True,,,OK,True,True,True,,0.9999920725822449,9327010,True,True,0.08856925368309021,0.12071258574724197,True
T2,20120,5,20,0,187247,True,,,OK,True,True,True,,0.999993622303009,9311857,True,True,0.08680441230535507,0.13679438829421997,True
T2,20121,1,20,1,187247,True,,,OK,True,True,True,,0.9999954104423523,8991567,True,True,0.08621323853731155,0.18091146647930145,True
T2,20121,2,20,1,187247,True,,T9,OK,True,True,True,,0.9999922513961792,11423346,True,False,0.13914932310581207,0.15945319831371307,False
T2,20121,3,20,1,187247,True,,,OK,True,True,True,,0.9999932050704956,10931103,True,False,0.11609519273042679,0.19322893023490906,False
T2,20121,4,20,1,187247,True,,T8,OK,True,True,True,,0.9999901652336121,10576037,True,True,0.08856925368309021,0.12071258574724197,True
T2,20121,5,20,1,187247,True,,,OK,True,True,True,,0.9999906420707703,10064138,True,True,0.08680441230535507,0.13679438829421997,True
T2,20122,1,20,2,187247,True,,,OK,True,True,True,,0.9999728202819824,10602627,True,True,0.08621323853731155,0.18091146647930145,True
T2,20122,2,20,2,187247,True,,,OK,True,True,True,,0.9999719858169556,13238613,True,False,0.13914932310581207,0.15945319831371307,False
T2,20122,3,20,2,187247,True,,,OK,True,True,True,,0.9999737739562988,12344764,True,False,0.11609519273042679,0.19322893023490906,False
T2,20122,4,20,2,187247,True,,,OK,True,True,True,,0.9999698996543884,12001720,True,True,0.08856925368309021,0.12071258574724197,True
T2,20122,5,20,2,187247,True,,,OK,True,True,True,,0.9999690055847168,11730939,True,True,0.08680441230535507,0.13679438829421997,True
T2,20123,1,20,3,187247,True,,,OK,True,True,True,,0.9999094605445862,14451518,True,True,0.08621323853731155,0.18091146647930145,True
T2,20123,2,20,3,187247,True,,,OK,True,True,True,,0.9999688267707825,15311333,True,False,0.13914932310581207,0.15945319831371307,False
T2,20123,3,20,3,187247,True,,,OK,True,True,True,,0.999970555305481,14559995,True,False,0.11609519273042679,0.19322893023490906,False
T2,20123,4,20,3,187247,True,,"T5,T6,T7,T8,T9",OK,True,True,True,,0.9999657869338989,14936403,True,True,0.08856925368309021,0.12071258574724197,True
T2,20123,5,20,3,187247,True,,,OK,True,True,True,,0.9999607801437378,14182899,True,True,0.08680441230535507,0.13679438829421997,True
T2,20124,1,20,4,187247,True,,,OK,True,True,True,,0.984649658203125,19516670,True,True,0.08621323853731155,0.18091146647930145,True
T2,20124,2,20,4,187247,True,,,OK,True,True,True,,0.9797627925872803,20495604,True,False,0.13914932310581207,0.15945319831371307,False
T2,20124,3,20,4,187247,True,,,OK,True,True,True,,0.9893014430999756,19151128,True,False,0.11609519273042679,0.19322893023490906,False
T2,20124,4,20,4,187247,True,,,OK,True,True,True,,0.9876803159713745,19769371,True,True,0.08856925368309021,0.12071258574724197,True
T2,20124,5,20,4,187247,True,,,OK,True,True,True,,0.9865058064460754,19536041,True,True,0.08680441230535507,0.13679438829421997,True
T2,20125,1,20,5,187247,True,,,OK,True,True,True,,0.93587327003479,21362788,True,True,0.08621323853731155,0.18091146647930145,True
T2,20125,2,20,5,187247,True,,,OK,True,True,True,,0.9306049942970276,21666848,True,False,0.13914932310581207,0.15945319831371307,False
T2,20125,3,20,5,187247,True,,,OK,True,True,True,,0.9761349558830261,20922135,True,False,0.11609519273042679,0.19322893023490906,False
T2,20125,4,20,5,187247,True,,,OK,True,True,True,,0.9673038125038147,21409308,True,True,0.08856925368309021,0.12071258574724197,True
T2,20125,5,20,5,187247,True,,T2,OK,True,True,True,,0.9410424828529358,21215612,True,True,0.08680441230535507,0.13679438829421997,True
T2,20126,1,21,0,581445,True,,,OK,True,True,True,,1.0004080533981323,7793290,True,False,0.16980351507663727,0.22335734963417053,False
T2,20126,2,21,0,581445,True,,,OK,True,True,True,,1.0005528926849365,7619628,True,False,0.19879582524299622,0.1758800446987152,False
T2,20126,3,21,0,581445,True,,,OK,True,True,True,,1.000295639038086,7261856,True,False,0.13600853085517883,0.16653208434581757,False
T2,20126,4,21,0,581445,True,,,OK,True,True,True,,1.0003585815429688,7425892,True,False,0.15109027922153473,0.1897689253091812,False
T2,20126,5,21,0,581445,True,,,OK,True,False,True,21,543.5546875,7590534,True,False,0.1287856251001358,0.2461296170949936,False
T2,20127,1,21,1,581445,True,,,OK,True,True,True,,1.0002399682998657,9199281,True,False,0.16980351507663727,0.22335734963417053,False
T2,20127,2,21,1,581445,True,,,OK,True,True,True,,1.000349998474121,9062814,True,False,0.19879582524299622,0.1758800446987152,False
T2,20127,3,21,1,581445,True,,,OK,True,True,True,,1.0001428127288818,8881189,True,False,0.13600853085517883,0.16653208434581757,False
T2,20127,4,21,1,581445,True,,,OK,True,True,True,,1.0002081394195557,8910842,True,False,0.15109027922153473,0.1897689253091812,False
T2,20127,5,21,1,581445,True,,,OK,True,True,True,,1.0001739263534546,9125026,True,False,0.1287856251001358,0.2461296170949936,False
T2,20128,1,21,2,581445,True,,,OK,True,True,True,,1.0000437498092651,10458909,True,False,0.16980351507663727,0.22335734963417053,False
T2,20128,2,21,2,581445,True,,,OK,True,True,True,,1.0000063180923462,10330321,True,False,0.19879582524299622,0.1758800446987152,False
T2,20128,3,21,2,581445,True,,,OK,True,True,True,,0.9999925494194031,10029581,True,False,0.13600853085517883,0.16653208434581757,False
T2,20128,4,21,2,581445,True,,,OK,True,True,True,,1.0000470876693726,10109180,True,False,0.15109027922153473,0.1897689253091812,False
T2,20128,5,21,2,581445,True,,,OK,True,True,True,,1.0000413656234741,10308928,True,False,0.1287856251001358,0.2461296170949936,False
T2,20129,1,21,3,581445,True,,,OK,True,True,True,,0.9999615550041199,14249100,True,False,0.16980351507663727,0.22335734963417053,False
T2,20129,2,21,3,581445,True,,,OK,True,True,True,,0.9998747706413269,14227660,True,False,0.19879582524299622,0.1758800446987152,False
T2,20129,3,21,3,581445,True,,,OK,True,True,True,,0.999932050704956,14192629,True,False,0.13600853085517883,0.16653208434581757,False
T2,20129,4,21,3,581445,True,,,OK,True,True,True,,0.9999527931213379,14116839,True,False,0.15109027922153473,0.1897689253091812,False
T2,20129,5,21,3,581445,True,,,OK,True,True,True,,0.9999603629112244,14368989,True,False,0.1287856251001358,0.2461296170949936,False
T2,20130,1,21,4,581445,True,,,OK,True,True,True,,0.9854232668876648,18341167,True,False,0.16980351507663727,0.22335734963417053,False
T2,20130,2,21,4,581445,True,,,OK,True,True,True,,0.9794244766235352,18734369,True,False,0.19879582524299622,0.1758800446987152,False
T2,20130,3,21,4,581445,True,,"T5,T6,T7,T8,T9",OK,True,True,True,,0.9879493713378906,18362294,True,False,0.13600853085517883,0.16653208434581757,False
T2,20130,4,21,4,581445,True,,,OK,True,True,True,,0.9827296137809753,18393166,True,False,0.15109027922153473,0.1897689253091812,False
T2,20130,5,21,4,581445,True,,,OK,True,True,True,,0.9870170950889587,18565030,True,False,0.1287856251001358,0.2461296170949936,False
T2,20131,1,21,5,581445,True,,,OK,True,True,True,,0.9369580149650574,20910762,True,False,0.16980351507663727,0.22335734963417053,False
T2,20131,2,21,5,581445,True,,,OK,True,True,True,,0.918436586856842,21012356,True,False,0.19879582524299622,0.1758800446987152,False
T2,20131,3,21,5,581445,True,,,OK,True,True,True,,0.9506703019142151,20872376,True,False,0.13600853085517883,0.16653208434581757,False
T2,20131,4,21,5,581445,True,,T4,OK,True,True,True,,0.9281920194625854,20920097,True,False,0.15109027922153473,0.1897689253091812,False
T2,20131,5,21,5,581445,True,,,OK,True,True,True,,0.944661557674408,21060807,True,False,0.1287856251001358,0.2461296170949936,False
T2,22132,1,22,0,9510941,True,,,OK,True,True,True,,1.000000238418579,7325221,True,False,0.17865554988384247,0.2767798602581024,False
T2,22132,2,22,0,9510941,True,,,OK,True,True,True,,1.0000011920928955,9234181,True,False,0.1901896446943283,0.2533681392669678,False
T2,22132,3,22,0,9510941,True,,,OK,True,True,True,,0.9999942183494568,9740814,True,False,0.19899114966392517,0.16653208434581757,False
T2,22132,4,22,0,9510941,True,,,OK,True,True,True,,0.9999955296516418,8463983,True,True,0.08047515153884888,0.14106164872646332,True
T2,22132,5,22,0,9510941,True,,,OK,True,True,True,,1.000037670135498,8906692,True,True,0.09442387521266937,0.1527000218629837,True
T2,22133,1,22,1,9510941,True,,,OK,True,True,True,,0.9999915361404419,8900316,True,False,0.17865554988384247,0.2767798602581024,False
T2,22133,2,22,1,9510941,True,,,OK,True,True,True,,0.9999963641166687,9974829,True,False,0.1901896446943283,0.2533681392669678,False
T2,22133,3,22,1,9510941,True,,,OK,True,True,True,,0.9999940395355225,10601201,True,False,0.19899114966392517,0.16653208434581757,False
T2,22133,4,22,1,9510941,True,,,OK,True,True,True,,0.9999954104423523,9842454,True,True,0.08047515153884888,0.14106164872646332,True
T2,22133,5,22,1,9510941,True,,,OK,True,True,True,,1.0000149011611938,9853410,True,True,0.09442387521266937,0.1527000218629837,True
T2,22134,1,22,2,9510941,True,,,OK,True,True,True,,0.9999638199806213,10227546,True,False,0.17865554988384247,0.2767798602581024,False
T2,22134,2,22,2,9510941,True,,,OK,True,True,True,,0.9994552731513977,11532298,True,False,0.1901896446943283,0.2533681392669678,False
T2,22134,3,22,2,9510941,True,,,OK,True,True,True,,0.9999732375144958,12356818,True,False,0.19899114966392517,0.16653208434581757,False
T2,22134,4,22,2,9510941,True,,,OK,True,True,True,,0.9999753832817078,11418360,True,True,0.08047515153884888,0.14106164872646332,True
T2,22134,5,22,2,9510941,True,,,OK,True,True,True,,0.9999566674232483,11815866,True,True,0.09442387521266937,0.1527000218629837,True
T2,22135,1,22,3,9510941,True,,,OK,True,True,True,,0.9999381303787231,14551346,True,False,0.17865554988384247,0.2767798602581024,False
T2,22135,2,22,3,9510941,True,,,OK,True,True,True,,0.9968933463096619,14247990,True,False,0.1901896446943283,0.2533681392669678,False
T2,22135,3,22,3,9510941,True,,,OK,True,True,True,,0.9999685287475586,14821682,True,False,0.19899114966392517,0.16653208434581757,False
T2,22135,4,22,3,9510941,True,,,OK,True,True,True,,0.9999710917472839,15057380,True,True,0.08047515153884888,0.14106164872646332,True
T2,22135,5,22,3,9510941,True,,,OK,True,True,True,,0.9998260140419006,15137362,True,True,0.09442387521266937,0.1527000218629837,True
T2,22136,1,22,4,9510941,True,,,OK,True,True,True,,0.9800892472267151,19106461,True,False,0.17865554988384247,0.2767798602581024,False
T2,22136,2,22,4,9510941,True,,,OK,True,True,True,,0.9237651228904724,19627279,True,False,0.1901896446943283,0.2533681392669678,False
T2,22136,3,22,4,9510941,True,,,OK,True,True,True,,0.985502302646637,20322292,True,False,0.19899114966392517,0.16653208434581757,False
T2,22136,4,22,4,9510941,True,,,OK,True,True,True,,0.9802563786506653,20168631,True,True,0.08047515153884888,0.14106164872646332,True
T2,22136,5,22,4,9510941,True,,,OK,True,True,True,,0.9626966714859009,20425290,True,True,0.09442387521266937,0.1527000218629837,True
T2,22137,1,22,5,9510941,True,,,OK,True,True,True,,0.9223920702934265,21738479,True,False,0.17865554988384247,0.2767798602581024,False
T2,22137,2,22,5,9510941,True,,,OK,True,True,True,,0.8091844320297241,21445372,True,False,0.1901896446943283,0.2533681392669678,False
T2,22137,3,22,5,9510941,True,,,OK,True,True,True,,0.9487137794494629,21351235,True,False,0.19899114966392517,0.16653208434581757,False
T2,22137,4,22,5,9510941,True,,,OK,True,True,True,,0.9197950959205627,21648661,True,True,0.08047515153884888,0.14106164872646332,True
T2,22137,5,22,5,9510941,True,,,OK,True,True,True,,0.8736501932144165,21729217,True,True,0.09442387521266937,0.1527000218629837,True
T2,22138,1,23,0,6175695,True,,,OK,True,True,True,,1.0000014305114746,7620157,True,False,0.14961972832679749,0.17480991780757904,False
T2,22138,2,23,0,6175695,True,,,OK,True,True,True,,0.9999961853027344,9419130,True,False,0.17261946201324463,0.2461296170949936,False
T2,22138,3,23,0,6175695,True,,,OK,True,True,True,,0.9999939799308777,8930099,True,True,0.07885674387216568,0.2533681392669678,True
T2,22138,4,23,0,6175695,True,,,OK,True,True,True,,1.0000072717666626,8973144,True,False,0.12064378708600998,0.180507630109787,False
T2,22138,5,23,0,6175695,True,,,OK,True,True,True,,0.9999961256980896,8517993,True,True,0.10482847690582275,0.2108059525489807,True
T2,22139,1,23,1,6175695,True,,,OK,True,True,True,,0.9999979138374329,8954707,True,False,0.14961972832679749,0.17480991780757904,False
T2,22139,2,23,1,6175695,True,,,OK,True,True,True,,0.9999962449073792,10244039,True,False,0.17261946201324463,0.2461296170949936,False
T2,22139,3,23,1,6175695,True,,,OK,True,True,True,,0.9999938011169434,9974141,True,True,0.07885674387216568,0.2533681392669678,True
T2,22139,4,23,1,6175695,True,,,OK,True,True,True,,0.9999951124191284,9941618,True,False,0.12064378708600998,0.180507630109787,False
T2,22139,5,23,1,6175695,True,,,OK,True,True,True,,0.9999960064888,10336874,True,True,0.10482847690582275,0.2108059525489807,True
T2,22140,1,23,2,6175695,True,,,OK,True,True,True,,0.9999772310256958,11249959,True,False,0.14961972832679749,0.17480991780757904,False
T2,22140,2,23,2,6175695,True,,,OK,True,True,True,,0.9999202489852905,12404840,True,False,0.17261946201324463,0.2461296170949936,False
T2,22140,3,23,2,6175695,True,,,OK,True,True,True,,0.999132513999939,11774162,True,True,0.07885674387216568,0.2533681392669678,True
T2,22140,4,23,2,6175695,True,,,OK,True,True,True,,0.998239278793335,11965653,True,False,0.12064378708600998,0.180507630109787,False
T2,22140,5,23,2,6175695,True,,,OK,True,True,True,,0.9999244213104248,12179719,True,True,0.10482847690582275,0.2108059525489807,True
T2,22141,1,23,3,6175695,True,,,OK,True,True,True,,0.9999667406082153,15488134,True,False,0.14961972832679749,0.17480991780757904,False
T2,22141,2,23,3,6175695,True,,,OK,True,True,True,,0.9994696974754333,14826473,True,False,0.17261946201324463,0.2461296170949936,False
T2,22141,3,23,3,6175695,True,,,OK,True,True,True,,0.9951679110527039,14562413,True,True,0.07885674387216568,0.2533681392669678,True
T2,22141,4,23,3,6175695,True,,,OK,True,True,True,,0.9912301301956177,15220324,True,False,0.12064378708600998,0.180507630109787,False
T2,22141,5,23,3,6175695,True,,,OK,True,True,True,,0.9993292093276978,15038088,True,True,0.10482847690582275,0.2108059525489807,True
T2,22142,1,23,4,6175695,True,,,OK,True,True,True,,0.9789835214614868,20342064,True,False,0.14961972832679749,0.17480991780757904,False
T2,22142,2,23,4,6175695,True,,,OK,True,False,True,23,2268.454833984375,20547795,True,False,0.17261946201324463,0.2461296170949936,False
T2,22142,3,23,4,6175695,True,,,OK,True,True,True,,0.9167107343673706,20094678,True,True,0.07885674387216568,0.2533681392669678,True
T2,22142,4,23,4,6175695,True,,,OK,True,True,True,,0.887188732624054,20986224,True,False,0.12064378708600998,0.180507630109787,False
T2,22142,5,23,4,6175695,True,,,OK,True,True,True,,0.9424245953559875,20698270,True,True,0.10482847690582275,0.2108059525489807,True
T2,22143,1,23,5,6175695,True,,,OK,True,True,True,,0.9136708974838257,22084082,True,False,0.14961972832679749,0.17480991780757904,False
T2,22143,2,23,5,6175695,True,,,OK,True,True,True,,0.82936030626297,21757895,True,False,0.17261946201324463,0.2461296170949936,False
T2,22143,3,23,5,6175695,True,,,OK,True,True,True,,0.7892090678215027,21700978,True,True,0.07885674387216568,0.2533681392669678,True
T2,22143,4,23,5,6175695,True,,,OK,True,True,True,,0.7507187128067017,22270817,True,False,0.12064378708600998,0.180507630109787,False
T2,22143,5,23,5,6175695,True,,,OK,True,True,True,,0.8136661648750305,21951465,True,True,0.10482847690582275,0.2108059525489807,True
T2,20144,1,24,0,190757,True,,,OK,True,True,True,,1.001980185508728,7072823,True,False,0.12076543271541595,0.13878174126148224,False
T2,20144,2,24,0,190757,True,,,OK,True,True,True,,1.0000108480453491,7108905,True,False,0.14406657218933105,0.129848450422287,False
T2,20144,3,24,0,190757,True,,,OK,True,True,True,,1.0001859664916992,7957329,True,False,0.20344431698322296,0.12351204454898834,False
T2,20144,4,24,0,190757,True,,,OK,True,True,True,,1.0004096031188965,7766328,True,True,0.10240262746810913,0.1455502212047577,True
T2,20144,5,24,0,190757,True,,,OK,True,True,True,,1.0004194974899292,7589456,True,False,0.12935273349285126,0.18300122022628784,False
T2,20145,1,24,1,190757,True,,,OK,True,True,True,,1.0015003681182861,8683526,True,False,0.12076543271541595,0.13878174126148224,False
T2,20145,2,24,1,190757,True,,,OK,True,True,True,,1.0000007152557373,8662273,True,False,0.14406657218933105,0.129848450422287,False
T2,20145,3,24,1,190757,True,,,OK,True,True,True,,1.0001493692398071,9294529,True,False,0.20344431698322296,0.12351204454898834,False
T2,20145,4,24,1,190757,True,,,OK,True,True,True,,1.0002351999282837,9175055,True,True,0.10240262746810913,0.1455502212047577,True
T2,20145,5,24,1,190757,True,,,OK,True,True,True,,1.000253438949585,9020093,True,False,0.12935273349285126,0.18300122022628784,False
T2,20146,1,24,2,190757,True,,,OK,True,True,True,,1.0008169412612915,9824498,True,False,0.12076543271541595,0.13878174126148224,False
T2,20146,2,24,2,190757,True,,,OK,True,True,True,,0.9999544620513916,9804825,True,False,0.14406657218933105,0.129848450422287,False
T2,20146,3,24,2,190757,True,,,OK,True,True,True,,1.0000391006469727,10558128,True,False,0.20344431698322296,0.12351204454898834,False
T2,20146,4,24,2,190757,True,,,OK,True,True,True,,1.0000239610671997,10340290,True,True,0.10240262746810913,0.1455502212047577,True
T2,20146,5,24,2,190757,True,,,OK,True,True,True,,1.0000134706497192,10334948,True,False,0.12935273349285126,0.18300122022628784,False
T2,20147,1,24,3,190757,True,,,OK,True,True,True,,1.0000604391098022,14151109,True,False,0.12076543271541595,0.13878174126148224,False
T2,20147,2,24,3,190757,True,,,OK,True,True,True,,0.9999191761016846,14215084,True,False,0.14406657218933105,0.129848450422287,False
T2,20147,3,24,3,190757,True,,T4,OK,True,True,True,,0.9999533891677856,14297694,True,False,0.20344431698322296,0.12351204454898834,False
T2,20147,4,24,3,190757,True,,,OK,True,True,True,,0.9999446868896484,14242641,True,True,0.10240262746810913,0.1455502212047577,True
T2,20147,5,24,3,190757,True,,,OK,True,True,True,,0.9999322295188904,14233115,True,False,0.12935273349285126,0.18300122022628784,False
T2,20148,1,24,4,190757,True,,,OK,True,True,True,,0.9837321639060974,18222599,True,False,0.12076543271541595,0.13878174126148224,False
T2,20148,2,24,4,190757,True,,,OK,True,True,True,,0.9797720909118652,18477437,True,False,0.14406657218933105,0.129848450422287,False
T2,20148,3,24,4,190757,True,,,OK,True,True,True,,0.9835698008537292,18516734,True,False,0.20344431698322296,0.12351204454898834,False
T2,20148,4,24,4,190757,True,,T1,OK,True,True,True,,0.9843079447746277,19070705,True,True,0.10240262746810913,0.1455502212047577,True
T2,20148,5,24,4,190757,True,,,OK,True,True,True,,0.9843406677246094,18642730,True,False,0.12935273349285126,0.18300122022628784,False
T2,20149,1,24,5,190757,True,,,OK,True,True,True,,0.9316415786743164,20969760,True,False,0.12076543271541595,0.13878174126148224,False
T2,20149,2,24,5,190757,True,,,OK,True,True,True,,0.9140809178352356,21099541,True,False,0.14406657218933105,0.129848450422287,False
T2,20149,3,24,5,190757,True,,,OK,True,True,True,,0.9300016164779663,20881470,True,False,0.20344431698322296,0.12351204454898834,False
T2,20149,4,24,5,190757,True,,T2,OK,True,True,True,,0.9320475459098816,21098146,True,True,0.10240262746810913,0.1455502212047577,True
T2,20149,5,24,5,190757,True,,,OK,True,True,True,,0.9334375858306885,20932822,True,False,0.12935273349285126,0.18300122022628784,False
T2,20150,1,25,0,636905,True,,,OK,True,True,True,,1.0000181198120117,8573620,True,True,0.10888824611902237,0.13848215341567993,True
T2,20150,2,25,0,636905,True,,,OK,True,True,True,,1.000135898590088,8704833,True,False,0.12961207330226898,0.21040505170822144,False
T2,20150,3,25,0,636905,True,,,OK,True,True,True,,1.0001029968261719,8405400,True,True,0.1084403395652771,0.22335734963417053,True
T2,20150,4,25,0,636905,True,,,OK,True,True,True,,1.000192403793335,7150364,True,True,0.11126227676868439,0.20393815636634827,True
T2,20150,5,25,0,636905,True,,,OK,True,True,True,,1.0000499486923218,8901138,True,True,0.09616377204656601,0.1465110331773758,True
T2,20151,1,25,1,636905,True,,,OK,True,True,True,,1.000003695487976,9826388,True,True,0.10888824611902237,0.13848215341567993,True
T2,20151,2,25,1,636905,True,,,OK,True,True,True,,1.0000922679901123,9834381,True,False,0.12961207330226898,0.21040505170822144,False
T2,20151,3,25,1,636905,True,,,OK,True,True,True,,1.0000096559524536,9691724,True,True,0.1084403395652771,0.22335734963417053,True
T2,20151,4,25,1,636905,True,,,OK,True,True,True,,1.000113844871521,8814014,True,True,0.11126227676868439,0.20393815636634827,True
T2,20151,5,25,1,636905,True,,,OK,True,True,True,,1.000020146369934,9964214,True,True,0.09616377204656601,0.1465110331773758,True
T2,20152,1,25,2,636905,True,,,OK,True,True,True,,0.9999468922615051,11537396,True,True,0.10888824611902237,0.13848215341567993,True
T2,20152,2,25,2,636905,True,,,OK,True,True,True,,0.9999387860298157,11574229,True,False,0.12961207330226898,0.21040505170822144,False
T2,20152,3,25,2,636905,True,,,OK,True,True,True,,0.9999116659164429,11282167,True,True,0.1084403395652771,0.22335734963417053,True
T2,20152,4,25,2,636905,True,,,OK,True,True,True,,1.0000125169754028,10129592,True,True,0.11126227676868439,0.20393815636634827,True
T2,20152,5,25,2,636905,True,,,OK,True,True,True,,0.9999682307243347,11448539,True,True,0.09616377204656601,0.1465110331773758,True
T2,20153,1,25,3,636905,True,,,OK,True,True,True,,0.99957275390625,14744441,True,True,0.10888824611902237,0.13848215341567993,True
T2,20153,2,25,3,636905,True,,,OK,True,True,True,,0.9996464848518372,14736387,True,False,0.12961207330226898,0.21040505170822144,False
T2,20153,3,25,3,636905,True,,,OK,True,True,True,,0.9997491240501404,14617675,True,True,0.1084403395652771,0.22335734963417053,True
T2,20153,4,25,3,636905,True,,,OK,True,True,True,,0.999919593334198,14957828,True,True,0.11126227676868439,0.20393815636634827,True
T2,20153,5,25,3,636905,True,,,OK,True,True,True,,0.9999551177024841,14307772,True,True,0.09616377204656601,0.1465110331773758,True
T2,20154,1,25,4,636905,True,,,OK,True,True,True,,0.9584015607833862,19820848,True,True,0.10888824611902237,0.13848215341567993,True
T2,20154,2,25,4,636905,True,,,OK,True,True,True,,0.9593128561973572,19755764,True,False,0.12961207330226898,0.21040505170822144,False
T2,20154,3,25,4,636905,True,,,OK,True,True,True,,0.9597939252853394,19814259,True,True,0.1084403395652771,0.22335734963417053,True
T2,20154,4,25,4,636905,True,,,OK,True,True,True,,0.9800851941108704,19045530,True,True,0.11126227676868439,0.20393815636634827,True
T2,20154,5,25,4,636905,True,,,OK,True,True,True,,0.9878865480422974,19324252,True,True,0.09616377204656601,0.1465110331773758,True
T2,20155,1,25,5,636905,False,"T7,T8,T9",,"MISSING_CANONICAL_TIMES:[150, 180, 210, 240, 270, 300]",False,False,False,,nan,0,True,True,0.10888824611902237,0.13848215341567993,False
T2,20155,2,25,5,636905,True,,,OK,True,True,True,,0.8611642718315125,21540868,True,False,0.12961207330226898,0.21040505170822144,False
T2,20155,3,25,5,636905,True,,,OK,True,True,True,,0.8637325167655945,21573238,True,True,0.1084403395652771,0.22335734963417053,True
T2,20155,4,25,5,636905,True,,,OK,True,True,True,,0.9089495539665222,21715129,True,True,0.11126227676868439,0.20393815636634827,True
T2,20155,5,25,5,636905,True,,,OK,True,True,True,,0.9582050442695618,20874367,True,True,0.09616377204656601,0.1465110331773758,True
T2,20156,1,26,0,998467,True,,,OK,True,True,True,,0.9999945163726807,8933675,True,True,0.08128529787063599,0.1607494354248047,True
T2,20156,2,26,0,998467,True,,,OK,True,True,True,,0.9999929666519165,8445255,True,True,0.09786403924226761,0.2108059525489807,True
T2,20156,3,26,0,998467,True,,,OK,True,True,True,,0.9999960064888,8249281,True,True,0.09459983557462692,0.184104785323143,True
T2,20156,4,26,0,998467,True,,,OK,True,True,False,,0.9999962449073792,6869102,True,False,0.12737055122852325,0.2767798602581024,False
T2,20156,5,26,0,998467,True,,,OK,True,True,True,,0.9999974966049194,9083341,True,False,0.18152837455272675,0.20393815636634827,False
T2,20157,1,26,1,998467,True,,,OK,True,True,True,,0.9999929666519165,10306707,True,True,0.08128529787063599,0.1607494354248047,True
T2,20157,2,26,1,998467,True,,,OK,True,True,True,,0.999992311000824,9752005,True,True,0.09786403924226761,0.2108059525489807,True
T2,20157,3,26,1,998467,True,,,OK,True,True,True,,0.9999958276748657,9526061,True,True,0.09459983557462692,0.184104785323143,True
T2,20157,4,26,1,998467,True,,,OK,True,True,True,,0.9999960064888,9036443,True,False,0.12737055122852325,0.2767798602581024,False
T2,20157,5,26,1,998467,True,,,OK,True,True,True,,0.9999971985816956,9811276,True,False,0.18152837455272675,0.20393815636634827,False
T2,20158,1,26,2,998467,True,,,OK,True,True,True,,0.9986451864242554,12316537,True,True,0.08128529787063599,0.1607494354248047,True
T2,20158,2,26,2,998467,True,,,OK,True,True,True,,0.9996031522750854,11269481,True,True,0.09786403924226761,0.2108059525489807,True
T2,20158,3,26,2,998467,True,,,OK,True,True,True,,0.9999737739562988,11517527,True,True,0.09459983557462692,0.184104785323143,True
T2,20158,4,26,2,998467,True,,,OK,True,True,True,,0.9999749660491943,10537530,True,False,0.12737055122852325,0.2767798602581024,False
T2,20158,5,26,2,998467,True,,,OK,True,True,True,,0.9999727010726929,12558315,True,False,0.18152837455272675,0.20393815636634827,False
T2,20159,1,26,3,998467,True,,,OK,True,True,True,,0.9927027821540833,15267870,True,True,0.08128529787063599,0.1607494354248047,True
T2,20159,2,26,3,998467,True,,,OK,True,True,True,,0.9971421360969543,14985777,True,True,0.09786403924226761,0.2108059525489807,True
T2,20159,3,26,3,998467,True,,T9,OK,True,True,True,,0.9999459981918335,14725873,True,True,0.09459983557462692,0.184104785323143,True
T2,20159,4,26,3,998467,True,,,OK,True,True,True,,0.9999735355377197,14642246,True,False,0.12737055122852325,0.2767798602581024,False
T2,20159,5,26,3,998467,True,,,OK,True,True,True,,0.999924898147583,15868402,True,False,0.18152837455272675,0.20393815636634827,False
T2,20160,1,26,4,998467,True,,,OK,True,True,True,,0.9046527743339539,20762830,True,True,0.08128529787063599,0.1607494354248047,True
T2,20160,2,26,4,998467,True,,,OK,True,True,True,,0.9190895557403564,19819040,True,True,0.09786403924226761,0.2108059525489807,True
T2,20160,3,26,4,998467,True,,,OK,True,True,True,,0.9801269173622131,19855374,True,True,0.09459983557462692,0.184104785323143,True
T2,20160,4,26,4,998467,True,,,OK,True,True,True,,0.9890090823173523,19304860,True,False,0.12737055122852325,0.2767798602581024,False
T2,20160,5,26,4,998467,True,,,OK,True,True,True,,0.9622510075569153,21068071,True,False,0.18152837455272675,0.20393815636634827,False
T2,20161,1,26,5,998467,True,,,OK,True,True,True,,0.7721705436706543,21901082,True,True,0.08128529787063599,0.1607494354248047,True
T2,20161,2,26,5,998467,True,,,OK,True,True,True,,0.7852349877357483,21824068,True,True,0.09786403924226761,0.2108059525489807,True
T2,20161,3,26,5,998467,True,,,OK,True,True,True,,1.312989354133606,21545337,True,True,0.09459983557462692,0.184104785323143,True
T2,20161,4,26,5,998467,True,,,OK,True,True,True,,0.9678391814231873,21528759,True,False,0.12737055122852325,0.2767798602581024,False
T2,20161,5,26,5,998467,True,,,OK,True,True,True,,0.8742566704750061,22316315,True,False,0.18152837455272675,0.20393815636634827,False
