param_id,param_folder,realization,historical_split,sigma2Y,correlation_length,anisotropy,long_dispersivity,trans_ratio,k_shape,k_dtype,k_min,k_max,k_mean,k_std,k_sha256
0,param_000,real_001,test,0.1,20.0,1.0,0.62,0.1,600x400,float32,188.10000610351562,3782.0,1002.8459861983617,320.6199085739889,46ff437449a90420509dc1be8d67ff59e87820f211169771b0725e6fcc0da8d6
0,param_000,real_002,test,0.1,20.0,1.0,0.62,0.1,600x400,float32,229.1999969482422,3559.0,999.7193403691609,322.989311709017,66fb9002727904194d27a7d4f96d1692818b3056001a654be7f72ac0919a2298
0,param_000,real_003,test,0.1,20.0,1.0,0.62,0.1,600x400,float32,264.8999938964844,3358.0,991.1991524365743,318.5140939652972,b2579dbf042b6e30aed99f530cc4b88fe8996512819be88856695a52314c8bf6
0,param_000,real_004,test,0.1,20.0,1.0,0.62,0.1,600x400,float32,236.1999969482422,3965.0,1002.5758140824,326.18691737167853,efa51e2de568047bb0ff4c2f7b4540640d77b34c638053bbffd09a0319c460ff
0,param_000,real_005,test,0.1,20.0,1.0,0.62,0.1,600x400,float32,233.0,3959.0,1000.4291211472193,326.38887210602036,a6d0f785dacb849832eb6d0623c293f1a76c50b217fa18310cbf557063cb5ad1
1,param_001,real_001,test,0.1,20.0,1.0,0.62,1.0,600x400,float32,188.10000610351562,3782.0,1002.8459861983617,320.6199085739889,46ff437449a90420509dc1be8d67ff59e87820f211169771b0725e6fcc0da8d6
1,param_001,real_002,test,0.1,20.0,1.0,0.62,1.0,600x400,float32,229.1999969482422,3559.0,999.7193403691609,322.989311709017,66fb9002727904194d27a7d4f96d1692818b3056001a654be7f72ac0919a2298
1,param_001,real_003,test,0.1,20.0,1.0,0.62,1.0,600x400,float32,264.8999938964844,3358.0,991.1991524365743,318.5140939652972,b2579dbf042b6e30aed99f530cc4b88fe8996512819be88856695a52314c8bf6
1,param_001,real_004,test,0.1,20.0,1.0,0.62,1.0,600x400,float32,236.1999969482422,3965.0,1002.5758140824,326.18691737167853,efa51e2de568047bb0ff4c2f7b4540640d77b34c638053bbffd09a0319c460ff
1,param_001,real_005,test,0.1,20.0,1.0,0.62,1.0,600x400,float32,233.0,3959.0,1000.4291211472193,326.38887210602036,a6d0f785dacb849832eb6d0623c293f1a76c50b217fa18310cbf557063cb5ad1
2,param_002,real_001,val,0.1,20.0,1.0,6.2,0.1,600x400,float32,188.10000610351562,3782.0,1002.8459861983617,320.6199085739889,46ff437449a90420509dc1be8d67ff59e87820f211169771b0725e6fcc0da8d6
2,param_002,real_002,val,0.1,20.0,1.0,6.2,0.1,600x400,float32,229.1999969482422,3559.0,999.7193403691609,322.989311709017,66fb9002727904194d27a7d4f96d1692818b3056001a654be7f72ac0919a2298
2,param_002,real_003,val,0.1,20.0,1.0,6.2,0.1,600x400,float32,264.8999938964844,3358.0,991.1991524365743,318.5140939652972,b2579dbf042b6e30aed99f530cc4b88fe8996512819be88856695a52314c8bf6
2,param_002,real_004,val,0.1,20.0,1.0,6.2,0.1,600x400,float32,236.1999969482422,3965.0,1002.5758140824,326.18691737167853,efa51e2de568047bb0ff4c2f7b4540640d77b34c638053bbffd09a0319c460ff
2,param_002,real_005,val,0.1,20.0,1.0,6.2,0.1,600x400,float32,233.0,3959.0,1000.4291211472193,326.38887210602036,a6d0f785dacb849832eb6d0623c293f1a76c50b217fa18310cbf557063cb5ad1
3,param_003,real_001,train,0.1,20.0,1.0,6.2,1.0,600x400,float32,188.10000610351562,3782.0,1002.8459861983617,320.6199085739889,46ff437449a90420509dc1be8d67ff59e87820f211169771b0725e6fcc0da8d6
3,param_003,real_002,train,0.1,20.0,1.0,6.2,1.0,600x400,float32,229.1999969482422,3559.0,999.7193403691609,322.989311709017,66fb9002727904194d27a7d4f96d1692818b3056001a654be7f72ac0919a2298
3,param_003,real_003,train,0.1,20.0,1.0,6.2,1.0,600x400,float32,264.8999938964844,3358.0,991.1991524365743,318.5140939652972,b2579dbf042b6e30aed99f530cc4b88fe8996512819be88856695a52314c8bf6
3,param_003,real_004,train,0.1,20.0,1.0,6.2,1.0,600x400,float32,236.1999969482422,3965.0,1002.5758140824,326.18691737167853,efa51e2de568047bb0ff4c2f7b4540640d77b34c638053bbffd09a0319c460ff
3,param_003,real_005,train,0.1,20.0,1.0,6.2,1.0,600x400,float32,233.0,3959.0,1000.4291211472193,326.38887210602036,a6d0f785dacb849832eb6d0623c293f1a76c50b217fa18310cbf557063cb5ad1
4,param_004,real_001,train,0.1,20.0,1.0,62.0,0.1,600x400,float32,188.10000610351562,3782.0,1002.8459861983617,320.6199085739889,46ff437449a90420509dc1be8d67ff59e87820f211169771b0725e6fcc0da8d6
4,param_004,real_002,train,0.1,20.0,1.0,62.0,0.1,600x400,float32,229.1999969482422,3559.0,999.7193403691609,322.989311709017,66fb9002727904194d27a7d4f96d1692818b3056001a654be7f72ac0919a2298
4,param_004,real_003,train,0.1,20.0,1.0,62.0,0.1,600x400,float32,264.8999938964844,3358.0,991.1991524365743,318.5140939652972,b2579dbf042b6e30aed99f530cc4b88fe8996512819be88856695a52314c8bf6
4,param_004,real_004,train,0.1,20.0,1.0,62.0,0.1,600x400,float32,236.1999969482422,3965.0,1002.5758140824,326.18691737167853,efa51e2de568047bb0ff4c2f7b4540640d77b34c638053bbffd09a0319c460ff
4,param_004,real_005,train,0.1,20.0,1.0,62.0,0.1,600x400,float32,233.0,3959.0,1000.4291211472193,326.38887210602036,a6d0f785dacb849832eb6d0623c293f1a76c50b217fa18310cbf557063cb5ad1
5,param_005,real_001,train,0.1,20.0,1.0,62.0,1.0,600x400,float32,188.10000610351562,3782.0,1002.8459861983617,320.6199085739889,46ff437449a90420509dc1be8d67ff59e87820f211169771b0725e6fcc0da8d6
5,param_005,real_002,train,0.1,20.0,1.0,62.0,1.0,600x400,float32,229.1999969482422,3559.0,999.7193403691609,322.989311709017,66fb9002727904194d27a7d4f96d1692818b3056001a654be7f72ac0919a2298
5,param_005,real_003,train,0.1,20.0,1.0,62.0,1.0,600x400,float32,264.8999938964844,3358.0,991.1991524365743,318.5140939652972,b2579dbf042b6e30aed99f530cc4b88fe8996512819be88856695a52314c8bf6
5,param_005,real_004,train,0.1,20.0,1.0,62.0,1.0,600x400,float32,236.1999969482422,3965.0,1002.5758140824,326.18691737167853,efa51e2de568047bb0ff4c2f7b4540640d77b34c638053bbffd09a0319c460ff
5,param_005,real_005,train,0.1,20.0,1.0,62.0,1.0,600x400,float32,233.0,3959.0,1000.4291211472193,326.38887210602036,a6d0f785dacb849832eb6d0623c293f1a76c50b217fa18310cbf557063cb5ad1
6,param_006,real_001,train,1.0,20.0,1.0,0.62,0.1,600x400,float32,5.626999855041504,74450.0,1559.1027656642477,1976.983811007822,d0cd791f07bc1b0433bb109716987640e8677a5feda6f8c05c605823eecd6f0a
6,param_006,real_002,train,1.0,20.0,1.0,0.62,0.1,600x400,float32,10.510000228881836,61410.0,1554.570005467844,1994.6880768657575,9c468f16b9f4746ae62eb530152faa3aa1e651c130d6973838d63284d3dcf4cd
6,param_006,real_003,train,1.0,20.0,1.0,0.62,0.1,600x400,float32,16.610000610351562,51110.0,1507.9728945007641,1923.9315751127158,575163c95ccd382e47b226186d48a883447d80e4519001aff8751f6c3f2a6705
6,param_006,real_004,train,1.0,20.0,1.0,0.62,0.1,600x400,float32,11.5600004196167,86430.0,1576.9122926590005,2070.0516985120767,e2edacef7272e3e0ddf9398d34998ac0629fe3ae32586bbe2fcdbb5c224b96cd
6,param_006,real_005,train,1.0,20.0,1.0,0.62,0.1,600x400,float32,11.079999923706055,86030.0,1570.6747367548505,2091.70810968416,3fa06d887af159bdc4d20222c4e8f1fd2d84431ae4338a6c4a84d0c05602b1ed
7,param_007,real_001,train,1.0,20.0,1.0,0.62,1.0,600x400,float32,5.626999855041504,74450.0,1559.1027656642477,1976.983811007822,d0cd791f07bc1b0433bb109716987640e8677a5feda6f8c05c605823eecd6f0a
7,param_007,real_002,train,1.0,20.0,1.0,0.62,1.0,600x400,float32,10.510000228881836,61410.0,1554.570005467844,1994.6880768657575,9c468f16b9f4746ae62eb530152faa3aa1e651c130d6973838d63284d3dcf4cd
7,param_007,real_003,train,1.0,20.0,1.0,0.62,1.0,600x400,float32,16.610000610351562,51110.0,1507.9728945007641,1923.9315751127158,575163c95ccd382e47b226186d48a883447d80e4519001aff8751f6c3f2a6705
7,param_007,real_004,train,1.0,20.0,1.0,0.62,1.0,600x400,float32,11.5600004196167,86430.0,1576.9122926590005,2070.0516985120767,e2edacef7272e3e0ddf9398d34998ac0629fe3ae32586bbe2fcdbb5c224b96cd
7,param_007,real_005,train,1.0,20.0,1.0,0.62,1.0,600x400,float32,11.079999923706055,86030.0,1570.6747367548505,2091.70810968416,3fa06d887af159bdc4d20222c4e8f1fd2d84431ae4338a6c4a84d0c05602b1ed
8,param_008,real_001,train,1.0,20.0,1.0,6.2,0.1,600x400,float32,5.626999855041504,74450.0,1559.1027656642477,1976.983811007822,d0cd791f07bc1b0433bb109716987640e8677a5feda6f8c05c605823eecd6f0a
8,param_008,real_002,train,1.0,20.0,1.0,6.2,0.1,600x400,float32,10.510000228881836,61410.0,1554.570005467844,1994.6880768657575,9c468f16b9f4746ae62eb530152faa3aa1e651c130d6973838d63284d3dcf4cd
8,param_008,real_003,train,1.0,20.0,1.0,6.2,0.1,600x400,float32,16.610000610351562,51110.0,1507.9728945007641,1923.9315751127158,575163c95ccd382e47b226186d48a883447d80e4519001aff8751f6c3f2a6705
8,param_008,real_004,train,1.0,20.0,1.0,6.2,0.1,600x400,float32,11.5600004196167,86430.0,1576.9122926590005,2070.0516985120767,e2edacef7272e3e0ddf9398d34998ac0629fe3ae32586bbe2fcdbb5c224b96cd
8,param_008,real_005,train,1.0,20.0,1.0,6.2,0.1,600x400,float32,11.079999923706055,86030.0,1570.6747367548505,2091.70810968416,3fa06d887af159bdc4d20222c4e8f1fd2d84431ae4338a6c4a84d0c05602b1ed
9,param_009,real_001,train,1.0,20.0,1.0,6.2,1.0,600x400,float32,5.626999855041504,74450.0,1559.1027656642477,1976.983811007822,d0cd791f07bc1b0433bb109716987640e8677a5feda6f8c05c605823eecd6f0a
9,param_009,real_002,train,1.0,20.0,1.0,6.2,1.0,600x400,float32,10.510000228881836,61410.0,1554.570005467844,1994.6880768657575,9c468f16b9f4746ae62eb530152faa3aa1e651c130d6973838d63284d3dcf4cd
9,param_009,real_003,train,1.0,20.0,1.0,6.2,1.0,600x400,float32,16.610000610351562,51110.0,1507.9728945007641,1923.9315751127158,575163c95ccd382e47b226186d48a883447d80e4519001aff8751f6c3f2a6705
9,param_009,real_004,train,1.0,20.0,1.0,6.2,1.0,600x400,float32,11.5600004196167,86430.0,1576.9122926590005,2070.0516985120767,e2edacef7272e3e0ddf9398d34998ac0629fe3ae32586bbe2fcdbb5c224b96cd
9,param_009,real_005,train,1.0,20.0,1.0,6.2,1.0,600x400,float32,11.079999923706055,86030.0,1570.6747367548505,2091.70810968416,3fa06d887af159bdc4d20222c4e8f1fd2d84431ae4338a6c4a84d0c05602b1ed
10,param_010,real_001,test,1.0,20.0,1.0,62.0,0.1,600x400,float32,5.626999855041504,74450.0,1559.1027656642477,1976.983811007822,d0cd791f07bc1b0433bb109716987640e8677a5feda6f8c05c605823eecd6f0a
10,param_010,real_002,test,1.0,20.0,1.0,62.0,0.1,600x400,float32,10.510000228881836,61410.0,1554.570005467844,1994.6880768657575,9c468f16b9f4746ae62eb530152faa3aa1e651c130d6973838d63284d3dcf4cd
10,param_010,real_003,test,1.0,20.0,1.0,62.0,0.1,600x400,float32,16.610000610351562,51110.0,1507.9728945007641,1923.9315751127158,575163c95ccd382e47b226186d48a883447d80e4519001aff8751f6c3f2a6705
10,param_010,real_004,test,1.0,20.0,1.0,62.0,0.1,600x400,float32,11.5600004196167,86430.0,1576.9122926590005,2070.0516985120767,e2edacef7272e3e0ddf9398d34998ac0629fe3ae32586bbe2fcdbb5c224b96cd
10,param_010,real_005,test,1.0,20.0,1.0,62.0,0.1,600x400,float32,11.079999923706055,86030.0,1570.6747367548505,2091.70810968416,3fa06d887af159bdc4d20222c4e8f1fd2d84431ae4338a6c4a84d0c05602b1ed
11,param_011,real_001,test,1.0,20.0,1.0,62.0,1.0,600x400,float32,5.626999855041504,74450.0,1559.1027656642477,1976.983811007822,d0cd791f07bc1b0433bb109716987640e8677a5feda6f8c05c605823eecd6f0a
11,param_011,real_002,test,1.0,20.0,1.0,62.0,1.0,600x400,float32,10.510000228881836,61410.0,1554.570005467844,1994.6880768657575,9c468f16b9f4746ae62eb530152faa3aa1e651c130d6973838d63284d3dcf4cd
11,param_011,real_003,test,1.0,20.0,1.0,62.0,1.0,600x400,float32,16.610000610351562,51110.0,1507.9728945007641,1923.9315751127158,575163c95ccd382e47b226186d48a883447d80e4519001aff8751f6c3f2a6705
11,param_011,real_004,test,1.0,20.0,1.0,62.0,1.0,600x400,float32,11.5600004196167,86430.0,1576.9122926590005,2070.0516985120767,e2edacef7272e3e0ddf9398d34998ac0629fe3ae32586bbe2fcdbb5c224b96cd
11,param_011,real_005,test,1.0,20.0,1.0,62.0,1.0,600x400,float32,11.079999923706055,86030.0,1570.6747367548505,2091.70810968416,3fa06d887af159bdc4d20222c4e8f1fd2d84431ae4338a6c4a84d0c05602b1ed
12,param_012,real_001,val,2.0,20.0,1.0,0.62,0.1,600x400,float32,0.6714000105857849,452700.0,2534.678924463272,5973.812488130741,afa8a6d2281b3bb0aa65f4ff019cb7180c335f1c948063fc5a8284d52ddae6ee
12,param_012,real_002,val,2.0,20.0,1.0,0.62,0.1,600x400,float32,1.6239999532699585,344800.0,2538.7328027486446,5951.335103580567,a1567c27d0d2abcb167bd9215f2ee60db2c582831c88c46dd75ef5932c8b6090
12,param_012,real_003,val,2.0,20.0,1.0,0.62,0.1,600x400,float32,3.1040000915527344,266000.0,2425.6859406596136,5669.823637155476,8bad1d78ba839ae69edd0b32fe15603c400541432d5ca0f38aa9bf5967616d02
12,param_012,real_004,val,2.0,20.0,1.0,0.62,0.1,600x400,float32,1.8580000400543213,559100.0,2607.837586813724,6461.799096062845,eb1f7a1c7a195e1cf0fa6e3c9cd9b1447545b32d9238dd0e1544cf9e2e186e94
12,param_012,real_005,val,2.0,20.0,1.0,0.62,0.1,600x400,float32,1.75,555400.0,2605.594294628024,6577.768964280219,fe9e0b917b9cdfd105d7bced6ca675cc51859a2a470cd5946c4e7a8995960498
13,param_013,real_001,train,2.0,20.0,1.0,0.62,1.0,600x400,float32,0.6714000105857849,452700.0,2534.678924463272,5973.812488130741,afa8a6d2281b3bb0aa65f4ff019cb7180c335f1c948063fc5a8284d52ddae6ee
13,param_013,real_002,train,2.0,20.0,1.0,0.62,1.0,600x400,float32,1.6239999532699585,344800.0,2538.7328027486446,5951.335103580567,a1567c27d0d2abcb167bd9215f2ee60db2c582831c88c46dd75ef5932c8b6090
13,param_013,real_003,train,2.0,20.0,1.0,0.62,1.0,600x400,float32,3.1040000915527344,266000.0,2425.6859406596136,5669.823637155476,8bad1d78ba839ae69edd0b32fe15603c400541432d5ca0f38aa9bf5967616d02
13,param_013,real_004,train,2.0,20.0,1.0,0.62,1.0,600x400,float32,1.8580000400543213,559100.0,2607.837586813724,6461.799096062845,eb1f7a1c7a195e1cf0fa6e3c9cd9b1447545b32d9238dd0e1544cf9e2e186e94
13,param_013,real_005,train,2.0,20.0,1.0,0.62,1.0,600x400,float32,1.75,555400.0,2605.594294628024,6577.768964280219,fe9e0b917b9cdfd105d7bced6ca675cc51859a2a470cd5946c4e7a8995960498
14,param_014,real_001,train,2.0,20.0,1.0,6.2,0.1,600x400,float32,0.6714000105857849,452700.0,2534.678924463272,5973.812488130741,afa8a6d2281b3bb0aa65f4ff019cb7180c335f1c948063fc5a8284d52ddae6ee
14,param_014,real_002,train,2.0,20.0,1.0,6.2,0.1,600x400,float32,1.6239999532699585,344800.0,2538.7328027486446,5951.335103580567,a1567c27d0d2abcb167bd9215f2ee60db2c582831c88c46dd75ef5932c8b6090
14,param_014,real_003,train,2.0,20.0,1.0,6.2,0.1,600x400,float32,3.1040000915527344,266000.0,2425.6859406596136,5669.823637155476,8bad1d78ba839ae69edd0b32fe15603c400541432d5ca0f38aa9bf5967616d02
14,param_014,real_004,train,2.0,20.0,1.0,6.2,0.1,600x400,float32,1.8580000400543213,559100.0,2607.837586813724,6461.799096062845,eb1f7a1c7a195e1cf0fa6e3c9cd9b1447545b32d9238dd0e1544cf9e2e186e94
14,param_014,real_005,train,2.0,20.0,1.0,6.2,0.1,600x400,float32,1.75,555400.0,2605.594294628024,6577.768964280219,fe9e0b917b9cdfd105d7bced6ca675cc51859a2a470cd5946c4e7a8995960498
15,param_015,real_001,train,2.0,20.0,1.0,6.2,1.0,600x400,float32,0.6714000105857849,452700.0,2534.678924463272,5973.812488130741,afa8a6d2281b3bb0aa65f4ff019cb7180c335f1c948063fc5a8284d52ddae6ee
15,param_015,real_002,train,2.0,20.0,1.0,6.2,1.0,600x400,float32,1.6239999532699585,344800.0,2538.7328027486446,5951.335103580567,a1567c27d0d2abcb167bd9215f2ee60db2c582831c88c46dd75ef5932c8b6090
15,param_015,real_003,train,2.0,20.0,1.0,6.2,1.0,600x400,float32,3.1040000915527344,266000.0,2425.6859406596136,5669.823637155476,8bad1d78ba839ae69edd0b32fe15603c400541432d5ca0f38aa9bf5967616d02
15,param_015,real_004,train,2.0,20.0,1.0,6.2,1.0,600x400,float32,1.8580000400543213,559100.0,2607.837586813724,6461.799096062845,eb1f7a1c7a195e1cf0fa6e3c9cd9b1447545b32d9238dd0e1544cf9e2e186e94
15,param_015,real_005,train,2.0,20.0,1.0,6.2,1.0,600x400,float32,1.75,555400.0,2605.594294628024,6577.768964280219,fe9e0b917b9cdfd105d7bced6ca675cc51859a2a470cd5946c4e7a8995960498
16,param_016,real_001,train,2.0,20.0,1.0,62.0,0.1,600x400,float32,0.6714000105857849,452700.0,2534.678924463272,5973.812488130741,afa8a6d2281b3bb0aa65f4ff019cb7180c335f1c948063fc5a8284d52ddae6ee
16,param_016,real_002,train,2.0,20.0,1.0,62.0,0.1,600x400,float32,1.6239999532699585,344800.0,2538.7328027486446,5951.335103580567,a1567c27d0d2abcb167bd9215f2ee60db2c582831c88c46dd75ef5932c8b6090
16,param_016,real_003,train,2.0,20.0,1.0,62.0,0.1,600x400,float32,3.1040000915527344,266000.0,2425.6859406596136,5669.823637155476,8bad1d78ba839ae69edd0b32fe15603c400541432d5ca0f38aa9bf5967616d02
16,param_016,real_004,train,2.0,20.0,1.0,62.0,0.1,600x400,float32,1.8580000400543213,559100.0,2607.837586813724,6461.799096062845,eb1f7a1c7a195e1cf0fa6e3c9cd9b1447545b32d9238dd0e1544cf9e2e186e94
16,param_016,real_005,train,2.0,20.0,1.0,62.0,0.1,600x400,float32,1.75,555400.0,2605.594294628024,6577.768964280219,fe9e0b917b9cdfd105d7bced6ca675cc51859a2a470cd5946c4e7a8995960498
17,param_017,real_001,train,2.0,20.0,1.0,62.0,1.0,600x400,float32,0.6714000105857849,452700.0,2534.678924463272,5973.812488130741,afa8a6d2281b3bb0aa65f4ff019cb7180c335f1c948063fc5a8284d52ddae6ee
17,param_017,real_002,train,2.0,20.0,1.0,62.0,1.0,600x400,float32,1.6239999532699585,344800.0,2538.7328027486446,5951.335103580567,a1567c27d0d2abcb167bd9215f2ee60db2c582831c88c46dd75ef5932c8b6090
17,param_017,real_003,train,2.0,20.0,1.0,62.0,1.0,600x400,float32,3.1040000915527344,266000.0,2425.6859406596136,5669.823637155476,8bad1d78ba839ae69edd0b32fe15603c400541432d5ca0f38aa9bf5967616d02
17,param_017,real_004,train,2.0,20.0,1.0,62.0,1.0,600x400,float32,1.8580000400543213,559100.0,2607.837586813724,6461.799096062845,eb1f7a1c7a195e1cf0fa6e3c9cd9b1447545b32d9238dd0e1544cf9e2e186e94
17,param_017,real_005,train,2.0,20.0,1.0,62.0,1.0,600x400,float32,1.75,555400.0,2605.594294628024,6577.768964280219,fe9e0b917b9cdfd105d7bced6ca675cc51859a2a470cd5946c4e7a8995960498
18,param_018,real_001,train,0.1,20.0,5.0,0.62,0.1,600x400,float32,222.5,3775.0,1000.3020457599005,313.78765066716943,9bffb07eaad3aad32545dcab30b91902cd43933c78e87bf372d24e87811337f4
18,param_018,real_002,train,0.1,20.0,5.0,0.62,0.1,600x400,float32,232.60000610351562,3486.0,1009.7743578722,326.80731202640777,637084e249b5a8cf4ac715638533f31dcf9511e36d8d5b9069f3507b087ac568
18,param_018,real_003,train,0.1,20.0,5.0,0.62,0.1,600x400,float32,280.70001220703125,3343.0,978.3796554377238,314.61502097221523,fd97887d0d2a0bcd316397fd51240888afa9c8625a1052ab3a3921d586c89caf
18,param_018,real_004,train,0.1,20.0,5.0,0.62,0.1,600x400,float32,280.1000061035156,4016.0,1003.7383032594045,325.99367491805555,8dfc5d6847ee309f9781340c15c7b3c7dde2ec62e9d12462d9b6823164c0836c
18,param_018,real_005,train,0.1,20.0,5.0,0.62,0.1,600x400,float32,265.0,3589.0,993.974979524231,325.6559096269839,50b13e55ae6dee13b5bc5bdf677802cf3ce315208c85b56ed2a84c5a2784f2f4
19,param_019,real_001,train,0.1,20.0,5.0,0.62,1.0,600x400,float32,222.5,3775.0,1000.3020457599005,313.78765066716943,9bffb07eaad3aad32545dcab30b91902cd43933c78e87bf372d24e87811337f4
19,param_019,real_002,train,0.1,20.0,5.0,0.62,1.0,600x400,float32,232.60000610351562,3486.0,1009.7743578722,326.80731202640777,637084e249b5a8cf4ac715638533f31dcf9511e36d8d5b9069f3507b087ac568
19,param_019,real_003,train,0.1,20.0,5.0,0.62,1.0,600x400,float32,280.70001220703125,3343.0,978.3796554377238,314.61502097221523,fd97887d0d2a0bcd316397fd51240888afa9c8625a1052ab3a3921d586c89caf
19,param_019,real_004,train,0.1,20.0,5.0,0.62,1.0,600x400,float32,280.1000061035156,4016.0,1003.7383032594045,325.99367491805555,8dfc5d6847ee309f9781340c15c7b3c7dde2ec62e9d12462d9b6823164c0836c
19,param_019,real_005,train,0.1,20.0,5.0,0.62,1.0,600x400,float32,265.0,3589.0,993.974979524231,325.6559096269839,50b13e55ae6dee13b5bc5bdf677802cf3ce315208c85b56ed2a84c5a2784f2f4
20,param_020,real_001,test,0.1,20.0,5.0,6.2,0.1,600x400,float32,222.5,3775.0,1000.3020457599005,313.78765066716943,9bffb07eaad3aad32545dcab30b91902cd43933c78e87bf372d24e87811337f4
20,param_020,real_002,test,0.1,20.0,5.0,6.2,0.1,600x400,float32,232.60000610351562,3486.0,1009.7743578722,326.80731202640777,637084e249b5a8cf4ac715638533f31dcf9511e36d8d5b9069f3507b087ac568
20,param_020,real_003,test,0.1,20.0,5.0,6.2,0.1,600x400,float32,280.70001220703125,3343.0,978.3796554377238,314.61502097221523,fd97887d0d2a0bcd316397fd51240888afa9c8625a1052ab3a3921d586c89caf
20,param_020,real_004,test,0.1,20.0,5.0,6.2,0.1,600x400,float32,280.1000061035156,4016.0,1003.7383032594045,325.99367491805555,8dfc5d6847ee309f9781340c15c7b3c7dde2ec62e9d12462d9b6823164c0836c
20,param_020,real_005,test,0.1,20.0,5.0,6.2,0.1,600x400,float32,265.0,3589.0,993.974979524231,325.6559096269839,50b13e55ae6dee13b5bc5bdf677802cf3ce315208c85b56ed2a84c5a2784f2f4
21,param_021,real_001,test,0.1,20.0,5.0,6.2,1.0,600x400,float32,222.5,3775.0,1000.3020457599005,313.78765066716943,9bffb07eaad3aad32545dcab30b91902cd43933c78e87bf372d24e87811337f4
21,param_021,real_002,test,0.1,20.0,5.0,6.2,1.0,600x400,float32,232.60000610351562,3486.0,1009.7743578722,326.80731202640777,637084e249b5a8cf4ac715638533f31dcf9511e36d8d5b9069f3507b087ac568
21,param_021,real_003,test,0.1,20.0,5.0,6.2,1.0,600x400,float32,280.70001220703125,3343.0,978.3796554377238,314.61502097221523,fd97887d0d2a0bcd316397fd51240888afa9c8625a1052ab3a3921d586c89caf
21,param_021,real_004,test,0.1,20.0,5.0,6.2,1.0,600x400,float32,280.1000061035156,4016.0,1003.7383032594045,325.99367491805555,8dfc5d6847ee309f9781340c15c7b3c7dde2ec62e9d12462d9b6823164c0836c
21,param_021,real_005,test,0.1,20.0,5.0,6.2,1.0,600x400,float32,265.0,3589.0,993.974979524231,325.6559096269839,50b13e55ae6dee13b5bc5bdf677802cf3ce315208c85b56ed2a84c5a2784f2f4
22,param_022,real_001,val,0.1,20.0,5.0,62.0,0.1,600x400,float32,222.5,3775.0,1000.3020457599005,313.78765066716943,9bffb07eaad3aad32545dcab30b91902cd43933c78e87bf372d24e87811337f4
22,param_022,real_002,val,0.1,20.0,5.0,62.0,0.1,600x400,float32,232.60000610351562,3486.0,1009.7743578722,326.80731202640777,637084e249b5a8cf4ac715638533f31dcf9511e36d8d5b9069f3507b087ac568
22,param_022,real_003,val,0.1,20.0,5.0,62.0,0.1,600x400,float32,280.70001220703125,3343.0,978.3796554377238,314.61502097221523,fd97887d0d2a0bcd316397fd51240888afa9c8625a1052ab3a3921d586c89caf
22,param_022,real_004,val,0.1,20.0,5.0,62.0,0.1,600x400,float32,280.1000061035156,4016.0,1003.7383032594045,325.99367491805555,8dfc5d6847ee309f9781340c15c7b3c7dde2ec62e9d12462d9b6823164c0836c
22,param_022,real_005,val,0.1,20.0,5.0,62.0,0.1,600x400,float32,265.0,3589.0,993.974979524231,325.6559096269839,50b13e55ae6dee13b5bc5bdf677802cf3ce315208c85b56ed2a84c5a2784f2f4
23,param_023,real_001,train,0.1,20.0,5.0,62.0,1.0,600x400,float32,222.5,3775.0,1000.3020457599005,313.78765066716943,9bffb07eaad3aad32545dcab30b91902cd43933c78e87bf372d24e87811337f4
23,param_023,real_002,train,0.1,20.0,5.0,62.0,1.0,600x400,float32,232.60000610351562,3486.0,1009.7743578722,326.80731202640777,637084e249b5a8cf4ac715638533f31dcf9511e36d8d5b9069f3507b087ac568
23,param_023,real_003,train,0.1,20.0,5.0,62.0,1.0,600x400,float32,280.70001220703125,3343.0,978.3796554377238,314.61502097221523,fd97887d0d2a0bcd316397fd51240888afa9c8625a1052ab3a3921d586c89caf
23,param_023,real_004,train,0.1,20.0,5.0,62.0,1.0,600x400,float32,280.1000061035156,4016.0,1003.7383032594045,325.99367491805555,8dfc5d6847ee309f9781340c15c7b3c7dde2ec62e9d12462d9b6823164c0836c
23,param_023,real_005,train,0.1,20.0,5.0,62.0,1.0,600x400,float32,265.0,3589.0,993.974979524231,325.6559096269839,50b13e55ae6dee13b5bc5bdf677802cf3ce315208c85b56ed2a84c5a2784f2f4
24,param_024,real_001,train,1.0,20.0,5.0,0.62,0.1,600x400,float32,9.567999839782715,74020.0,1527.984829412051,1884.0981604491158,e44f56ff5124cfdd0490acd97ac111ac9cf69f3fa9d85c983bd4b1196253b3b0
24,param_024,real_002,train,1.0,20.0,5.0,0.62,0.1,600x400,float32,11.010000228881836,57500.0,1603.1511306321502,1994.7456004552807,fd5dacddf90e8054a3761d212ded9d7a75c96ced8701f399991cf9d6686560b4
24,param_024,real_003,train,1.0,20.0,5.0,0.62,0.1,600x400,float32,19.969999313354492,50400.0,1450.5929733952999,1891.0380816306754,7a845a87c4dbbac9ea134dfe0237785317cd66e6842b5b35bcad9ba583ff692d
24,param_024,real_004,train,1.0,20.0,5.0,0.62,0.1,600x400,float32,19.829999923706055,90010.0,1585.48199936196,2197.952033740267,9c5be5f77c3ed75da2a85b0687dabafd5a22c53e0f17deebbe62525904a1d3f5
24,param_024,real_005,train,1.0,20.0,5.0,0.62,0.1,600x400,float32,16.6200008392334,63100.0,1543.6020584617854,2078.726018418589,ee3f948186790a0e59c1c00e04bdc1c239a99339351ffc053622b1fe236ad963
25,param_025,real_001,train,1.0,20.0,5.0,0.62,1.0,600x400,float32,9.567999839782715,74020.0,1527.984829412051,1884.0981604491158,e44f56ff5124cfdd0490acd97ac111ac9cf69f3fa9d85c983bd4b1196253b3b0
25,param_025,real_002,train,1.0,20.0,5.0,0.62,1.0,600x400,float32,11.010000228881836,57500.0,1603.1511306321502,1994.7456004552807,fd5dacddf90e8054a3761d212ded9d7a75c96ced8701f399991cf9d6686560b4
25,param_025,real_003,train,1.0,20.0,5.0,0.62,1.0,600x400,float32,19.969999313354492,50400.0,1450.5929733952999,1891.0380816306754,7a845a87c4dbbac9ea134dfe0237785317cd66e6842b5b35bcad9ba583ff692d
25,param_025,real_004,train,1.0,20.0,5.0,0.62,1.0,600x400,float32,19.829999923706055,90010.0,1585.48199936196,2197.952033740267,9c5be5f77c3ed75da2a85b0687dabafd5a22c53e0f17deebbe62525904a1d3f5
25,param_025,real_005,train,1.0,20.0,5.0,0.62,1.0,600x400,float32,16.6200008392334,63100.0,1543.6020584617854,2078.726018418589,ee3f948186790a0e59c1c00e04bdc1c239a99339351ffc053622b1fe236ad963
26,param_026,real_001,train,1.0,20.0,5.0,6.2,0.1,600x400,float32,9.567999839782715,74020.0,1527.984829412051,1884.0981604491158,e44f56ff5124cfdd0490acd97ac111ac9cf69f3fa9d85c983bd4b1196253b3b0
26,param_026,real_002,train,1.0,20.0,5.0,6.2,0.1,600x400,float32,11.010000228881836,57500.0,1603.1511306321502,1994.7456004552807,fd5dacddf90e8054a3761d212ded9d7a75c96ced8701f399991cf9d6686560b4
26,param_026,real_003,train,1.0,20.0,5.0,6.2,0.1,600x400,float32,19.969999313354492,50400.0,1450.5929733952999,1891.0380816306754,7a845a87c4dbbac9ea134dfe0237785317cd66e6842b5b35bcad9ba583ff692d
26,param_026,real_004,train,1.0,20.0,5.0,6.2,0.1,600x400,float32,19.829999923706055,90010.0,1585.48199936196,2197.952033740267,9c5be5f77c3ed75da2a85b0687dabafd5a22c53e0f17deebbe62525904a1d3f5
26,param_026,real_005,train,1.0,20.0,5.0,6.2,0.1,600x400,float32,16.6200008392334,63100.0,1543.6020584617854,2078.726018418589,ee3f948186790a0e59c1c00e04bdc1c239a99339351ffc053622b1fe236ad963
27,param_027,real_001,train,1.0,20.0,5.0,6.2,1.0,600x400,float32,9.567999839782715,74020.0,1527.984829412051,1884.0981604491158,e44f56ff5124cfdd0490acd97ac111ac9cf69f3fa9d85c983bd4b1196253b3b0
27,param_027,real_002,train,1.0,20.0,5.0,6.2,1.0,600x400,float32,11.010000228881836,57500.0,1603.1511306321502,1994.7456004552807,fd5dacddf90e8054a3761d212ded9d7a75c96ced8701f399991cf9d6686560b4
27,param_027,real_003,train,1.0,20.0,5.0,6.2,1.0,600x400,float32,19.969999313354492,50400.0,1450.5929733952999,1891.0380816306754,7a845a87c4dbbac9ea134dfe0237785317cd66e6842b5b35bcad9ba583ff692d
27,param_027,real_004,train,1.0,20.0,5.0,6.2,1.0,600x400,float32,19.829999923706055,90010.0,1585.48199936196,2197.952033740267,9c5be5f77c3ed75da2a85b0687dabafd5a22c53e0f17deebbe62525904a1d3f5
27,param_027,real_005,train,1.0,20.0,5.0,6.2,1.0,600x400,float32,16.6200008392334,63100.0,1543.6020584617854,2078.726018418589,ee3f948186790a0e59c1c00e04bdc1c239a99339351ffc053622b1fe236ad963
28,param_028,real_001,train,1.0,20.0,5.0,62.0,0.1,600x400,float32,9.567999839782715,74020.0,1527.984829412051,1884.0981604491158,e44f56ff5124cfdd0490acd97ac111ac9cf69f3fa9d85c983bd4b1196253b3b0
28,param_028,real_002,train,1.0,20.0,5.0,62.0,0.1,600x400,float32,11.010000228881836,57500.0,1603.1511306321502,1994.7456004552807,fd5dacddf90e8054a3761d212ded9d7a75c96ced8701f399991cf9d6686560b4
28,param_028,real_003,train,1.0,20.0,5.0,62.0,0.1,600x400,float32,19.969999313354492,50400.0,1450.5929733952999,1891.0380816306754,7a845a87c4dbbac9ea134dfe0237785317cd66e6842b5b35bcad9ba583ff692d
28,param_028,real_004,train,1.0,20.0,5.0,62.0,0.1,600x400,float32,19.829999923706055,90010.0,1585.48199936196,2197.952033740267,9c5be5f77c3ed75da2a85b0687dabafd5a22c53e0f17deebbe62525904a1d3f5
28,param_028,real_005,train,1.0,20.0,5.0,62.0,0.1,600x400,float32,16.6200008392334,63100.0,1543.6020584617854,2078.726018418589,ee3f948186790a0e59c1c00e04bdc1c239a99339351ffc053622b1fe236ad963
29,param_029,real_001,train,1.0,20.0,5.0,62.0,1.0,600x400,float32,9.567999839782715,74020.0,1527.984829412051,1884.0981604491158,e44f56ff5124cfdd0490acd97ac111ac9cf69f3fa9d85c983bd4b1196253b3b0
29,param_029,real_002,train,1.0,20.0,5.0,62.0,1.0,600x400,float32,11.010000228881836,57500.0,1603.1511306321502,1994.7456004552807,fd5dacddf90e8054a3761d212ded9d7a75c96ced8701f399991cf9d6686560b4
29,param_029,real_003,train,1.0,20.0,5.0,62.0,1.0,600x400,float32,19.969999313354492,50400.0,1450.5929733952999,1891.0380816306754,7a845a87c4dbbac9ea134dfe0237785317cd66e6842b5b35bcad9ba583ff692d
29,param_029,real_004,train,1.0,20.0,5.0,62.0,1.0,600x400,float32,19.829999923706055,90010.0,1585.48199936196,2197.952033740267,9c5be5f77c3ed75da2a85b0687dabafd5a22c53e0f17deebbe62525904a1d3f5
29,param_029,real_005,train,1.0,20.0,5.0,62.0,1.0,600x400,float32,16.6200008392334,63100.0,1543.6020584617854,2078.726018418589,ee3f948186790a0e59c1c00e04bdc1c239a99339351ffc053622b1fe236ad963
30,param_030,real_001,test,2.0,20.0,5.0,0.62,0.1,600x400,float32,1.4220000505447388,449000.0,2437.7216588942356,5554.130337950452,d8ff2d1730896105d51076bf63b3efec211e928619a5bd0b834ee1e81f292d49
30,param_030,real_002,test,2.0,20.0,5.0,0.62,0.1,600x400,float32,1.7350000143051147,314200.0,2633.498227891265,5702.207229134237,2b8ebe07e0490c017de36084372935f7baecd1274c03854d445e704e187f8b6f
30,param_030,real_003,test,2.0,20.0,5.0,0.62,0.1,600x400,float32,4.026000022888184,260700.0,2311.63550913951,5556.40000543658,f55d38a7cf2b933dc420b08a59ba1bf00ab1d3f5e3fa23e2dd63cbccf9a81b33
30,param_030,real_004,test,2.0,20.0,5.0,0.62,0.1,600x400,float32,3.9860000610351562,592100.0,2659.3255279066643,7613.102704978176,4f41a04d2aac04c3eb825fc9e6fb5db222d4e919e0f23a432b5d0ea2c7be30b8
30,param_030,real_005,test,2.0,20.0,5.0,0.62,0.1,600x400,float32,3.1070001125335693,358200.0,2552.134650797682,6482.624907822754,7e9022e604ca2ef718d8e97c39137a77cc513c8b38c33f25548ec5414317d031
31,param_031,real_001,test,2.0,20.0,5.0,0.62,1.0,600x400,float32,1.4220000505447388,449000.0,2437.7216588942356,5554.130337950452,d8ff2d1730896105d51076bf63b3efec211e928619a5bd0b834ee1e81f292d49
31,param_031,real_002,test,2.0,20.0,5.0,0.62,1.0,600x400,float32,1.7350000143051147,314200.0,2633.498227891265,5702.207229134237,2b8ebe07e0490c017de36084372935f7baecd1274c03854d445e704e187f8b6f
31,param_031,real_003,test,2.0,20.0,5.0,0.62,1.0,600x400,float32,4.026000022888184,260700.0,2311.63550913951,5556.40000543658,f55d38a7cf2b933dc420b08a59ba1bf00ab1d3f5e3fa23e2dd63cbccf9a81b33
31,param_031,real_004,test,2.0,20.0,5.0,0.62,1.0,600x400,float32,3.9860000610351562,592100.0,2659.3255279066643,7613.102704978176,4f41a04d2aac04c3eb825fc9e6fb5db222d4e919e0f23a432b5d0ea2c7be30b8
31,param_031,real_005,test,2.0,20.0,5.0,0.62,1.0,600x400,float32,3.1070001125335693,358200.0,2552.134650797682,6482.624907822754,7e9022e604ca2ef718d8e97c39137a77cc513c8b38c33f25548ec5414317d031
32,param_032,real_001,val,2.0,20.0,5.0,6.2,0.1,600x400,float32,1.4220000505447388,449000.0,2437.7216588942356,5554.130337950452,d8ff2d1730896105d51076bf63b3efec211e928619a5bd0b834ee1e81f292d49
32,param_032,real_002,val,2.0,20.0,5.0,6.2,0.1,600x400,float32,1.7350000143051147,314200.0,2633.498227891265,5702.207229134237,2b8ebe07e0490c017de36084372935f7baecd1274c03854d445e704e187f8b6f
32,param_032,real_003,val,2.0,20.0,5.0,6.2,0.1,600x400,float32,4.026000022888184,260700.0,2311.63550913951,5556.40000543658,f55d38a7cf2b933dc420b08a59ba1bf00ab1d3f5e3fa23e2dd63cbccf9a81b33
32,param_032,real_004,val,2.0,20.0,5.0,6.2,0.1,600x400,float32,3.9860000610351562,592100.0,2659.3255279066643,7613.102704978176,4f41a04d2aac04c3eb825fc9e6fb5db222d4e919e0f23a432b5d0ea2c7be30b8
32,param_032,real_005,val,2.0,20.0,5.0,6.2,0.1,600x400,float32,3.1070001125335693,358200.0,2552.134650797682,6482.624907822754,7e9022e604ca2ef718d8e97c39137a77cc513c8b38c33f25548ec5414317d031
33,param_033,real_001,train,2.0,20.0,5.0,6.2,1.0,600x400,float32,1.4220000505447388,449000.0,2437.7216588942356,5554.130337950452,d8ff2d1730896105d51076bf63b3efec211e928619a5bd0b834ee1e81f292d49
33,param_033,real_002,train,2.0,20.0,5.0,6.2,1.0,600x400,float32,1.7350000143051147,314200.0,2633.498227891265,5702.207229134237,2b8ebe07e0490c017de36084372935f7baecd1274c03854d445e704e187f8b6f
33,param_033,real_003,train,2.0,20.0,5.0,6.2,1.0,600x400,float32,4.026000022888184,260700.0,2311.63550913951,5556.40000543658,f55d38a7cf2b933dc420b08a59ba1bf00ab1d3f5e3fa23e2dd63cbccf9a81b33
33,param_033,real_004,train,2.0,20.0,5.0,6.2,1.0,600x400,float32,3.9860000610351562,592100.0,2659.3255279066643,7613.102704978176,4f41a04d2aac04c3eb825fc9e6fb5db222d4e919e0f23a432b5d0ea2c7be30b8
33,param_033,real_005,train,2.0,20.0,5.0,6.2,1.0,600x400,float32,3.1070001125335693,358200.0,2552.134650797682,6482.624907822754,7e9022e604ca2ef718d8e97c39137a77cc513c8b38c33f25548ec5414317d031
34,param_034,real_001,train,2.0,20.0,5.0,62.0,0.1,600x400,float32,1.4220000505447388,449000.0,2437.7216588942356,5554.130337950452,d8ff2d1730896105d51076bf63b3efec211e928619a5bd0b834ee1e81f292d49
34,param_034,real_002,train,2.0,20.0,5.0,62.0,0.1,600x400,float32,1.7350000143051147,314200.0,2633.498227891265,5702.207229134237,2b8ebe07e0490c017de36084372935f7baecd1274c03854d445e704e187f8b6f
34,param_034,real_003,train,2.0,20.0,5.0,62.0,0.1,600x400,float32,4.026000022888184,260700.0,2311.63550913951,5556.40000543658,f55d38a7cf2b933dc420b08a59ba1bf00ab1d3f5e3fa23e2dd63cbccf9a81b33
34,param_034,real_004,train,2.0,20.0,5.0,62.0,0.1,600x400,float32,3.9860000610351562,592100.0,2659.3255279066643,7613.102704978176,4f41a04d2aac04c3eb825fc9e6fb5db222d4e919e0f23a432b5d0ea2c7be30b8
34,param_034,real_005,train,2.0,20.0,5.0,62.0,0.1,600x400,float32,3.1070001125335693,358200.0,2552.134650797682,6482.624907822754,7e9022e604ca2ef718d8e97c39137a77cc513c8b38c33f25548ec5414317d031
35,param_035,real_001,train,2.0,20.0,5.0,62.0,1.0,600x400,float32,1.4220000505447388,449000.0,2437.7216588942356,5554.130337950452,d8ff2d1730896105d51076bf63b3efec211e928619a5bd0b834ee1e81f292d49
35,param_035,real_002,train,2.0,20.0,5.0,62.0,1.0,600x400,float32,1.7350000143051147,314200.0,2633.498227891265,5702.207229134237,2b8ebe07e0490c017de36084372935f7baecd1274c03854d445e704e187f8b6f
35,param_035,real_003,train,2.0,20.0,5.0,62.0,1.0,600x400,float32,4.026000022888184,260700.0,2311.63550913951,5556.40000543658,f55d38a7cf2b933dc420b08a59ba1bf00ab1d3f5e3fa23e2dd63cbccf9a81b33
35,param_035,real_004,train,2.0,20.0,5.0,62.0,1.0,600x400,float32,3.9860000610351562,592100.0,2659.3255279066643,7613.102704978176,4f41a04d2aac04c3eb825fc9e6fb5db222d4e919e0f23a432b5d0ea2c7be30b8
35,param_035,real_005,train,2.0,20.0,5.0,62.0,1.0,600x400,float32,3.1070001125335693,358200.0,2552.134650797682,6482.624907822754,7e9022e604ca2ef718d8e97c39137a77cc513c8b38c33f25548ec5414317d031
36,param_036,real_001,train,0.1,20.0,10.0,0.62,0.1,600x400,float32,433.20001220703125,2227.0,1000.321404491043,245.31307719519359,a9b61cca5534c67dc136f11431edb4b41b0de07c009b0b96d3a3072f419bf3b6
36,param_036,real_002,train,0.1,20.0,10.0,0.62,0.1,600x400,float32,311.5,2566.0,990.921879084905,245.71461620167327,dc65ab05cd3e15dc91e430fd8b7c34c9ca17774b827d000cd43a09f9c646adee
36,param_036,real_003,train,0.1,20.0,10.0,0.62,0.1,600x400,float32,355.0,2255.0,966.8226732779185,231.58672975017163,c0f18055ba79b312f3a0e284990912e61adf696f67e5676c3b919717192b62f4
36,param_036,real_004,train,0.1,20.0,10.0,0.62,0.1,600x400,float32,339.29998779296875,2404.0,1006.637025763448,276.51041119012376,554e60ebfa16cb16150cfa9003d1e641b9b9a9cae97802d71fa7dafb746104dd
36,param_036,real_005,train,0.1,20.0,10.0,0.62,0.1,600x400,float32,393.3999938964844,3212.0,984.2557486228943,271.26626418479776,93ef810e71fb49cd2014679cac2184d008a41fc4fd2af5b0300825d4bccb5938
37,param_037,real_001,train,0.1,20.0,10.0,0.62,1.0,600x400,float32,433.20001220703125,2227.0,1000.321404491043,245.31307719519359,a9b61cca5534c67dc136f11431edb4b41b0de07c009b0b96d3a3072f419bf3b6
37,param_037,real_002,train,0.1,20.0,10.0,0.62,1.0,600x400,float32,311.5,2566.0,990.921879084905,245.71461620167327,dc65ab05cd3e15dc91e430fd8b7c34c9ca17774b827d000cd43a09f9c646adee
37,param_037,real_003,train,0.1,20.0,10.0,0.62,1.0,600x400,float32,355.0,2255.0,966.8226732779185,231.58672975017163,c0f18055ba79b312f3a0e284990912e61adf696f67e5676c3b919717192b62f4
37,param_037,real_004,train,0.1,20.0,10.0,0.62,1.0,600x400,float32,339.29998779296875,2404.0,1006.637025763448,276.51041119012376,554e60ebfa16cb16150cfa9003d1e641b9b9a9cae97802d71fa7dafb746104dd
37,param_037,real_005,train,0.1,20.0,10.0,0.62,1.0,600x400,float32,393.3999938964844,3212.0,984.2557486228943,271.26626418479776,93ef810e71fb49cd2014679cac2184d008a41fc4fd2af5b0300825d4bccb5938
38,param_038,real_001,train,0.1,20.0,10.0,6.2,0.1,600x400,float32,433.20001220703125,2227.0,1000.321404491043,245.31307719519359,a9b61cca5534c67dc136f11431edb4b41b0de07c009b0b96d3a3072f419bf3b6
38,param_038,real_002,train,0.1,20.0,10.0,6.2,0.1,600x400,float32,311.5,2566.0,990.921879084905,245.71461620167327,dc65ab05cd3e15dc91e430fd8b7c34c9ca17774b827d000cd43a09f9c646adee
38,param_038,real_003,train,0.1,20.0,10.0,6.2,0.1,600x400,float32,355.0,2255.0,966.8226732779185,231.58672975017163,c0f18055ba79b312f3a0e284990912e61adf696f67e5676c3b919717192b62f4
38,param_038,real_004,train,0.1,20.0,10.0,6.2,0.1,600x400,float32,339.29998779296875,2404.0,1006.637025763448,276.51041119012376,554e60ebfa16cb16150cfa9003d1e641b9b9a9cae97802d71fa7dafb746104dd
38,param_038,real_005,train,0.1,20.0,10.0,6.2,0.1,600x400,float32,393.3999938964844,3212.0,984.2557486228943,271.26626418479776,93ef810e71fb49cd2014679cac2184d008a41fc4fd2af5b0300825d4bccb5938
39,param_039,real_001,train,0.1,20.0,10.0,6.2,1.0,600x400,float32,433.20001220703125,2227.0,1000.321404491043,245.31307719519359,a9b61cca5534c67dc136f11431edb4b41b0de07c009b0b96d3a3072f419bf3b6
39,param_039,real_002,train,0.1,20.0,10.0,6.2,1.0,600x400,float32,311.5,2566.0,990.921879084905,245.71461620167327,dc65ab05cd3e15dc91e430fd8b7c34c9ca17774b827d000cd43a09f9c646adee
39,param_039,real_003,train,0.1,20.0,10.0,6.2,1.0,600x400,float32,355.0,2255.0,966.8226732779185,231.58672975017163,c0f18055ba79b312f3a0e284990912e61adf696f67e5676c3b919717192b62f4
39,param_039,real_004,train,0.1,20.0,10.0,6.2,1.0,600x400,float32,339.29998779296875,2404.0,1006.637025763448,276.51041119012376,554e60ebfa16cb16150cfa9003d1e641b9b9a9cae97802d71fa7dafb746104dd
39,param_039,real_005,train,0.1,20.0,10.0,6.2,1.0,600x400,float32,393.3999938964844,3212.0,984.2557486228943,271.26626418479776,93ef810e71fb49cd2014679cac2184d008a41fc4fd2af5b0300825d4bccb5938
40,param_040,real_001,test,0.1,20.0,10.0,62.0,0.1,600x400,float32,433.20001220703125,2227.0,1000.321404491043,245.31307719519359,a9b61cca5534c67dc136f11431edb4b41b0de07c009b0b96d3a3072f419bf3b6
40,param_040,real_002,test,0.1,20.0,10.0,62.0,0.1,600x400,float32,311.5,2566.0,990.921879084905,245.71461620167327,dc65ab05cd3e15dc91e430fd8b7c34c9ca17774b827d000cd43a09f9c646adee
40,param_040,real_003,test,0.1,20.0,10.0,62.0,0.1,600x400,float32,355.0,2255.0,966.8226732779185,231.58672975017163,c0f18055ba79b312f3a0e284990912e61adf696f67e5676c3b919717192b62f4
40,param_040,real_004,test,0.1,20.0,10.0,62.0,0.1,600x400,float32,339.29998779296875,2404.0,1006.637025763448,276.51041119012376,554e60ebfa16cb16150cfa9003d1e641b9b9a9cae97802d71fa7dafb746104dd
40,param_040,real_005,test,0.1,20.0,10.0,62.0,0.1,600x400,float32,393.3999938964844,3212.0,984.2557486228943,271.26626418479776,93ef810e71fb49cd2014679cac2184d008a41fc4fd2af5b0300825d4bccb5938
41,param_041,real_001,test,0.1,20.0,10.0,62.0,1.0,600x400,float32,433.20001220703125,2227.0,1000.321404491043,245.31307719519359,a9b61cca5534c67dc136f11431edb4b41b0de07c009b0b96d3a3072f419bf3b6
41,param_041,real_002,test,0.1,20.0,10.0,62.0,1.0,600x400,float32,311.5,2566.0,990.921879084905,245.71461620167327,dc65ab05cd3e15dc91e430fd8b7c34c9ca17774b827d000cd43a09f9c646adee
41,param_041,real_003,test,0.1,20.0,10.0,62.0,1.0,600x400,float32,355.0,2255.0,966.8226732779185,231.58672975017163,c0f18055ba79b312f3a0e284990912e61adf696f67e5676c3b919717192b62f4
41,param_041,real_004,test,0.1,20.0,10.0,62.0,1.0,600x400,float32,339.29998779296875,2404.0,1006.637025763448,276.51041119012376,554e60ebfa16cb16150cfa9003d1e641b9b9a9cae97802d71fa7dafb746104dd
41,param_041,real_005,test,0.1,20.0,10.0,62.0,1.0,600x400,float32,393.3999938964844,3212.0,984.2557486228943,271.26626418479776,93ef810e71fb49cd2014679cac2184d008a41fc4fd2af5b0300825d4bccb5938
42,param_042,real_001,val,1.0,20.0,10.0,0.62,0.1,600x400,float32,78.69999694824219,13960.0,1352.5807625591597,1148.1241326349937,507feaf6bd08068281992e8fcd3a27b63f0a8fb555e41ed27c5ada58e0a51116
42,param_042,real_002,val,1.0,20.0,10.0,0.62,0.1,600x400,float32,27.729999542236328,21840.0,1320.5150808218718,1211.1147949165284,942eb59ff0a6c18a1d5a9315bb124f5abe1dcf5eca0732eaad038ba22754a288
42,param_042,real_003,val,1.0,20.0,10.0,0.62,0.1,600x400,float32,41.93000030517578,14510.0,1201.50485436608,967.266231013384,0df855416ff56b77ad66307a32660c536e41154f7121bd2b0f94796ee259ffa2
42,param_042,real_004,val,1.0,20.0,10.0,0.62,0.1,600x400,float32,36.33000183105469,17770.0,1449.2411431526184,1429.067812497242,93737270e5d637cc5ae95c0807b27aecd56a1b325229b312de4c0dda09b53d01
42,param_042,real_005,val,1.0,20.0,10.0,0.62,0.1,600x400,float32,58.02000045776367,44400.0,1376.1410310339768,1846.9019114106572,deca936a63c4406c36670b70bdcc341b3a5bef0d7f0c835d60fd71d05e804ce3
43,param_043,real_001,train,1.0,20.0,10.0,0.62,1.0,600x400,float32,78.69999694824219,13960.0,1352.5807625591597,1148.1241326349937,507feaf6bd08068281992e8fcd3a27b63f0a8fb555e41ed27c5ada58e0a51116
43,param_043,real_002,train,1.0,20.0,10.0,0.62,1.0,600x400,float32,27.729999542236328,21840.0,1320.5150808218718,1211.1147949165284,942eb59ff0a6c18a1d5a9315bb124f5abe1dcf5eca0732eaad038ba22754a288
43,param_043,real_003,train,1.0,20.0,10.0,0.62,1.0,600x400,float32,41.93000030517578,14510.0,1201.50485436608,967.266231013384,0df855416ff56b77ad66307a32660c536e41154f7121bd2b0f94796ee259ffa2
43,param_043,real_004,train,1.0,20.0,10.0,0.62,1.0,600x400,float32,36.33000183105469,17770.0,1449.2411431526184,1429.067812497242,93737270e5d637cc5ae95c0807b27aecd56a1b325229b312de4c0dda09b53d01
43,param_043,real_005,train,1.0,20.0,10.0,0.62,1.0,600x400,float32,58.02000045776367,44400.0,1376.1410310339768,1846.9019114106572,deca936a63c4406c36670b70bdcc341b3a5bef0d7f0c835d60fd71d05e804ce3
44,param_044,real_001,train,1.0,20.0,10.0,6.2,0.1,600x400,float32,78.69999694824219,13960.0,1352.5807625591597,1148.1241326349937,507feaf6bd08068281992e8fcd3a27b63f0a8fb555e41ed27c5ada58e0a51116
44,param_044,real_002,train,1.0,20.0,10.0,6.2,0.1,600x400,float32,27.729999542236328,21840.0,1320.5150808218718,1211.1147949165284,942eb59ff0a6c18a1d5a9315bb124f5abe1dcf5eca0732eaad038ba22754a288
44,param_044,real_003,train,1.0,20.0,10.0,6.2,0.1,600x400,float32,41.93000030517578,14510.0,1201.50485436608,967.266231013384,0df855416ff56b77ad66307a32660c536e41154f7121bd2b0f94796ee259ffa2
44,param_044,real_004,train,1.0,20.0,10.0,6.2,0.1,600x400,float32,36.33000183105469,17770.0,1449.2411431526184,1429.067812497242,93737270e5d637cc5ae95c0807b27aecd56a1b325229b312de4c0dda09b53d01
44,param_044,real_005,train,1.0,20.0,10.0,6.2,0.1,600x400,float32,58.02000045776367,44400.0,1376.1410310339768,1846.9019114106572,deca936a63c4406c36670b70bdcc341b3a5bef0d7f0c835d60fd71d05e804ce3
45,param_045,real_001,train,1.0,20.0,10.0,6.2,1.0,600x400,float32,78.69999694824219,13960.0,1352.5807625591597,1148.1241326349937,507feaf6bd08068281992e8fcd3a27b63f0a8fb555e41ed27c5ada58e0a51116
45,param_045,real_002,train,1.0,20.0,10.0,6.2,1.0,600x400,float32,27.729999542236328,21840.0,1320.5150808218718,1211.1147949165284,942eb59ff0a6c18a1d5a9315bb124f5abe1dcf5eca0732eaad038ba22754a288
45,param_045,real_003,train,1.0,20.0,10.0,6.2,1.0,600x400,float32,41.93000030517578,14510.0,1201.50485436608,967.266231013384,0df855416ff56b77ad66307a32660c536e41154f7121bd2b0f94796ee259ffa2
45,param_045,real_004,train,1.0,20.0,10.0,6.2,1.0,600x400,float32,36.33000183105469,17770.0,1449.2411431526184,1429.067812497242,93737270e5d637cc5ae95c0807b27aecd56a1b325229b312de4c0dda09b53d01
45,param_045,real_005,train,1.0,20.0,10.0,6.2,1.0,600x400,float32,58.02000045776367,44400.0,1376.1410310339768,1846.9019114106572,deca936a63c4406c36670b70bdcc341b3a5bef0d7f0c835d60fd71d05e804ce3
46,param_046,real_001,train,1.0,20.0,10.0,62.0,0.1,600x400,float32,78.69999694824219,13960.0,1352.5807625591597,1148.1241326349937,507feaf6bd08068281992e8fcd3a27b63f0a8fb555e41ed27c5ada58e0a51116
46,param_046,real_002,train,1.0,20.0,10.0,62.0,0.1,600x400,float32,27.729999542236328,21840.0,1320.5150808218718,1211.1147949165284,942eb59ff0a6c18a1d5a9315bb124f5abe1dcf5eca0732eaad038ba22754a288
46,param_046,real_003,train,1.0,20.0,10.0,62.0,0.1,600x400,float32,41.93000030517578,14510.0,1201.50485436608,967.266231013384,0df855416ff56b77ad66307a32660c536e41154f7121bd2b0f94796ee259ffa2
46,param_046,real_004,train,1.0,20.0,10.0,62.0,0.1,600x400,float32,36.33000183105469,17770.0,1449.2411431526184,1429.067812497242,93737270e5d637cc5ae95c0807b27aecd56a1b325229b312de4c0dda09b53d01
46,param_046,real_005,train,1.0,20.0,10.0,62.0,0.1,600x400,float32,58.02000045776367,44400.0,1376.1410310339768,1846.9019114106572,deca936a63c4406c36670b70bdcc341b3a5bef0d7f0c835d60fd71d05e804ce3
47,param_047,real_001,train,1.0,20.0,10.0,62.0,1.0,600x400,float32,78.69999694824219,13960.0,1352.5807625591597,1148.1241326349937,507feaf6bd08068281992e8fcd3a27b63f0a8fb555e41ed27c5ada58e0a51116
47,param_047,real_002,train,1.0,20.0,10.0,62.0,1.0,600x400,float32,27.729999542236328,21840.0,1320.5150808218718,1211.1147949165284,942eb59ff0a6c18a1d5a9315bb124f5abe1dcf5eca0732eaad038ba22754a288
47,param_047,real_003,train,1.0,20.0,10.0,62.0,1.0,600x400,float32,41.93000030517578,14510.0,1201.50485436608,967.266231013384,0df855416ff56b77ad66307a32660c536e41154f7121bd2b0f94796ee259ffa2
47,param_047,real_004,train,1.0,20.0,10.0,62.0,1.0,600x400,float32,36.33000183105469,17770.0,1449.2411431526184,1429.067812497242,93737270e5d637cc5ae95c0807b27aecd56a1b325229b312de4c0dda09b53d01
47,param_047,real_005,train,1.0,20.0,10.0,62.0,1.0,600x400,float32,58.02000045776367,44400.0,1376.1410310339768,1846.9019114106572,deca936a63c4406c36670b70bdcc341b3a5bef0d7f0c835d60fd71d05e804ce3
48,param_048,real_001,train,2.0,20.0,10.0,0.62,0.1,600x400,float32,28.010000228881836,42410.0,1840.9546081997553,2430.6069378687644,4a7498c66475f986056b645035fde9b11c7cace1b7a53d21939729ece96db50d
48,param_048,real_002,train,2.0,20.0,10.0,0.62,0.1,600x400,float32,6.40500020980835,79880.0,1802.0041875881354,2850.7157517281544,b4608dec3ceaa3ea93a19339ebea5f23e6788423e13ed71a5588da1a86737ee0
48,param_048,real_003,train,2.0,20.0,10.0,0.62,0.1,600x400,float32,11.5,44830.0,1537.6905217244387,1918.7806884801428,7b40544f9c5e469eebdaf1a73feeae1a02caa14b45675ef0a9fa369484de3c2a
48,param_048,real_004,train,2.0,20.0,10.0,0.62,0.1,600x400,float32,9.38599967956543,59670.0,2116.208846273132,3321.3781980248637,6cc03aebc6353d0bf01346617ccad7656fc2b76be520a5b91602ac4ac0eec855
48,param_048,real_005,train,2.0,20.0,10.0,0.62,0.1,600x400,float32,18.200000762939453,217900.0,2113.4762867581767,5893.060377826625,813b8d20c1ec120fcc02db7b5a2811b12f3dfa994b425d7686f50347b41b8e5d
49,param_049,real_001,train,2.0,20.0,10.0,0.62,1.0,600x400,float32,28.010000228881836,42410.0,1840.9546081997553,2430.6069378687644,4a7498c66475f986056b645035fde9b11c7cace1b7a53d21939729ece96db50d
49,param_049,real_002,train,2.0,20.0,10.0,0.62,1.0,600x400,float32,6.40500020980835,79880.0,1802.0041875881354,2850.7157517281544,b4608dec3ceaa3ea93a19339ebea5f23e6788423e13ed71a5588da1a86737ee0
49,param_049,real_003,train,2.0,20.0,10.0,0.62,1.0,600x400,float32,11.5,44830.0,1537.6905217244387,1918.7806884801428,7b40544f9c5e469eebdaf1a73feeae1a02caa14b45675ef0a9fa369484de3c2a
49,param_049,real_004,train,2.0,20.0,10.0,0.62,1.0,600x400,float32,9.38599967956543,59670.0,2116.208846273132,3321.3781980248637,6cc03aebc6353d0bf01346617ccad7656fc2b76be520a5b91602ac4ac0eec855
49,param_049,real_005,train,2.0,20.0,10.0,0.62,1.0,600x400,float32,18.200000762939453,217900.0,2113.4762867581767,5893.060377826625,813b8d20c1ec120fcc02db7b5a2811b12f3dfa994b425d7686f50347b41b8e5d
50,param_050,real_001,test,2.0,20.0,10.0,6.2,0.1,600x400,float32,28.010000228881836,42410.0,1840.9546081997553,2430.6069378687644,4a7498c66475f986056b645035fde9b11c7cace1b7a53d21939729ece96db50d
50,param_050,real_002,test,2.0,20.0,10.0,6.2,0.1,600x400,float32,6.40500020980835,79880.0,1802.0041875881354,2850.7157517281544,b4608dec3ceaa3ea93a19339ebea5f23e6788423e13ed71a5588da1a86737ee0
50,param_050,real_003,test,2.0,20.0,10.0,6.2,0.1,600x400,float32,11.5,44830.0,1537.6905217244387,1918.7806884801428,7b40544f9c5e469eebdaf1a73feeae1a02caa14b45675ef0a9fa369484de3c2a
50,param_050,real_004,test,2.0,20.0,10.0,6.2,0.1,600x400,float32,9.38599967956543,59670.0,2116.208846273132,3321.3781980248637,6cc03aebc6353d0bf01346617ccad7656fc2b76be520a5b91602ac4ac0eec855
50,param_050,real_005,test,2.0,20.0,10.0,6.2,0.1,600x400,float32,18.200000762939453,217900.0,2113.4762867581767,5893.060377826625,813b8d20c1ec120fcc02db7b5a2811b12f3dfa994b425d7686f50347b41b8e5d
51,param_051,real_001,test,2.0,20.0,10.0,6.2,1.0,600x400,float32,28.010000228881836,42410.0,1840.9546081997553,2430.6069378687644,4a7498c66475f986056b645035fde9b11c7cace1b7a53d21939729ece96db50d
51,param_051,real_002,test,2.0,20.0,10.0,6.2,1.0,600x400,float32,6.40500020980835,79880.0,1802.0041875881354,2850.7157517281544,b4608dec3ceaa3ea93a19339ebea5f23e6788423e13ed71a5588da1a86737ee0
51,param_051,real_003,test,2.0,20.0,10.0,6.2,1.0,600x400,float32,11.5,44830.0,1537.6905217244387,1918.7806884801428,7b40544f9c5e469eebdaf1a73feeae1a02caa14b45675ef0a9fa369484de3c2a
51,param_051,real_004,test,2.0,20.0,10.0,6.2,1.0,600x400,float32,9.38599967956543,59670.0,2116.208846273132,3321.3781980248637,6cc03aebc6353d0bf01346617ccad7656fc2b76be520a5b91602ac4ac0eec855
51,param_051,real_005,test,2.0,20.0,10.0,6.2,1.0,600x400,float32,18.200000762939453,217900.0,2113.4762867581767,5893.060377826625,813b8d20c1ec120fcc02db7b5a2811b12f3dfa994b425d7686f50347b41b8e5d
52,param_052,real_001,val,2.0,20.0,10.0,62.0,0.1,600x400,float32,28.010000228881836,42410.0,1840.9546081997553,2430.6069378687644,4a7498c66475f986056b645035fde9b11c7cace1b7a53d21939729ece96db50d
52,param_052,real_002,val,2.0,20.0,10.0,62.0,0.1,600x400,float32,6.40500020980835,79880.0,1802.0041875881354,2850.7157517281544,b4608dec3ceaa3ea93a19339ebea5f23e6788423e13ed71a5588da1a86737ee0
52,param_052,real_003,val,2.0,20.0,10.0,62.0,0.1,600x400,float32,11.5,44830.0,1537.6905217244387,1918.7806884801428,7b40544f9c5e469eebdaf1a73feeae1a02caa14b45675ef0a9fa369484de3c2a
52,param_052,real_004,val,2.0,20.0,10.0,62.0,0.1,600x400,float32,9.38599967956543,59670.0,2116.208846273132,3321.3781980248637,6cc03aebc6353d0bf01346617ccad7656fc2b76be520a5b91602ac4ac0eec855
52,param_052,real_005,val,2.0,20.0,10.0,62.0,0.1,600x400,float32,18.200000762939453,217900.0,2113.4762867581767,5893.060377826625,813b8d20c1ec120fcc02db7b5a2811b12f3dfa994b425d7686f50347b41b8e5d
53,param_053,real_001,train,2.0,20.0,10.0,62.0,1.0,600x400,float32,28.010000228881836,42410.0,1840.9546081997553,2430.6069378687644,4a7498c66475f986056b645035fde9b11c7cace1b7a53d21939729ece96db50d
53,param_053,real_002,train,2.0,20.0,10.0,62.0,1.0,600x400,float32,6.40500020980835,79880.0,1802.0041875881354,2850.7157517281544,b4608dec3ceaa3ea93a19339ebea5f23e6788423e13ed71a5588da1a86737ee0
53,param_053,real_003,train,2.0,20.0,10.0,62.0,1.0,600x400,float32,11.5,44830.0,1537.6905217244387,1918.7806884801428,7b40544f9c5e469eebdaf1a73feeae1a02caa14b45675ef0a9fa369484de3c2a
53,param_053,real_004,train,2.0,20.0,10.0,62.0,1.0,600x400,float32,9.38599967956543,59670.0,2116.208846273132,3321.3781980248637,6cc03aebc6353d0bf01346617ccad7656fc2b76be520a5b91602ac4ac0eec855
53,param_053,real_005,train,2.0,20.0,10.0,62.0,1.0,600x400,float32,18.200000762939453,217900.0,2113.4762867581767,5893.060377826625,813b8d20c1ec120fcc02db7b5a2811b12f3dfa994b425d7686f50347b41b8e5d
54,param_054,real_001,train,0.1,50.0,1.0,0.62,0.1,600x400,float32,219.3000030517578,3672.0,995.6236216116587,305.88115772135376,c895857f38038851d3aebef5049331e5b07606ddf199f1268ad788ad2c0d2967
54,param_054,real_002,train,0.1,50.0,1.0,0.62,0.1,600x400,float32,228.10000610351562,3325.0,1002.7521436871847,314.3748454658576,ce098db956400671bd77226a27f14006c2aa41711b2627eb5af8d90744a1cfce
54,param_054,real_003,train,0.1,50.0,1.0,0.62,0.1,600x400,float32,276.3999938964844,3502.0,980.0818878770192,302.6364393268908,6c4b133739556dc6f02aba5b3d01c2db7c3091ce8f97c61dc10a2969174396cf
54,param_054,real_004,train,0.1,50.0,1.0,0.62,0.1,600x400,float32,276.8999938964844,3553.0,1000.0348449017843,318.16830964871514,151ae6b4cff94ef87bf3875e08dd7b120bddc81da46c589e3f3e93a0c54ab390
54,param_054,real_005,train,0.1,50.0,1.0,0.62,0.1,600x400,float32,255.3000030517578,4011.0,993.3732024365107,311.79666103984886,e8b67fb78267779477339cc7e30ae6fba34b6d3b1e8cd33b5eb7df2e0e5c0a59
55,param_055,real_001,train,0.1,50.0,1.0,0.62,1.0,600x400,float32,219.3000030517578,3672.0,995.6236216116587,305.88115772135376,c895857f38038851d3aebef5049331e5b07606ddf199f1268ad788ad2c0d2967
55,param_055,real_002,train,0.1,50.0,1.0,0.62,1.0,600x400,float32,228.10000610351562,3325.0,1002.7521436871847,314.3748454658576,ce098db956400671bd77226a27f14006c2aa41711b2627eb5af8d90744a1cfce
55,param_055,real_003,train,0.1,50.0,1.0,0.62,1.0,600x400,float32,276.3999938964844,3502.0,980.0818878770192,302.6364393268908,6c4b133739556dc6f02aba5b3d01c2db7c3091ce8f97c61dc10a2969174396cf
55,param_055,real_004,train,0.1,50.0,1.0,0.62,1.0,600x400,float32,276.8999938964844,3553.0,1000.0348449017843,318.16830964871514,151ae6b4cff94ef87bf3875e08dd7b120bddc81da46c589e3f3e93a0c54ab390
55,param_055,real_005,train,0.1,50.0,1.0,0.62,1.0,600x400,float32,255.3000030517578,4011.0,993.3732024365107,311.79666103984886,e8b67fb78267779477339cc7e30ae6fba34b6d3b1e8cd33b5eb7df2e0e5c0a59
56,param_056,real_001,train,0.1,50.0,1.0,6.2,0.1,600x400,float32,219.3000030517578,3672.0,995.6236216116587,305.88115772135376,c895857f38038851d3aebef5049331e5b07606ddf199f1268ad788ad2c0d2967
56,param_056,real_002,train,0.1,50.0,1.0,6.2,0.1,600x400,float32,228.10000610351562,3325.0,1002.7521436871847,314.3748454658576,ce098db956400671bd77226a27f14006c2aa41711b2627eb5af8d90744a1cfce
56,param_056,real_003,train,0.1,50.0,1.0,6.2,0.1,600x400,float32,276.3999938964844,3502.0,980.0818878770192,302.6364393268908,6c4b133739556dc6f02aba5b3d01c2db7c3091ce8f97c61dc10a2969174396cf
56,param_056,real_004,train,0.1,50.0,1.0,6.2,0.1,600x400,float32,276.8999938964844,3553.0,1000.0348449017843,318.16830964871514,151ae6b4cff94ef87bf3875e08dd7b120bddc81da46c589e3f3e93a0c54ab390
56,param_056,real_005,train,0.1,50.0,1.0,6.2,0.1,600x400,float32,255.3000030517578,4011.0,993.3732024365107,311.79666103984886,e8b67fb78267779477339cc7e30ae6fba34b6d3b1e8cd33b5eb7df2e0e5c0a59
57,param_057,real_001,train,0.1,50.0,1.0,6.2,1.0,600x400,float32,219.3000030517578,3672.0,995.6236216116587,305.88115772135376,c895857f38038851d3aebef5049331e5b07606ddf199f1268ad788ad2c0d2967
57,param_057,real_002,train,0.1,50.0,1.0,6.2,1.0,600x400,float32,228.10000610351562,3325.0,1002.7521436871847,314.3748454658576,ce098db956400671bd77226a27f14006c2aa41711b2627eb5af8d90744a1cfce
57,param_057,real_003,train,0.1,50.0,1.0,6.2,1.0,600x400,float32,276.3999938964844,3502.0,980.0818878770192,302.6364393268908,6c4b133739556dc6f02aba5b3d01c2db7c3091ce8f97c61dc10a2969174396cf
57,param_057,real_004,train,0.1,50.0,1.0,6.2,1.0,600x400,float32,276.8999938964844,3553.0,1000.0348449017843,318.16830964871514,151ae6b4cff94ef87bf3875e08dd7b120bddc81da46c589e3f3e93a0c54ab390
57,param_057,real_005,train,0.1,50.0,1.0,6.2,1.0,600x400,float32,255.3000030517578,4011.0,993.3732024365107,311.79666103984886,e8b67fb78267779477339cc7e30ae6fba34b6d3b1e8cd33b5eb7df2e0e5c0a59
58,param_058,real_001,train,0.1,50.0,1.0,62.0,0.1,600x400,float32,219.3000030517578,3672.0,995.6236216116587,305.88115772135376,c895857f38038851d3aebef5049331e5b07606ddf199f1268ad788ad2c0d2967
58,param_058,real_002,train,0.1,50.0,1.0,62.0,0.1,600x400,float32,228.10000610351562,3325.0,1002.7521436871847,314.3748454658576,ce098db956400671bd77226a27f14006c2aa41711b2627eb5af8d90744a1cfce
58,param_058,real_003,train,0.1,50.0,1.0,62.0,0.1,600x400,float32,276.3999938964844,3502.0,980.0818878770192,302.6364393268908,6c4b133739556dc6f02aba5b3d01c2db7c3091ce8f97c61dc10a2969174396cf
58,param_058,real_004,train,0.1,50.0,1.0,62.0,0.1,600x400,float32,276.8999938964844,3553.0,1000.0348449017843,318.16830964871514,151ae6b4cff94ef87bf3875e08dd7b120bddc81da46c589e3f3e93a0c54ab390
58,param_058,real_005,train,0.1,50.0,1.0,62.0,0.1,600x400,float32,255.3000030517578,4011.0,993.3732024365107,311.79666103984886,e8b67fb78267779477339cc7e30ae6fba34b6d3b1e8cd33b5eb7df2e0e5c0a59
59,param_059,real_001,train,0.1,50.0,1.0,62.0,1.0,600x400,float32,219.3000030517578,3672.0,995.6236216116587,305.88115772135376,c895857f38038851d3aebef5049331e5b07606ddf199f1268ad788ad2c0d2967
59,param_059,real_002,train,0.1,50.0,1.0,62.0,1.0,600x400,float32,228.10000610351562,3325.0,1002.7521436871847,314.3748454658576,ce098db956400671bd77226a27f14006c2aa41711b2627eb5af8d90744a1cfce
59,param_059,real_003,train,0.1,50.0,1.0,62.0,1.0,600x400,float32,276.3999938964844,3502.0,980.0818878770192,302.6364393268908,6c4b133739556dc6f02aba5b3d01c2db7c3091ce8f97c61dc10a2969174396cf
59,param_059,real_004,train,0.1,50.0,1.0,62.0,1.0,600x400,float32,276.8999938964844,3553.0,1000.0348449017843,318.16830964871514,151ae6b4cff94ef87bf3875e08dd7b120bddc81da46c589e3f3e93a0c54ab390
59,param_059,real_005,train,0.1,50.0,1.0,62.0,1.0,600x400,float32,255.3000030517578,4011.0,993.3732024365107,311.79666103984886,e8b67fb78267779477339cc7e30ae6fba34b6d3b1e8cd33b5eb7df2e0e5c0a59
60,param_060,real_001,test,1.0,50.0,1.0,0.62,0.1,600x400,float32,9.137999534606934,67780.0,1486.5294667725284,1785.0732874608702,540579d808be32933cb08329b5282f46029ad5bc9677df385801f5b0beddf07d
60,param_060,real_002,test,1.0,50.0,1.0,0.62,0.1,600x400,float32,10.350000381469727,49520.0,1538.8334833143392,1851.167615581412,3d0057500d630c228d1e06c202208567bef8eb272b367aee636a59a07acc08c2
60,param_060,real_003,test,1.0,50.0,1.0,0.62,0.1,600x400,float32,19.010000228881836,58350.0,1419.3167922548453,1709.2101952242756,6eca0e2f7baed7102de09856027d258bbd1dff9d02548f65eb72e94eb00f4075
60,param_060,real_004,test,1.0,50.0,1.0,0.62,0.1,600x400,float32,19.1200008392334,61080.0,1543.4091448882898,1967.5549600822774,de9e7684629043904dbd5fb1f31e5e694f01d8506f825e97e66bad4b1a2f9385
60,param_060,real_005,test,1.0,50.0,1.0,0.62,0.1,600x400,float32,14.779999732971191,89650.0,1498.016606745994,1944.4680288053319,fd732e1fed562624aec53f81d81e39690eb071ca4f30d74bca0db8747f29aca8
61,param_061,real_001,test,1.0,50.0,1.0,0.62,1.0,600x400,float32,9.137999534606934,67780.0,1486.5294667725284,1785.0732874608702,540579d808be32933cb08329b5282f46029ad5bc9677df385801f5b0beddf07d
61,param_061,real_002,test,1.0,50.0,1.0,0.62,1.0,600x400,float32,10.350000381469727,49520.0,1538.8334833143392,1851.167615581412,3d0057500d630c228d1e06c202208567bef8eb272b367aee636a59a07acc08c2
61,param_061,real_003,test,1.0,50.0,1.0,0.62,1.0,600x400,float32,19.010000228881836,58350.0,1419.3167922548453,1709.2101952242756,6eca0e2f7baed7102de09856027d258bbd1dff9d02548f65eb72e94eb00f4075
61,param_061,real_004,test,1.0,50.0,1.0,0.62,1.0,600x400,float32,19.1200008392334,61080.0,1543.4091448882898,1967.5549600822774,de9e7684629043904dbd5fb1f31e5e694f01d8506f825e97e66bad4b1a2f9385
61,param_061,real_005,test,1.0,50.0,1.0,0.62,1.0,600x400,float32,14.779999732971191,89650.0,1498.016606745994,1944.4680288053319,fd732e1fed562624aec53f81d81e39690eb071ca4f30d74bca0db8747f29aca8
62,param_062,real_001,val,1.0,50.0,1.0,6.2,0.1,600x400,float32,9.137999534606934,67780.0,1486.5294667725284,1785.0732874608702,540579d808be32933cb08329b5282f46029ad5bc9677df385801f5b0beddf07d
62,param_062,real_002,val,1.0,50.0,1.0,6.2,0.1,600x400,float32,10.350000381469727,49520.0,1538.8334833143392,1851.167615581412,3d0057500d630c228d1e06c202208567bef8eb272b367aee636a59a07acc08c2
62,param_062,real_003,val,1.0,50.0,1.0,6.2,0.1,600x400,float32,19.010000228881836,58350.0,1419.3167922548453,1709.2101952242756,6eca0e2f7baed7102de09856027d258bbd1dff9d02548f65eb72e94eb00f4075
62,param_062,real_004,val,1.0,50.0,1.0,6.2,0.1,600x400,float32,19.1200008392334,61080.0,1543.4091448882898,1967.5549600822774,de9e7684629043904dbd5fb1f31e5e694f01d8506f825e97e66bad4b1a2f9385
62,param_062,real_005,val,1.0,50.0,1.0,6.2,0.1,600x400,float32,14.779999732971191,89650.0,1498.016606745994,1944.4680288053319,fd732e1fed562624aec53f81d81e39690eb071ca4f30d74bca0db8747f29aca8
63,param_063,real_001,train,1.0,50.0,1.0,6.2,1.0,600x400,float32,9.137999534606934,67780.0,1486.5294667725284,1785.0732874608702,540579d808be32933cb08329b5282f46029ad5bc9677df385801f5b0beddf07d
63,param_063,real_002,train,1.0,50.0,1.0,6.2,1.0,600x400,float32,10.350000381469727,49520.0,1538.8334833143392,1851.167615581412,3d0057500d630c228d1e06c202208567bef8eb272b367aee636a59a07acc08c2
63,param_063,real_003,train,1.0,50.0,1.0,6.2,1.0,600x400,float32,19.010000228881836,58350.0,1419.3167922548453,1709.2101952242756,6eca0e2f7baed7102de09856027d258bbd1dff9d02548f65eb72e94eb00f4075
63,param_063,real_004,train,1.0,50.0,1.0,6.2,1.0,600x400,float32,19.1200008392334,61080.0,1543.4091448882898,1967.5549600822774,de9e7684629043904dbd5fb1f31e5e694f01d8506f825e97e66bad4b1a2f9385
63,param_063,real_005,train,1.0,50.0,1.0,6.2,1.0,600x400,float32,14.779999732971191,89650.0,1498.016606745994,1944.4680288053319,fd732e1fed562624aec53f81d81e39690eb071ca4f30d74bca0db8747f29aca8
64,param_064,real_001,train,1.0,50.0,1.0,62.0,0.1,600x400,float32,9.137999534606934,67780.0,1486.5294667725284,1785.0732874608702,540579d808be32933cb08329b5282f46029ad5bc9677df385801f5b0beddf07d
64,param_064,real_002,train,1.0,50.0,1.0,62.0,0.1,600x400,float32,10.350000381469727,49520.0,1538.8334833143392,1851.167615581412,3d0057500d630c228d1e06c202208567bef8eb272b367aee636a59a07acc08c2
64,param_064,real_003,train,1.0,50.0,1.0,62.0,0.1,600x400,float32,19.010000228881836,58350.0,1419.3167922548453,1709.2101952242756,6eca0e2f7baed7102de09856027d258bbd1dff9d02548f65eb72e94eb00f4075
64,param_064,real_004,train,1.0,50.0,1.0,62.0,0.1,600x400,float32,19.1200008392334,61080.0,1543.4091448882898,1967.5549600822774,de9e7684629043904dbd5fb1f31e5e694f01d8506f825e97e66bad4b1a2f9385
64,param_064,real_005,train,1.0,50.0,1.0,62.0,0.1,600x400,float32,14.779999732971191,89650.0,1498.016606745994,1944.4680288053319,fd732e1fed562624aec53f81d81e39690eb071ca4f30d74bca0db8747f29aca8
65,param_065,real_001,train,1.0,50.0,1.0,62.0,1.0,600x400,float32,9.137999534606934,67780.0,1486.5294667725284,1785.0732874608702,540579d808be32933cb08329b5282f46029ad5bc9677df385801f5b0beddf07d
65,param_065,real_002,train,1.0,50.0,1.0,62.0,1.0,600x400,float32,10.350000381469727,49520.0,1538.8334833143392,1851.167615581412,3d0057500d630c228d1e06c202208567bef8eb272b367aee636a59a07acc08c2
65,param_065,real_003,train,1.0,50.0,1.0,62.0,1.0,600x400,float32,19.010000228881836,58350.0,1419.3167922548453,1709.2101952242756,6eca0e2f7baed7102de09856027d258bbd1dff9d02548f65eb72e94eb00f4075
65,param_065,real_004,train,1.0,50.0,1.0,62.0,1.0,600x400,float32,19.1200008392334,61080.0,1543.4091448882898,1967.5549600822774,de9e7684629043904dbd5fb1f31e5e694f01d8506f825e97e66bad4b1a2f9385
65,param_065,real_005,train,1.0,50.0,1.0,62.0,1.0,600x400,float32,14.779999732971191,89650.0,1498.016606745994,1944.4680288053319,fd732e1fed562624aec53f81d81e39690eb071ca4f30d74bca0db8747f29aca8
66,param_066,real_001,train,2.0,50.0,1.0,0.62,0.1,600x400,float32,1.3329999446868896,396400.0,2319.7492325435414,5216.2683411151165,42d8959bedc50eef482f0e910f6575cf5c3fa2a01582069e755344e598304d7e
66,param_066,real_002,train,2.0,50.0,1.0,0.62,0.1,600x400,float32,1.590000033378601,254300.0,2451.9686420871194,5156.352918813386,22eb1084948dc15365ea01901cdbac1b8a93484bb0ad82204c14743b04cf595e
66,param_066,real_003,train,2.0,50.0,1.0,0.62,0.1,600x400,float32,3.755000114440918,320700.0,2178.9196195737322,4798.117034814918,75ffa170cb1c150c709c289d42fdd2c74ca821bf615392c166e739745e2d2036
66,param_066,real_004,train,2.0,50.0,1.0,0.62,0.1,600x400,float32,3.7850000858306885,342100.0,2504.7417553858113,5806.878061606062,f1e98e951fb50f6143553f454a133b2f10202ea7b0c638e2f33853686d264fba
66,param_066,real_005,train,2.0,50.0,1.0,0.62,0.1,600x400,float32,2.631999969482422,588800.0,2392.3795421373684,6484.406341275155,1d1d76fa40c7598cd434937c887f4d27c0d82ce1b9a30de581b569dd8fff472d
67,param_067,real_001,train,2.0,50.0,1.0,0.62,1.0,600x400,float32,1.3329999446868896,396400.0,2319.7492325435414,5216.2683411151165,42d8959bedc50eef482f0e910f6575cf5c3fa2a01582069e755344e598304d7e
67,param_067,real_002,train,2.0,50.0,1.0,0.62,1.0,600x400,float32,1.590000033378601,254300.0,2451.9686420871194,5156.352918813386,22eb1084948dc15365ea01901cdbac1b8a93484bb0ad82204c14743b04cf595e
67,param_067,real_003,train,2.0,50.0,1.0,0.62,1.0,600x400,float32,3.755000114440918,320700.0,2178.9196195737322,4798.117034814918,75ffa170cb1c150c709c289d42fdd2c74ca821bf615392c166e739745e2d2036
67,param_067,real_004,train,2.0,50.0,1.0,0.62,1.0,600x400,float32,3.7850000858306885,342100.0,2504.7417553858113,5806.878061606062,f1e98e951fb50f6143553f454a133b2f10202ea7b0c638e2f33853686d264fba
67,param_067,real_005,train,2.0,50.0,1.0,0.62,1.0,600x400,float32,2.631999969482422,588800.0,2392.3795421373684,6484.406341275155,1d1d76fa40c7598cd434937c887f4d27c0d82ce1b9a30de581b569dd8fff472d
68,param_068,real_001,train,2.0,50.0,1.0,6.2,0.1,600x400,float32,1.3329999446868896,396400.0,2319.7492325435414,5216.2683411151165,42d8959bedc50eef482f0e910f6575cf5c3fa2a01582069e755344e598304d7e
68,param_068,real_002,train,2.0,50.0,1.0,6.2,0.1,600x400,float32,1.590000033378601,254300.0,2451.9686420871194,5156.352918813386,22eb1084948dc15365ea01901cdbac1b8a93484bb0ad82204c14743b04cf595e
68,param_068,real_003,train,2.0,50.0,1.0,6.2,0.1,600x400,float32,3.755000114440918,320700.0,2178.9196195737322,4798.117034814918,75ffa170cb1c150c709c289d42fdd2c74ca821bf615392c166e739745e2d2036
68,param_068,real_004,train,2.0,50.0,1.0,6.2,0.1,600x400,float32,3.7850000858306885,342100.0,2504.7417553858113,5806.878061606062,f1e98e951fb50f6143553f454a133b2f10202ea7b0c638e2f33853686d264fba
68,param_068,real_005,train,2.0,50.0,1.0,6.2,0.1,600x400,float32,2.631999969482422,588800.0,2392.3795421373684,6484.406341275155,1d1d76fa40c7598cd434937c887f4d27c0d82ce1b9a30de581b569dd8fff472d
69,param_069,real_001,train,2.0,50.0,1.0,6.2,1.0,600x400,float32,1.3329999446868896,396400.0,2319.7492325435414,5216.2683411151165,42d8959bedc50eef482f0e910f6575cf5c3fa2a01582069e755344e598304d7e
69,param_069,real_002,train,2.0,50.0,1.0,6.2,1.0,600x400,float32,1.590000033378601,254300.0,2451.9686420871194,5156.352918813386,22eb1084948dc15365ea01901cdbac1b8a93484bb0ad82204c14743b04cf595e
69,param_069,real_003,train,2.0,50.0,1.0,6.2,1.0,600x400,float32,3.755000114440918,320700.0,2178.9196195737322,4798.117034814918,75ffa170cb1c150c709c289d42fdd2c74ca821bf615392c166e739745e2d2036
69,param_069,real_004,train,2.0,50.0,1.0,6.2,1.0,600x400,float32,3.7850000858306885,342100.0,2504.7417553858113,5806.878061606062,f1e98e951fb50f6143553f454a133b2f10202ea7b0c638e2f33853686d264fba
69,param_069,real_005,train,2.0,50.0,1.0,6.2,1.0,600x400,float32,2.631999969482422,588800.0,2392.3795421373684,6484.406341275155,1d1d76fa40c7598cd434937c887f4d27c0d82ce1b9a30de581b569dd8fff472d
70,param_070,real_001,test,2.0,50.0,1.0,62.0,0.1,600x400,float32,1.3329999446868896,396400.0,2319.7492325435414,5216.2683411151165,42d8959bedc50eef482f0e910f6575cf5c3fa2a01582069e755344e598304d7e
70,param_070,real_002,test,2.0,50.0,1.0,62.0,0.1,600x400,float32,1.590000033378601,254300.0,2451.9686420871194,5156.352918813386,22eb1084948dc15365ea01901cdbac1b8a93484bb0ad82204c14743b04cf595e
70,param_070,real_003,test,2.0,50.0,1.0,62.0,0.1,600x400,float32,3.755000114440918,320700.0,2178.9196195737322,4798.117034814918,75ffa170cb1c150c709c289d42fdd2c74ca821bf615392c166e739745e2d2036
70,param_070,real_004,test,2.0,50.0,1.0,62.0,0.1,600x400,float32,3.7850000858306885,342100.0,2504.7417553858113,5806.878061606062,f1e98e951fb50f6143553f454a133b2f10202ea7b0c638e2f33853686d264fba
70,param_070,real_005,test,2.0,50.0,1.0,62.0,0.1,600x400,float32,2.631999969482422,588800.0,2392.3795421373684,6484.406341275155,1d1d76fa40c7598cd434937c887f4d27c0d82ce1b9a30de581b569dd8fff472d
71,param_071,real_001,test,2.0,50.0,1.0,62.0,1.0,600x400,float32,1.3329999446868896,396400.0,2319.7492325435414,5216.2683411151165,42d8959bedc50eef482f0e910f6575cf5c3fa2a01582069e755344e598304d7e
71,param_071,real_002,test,2.0,50.0,1.0,62.0,1.0,600x400,float32,1.590000033378601,254300.0,2451.9686420871194,5156.352918813386,22eb1084948dc15365ea01901cdbac1b8a93484bb0ad82204c14743b04cf595e
71,param_071,real_003,test,2.0,50.0,1.0,62.0,1.0,600x400,float32,3.755000114440918,320700.0,2178.9196195737322,4798.117034814918,75ffa170cb1c150c709c289d42fdd2c74ca821bf615392c166e739745e2d2036
71,param_071,real_004,test,2.0,50.0,1.0,62.0,1.0,600x400,float32,3.7850000858306885,342100.0,2504.7417553858113,5806.878061606062,f1e98e951fb50f6143553f454a133b2f10202ea7b0c638e2f33853686d264fba
71,param_071,real_005,test,2.0,50.0,1.0,62.0,1.0,600x400,float32,2.631999969482422,588800.0,2392.3795421373684,6484.406341275155,1d1d76fa40c7598cd434937c887f4d27c0d82ce1b9a30de581b569dd8fff472d
72,param_072,real_001,val,0.1,50.0,5.0,0.62,0.1,600x400,float32,292.5,3256.0,986.7555716192882,275.7083336952237,ab6140db7266f4359af4a48b11f1426f26b965154f71a8e1d48d2f43c04faedb
72,param_072,real_002,val,0.1,50.0,5.0,0.62,0.1,600x400,float32,290.70001220703125,3157.0,1010.1547524328868,292.628046895159,10bc2ad784d41954bd52c55daa1fbd6e15b63a17457332bb8e9270784e959975
72,param_072,real_003,val,0.1,50.0,5.0,0.62,0.1,600x400,float32,280.20001220703125,2772.0,971.0526403252919,274.53609818285923,03fd72d10f32684bbf7c24b9560a79ba5975d42ee4c5e50c8e707e162064d987
72,param_072,real_004,val,0.1,50.0,5.0,0.62,0.1,600x400,float32,306.6000061035156,3055.0,997.7748028589884,292.28849322336674,873c2605a7f0d6402a003820d7c6862523179b43edacdf8b012fc23769eafbf3
72,param_072,real_005,val,0.1,50.0,5.0,0.62,0.1,600x400,float32,282.70001220703125,3651.0,983.8157007570902,287.56382411231374,009e05195cbe09cae4c365a75e8400c38d02289539dbec927b9268a414721e01
73,param_073,real_001,train,0.1,50.0,5.0,0.62,1.0,600x400,float32,292.5,3256.0,986.7555716192882,275.7083336952237,ab6140db7266f4359af4a48b11f1426f26b965154f71a8e1d48d2f43c04faedb
73,param_073,real_002,train,0.1,50.0,5.0,0.62,1.0,600x400,float32,290.70001220703125,3157.0,1010.1547524328868,292.628046895159,10bc2ad784d41954bd52c55daa1fbd6e15b63a17457332bb8e9270784e959975
73,param_073,real_003,train,0.1,50.0,5.0,0.62,1.0,600x400,float32,280.20001220703125,2772.0,971.0526403252919,274.53609818285923,03fd72d10f32684bbf7c24b9560a79ba5975d42ee4c5e50c8e707e162064d987
73,param_073,real_004,train,0.1,50.0,5.0,0.62,1.0,600x400,float32,306.6000061035156,3055.0,997.7748028589884,292.28849322336674,873c2605a7f0d6402a003820d7c6862523179b43edacdf8b012fc23769eafbf3
73,param_073,real_005,train,0.1,50.0,5.0,0.62,1.0,600x400,float32,282.70001220703125,3651.0,983.8157007570902,287.56382411231374,009e05195cbe09cae4c365a75e8400c38d02289539dbec927b9268a414721e01
74,param_074,real_001,train,0.1,50.0,5.0,6.2,0.1,600x400,float32,292.5,3256.0,986.7555716192882,275.7083336952237,ab6140db7266f4359af4a48b11f1426f26b965154f71a8e1d48d2f43c04faedb
74,param_074,real_002,train,0.1,50.0,5.0,6.2,0.1,600x400,float32,290.70001220703125,3157.0,1010.1547524328868,292.628046895159,10bc2ad784d41954bd52c55daa1fbd6e15b63a17457332bb8e9270784e959975
74,param_074,real_003,train,0.1,50.0,5.0,6.2,0.1,600x400,float32,280.20001220703125,2772.0,971.0526403252919,274.53609818285923,03fd72d10f32684bbf7c24b9560a79ba5975d42ee4c5e50c8e707e162064d987
74,param_074,real_004,train,0.1,50.0,5.0,6.2,0.1,600x400,float32,306.6000061035156,3055.0,997.7748028589884,292.28849322336674,873c2605a7f0d6402a003820d7c6862523179b43edacdf8b012fc23769eafbf3
74,param_074,real_005,train,0.1,50.0,5.0,6.2,0.1,600x400,float32,282.70001220703125,3651.0,983.8157007570902,287.56382411231374,009e05195cbe09cae4c365a75e8400c38d02289539dbec927b9268a414721e01
75,param_075,real_001,train,0.1,50.0,5.0,6.2,1.0,600x400,float32,292.5,3256.0,986.7555716192882,275.7083336952237,ab6140db7266f4359af4a48b11f1426f26b965154f71a8e1d48d2f43c04faedb
75,param_075,real_002,train,0.1,50.0,5.0,6.2,1.0,600x400,float32,290.70001220703125,3157.0,1010.1547524328868,292.628046895159,10bc2ad784d41954bd52c55daa1fbd6e15b63a17457332bb8e9270784e959975
75,param_075,real_003,train,0.1,50.0,5.0,6.2,1.0,600x400,float32,280.20001220703125,2772.0,971.0526403252919,274.53609818285923,03fd72d10f32684bbf7c24b9560a79ba5975d42ee4c5e50c8e707e162064d987
75,param_075,real_004,train,0.1,50.0,5.0,6.2,1.0,600x400,float32,306.6000061035156,3055.0,997.7748028589884,292.28849322336674,873c2605a7f0d6402a003820d7c6862523179b43edacdf8b012fc23769eafbf3
75,param_075,real_005,train,0.1,50.0,5.0,6.2,1.0,600x400,float32,282.70001220703125,3651.0,983.8157007570902,287.56382411231374,009e05195cbe09cae4c365a75e8400c38d02289539dbec927b9268a414721e01
76,param_076,real_001,train,0.1,50.0,5.0,62.0,0.1,600x400,float32,292.5,3256.0,986.7555716192882,275.7083336952237,ab6140db7266f4359af4a48b11f1426f26b965154f71a8e1d48d2f43c04faedb
76,param_076,real_002,train,0.1,50.0,5.0,62.0,0.1,600x400,float32,290.70001220703125,3157.0,1010.1547524328868,292.628046895159,10bc2ad784d41954bd52c55daa1fbd6e15b63a17457332bb8e9270784e959975
76,param_076,real_003,train,0.1,50.0,5.0,62.0,0.1,600x400,float32,280.20001220703125,2772.0,971.0526403252919,274.53609818285923,03fd72d10f32684bbf7c24b9560a79ba5975d42ee4c5e50c8e707e162064d987
76,param_076,real_004,train,0.1,50.0,5.0,62.0,0.1,600x400,float32,306.6000061035156,3055.0,997.7748028589884,292.28849322336674,873c2605a7f0d6402a003820d7c6862523179b43edacdf8b012fc23769eafbf3
76,param_076,real_005,train,0.1,50.0,5.0,62.0,0.1,600x400,float32,282.70001220703125,3651.0,983.8157007570902,287.56382411231374,009e05195cbe09cae4c365a75e8400c38d02289539dbec927b9268a414721e01
77,param_077,real_001,train,0.1,50.0,5.0,62.0,1.0,600x400,float32,292.5,3256.0,986.7555716192882,275.7083336952237,ab6140db7266f4359af4a48b11f1426f26b965154f71a8e1d48d2f43c04faedb
77,param_077,real_002,train,0.1,50.0,5.0,62.0,1.0,600x400,float32,290.70001220703125,3157.0,1010.1547524328868,292.628046895159,10bc2ad784d41954bd52c55daa1fbd6e15b63a17457332bb8e9270784e959975
77,param_077,real_003,train,0.1,50.0,5.0,62.0,1.0,600x400,float32,280.20001220703125,2772.0,971.0526403252919,274.53609818285923,03fd72d10f32684bbf7c24b9560a79ba5975d42ee4c5e50c8e707e162064d987
77,param_077,real_004,train,0.1,50.0,5.0,62.0,1.0,600x400,float32,306.6000061035156,3055.0,997.7748028589884,292.28849322336674,873c2605a7f0d6402a003820d7c6862523179b43edacdf8b012fc23769eafbf3
77,param_077,real_005,train,0.1,50.0,5.0,62.0,1.0,600x400,float32,282.70001220703125,3651.0,983.8157007570902,287.56382411231374,009e05195cbe09cae4c365a75e8400c38d02289539dbec927b9268a414721e01
78,param_078,real_001,train,1.0,50.0,5.0,0.62,0.1,600x400,float32,22.729999542236328,46350.0,1372.2988433292867,1439.0487451926406,7134697cf7a005c435f315c7c6eb2489de84c4f22dc21b114cdada7c6898ded5
78,param_078,real_002,train,1.0,50.0,5.0,0.62,0.1,600x400,float32,22.299999237060547,42030.0,1506.0971738500357,1639.0180115612668,4f74e42d47a5cb6479883673d39fccce6f38841f23f610e4b9c2f53856b46455
78,param_078,real_003,train,1.0,50.0,5.0,0.62,0.1,600x400,float32,19.850000381469727,27860.0,1312.8303004784584,1375.2060313548034,46b3549b49dd6f25cc2533385fc197cf400d40d962549bdcfd9ece3df9b0a9d8
78,param_078,real_004,train,1.0,50.0,5.0,0.62,0.1,600x400,float32,26.3799991607666,37910.0,1460.107498940587,1643.6358449717327,9806f8c8d4fd7635f614093c1c308898c198207129cd07aeaf09a4da8689cbbc
78,param_078,real_005,train,1.0,50.0,5.0,0.62,0.1,600x400,float32,20.420000076293945,66560.0,1396.2912600046714,1710.1553975741779,6e576fe4311a38fd2e503e7669308388961c9c1e79488048b04628da83f59542
79,param_079,real_001,train,1.0,50.0,5.0,0.62,1.0,600x400,float32,22.729999542236328,46350.0,1372.2988433292867,1439.0487451926406,7134697cf7a005c435f315c7c6eb2489de84c4f22dc21b114cdada7c6898ded5
79,param_079,real_002,train,1.0,50.0,5.0,0.62,1.0,600x400,float32,22.299999237060547,42030.0,1506.0971738500357,1639.0180115612668,4f74e42d47a5cb6479883673d39fccce6f38841f23f610e4b9c2f53856b46455
79,param_079,real_003,train,1.0,50.0,5.0,0.62,1.0,600x400,float32,19.850000381469727,27860.0,1312.8303004784584,1375.2060313548034,46b3549b49dd6f25cc2533385fc197cf400d40d962549bdcfd9ece3df9b0a9d8
79,param_079,real_004,train,1.0,50.0,5.0,0.62,1.0,600x400,float32,26.3799991607666,37910.0,1460.107498940587,1643.6358449717327,9806f8c8d4fd7635f614093c1c308898c198207129cd07aeaf09a4da8689cbbc
79,param_079,real_005,train,1.0,50.0,5.0,0.62,1.0,600x400,float32,20.420000076293945,66560.0,1396.2912600046714,1710.1553975741779,6e576fe4311a38fd2e503e7669308388961c9c1e79488048b04628da83f59542
80,param_080,real_001,test,1.0,50.0,5.0,6.2,0.1,600x400,float32,22.729999542236328,46350.0,1372.2988433292867,1439.0487451926406,7134697cf7a005c435f315c7c6eb2489de84c4f22dc21b114cdada7c6898ded5
80,param_080,real_002,test,1.0,50.0,5.0,6.2,0.1,600x400,float32,22.299999237060547,42030.0,1506.0971738500357,1639.0180115612668,4f74e42d47a5cb6479883673d39fccce6f38841f23f610e4b9c2f53856b46455
80,param_080,real_003,test,1.0,50.0,5.0,6.2,0.1,600x400,float32,19.850000381469727,27860.0,1312.8303004784584,1375.2060313548034,46b3549b49dd6f25cc2533385fc197cf400d40d962549bdcfd9ece3df9b0a9d8
80,param_080,real_004,test,1.0,50.0,5.0,6.2,0.1,600x400,float32,26.3799991607666,37910.0,1460.107498940587,1643.6358449717327,9806f8c8d4fd7635f614093c1c308898c198207129cd07aeaf09a4da8689cbbc
80,param_080,real_005,test,1.0,50.0,5.0,6.2,0.1,600x400,float32,20.420000076293945,66560.0,1396.2912600046714,1710.1553975741779,6e576fe4311a38fd2e503e7669308388961c9c1e79488048b04628da83f59542
81,param_081,real_001,test,1.0,50.0,5.0,6.2,1.0,600x400,float32,22.729999542236328,46350.0,1372.2988433292867,1439.0487451926406,7134697cf7a005c435f315c7c6eb2489de84c4f22dc21b114cdada7c6898ded5
81,param_081,real_002,test,1.0,50.0,5.0,6.2,1.0,600x400,float32,22.299999237060547,42030.0,1506.0971738500357,1639.0180115612668,4f74e42d47a5cb6479883673d39fccce6f38841f23f610e4b9c2f53856b46455
81,param_081,real_003,test,1.0,50.0,5.0,6.2,1.0,600x400,float32,19.850000381469727,27860.0,1312.8303004784584,1375.2060313548034,46b3549b49dd6f25cc2533385fc197cf400d40d962549bdcfd9ece3df9b0a9d8
81,param_081,real_004,test,1.0,50.0,5.0,6.2,1.0,600x400,float32,26.3799991607666,37910.0,1460.107498940587,1643.6358449717327,9806f8c8d4fd7635f614093c1c308898c198207129cd07aeaf09a4da8689cbbc
81,param_081,real_005,test,1.0,50.0,5.0,6.2,1.0,600x400,float32,20.420000076293945,66560.0,1396.2912600046714,1710.1553975741779,6e576fe4311a38fd2e503e7669308388961c9c1e79488048b04628da83f59542
82,param_082,real_001,val,1.0,50.0,5.0,62.0,0.1,600x400,float32,22.729999542236328,46350.0,1372.2988433292867,1439.0487451926406,7134697cf7a005c435f315c7c6eb2489de84c4f22dc21b114cdada7c6898ded5
82,param_082,real_002,val,1.0,50.0,5.0,62.0,0.1,600x400,float32,22.299999237060547,42030.0,1506.0971738500357,1639.0180115612668,4f74e42d47a5cb6479883673d39fccce6f38841f23f610e4b9c2f53856b46455
82,param_082,real_003,val,1.0,50.0,5.0,62.0,0.1,600x400,float32,19.850000381469727,27860.0,1312.8303004784584,1375.2060313548034,46b3549b49dd6f25cc2533385fc197cf400d40d962549bdcfd9ece3df9b0a9d8
82,param_082,real_004,val,1.0,50.0,5.0,62.0,0.1,600x400,float32,26.3799991607666,37910.0,1460.107498940587,1643.6358449717327,9806f8c8d4fd7635f614093c1c308898c198207129cd07aeaf09a4da8689cbbc
82,param_082,real_005,val,1.0,50.0,5.0,62.0,0.1,600x400,float32,20.420000076293945,66560.0,1396.2912600046714,1710.1553975741779,6e576fe4311a38fd2e503e7669308388961c9c1e79488048b04628da83f59542
83,param_083,real_001,train,1.0,50.0,5.0,62.0,1.0,600x400,float32,22.729999542236328,46350.0,1372.2988433292867,1439.0487451926406,7134697cf7a005c435f315c7c6eb2489de84c4f22dc21b114cdada7c6898ded5
83,param_083,real_002,train,1.0,50.0,5.0,62.0,1.0,600x400,float32,22.299999237060547,42030.0,1506.0971738500357,1639.0180115612668,4f74e42d47a5cb6479883673d39fccce6f38841f23f610e4b9c2f53856b46455
83,param_083,real_003,train,1.0,50.0,5.0,62.0,1.0,600x400,float32,19.850000381469727,27860.0,1312.8303004784584,1375.2060313548034,46b3549b49dd6f25cc2533385fc197cf400d40d962549bdcfd9ece3df9b0a9d8
83,param_083,real_004,train,1.0,50.0,5.0,62.0,1.0,600x400,float32,26.3799991607666,37910.0,1460.107498940587,1643.6358449717327,9806f8c8d4fd7635f614093c1c308898c198207129cd07aeaf09a4da8689cbbc
83,param_083,real_005,train,1.0,50.0,5.0,62.0,1.0,600x400,float32,20.420000076293945,66560.0,1396.2912600046714,1710.1553975741779,6e576fe4311a38fd2e503e7669308388961c9c1e79488048b04628da83f59542
84,param_084,real_001,train,2.0,50.0,5.0,0.62,0.1,600x400,float32,4.835000038146973,231600.0,1981.3897542541981,3721.0475367866043,e85111545228ac46cc0ea1211170ad28c2b241d6ca26dec643500563db586eba
84,param_084,real_002,train,2.0,50.0,5.0,0.62,0.1,600x400,float32,4.705999851226807,201700.0,2294.4381486212073,4296.616706331693,0495baefd46757235a025a40c74d5658ee02da136a81d3b6b2315b9ccc9d0be8
84,param_084,real_003,train,2.0,50.0,5.0,0.62,0.1,600x400,float32,3.993000030517578,112800.0,1868.5126582477033,3294.817861178019,0c1ebf39e10bf7492e1b39ba4651f2dbc620bb434c98a581a1b64ac24c695b82
84,param_084,real_004,train,2.0,50.0,5.0,0.62,0.1,600x400,float32,5.96999979019165,174300.0,2219.871710292526,4300.205751095776,342997cc379252ea523f72c222f4928f42334f971ca4eea506bb325742142db6
84,param_084,real_005,train,2.0,50.0,5.0,0.62,0.1,600x400,float32,4.1539998054504395,386300.0,2105.857307792147,5617.398058242468,72fd2bb03ea576396ccf011ca91c8e3bcab5780fb4c7577de523153333919548
85,param_085,real_001,train,2.0,50.0,5.0,0.62,1.0,600x400,float32,4.835000038146973,231600.0,1981.3897542541981,3721.0475367866043,e85111545228ac46cc0ea1211170ad28c2b241d6ca26dec643500563db586eba
85,param_085,real_002,train,2.0,50.0,5.0,0.62,1.0,600x400,float32,4.705999851226807,201700.0,2294.4381486212073,4296.616706331693,0495baefd46757235a025a40c74d5658ee02da136a81d3b6b2315b9ccc9d0be8
85,param_085,real_003,train,2.0,50.0,5.0,0.62,1.0,600x400,float32,3.993000030517578,112800.0,1868.5126582477033,3294.817861178019,0c1ebf39e10bf7492e1b39ba4651f2dbc620bb434c98a581a1b64ac24c695b82
85,param_085,real_004,train,2.0,50.0,5.0,0.62,1.0,600x400,float32,5.96999979019165,174300.0,2219.871710292526,4300.205751095776,342997cc379252ea523f72c222f4928f42334f971ca4eea506bb325742142db6
85,param_085,real_005,train,2.0,50.0,5.0,0.62,1.0,600x400,float32,4.1539998054504395,386300.0,2105.857307792147,5617.398058242468,72fd2bb03ea576396ccf011ca91c8e3bcab5780fb4c7577de523153333919548
86,param_086,real_001,train,2.0,50.0,5.0,6.2,0.1,600x400,float32,4.835000038146973,231600.0,1981.3897542541981,3721.0475367866043,e85111545228ac46cc0ea1211170ad28c2b241d6ca26dec643500563db586eba
86,param_086,real_002,train,2.0,50.0,5.0,6.2,0.1,600x400,float32,4.705999851226807,201700.0,2294.4381486212073,4296.616706331693,0495baefd46757235a025a40c74d5658ee02da136a81d3b6b2315b9ccc9d0be8
86,param_086,real_003,train,2.0,50.0,5.0,6.2,0.1,600x400,float32,3.993000030517578,112800.0,1868.5126582477033,3294.817861178019,0c1ebf39e10bf7492e1b39ba4651f2dbc620bb434c98a581a1b64ac24c695b82
86,param_086,real_004,train,2.0,50.0,5.0,6.2,0.1,600x400,float32,5.96999979019165,174300.0,2219.871710292526,4300.205751095776,342997cc379252ea523f72c222f4928f42334f971ca4eea506bb325742142db6
86,param_086,real_005,train,2.0,50.0,5.0,6.2,0.1,600x400,float32,4.1539998054504395,386300.0,2105.857307792147,5617.398058242468,72fd2bb03ea576396ccf011ca91c8e3bcab5780fb4c7577de523153333919548
87,param_087,real_001,train,2.0,50.0,5.0,6.2,1.0,600x400,float32,4.835000038146973,231600.0,1981.3897542541981,3721.0475367866043,e85111545228ac46cc0ea1211170ad28c2b241d6ca26dec643500563db586eba
87,param_087,real_002,train,2.0,50.0,5.0,6.2,1.0,600x400,float32,4.705999851226807,201700.0,2294.4381486212073,4296.616706331693,0495baefd46757235a025a40c74d5658ee02da136a81d3b6b2315b9ccc9d0be8
87,param_087,real_003,train,2.0,50.0,5.0,6.2,1.0,600x400,float32,3.993000030517578,112800.0,1868.5126582477033,3294.817861178019,0c1ebf39e10bf7492e1b39ba4651f2dbc620bb434c98a581a1b64ac24c695b82
87,param_087,real_004,train,2.0,50.0,5.0,6.2,1.0,600x400,float32,5.96999979019165,174300.0,2219.871710292526,4300.205751095776,342997cc379252ea523f72c222f4928f42334f971ca4eea506bb325742142db6
87,param_087,real_005,train,2.0,50.0,5.0,6.2,1.0,600x400,float32,4.1539998054504395,386300.0,2105.857307792147,5617.398058242468,72fd2bb03ea576396ccf011ca91c8e3bcab5780fb4c7577de523153333919548
88,param_088,real_001,train,2.0,50.0,5.0,62.0,0.1,600x400,float32,4.835000038146973,231600.0,1981.3897542541981,3721.0475367866043,e85111545228ac46cc0ea1211170ad28c2b241d6ca26dec643500563db586eba
88,param_088,real_002,train,2.0,50.0,5.0,62.0,0.1,600x400,float32,4.705999851226807,201700.0,2294.4381486212073,4296.616706331693,0495baefd46757235a025a40c74d5658ee02da136a81d3b6b2315b9ccc9d0be8
88,param_088,real_003,train,2.0,50.0,5.0,62.0,0.1,600x400,float32,3.993000030517578,112800.0,1868.5126582477033,3294.817861178019,0c1ebf39e10bf7492e1b39ba4651f2dbc620bb434c98a581a1b64ac24c695b82
88,param_088,real_004,train,2.0,50.0,5.0,62.0,0.1,600x400,float32,5.96999979019165,174300.0,2219.871710292526,4300.205751095776,342997cc379252ea523f72c222f4928f42334f971ca4eea506bb325742142db6
88,param_088,real_005,train,2.0,50.0,5.0,62.0,0.1,600x400,float32,4.1539998054504395,386300.0,2105.857307792147,5617.398058242468,72fd2bb03ea576396ccf011ca91c8e3bcab5780fb4c7577de523153333919548
89,param_089,real_001,train,2.0,50.0,5.0,62.0,1.0,600x400,float32,4.835000038146973,231600.0,1981.3897542541981,3721.0475367866043,e85111545228ac46cc0ea1211170ad28c2b241d6ca26dec643500563db586eba
89,param_089,real_002,train,2.0,50.0,5.0,62.0,1.0,600x400,float32,4.705999851226807,201700.0,2294.4381486212073,4296.616706331693,0495baefd46757235a025a40c74d5658ee02da136a81d3b6b2315b9ccc9d0be8
89,param_089,real_003,train,2.0,50.0,5.0,62.0,1.0,600x400,float32,3.993000030517578,112800.0,1868.5126582477033,3294.817861178019,0c1ebf39e10bf7492e1b39ba4651f2dbc620bb434c98a581a1b64ac24c695b82
89,param_089,real_004,train,2.0,50.0,5.0,62.0,1.0,600x400,float32,5.96999979019165,174300.0,2219.871710292526,4300.205751095776,342997cc379252ea523f72c222f4928f42334f971ca4eea506bb325742142db6
89,param_089,real_005,train,2.0,50.0,5.0,62.0,1.0,600x400,float32,4.1539998054504395,386300.0,2105.857307792147,5617.398058242468,72fd2bb03ea576396ccf011ca91c8e3bcab5780fb4c7577de523153333919548
90,param_090,real_001,test,0.1,50.0,10.0,0.62,0.1,600x400,float32,442.3999938964844,2103.0,991.8611211699168,225.3136647521176,8c6bc4669e081482455b51ba581f47b3bc963919446b5ad418e1f52b5a9b3a97
90,param_090,real_002,test,0.1,50.0,10.0,0.62,0.1,600x400,float32,338.20001220703125,2304.0,983.1356011597951,226.3118124470216,f36e9edd5660c4752a0ad212da746aac3364594720081c8eba4be7f196691aab
90,param_090,real_003,test,0.1,50.0,10.0,0.62,0.1,600x400,float32,390.79998779296875,2187.0,969.5809170154572,215.04015992130564,68998198ecfdaf3af2cf7df31c22a114d877ebea933a48b2a578c0f9cf74964d
90,param_090,real_004,test,0.1,50.0,10.0,0.62,0.1,600x400,float32,357.79998779296875,2211.0,1001.3573150048574,264.1006522195046,16c77cf33f97ba2b9e287075d312dd3adc40ee47ee6206b8e270dce1824f6dc8
90,param_090,real_005,test,0.1,50.0,10.0,0.62,0.1,600x400,float32,436.70001220703125,2963.0,980.0994749328613,253.38916669757057,06c38ea43b2aab39cfaf0dccfb430dfec2f3adf5679c9ed98081a1211962a9a1
91,param_091,real_001,test,0.1,50.0,10.0,0.62,1.0,600x400,float32,442.3999938964844,2103.0,991.8611211699168,225.3136647521176,8c6bc4669e081482455b51ba581f47b3bc963919446b5ad418e1f52b5a9b3a97
91,param_091,real_002,test,0.1,50.0,10.0,0.62,1.0,600x400,float32,338.20001220703125,2304.0,983.1356011597951,226.3118124470216,f36e9edd5660c4752a0ad212da746aac3364594720081c8eba4be7f196691aab
91,param_091,real_003,test,0.1,50.0,10.0,0.62,1.0,600x400,float32,390.79998779296875,2187.0,969.5809170154572,215.04015992130564,68998198ecfdaf3af2cf7df31c22a114d877ebea933a48b2a578c0f9cf74964d
91,param_091,real_004,test,0.1,50.0,10.0,0.62,1.0,600x400,float32,357.79998779296875,2211.0,1001.3573150048574,264.1006522195046,16c77cf33f97ba2b9e287075d312dd3adc40ee47ee6206b8e270dce1824f6dc8
91,param_091,real_005,test,0.1,50.0,10.0,0.62,1.0,600x400,float32,436.70001220703125,2963.0,980.0994749328613,253.38916669757057,06c38ea43b2aab39cfaf0dccfb430dfec2f3adf5679c9ed98081a1211962a9a1
92,param_092,real_001,val,0.1,50.0,10.0,6.2,0.1,600x400,float32,442.3999938964844,2103.0,991.8611211699168,225.3136647521176,8c6bc4669e081482455b51ba581f47b3bc963919446b5ad418e1f52b5a9b3a97
92,param_092,real_002,val,0.1,50.0,10.0,6.2,0.1,600x400,float32,338.20001220703125,2304.0,983.1356011597951,226.3118124470216,f36e9edd5660c4752a0ad212da746aac3364594720081c8eba4be7f196691aab
92,param_092,real_003,val,0.1,50.0,10.0,6.2,0.1,600x400,float32,390.79998779296875,2187.0,969.5809170154572,215.04015992130564,68998198ecfdaf3af2cf7df31c22a114d877ebea933a48b2a578c0f9cf74964d
92,param_092,real_004,val,0.1,50.0,10.0,6.2,0.1,600x400,float32,357.79998779296875,2211.0,1001.3573150048574,264.1006522195046,16c77cf33f97ba2b9e287075d312dd3adc40ee47ee6206b8e270dce1824f6dc8
92,param_092,real_005,val,0.1,50.0,10.0,6.2,0.1,600x400,float32,436.70001220703125,2963.0,980.0994749328613,253.38916669757057,06c38ea43b2aab39cfaf0dccfb430dfec2f3adf5679c9ed98081a1211962a9a1
93,param_093,real_001,train,0.1,50.0,10.0,6.2,1.0,600x400,float32,442.3999938964844,2103.0,991.8611211699168,225.3136647521176,8c6bc4669e081482455b51ba581f47b3bc963919446b5ad418e1f52b5a9b3a97
93,param_093,real_002,train,0.1,50.0,10.0,6.2,1.0,600x400,float32,338.20001220703125,2304.0,983.1356011597951,226.3118124470216,f36e9edd5660c4752a0ad212da746aac3364594720081c8eba4be7f196691aab
93,param_093,real_003,train,0.1,50.0,10.0,6.2,1.0,600x400,float32,390.79998779296875,2187.0,969.5809170154572,215.04015992130564,68998198ecfdaf3af2cf7df31c22a114d877ebea933a48b2a578c0f9cf74964d
93,param_093,real_004,train,0.1,50.0,10.0,6.2,1.0,600x400,float32,357.79998779296875,2211.0,1001.3573150048574,264.1006522195046,16c77cf33f97ba2b9e287075d312dd3adc40ee47ee6206b8e270dce1824f6dc8
93,param_093,real_005,train,0.1,50.0,10.0,6.2,1.0,600x400,float32,436.70001220703125,2963.0,980.0994749328613,253.38916669757057,06c38ea43b2aab39cfaf0dccfb430dfec2f3adf5679c9ed98081a1211962a9a1
94,param_094,real_001,train,0.1,50.0,10.0,62.0,0.1,600x400,float32,442.3999938964844,2103.0,991.8611211699168,225.3136647521176,8c6bc4669e081482455b51ba581f47b3bc963919446b5ad418e1f52b5a9b3a97
94,param_094,real_002,train,0.1,50.0,10.0,62.0,0.1,600x400,float32,338.20001220703125,2304.0,983.1356011597951,226.3118124470216,f36e9edd5660c4752a0ad212da746aac3364594720081c8eba4be7f196691aab
94,param_094,real_003,train,0.1,50.0,10.0,62.0,0.1,600x400,float32,390.79998779296875,2187.0,969.5809170154572,215.04015992130564,68998198ecfdaf3af2cf7df31c22a114d877ebea933a48b2a578c0f9cf74964d
94,param_094,real_004,train,0.1,50.0,10.0,62.0,0.1,600x400,float32,357.79998779296875,2211.0,1001.3573150048574,264.1006522195046,16c77cf33f97ba2b9e287075d312dd3adc40ee47ee6206b8e270dce1824f6dc8
94,param_094,real_005,train,0.1,50.0,10.0,62.0,0.1,600x400,float32,436.70001220703125,2963.0,980.0994749328613,253.38916669757057,06c38ea43b2aab39cfaf0dccfb430dfec2f3adf5679c9ed98081a1211962a9a1
95,param_095,real_001,train,0.1,50.0,10.0,62.0,1.0,600x400,float32,442.3999938964844,2103.0,991.8611211699168,225.3136647521176,8c6bc4669e081482455b51ba581f47b3bc963919446b5ad418e1f52b5a9b3a97
95,param_095,real_002,train,0.1,50.0,10.0,62.0,1.0,600x400,float32,338.20001220703125,2304.0,983.1356011597951,226.3118124470216,f36e9edd5660c4752a0ad212da746aac3364594720081c8eba4be7f196691aab
95,param_095,real_003,train,0.1,50.0,10.0,62.0,1.0,600x400,float32,390.79998779296875,2187.0,969.5809170154572,215.04015992130564,68998198ecfdaf3af2cf7df31c22a114d877ebea933a48b2a578c0f9cf74964d
95,param_095,real_004,train,0.1,50.0,10.0,62.0,1.0,600x400,float32,357.79998779296875,2211.0,1001.3573150048574,264.1006522195046,16c77cf33f97ba2b9e287075d312dd3adc40ee47ee6206b8e270dce1824f6dc8
95,param_095,real_005,train,0.1,50.0,10.0,62.0,1.0,600x400,float32,436.70001220703125,2963.0,980.0994749328613,253.38916669757057,06c38ea43b2aab39cfaf0dccfb430dfec2f3adf5679c9ed98081a1211962a9a1
96,param_096,real_001,train,1.0,50.0,10.0,0.62,0.1,600x400,float32,84.12000274658203,11630.0,1279.0075758543333,960.8709260111826,c49e7dc44d041398ff22ee2c7306a59f3107cfee199114d6d9405eef23d76873
96,param_096,real_002,train,1.0,50.0,10.0,0.62,0.1,600x400,float32,35.970001220703125,15520.0,1254.2800650650183,1064.9931019227333,a0fdda86332ba481e6fd59780c8b7b6f435647fa7cdc8cdac6e51e27c3b1219a
96,param_096,real_003,train,1.0,50.0,10.0,0.62,0.1,600x400,float32,56.79999923706055,13160.0,1180.5166247429213,849.2153812939137,3ff4a6230d1112f23b3534b1b709862b17ef2d063fc2ce0a4bb9d23fea0d8851
96,param_096,real_004,train,1.0,50.0,10.0,0.62,0.1,600x400,float32,43.0,13630.0,1395.6088839766344,1248.5227349446166,ab5e82dbf18acc54ee4f80ffea0940d2ff019c4d1eade8dce5ece4fd05636b0b
96,param_096,real_005,train,1.0,50.0,10.0,0.62,0.1,600x400,float32,80.7300033569336,34400.0,1323.5503602239291,1774.595495671032,ac243627a8f0e760a06fdee9655b5fde6262472d14ac1244965f4740966dbb83
97,param_097,real_001,train,1.0,50.0,10.0,0.62,1.0,600x400,float32,84.12000274658203,11630.0,1279.0075758543333,960.8709260111826,c49e7dc44d041398ff22ee2c7306a59f3107cfee199114d6d9405eef23d76873
97,param_097,real_002,train,1.0,50.0,10.0,0.62,1.0,600x400,float32,35.970001220703125,15520.0,1254.2800650650183,1064.9931019227333,a0fdda86332ba481e6fd59780c8b7b6f435647fa7cdc8cdac6e51e27c3b1219a
97,param_097,real_003,train,1.0,50.0,10.0,0.62,1.0,600x400,float32,56.79999923706055,13160.0,1180.5166247429213,849.2153812939137,3ff4a6230d1112f23b3534b1b709862b17ef2d063fc2ce0a4bb9d23fea0d8851
97,param_097,real_004,train,1.0,50.0,10.0,0.62,1.0,600x400,float32,43.0,13630.0,1395.6088839766344,1248.5227349446166,ab5e82dbf18acc54ee4f80ffea0940d2ff019c4d1eade8dce5ece4fd05636b0b
97,param_097,real_005,train,1.0,50.0,10.0,0.62,1.0,600x400,float32,80.7300033569336,34400.0,1323.5503602239291,1774.595495671032,ac243627a8f0e760a06fdee9655b5fde6262472d14ac1244965f4740966dbb83
98,param_098,real_001,train,1.0,50.0,10.0,6.2,0.1,600x400,float32,84.12000274658203,11630.0,1279.0075758543333,960.8709260111826,c49e7dc44d041398ff22ee2c7306a59f3107cfee199114d6d9405eef23d76873
98,param_098,real_002,train,1.0,50.0,10.0,6.2,0.1,600x400,float32,35.970001220703125,15520.0,1254.2800650650183,1064.9931019227333,a0fdda86332ba481e6fd59780c8b7b6f435647fa7cdc8cdac6e51e27c3b1219a
98,param_098,real_003,train,1.0,50.0,10.0,6.2,0.1,600x400,float32,56.79999923706055,13160.0,1180.5166247429213,849.2153812939137,3ff4a6230d1112f23b3534b1b709862b17ef2d063fc2ce0a4bb9d23fea0d8851
98,param_098,real_004,train,1.0,50.0,10.0,6.2,0.1,600x400,float32,43.0,13630.0,1395.6088839766344,1248.5227349446166,ab5e82dbf18acc54ee4f80ffea0940d2ff019c4d1eade8dce5ece4fd05636b0b
98,param_098,real_005,train,1.0,50.0,10.0,6.2,0.1,600x400,float32,80.7300033569336,34400.0,1323.5503602239291,1774.595495671032,ac243627a8f0e760a06fdee9655b5fde6262472d14ac1244965f4740966dbb83
99,param_099,real_001,train,1.0,50.0,10.0,6.2,1.0,600x400,float32,84.12000274658203,11630.0,1279.0075758543333,960.8709260111826,c49e7dc44d041398ff22ee2c7306a59f3107cfee199114d6d9405eef23d76873
99,param_099,real_002,train,1.0,50.0,10.0,6.2,1.0,600x400,float32,35.970001220703125,15520.0,1254.2800650650183,1064.9931019227333,a0fdda86332ba481e6fd59780c8b7b6f435647fa7cdc8cdac6e51e27c3b1219a
99,param_099,real_003,train,1.0,50.0,10.0,6.2,1.0,600x400,float32,56.79999923706055,13160.0,1180.5166247429213,849.2153812939137,3ff4a6230d1112f23b3534b1b709862b17ef2d063fc2ce0a4bb9d23fea0d8851
99,param_099,real_004,train,1.0,50.0,10.0,6.2,1.0,600x400,float32,50.75,23770.0,1605.7705455474695,1516.6362936072176,b514bb00b2d071c39dd7fa672ef37c60fe56327a66a4b0fd08a18b7d66e7354c
99,param_099,real_005,train,1.0,50.0,10.0,6.2,1.0,600x400,float32,80.7300033569336,34400.0,1323.5503602239291,1774.595495671032,ac243627a8f0e760a06fdee9655b5fde6262472d14ac1244965f4740966dbb83
100,param_100,real_001,test,1.0,50.0,10.0,62.0,0.1,600x400,float32,84.12000274658203,11630.0,1279.0075758543333,960.8709260111826,c49e7dc44d041398ff22ee2c7306a59f3107cfee199114d6d9405eef23d76873
100,param_100,real_002,test,1.0,50.0,10.0,62.0,0.1,600x400,float32,35.970001220703125,15520.0,1254.2800650650183,1064.9931019227333,a0fdda86332ba481e6fd59780c8b7b6f435647fa7cdc8cdac6e51e27c3b1219a
100,param_100,real_003,test,1.0,50.0,10.0,62.0,0.1,600x400,float32,56.79999923706055,13160.0,1180.5166247429213,849.2153812939137,3ff4a6230d1112f23b3534b1b709862b17ef2d063fc2ce0a4bb9d23fea0d8851
100,param_100,real_004,test,1.0,50.0,10.0,62.0,0.1,600x400,float32,43.0,13630.0,1395.6088839766344,1248.5227349446166,ab5e82dbf18acc54ee4f80ffea0940d2ff019c4d1eade8dce5ece4fd05636b0b
100,param_100,real_005,test,1.0,50.0,10.0,62.0,0.1,600x400,float32,80.7300033569336,34400.0,1323.5503602239291,1774.595495671032,ac243627a8f0e760a06fdee9655b5fde6262472d14ac1244965f4740966dbb83
101,param_101,real_001,test,1.0,50.0,10.0,62.0,1.0,600x400,float32,84.12000274658203,11630.0,1279.0075758543333,960.8709260111826,c49e7dc44d041398ff22ee2c7306a59f3107cfee199114d6d9405eef23d76873
101,param_101,real_002,test,1.0,50.0,10.0,62.0,1.0,600x400,float32,35.970001220703125,15520.0,1254.2800650650183,1064.9931019227333,a0fdda86332ba481e6fd59780c8b7b6f435647fa7cdc8cdac6e51e27c3b1219a
101,param_101,real_003,test,1.0,50.0,10.0,62.0,1.0,600x400,float32,56.79999923706055,13160.0,1180.5166247429213,849.2153812939137,3ff4a6230d1112f23b3534b1b709862b17ef2d063fc2ce0a4bb9d23fea0d8851
101,param_101,real_004,test,1.0,50.0,10.0,62.0,1.0,600x400,float32,43.0,13630.0,1395.6088839766344,1248.5227349446166,ab5e82dbf18acc54ee4f80ffea0940d2ff019c4d1eade8dce5ece4fd05636b0b
101,param_101,real_005,test,1.0,50.0,10.0,62.0,1.0,600x400,float32,80.7300033569336,34400.0,1323.5503602239291,1774.595495671032,ac243627a8f0e760a06fdee9655b5fde6262472d14ac1244965f4740966dbb83
102,param_102,real_001,val,2.0,50.0,10.0,0.62,0.1,600x400,float32,30.770000457763672,32770.0,1654.5186903310378,1882.1261577849607,8587066ef90ae58311a62b7d3295eb7cd00663300af20f42a9c39ac7b33650fb
102,param_102,real_002,val,2.0,50.0,10.0,0.62,0.1,600x400,float32,9.253999710083008,49300.0,1641.497003147924,2367.311934818756,ddb5e3ecf85d9f8d4aa90e7d2b509165bc2e78e13f88fef02ac4e76668afc673
102,param_102,real_003,val,2.0,50.0,10.0,0.62,0.1,600x400,float32,17.65999984741211,39040.0,1465.068616933306,1569.7580155618482,f24b9b4ee1a9931f184a4dbd5d6043274eef61542daf022a16917ba00ca96368
102,param_102,real_004,val,2.0,50.0,10.0,0.62,0.1,600x400,float32,11.90999984741211,41030.0,1958.2657316845973,2654.027559730447,7350882f6416383f7c81fe128db92180812acf53bb661bb07a6c7cf0e2fcdac6
102,param_102,real_005,val,2.0,50.0,10.0,0.62,0.1,600x400,float32,29.030000686645508,151900.0,1982.6255557288725,5689.15519085442,812cefa4efb2fc0762af7c196fbec68bb5e588b025eac9fcb53c0b68bb1bd0f1
103,param_103,real_001,train,2.0,50.0,10.0,0.62,1.0,600x400,float32,30.770000457763672,32770.0,1654.5186903310378,1882.1261577849607,8587066ef90ae58311a62b7d3295eb7cd00663300af20f42a9c39ac7b33650fb
103,param_103,real_002,train,2.0,50.0,10.0,0.62,1.0,600x400,float32,9.253999710083008,49300.0,1641.497003147924,2367.311934818756,ddb5e3ecf85d9f8d4aa90e7d2b509165bc2e78e13f88fef02ac4e76668afc673
103,param_103,real_003,train,2.0,50.0,10.0,0.62,1.0,600x400,float32,17.65999984741211,39040.0,1465.068616933306,1569.7580155618482,f24b9b4ee1a9931f184a4dbd5d6043274eef61542daf022a16917ba00ca96368
103,param_103,real_004,train,2.0,50.0,10.0,0.62,1.0,600x400,float32,11.90999984741211,41030.0,1958.2657316845973,2654.027559730447,7350882f6416383f7c81fe128db92180812acf53bb661bb07a6c7cf0e2fcdac6
103,param_103,real_005,train,2.0,50.0,10.0,0.62,1.0,600x400,float32,29.030000686645508,151900.0,1982.6255557288725,5689.15519085442,812cefa4efb2fc0762af7c196fbec68bb5e588b025eac9fcb53c0b68bb1bd0f1
104,param_104,real_001,train,2.0,50.0,10.0,6.2,0.1,600x400,float32,30.770000457763672,32770.0,1654.5186903310378,1882.1261577849607,8587066ef90ae58311a62b7d3295eb7cd00663300af20f42a9c39ac7b33650fb
104,param_104,real_002,train,2.0,50.0,10.0,6.2,0.1,600x400,float32,9.253999710083008,49300.0,1641.497003147924,2367.311934818756,ddb5e3ecf85d9f8d4aa90e7d2b509165bc2e78e13f88fef02ac4e76668afc673
104,param_104,real_003,train,2.0,50.0,10.0,6.2,0.1,600x400,float32,17.65999984741211,39040.0,1465.068616933306,1569.7580155618482,f24b9b4ee1a9931f184a4dbd5d6043274eef61542daf022a16917ba00ca96368
104,param_104,real_004,train,2.0,50.0,10.0,6.2,0.1,600x400,float32,11.90999984741211,41030.0,1958.2657316845973,2654.027559730447,7350882f6416383f7c81fe128db92180812acf53bb661bb07a6c7cf0e2fcdac6
104,param_104,real_005,train,2.0,50.0,10.0,6.2,0.1,600x400,float32,29.030000686645508,151900.0,1982.6255557288725,5689.15519085442,812cefa4efb2fc0762af7c196fbec68bb5e588b025eac9fcb53c0b68bb1bd0f1
105,param_105,real_001,train,2.0,50.0,10.0,6.2,1.0,600x400,float32,30.770000457763672,32770.0,1654.5186903310378,1882.1261577849607,8587066ef90ae58311a62b7d3295eb7cd00663300af20f42a9c39ac7b33650fb
105,param_105,real_002,train,2.0,50.0,10.0,6.2,1.0,600x400,float32,9.253999710083008,49300.0,1641.497003147924,2367.311934818756,ddb5e3ecf85d9f8d4aa90e7d2b509165bc2e78e13f88fef02ac4e76668afc673
105,param_105,real_003,train,2.0,50.0,10.0,6.2,1.0,600x400,float32,17.65999984741211,39040.0,1465.068616933306,1569.7580155618482,f24b9b4ee1a9931f184a4dbd5d6043274eef61542daf022a16917ba00ca96368
105,param_105,real_004,train,2.0,50.0,10.0,6.2,1.0,600x400,float32,11.90999984741211,41030.0,1958.2657316845973,2654.027559730447,7350882f6416383f7c81fe128db92180812acf53bb661bb07a6c7cf0e2fcdac6
105,param_105,real_005,train,2.0,50.0,10.0,6.2,1.0,600x400,float32,29.030000686645508,151900.0,1982.6255557288725,5689.15519085442,812cefa4efb2fc0762af7c196fbec68bb5e588b025eac9fcb53c0b68bb1bd0f1
106,param_106,real_001,train,2.0,50.0,10.0,62.0,0.1,600x400,float32,30.770000457763672,32770.0,1654.5186903310378,1882.1261577849607,8587066ef90ae58311a62b7d3295eb7cd00663300af20f42a9c39ac7b33650fb
106,param_106,real_002,train,2.0,50.0,10.0,62.0,0.1,600x400,float32,9.253999710083008,49300.0,1641.497003147924,2367.311934818756,ddb5e3ecf85d9f8d4aa90e7d2b509165bc2e78e13f88fef02ac4e76668afc673
106,param_106,real_003,train,2.0,50.0,10.0,62.0,0.1,600x400,float32,17.65999984741211,39040.0,1465.068616933306,1569.7580155618482,f24b9b4ee1a9931f184a4dbd5d6043274eef61542daf022a16917ba00ca96368
106,param_106,real_004,train,2.0,50.0,10.0,62.0,0.1,600x400,float32,11.90999984741211,41030.0,1958.2657316845973,2654.027559730447,7350882f6416383f7c81fe128db92180812acf53bb661bb07a6c7cf0e2fcdac6
106,param_106,real_005,train,2.0,50.0,10.0,62.0,0.1,600x400,float32,29.030000686645508,151900.0,1982.6255557288725,5689.15519085442,812cefa4efb2fc0762af7c196fbec68bb5e588b025eac9fcb53c0b68bb1bd0f1
107,param_107,real_001,train,2.0,50.0,10.0,62.0,1.0,600x400,float32,30.770000457763672,32770.0,1654.5186903310378,1882.1261577849607,8587066ef90ae58311a62b7d3295eb7cd00663300af20f42a9c39ac7b33650fb
107,param_107,real_002,train,2.0,50.0,10.0,62.0,1.0,600x400,float32,9.253999710083008,49300.0,1641.497003147924,2367.311934818756,ddb5e3ecf85d9f8d4aa90e7d2b509165bc2e78e13f88fef02ac4e76668afc673
107,param_107,real_003,train,2.0,50.0,10.0,62.0,1.0,600x400,float32,17.65999984741211,39040.0,1465.068616933306,1569.7580155618482,f24b9b4ee1a9931f184a4dbd5d6043274eef61542daf022a16917ba00ca96368
107,param_107,real_004,train,2.0,50.0,10.0,62.0,1.0,600x400,float32,11.90999984741211,41030.0,1958.2657316845973,2654.027559730447,7350882f6416383f7c81fe128db92180812acf53bb661bb07a6c7cf0e2fcdac6
107,param_107,real_005,train,2.0,50.0,10.0,62.0,1.0,600x400,float32,29.030000686645508,151900.0,1982.6255557288725,5689.15519085442,812cefa4efb2fc0762af7c196fbec68bb5e588b025eac9fcb53c0b68bb1bd0f1
108,param_108,real_001,train,0.1,500.0,1.0,0.62,0.1,600x400,float32,258.8999938964844,3391.0,989.394137404124,288.6286774895637,9301f5bc6183ae8b3beb028b4da3313f096c7334bd8507fd71eb718b8239e369
108,param_108,real_002,train,0.1,500.0,1.0,0.62,0.1,600x400,float32,287.29998779296875,3174.0,998.5476670514424,297.9319617405101,b871ee675d8b61dc0f1122e7d976ba357e6763679574fe3427b89689efc0af5a
108,param_108,real_003,train,0.1,500.0,1.0,0.62,0.1,600x400,float32,258.20001220703125,2900.0,976.6843453728994,285.1056877655752,ec93fdbd568e01d92aceabd0fecda258a624748a9ee75cc81ae2d778066ecb2a
108,param_108,real_004,train,0.1,500.0,1.0,0.62,0.1,600x400,float32,296.3999938964844,3286.0,995.5075594937642,300.4753951845461,b71d85dd03034c860d5fbaa9238e954fffc5c6dfbb8031b10b7ce9165bf5478c
108,param_108,real_005,train,0.1,500.0,1.0,0.62,0.1,600x400,float32,253.1999969482422,3801.0,986.8373332810085,293.15907339123714,fc58873d742c5c805b1d5fcbd905e97ac07c06db5d005eb1d11953283f83788d
109,param_109,real_001,train,0.1,500.0,1.0,0.62,1.0,600x400,float32,258.8999938964844,3391.0,989.394137404124,288.6286774895637,9301f5bc6183ae8b3beb028b4da3313f096c7334bd8507fd71eb718b8239e369
109,param_109,real_002,train,0.1,500.0,1.0,0.62,1.0,600x400,float32,287.29998779296875,3174.0,998.5476670514424,297.9319617405101,b871ee675d8b61dc0f1122e7d976ba357e6763679574fe3427b89689efc0af5a
109,param_109,real_003,train,0.1,500.0,1.0,0.62,1.0,600x400,float32,258.20001220703125,2900.0,976.6843453728994,285.1056877655752,ec93fdbd568e01d92aceabd0fecda258a624748a9ee75cc81ae2d778066ecb2a
109,param_109,real_004,train,0.1,500.0,1.0,0.62,1.0,600x400,float32,296.3999938964844,3286.0,995.5075594937642,300.4753951845461,b71d85dd03034c860d5fbaa9238e954fffc5c6dfbb8031b10b7ce9165bf5478c
109,param_109,real_005,train,0.1,500.0,1.0,0.62,1.0,600x400,float32,253.1999969482422,3801.0,986.8373332810085,293.15907339123714,fc58873d742c5c805b1d5fcbd905e97ac07c06db5d005eb1d11953283f83788d
110,param_110,real_001,test,0.1,500.0,1.0,6.2,0.1,600x400,float32,258.8999938964844,3391.0,989.394137404124,288.6286774895637,9301f5bc6183ae8b3beb028b4da3313f096c7334bd8507fd71eb718b8239e369
110,param_110,real_002,test,0.1,500.0,1.0,6.2,0.1,600x400,float32,287.29998779296875,3174.0,998.5476670514424,297.9319617405101,b871ee675d8b61dc0f1122e7d976ba357e6763679574fe3427b89689efc0af5a
110,param_110,real_003,test,0.1,500.0,1.0,6.2,0.1,600x400,float32,258.20001220703125,2900.0,976.6843453728994,285.1056877655752,ec93fdbd568e01d92aceabd0fecda258a624748a9ee75cc81ae2d778066ecb2a
110,param_110,real_004,test,0.1,500.0,1.0,6.2,0.1,600x400,float32,296.3999938964844,3286.0,995.5075594937642,300.4753951845461,b71d85dd03034c860d5fbaa9238e954fffc5c6dfbb8031b10b7ce9165bf5478c
110,param_110,real_005,test,0.1,500.0,1.0,6.2,0.1,600x400,float32,253.1999969482422,3801.0,986.8373332810085,293.15907339123714,fc58873d742c5c805b1d5fcbd905e97ac07c06db5d005eb1d11953283f83788d
111,param_111,real_001,test,0.1,500.0,1.0,6.2,1.0,600x400,float32,258.8999938964844,3391.0,989.394137404124,288.6286774895637,9301f5bc6183ae8b3beb028b4da3313f096c7334bd8507fd71eb718b8239e369
111,param_111,real_002,test,0.1,500.0,1.0,6.2,1.0,600x400,float32,287.29998779296875,3174.0,998.5476670514424,297.9319617405101,b871ee675d8b61dc0f1122e7d976ba357e6763679574fe3427b89689efc0af5a
111,param_111,real_003,test,0.1,500.0,1.0,6.2,1.0,600x400,float32,258.20001220703125,2900.0,976.6843453728994,285.1056877655752,ec93fdbd568e01d92aceabd0fecda258a624748a9ee75cc81ae2d778066ecb2a
111,param_111,real_004,test,0.1,500.0,1.0,6.2,1.0,600x400,float32,296.3999938964844,3286.0,995.5075594937642,300.4753951845461,b71d85dd03034c860d5fbaa9238e954fffc5c6dfbb8031b10b7ce9165bf5478c
111,param_111,real_005,test,0.1,500.0,1.0,6.2,1.0,600x400,float32,253.1999969482422,3801.0,986.8373332810085,293.15907339123714,fc58873d742c5c805b1d5fcbd905e97ac07c06db5d005eb1d11953283f83788d
112,param_112,real_001,val,0.1,500.0,1.0,62.0,0.1,600x400,float32,258.8999938964844,3391.0,989.394137404124,288.6286774895637,9301f5bc6183ae8b3beb028b4da3313f096c7334bd8507fd71eb718b8239e369
112,param_112,real_002,val,0.1,500.0,1.0,62.0,0.1,600x400,float32,287.29998779296875,3174.0,998.5476670514424,297.9319617405101,b871ee675d8b61dc0f1122e7d976ba357e6763679574fe3427b89689efc0af5a
112,param_112,real_003,val,0.1,500.0,1.0,62.0,0.1,600x400,float32,258.20001220703125,2900.0,976.6843453728994,285.1056877655752,ec93fdbd568e01d92aceabd0fecda258a624748a9ee75cc81ae2d778066ecb2a
112,param_112,real_004,val,0.1,500.0,1.0,62.0,0.1,600x400,float32,296.3999938964844,3286.0,995.5075594937642,300.4753951845461,b71d85dd03034c860d5fbaa9238e954fffc5c6dfbb8031b10b7ce9165bf5478c
112,param_112,real_005,val,0.1,500.0,1.0,62.0,0.1,600x400,float32,253.1999969482422,3801.0,986.8373332810085,293.15907339123714,fc58873d742c5c805b1d5fcbd905e97ac07c06db5d005eb1d11953283f83788d
113,param_113,real_001,train,0.1,500.0,1.0,62.0,1.0,600x400,float32,258.8999938964844,3391.0,989.394137404124,288.6286774895637,9301f5bc6183ae8b3beb028b4da3313f096c7334bd8507fd71eb718b8239e369
113,param_113,real_002,train,0.1,500.0,1.0,62.0,1.0,600x400,float32,287.29998779296875,3174.0,998.5476670514424,297.9319617405101,b871ee675d8b61dc0f1122e7d976ba357e6763679574fe3427b89689efc0af5a
113,param_113,real_003,train,0.1,500.0,1.0,62.0,1.0,600x400,float32,258.20001220703125,2900.0,976.6843453728994,285.1056877655752,ec93fdbd568e01d92aceabd0fecda258a624748a9ee75cc81ae2d778066ecb2a
113,param_113,real_004,train,0.1,500.0,1.0,62.0,1.0,600x400,float32,296.3999938964844,3286.0,995.5075594937642,300.4753951845461,b71d85dd03034c860d5fbaa9238e954fffc5c6dfbb8031b10b7ce9165bf5478c
113,param_113,real_005,train,0.1,500.0,1.0,62.0,1.0,600x400,float32,253.1999969482422,3801.0,986.8373332810085,293.15907339123714,fc58873d742c5c805b1d5fcbd905e97ac07c06db5d005eb1d11953283f83788d
114,param_114,real_001,train,1.0,500.0,1.0,0.62,0.1,600x400,float32,15.460000038146973,52730.0,1416.1245204603315,1590.4289089447848,bea0110e049d188a0f7ae6fb873996efe0732c16d5d2cf47e28515e3928b84ae
114,param_114,real_002,train,1.0,500.0,1.0,0.62,0.1,600x400,float32,21.479999542236328,42770.0,1477.063121729795,1679.2750713982155,018040a17ee8e9556d36cf8ceab81999ba069fddd13de3338481a25c192491da
114,param_114,real_003,train,1.0,500.0,1.0,0.62,0.1,600x400,float32,15.319999694824219,32150.0,1359.0344953577996,1492.2577357377897,b7211e73ed3936df850031342713f8b8ed21184e1b299a91b483001399bb4152
114,param_114,real_004,train,1.0,500.0,1.0,0.62,0.1,600x400,float32,23.709999084472656,47730.0,1474.4834662758192,1755.179001903792,c685303d835782fa15549551861ef901a7c8e29749e9271369c75061c9e290a8
114,param_114,real_005,train,1.0,500.0,1.0,0.62,0.1,600x400,float32,14.399999618530273,75640.0,1421.180156281221,1735.8809994906082,e98604c3e56d64af5ad2546b603f10a482aa24346e7dce79aaabc1e7bac02202
115,param_115,real_001,train,1.0,500.0,1.0,0.62,1.0,600x400,float32,15.460000038146973,52730.0,1416.1245204603315,1590.4289089447848,bea0110e049d188a0f7ae6fb873996efe0732c16d5d2cf47e28515e3928b84ae
115,param_115,real_002,train,1.0,500.0,1.0,0.62,1.0,600x400,float32,21.479999542236328,42770.0,1477.063121729795,1679.2750713982155,018040a17ee8e9556d36cf8ceab81999ba069fddd13de3338481a25c192491da
115,param_115,real_003,train,1.0,500.0,1.0,0.62,1.0,600x400,float32,15.319999694824219,32150.0,1359.0344953577996,1492.2577357377897,b7211e73ed3936df850031342713f8b8ed21184e1b299a91b483001399bb4152
115,param_115,real_004,train,1.0,500.0,1.0,0.62,1.0,600x400,float32,23.709999084472656,47730.0,1474.4834662758192,1755.179001903792,c685303d835782fa15549551861ef901a7c8e29749e9271369c75061c9e290a8
115,param_115,real_005,train,1.0,500.0,1.0,0.62,1.0,600x400,float32,14.399999618530273,75640.0,1421.180156281221,1735.8809994906082,e98604c3e56d64af5ad2546b603f10a482aa24346e7dce79aaabc1e7bac02202
116,param_116,real_001,train,1.0,500.0,1.0,6.2,0.1,600x400,float32,15.460000038146973,52730.0,1416.1245204603315,1590.4289089447848,bea0110e049d188a0f7ae6fb873996efe0732c16d5d2cf47e28515e3928b84ae
116,param_116,real_002,train,1.0,500.0,1.0,6.2,0.1,600x400,float32,21.479999542236328,42770.0,1477.063121729795,1679.2750713982155,018040a17ee8e9556d36cf8ceab81999ba069fddd13de3338481a25c192491da
116,param_116,real_003,train,1.0,500.0,1.0,6.2,0.1,600x400,float32,15.319999694824219,32150.0,1359.0344953577996,1492.2577357377897,b7211e73ed3936df850031342713f8b8ed21184e1b299a91b483001399bb4152
116,param_116,real_004,train,1.0,500.0,1.0,6.2,0.1,600x400,float32,23.709999084472656,47730.0,1474.4834662758192,1755.179001903792,c685303d835782fa15549551861ef901a7c8e29749e9271369c75061c9e290a8
116,param_116,real_005,train,1.0,500.0,1.0,6.2,0.1,600x400,float32,14.399999618530273,75640.0,1421.180156281221,1735.8809994906082,e98604c3e56d64af5ad2546b603f10a482aa24346e7dce79aaabc1e7bac02202
117,param_117,real_001,train,1.0,500.0,1.0,6.2,1.0,600x400,float32,15.460000038146973,52730.0,1416.1245204603315,1590.4289089447848,bea0110e049d188a0f7ae6fb873996efe0732c16d5d2cf47e28515e3928b84ae
117,param_117,real_002,train,1.0,500.0,1.0,6.2,1.0,600x400,float32,21.479999542236328,42770.0,1477.063121729795,1679.2750713982155,018040a17ee8e9556d36cf8ceab81999ba069fddd13de3338481a25c192491da
117,param_117,real_003,train,1.0,500.0,1.0,6.2,1.0,600x400,float32,15.319999694824219,32150.0,1359.0344953577996,1492.2577357377897,b7211e73ed3936df850031342713f8b8ed21184e1b299a91b483001399bb4152
117,param_117,real_004,train,1.0,500.0,1.0,6.2,1.0,600x400,float32,23.709999084472656,47730.0,1474.4834662758192,1755.179001903792,c685303d835782fa15549551861ef901a7c8e29749e9271369c75061c9e290a8
117,param_117,real_005,train,1.0,500.0,1.0,6.2,1.0,600x400,float32,14.399999618530273,75640.0,1421.180156281221,1735.8809994906082,e98604c3e56d64af5ad2546b603f10a482aa24346e7dce79aaabc1e7bac02202
118,param_118,real_001,train,1.0,500.0,1.0,62.0,0.1,600x400,float32,15.460000038146973,52730.0,1416.1245204603315,1590.4289089447848,bea0110e049d188a0f7ae6fb873996efe0732c16d5d2cf47e28515e3928b84ae
118,param_118,real_002,train,1.0,500.0,1.0,62.0,0.1,600x400,float32,21.479999542236328,42770.0,1477.063121729795,1679.2750713982155,018040a17ee8e9556d36cf8ceab81999ba069fddd13de3338481a25c192491da
118,param_118,real_003,train,1.0,500.0,1.0,62.0,0.1,600x400,float32,15.319999694824219,32150.0,1359.0344953577996,1492.2577357377897,b7211e73ed3936df850031342713f8b8ed21184e1b299a91b483001399bb4152
118,param_118,real_004,train,1.0,500.0,1.0,62.0,0.1,600x400,float32,23.709999084472656,47730.0,1474.4834662758192,1755.179001903792,c685303d835782fa15549551861ef901a7c8e29749e9271369c75061c9e290a8
118,param_118,real_005,train,1.0,500.0,1.0,62.0,0.1,600x400,float32,14.399999618530273,75640.0,1421.180156281221,1735.8809994906082,e98604c3e56d64af5ad2546b603f10a482aa24346e7dce79aaabc1e7bac02202
119,param_119,real_001,train,1.0,500.0,1.0,62.0,1.0,600x400,float32,15.460000038146973,52730.0,1416.1245204603315,1590.4289089447848,bea0110e049d188a0f7ae6fb873996efe0732c16d5d2cf47e28515e3928b84ae
119,param_119,real_002,train,1.0,500.0,1.0,62.0,1.0,600x400,float32,21.479999542236328,42770.0,1477.063121729795,1679.2750713982155,018040a17ee8e9556d36cf8ceab81999ba069fddd13de3338481a25c192491da
119,param_119,real_003,train,1.0,500.0,1.0,62.0,1.0,600x400,float32,15.319999694824219,32150.0,1359.0344953577996,1492.2577357377897,b7211e73ed3936df850031342713f8b8ed21184e1b299a91b483001399bb4152
119,param_119,real_004,train,1.0,500.0,1.0,62.0,1.0,600x400,float32,23.709999084472656,47730.0,1474.4834662758192,1755.179001903792,c685303d835782fa15549551861ef901a7c8e29749e9271369c75061c9e290a8
119,param_119,real_005,train,1.0,500.0,1.0,62.0,1.0,600x400,float32,14.399999618530273,75640.0,1421.180156281221,1735.8809994906082,e98604c3e56d64af5ad2546b603f10a482aa24346e7dce79aaabc1e7bac02202
120,param_120,real_001,test,2.0,500.0,1.0,0.62,0.1,600x400,float32,2.802999973297119,278000.0,2116.4214800787317,4329.164960824169,a739dc7c890219cc4d22211426d9d68584298650a67d1a3cc8862baff3c192d8
120,param_120,real_002,test,2.0,500.0,1.0,0.62,0.1,600x400,float32,4.464000225067139,206700.0,2267.0414547290247,4434.453868716703,1e82baa8b0a64372fa8822e8b741468ffa0169d6632f66a86f8c751f4f383ae2
120,param_120,real_003,test,2.0,500.0,1.0,0.62,0.1,600x400,float32,2.7669999599456787,138000.0,1989.6301321896772,3781.972284841284,96ea44cd1eab51ecfd7177ce13b7b71a5787ca3e7023e5a0d09a612ca570b3c1
120,param_120,real_004,test,2.0,500.0,1.0,0.62,0.1,600x400,float32,5.131999969482422,241400.0,2288.2073171416837,4913.473519367564,8aeafddec756f00dd76875ab3d8828d6060aa0124c3a3f43238a547cc06a2e1e
120,param_120,real_005,test,2.0,500.0,1.0,0.62,0.1,600x400,float32,2.5369999408721924,463000.0,2165.111591295565,5679.342262003321,e0cd96cfe45c64edc3e4cf998cf895b50008ad5640d4d62df37a09163b3a24a1
121,param_121,real_001,test,2.0,500.0,1.0,0.62,1.0,600x400,float32,2.802999973297119,278000.0,2116.4214800787317,4329.164960824169,a739dc7c890219cc4d22211426d9d68584298650a67d1a3cc8862baff3c192d8
121,param_121,real_002,test,2.0,500.0,1.0,0.62,1.0,600x400,float32,4.464000225067139,206700.0,2267.0414547290247,4434.453868716703,1e82baa8b0a64372fa8822e8b741468ffa0169d6632f66a86f8c751f4f383ae2
121,param_121,real_003,test,2.0,500.0,1.0,0.62,1.0,600x400,float32,2.7669999599456787,138000.0,1989.6301321896772,3781.972284841284,96ea44cd1eab51ecfd7177ce13b7b71a5787ca3e7023e5a0d09a612ca570b3c1
121,param_121,real_004,test,2.0,500.0,1.0,0.62,1.0,600x400,float32,5.131999969482422,241400.0,2288.2073171416837,4913.473519367564,8aeafddec756f00dd76875ab3d8828d6060aa0124c3a3f43238a547cc06a2e1e
121,param_121,real_005,test,2.0,500.0,1.0,0.62,1.0,600x400,float32,2.5369999408721924,463000.0,2165.111591295565,5679.342262003321,e0cd96cfe45c64edc3e4cf998cf895b50008ad5640d4d62df37a09163b3a24a1
122,param_122,real_001,val,2.0,500.0,1.0,6.2,0.1,600x400,float32,2.802999973297119,278000.0,2116.4214800787317,4329.164960824169,a739dc7c890219cc4d22211426d9d68584298650a67d1a3cc8862baff3c192d8
122,param_122,real_002,val,2.0,500.0,1.0,6.2,0.1,600x400,float32,4.464000225067139,206700.0,2267.0414547290247,4434.453868716703,1e82baa8b0a64372fa8822e8b741468ffa0169d6632f66a86f8c751f4f383ae2
122,param_122,real_003,val,2.0,500.0,1.0,6.2,0.1,600x400,float32,2.7669999599456787,138000.0,1989.6301321896772,3781.972284841284,96ea44cd1eab51ecfd7177ce13b7b71a5787ca3e7023e5a0d09a612ca570b3c1
122,param_122,real_004,val,2.0,500.0,1.0,6.2,0.1,600x400,float32,5.131999969482422,241400.0,2288.2073171416837,4913.473519367564,8aeafddec756f00dd76875ab3d8828d6060aa0124c3a3f43238a547cc06a2e1e
122,param_122,real_005,val,2.0,500.0,1.0,6.2,0.1,600x400,float32,2.5369999408721924,463000.0,2165.111591295565,5679.342262003321,e0cd96cfe45c64edc3e4cf998cf895b50008ad5640d4d62df37a09163b3a24a1
123,param_123,real_001,train,2.0,500.0,1.0,6.2,1.0,600x400,float32,2.802999973297119,278000.0,2116.4214800787317,4329.164960824169,a739dc7c890219cc4d22211426d9d68584298650a67d1a3cc8862baff3c192d8
123,param_123,real_002,train,2.0,500.0,1.0,6.2,1.0,600x400,float32,4.464000225067139,206700.0,2267.0414547290247,4434.453868716703,1e82baa8b0a64372fa8822e8b741468ffa0169d6632f66a86f8c751f4f383ae2
123,param_123,real_003,train,2.0,500.0,1.0,6.2,1.0,600x400,float32,2.7669999599456787,138000.0,1989.6301321896772,3781.972284841284,96ea44cd1eab51ecfd7177ce13b7b71a5787ca3e7023e5a0d09a612ca570b3c1
123,param_123,real_004,train,2.0,500.0,1.0,6.2,1.0,600x400,float32,5.131999969482422,241400.0,2288.2073171416837,4913.473519367564,8aeafddec756f00dd76875ab3d8828d6060aa0124c3a3f43238a547cc06a2e1e
123,param_123,real_005,train,2.0,500.0,1.0,6.2,1.0,600x400,float32,2.5369999408721924,463000.0,2165.111591295565,5679.342262003321,e0cd96cfe45c64edc3e4cf998cf895b50008ad5640d4d62df37a09163b3a24a1
124,param_124,real_001,train,2.0,500.0,1.0,62.0,0.1,600x400,float32,2.802999973297119,278000.0,2116.4214800787317,4329.164960824169,a739dc7c890219cc4d22211426d9d68584298650a67d1a3cc8862baff3c192d8
124,param_124,real_002,train,2.0,500.0,1.0,62.0,0.1,600x400,float32,4.464000225067139,206700.0,2267.0414547290247,4434.453868716703,1e82baa8b0a64372fa8822e8b741468ffa0169d6632f66a86f8c751f4f383ae2
124,param_124,real_003,train,2.0,500.0,1.0,62.0,0.1,600x400,float32,2.7669999599456787,138000.0,1989.6301321896772,3781.972284841284,96ea44cd1eab51ecfd7177ce13b7b71a5787ca3e7023e5a0d09a612ca570b3c1
124,param_124,real_004,train,2.0,500.0,1.0,62.0,0.1,600x400,float32,5.131999969482422,241400.0,2288.2073171416837,4913.473519367564,8aeafddec756f00dd76875ab3d8828d6060aa0124c3a3f43238a547cc06a2e1e
124,param_124,real_005,train,2.0,500.0,1.0,62.0,0.1,600x400,float32,2.5369999408721924,463000.0,2165.111591295565,5679.342262003321,e0cd96cfe45c64edc3e4cf998cf895b50008ad5640d4d62df37a09163b3a24a1
125,param_125,real_001,train,2.0,500.0,1.0,62.0,1.0,600x400,float32,2.802999973297119,278000.0,2116.4214800787317,4329.164960824169,a739dc7c890219cc4d22211426d9d68584298650a67d1a3cc8862baff3c192d8
125,param_125,real_002,train,2.0,500.0,1.0,62.0,1.0,600x400,float32,4.464000225067139,206700.0,2267.0414547290247,4434.453868716703,1e82baa8b0a64372fa8822e8b741468ffa0169d6632f66a86f8c751f4f383ae2
125,param_125,real_003,train,2.0,500.0,1.0,62.0,1.0,600x400,float32,2.7669999599456787,138000.0,1989.6301321896772,3781.972284841284,96ea44cd1eab51ecfd7177ce13b7b71a5787ca3e7023e5a0d09a612ca570b3c1
125,param_125,real_004,train,2.0,500.0,1.0,62.0,1.0,600x400,float32,5.131999969482422,241400.0,2288.2073171416837,4913.473519367564,8aeafddec756f00dd76875ab3d8828d6060aa0124c3a3f43238a547cc06a2e1e
125,param_125,real_005,train,2.0,500.0,1.0,62.0,1.0,600x400,float32,2.5369999408721924,463000.0,2165.111591295565,5679.342262003321,e0cd96cfe45c64edc3e4cf998cf895b50008ad5640d4d62df37a09163b3a24a1
126,param_126,real_001,train,0.1,500.0,5.0,0.62,0.1,600x400,float32,326.8999938964844,2886.0,980.3607811860403,259.82990069198405,09932145503ff5d54a211524943c571aead17e8948b38d05840c09d1ad62ec81
126,param_126,real_002,train,0.1,500.0,5.0,0.62,0.1,600x400,float32,324.20001220703125,2941.0,1005.6446582368214,276.0340714148871,eaedf5a9212594813365059ffdd4c80df89499d7c434681151a12c2d256c60f6
126,param_126,real_003,train,0.1,500.0,5.0,0.62,0.1,600x400,float32,272.6000061035156,2691.0,969.2353253425598,257.6179323345056,c2f4233ec8e88a765142cf1192cf1e64cb35bff73f908e139f7dcbab28798459
126,param_126,real_004,train,0.1,500.0,5.0,0.62,0.1,600x400,float32,306.70001220703125,2765.0,995.3319653338115,276.00911334872507,c3b56c59f7027198ab6de47d298c9231047321c72f4bbd3422db49ce4dbd55ab
126,param_126,real_005,train,0.1,500.0,5.0,0.62,0.1,600x400,float32,285.29998779296875,3465.0,978.2164636966705,268.9434197215753,394831028a9d71aa0b5a2314385b9171f6fe768438aab490015c74c298b0a2dc
127,param_127,real_001,train,0.1,500.0,5.0,0.62,1.0,600x400,float32,326.8999938964844,2886.0,980.3607811860403,259.82990069198405,09932145503ff5d54a211524943c571aead17e8948b38d05840c09d1ad62ec81
127,param_127,real_002,train,0.1,500.0,5.0,0.62,1.0,600x400,float32,324.20001220703125,2941.0,1005.6446582368214,276.0340714148871,eaedf5a9212594813365059ffdd4c80df89499d7c434681151a12c2d256c60f6
127,param_127,real_003,train,0.1,500.0,5.0,0.62,1.0,600x400,float32,272.6000061035156,2691.0,969.2353253425598,257.6179323345056,c2f4233ec8e88a765142cf1192cf1e64cb35bff73f908e139f7dcbab28798459
127,param_127,real_004,train,0.1,500.0,5.0,0.62,1.0,600x400,float32,306.70001220703125,2765.0,995.3319653338115,276.00911334872507,c3b56c59f7027198ab6de47d298c9231047321c72f4bbd3422db49ce4dbd55ab
127,param_127,real_005,train,0.1,500.0,5.0,0.62,1.0,600x400,float32,285.29998779296875,3465.0,978.2164636966705,268.9434197215753,394831028a9d71aa0b5a2314385b9171f6fe768438aab490015c74c298b0a2dc
128,param_128,real_001,train,0.1,500.0,5.0,6.2,0.1,600x400,float32,326.8999938964844,2886.0,980.3607811860403,259.82990069198405,09932145503ff5d54a211524943c571aead17e8948b38d05840c09d1ad62ec81
128,param_128,real_002,train,0.1,500.0,5.0,6.2,0.1,600x400,float32,324.20001220703125,2941.0,1005.6446582368214,276.0340714148871,eaedf5a9212594813365059ffdd4c80df89499d7c434681151a12c2d256c60f6
128,param_128,real_003,train,0.1,500.0,5.0,6.2,0.1,600x400,float32,272.6000061035156,2691.0,969.2353253425598,257.6179323345056,c2f4233ec8e88a765142cf1192cf1e64cb35bff73f908e139f7dcbab28798459
128,param_128,real_004,train,0.1,500.0,5.0,6.2,0.1,600x400,float32,306.70001220703125,2765.0,995.3319653338115,276.00911334872507,c3b56c59f7027198ab6de47d298c9231047321c72f4bbd3422db49ce4dbd55ab
128,param_128,real_005,train,0.1,500.0,5.0,6.2,0.1,600x400,float32,285.29998779296875,3465.0,978.2164636966705,268.9434197215753,394831028a9d71aa0b5a2314385b9171f6fe768438aab490015c74c298b0a2dc
129,param_129,real_001,train,0.1,500.0,5.0,6.2,1.0,600x400,float32,326.8999938964844,2886.0,980.3607811860403,259.82990069198405,09932145503ff5d54a211524943c571aead17e8948b38d05840c09d1ad62ec81
129,param_129,real_002,train,0.1,500.0,5.0,6.2,1.0,600x400,float32,324.20001220703125,2941.0,1005.6446582368214,276.0340714148871,eaedf5a9212594813365059ffdd4c80df89499d7c434681151a12c2d256c60f6
129,param_129,real_003,train,0.1,500.0,5.0,6.2,1.0,600x400,float32,272.6000061035156,2691.0,969.2353253425598,257.6179323345056,c2f4233ec8e88a765142cf1192cf1e64cb35bff73f908e139f7dcbab28798459
129,param_129,real_004,train,0.1,500.0,5.0,6.2,1.0,600x400,float32,306.70001220703125,2765.0,995.3319653338115,276.00911334872507,c3b56c59f7027198ab6de47d298c9231047321c72f4bbd3422db49ce4dbd55ab
129,param_129,real_005,train,0.1,500.0,5.0,6.2,1.0,600x400,float32,285.29998779296875,3465.0,978.2164636966705,268.9434197215753,394831028a9d71aa0b5a2314385b9171f6fe768438aab490015c74c298b0a2dc
130,param_130,real_001,test,0.1,500.0,5.0,62.0,0.1,600x400,float32,326.8999938964844,2886.0,980.3607811860403,259.82990069198405,09932145503ff5d54a211524943c571aead17e8948b38d05840c09d1ad62ec81
130,param_130,real_002,test,0.1,500.0,5.0,62.0,0.1,600x400,float32,324.20001220703125,2941.0,1005.6446582368214,276.0340714148871,eaedf5a9212594813365059ffdd4c80df89499d7c434681151a12c2d256c60f6
130,param_130,real_003,test,0.1,500.0,5.0,62.0,0.1,600x400,float32,272.6000061035156,2691.0,969.2353253425598,257.6179323345056,c2f4233ec8e88a765142cf1192cf1e64cb35bff73f908e139f7dcbab28798459
130,param_130,real_004,test,0.1,500.0,5.0,62.0,0.1,600x400,float32,306.70001220703125,2765.0,995.3319653338115,276.00911334872507,c3b56c59f7027198ab6de47d298c9231047321c72f4bbd3422db49ce4dbd55ab
130,param_130,real_005,test,0.1,500.0,5.0,62.0,0.1,600x400,float32,285.29998779296875,3465.0,978.2164636966705,268.9434197215753,394831028a9d71aa0b5a2314385b9171f6fe768438aab490015c74c298b0a2dc
131,param_131,real_001,test,0.1,500.0,5.0,62.0,1.0,600x400,float32,326.8999938964844,2886.0,980.3607811860403,259.82990069198405,09932145503ff5d54a211524943c571aead17e8948b38d05840c09d1ad62ec81
131,param_131,real_002,test,0.1,500.0,5.0,62.0,1.0,600x400,float32,324.20001220703125,2941.0,1005.6446582368214,276.0340714148871,eaedf5a9212594813365059ffdd4c80df89499d7c434681151a12c2d256c60f6
131,param_131,real_003,test,0.1,500.0,5.0,62.0,1.0,600x400,float32,272.6000061035156,2691.0,969.2353253425598,257.6179323345056,c2f4233ec8e88a765142cf1192cf1e64cb35bff73f908e139f7dcbab28798459
131,param_131,real_004,test,0.1,500.0,5.0,62.0,1.0,600x400,float32,306.70001220703125,2765.0,995.3319653338115,276.00911334872507,c3b56c59f7027198ab6de47d298c9231047321c72f4bbd3422db49ce4dbd55ab
131,param_131,real_005,test,0.1,500.0,5.0,62.0,1.0,600x400,float32,285.29998779296875,3465.0,978.2164636966705,268.9434197215753,394831028a9d71aa0b5a2314385b9171f6fe768438aab490015c74c298b0a2dc
132,param_132,real_001,val,1.0,500.0,5.0,0.62,0.1,600x400,float32,32.29999923706055,31640.0,1311.6463449261507,1281.07555422404,1c2b8979ed070ec09093755b3c5bda2d9540024bed86df9fc52ef7f4dd490c53
132,param_132,real_002,val,1.0,500.0,5.0,0.62,0.1,600x400,float32,31.479999542236328,33600.0,1446.547149674956,1478.6458202354156,d392d61dc940b792faa1b96c3dbcada79bc85759e33791cacd7e66ca14f4bf08
132,param_132,real_003,val,1.0,500.0,5.0,0.62,0.1,600x400,float32,18.200000762939453,25370.0,1267.4424584745566,1233.856260647984,9ca8d51026a58c3739f36be78fbd0a4e0a5d6185b6da590e68829a1d17347d32
132,param_132,real_004,val,1.0,500.0,5.0,0.62,0.1,600x400,float32,26.399999618530273,27650.0,1407.696343051044,1454.5046215276475,f4d293e3de2cd3ad3054ed60604712ab13e505aa1106ab98a14a9a70c451fbc4
132,param_132,real_005,val,1.0,500.0,5.0,0.62,0.1,600x400,float32,21.0,56440.0,1329.8811836398124,1514.8078445774524,6fb28611010480bd418bc910ebb32bfb62dc2f0958af4e6cd7ee827640e47232
133,param_133,real_001,train,1.0,500.0,5.0,0.62,1.0,600x400,float32,32.29999923706055,31640.0,1311.6463449261507,1281.07555422404,1c2b8979ed070ec09093755b3c5bda2d9540024bed86df9fc52ef7f4dd490c53
133,param_133,real_002,train,1.0,500.0,5.0,0.62,1.0,600x400,float32,31.479999542236328,33600.0,1446.547149674956,1478.6458202354156,d392d61dc940b792faa1b96c3dbcada79bc85759e33791cacd7e66ca14f4bf08
133,param_133,real_003,train,1.0,500.0,5.0,0.62,1.0,600x400,float32,18.200000762939453,25370.0,1267.4424584745566,1233.856260647984,9ca8d51026a58c3739f36be78fbd0a4e0a5d6185b6da590e68829a1d17347d32
133,param_133,real_004,train,1.0,500.0,5.0,0.62,1.0,600x400,float32,26.399999618530273,27650.0,1407.696343051044,1454.5046215276475,f4d293e3de2cd3ad3054ed60604712ab13e505aa1106ab98a14a9a70c451fbc4
133,param_133,real_005,train,1.0,500.0,5.0,0.62,1.0,600x400,float32,21.0,56440.0,1329.8811836398124,1514.8078445774524,6fb28611010480bd418bc910ebb32bfb62dc2f0958af4e6cd7ee827640e47232
134,param_134,real_001,train,1.0,500.0,5.0,6.2,0.1,600x400,float32,32.29999923706055,31640.0,1311.6463449261507,1281.07555422404,1c2b8979ed070ec09093755b3c5bda2d9540024bed86df9fc52ef7f4dd490c53
134,param_134,real_002,train,1.0,500.0,5.0,6.2,0.1,600x400,float32,31.479999542236328,33600.0,1446.547149674956,1478.6458202354156,d392d61dc940b792faa1b96c3dbcada79bc85759e33791cacd7e66ca14f4bf08
134,param_134,real_003,train,1.0,500.0,5.0,6.2,0.1,600x400,float32,18.200000762939453,25370.0,1267.4424584745566,1233.856260647984,9ca8d51026a58c3739f36be78fbd0a4e0a5d6185b6da590e68829a1d17347d32
134,param_134,real_004,train,1.0,500.0,5.0,6.2,0.1,600x400,float32,26.399999618530273,27650.0,1407.696343051044,1454.5046215276475,f4d293e3de2cd3ad3054ed60604712ab13e505aa1106ab98a14a9a70c451fbc4
134,param_134,real_005,train,1.0,500.0,5.0,6.2,0.1,600x400,float32,21.0,56440.0,1329.8811836398124,1514.8078445774524,6fb28611010480bd418bc910ebb32bfb62dc2f0958af4e6cd7ee827640e47232
135,param_135,real_001,train,1.0,500.0,5.0,6.2,1.0,600x400,float32,32.29999923706055,31640.0,1311.6463449261507,1281.07555422404,1c2b8979ed070ec09093755b3c5bda2d9540024bed86df9fc52ef7f4dd490c53
135,param_135,real_002,train,1.0,500.0,5.0,6.2,1.0,600x400,float32,31.479999542236328,33600.0,1446.547149674956,1478.6458202354156,d392d61dc940b792faa1b96c3dbcada79bc85759e33791cacd7e66ca14f4bf08
135,param_135,real_003,train,1.0,500.0,5.0,6.2,1.0,600x400,float32,18.200000762939453,25370.0,1267.4424584745566,1233.856260647984,9ca8d51026a58c3739f36be78fbd0a4e0a5d6185b6da590e68829a1d17347d32
135,param_135,real_004,train,1.0,500.0,5.0,6.2,1.0,600x400,float32,26.399999618530273,27650.0,1407.696343051044,1454.5046215276475,f4d293e3de2cd3ad3054ed60604712ab13e505aa1106ab98a14a9a70c451fbc4
135,param_135,real_005,train,1.0,500.0,5.0,6.2,1.0,600x400,float32,21.0,56440.0,1329.8811836398124,1514.8078445774524,6fb28611010480bd418bc910ebb32bfb62dc2f0958af4e6cd7ee827640e47232
136,param_136,real_001,train,1.0,500.0,5.0,62.0,0.1,600x400,float32,32.29999923706055,31640.0,1311.6463449261507,1281.07555422404,1c2b8979ed070ec09093755b3c5bda2d9540024bed86df9fc52ef7f4dd490c53
136,param_136,real_002,train,1.0,500.0,5.0,62.0,0.1,600x400,float32,31.479999542236328,33600.0,1446.547149674956,1478.6458202354156,d392d61dc940b792faa1b96c3dbcada79bc85759e33791cacd7e66ca14f4bf08
136,param_136,real_003,train,1.0,500.0,5.0,62.0,0.1,600x400,float32,18.200000762939453,25370.0,1267.4424584745566,1233.856260647984,9ca8d51026a58c3739f36be78fbd0a4e0a5d6185b6da590e68829a1d17347d32
136,param_136,real_004,train,1.0,500.0,5.0,62.0,0.1,600x400,float32,26.399999618530273,27650.0,1407.696343051044,1454.5046215276475,f4d293e3de2cd3ad3054ed60604712ab13e505aa1106ab98a14a9a70c451fbc4
136,param_136,real_005,train,1.0,500.0,5.0,62.0,0.1,600x400,float32,21.0,56440.0,1329.8811836398124,1514.8078445774524,6fb28611010480bd418bc910ebb32bfb62dc2f0958af4e6cd7ee827640e47232
137,param_137,real_001,train,1.0,500.0,5.0,62.0,1.0,600x400,float32,32.29999923706055,31640.0,1311.6463449261507,1281.07555422404,1c2b8979ed070ec09093755b3c5bda2d9540024bed86df9fc52ef7f4dd490c53
137,param_137,real_002,train,1.0,500.0,5.0,62.0,1.0,600x400,float32,31.479999542236328,33600.0,1446.547149674956,1478.6458202354156,d392d61dc940b792faa1b96c3dbcada79bc85759e33791cacd7e66ca14f4bf08
137,param_137,real_003,train,1.0,500.0,5.0,62.0,1.0,600x400,float32,18.200000762939453,25370.0,1267.4424584745566,1233.856260647984,9ca8d51026a58c3739f36be78fbd0a4e0a5d6185b6da590e68829a1d17347d32
137,param_137,real_004,train,1.0,500.0,5.0,62.0,1.0,600x400,float32,26.399999618530273,27650.0,1407.696343051044,1454.5046215276475,f4d293e3de2cd3ad3054ed60604712ab13e505aa1106ab98a14a9a70c451fbc4
137,param_137,real_005,train,1.0,500.0,5.0,62.0,1.0,600x400,float32,21.0,56440.0,1329.8811836398124,1514.8078445774524,6fb28611010480bd418bc910ebb32bfb62dc2f0958af4e6cd7ee827640e47232
138,param_138,real_001,train,2.0,500.0,5.0,0.62,0.1,600x400,float32,7.948999881744385,135000.0,1820.6205303408285,3078.0398644031848,5ab95978fd4949fec53475af78ab38a2238c2152445c43fc2fdae395b60ab5e9
138,param_138,real_002,train,2.0,500.0,5.0,0.62,0.1,600x400,float32,7.664999961853027,147000.0,2123.856073934573,3674.9935979066963,bc94f7198dba33e1a7ada8ad821551ea8ac91cc2083bbb16f4addd23a75a885f
138,param_138,real_003,train,2.0,500.0,5.0,0.62,0.1,600x400,float32,3.5299999713897705,98760.0,1736.4222508735816,2839.01789954736,7023ac4f8762a777814f9196b96228ddaed159a2891d84bd8755ac7152dba913
138,param_138,real_004,train,2.0,500.0,5.0,0.62,0.1,600x400,float32,5.97599983215332,111500.0,2053.088649088196,3539.7159471179766,c36ed72952ba17cbb4cffd5f182dde59b782bdf6360fd0a336b13dddee24d339
138,param_138,real_005,train,2.0,500.0,5.0,0.62,0.1,600x400,float32,4.324999809265137,306000.0,1916.8814990876733,4667.883187338979,e7ad537667219e540bea0e4a2d193be4c351ef49d2c6c3e6ebc848708c62468e
139,param_139,real_001,train,2.0,500.0,5.0,0.62,1.0,600x400,float32,7.948999881744385,135000.0,1820.6205303408285,3078.0398644031848,5ab95978fd4949fec53475af78ab38a2238c2152445c43fc2fdae395b60ab5e9
139,param_139,real_002,train,2.0,500.0,5.0,0.62,1.0,600x400,float32,7.664999961853027,147000.0,2123.856073934573,3674.9935979066963,bc94f7198dba33e1a7ada8ad821551ea8ac91cc2083bbb16f4addd23a75a885f
139,param_139,real_003,train,2.0,500.0,5.0,0.62,1.0,600x400,float32,3.5299999713897705,98760.0,1736.4222508735816,2839.01789954736,7023ac4f8762a777814f9196b96228ddaed159a2891d84bd8755ac7152dba913
139,param_139,real_004,train,2.0,500.0,5.0,0.62,1.0,600x400,float32,5.97599983215332,111500.0,2053.088649088196,3539.7159471179766,c36ed72952ba17cbb4cffd5f182dde59b782bdf6360fd0a336b13dddee24d339
139,param_139,real_005,train,2.0,500.0,5.0,0.62,1.0,600x400,float32,4.324999809265137,306000.0,1916.8814990876733,4667.883187338979,e7ad537667219e540bea0e4a2d193be4c351ef49d2c6c3e6ebc848708c62468e
140,param_140,real_001,test,2.0,500.0,5.0,6.2,0.1,600x400,float32,7.948999881744385,135000.0,1820.6205303408285,3078.0398644031848,5ab95978fd4949fec53475af78ab38a2238c2152445c43fc2fdae395b60ab5e9
140,param_140,real_002,test,2.0,500.0,5.0,6.2,0.1,600x400,float32,7.664999961853027,147000.0,2123.856073934573,3674.9935979066963,bc94f7198dba33e1a7ada8ad821551ea8ac91cc2083bbb16f4addd23a75a885f
140,param_140,real_003,test,2.0,500.0,5.0,6.2,0.1,600x400,float32,3.5299999713897705,98760.0,1736.4222508735816,2839.01789954736,7023ac4f8762a777814f9196b96228ddaed159a2891d84bd8755ac7152dba913
140,param_140,real_004,test,2.0,500.0,5.0,6.2,0.1,600x400,float32,5.97599983215332,111500.0,2053.088649088196,3539.7159471179766,c36ed72952ba17cbb4cffd5f182dde59b782bdf6360fd0a336b13dddee24d339
140,param_140,real_005,test,2.0,500.0,5.0,6.2,0.1,600x400,float32,4.324999809265137,306000.0,1916.8814990876733,4667.883187338979,e7ad537667219e540bea0e4a2d193be4c351ef49d2c6c3e6ebc848708c62468e
141,param_141,real_001,test,2.0,500.0,5.0,6.2,1.0,600x400,float32,7.948999881744385,135000.0,1820.6205303408285,3078.0398644031848,5ab95978fd4949fec53475af78ab38a2238c2152445c43fc2fdae395b60ab5e9
141,param_141,real_002,test,2.0,500.0,5.0,6.2,1.0,600x400,float32,7.664999961853027,147000.0,2123.856073934573,3674.9935979066963,bc94f7198dba33e1a7ada8ad821551ea8ac91cc2083bbb16f4addd23a75a885f
141,param_141,real_003,test,2.0,500.0,5.0,6.2,1.0,600x400,float32,3.5299999713897705,98760.0,1736.4222508735816,2839.01789954736,7023ac4f8762a777814f9196b96228ddaed159a2891d84bd8755ac7152dba913
141,param_141,real_004,test,2.0,500.0,5.0,6.2,1.0,600x400,float32,5.97599983215332,111500.0,2053.088649088196,3539.7159471179766,c36ed72952ba17cbb4cffd5f182dde59b782bdf6360fd0a336b13dddee24d339
141,param_141,real_005,test,2.0,500.0,5.0,6.2,1.0,600x400,float32,4.324999809265137,306000.0,1916.8814990876733,4667.883187338979,e7ad537667219e540bea0e4a2d193be4c351ef49d2c6c3e6ebc848708c62468e
142,param_142,real_001,val,2.0,500.0,5.0,62.0,0.1,600x400,float32,7.948999881744385,135000.0,1820.6205303408285,3078.0398644031848,5ab95978fd4949fec53475af78ab38a2238c2152445c43fc2fdae395b60ab5e9
142,param_142,real_002,val,2.0,500.0,5.0,62.0,0.1,600x400,float32,7.664999961853027,147000.0,2123.856073934573,3674.9935979066963,bc94f7198dba33e1a7ada8ad821551ea8ac91cc2083bbb16f4addd23a75a885f
142,param_142,real_003,val,2.0,500.0,5.0,62.0,0.1,600x400,float32,3.5299999713897705,98760.0,1736.4222508735816,2839.01789954736,7023ac4f8762a777814f9196b96228ddaed159a2891d84bd8755ac7152dba913
142,param_142,real_004,val,2.0,500.0,5.0,62.0,0.1,600x400,float32,5.97599983215332,111500.0,2053.088649088196,3539.7159471179766,c36ed72952ba17cbb4cffd5f182dde59b782bdf6360fd0a336b13dddee24d339
142,param_142,real_005,val,2.0,500.0,5.0,62.0,0.1,600x400,float32,4.324999809265137,306000.0,1916.8814990876733,4667.883187338979,e7ad537667219e540bea0e4a2d193be4c351ef49d2c6c3e6ebc848708c62468e
143,param_143,real_001,train,2.0,500.0,5.0,62.0,1.0,600x400,float32,7.948999881744385,135000.0,1820.6205303408285,3078.0398644031848,5ab95978fd4949fec53475af78ab38a2238c2152445c43fc2fdae395b60ab5e9
143,param_143,real_002,train,2.0,500.0,5.0,62.0,1.0,600x400,float32,7.664999961853027,147000.0,2123.856073934573,3674.9935979066963,bc94f7198dba33e1a7ada8ad821551ea8ac91cc2083bbb16f4addd23a75a885f
143,param_143,real_003,train,2.0,500.0,5.0,62.0,1.0,600x400,float32,3.5299999713897705,98760.0,1736.4222508735816,2839.01789954736,7023ac4f8762a777814f9196b96228ddaed159a2891d84bd8755ac7152dba913
143,param_143,real_004,train,2.0,500.0,5.0,62.0,1.0,600x400,float32,5.97599983215332,111500.0,2053.088649088196,3539.7159471179766,c36ed72952ba17cbb4cffd5f182dde59b782bdf6360fd0a336b13dddee24d339
143,param_143,real_005,train,2.0,500.0,5.0,62.0,1.0,600x400,float32,4.324999809265137,306000.0,1916.8814990876733,4667.883187338979,e7ad537667219e540bea0e4a2d193be4c351ef49d2c6c3e6ebc848708c62468e
144,param_144,real_001,train,0.1,500.0,10.0,0.62,0.1,600x400,float32,448.79998779296875,2134.0,988.8749699026744,221.64897765470639,c9c94e93feb7ba4dd144377c24e7a2cff2978dec23ede29c6a1ee65eebec9b80
144,param_144,real_002,train,0.1,500.0,10.0,0.62,0.1,600x400,float32,346.70001220703125,2272.0,980.3494561253866,221.52613974577855,11f1e378a837c8266e5e648d3202061f6612d7779b142740c095fb62a9cdc20c
144,param_144,real_003,train,0.1,500.0,10.0,0.62,0.1,600x400,float32,401.79998779296875,2182.0,969.6444773662568,210.967380417744,22b14b7d18693a4e19619f637aab9eb28b8fb09dc0a9ae77cb3b90ee647517b3
144,param_144,real_004,train,0.1,500.0,10.0,0.62,0.1,600x400,float32,365.6000061035156,2189.0,1000.8780745080312,259.21119765665804,71880eb1c5c981f49482e9490c3e477e79c7bb54835286e4eff4b22508bd25dd
144,param_144,real_005,train,0.1,500.0,10.0,0.62,0.1,600x400,float32,439.8999938964844,2856.0,977.7898620087941,245.61357962836274,c44bd25cef577f42d0e31087794ff19f5dd1d9684e58a84667eef86d2dc45b3b
145,param_145,real_001,train,0.1,500.0,10.0,0.62,1.0,600x400,float32,448.79998779296875,2134.0,988.8749699026744,221.64897765470639,c9c94e93feb7ba4dd144377c24e7a2cff2978dec23ede29c6a1ee65eebec9b80
145,param_145,real_002,train,0.1,500.0,10.0,0.62,1.0,600x400,float32,346.70001220703125,2272.0,980.3494561253866,221.52613974577855,11f1e378a837c8266e5e648d3202061f6612d7779b142740c095fb62a9cdc20c
145,param_145,real_003,train,0.1,500.0,10.0,0.62,1.0,600x400,float32,401.79998779296875,2182.0,969.6444773662568,210.967380417744,22b14b7d18693a4e19619f637aab9eb28b8fb09dc0a9ae77cb3b90ee647517b3
145,param_145,real_004,train,0.1,500.0,10.0,0.62,1.0,600x400,float32,365.6000061035156,2189.0,1000.8780745080312,259.21119765665804,71880eb1c5c981f49482e9490c3e477e79c7bb54835286e4eff4b22508bd25dd
145,param_145,real_005,train,0.1,500.0,10.0,0.62,1.0,600x400,float32,439.8999938964844,2856.0,977.7898620087941,245.61357962836274,c44bd25cef577f42d0e31087794ff19f5dd1d9684e58a84667eef86d2dc45b3b
146,param_146,real_001,train,0.1,500.0,10.0,6.2,0.1,600x400,float32,448.79998779296875,2134.0,988.8749699026744,221.64897765470639,c9c94e93feb7ba4dd144377c24e7a2cff2978dec23ede29c6a1ee65eebec9b80
146,param_146,real_002,train,0.1,500.0,10.0,6.2,0.1,600x400,float32,346.70001220703125,2272.0,980.3494561253866,221.52613974577855,11f1e378a837c8266e5e648d3202061f6612d7779b142740c095fb62a9cdc20c
146,param_146,real_003,train,0.1,500.0,10.0,6.2,0.1,600x400,float32,401.79998779296875,2182.0,969.6444773662568,210.967380417744,22b14b7d18693a4e19619f637aab9eb28b8fb09dc0a9ae77cb3b90ee647517b3
146,param_146,real_004,train,0.1,500.0,10.0,6.2,0.1,600x400,float32,365.6000061035156,2189.0,1000.8780745080312,259.21119765665804,71880eb1c5c981f49482e9490c3e477e79c7bb54835286e4eff4b22508bd25dd
146,param_146,real_005,train,0.1,500.0,10.0,6.2,0.1,600x400,float32,439.8999938964844,2856.0,977.7898620087941,245.61357962836274,c44bd25cef577f42d0e31087794ff19f5dd1d9684e58a84667eef86d2dc45b3b
147,param_147,real_001,train,0.1,500.0,10.0,6.2,1.0,600x400,float32,448.79998779296875,2134.0,988.8749699026744,221.64897765470639,c9c94e93feb7ba4dd144377c24e7a2cff2978dec23ede29c6a1ee65eebec9b80
147,param_147,real_002,train,0.1,500.0,10.0,6.2,1.0,600x400,float32,346.70001220703125,2272.0,980.3494561253866,221.52613974577855,11f1e378a837c8266e5e648d3202061f6612d7779b142740c095fb62a9cdc20c
147,param_147,real_003,train,0.1,500.0,10.0,6.2,1.0,600x400,float32,401.79998779296875,2182.0,969.6444773662568,210.967380417744,22b14b7d18693a4e19619f637aab9eb28b8fb09dc0a9ae77cb3b90ee647517b3
147,param_147,real_004,train,0.1,500.0,10.0,6.2,1.0,600x400,float32,365.6000061035156,2189.0,1000.8780745080312,259.21119765665804,71880eb1c5c981f49482e9490c3e477e79c7bb54835286e4eff4b22508bd25dd
147,param_147,real_005,train,0.1,500.0,10.0,6.2,1.0,600x400,float32,439.8999938964844,2856.0,977.7898620087941,245.61357962836274,c44bd25cef577f42d0e31087794ff19f5dd1d9684e58a84667eef86d2dc45b3b
148,param_148,real_001,train,0.1,500.0,10.0,62.0,0.1,600x400,float32,448.79998779296875,2134.0,988.8749699026744,221.64897765470639,c9c94e93feb7ba4dd144377c24e7a2cff2978dec23ede29c6a1ee65eebec9b80
148,param_148,real_002,train,0.1,500.0,10.0,62.0,0.1,600x400,float32,346.70001220703125,2272.0,980.3494561253866,221.52613974577855,11f1e378a837c8266e5e648d3202061f6612d7779b142740c095fb62a9cdc20c
148,param_148,real_003,train,0.1,500.0,10.0,62.0,0.1,600x400,float32,401.79998779296875,2182.0,969.6444773662568,210.967380417744,22b14b7d18693a4e19619f637aab9eb28b8fb09dc0a9ae77cb3b90ee647517b3
148,param_148,real_004,train,0.1,500.0,10.0,62.0,0.1,600x400,float32,365.6000061035156,2189.0,1000.8780745080312,259.21119765665804,71880eb1c5c981f49482e9490c3e477e79c7bb54835286e4eff4b22508bd25dd
148,param_148,real_005,train,0.1,500.0,10.0,62.0,0.1,600x400,float32,439.8999938964844,2856.0,977.7898620087941,245.61357962836274,c44bd25cef577f42d0e31087794ff19f5dd1d9684e58a84667eef86d2dc45b3b
149,param_149,real_001,train,0.1,500.0,10.0,62.0,1.0,600x400,float32,448.79998779296875,2134.0,988.8749699026744,221.64897765470639,c9c94e93feb7ba4dd144377c24e7a2cff2978dec23ede29c6a1ee65eebec9b80
149,param_149,real_002,train,0.1,500.0,10.0,62.0,1.0,600x400,float32,346.70001220703125,2272.0,980.3494561253866,221.52613974577855,11f1e378a837c8266e5e648d3202061f6612d7779b142740c095fb62a9cdc20c
149,param_149,real_003,train,0.1,500.0,10.0,62.0,1.0,600x400,float32,401.79998779296875,2182.0,969.6444773662568,210.967380417744,22b14b7d18693a4e19619f637aab9eb28b8fb09dc0a9ae77cb3b90ee647517b3
149,param_149,real_004,train,0.1,500.0,10.0,62.0,1.0,600x400,float32,365.6000061035156,2189.0,1000.8780745080312,259.21119765665804,71880eb1c5c981f49482e9490c3e477e79c7bb54835286e4eff4b22508bd25dd
149,param_149,real_005,train,0.1,500.0,10.0,62.0,1.0,600x400,float32,439.8999938964844,2856.0,977.7898620087941,245.61357962836274,c44bd25cef577f42d0e31087794ff19f5dd1d9684e58a84667eef86d2dc45b3b
150,param_150,real_001,test,1.0,500.0,10.0,0.62,0.1,600x400,float32,88.04000091552734,12180.0,1261.2270452509244,929.683760520197,250596b5e9e04e623e6b8ee5cb790b156e9789b15fe92e2651213109a950d488
150,param_150,real_002,test,1.0,500.0,10.0,0.62,0.1,600x400,float32,38.900001525878906,14860.0,1235.3538247300467,1028.4684532378324,e1fa924210ba2173f284cfab0b4bf260cb3d6c447a53bd649b1d516e8d3d62ed
150,param_150,real_003,test,1.0,500.0,10.0,0.62,0.1,600x400,float32,62.040000915527344,13070.0,1174.0946565253575,827.9335553611007,8720b59798b118f3e3360cd73af7967471ec9459d7234b2dd0f09efb055b26e1
150,param_150,real_004,test,1.0,500.0,10.0,0.62,0.1,600x400,float32,46.02000045776367,13210.0,1382.0628335659662,1199.6709390465078,f729999e092a26e64b83d3e698d18948af5c312ee2064ed5beba2cb5fe952a9b
150,param_150,real_005,test,1.0,500.0,10.0,0.62,0.1,600x400,float32,82.62999725341797,30620.0,1297.4510945231755,1697.8721833187244,90e095dcd2d5e4a455424f0e7279002417eee7c9245293532348bc5bd21fa46f
151,param_151,real_001,test,1.0,500.0,10.0,0.62,1.0,600x400,float32,88.04000091552734,12180.0,1261.2270452509244,929.683760520197,250596b5e9e04e623e6b8ee5cb790b156e9789b15fe92e2651213109a950d488
151,param_151,real_002,test,1.0,500.0,10.0,0.62,1.0,600x400,float32,38.900001525878906,14860.0,1235.3538247300467,1028.4684532378324,e1fa924210ba2173f284cfab0b4bf260cb3d6c447a53bd649b1d516e8d3d62ed
151,param_151,real_003,test,1.0,500.0,10.0,0.62,1.0,600x400,float32,62.040000915527344,13070.0,1174.0946565253575,827.9335553611007,8720b59798b118f3e3360cd73af7967471ec9459d7234b2dd0f09efb055b26e1
151,param_151,real_004,test,1.0,500.0,10.0,0.62,1.0,600x400,float32,46.02000045776367,13210.0,1382.0628335659662,1199.6709390465078,f729999e092a26e64b83d3e698d18948af5c312ee2064ed5beba2cb5fe952a9b
151,param_151,real_005,test,1.0,500.0,10.0,0.62,1.0,600x400,float32,82.62999725341797,30620.0,1297.4510945231755,1697.8721833187244,90e095dcd2d5e4a455424f0e7279002417eee7c9245293532348bc5bd21fa46f
152,param_152,real_001,val,1.0,500.0,10.0,6.2,0.1,600x400,float32,88.04000091552734,12180.0,1261.2270452509244,929.683760520197,250596b5e9e04e623e6b8ee5cb790b156e9789b15fe92e2651213109a950d488
152,param_152,real_002,val,1.0,500.0,10.0,6.2,0.1,600x400,float32,38.900001525878906,14860.0,1235.3538247300467,1028.4684532378324,e1fa924210ba2173f284cfab0b4bf260cb3d6c447a53bd649b1d516e8d3d62ed
152,param_152,real_003,val,1.0,500.0,10.0,6.2,0.1,600x400,float32,62.040000915527344,13070.0,1174.0946565253575,827.9335553611007,8720b59798b118f3e3360cd73af7967471ec9459d7234b2dd0f09efb055b26e1
152,param_152,real_004,val,1.0,500.0,10.0,6.2,0.1,600x400,float32,46.02000045776367,13210.0,1382.0628335659662,1199.6709390465078,f729999e092a26e64b83d3e698d18948af5c312ee2064ed5beba2cb5fe952a9b
152,param_152,real_005,val,1.0,500.0,10.0,6.2,0.1,600x400,float32,82.62999725341797,30620.0,1297.4510945231755,1697.8721833187244,90e095dcd2d5e4a455424f0e7279002417eee7c9245293532348bc5bd21fa46f
153,param_153,real_001,train,1.0,500.0,10.0,6.2,1.0,600x400,float32,88.04000091552734,12180.0,1261.2270452509244,929.683760520197,250596b5e9e04e623e6b8ee5cb790b156e9789b15fe92e2651213109a950d488
153,param_153,real_002,train,1.0,500.0,10.0,6.2,1.0,600x400,float32,38.900001525878906,14860.0,1235.3538247300467,1028.4684532378324,e1fa924210ba2173f284cfab0b4bf260cb3d6c447a53bd649b1d516e8d3d62ed
153,param_153,real_003,train,1.0,500.0,10.0,6.2,1.0,600x400,float32,62.040000915527344,13070.0,1174.0946565253575,827.9335553611007,8720b59798b118f3e3360cd73af7967471ec9459d7234b2dd0f09efb055b26e1
153,param_153,real_004,train,1.0,500.0,10.0,6.2,1.0,600x400,float32,46.02000045776367,13210.0,1382.0628335659662,1199.6709390465078,f729999e092a26e64b83d3e698d18948af5c312ee2064ed5beba2cb5fe952a9b
153,param_153,real_005,train,1.0,500.0,10.0,6.2,1.0,600x400,float32,82.62999725341797,30620.0,1297.4510945231755,1697.8721833187244,90e095dcd2d5e4a455424f0e7279002417eee7c9245293532348bc5bd21fa46f
154,param_154,real_001,train,1.0,500.0,10.0,62.0,0.1,600x400,float32,88.04000091552734,12180.0,1261.2270452509244,929.683760520197,250596b5e9e04e623e6b8ee5cb790b156e9789b15fe92e2651213109a950d488
154,param_154,real_002,train,1.0,500.0,10.0,62.0,0.1,600x400,float32,38.900001525878906,14860.0,1235.3538247300467,1028.4684532378324,e1fa924210ba2173f284cfab0b4bf260cb3d6c447a53bd649b1d516e8d3d62ed
154,param_154,real_003,train,1.0,500.0,10.0,62.0,0.1,600x400,float32,62.040000915527344,13070.0,1174.0946565253575,827.9335553611007,8720b59798b118f3e3360cd73af7967471ec9459d7234b2dd0f09efb055b26e1
154,param_154,real_004,train,1.0,500.0,10.0,62.0,0.1,600x400,float32,46.02000045776367,13210.0,1382.0628335659662,1199.6709390465078,f729999e092a26e64b83d3e698d18948af5c312ee2064ed5beba2cb5fe952a9b
154,param_154,real_005,train,1.0,500.0,10.0,62.0,0.1,600x400,float32,82.62999725341797,30620.0,1297.4510945231755,1697.8721833187244,90e095dcd2d5e4a455424f0e7279002417eee7c9245293532348bc5bd21fa46f
155,param_155,real_001,train,1.0,500.0,10.0,62.0,1.0,600x400,float32,88.04000091552734,12180.0,1261.2270452509244,929.683760520197,250596b5e9e04e623e6b8ee5cb790b156e9789b15fe92e2651213109a950d488
155,param_155,real_002,train,1.0,500.0,10.0,62.0,1.0,600x400,float32,38.900001525878906,14860.0,1235.3538247300467,1028.4684532378324,e1fa924210ba2173f284cfab0b4bf260cb3d6c447a53bd649b1d516e8d3d62ed
155,param_155,real_003,train,1.0,500.0,10.0,62.0,1.0,600x400,float32,62.040000915527344,13070.0,1174.0946565253575,827.9335553611007,8720b59798b118f3e3360cd73af7967471ec9459d7234b2dd0f09efb055b26e1
155,param_155,real_004,train,1.0,500.0,10.0,62.0,1.0,600x400,float32,46.02000045776367,13210.0,1382.0628335659662,1199.6709390465078,f729999e092a26e64b83d3e698d18948af5c312ee2064ed5beba2cb5fe952a9b
155,param_155,real_005,train,1.0,500.0,10.0,62.0,1.0,600x400,float32,82.62999725341797,30620.0,1297.4510945231755,1697.8721833187244,90e095dcd2d5e4a455424f0e7279002417eee7c9245293532348bc5bd21fa46f
156,param_156,real_001,train,2.0,500.0,10.0,0.62,0.1,600x400,float32,32.81999969482422,34990.0,1615.7304635109265,1795.1964325127801,26fd2aea6584f2ba09545420fbaf2b932a5133132c34e9abf03fbdfed1fb02d8
156,param_156,real_002,train,2.0,500.0,10.0,0.62,0.1,600x400,float32,10.34000015258789,46360.0,1598.3459734773278,2263.514412170783,4a57613a3576f4ea5471d24f7216380d53159cc7f2b6b4bb72f0f28112b7b5dc
156,param_156,real_003,train,2.0,500.0,10.0,0.62,0.1,600x400,float32,20.010000228881836,38650.0,1447.8645041336536,1513.9484705155794,2bc6d2dd6d82253dad985e31787d0c43afdfe41e996b5fcd72fb8bdcdca92b93
156,param_156,real_004,train,2.0,500.0,10.0,0.62,0.1,600x400,float32,13.109999656677246,39250.0,1916.6757597812732,2497.989457843642,df22e97c8021908d8d5834f4b53ba9350473c71896ca1fee7bce3cfb4f19e398
156,param_156,real_005,train,2.0,500.0,10.0,0.62,0.1,600x400,float32,30.010000228881836,128800.0,1906.6897111405372,5381.315537808275,b8ba139f4345cdff23dcb4cfe5efda585922566e2f64f846a8aeff54e3388b5c
157,param_157,real_001,train,2.0,500.0,10.0,0.62,1.0,600x400,float32,32.81999969482422,34990.0,1615.7304635109265,1795.1964325127801,26fd2aea6584f2ba09545420fbaf2b932a5133132c34e9abf03fbdfed1fb02d8
157,param_157,real_002,train,2.0,500.0,10.0,0.62,1.0,600x400,float32,10.34000015258789,46360.0,1598.3459734773278,2263.514412170783,4a57613a3576f4ea5471d24f7216380d53159cc7f2b6b4bb72f0f28112b7b5dc
157,param_157,real_003,train,2.0,500.0,10.0,0.62,1.0,600x400,float32,20.010000228881836,38650.0,1447.8645041336536,1513.9484705155794,2bc6d2dd6d82253dad985e31787d0c43afdfe41e996b5fcd72fb8bdcdca92b93
157,param_157,real_004,train,2.0,500.0,10.0,0.62,1.0,600x400,float32,13.109999656677246,39250.0,1916.6757597812732,2497.989457843642,df22e97c8021908d8d5834f4b53ba9350473c71896ca1fee7bce3cfb4f19e398
157,param_157,real_005,train,2.0,500.0,10.0,0.62,1.0,600x400,float32,30.010000228881836,128800.0,1906.6897111405372,5381.315537808275,b8ba139f4345cdff23dcb4cfe5efda585922566e2f64f846a8aeff54e3388b5c
158,param_158,real_001,train,2.0,500.0,10.0,6.2,0.1,600x400,float32,32.81999969482422,34990.0,1615.7304635109265,1795.1964325127801,26fd2aea6584f2ba09545420fbaf2b932a5133132c34e9abf03fbdfed1fb02d8
158,param_158,real_002,train,2.0,500.0,10.0,6.2,0.1,600x400,float32,10.34000015258789,46360.0,1598.3459734773278,2263.514412170783,4a57613a3576f4ea5471d24f7216380d53159cc7f2b6b4bb72f0f28112b7b5dc
158,param_158,real_003,train,2.0,500.0,10.0,6.2,0.1,600x400,float32,20.010000228881836,38650.0,1447.8645041336536,1513.9484705155794,2bc6d2dd6d82253dad985e31787d0c43afdfe41e996b5fcd72fb8bdcdca92b93
158,param_158,real_004,train,2.0,500.0,10.0,6.2,0.1,600x400,float32,13.109999656677246,39250.0,1916.6757597812732,2497.989457843642,df22e97c8021908d8d5834f4b53ba9350473c71896ca1fee7bce3cfb4f19e398
158,param_158,real_005,train,2.0,500.0,10.0,6.2,0.1,600x400,float32,30.010000228881836,128800.0,1906.6897111405372,5381.315537808275,b8ba139f4345cdff23dcb4cfe5efda585922566e2f64f846a8aeff54e3388b5c
159,param_159,real_001,train,2.0,500.0,10.0,6.2,1.0,600x400,float32,32.81999969482422,34990.0,1615.7304635109265,1795.1964325127801,26fd2aea6584f2ba09545420fbaf2b932a5133132c34e9abf03fbdfed1fb02d8
159,param_159,real_002,train,2.0,500.0,10.0,6.2,1.0,600x400,float32,10.34000015258789,46360.0,1598.3459734773278,2263.514412170783,4a57613a3576f4ea5471d24f7216380d53159cc7f2b6b4bb72f0f28112b7b5dc
159,param_159,real_003,train,2.0,500.0,10.0,6.2,1.0,600x400,float32,20.010000228881836,38650.0,1447.8645041336536,1513.9484705155794,2bc6d2dd6d82253dad985e31787d0c43afdfe41e996b5fcd72fb8bdcdca92b93
159,param_159,real_004,train,2.0,500.0,10.0,6.2,1.0,600x400,float32,13.109999656677246,39250.0,1916.6757597812732,2497.989457843642,df22e97c8021908d8d5834f4b53ba9350473c71896ca1fee7bce3cfb4f19e398
159,param_159,real_005,train,2.0,500.0,10.0,6.2,1.0,600x400,float32,30.010000228881836,128800.0,1906.6897111405372,5381.315537808275,b8ba139f4345cdff23dcb4cfe5efda585922566e2f64f846a8aeff54e3388b5c
160,param_160,real_001,test,2.0,500.0,10.0,62.0,0.1,600x400,float32,32.81999969482422,34990.0,1615.7304635109265,1795.1964325127801,26fd2aea6584f2ba09545420fbaf2b932a5133132c34e9abf03fbdfed1fb02d8
160,param_160,real_002,test,2.0,500.0,10.0,62.0,0.1,600x400,float32,10.34000015258789,46360.0,1598.3459734773278,2263.514412170783,4a57613a3576f4ea5471d24f7216380d53159cc7f2b6b4bb72f0f28112b7b5dc
160,param_160,real_003,test,2.0,500.0,10.0,62.0,0.1,600x400,float32,20.010000228881836,38650.0,1447.8645041336536,1513.9484705155794,2bc6d2dd6d82253dad985e31787d0c43afdfe41e996b5fcd72fb8bdcdca92b93
160,param_160,real_004,test,2.0,500.0,10.0,62.0,0.1,600x400,float32,13.109999656677246,39250.0,1916.6757597812732,2497.989457843642,df22e97c8021908d8d5834f4b53ba9350473c71896ca1fee7bce3cfb4f19e398
160,param_160,real_005,test,2.0,500.0,10.0,62.0,0.1,600x400,float32,30.010000228881836,128800.0,1906.6897111405372,5381.315537808275,b8ba139f4345cdff23dcb4cfe5efda585922566e2f64f846a8aeff54e3388b5c
161,param_161,real_001,test,2.0,500.0,10.0,62.0,1.0,600x400,float32,32.81999969482422,34990.0,1615.7304635109265,1795.1964325127801,26fd2aea6584f2ba09545420fbaf2b932a5133132c34e9abf03fbdfed1fb02d8
161,param_161,real_002,test,2.0,500.0,10.0,62.0,1.0,600x400,float32,20.010000228881836,38650.0,1447.8645041336536,1513.9484705155794,2bc6d2dd6d82253dad985e31787d0c43afdfe41e996b5fcd72fb8bdcdca92b93
161,param_161,real_003,test,2.0,500.0,10.0,62.0,1.0,600x400,float32,20.010000228881836,38650.0,1447.8645041336536,1513.9484705155794,2bc6d2dd6d82253dad985e31787d0c43afdfe41e996b5fcd72fb8bdcdca92b93
161,param_161,real_004,test,2.0,500.0,10.0,62.0,1.0,600x400,float32,13.109999656677246,39250.0,1916.6757597812732,2497.989457843642,df22e97c8021908d8d5834f4b53ba9350473c71896ca1fee7bce3cfb4f19e398
161,param_161,real_005,test,2.0,500.0,10.0,62.0,1.0,600x400,float32,30.010000228881836,128800.0,1906.6897111405372,5381.315537808275,b8ba139f4345cdff23dcb4cfe5efda585922566e2f64f846a8aeff54e3388b5c
