param_folder,realization,global_ssim,plume_ssim,iou_0.001,iou_0.0001,area_rel_err_1e-3_d365,centroid_err_m_d365,exceed_w500_+400_true,exceed_w500_+400_pred,exceed_w500_-400_true,exceed_w500_-400_pred,exceed_w1000_+400_true,exceed_w1000_+400_pred,exceed_w1000_-400_true,exceed_w1000_-400_pred,exceed_w1500_+600_true,exceed_w1500_+600_pred,exceed_w1500_-600_true,exceed_w1500_-600_pred,exceed_w1900_+0_true,exceed_w1900_+0_pred
param_20000,real_001,0.8358150146050707,0.4261487620750974,0.06711088541970309,0.0946955355995576,0.47107310854178575,130.04502587571375,0,0,0,0,0,0,0,0,0,1,0,0,0,1
param_20000,real_002,0.8144176177839316,0.35503084501229487,0.035571868067402174,0.0580863781364601,0.30964072255426933,552.3699845044493,0,1,0,0,0,0,0,0,0,0,0,0,0,1
param_20000,real_003,0.7934751915208363,0.3297644990252843,0.011673300546541993,0.0407257680172555,0.5878349542912333,440.40304142433286,0,1,0,1,0,1,0,1,0,1,0,1,0,1
param_20000,real_004,0.7759525065895513,0.3223016716738594,0.011889586823386119,0.029096787150872546,0.5623167155425219,994.1627789024019,0,0,0,1,0,1,0,0,0,0,0,0,1,1
param_20000,real_005,0.8470835072823075,0.3824038302645855,0.11735909091820167,0.13848344826358613,0.049475262368815595,561.0263827008226,0,0,0,0,0,0,0,0,0,0,0,0,0,1
param_20001,real_001,0.833503939037077,0.4369437657082957,0.06836516553336094,0.09629570616247327,0.6590056381342901,159.3292301791073,0,0,0,1,0,0,0,0,0,1,0,0,0,1
param_20001,real_002,0.8114281535557203,0.3742340556083918,0.04329739826349902,0.0709467178021887,0.5848627645502645,513.1693756327273,0,1,0,0,0,1,0,0,0,0,0,1,0,1
param_20001,real_003,0.7969522999030747,0.35311455712572565,0.024019276817705094,0.06382411443436048,0.8637300685767175,376.57572218233054,0,1,0,1,0,1,0,1,0,1,0,1,0,1
param_20001,real_004,0.7729501254848162,0.33812764602889217,0.016340392060545765,0.03710822390327941,0.7244828228862521,916.372147884699,0,0,0,1,0,1,0,0,0,1,0,0,0,1
param_20001,real_005,0.8439938088779438,0.39880416915696065,0.12127538987668007,0.14241227674011236,0.12592228234136743,543.9393620055888,0,1,0,1,0,0,0,0,0,0,0,0,0,1
param_20002,real_001,0.8306411520558838,0.4669729070293037,0.08316401750059428,0.11423992182568639,0.605396089617876,186.31406311151994,0,0,0,1,0,0,0,0,0,1,0,0,0,1
param_20002,real_002,0.8028208133097243,0.3911571859216422,0.04969922195918396,0.08106273048608044,0.5472365423810095,465.67482698519666,0,1,0,1,0,0,0,0,0,0,0,1,1,1
param_20002,real_003,0.7778582739428148,0.35687744390640996,0.019665504668133757,0.0611488327839744,0.6892786099947226,490.90525673734635,0,1,0,1,0,1,0,1,0,1,0,1,0,1
param_20002,real_004,0.7656785171417825,0.3538873259859291,0.021427511519954034,0.04593987525042926,0.6874473293470845,954.6695726201289,0,0,0,1,0,1,0,0,0,1,0,0,1,1
param_20002,real_005,0.8393633011980208,0.42278273810802924,0.13253107012863496,0.15780936903879608,0.07610374183330033,522.9553768302467,0,1,0,1,0,0,0,0,0,0,0,0,0,1
param_20003,real_001,0.8076301303166216,0.502702283309048,0.08290477224067846,0.11839882339403308,0.8472805176635188,127.28403837582621,1,1,1,1,1,0,1,1,0,1,0,0,0,1
param_20003,real_002,0.8012113456091697,0.4754792590276285,0.09374641074276813,0.13634349813007168,0.9418671459508832,146.54978578356605,1,1,1,1,1,1,1,1,0,1,0,1,0,1
param_20003,real_003,0.7820882438496827,0.4302464937004404,0.08516986728272558,0.12475509025930781,1.1939541306436119,279.0860835558502,1,1,1,1,1,1,1,1,0,1,0,1,0,1
param_20003,real_004,0.7465675871593175,0.4186348932712853,0.04498276623285435,0.0762693594326991,0.9183905332428365,596.1786854465046,1,1,1,1,1,1,1,0,0,1,0,1,0,1
param_20003,real_005,0.8156371125504934,0.4786540319762049,0.1365459697576602,0.1675685402206505,0.18756273183504255,495.04470337125616,1,1,1,1,1,0,1,0,0,0,0,1,0,1
param_20004,real_001,0.8136457502712969,0.6110499724248607,0.16201007189277206,0.2123271766177112,0.6294814957594449,159.0282873264231,1,1,1,1,1,1,1,1,0,1,0,0,1,1
param_20004,real_002,0.7912963003681428,0.5549178160505993,0.14749419411257303,0.1968671278453814,0.7657322021394319,146.36825192214226,1,1,1,1,1,1,1,1,0,1,0,1,1,1
param_20004,real_003,0.7598810058468836,0.5115970295596604,0.12418730673338571,0.1743718154314011,0.8719477778595793,473.7545234395983,1,1,1,1,1,1,1,1,0,1,0,1,1,1
param_20004,real_004,0.7377801910258895,0.5015635938494587,0.09735911250744303,0.14755415316741124,0.9102227242590183,558.9751534697066,1,1,1,1,1,1,1,1,0,1,0,1,1,1
param_20004,real_005,0.8316373142125281,0.6322141706765522,0.20791619552914875,0.2642102687684917,0.20403609080601193,406.07700730418065,1,1,1,1,1,0,1,0,0,0,0,1,1,1
param_20005,real_001,0.7936363021196675,0.6778748102081744,0.17602923675934168,0.2484169508939414,0.36565692123742877,92.93563894466001,1,1,1,1,1,1,1,1,1,1,1,1,1,1
param_20005,real_002,0.8077824581769372,0.693323211326111,0.23338935168452352,0.3031451823730658,0.32322198176768824,53.64278652482269,1,1,1,1,1,1,1,1,1,1,1,1,1,1
param_20005,real_003,0.759041328787226,0.6180409914408106,0.17819930108524695,0.2501548740595683,0.41990123848647065,128.9275062336692,1,1,1,1,1,1,1,1,1,1,1,1,1,1
param_20005,real_004,0.7323194912943661,0.6148607921847361,0.15278708809713426,0.2260767637535977,0.4069131734700104,158.6508505698951,1,1,1,1,1,1,1,1,1,1,1,1,1,1
param_20005,real_005,0.79122000457227,0.6853618367487705,0.21927644318109887,0.29553359457404277,0.17962409486319678,318.06304630162214,1,1,1,1,1,1,1,1,1,1,1,1,1,1
param_20006,real_001,0.8429862887723693,0.5106691520591967,0.14763681561464903,0.17476752061190304,0.8659602338266633,199.15027181073748,0,1,0,1,1,1,0,1,0,0,0,0,0,1
param_20006,real_002,0.8575221282712606,0.5113325781650783,0.1788607299567076,0.2123614299656585,0.49258113147663257,290.15770587585996,0,1,1,0,0,1,0,1,0,0,0,0,1,1
param_20006,real_003,0.8118286671434741,0.4401235337322611,0.06996837628831298,0.10838810952176349,0.6192600927309058,471.4499491430431,1,1,0,0,1,1,0,1,0,0,0,1,1,0
param_20006,real_004,0.8205705423567967,0.49259318399755403,0.12658568909799206,0.1607992032612589,0.7432187049551657,224.25427391229306,0,1,0,1,0,1,0,0,0,1,0,0,0,1
param_20006,real_005,0.7775727050815431,0.38213054117389317,0.01575911026889446,0.049813137099619126,0.2935692873029688,356.13227854144617,1,1,0,1,1,1,0,0,0,0,0,0,0,1
param_20007,real_001,0.8431160279796767,0.5195344683551572,0.1461868994504812,0.17528560147343641,0.8847041715895665,231.09748178463423,1,1,0,1,1,1,1,1,0,0,0,0,0,1
param_20007,real_002,0.8606581342434312,0.5287220535706143,0.18764267320018413,0.22065650926890082,0.5503358181415603,264.6390672318971,1,1,1,1,0,1,1,1,0,0,0,0,1,1
param_20007,real_003,0.8127023446252781,0.4524510814042437,0.08341751238910275,0.11920940992399232,0.6932562199912702,399.37136805761145,1,1,0,0,1,1,0,1,0,0,0,1,1,1
param_20007,real_004,0.8230307629698479,0.5077826814101315,0.13659916253887447,0.17179762859929618,0.827957927052626,208.028257780636,1,1,1,1,0,1,1,0,0,1,0,0,0,1
param_20007,real_005,0.7773164813042277,0.3984702505905336,0.02054440236046819,0.058707621481070074,0.3848089350686965,287.574691623526,1,1,1,1,1,1,0,0,0,0,0,0,0,1
param_20008,real_001,0.8381089861684741,0.5410426911285858,0.16063520244547105,0.19150442219469263,0.8351497438244978,202.625678068362,1,1,0,1,1,1,1,1,0,0,0,0,0,1
param_20008,real_002,0.8559057620648015,0.5494916374328497,0.1990385653008554,0.23320082744726,0.5583860304685254,332.93411518685383,1,1,1,0,0,1,1,1,0,0,0,0,1,1
param_20008,real_003,0.7993394879032852,0.4560215899476713,0.07833622693240418,0.12120487721753916,0.6388908600624468,494.39161324338306,1,1,0,1,1,1,0,1,0,0,0,1,1,1
param_20008,real_004,0.8164309336403117,0.5328442970996652,0.15043853358208897,0.18623795892243286,0.8382771855010661,188.90704725563796,0,1,1,1,0,1,1,0,0,1,0,0,0,1
param_20008,real_005,0.7673995016960327,0.4180086919845402,0.024373596510462593,0.0703140411013975,0.39119605730335094,311.9837242776288,1,1,1,1,1,1,0,0,0,0,0,0,0,1
param_20009,real_001,0.8384626305979249,0.5783970973285854,0.16023340405624922,0.1962285010372915,0.8195899709482438,234.0343424028377,1,1,1,1,1,1,1,1,0,1,0,0,0,1
param_20009,real_002,0.8697580346931099,0.5883630184115418,0.23847990723045023,0.27205560443395455,0.5925413399309487,262.5337316624913,1,1,1,1,1,1,1,1,0,1,0,1,1,1
param_20009,real_003,0.8023553051483924,0.4980146643315623,0.11181123421907353,0.1499918474937111,0.7630422425864053,250.03280389266683,1,1,1,1,1,1,1,1,0,1,0,1,1,1
param_20009,real_004,0.8236040482457146,0.5668904466311117,0.17213930806624997,0.20782325846341623,0.8361794539764756,166.11789825079478,1,1,1,1,1,1,1,1,0,1,0,1,0,1
param_20009,real_005,0.7585100988080464,0.44736891529144573,0.049714788657275744,0.09980065799688238,0.8077204743261133,244.1552005132645,1,1,1,1,1,1,1,1,0,1,0,1,0,1
param_20010,real_001,0.8402914537390735,0.676259999342205,0.23833897698043535,0.28691295728530286,0.586288650699131,135.58838329329893,1,1,1,1,1,1,1,1,0,1,0,1,1,1
param_20010,real_002,0.856324814397696,0.6951462369626573,0.28414093929182527,0.332167337968705,0.4596106357319244,328.8285253036522,1,1,1,1,1,1,1,1,0,1,0,1,1,1
param_20010,real_003,0.7944148076848297,0.5858239404691572,0.16781987910009286,0.22238153094846383,0.6244059015654916,289.0658687067673,1,1,1,1,1,1,1,1,0,1,0,1,1,1
param_20010,real_004,0.8221925561196833,0.6676628392935432,0.2388569796250023,0.27822859879647205,0.6887737362181321,154.06034703853658,1,1,1,1,1,1,1,1,0,1,0,1,1,1
param_20010,real_005,0.7438666622898016,0.5436963368895282,0.11369624156394759,0.16955595273027893,0.8210578122675091,274.91709458781474,1,1,1,1,1,1,1,1,0,1,0,1,1,1
param_20011,real_001,0.8401962261702303,0.729157262655978,0.24230507402951,0.3105885172369943,0.34522118474466057,224.61887335243145,1,1,1,1,1,1,1,1,1,1,1,1,1,1
param_20011,real_002,0.8959094272343116,0.7743127039642936,0.3429304164304517,0.41488235374235866,0.19982266175642527,117.61011673491744,1,1,1,1,1,1,1,1,1,1,1,1,1,1
param_20011,real_003,0.8050555871518853,0.6502383348434357,0.2097971035487565,0.28112459000052087,0.3463122568835329,43.88974835326718,1,1,1,1,1,1,1,1,1,1,1,1,1,1
param_20011,real_004,0.8256239746973233,0.7149930808796441,0.27109644150961565,0.3353701955066355,0.8045105498608616,789.9918789270162,1,1,1,1,1,1,1,1,1,1,1,1,0,1
param_20011,real_005,0.7398086760896202,0.6005190125670087,0.1544323619471362,0.22211597794288174,0.47102319325525704,133.7973362555001,1,1,1,1,1,1,1,1,1,1,1,1,1,1
param_20012,real_001,0.7997979430583215,0.43900277581364056,0.0901812192063503,0.12456072299223914,0.29567722285420717,771.9362460253809,1,0,1,0,1,0,1,0,0,0,0,1,1,1
param_20012,real_002,0.8084991121501173,0.4390216510486165,0.11681664995204626,0.14586577334342166,0.278647245003235,537.7056807663307,0,0,1,0,1,1,1,0,0,1,0,0,1,1
param_20012,real_003,0.7810660547032049,0.429473401056744,0.07461831459378745,0.11526878586345118,0.4806799863221142,875.2740459613854,1,1,0,0,1,1,1,1,0,1,0,1,1,1
param_20012,real_004,0.8279782196613037,0.44556401944382906,0.10777629420250338,0.145069783249881,0.44554016423972614,418.03341558880345,1,1,0,1,1,1,1,1,0,0,0,1,0,1
param_20012,real_005,0.7351247083375863,0.38267802788217914,0.025744747851118233,0.04001698078999996,0.17498753531660297,1009.4617951967507,1,0,1,0,1,0,1,0,0,0,0,0,1,1
param_20013,real_001,0.7968569093049862,0.44802831441174923,0.0936177242351761,0.12917978929436497,0.38832705284374724,723.8073777476069,1,1,1,0,1,0,1,1,0,0,0,1,1,1
param_20013,real_002,0.8072313604318343,0.44950350149724644,0.11913293889108446,0.14784340818230063,0.33059504132231404,436.6043520837156,0,0,1,0,1,1,1,1,0,1,0,0,1,1
param_20013,real_003,0.7803691313568223,0.4448785199529535,0.08262005399461572,0.12453694738401155,0.566721222040371,801.9526022910475,1,1,0,0,1,1,1,1,0,1,0,1,1,1
param_20013,real_004,0.8280391805081431,0.4498113622650226,0.11044742110781255,0.14991160879585527,0.5067390490453014,387.78448389446817,1,1,0,1,1,1,1,1,0,0,0,1,0,1
param_20013,real_005,0.7320807347063715,0.38870767786152977,0.025181383209558383,0.04033122887422283,0.24728034131519702,950.7749105387679,1,0,1,0,1,0,1,0,0,0,0,0,0,1
param_20014,real_001,0.7893353851635321,0.4657181968461107,0.1088824615301813,0.14964892946100974,0.38324967781319946,681.8866877759639,1,1,1,0,1,0,1,1,0,0,0,1,1,1
param_20014,real_002,0.8066648037948171,0.46575319977524177,0.14016439884586854,0.17295762057505357,0.29197948651994277,492.29623676915367,0,0,1,0,1,1,1,1,0,0,0,0,1,1
param_20014,real_003,0.7753410884194689,0.45736098050783297,0.09685283145230006,0.14362607137958197,0.573634600230345,743.4919838114022,1,1,0,0,1,1,1,1,0,1,0,1,1,1
param_20014,real_004,0.8169728531641113,0.466565050997347,0.11579260008107531,0.1621271497982745,0.4696783496370578,437.40223777200214,1,1,0,1,1,1,1,1,0,0,0,1,0,1
param_20014,real_005,0.7233756001301347,0.3996476590287801,0.03296478741543406,0.0523762944284801,0.23128407768179868,954.2814755770696,1,0,1,0,1,0,1,0,0,0,0,0,1,1
param_20015,real_001,0.782312287437078,0.48474469745661997,0.1144698727597005,0.16415177212026727,0.5347908345595964,577.9178217809572,1,1,1,1,1,0,1,1,0,1,0,1,1,1
param_20015,real_002,0.7975825344478141,0.48467778375188636,0.12797883361017767,0.16555654663654984,0.42235942375356833,338.21560500695995,1,0,1,0,1,1,1,1,0,1,0,1,1,1
param_20015,real_003,0.7773449589509644,0.48276019187810015,0.11599575517885509,0.1602274777618286,0.6891047971321079,603.804696068747,1,1,1,1,1,1,1,1,0,1,0,1,1,1
param_20015,real_004,0.8241715843217543,0.5008927568906008,0.14164169588604542,0.1879664063890626,0.616384733678177,367.20490042761924,1,1,1,1,1,1,1,1,0,0,0,1,0,1
param_20015,real_005,0.7106145738752384,0.41069435031342516,0.02732127443174258,0.05173559218512839,0.33527480017349276,653.4487945037228,1,0,1,0,1,0,1,0,1,0,0,1,0,1
param_20016,real_001,0.7887869021886859,0.6092548509935335,0.20882128129931085,0.2629747666675683,0.38176932837173594,477.49966117193844,1,1,1,1,1,1,1,1,1,1,1,1,1,1
param_20016,real_002,0.8162730225718335,0.6250963049261504,0.23019494207955826,0.286649138092545,0.37011045724895364,374.2119420142077,1,1,1,1,1,1,1,1,0,1,0,1,1,1
param_20016,real_003,0.7860141626425551,0.6159409857283211,0.19483674483859886,0.25377188916071947,0.3836835202988933,250.10895477635438,1,1,1,1,1,1,1,1,1,1,0,1,1,1
param_20016,real_004,0.8153063053673876,0.6189787139344614,0.19557529191411382,0.25782678081804455,0.4053006770630416,423.8136375485668,1,1,1,1,1,1,1,1,1,1,0,1,1,1
param_20016,real_005,0.7275716876705073,0.5461978706850801,0.10014109214804094,0.15537553294322073,0.29920389208314907,582.6766142267705,1,1,1,0,1,1,1,1,1,1,0,1,1,1
param_20017,real_001,0.7778836888741426,0.6330634768739191,0.2131518047904575,0.2753780044595366,0.29879766451804207,343.6013443074412,1,1,1,1,1,1,1,1,1,1,1,1,1,1
param_20017,real_002,0.8005302400038643,0.6399906436624474,0.20976226541061313,0.28010493302613576,0.28864796262792647,122.23109683501414,1,1,1,1,1,1,1,1,1,1,1,1,1,1
param_20017,real_003,0.7954107911806452,0.6592668766074098,0.21578640032914823,0.28477088109092813,0.3140626358995631,393.3059445053078,1,1,1,1,1,1,1,1,1,1,1,1,1,1
param_20017,real_004,0.8391294291631604,0.7012652572745989,0.25119136255617047,0.31779577928366576,0.20187219357775105,309.49496554810486,1,1,1,1,1,1,1,1,1,1,1,1,0,1
param_20017,real_005,0.7119807709469024,0.5676115010663508,0.10452394112615171,0.17402993477418138,0.1825919494869771,215.02075573199917,1,1,1,1,1,1,1,1,1,1,1,1,1,1
param_20018,real_001,0.8298872349936365,0.37593856207332016,0.05969955379819538,0.08884488484124889,0.6672982361167501,97.71912922326463,0,1,0,0,0,0,0,0,0,0,0,0,0,1
param_20018,real_002,0.8705799580110086,0.46984716948571564,0.1789540388879087,0.1986812111091674,0.3751340742600242,216.69589411899926,0,0,0,0,0,1,0,0,0,0,0,0,1,1
param_20018,real_003,0.8249019643596001,0.37449141022193144,0.06061855574575927,0.07239860378350023,0.4918607507313043,203.82097436611065,0,0,0,0,0,1,0,0,0,0,0,0,1,1
param_20018,real_004,0.8274201807659907,0.4088443769052922,0.11699382114386307,0.1379706729592053,0.6175057818893436,141.3933539000806,0,0,0,0,0,1,0,0,0,1,0,0,1,0
param_20018,real_005,0.8015407052829632,0.28504638448623115,0.011193064896688585,0.04113604028301749,0.01299548081030645,1110.2407488158408,0,1,0,1,0,1,0,0,0,0,0,0,1,1
param_20019,real_001,0.8275714567412048,0.3996467700609794,0.06128993662968126,0.09390222882062643,0.7802619037752269,155.81682555496738,0,1,0,1,0,0,0,1,0,0,0,0,0,1
param_20019,real_002,0.8737524013527537,0.49691018073163606,0.18031974648912383,0.2024528692148437,0.5070817350250811,192.64780787002724,0,0,0,0,0,1,0,1,0,0,0,0,1,1
param_20019,real_003,0.8207217096655601,0.39186407805171825,0.05834349463055051,0.07326742166129813,0.5971987293205165,142.29496152127214,0,0,0,0,0,1,0,0,0,0,0,0,1,1
param_20019,real_004,0.8297169879859096,0.43876174446729604,0.12212633074931802,0.14862467408308805,0.7715275216197385,146.04896966399107,0,1,0,0,0,1,0,0,0,1,0,0,1,0
param_20019,real_005,0.8024917935596055,0.32003993849290596,0.019895489813522488,0.06302634889275048,0.1477978309462704,1067.9773529181173,0,1,0,1,0,1,0,0,0,0,0,0,0,1
param_20020,real_001,0.8206193038921348,0.4182919321045722,0.0751214718103157,0.1100619984792011,0.7677214426440433,124.40013944479958,0,1,0,1,0,0,0,1,0,0,0,0,0,1
param_20020,real_002,0.8671320045490831,0.5226282135631203,0.19723184617359021,0.2202430569814907,0.516073478760046,240.4539770104888,0,0,0,0,0,1,0,1,0,0,0,0,1,1
param_20020,real_003,0.8152863274696972,0.4113118957700329,0.06544751719189412,0.08370111799541316,0.5267873284988248,144.62454603305764,0,0,0,0,0,1,0,0,0,0,0,0,1,1
param_20020,real_004,0.819431759539336,0.46069415587886775,0.13455264798893551,0.1639747944591411,0.7810562708631378,145.15535483047768,0,1,0,0,0,1,0,0,0,1,0,0,1,1
param_20021,real_001,0.8037851910030227,0.49050413639182855,0.08700484046495444,0.12571875396503976,1.0185809836821773,135.49014609379344,1,1,1,1,1,1,1,1,0,1,0,1,0,1
param_20021,real_002,0.8652145151389063,0.5631423485301061,0.19614680975374327,0.22951759441722544,0.7126820656171841,203.869572852533,1,1,1,1,1,1,1,1,0,1,0,1,1,1
param_20021,real_003,0.7801801443073921,0.43551582746519363,0.06726834977497925,0.09477951234277439,0.7945958422897702,68.2685595373364,1,1,1,0,1,1,1,1,0,0,0,1,1,1
param_20021,real_004,0.8211285864202834,0.5238737197807221,0.15152691798351334,0.18335347978140631,0.9278946685317913,95.77606128709617,1,1,1,1,1,1,1,1,0,1,0,1,1,1
param_20021,real_005,0.7879450518072154,0.45218885459485675,0.08305300503665389,0.13650855183645588,0.5357711115976936,828.1102448260121,1,1,1,1,1,1,1,0,0,1,0,1,0,1
param_20022,real_001,0.8020187895603241,0.5725852441010657,0.1571176815429589,0.2066796132581269,0.7621830209481808,95.91042322560548,1,1,1,1,1,1,1,1,0,1,0,1,1,1
param_20022,real_002,0.8595280385646842,0.6788983832326281,0.26811246046330817,0.3070619952449601,0.6009062523798644,269.49604373323405,1,1,1,1,1,1,1,1,0,1,0,1,1,1
param_20022,real_003,0.7865921091999397,0.54441442606059,0.1329843668974904,0.180119032476428,0.7547853270645445,71.7321627158988,1,1,1,1,1,1,1,1,0,0,0,1,1,1
param_20022,real_004,0.8153367235782356,0.6290897851838791,0.21550880399952763,0.25601659233711255,0.7660648101773014,97.76617982291633,1,1,1,1,1,1,1,1,0,1,0,1,1,1
param_20022,real_005,0.7742919227199903,0.5234664622477583,0.1382045956331769,0.1969071033096087,0.6427680405226617,756.8065562681687,1,1,1,1,1,1,1,1,0,1,0,1,1,1
param_20023,real_001,0.7958756419030307,0.680937219789453,0.1877858695654429,0.2588568591549097,0.3928081284761515,109.36890899764704,1,1,1,1,1,1,1,1,1,1,1,1,1,1
param_20023,real_002,0.8696412419704944,0.7564959417080197,0.2919093819487608,0.3624449346317508,0.2620546617085773,87.82230020331198,1,1,1,1,1,1,1,1,1,1,1,1,1,1
param_20023,real_003,0.7505025554185352,0.587502820725399,0.15986892051247692,0.22944795018698716,0.3760382185685012,70.0742954311803,1,1,1,1,1,1,1,1,1,1,1,1,1,1
param_20023,real_004,0.82249353101481,0.7113070301925184,0.2483483159248506,0.32123459931077747,0.29560478285172676,98.53817097590508,1,1,1,1,1,1,1,1,1,1,1,1,1,1
param_20023,real_005,0.7811463288874984,0.6768998379168757,0.22003841822031725,0.2931252450909542,0.28403559453500515,329.2481065342488,1,1,1,1,1,1,1,1,1,1,1,1,1,1
param_20024,real_001,0.7864983074981042,0.4073270903090179,0.07241001368404291,0.10603543916746425,0.7020518236336891,55.09103723126091,0,1,0,0,0,0,0,1,0,0,0,1,1,1
param_20024,real_002,0.8509186556217782,0.5116798485015444,0.25768105487840304,0.2778708880349485,0.2678720506173382,350.3816044912148,0,0,0,0,0,0,0,1,0,0,0,0,1,1
param_20024,real_003,0.791265124506788,0.4018771628410382,0.0749616853601008,0.09881168700728,0.35833029972090763,504.66179441394365,0,0,0,0,1,1,0,0,0,0,0,0,1,1
param_20024,real_004,0.7821839957102138,0.4203985874503512,0.10453725819122175,0.13783398918773407,0.6935322254362581,232.24742939352436,0,1,0,0,0,1,0,0,0,1,0,0,1,1
param_20024,real_005,0.7936099580895913,0.34076012331798267,0.033884337585967046,0.059067430728301853,0.1486512218343383,934.172480147234,0,1,0,1,0,0,0,0,0,0,0,0,1,1
param_20025,real_001,0.7848684233293333,0.4314623363585111,0.07751945680777836,0.11206228647148915,0.8324494841844999,127.24986475924075,0,1,0,0,1,0,1,1,0,0,0,1,1,1
param_20025,real_002,0.8556616689806051,0.5443516921334179,0.2606390625932273,0.27733043926603346,0.4221980851235015,256.12962182090564,0,0,0,0,0,1,0,1,0,0,0,0,1,1
param_20025,real_003,0.7886872395402267,0.4277946992791237,0.08211801840906119,0.10993153558827004,0.5073624625402345,385.07587739006794,1,0,0,0,1,1,0,0,0,0,0,0,1,1
param_20025,real_004,0.7863053285793663,0.4474363674404033,0.12779190384737996,0.15992089636245077,0.7989867201549316,172.13185342968904,0,1,0,1,1,1,0,0,0,1,0,1,1,1
param_20025,real_005,0.7922542350611806,0.37385757866926694,0.05113827068494864,0.08879432193866926,0.0003653565110376125,906.0527052300057,0,1,0,1,1,0,0,0,0,0,0,0,1,1
param_20026,real_001,0.7781388941147597,0.44769127912956885,0.08900416593278265,0.1277671282757276,0.8536502948282562,111.9199297065544,0,1,0,0,1,0,1,1,0,0,0,1,1,1
param_20026,real_002,0.8509384932205767,0.5696212788775914,0.2766832300474842,0.2920281347773994,0.4777086521834191,270.3654519225724,0,0,0,0,0,1,0,1,0,0,0,0,1,1
param_20026,real_003,0.7870093875908482,0.45022166184718965,0.09196888794197493,0.1250541981436728,0.47090892515270305,400.8803958730329,1,0,0,0,1,1,0,0,0,0,0,0,1,1
param_20026,real_004,0.7819173170559806,0.47824197203474483,0.14180657585075152,0.17607706639993626,0.7792937399678973,148.13608028190328,0,1,0,1,1,1,0,0,0,1,0,1,1,1
param_20026,real_005,0.7839599366362779,0.40273198748541716,0.05501078973902094,0.09375697545048457,0.0018450535445951343,894.3753691482335,0,1,0,1,1,0,0,0,0,0,0,0,1,1
param_20027,real_001,0.7676718938316013,0.49245967316354566,0.09643267338603695,0.14020370478338529,0.8081210586424351,195.81292520001367,1,1,1,1,1,1,1,1,1,1,1,1,1,1
param_20027,real_002,0.8685146481267106,0.6231761790429861,0.2971145444567959,0.32007556046207664,0.5546085768760137,219.25305520022718,1,1,1,1,1,1,0,1,0,1,0,1,1,1
param_20027,real_003,0.7752506382731894,0.4939585506836211,0.10624388437786435,0.1390051163808403,0.7162669122526647,72.32807868970868,1,1,1,1,1,1,0,1,0,1,0,1,1,1
param_20027,real_004,0.7815893329600531,0.5140747974957935,0.15470934220975013,0.18871004836554442,0.7285790994400266,57.719498502726566,1,1,1,1,1,1,1,1,1,1,1,1,1,1
param_20027,real_005,0.7752781951427898,0.4796149383584081,0.1041453027704506,0.15522917952294918,0.31934268514785413,683.0411439287519,1,1,1,1,1,1,0,0,0,1,0,1,1,1
param_20028,real_001,0.7799962432569297,0.6080078330484083,0.18113191336811293,0.23776506027202393,0.6571714842866223,115.19063656894048,1,1,1,1,1,1,1,1,1,1,1,1,1,1
param_20028,real_002,0.8622201816810166,0.7291172647853089,0.3370082855396811,0.3755350291175754,0.6234436455645465,195.72643465201782,1,1,1,1,1,1,1,1,0,1,0,1,1,1
param_20028,real_003,0.7764375063983648,0.5821995219368401,0.16419787557535023,0.213917930006687,0.7424929341869989,78.49811185182986,1,1,1,1,1,1,1,1,1,1,0,1,1,1
param_20028,real_004,0.7996392602292934,0.6553796204308406,0.2287635580827837,0.2759426163253369,0.6757202662207208,74.06229947153295,1,1,1,1,1,1,1,1,1,1,1,1,1,1
param_20028,real_005,0.7689704900664313,0.5799195027917908,0.16531278984185657,0.22483946967140447,0.6392747102264391,618.9773891206651,1,1,1,1,1,1,1,1,0,1,0,1,1,1
param_20029,real_001,0.7843729751441865,0.6764606829426195,0.20503729387598793,0.27686074093407603,0.3861330607971683,110.95809906464251,1,1,1,1,1,1,1,1,1,1,1,1,1,1
param_20029,real_002,0.8848838971598334,0.7821583114209851,0.3505362127501114,0.4255830892356752,0.23676175352299061,31.177303284908916,1,1,1,1,1,1,1,1,1,1,1,1,1,1
param_20029,real_003,0.7738089556215653,0.6317946173748272,0.18883241691163952,0.2579684977410026,0.34906746488602347,177.74946185631302,1,1,1,1,1,1,1,1,1,1,1,1,1,1
param_20029,real_004,0.8172900830934298,0.7124462286271117,0.25877867109791014,0.33327807253348724,0.31050523078091474,28.751677401179727,1,1,1,1,1,1,1,1,1,1,1,1,1,1
param_20029,real_005,0.7900507206190323,0.6936365443577176,0.23798296907760744,0.30966017519190775,0.2309758393473486,297.77361173400203,1,1,1,1,1,1,1,1,1,1,1,1,1,1
param_20030,real_001,0.7652116004678148,0.43360456832157657,0.09981113115194885,0.13149871610334235,0.5491086181407079,165.72111941113354,0,0,0,0,1,0,0,1,0,0,0,1,1,1
param_20030,real_002,0.8367299840237215,0.5007819044231361,0.28564352802878834,0.3078188733028252,0.13227058252855317,461.15454430793557,0,0,0,0,0,0,0,0,0,0,0,0,1,1
param_20030,real_003,0.7767803719986779,0.4049404535533408,0.09698159228524497,0.12438310080699688,0.08961307359638715,623.5671099570559,0,0,0,0,1,0,0,0,0,0,0,0,1,1
param_20030,real_004,0.763909288169041,0.4317028369334729,0.10552232919623165,0.141932595990512,0.3631208253422393,205.53316023336697,0,1,0,0,1,0,0,0,0,1,0,0,1,1
param_20030,real_005,0.7843621872774605,0.35745631004612166,0.050377982048788,0.07549471645089603,0.21799184291300508,836.3109888266097,0,0,0,0,0,0,0,0,0,0,0,0,1,1
param_20031,real_001,0.7620908276984395,0.45734929824968146,0.10392329342223276,0.13956503897010353,0.6723623625154885,44.05696991765272,0,1,0,1,1,0,1,1,0,0,0,1,1,1
param_20031,real_002,0.8385698127774444,0.5381928192491392,0.297020401627185,0.3095748368061811,0.3189840548545462,381.491668478805,0,1,0,0,1,1,0,1,0,0,0,0,1,1
param_20031,real_003,0.7699856196956641,0.4256229709253895,0.10464343171036385,0.13360080061275334,0.27894450585118513,497.4169006899267,0,0,0,0,1,1,0,0,0,0,0,0,1,1
param_20031,real_005,0.7780048170223298,0.3901430941995239,0.06679428442107349,0.1000785983649598,0.00627420604182804,801.6668917485354,1,0,0,0,1,0,0,0,0,0,0,0,1,1
param_20032,real_001,0.7577892894796253,0.47214632443074356,0.11529927558157434,0.15608732787255675,0.6862266183230427,73.00227896009423,0,1,0,1,1,0,1,1,0,0,0,1,1,1
param_20032,real_002,0.8344686356365891,0.5730506507344696,0.3219083079223383,0.3303914536746818,0.3639698512608748,364.0197627566787,0,1,0,0,1,1,0,1,0,0,0,0,1,1
param_20032,real_003,0.7706847515043588,0.4481283793968467,0.11897094297579468,0.1527314539771838,0.29010810624114947,536.4798496337442,0,0,0,0,1,1,0,0,0,0,0,0,1,1
param_20032,real_004,0.7626904398243773,0.489499874243242,0.1486015923208288,0.1897448129051466,0.4965985370699256,97.89982474422445,0,1,0,1,1,1,1,1,0,1,0,1,1,1
param_20032,real_005,0.7710684249132028,0.4173320356879168,0.07453204753301368,0.11019981156079686,0.034274232130896566,802.7170664348605,1,0,0,0,1,0,0,0,0,0,0,0,1,1
param_20033,real_002,0.8511990760841868,0.6253597951590639,0.3285638454679097,0.351623765330692,0.5950077429048926,266.4301410570183,1,1,0,1,1,1,0,1,0,1,0,1,1,1
param_20033,real_003,0.7630118522047521,0.49764975678931905,0.12968468589813356,0.16357701057059437,0.6657254324221095,105.15480144807954,1,1,0,1,1,1,0,0,0,1,0,0,1,1
param_20033,real_004,0.7606836188431859,0.5191556631491462,0.1662653371060727,0.20161569493120168,0.6926754375015602,50.29369285571359,0,1,0,1,1,1,1,1,1,1,1,1,1,1
param_20033,real_005,0.7630170928269748,0.4847756018986965,0.1144000159451111,0.1658337901901124,0.27451066766515425,590.895167492197,1,0,0,0,1,0,0,0,0,0,0,1,1,1
param_20034,real_001,0.7761259225493455,0.6337128829683951,0.2065591423313265,0.26565088707554496,0.6229136282612219,142.97291784844575,1,1,1,1,1,1,1,1,1,1,1,1,1,1
param_20034,real_002,0.8511613264084142,0.7316529262649395,0.3732220272272075,0.4101180056523456,0.704654136299706,156.1661121870863,1,1,0,1,1,1,1,1,0,1,0,1,1,1
param_20034,real_003,0.7710577921494317,0.5942158593727285,0.19129742760051008,0.23981547616221627,0.752954748521212,65.73661034421833,1,1,1,1,1,1,0,1,1,1,0,1,1,1
param_20034,real_004,0.7998422252960977,0.6762628060851891,0.2541902819876317,0.3034276237684665,0.6280322307039864,63.63712329330859,1,1,1,1,1,1,1,1,1,1,1,1,1,1
param_20034,real_005,0.763579976948441,0.6069152498505519,0.18788693375303336,0.24595485461315397,0.6699571231317071,513.2417632088799,1,1,1,1,1,1,0,1,0,1,0,1,1,1
param_20035,real_001,0.7876372024574159,0.684937078561571,0.22277926887055993,0.29296873283587915,0.45281781108187985,164.0260124945614,1,1,1,1,1,1,1,1,1,1,1,1,1,1
param_20035,real_002,0.8821462473642367,0.7856132477115745,0.38126610336313277,0.45673871530294474,0.26581587674740775,17.284346263086448,1,1,1,1,1,1,1,1,1,1,1,1,1,1
param_20035,real_003,0.7830502948976057,0.6535233678961907,0.21108733899209348,0.2796084808876852,0.3866220204613735,234.20476378682721,1,1,1,1,1,1,1,1,1,1,1,1,1,1
param_20035,real_004,0.8200527185400495,0.7240656695999202,0.276569056681276,0.35340987225093984,0.3645111338017216,55.40652832963765,1,1,1,1,1,1,1,1,1,1,1,1,1,1
param_20035,real_005,0.7919593923023909,0.69856075778518,0.24844505722677637,0.31779284348391995,0.28533149698639104,256.93614436389305,1,1,1,1,1,1,1,1,1,1,1,1,1,1
param_20036,real_001,0.8085973231488717,0.36434893407458735,0.04208514756858962,0.07439183208221534,0.48137994560926395,385.0873143651173,0,0,0,1,0,1,0,1,0,1,0,0,1,1
param_20036,real_002,0.8028944305108593,0.37140160591866966,0.04741937505451986,0.07597411157746332,0.6993185118981119,399.48423952658595,0,1,0,1,0,1,0,1,0,1,0,0,1,0
param_20036,real_003,0.8508862277204012,0.40461432324262714,0.10772553681679861,0.130003522428518,0.6326736219943582,458.23626903528066,0,1,0,0,0,1,0,0,0,0,0,0,1,1
param_20036,real_004,0.8218501093672566,0.3440368167807252,0.0483633683378252,0.08882521677121485,0.451373853262204,138.11076976940524,0,1,0,0,0,1,0,1,0,1,0,0,0,1
param_20036,real_005,0.8392657784089917,0.39641366542509004,0.10915214009467093,0.14336857113534524,0.5283335124100139,180.44285832316694,0,1,0,1,0,1,0,0,0,0,0,0,0,1
param_20037,real_001,0.8106650193370144,0.39803484424573604,0.052265121633072134,0.08876619608579825,0.6843594755273231,374.6894882537745,0,1,0,1,0,1,0,1,0,1,0,0,1,1
param_20037,real_002,0.8033350632377476,0.4043613179072404,0.0560554903153158,0.08784237928489816,0.8460399094836454,384.6946209551356,0,1,0,1,0,1,0,1,0,1,0,0,1,0
param_20037,real_003,0.8530212826035894,0.44028469556379457,0.1148212376508829,0.13673544403989601,0.789769066079112,443.9784175596861,0,1,0,0,0,1,0,1,0,0,0,0,1,1
param_20037,real_004,0.8240036818111363,0.3789703273593441,0.06813008741998723,0.11139183261672599,0.6114635251472588,165.70614323930212,0,1,0,0,0,1,0,1,0,1,0,0,0,1
param_20037,real_005,0.8443564234599659,0.43817821355545744,0.12834348653228744,0.15807038285353717,0.7891426876297835,140.44359465746365,0,1,0,1,0,1,0,0,0,0,0,0,0,1
param_20038,real_001,0.803485460679721,0.41901622445712233,0.05998271355598537,0.10130753700001018,0.5712060876079328,360.0886755208826,0,1,0,1,0,1,0,1,0,1,0,0,1,1
param_20038,real_002,0.7892430906522372,0.41055367749281757,0.05846966858838127,0.09188797463016242,0.8024543070486257,366.83602095378484,0,1,0,1,0,1,0,1,0,1,0,0,1,0
param_20038,real_003,0.8465437578856785,0.4553034785931566,0.12801163141769759,0.1506051842572796,0.7251015238631338,421.13013887693774,0,1,0,0,0,1,0,1,0,0,0,0,1,1
param_20038,real_004,0.8116226185180089,0.3828860484199281,0.0683224679512318,0.11831090633522023,0.5930183821328064,365.25946016374553,0,1,0,1,0,1,0,1,0,1,0,0,0,1
param_20038,real_005,0.8331031987752557,0.4444824448100155,0.13258170736701927,0.16235330866562844,0.7934381041710534,98.83381571369775,0,1,0,1,0,1,0,0,0,0,0,0,1,1
param_20039,real_001,0.7970966015834321,0.47228210561791756,0.09525702973364318,0.13743308411050412,0.8940791863421722,463.8093641602407,1,1,1,1,1,1,1,1,0,1,0,1,1,1
param_20039,real_002,0.7960269350604979,0.49583361560239536,0.09913848358824834,0.13080643388314703,1.2006702177476,340.60396610266446,1,1,1,1,1,1,1,1,0,1,0,0,1,1
param_20039,real_003,0.8433657121350424,0.5266398002410698,0.11609426019829071,0.14695975975839512,1.020026235242676,475.5366732968695,1,1,1,1,1,1,1,1,0,0,0,1,1,1
param_20039,real_004,0.8222208558243385,0.4784495959429255,0.12837148929558842,0.16608116404241002,0.8861863904041208,319.91638625819246,1,1,1,1,1,1,1,1,0,1,0,1,0,1
param_20040,real_001,0.8029008463637548,0.6005870818316008,0.16874991818477725,0.21998698513996842,0.6996670884365441,252.80106742188903,1,1,1,1,1,1,1,1,0,1,0,1,1,1
param_20040,real_002,0.7699607629363768,0.5538276126865607,0.13780298258417725,0.18388088111806314,0.9969578116357419,318.6283806179349,1,1,1,1,1,1,1,1,0,1,0,1,1,1
param_20040,real_003,0.8403734023714614,0.6075526810188959,0.1907171676986204,0.2365103101675106,0.7625663616853045,334.98934550961746,1,1,1,1,1,1,1,1,0,0,0,1,1,1
param_20040,real_004,0.8004881025829299,0.5522682396281131,0.1727816569160763,0.21954963394672786,0.7622921387268923,427.98489323894273,1,1,1,1,1,1,1,1,0,1,0,1,1,1
param_20040,real_005,0.834240029947349,0.6091863569646396,0.21857470432628312,0.2626813371884338,0.7156952703266323,98.08572155364789,1,1,1,1,1,1,1,1,0,1,0,1,1,1
param_20041,real_001,0.775295547984544,0.644477453424163,0.19621368157607674,0.2673837561903836,0.35912495483302,250.29426343869716,1,1,1,1,1,1,1,1,1,1,1,1,1,1
param_20041,real_002,0.7935564870197654,0.6670877507618858,0.18759610690881762,0.2607068685490676,0.4294241615807234,235.0810191172755,1,1,1,1,1,1,1,1,1,1,1,1,1,1
param_20041,real_003,0.8388054327724878,0.7038047519800457,0.19849947983317606,0.2688653837682626,0.3944142596110795,333.82464316600283,1,1,1,1,1,1,1,1,1,1,1,1,1,1
param_20041,real_004,0.8322284719205133,0.6965885432355856,0.23187673600944808,0.306436278731156,0.3082647628267183,155.77580084626814,1,1,1,1,1,1,1,1,1,1,1,1,1,1
param_20041,real_005,0.8559096362312114,0.7219619375878658,0.26166518275766804,0.3331054936584792,0.3256167880334936,182.95865755680853,1,1,1,1,1,1,1,1,1,1,1,1,1,1
param_20042,real_001,0.7832465910147729,0.3991558471623091,0.05974299014991444,0.07959909179159948,0.7881695018368159,257.9517317127251,0,0,0,0,0,1,0,0,0,1,0,0,1,1
param_20042,real_002,0.7856564341082958,0.3351876160107106,0.04427461516408548,0.06953784995722188,0.3744533846422949,864.2109461940294,0,0,0,1,0,0,0,1,0,1,0,1,1,1
param_20042,real_003,0.7717917241334575,0.41502782497881596,0.053646513487080584,0.07268123994576302,0.7770333107879608,342.958282833842,0,1,0,0,0,0,0,1,0,0,0,1,1,1
param_20042,real_004,0.7886956122094141,0.3387975509441997,0.05204628002282778,0.08615869444768061,0.09760441891648489,937.7525590432067,0,0,0,1,1,0,0,0,0,0,0,1,1,1
param_20042,real_005,0.7966149283461352,0.36347494958810356,0.05763730878791254,0.08754681979648035,0.3972227411420387,722.5852124984227,0,1,0,1,0,1,0,1,0,0,0,0,1,1
param_20043,real_001,0.7792656679880756,0.41830987358738225,0.06658401565130752,0.09517521181488114,1.0258370628211504,208.85726104002254,0,1,0,0,0,1,0,0,0,1,0,0,1,1
param_20043,real_002,0.7890264429551597,0.369061109884231,0.05718896129130512,0.08914592620358029,0.5947546531302876,784.0587135347496,0,1,0,1,0,1,0,1,0,1,0,1,1,1
param_20043,real_003,0.7682303461324475,0.4370178832149897,0.05899405481929715,0.08453859341407784,0.9402144976040161,301.83332475118556,0,1,0,0,0,1,0,1,0,0,0,1,1,1
param_20043,real_004,0.7876310459129684,0.36729946939688657,0.061479092663340645,0.10042066855151308,0.1641003553354151,767.7897202155684,0,0,1,1,1,0,0,1,0,0,0,1,1,1
param_20043,real_005,0.800184845580365,0.3996827880624407,0.07315918095094967,0.10719554219386052,0.5816888654114628,642.8086479538148,0,1,0,1,0,1,0,1,0,1,0,1,1,1
param_20044,real_001,0.7700425651709452,0.43152821775729405,0.07329061479019694,0.10427028395079237,1.0523427866831072,226.47536058420005,0,1,0,0,0,1,0,0,0,1,0,0,1,1
param_20044,real_002,0.777951872097479,0.3801442180156853,0.060994112554623774,0.09497421517412322,0.5981468504243557,793.7251877581366,0,1,0,1,0,1,0,1,0,1,0,1,1,1
param_20044,real_003,0.7553925317815797,0.4489832919006313,0.06332444010733661,0.09093223599048693,0.9237943627680495,252.40674189085576,0,1,0,0,0,1,0,1,0,0,0,1,1,1
param_20044,real_004,0.7795463179761848,0.38371175444368144,0.06854281225670336,0.1103909746732466,0.14395210426858343,810.3985628194879,0,0,1,1,1,1,0,1,0,0,0,0,1,1
param_20044,real_005,0.7901206988592899,0.4043279716482639,0.0744719325606968,0.1130742886534617,0.5533790948155589,691.2273479359669,0,1,0,1,0,1,0,1,0,0,0,1,1,1
param_20045,real_001,0.7815602940293961,0.5159466775641026,0.11520147227280984,0.1527708492906904,0.9597059333680236,177.1434381264894,1,1,0,1,1,1,0,1,1,1,0,1,1,1
param_20045,real_002,0.7970787690549814,0.4751233853643822,0.1277433833762088,0.16750650017858018,0.8747514357626577,426.489022289125,1,1,1,1,1,1,1,1,0,1,0,1,1,1
param_20045,real_003,0.7682604262450937,0.5125779126943459,0.1015052702087443,0.13948465864186949,1.107973181237404,242.7953024946979,1,1,1,1,1,1,1,1,1,1,0,1,1,1
param_20045,real_004,0.7675897251959936,0.4442616282209212,0.09358341698110577,0.14471644263912917,0.6060090702947846,501.494384470814,1,1,1,1,1,1,1,1,0,1,0,1,1,1
param_20045,real_005,0.7985363430636464,0.4721867019233883,0.11452956132546287,0.15071762309380043,0.955651650643044,388.2873746742567,1,1,1,1,1,1,1,1,0,1,0,1,1,1
param_20046,real_001,0.7759800288006525,0.5878833504386052,0.1652165880485253,0.21249530144259285,0.9160709493253959,179.04787003535978,1,1,1,1,1,1,1,1,0,1,0,1,1,1
param_20046,real_002,0.786836176573616,0.5636066574237424,0.16661792314437943,0.22196057807876626,0.8072429765986886,349.27266618338166,1,1,1,1,1,1,1,1,0,1,0,1,1,1
param_20046,real_003,0.7507139036346886,0.5779012074171725,0.1455992763551765,0.19182737355431873,0.9662708496973618,188.14501942148644,1,1,1,1,1,1,1,1,1,1,0,1,1,1
param_20046,real_004,0.7621150773194814,0.5526196409473532,0.1532207502292245,0.21254676843380416,0.6461462693917754,425.6908785129852,1,1,1,1,1,1,1,1,0,1,0,1,1,1
param_20046,real_005,0.7969440771264961,0.5668090521092273,0.16823951704691167,0.2156908733869041,0.7917100452751616,344.60657930070533,1,1,1,1,1,1,1,1,0,1,0,1,1,1
param_20047,real_001,0.8080639582733745,0.6874580905398143,0.21666565601495755,0.28267160115370626,0.4114533935278273,171.55847708371766,1,1,1,1,1,1,1,1,1,1,1,1,1,1
param_20047,real_002,0.8317716009607008,0.700529824269926,0.2616749862920971,0.33234819183079783,0.31274489072431677,46.15262426126129,1,1,1,1,1,1,1,1,1,1,1,1,1,1
param_20047,real_003,0.804759849090187,0.6834451550452121,0.2175443139069942,0.29314728614505164,0.3754116290405031,276.0790443713957,1,1,1,1,1,1,1,1,1,1,1,1,1,1
param_20047,real_004,0.770467293485255,0.6331828032109343,0.20766059894603892,0.28298194590227504,0.3651329353625193,235.4925560588241,1,1,1,1,1,1,1,1,1,1,1,1,1,1
param_20047,real_005,0.8252885167308314,0.680773572496574,0.23171195345558807,0.30530067534318794,0.33357708563142174,44.04296096785969,1,1,1,1,1,1,1,1,1,1,1,1,1,1
param_20048,real_001,0.7949652101221288,0.3457429839464989,0.0628235183121837,0.09094133512173298,0.25641894754681804,879.6330984600852,0,0,0,0,0,0,0,0,0,0,0,0,1,1
param_20048,real_002,0.8038791385461106,0.3776868152917324,0.13281563258926457,0.15296956332336165,0.4332284958314612,127.64700799999495,0,0,0,0,0,0,0,1,0,0,0,0,1,1
param_20048,real_003,0.7594479184589343,0.33663984072018244,0.05536669458394819,0.08427373171580899,0.07250401988013448,545.6083440145155,0,0,0,0,0,0,0,1,0,0,0,0,1,1
param_20048,real_004,0.8469274343189845,0.47958968801549706,0.19187434327775033,0.22923105634655305,0.09587285887695005,190.1614609713585,0,0,0,0,0,0,0,1,0,0,0,0,1,1
param_20048,real_005,0.7616511441451848,0.36377938550088884,0.06003432145600031,0.08865298796450359,0.156390246059293,857.4536473983771,0,0,0,0,0,0,0,0,0,0,0,1,1,1
param_20049,real_001,0.7843194817201135,0.37012323604461367,0.0745042807642707,0.09942143356944927,0.06708421661206398,755.3124637456303,0,0,0,0,0,0,1,0,0,0,0,0,1,1
param_20049,real_002,0.797286274056854,0.40980894927150957,0.1407454308105306,0.16024476967273493,0.6863540627424898,7.75127161768936,0,1,0,0,0,1,0,1,0,0,0,1,1,1
param_20049,real_003,0.757497143454587,0.37773499396976973,0.08626714483330344,0.11480169074527533,0.36362762993563263,464.79600760033134,0,0,0,0,0,0,0,1,0,0,0,1,1,1
param_20049,real_004,0.8443924910047639,0.501400276537635,0.21683968360817737,0.255420553294017,0.34190664189503017,170.40328985571048,1,1,0,1,1,0,0,1,0,0,0,1,1,1
param_20049,real_005,0.750380663861469,0.3876456558533928,0.07191265330142542,0.09990116022678563,0.44092885927462794,762.0069274634175,0,0,0,0,1,1,0,0,0,0,0,1,1,1
param_20050,real_001,0.7809066562157845,0.3970499560437266,0.08887816264155214,0.12002298856340211,0.05686709520829778,764.8656365428255,0,0,0,0,0,0,1,0,0,0,0,0,1,1
param_20050,real_002,0.7929021929561938,0.43440855420448665,0.1543562959630522,0.1811759578674295,0.7800802578777712,20.13337577219471,0,1,0,0,0,1,0,1,0,0,0,1,1,1
param_20050,real_003,0.751873790980878,0.39331344258719286,0.1016241168452309,0.13340648584105755,0.3807668181040546,472.95943654987786,0,0,0,0,0,0,0,1,0,0,0,1,1,1
param_20050,real_004,0.8364328249691606,0.512751547704978,0.22787074757596237,0.27075114025699,0.4207872385298234,169.93286657130315,1,1,0,1,1,0,0,1,0,0,0,1,1,1
param_20050,real_005,0.7364863718910509,0.39955095504487553,0.07328108308403727,0.10330506267198353,0.420825449385052,788.4097729603116,0,0,0,0,1,1,0,0,0,0,0,1,1,1
param_20051,real_001,0.7670712318895581,0.45158490910695565,0.1116950399242645,0.16796940935071075,0.26769691625022746,583.2248488316244,1,1,0,0,1,1,1,1,0,1,0,0,1,1
param_20051,real_002,0.7865572947215488,0.5013179385291268,0.1565832728823248,0.19266428810413727,0.9415990297602388,86.7142598505963,1,1,1,1,1,1,0,1,0,1,0,1,1,1
param_20051,real_003,0.7520420534476518,0.4603733962502515,0.12587716344488392,0.15949611453713566,1.0803256948108433,257.00239923616203,1,1,1,1,1,1,0,1,0,1,0,1,1,1
param_20051,real_004,0.8429723229718527,0.5788372747439587,0.2668213151554338,0.313707126125641,0.5148126401195687,153.03133998552514,1,1,1,1,1,1,1,1,0,1,0,1,1,1
param_20051,real_005,0.7395583904422987,0.4626949266589313,0.11365942178068458,0.1487293381730139,0.8444028507666834,437.194815910504,0,0,1,1,1,1,1,1,0,1,0,1,1,1
param_20052,real_001,0.7731803005326934,0.5774803468647395,0.2026436377608545,0.2565196106159427,0.5903439405487805,418.8167480793411,1,1,1,1,1,1,1,1,0,1,0,0,1,1
param_20052,real_002,0.7918715117147553,0.6061999798116742,0.22492777717906423,0.2722625792931881,0.8985782357726727,110.12335037615347,1,1,1,1,1,1,1,1,0,1,0,1,1,1
param_20052,real_003,0.7740240984424002,0.5933688314890552,0.20511174901104226,0.24218989805438157,0.8935510516801743,213.46623540280913,1,1,1,1,1,1,1,1,0,1,0,1,1,1
param_20052,real_004,0.8474301608508015,0.6931082128133642,0.3299696474092281,0.38513284850576746,0.5051024453228529,86.84093831005156,1,1,1,1,1,1,1,1,1,1,0,1,1,1
param_20052,real_005,0.716696402888813,0.5389379253624232,0.1418257285344019,0.18611296473666664,1.0891266030511153,407.03175705996154,0,1,1,1,1,1,1,1,0,1,0,1,1,1
param_20053,real_001,0.7988504709896924,0.6844635708822127,0.25078408317519935,0.3201846977741646,0.3348183397110945,271.04591692463066,1,1,1,1,1,1,1,1,1,1,1,1,1,1
param_20053,real_002,0.8178549229524822,0.6796345585706624,0.2711192315015129,0.3391014403697057,0.3823023473160953,183.31966282948605,1,1,1,1,1,1,1,1,1,1,1,1,1,1
param_20053,real_003,0.8016134294729045,0.6687381402568735,0.23518510765683062,0.31227968509963466,0.3315677195704347,64.38555964887185,1,1,1,1,1,1,1,1,1,1,1,1,1,1
param_20053,real_004,0.8865413106266539,0.7971077334871517,0.3813586646024813,0.4594919203384227,0.2134649968936991,93.59191908227257,1,1,1,1,1,1,1,1,1,1,1,1,1,1
param_20053,real_005,0.7770119623660253,0.659003123723366,0.2163309279071416,0.2852638264605046,0.4765343911857348,43.19480831097144,1,1,1,1,1,1,1,1,1,1,1,1,1,1
param_20054,real_001,0.8560113656526767,0.4478372307218387,0.12978472473355906,0.15750088662928272,0.6057742782152231,251.7987161494453,0,1,0,0,0,1,0,0,0,0,0,0,0,1
param_20054,real_002,0.8498188242783368,0.4805309839738206,0.14248278405968337,0.15532397481079172,0.5935270655270656,146.53295821839924,0,1,0,0,0,0,0,1,0,0,0,0,1,1
param_20054,real_003,0.8244305077461336,0.3961364609482906,0.04991075836913657,0.07148925470737058,0.4109243509899774,583.5242220427895,0,0,0,0,0,1,0,0,0,0,0,1,1,1
param_20054,real_004,0.8385281502526398,0.41381815126850824,0.13523122910097038,0.1480114711847161,0.3719117482360847,152.16821272125517,0,0,0,1,0,1,0,0,0,1,0,0,0,0
param_20054,real_005,0.7890578066035833,0.2910181699471886,0.008921145549288563,0.02717958269971805,0.2851059954004144,559.5350465092413,0,1,0,1,0,1,0,0,0,0,0,0,0,1
param_20055,real_001,0.8539270441076006,0.46252866753166216,0.1276467651150989,0.15551495489095857,0.7952427348979073,238.1454886297041,0,1,0,1,0,1,0,1,0,0,0,0,0,1
param_20055,real_002,0.8499344923477244,0.4931366220906262,0.14126447167942655,0.1559905216905779,0.8138065970523809,140.0125744233174,0,1,0,0,0,1,0,1,0,0,0,0,1,1
param_20055,real_003,0.8173608151381161,0.4050457055530087,0.05672885112416593,0.07721162674136325,0.640313078956681,535.5315402484082,1,0,0,0,1,1,0,0,0,0,0,1,1,1
param_20055,real_004,0.8384337251903783,0.4403797778045079,0.13749801119858532,0.15974832609386738,0.6252285951787199,155.1039610286436,0,0,0,1,0,1,0,0,0,1,0,0,0,1
param_20055,real_005,0.7876909073155387,0.30996193108120496,0.011452319163640529,0.034413908165565436,0.36404037838867376,507.770837991181,0,1,0,1,0,1,0,0,0,0,0,1,0,1
param_20056,real_001,0.8486924925049049,0.4864108138701436,0.15294920904101944,0.1805618181859204,0.6998567335243553,266.39689000405326,0,1,0,1,0,1,0,1,0,0,0,0,0,1
param_20056,real_002,0.8442116706065436,0.5158112256280607,0.15925455930629312,0.17242988249951652,0.7817275610660296,142.28886359775348,0,1,0,0,0,1,0,1,0,0,0,0,1,1
param_20056,real_003,0.813205140921256,0.4364874605259289,0.06922863111720068,0.09404551279694123,0.5840989044125038,470.6191263382698,1,0,0,0,1,1,0,0,0,0,0,1,1,1
param_20056,real_004,0.8293955232792177,0.45755656845391685,0.14521810372736274,0.17271361347794886,0.6090293544433505,168.73476993834953,0,0,0,1,0,1,0,0,0,1,0,0,1,1
param_20056,real_005,0.774822622715332,0.32101886247517136,0.014075643643132884,0.040098655362698465,0.33593270293503624,465.46436159766927,0,1,0,1,0,1,0,0,0,0,0,1,1,1
param_20057,real_001,0.8339989760971459,0.5305180301057728,0.14325201477907668,0.17831427159973004,0.8527282149996298,180.10656349520033,1,1,1,1,1,1,1,1,0,1,0,0,0,1
param_20057,real_002,0.8332634507084449,0.5393158661185548,0.13977339552700918,0.1681327206127916,1.0885578997842245,120.05242434741757,1,1,1,1,1,1,1,1,0,1,0,1,0,1
param_20057,real_003,0.7670799197498012,0.42350096325249437,0.0645691517206352,0.08992155082176188,0.8622242431354142,324.58473182454816,1,0,1,0,1,1,1,1,0,1,0,1,0,1
param_20057,real_004,0.831253590719576,0.5322679248784035,0.163087756758803,0.1971920830844851,0.8348254702746203,91.46150061683448,1,1,1,1,1,1,1,1,0,1,0,1,1,1
param_20057,real_005,0.7715380237748117,0.41827166286156886,0.049681672113538584,0.10045611327673809,0.8997228931730954,455.6416414610609,1,1,1,1,1,1,1,0,0,1,0,1,0,1
param_20058,real_001,0.8349160783693503,0.6306142284674444,0.22645178636348023,0.2662567164437843,0.6386444855206408,190.64380126446895,1,1,1,1,1,1,1,1,0,1,0,0,1,1
param_20058,real_002,0.8349181262757496,0.6508956920150964,0.22232578203975437,0.25058968112494573,0.8361341865228288,135.6741929240734,1,1,1,1,1,1,1,1,0,1,0,1,1,1
param_20058,real_003,0.7811429396304856,0.5635365828367928,0.1422403674714627,0.18446447257769555,0.7521325439125565,239.5928878888788,1,1,1,0,1,1,1,1,0,0,0,1,1,1
param_20058,real_004,0.8224053800942577,0.6283720710638986,0.22896411203054434,0.2682788280452263,0.7150906141134155,92.91607069922668,1,1,1,1,1,1,1,1,0,1,0,1,1,1
param_20058,real_005,0.7514313838306689,0.4865891773638154,0.10362258714263228,0.15441863366075306,0.8678046238513454,473.18121116133364,1,1,1,1,1,1,1,1,0,1,0,1,1,1
param_20059,real_001,0.8202603908925397,0.6991542478559851,0.2259302924080429,0.2958753606151489,0.337410564451149,127.85731139600072,1,1,1,1,1,1,1,1,1,1,1,1,1,1
param_20059,real_002,0.8311443751048091,0.7046876780333562,0.2273186816381687,0.2984691557134287,0.36481069594255516,161.32319404337636,1,1,1,1,1,1,1,1,1,1,1,1,1,1
param_20059,real_003,0.7292517007772474,0.5735091814169231,0.1442233675442826,0.21512694655321782,0.34776264294480025,76.12672994075703,1,1,1,1,1,1,1,1,1,1,1,1,1,1
param_20059,real_004,0.8318119100205217,0.7187858029081592,0.2624189661112316,0.334246011960213,0.279815081284634,81.27973685578914,1,1,1,1,1,1,1,1,1,1,1,1,1,1
param_20060,real_001,0.8085607213938065,0.43990598848809376,0.09761514347791536,0.1300787288168659,0.8060755498569878,389.7496697316172,0,1,0,0,1,1,0,1,0,0,0,0,0,1
param_20060,real_002,0.8261079247145076,0.553126347315866,0.16731200986972794,0.17916365853936927,0.5897182206743707,154.7181489390412,1,1,1,0,0,1,0,1,0,0,0,0,1,1
param_20060,real_003,0.7881167098128126,0.4189935661224431,0.04565304627265147,0.07522653737149082,0.35842605361089597,863.9135350703503,1,0,0,0,1,0,0,1,0,0,0,1,0,1
param_20060,real_004,0.8075663168359472,0.42976606534509915,0.09509343877494142,0.12523610526116621,0.4695197390619728,147.68392627291863,0,0,0,1,1,0,0,0,0,1,0,0,0,1
param_20060,real_005,0.7913670055767618,0.38114068828281716,0.024228499606366846,0.05434033186912905,0.4714058290472692,633.6373231192284,1,1,0,1,0,1,0,0,0,0,0,1,0,1
param_20061,real_001,0.8065865034845825,0.4584688145677714,0.10188628294796383,0.13539310351780942,0.9042862332001453,280.6804658511416,0,1,0,0,1,1,1,1,0,1,0,0,0,1
param_20061,real_002,0.8278833377260392,0.5623367116756488,0.16133127690480553,0.1753136463330935,0.6809084404982481,135.23291975145386,1,1,1,0,0,1,1,1,0,0,0,1,1,1
param_20061,real_003,0.780580956580107,0.43004251415576905,0.05482566752194918,0.08947519745385824,0.4670725055861499,718.7875031528057,1,0,0,0,1,0,0,1,0,0,0,1,0,1
param_20061,real_004,0.8080771684197039,0.4431299486147546,0.10944634777699952,0.14424697610674114,0.5648625504622429,143.62417941334024,0,0,0,1,1,0,0,1,0,1,0,0,0,1
param_20061,real_005,0.7874850771284412,0.3955716749297724,0.029462632815638833,0.0635277525485683,0.5070351002595839,555.8990268483401,1,1,0,1,1,1,0,0,0,0,0,1,0,1
param_20062,real_001,0.8005109004344313,0.48023405957848725,0.1170615198748202,0.15107573113088152,0.8791630033409531,335.73204347030645,0,1,0,0,1,1,1,1,0,1,0,0,0,1
param_20062,real_002,0.8212711067790797,0.5825324762283192,0.17913616222319192,0.19148916397776822,0.6691336061199075,179.0157140982416,1,1,1,0,0,1,1,1,0,0,0,1,1,1
param_20062,real_003,0.7779188895737806,0.45401834130620194,0.06635477680322706,0.10563331261153809,0.44840883883627675,728.3215886696835,1,0,0,0,1,0,0,1,0,0,0,1,0,1
param_20062,real_004,0.8011535622587808,0.4652951109315581,0.11874920132626295,0.15808370329164143,0.5491652797556749,155.05184030024412,0,0,0,1,1,1,0,1,0,1,0,0,0,1
param_20062,real_005,0.7791670174722017,0.4122827648044406,0.0344622900646021,0.0745678788027858,0.527282440498121,546.0279738396903,1,1,0,1,1,1,0,0,0,0,0,1,0,1
param_20063,real_001,0.7970952412435013,0.5214430949375893,0.12714918357338562,0.16606204072606098,0.8576802338168434,124.76841038846068,1,1,1,1,1,1,1,1,0,1,0,1,0,1
param_20063,real_002,0.8217961753238224,0.6035503492907719,0.1633881026566151,0.19353844687430308,0.8799519316117932,91.95904083392627,1,1,1,1,1,1,1,1,0,1,0,1,1,1
param_20063,real_003,0.7557588187044958,0.46601788079597567,0.08204029887298239,0.11247683561089508,0.6450270811928409,370.4447890356159,1,0,1,0,1,1,0,1,0,0,0,1,0,1
param_20063,real_004,0.8015966048242867,0.5084181140052874,0.14318402575978664,0.18504837083667675,0.6150269402134494,71.10155008958145,1,1,1,1,1,1,1,1,1,1,0,1,0,1
param_20063,real_005,0.7635515145777394,0.45181503097904907,0.056342880676410426,0.10276146556847829,0.7389186692605915,346.6899284809181,1,1,1,1,1,1,0,1,0,1,0,1,0,1
param_20064,real_001,0.8002099021817607,0.6282739412531978,0.20317284039782416,0.2493210318037793,0.5781145363029531,198.19736469198276,1,1,1,1,1,1,1,1,1,1,1,1,1,1
param_20064,real_002,0.8233923817297384,0.6927558101994535,0.2428525121428767,0.28147139578650926,0.7561765944504235,153.8388721386302,1,1,1,1,1,1,1,1,0,1,0,1,1,1
param_20064,real_003,0.7614165822929111,0.582893108797475,0.14898525025392767,0.19871581675860667,0.5939696554088805,292.727578346166,1,1,1,1,1,1,0,1,1,0,0,1,1,1
param_20064,real_004,0.8097036061379785,0.6356784866924147,0.22447158469277265,0.274341300174849,0.5220711860309227,52.350087497807124,1,1,1,1,1,1,1,1,1,1,1,1,1,1
param_20064,real_005,0.749559016065202,0.5450492591137813,0.11720149836507061,0.17255825268547043,0.7816296085813739,446.6793562823546,1,1,1,1,1,1,1,1,0,1,0,1,1,1
param_20065,real_002,0.8272149926813441,0.7169170603694446,0.23389926980413864,0.3045411599656762,0.3709387765841978,132.90171354809726,1,1,1,1,1,1,1,1,1,1,1,1,1,1
param_20065,real_003,0.7410773535968549,0.5927667528190949,0.14823821789649805,0.21648426397875128,0.34327602018893455,90.66592179416331,1,1,1,1,1,1,1,1,1,1,0,1,1,1
param_20065,real_004,0.824401597029119,0.7084546657930758,0.26242076791038416,0.33641441505745745,0.24632589471559588,94.12621492952368,1,1,1,1,1,1,1,1,1,1,1,1,1,1
param_20065,real_005,0.7485291516837319,0.6084090678938009,0.15856148721880028,0.22927836102476276,0.48161816228336524,182.95730868020695,1,1,1,1,1,1,1,1,1,1,0,1,1,1
param_20066,real_001,0.7503556439420271,0.4263205280444458,0.041858644435101254,0.07598634384956579,0.15173857352619577,784.5001245461804,1,0,1,0,1,0,1,1,0,0,0,1,1,1
param_20066,real_002,0.7531494538495365,0.448849233256276,0.04294010162915638,0.07248547537852064,0.5422488038277512,257.50873394468863,0,0,1,1,0,1,1,0,0,1,1,1,1,1
param_20066,real_003,0.7814870363530748,0.4387961442754722,0.058065812013023806,0.08531460714943105,0.16978728824353587,429.5633998265297,1,0,1,1,0,1,1,1,0,1,1,1,0,1
param_20066,real_004,0.7439002601492617,0.40393488047820825,0.02611025085845954,0.04022084305573462,0.2593742168070791,704.0848930667522,1,1,0,0,1,0,0,1,0,0,0,1,1,1
param_20066,real_005,0.838005538742424,0.576853105149307,0.26261078775033814,0.2748202536262923,0.3514733950933383,236.13360940610576,1,1,0,0,1,1,0,0,0,1,0,1,0,1
param_20067,real_001,0.7435616109571359,0.4312626617471562,0.04828025334441387,0.08491465473212564,0.03973878997456489,727.448718478863,1,0,1,0,1,0,1,1,1,0,0,1,1,1
param_20067,real_002,0.7554186417187738,0.46197113289171043,0.05613267740328366,0.09019474171788952,0.5926996534178895,228.14761183710303,1,1,1,1,1,1,1,0,0,1,1,1,1,1
param_20067,real_003,0.778301467210969,0.4471610700742793,0.06484781354787225,0.09778131613755846,0.32348176298696385,388.6939309953442,1,1,1,1,0,1,1,1,0,1,1,1,0,1
param_20067,real_004,0.7357713997243748,0.41580397220987275,0.028175118386810097,0.044655944683346674,0.30665231127662956,603.1218649337957,1,1,0,0,1,0,0,1,0,0,0,1,1,1
param_20067,real_005,0.8385704805590806,0.5936953290053605,0.26035031691723115,0.2745819970554127,0.41641237701411665,210.7086966463225,1,1,0,0,1,1,0,1,1,1,0,1,0,0
param_20068,real_001,0.7276190345276389,0.44071556459223665,0.05539333844487035,0.09413920901261996,0.035793363137630985,746.2298719196302,1,0,1,0,1,0,1,1,1,1,0,1,1,1
param_20068,real_002,0.7423828853593786,0.4757899959908882,0.05907184924965803,0.09537229288204507,0.5938567046704092,238.13087752066554,1,1,1,1,1,1,1,0,0,1,1,1,1,1
param_20068,real_003,0.7616165810223943,0.4524568967322867,0.06586299175835342,0.1017526194738405,0.32883382916685167,382.75669596382704,1,1,1,1,0,1,1,1,0,1,1,1,0,1
param_20068,real_004,0.7249679281878985,0.42261885303633356,0.03167021808788774,0.05100540443156488,0.380735454592694,596.4919360121677,1,1,0,0,1,0,0,1,0,0,0,1,1,1
param_20068,real_005,0.834608442668281,0.6136176086847012,0.2765122845665015,0.29130921825101574,0.4115340123578704,225.6419649805158,1,1,0,0,1,1,0,1,1,1,0,1,0,0
param_20069,real_001,0.7269779114861609,0.4630310393376287,0.0712023680419374,0.11270061905762213,0.25031388726962917,659.7680727789768,1,0,1,0,1,1,1,1,1,1,0,1,1,1
param_20069,real_002,0.7515889699182672,0.5065663238758937,0.09379779372597435,0.13670973051175908,0.6143575612979827,134.94881573105636,1,1,1,1,1,1,1,1,0,1,1,1,1,1
param_20069,real_003,0.77378697763569,0.4886181423568922,0.10468080043985907,0.1460030749511112,0.7356293842556508,321.4577629710267,1,1,1,1,1,1,1,1,0,1,1,1,0,1
param_20069,real_004,0.7053200608244394,0.4391261749575296,0.038422466225577,0.07076856957200674,0.46529171834443606,473.878483088762,1,1,1,0,1,1,1,1,0,0,0,1,1,1
param_20069,real_005,0.8376187739488976,0.6410378239614386,0.2526144122459,0.2793401550673901,0.4900685817805383,113.00027214675231,1,1,1,1,1,1,1,1,1,1,1,1,0,0
param_20070,real_001,0.7380047017695126,0.5862514868409362,0.1387996506293626,0.20313294980861968,0.5395719168273729,529.8476068756943,1,1,1,1,1,1,1,1,1,1,0,1,1,1
param_20070,real_002,0.7461113282466114,0.5953472341450794,0.14370051766943084,0.21149198206861108,0.6084954037833321,146.97798434228474,1,1,1,1,1,1,1,1,0,1,1,1,1,1
param_20070,real_003,0.7300736054190273,0.5611873691957918,0.13761613971808065,0.18871551192762798,0.8054860587792012,199.6152140492581,1,1,1,1,1,1,1,1,0,1,1,1,1,1
param_20070,real_004,0.7066500164702775,0.5293305956278678,0.0977753684778426,0.15375854935446848,0.7826063362167207,338.87078752486184,1,1,1,1,1,1,1,1,0,1,0,1,1,1
param_20070,real_005,0.8554320247316524,0.7391302938162115,0.32075275760991656,0.37108632953480003,0.3924398496943411,71.89667394857995,1,1,1,1,1,1,1,1,1,1,1,1,1,1
param_20071,real_001,0.7386776045819994,0.6070832924859855,0.16886204915223696,0.2448707436315356,0.2960025093648773,336.7919345034034,1,1,1,1,1,1,1,1,1,1,1,1,1,1
param_20071,real_002,0.7723366236217513,0.6379855868623754,0.19040021939176854,0.26435592500105465,0.4306088725054023,145.67149778776627,1,1,1,1,1,1,1,1,1,1,1,1,1,1
param_20071,real_004,0.700283757423788,0.5656822055771349,0.13402731135128756,0.20739761181194086,0.46146075891246596,263.5218346120523,1,1,1,1,1,1,1,1,1,1,1,1,1,1
param_20071,real_005,0.8553481659483314,0.7634140652096214,0.29710899022653764,0.3583700871609999,0.2919348634440313,173.44208110492278,1,1,1,1,1,1,1,1,1,1,1,1,1,1
param_20072,real_001,0.8355965448562579,0.37006028092578414,0.058294817807954064,0.08868646697306878,0.5187853010450253,513.7069936336504,0,1,0,1,0,0,0,0,0,0,0,0,0,1
param_20072,real_002,0.855397543423079,0.4934565088826347,0.18263746048382706,0.19896571722928144,0.5596573244593879,225.67350749546415,0,0,0,0,0,0,0,0,0,0,0,0,1,1
param_20072,real_003,0.8172163061883624,0.34833767316970865,0.02918663012883179,0.04370002672201102,0.15015749245578097,527.3894994616543,0,0,0,0,1,0,0,0,0,0,0,0,1,1
param_20072,real_004,0.8305035259891855,0.39547843621701273,0.12417691610836129,0.13924421656952668,0.26394517553845454,157.80768832850373,0,0,0,0,0,0,0,0,0,1,0,0,1,1
param_20072,real_005,0.8106761778832781,0.3050812269531856,0.023809817729889087,0.05316911026196562,0.09563258153348961,1006.5316665276666,0,1,0,1,0,1,0,0,0,0,0,0,1,1
param_20073,real_001,0.8327990702843414,0.3926031578760587,0.06016841335370241,0.09611602042089862,0.645352391794742,404.3566881202653,0,1,0,1,0,0,0,1,0,0,0,0,0,1
param_20073,real_002,0.8582296683741356,0.5150745514793048,0.18401888682700104,0.19963806135435058,0.6412758613342424,215.41134304871673,0,0,0,0,0,0,0,1,0,0,0,0,1,1
param_20073,real_003,0.8069298762663212,0.3584882266015638,0.028349456239954742,0.04592902361692843,0.3262610334022814,453.54628748794437,1,0,0,0,1,0,0,1,0,0,0,0,1,1
param_20073,real_004,0.8311279695751839,0.42135847735205134,0.12778226189706704,0.14861767176513904,0.4419991600167997,155.78295467848736,0,1,0,1,0,0,0,0,0,1,0,0,1,1
param_20073,real_005,0.811427847203485,0.33659611885887375,0.03783355415565754,0.07419881922719129,0.20640137321806118,962.931483352338,0,1,0,1,0,1,0,0,0,0,0,0,1,1
param_20074,real_001,0.825919765321927,0.408416447108464,0.07385677922568509,0.10961469460325343,0.6215274239243421,412.54513427428174,0,1,0,1,0,0,0,1,0,0,0,0,0,1
param_20074,real_002,0.8537333426902199,0.5473180732678475,0.20931257469159215,0.21859624269744862,0.6433920887123469,248.75012398093122,0,0,0,0,0,0,0,1,0,0,0,0,1,1
param_20074,real_003,0.8017554023924466,0.3807545822438716,0.035326162138841294,0.05898469175432483,0.3028025553292063,454.5377800598602,1,0,0,0,1,0,0,1,0,0,0,0,1,1
param_20074,real_004,0.8225836522811047,0.44094875227754426,0.1374905102818488,0.16134333969835282,0.4211447646963035,146.95451468911546,0,1,0,1,0,0,0,0,0,1,0,0,1,1
param_20074,real_005,0.7994840693424541,0.34997230714457167,0.04010911948312233,0.0799896298999932,0.17317445768408188,959.8300572780663,0,1,0,1,0,1,0,0,0,0,0,0,1,1
param_20075,real_001,0.8075980976378568,0.48762508220142137,0.09186166425054557,0.12955795522147737,1.0016679720360862,240.5135839279549,1,1,1,1,1,1,1,1,0,1,0,0,0,1
param_20075,real_002,0.844970333988569,0.5676361755987743,0.17681994458421824,0.20633679490918355,0.9219198768246825,202.382095106537,1,1,1,1,1,1,1,1,0,1,0,1,1,1
param_20075,real_003,0.7558571324291968,0.4142899250152241,0.03810648264035677,0.06526141043760149,0.5701006860400166,210.82847759194146,1,0,1,0,1,0,1,1,0,0,0,1,0,1
param_20075,real_004,0.8205362311038372,0.5167205280167526,0.15311053780783918,0.1897402551590914,0.6992709956200946,149.33847376532896,1,1,1,1,1,1,1,1,0,1,0,1,1,1
param_20075,real_005,0.8010315154938691,0.4691342099758309,0.10647211180169876,0.1546579123376954,0.5506890913338005,758.1010065754242,1,1,1,1,1,1,1,0,0,1,0,1,0,1
param_20076,real_001,0.8034090834978901,0.5654446357040382,0.15427977000384777,0.2015386257821419,0.7922225341454185,200.80994109026446,1,1,1,1,1,1,1,1,0,1,0,0,1,1
param_20076,real_002,0.8441410738295596,0.6930646348277064,0.2682061675612286,0.29805200898139167,0.7699863539226036,241.47146203275707,1,1,1,1,1,1,1,1,0,1,0,1,1,1
param_20076,real_003,0.7668544159343682,0.5252065663753257,0.1047979939472923,0.1541886173483717,0.49857728478418134,198.18431075297485,1,0,1,0,1,0,1,1,0,0,0,1,1,1
param_20076,real_004,0.819352745830924,0.6259738419851703,0.2229518281589136,0.2659766414558967,0.649958537985584,109.74275371160178,1,1,1,1,1,1,1,1,0,1,0,1,1,1
param_20076,real_005,0.7808797075881165,0.5375933747126248,0.15553373163748938,0.20826981352448304,0.6239398612181959,707.3560853976005,1,1,1,1,1,1,1,1,0,0,0,1,1,1
param_20077,real_001,0.802602353527955,0.6816152665532758,0.19145201456213712,0.2633085789846549,0.37134229635487814,126.29389876823438,1,1,1,1,1,1,1,1,1,1,1,1,1,1
param_20077,real_002,0.8399011504568672,0.7341049629531511,0.2436250936071664,0.3144621497547264,0.33609290700155453,60.83926860514714,1,1,1,1,1,1,1,1,1,1,1,1,1,1
param_20077,real_003,0.7124478192538871,0.5704790289082823,0.12739956972973715,0.19958876935520636,0.2960921540897608,115.68710682007428,1,1,1,1,1,1,1,1,1,1,1,1,1,1
param_20077,real_004,0.8231385948551443,0.7201073335902695,0.26146012742257707,0.3360225108958261,0.23519138230049585,224.09569490246426,1,1,1,1,1,1,1,1,1,1,1,1,1,1
param_20077,real_005,0.804619046007538,0.7079774492947641,0.24259336973527001,0.3146889757941263,0.2570187083609902,345.1885423439004,1,1,1,1,1,1,1,1,1,1,1,1,1,1
param_20078,real_001,0.8092456635194231,0.40394369753476,0.07923907664476001,0.1020646987943776,0.1957822052161675,121.66011917881224,0,0,0,1,0,0,0,1,0,0,0,0,1,1
param_20078,real_002,0.7799666139025497,0.37445232224803143,0.036364031186899876,0.05375793881640554,0.2896951751272639,108.48827539646878,0,0,0,0,0,1,1,0,0,0,0,0,1,1
param_20078,real_003,0.7986634885525745,0.3736321655361236,0.041332013118035214,0.06880994630943915,0.015918081502091497,826.5749473681366,0,0,1,1,0,0,0,0,0,1,0,0,1,1
param_20078,real_004,0.7998749481404611,0.3776155841333982,0.08052234881932784,0.10727120323242571,0.5865796572516662,138.60989385087186,0,0,0,1,0,1,0,1,0,0,0,0,1,1
param_20078,real_005,0.7854245218390227,0.3746422931933733,0.03826027700892949,0.06617572382170099,0.06161478179595945,980.6216838010641,1,0,0,0,1,0,0,0,0,0,0,0,0,1
param_20079,real_001,0.8089920163440166,0.422544807890992,0.09608440702342637,0.1211801426038191,0.27559023529175775,169.31684326776957,1,0,0,1,0,0,0,1,0,0,0,0,1,1
param_20079,real_002,0.7787888865996861,0.3965084681334289,0.04383158720184955,0.0685385509443233,0.4311062273701656,81.64519211336227,0,0,0,0,0,1,1,0,0,0,0,0,1,1
param_20079,real_003,0.786101233704829,0.3952504960144559,0.04963124805052882,0.08341060751111044,0.11279543056230214,716.8591684318278,1,0,1,1,0,0,1,0,0,1,0,0,1,1
param_20079,real_004,0.8023951771453818,0.41605834121960916,0.10097046995521061,0.12530103131886108,0.8941422668345541,269.1000365371024,0,0,0,1,0,1,0,1,0,0,0,0,1,1
param_20079,real_005,0.7837710456445569,0.39911428731361925,0.04387882338171219,0.07329031543748304,0.07716146567010822,843.1245627178406,1,0,0,0,1,0,0,0,0,0,0,0,0,1
param_20080,real_001,0.7990646365400871,0.4452264134978245,0.10276290823430433,0.13147526011908967,0.2715149605058404,191.74469708635957,1,0,0,1,0,0,0,1,0,0,0,0,1,1
param_20080,real_002,0.7708551961845727,0.4141844129508577,0.047268336413814206,0.07472950596145375,0.4451690650031899,134.27839469654486,0,0,1,0,0,1,1,0,0,0,0,0,1,1
param_20080,real_003,0.7766982123120717,0.40268633178616736,0.054274943627368996,0.09056838319343663,0.11920080713187013,772.698677030308,1,0,1,1,0,0,1,0,0,1,0,0,1,1
param_20080,real_004,0.7925855199382034,0.43222794032808487,0.10667804025995277,0.13473200876765265,0.9397739994402463,223.8128606614248,0,0,0,1,0,1,0,1,0,0,0,0,1,1
param_20080,real_005,0.7801297116995022,0.41581387573840056,0.05417239000532423,0.08863003813601368,0.060586869326578,895.5250883430857,1,0,0,0,1,0,0,0,0,0,0,0,0,1
param_20081,real_001,0.8010748951844581,0.48853467621289787,0.1310285166988864,0.16062146281463655,0.4562325528399704,319.98318900720113,1,1,0,1,1,1,1,1,0,1,0,1,1,1
param_20081,real_002,0.7736141973021055,0.46404846850562825,0.08438627194506822,0.12841854468698854,0.4271592282063486,145.55573340218464,1,0,1,0,1,1,1,1,0,1,1,1,1,1
param_20081,real_003,0.7589116830575863,0.4598319856140061,0.10169842756331308,0.14489650130357526,0.5139469930354938,428.1532842826134,1,1,1,1,1,1,1,1,0,1,0,1,1,1
param_20081,real_004,0.8057763064868831,0.5330106361911736,0.13816570269963646,0.1687758043479403,1.0217000038294124,264.1294122111863,1,1,1,1,1,1,1,1,0,1,0,0,1,1
param_20081,real_005,0.7584782267497993,0.47154559559257025,0.06398048876252348,0.10764008947889786,0.2855972355812048,455.46794474388525,1,0,1,0,1,0,1,1,0,1,0,1,0,1
param_20082,real_001,0.7856316311961308,0.5873666644327702,0.1947959587469877,0.23437132684501816,0.7166586361676768,279.5301365319125,1,1,0,1,1,1,1,1,0,1,0,1,1,1
param_20082,real_002,0.7708679157557813,0.5771387682687399,0.14562035111648888,0.2041571341544234,0.5304603724051785,149.51617182283312,1,1,1,1,1,1,1,1,0,1,1,0,1,1
param_20082,real_003,0.7653827510160756,0.5611309961496445,0.15539612436559125,0.21597004276004586,0.4823405991374286,396.6291328995206,1,1,1,1,1,1,1,1,0,1,1,1,1,1
param_20082,real_004,0.7974227974921924,0.6052411122256882,0.19086449955426926,0.2335420624079638,0.9727012798402469,210.66986083823846,1,1,1,1,1,1,1,1,0,1,0,1,1,1
param_20082,real_005,0.7789625878585081,0.5717065937799749,0.15512136469880888,0.21964034088566783,0.29640597657827433,544.7201100873945,1,0,1,0,1,1,1,1,1,1,1,0,1,1
param_20083,real_001,0.8213374468871091,0.6691488432096593,0.22940253300348398,0.29672803038921525,0.4745093938443306,174.225913957663,1,1,1,1,1,1,1,1,1,1,1,1,1,1
param_20083,real_002,0.7893639313787308,0.6530411250629489,0.22057992272082616,0.2985323125251406,0.18509903391524404,198.63760606390926,1,1,1,1,1,1,1,1,1,1,1,1,1,1
param_20083,real_003,0.783367267153151,0.6534199119392058,0.2161158131184915,0.29050229179951204,0.26855335207498227,76.55109803083336,1,1,1,1,1,1,1,1,1,1,1,1,1,1
param_20083,real_004,0.8303009525336073,0.7082161468714897,0.21844362782024368,0.29317965181919914,0.4277543037437497,305.53065084082306,1,1,1,1,1,1,1,1,1,1,1,1,1,1
param_20083,real_005,0.7547938163550847,0.6326310435051127,0.17339917061478896,0.24294955348820946,0.21558098643664414,137.6112553244427,1,1,1,1,1,1,1,1,1,1,1,1,1,1
param_20084,real_001,0.7642497274723676,0.37518165847283497,0.03371933815795045,0.05252185179981389,0.08304750225151858,472.34680962532076,0,0,0,0,0,0,1,0,0,1,0,1,1,1
param_20084,real_002,0.8450585804055588,0.42115383108284765,0.15638240125137862,0.18663971022543993,0.2996567709726308,403.33683415663563,0,0,0,1,0,1,0,0,0,0,0,0,1,1
param_20084,real_003,0.7879127202687494,0.36926738498478334,0.07123725819727658,0.09641991325397438,0.11706123281385429,784.0491053114804,0,0,1,0,0,0,0,0,0,0,0,0,1,1
param_20084,real_004,0.8008136217588137,0.3881604717008464,0.027082252966431897,0.050426747450349314,0.5517260384707244,1055.4711812240987,0,0,0,0,1,0,1,0,0,0,0,0,1,1
param_20084,real_005,0.8465316689351193,0.45709945468336904,0.12994859418480836,0.17855875516524977,0.028502820998379634,327.9043021999243,1,0,0,0,0,0,0,1,0,0,0,0,1,1
param_20085,real_001,0.7581378527913105,0.4005767039576405,0.04409878281812689,0.06782360358233804,0.11919475169202541,387.6050994144781,0,1,0,0,0,1,1,0,0,1,0,1,1,1
param_20085,real_003,0.7808977892359965,0.3864564196863082,0.07803191976288824,0.10531001486280926,0.04447380693300171,759.803130171616,0,0,1,0,0,0,1,0,0,0,0,0,1,1
param_20085,real_004,0.7893832556797371,0.3957593653592587,0.044488530952628814,0.08265377936154959,0.40474057042384487,1015.1399746514682,0,0,0,0,1,0,1,0,1,0,0,0,1,1
param_20085,real_005,0.8409145903190571,0.4790103272282989,0.15474259743045116,0.19612164611243557,0.08188577047144262,276.6188976749338,1,1,0,0,1,0,0,1,0,0,0,0,1,1
param_20086,real_001,0.7528272737036157,0.42278567518046517,0.04618683465384172,0.07197979956945409,0.05771268414396555,402.4761928583825,0,1,0,0,0,1,1,0,0,1,0,1,1,1
param_20086,real_003,0.7775617684224397,0.40851986015529673,0.08813504853319667,0.11755402058787923,0.029012118986412046,757.1581578480992,0,0,1,0,0,0,1,0,0,0,0,0,1,1
param_20086,real_004,0.7748117117080452,0.41617862662321115,0.04925469417928003,0.09229369255429515,0.39297722567287785,1028.8868582476848,0,0,0,0,1,0,1,0,1,0,0,0,1,1
param_20086,real_005,0.8337575924713976,0.49043943039072474,0.16539736048318252,0.21373832995273429,0.07882404504231146,307.3233432004577,1,1,0,0,1,0,0,1,0,0,0,0,1,1
param_20087,real_001,0.7447830534129409,0.4735827823394249,0.08743906313474108,0.12965063666886226,0.4454758393337382,236.09676366845991,1,1,1,1,1,1,1,1,0,1,1,1,1,1
param_20087,real_002,0.8096039564841945,0.5340532619480282,0.1876992460745322,0.22057627642853783,0.623089644160584,127.2412145791015,0,1,1,1,0,1,1,1,0,0,1,0,1,1
param_20087,real_003,0.7599849730031079,0.4488541045144156,0.09051384578615697,0.13196826911788842,0.08422358536081054,687.545792723459,1,0,1,0,1,1,1,1,0,0,1,1,1,1
param_20087,real_004,0.7626106592113703,0.4542168811722971,0.11180388297774407,0.1516681603425123,0.06660374312291203,741.9186151821474,1,1,1,1,1,0,1,0,1,0,1,0,0,1
param_20087,real_005,0.8289966759798452,0.5332532040929386,0.18632221559802806,0.2282065501908978,0.43798193993506496,257.60763190221047,1,1,1,1,1,1,1,1,0,0,0,1,1,1
param_20088,real_001,0.7610227295984257,0.5955498830330039,0.14766957526620242,0.21585327858769368,0.6110188858226975,229.7047054682014,1,1,1,1,1,1,1,1,0,1,1,1,1,1
param_20088,real_002,0.8375771791114286,0.6695893724255493,0.2582224676214712,0.3050487344861089,0.6146302037468183,199.07485230369394,0,1,1,1,0,1,1,1,0,0,1,1,1,1
param_20088,real_003,0.7677924305685461,0.5807194666533845,0.1754806743043087,0.23436190646690402,0.26533673316334183,593.8596964436307,1,1,1,0,1,1,1,1,0,0,1,1,1,1
param_20088,real_004,0.7663867585588982,0.5936778493887144,0.1795277253058685,0.24249453038459493,0.18873735151781787,628.1747392028125,1,1,1,1,1,1,1,0,1,0,1,0,1,1
param_20088,real_005,0.8260953671679616,0.6318824355642709,0.24606214855222736,0.2910931419865557,0.46908557893506964,216.86239103195044,1,1,1,1,1,1,1,1,1,1,0,1,1,1
param_20089,real_001,0.7856000054918952,0.6537989873171617,0.22016045422676064,0.2959718031487958,0.25424108494278624,181.61161564026622,1,1,1,1,1,1,1,1,1,1,1,1,1,1
param_20089,real_002,0.8567967682390784,0.7532375747903756,0.2794674168143282,0.3550012331775506,0.3323774623327793,125.20743519725647,1,1,1,1,1,1,1,1,0,1,1,1,1,1
param_20089,real_003,0.7757310094267682,0.6363559526848693,0.19942935623482294,0.27069185780132465,0.3092326776537303,377.8086971813759,1,1,1,1,1,1,1,1,0,1,1,1,1,1
param_20089,real_004,0.7906119203796793,0.68859196198966,0.23193344126828627,0.31111576339727953,0.0718693176737115,269.6093459932754,1,1,1,1,1,1,1,1,1,1,1,1,1,1
param_20089,real_005,0.8453401614005555,0.7052180287091258,0.2721366831301479,0.33662188298003914,0.21438993710691823,137.9236727199476,1,1,1,1,1,1,1,1,1,1,1,1,1,1
param_20090,real_001,0.8204312582615855,0.35622341414847275,0.03794398811620938,0.054468894628280834,0.5102863155067046,774.3662970122889,0,0,0,0,0,0,0,0,0,0,0,1,1,1
param_20090,real_002,0.8683738116442812,0.4339064120757515,0.11252755061835568,0.1338838474496703,0.6783354783354784,221.70876864436198,0,0,0,1,0,0,0,1,0,0,0,0,0,1
param_20090,real_003,0.8379848116832442,0.40292663240268856,0.063846610188364,0.09106204139496976,0.7170991556518279,591.1683507585861,0,1,0,0,0,0,0,1,0,0,0,1,0,0
param_20090,real_004,0.8164766095170105,0.3360030767628728,0.059691540495427596,0.07522241828460269,0.1220587253177801,724.9821186035366,0,0,0,0,0,1,0,0,0,0,0,0,1,1
param_20090,real_005,0.8172276068971204,0.34726997236046786,0.07099760081799014,0.08614868449009196,0.6461826227788042,71.77715256024683,0,0,0,1,0,1,0,1,0,1,0,0,1,1
param_20091,real_001,0.8187734537226921,0.3841832014983189,0.04110600174643385,0.06044830213159287,0.6429496535986678,716.6216956951466,0,0,0,0,0,0,0,1,0,0,0,1,1,1
param_20091,real_002,0.8704718724472548,0.4619135270636738,0.11179802319712309,0.1351387942475249,0.7499851511611791,243.03773503753,0,0,1,1,0,0,0,1,0,0,0,0,0,1
param_20091,real_003,0.8387538089276722,0.42606337039553405,0.07195668085762602,0.10073293789696006,0.9669277810729552,503.36114393834555,0,1,1,0,0,1,0,1,0,0,0,1,0,0
param_20091,real_004,0.8109091664218637,0.3478903855157154,0.06060527210253141,0.07775701732873273,0.2413234992829338,738.9661423760638,0,0,0,0,0,1,0,0,0,0,0,0,1,1
param_20091,real_005,0.815550963320314,0.36792307959807097,0.0754463827606173,0.09191674840967608,0.7931242586310948,102.02757918282069,0,0,0,1,0,1,0,1,0,1,0,0,1,1
param_20092,real_001,0.8110920807923911,0.41422464887708554,0.0483357654699895,0.07110545782139194,0.638001196888091,706.3351154520642,0,0,0,0,0,0,0,1,0,0,0,1,1,1
param_20092,real_002,0.8637363138009289,0.48219240764022286,0.12180187336908714,0.14853837993168287,0.7018890313690214,192.46606149162008,0,0,1,1,0,0,0,1,0,0,0,0,0,1
param_20092,real_003,0.8300176064760363,0.4523660926768318,0.07778737803292385,0.11036361972853038,0.8839239856189008,513.2880788560079,0,1,1,1,0,1,0,1,0,0,0,1,0,0
param_20092,real_004,0.8027733492335963,0.3704033597819106,0.0722780022720049,0.09108067815003049,0.22693605382419293,725.1654723631109,0,0,0,0,0,1,0,0,0,0,0,0,1,1
param_20092,real_005,0.8061804194852171,0.39076947660163464,0.08522925894076012,0.10390245265429407,0.7601425938303863,44.155291314931986,0,0,0,1,0,1,0,1,0,1,0,0,1,1
param_20093,real_001,0.7797118729514555,0.4506435791755043,0.05306363943486945,0.08522054939642525,0.8869886959561822,445.7711654896052,1,0,1,0,1,1,1,1,0,1,0,1,1,1
param_20093,real_002,0.8592172770957117,0.5475054797109609,0.12641677680030416,0.15786652477744925,0.8384924665062118,234.65451711042175,1,1,1,1,1,1,1,1,0,0,0,1,0,1
param_20093,real_003,0.832451517502802,0.5182628867302688,0.10072035594450009,0.1323002251782199,1.1983164835806088,218.47407099229147,1,1,1,1,1,1,1,1,0,0,0,1,0,1
param_20093,real_004,0.773733665108395,0.40262489083983083,0.06862548243879565,0.09502530924632117,0.496728129568908,675.1383460721967,1,1,1,0,1,1,1,1,0,1,0,1,1,1
param_20093,real_005,0.7979131267351225,0.4342251285590733,0.08955915827418902,0.1217979097106489,1.0317045716924498,38.31064936621507,1,1,1,1,1,1,1,1,0,1,0,1,1,1
param_20094,real_001,0.7810982261334048,0.5666262521736346,0.1256924760064943,0.17408717801329032,0.8148234087245372,355.9341268971619,1,1,1,1,1,1,1,1,0,0,0,1,1,1
param_20094,real_002,0.8482346537602483,0.6256474173911473,0.19031075764988908,0.2432886421601296,0.5556694222404409,155.33461257970342,1,1,1,1,1,1,1,1,0,0,0,1,1,1
param_20094,real_003,0.8184242181186372,0.6030942071062314,0.1561998364002613,0.20416613401726394,0.8286258444731924,271.56334287980343,1,1,1,1,1,1,1,1,0,1,0,1,1,1
param_20094,real_004,0.7731186484407234,0.5194623787285608,0.13496109714895874,0.17452401376494117,0.5707305184914397,505.68757729925346,1,1,1,0,1,1,1,1,0,1,0,1,1,1
param_20094,real_005,0.7844826407050077,0.5344610160197456,0.1501188864457898,0.19171606283308948,0.9329279712334412,89.92870770212497,1,1,1,1,1,1,1,1,0,1,0,1,1,1
param_20095,real_001,0.7503149032296605,0.6107339783185346,0.15960342114790008,0.23258594582622139,0.35755505758758616,72.51258749134904,1,1,1,1,1,1,1,1,1,1,1,1,1,1
param_20095,real_002,0.8479054278862823,0.7069727656172994,0.2007246157482455,0.2698044397265564,0.3934706358485475,338.6132748164902,1,1,1,1,1,1,1,1,1,1,1,1,1,1
param_20095,real_003,0.8235785833262373,0.6815013443473226,0.17862843520851532,0.24607665338286078,0.45187804998274755,163.9027787748482,1,1,1,1,1,1,1,1,1,1,1,1,1,1
param_20095,real_004,0.744267432830746,0.5816659600518793,0.1674366696599765,0.24002213673988268,0.34669714982472183,311.9180508519944,1,1,1,1,1,1,1,1,1,1,1,1,1,1
param_20095,real_005,0.7883305265079911,0.6236905701127252,0.18751498957552049,0.2573904201743827,0.4151791657086152,73.8651161753386,1,1,1,1,1,1,1,1,1,1,1,1,1,1
param_20096,real_001,0.7711945056527569,0.3576779124183329,0.025013630829550514,0.039521468927128926,0.1496140095188213,839.0857153509489,0,0,0,0,0,0,0,0,0,0,0,0,1,1
param_20096,real_002,0.8194784761350236,0.4966401501112043,0.18591959421649878,0.19536865467243417,0.7128712871287128,87.52447977794071,0,0,0,0,1,1,0,0,0,0,0,0,1,1
param_20096,real_003,0.7467910296291995,0.3447816836788143,0.011047841540926705,0.030791933025026898,0.1628163018147788,411.8242399746075,0,0,0,1,1,0,0,0,0,1,0,0,0,1
param_20096,real_004,0.8270337303485943,0.3965757132534585,0.09248841893763995,0.12966596667149835,0.39696951354841314,265.1901399177434,0,0,0,1,0,0,1,1,0,0,0,0,1,1
param_20096,real_005,0.8215292396316549,0.3872904810040282,0.1164599739005308,0.1409300995912865,0.6671964333629177,307.654527798334,0,1,0,1,0,1,0,1,0,1,0,1,1,0
param_20097,real_001,0.7645435885494285,0.385825628298089,0.030134155440078914,0.05440499843881321,0.2106937997851511,761.7221512600559,0,0,0,0,0,0,0,0,0,0,0,0,1,1
param_20097,real_002,0.8162299831409549,0.5299565529556807,0.1964746364427798,0.197617517621157,0.8336550673101346,76.46258479949316,0,0,0,0,1,1,0,0,0,0,0,0,1,1
param_20097,real_003,0.7470555764463438,0.3743946068594821,0.02276550291510854,0.05096438635721534,0.36475230898404704,470.7080757399712,0,0,0,1,1,0,0,1,0,1,0,0,1,1
param_20097,real_004,0.8264668462980583,0.4350307918275248,0.11771577277453947,0.15374142702972152,0.4990608732983919,249.63967221160442,0,1,0,1,0,0,1,1,0,0,0,0,1,1
param_20097,real_005,0.8308825865006062,0.4274036302897922,0.1486010966629869,0.1730736641923123,0.7623941627196752,210.34058768091828,0,1,0,1,1,1,0,1,0,1,0,1,1,0
param_20098,real_001,0.7553144954805141,0.4059838874065031,0.03521045075166941,0.06844016630573459,0.21751622430732756,743.8287383121583,0,0,0,0,0,0,0,0,0,0,0,0,1,1
param_20098,real_002,0.817225745085691,0.563270081780295,0.21914346832601736,0.22283109771867932,0.7615776589898586,68.70409711986164,0,0,0,0,1,1,0,0,0,0,0,0,1,1
param_20098,real_003,0.736887801430088,0.3865414426118173,0.020373620944703286,0.05187310488940131,0.2695482763175274,438.6659583185075,0,0,0,1,1,0,0,1,0,0,0,0,1,1
param_20098,real_004,0.8201961494930907,0.4607818466648711,0.12733974071299403,0.16701041673509104,0.5188692654845244,241.52891801398837,0,1,0,1,0,0,1,1,0,0,0,1,1,1
param_20098,real_005,0.8156570570190369,0.43213127733177864,0.1475392615541866,0.1765681284812449,0.7170843313194867,271.0969552874069,0,1,0,1,1,1,0,1,0,1,0,1,1,0
param_20099,real_001,0.7339788568535672,0.4492640173481163,0.04840692870598607,0.07873167380695947,0.5378620652525035,457.2969352293498,1,0,1,0,1,1,0,0,0,1,0,1,1,1
param_20099,real_002,0.7974498242127455,0.6018658404414748,0.17629708901566624,0.19858321986524494,0.9039455312288581,142.2832042160984,1,1,0,0,1,1,0,1,1,1,0,1,1,1
param_20099,real_003,0.7389402595943498,0.45352424096914346,0.057115123422735795,0.09880178819894204,0.7419635318875462,302.8374721643756,1,0,1,1,1,0,0,1,0,1,0,1,1,1
param_20099,real_004,0.8182567383364495,0.5223337910329515,0.15278106969536914,0.18638633664670284,0.7311296232898424,293.6818566860796,1,1,1,1,1,1,1,1,0,0,0,1,1,1
param_20099,real_005,0.853746531136764,0.5414009491443031,0.2227003454138865,0.26248630150061836,0.6811231825171591,153.21573230872383,1,1,1,1,1,1,1,1,0,1,0,1,1,0
param_20100,real_001,0.7370210653108197,0.5501755676137079,0.13121471098948287,0.178959259785963,0.8964030354336943,480.26128973863104,1,1,1,1,1,1,1,1,0,0,0,1,1,1
param_20100,real_002,0.8071890796281561,0.6666002312477721,0.25193985012153314,0.2886910822120556,0.8646986934774665,183.00167764631058,1,1,1,1,1,1,0,1,1,1,0,1,1,1
param_20100,real_003,0.7385290774657743,0.543049219798437,0.1144641374783382,0.16859200054604412,0.7894068787369312,272.83890092739466,1,1,1,1,1,1,1,1,1,1,0,1,1,1
param_20100,real_004,0.8138560184687171,0.6200423832408533,0.20876464459084082,0.2548391081759768,0.7108943687891056,272.54036003632314,1,1,1,1,1,1,1,1,0,0,0,1,1,1
param_20100,real_005,0.8185071855975725,0.6243491459227807,0.24747714303673501,0.28750766128582916,0.703954701502519,150.31325915044823,1,1,1,1,1,1,1,1,1,1,0,1,1,1
param_20101,real_001,0.7136990589236935,0.5890987498695143,0.15334917437895274,0.22289968890603887,0.4071476198569692,138.3340121398294,1,1,1,1,1,1,1,1,1,1,1,1,1,1
param_20101,real_002,0.8076708954667932,0.7095814155485158,0.24431057398389405,0.3144115459744483,0.43677187994701644,419.50416368087366,1,1,1,1,1,1,1,1,1,1,1,1,1,1
param_20101,real_003,0.7648018454073667,0.6394882573719886,0.17799344758155528,0.25392977761710134,0.3599503665561703,114.00304375731082,1,1,1,1,1,1,1,1,1,1,1,1,1,1
param_20101,real_004,0.8480314031398646,0.7153692896293693,0.2423675674343222,0.3178077285271759,0.2875849415195941,380.784027910295,1,1,1,1,1,1,1,1,1,1,1,1,1,1
param_20101,real_005,0.9010481120649737,0.7980421931592028,0.35698654461245766,0.43865150888100884,0.1846735382953851,64.64430127299666,1,1,1,1,1,1,1,1,1,1,1,1,1,1
param_20102,real_001,0.7866713851631633,0.3913630550725761,0.09096943425638168,0.1226183746830718,0.28078978353410017,573.5590899194751,0,1,0,1,1,0,0,1,0,0,0,1,0,0
param_20102,real_002,0.8359684659775745,0.48031106030281473,0.23495936717928192,0.2665284517523838,0.19148264984227129,475.43513667798914,0,0,0,0,0,0,0,0,0,0,0,0,1,1
param_20102,real_003,0.7822963583379605,0.368280176205298,0.042892052452418984,0.06039986931912129,0.2889147365227066,612.2759696341094,1,0,0,0,1,0,0,0,1,0,0,0,1,1
param_20102,real_004,0.790863759424258,0.3935710277966122,0.10407095832085071,0.1264402944491212,0.11441371105658413,311.4219939298515,0,1,0,0,1,0,0,0,0,1,0,0,1,0
param_20102,real_005,0.8116682476523377,0.3551895319923798,0.06375895741507086,0.08931593812651462,0.19135436161957364,722.0333583351606,0,0,0,0,0,0,0,0,0,0,0,0,1,0
param_20103,real_001,0.7836841908566643,0.4200651282732437,0.10417668179611844,0.13789239456857566,0.5765649825230378,409.268166926781,0,1,0,1,1,0,1,1,0,0,0,1,0,0
param_20103,real_002,0.8251198190171611,0.5110984217936884,0.23957877289739649,0.2632971155824769,0.4959911588801248,372.0557363961402,0,0,0,0,0,0,0,1,0,0,0,0,1,1
param_20103,real_003,0.7697395049231908,0.3820422335425863,0.049908356600010945,0.07396057369201445,0.21075581395348839,535.7820024993307,1,0,0,0,1,0,0,0,1,0,0,0,1,1
param_20103,real_004,0.7866399447449198,0.4106026132985486,0.1218250700904988,0.14619686427996373,0.2837840123112306,275.1722247474533,0,1,0,0,1,0,0,0,0,1,0,0,1,1
param_20103,real_005,0.8015669981226284,0.37445566512249684,0.0873141259933645,0.11790618203544684,0.016428497995270894,667.092598675215,0,0,0,0,0,0,0,0,0,0,0,0,1,1
param_20104,real_001,0.7796456004082828,0.44293307907455726,0.11627741704495069,0.1526434336404428,0.6101702880954992,367.57833561535966,0,1,0,1,1,0,1,1,0,0,0,1,0,1
param_20104,real_002,0.8247089178722264,0.560472008069389,0.2713435737358332,0.29073692901981546,0.507317177690643,346.7513850197068,0,0,0,0,0,0,0,1,0,0,0,0,1,1
param_20104,real_003,0.7654502141339559,0.39418892020565444,0.05826600445130399,0.08668462577111499,0.21515173782055994,545.2067207640645,1,0,0,0,1,0,0,0,1,0,0,0,1,1
param_20104,real_004,0.7811255594189084,0.4513782733832698,0.13354314045451068,0.1612719958582997,0.31867710123646315,252.1837528207999,0,1,0,0,1,0,0,0,0,1,0,0,1,1
param_20104,real_005,0.7949858375195764,0.4097383878758579,0.09397420324710065,0.12806795118080283,0.04054054054054054,655.0417876214209,0,0,0,0,0,0,0,0,0,0,0,0,1,1
param_20105,real_001,0.7833457656501271,0.4977147082890446,0.13187144615586757,0.17377786265331763,0.7689160094684129,38.63139611504783,1,1,1,1,1,1,1,1,1,1,1,1,0,0
param_20105,real_002,0.8093443210487027,0.6116112659576965,0.24885230676321668,0.2698242791600305,0.9909880440293747,188.30296632454588,1,1,0,1,1,1,0,1,0,1,0,1,1,1
param_20105,real_003,0.7377693583985709,0.453338495853247,0.07115788193635629,0.10068131958186989,0.16503415825905984,259.3027492946718,1,0,1,0,1,0,0,1,1,1,0,1,1,1
param_20105,real_004,0.7788150421887893,0.49955663232754766,0.15948025563506354,0.20726915740046936,0.4634977834236383,214.0888028715639,0,1,0,1,1,0,1,1,1,1,0,1,1,1
param_20105,real_005,0.7848999893126886,0.49295915495879333,0.15170449761333532,0.19338800037659717,0.2612428814653907,483.74767046099913,1,1,1,1,1,0,0,0,0,0,0,1,1,1
param_20106,real_001,0.7968419836123773,0.61547815119532,0.20655358472117982,0.26337859341254516,0.6068207042679851,70.74566204136437,1,1,1,1,1,1,1,1,1,1,1,1,1,1
param_20106,real_002,0.8157644306481575,0.7087682381198449,0.33728474758182564,0.35790668966249756,0.9911632278063766,106.70334803639271,1,1,0,1,1,1,1,1,0,1,0,1,1,1
param_20106,real_003,0.7533792564443575,0.5624377409365667,0.14629026626094382,0.20340958184971,0.36703222406713265,283.8902588636478,1,0,1,0,1,0,0,1,1,1,0,1,1,1
param_20106,real_004,0.7969905230034109,0.6619050893852374,0.24605750771230808,0.298923418288177,0.5725338710408265,95.80558342342529,1,1,0,1,1,1,1,1,1,1,1,1,1,1
param_20106,real_005,0.7732169250555004,0.6098751807434755,0.21275672170077745,0.2617784795187823,0.6685645405349953,453.92168572428176,1,1,1,1,1,1,0,1,0,0,0,1,1,1
param_20107,real_001,0.8261475130950893,0.693697237781929,0.23713149382203294,0.31273517260535133,0.38309825026781613,161.99607414960983,1,1,1,1,1,1,1,1,1,1,1,1,1,1
param_20107,real_002,0.8287077139904548,0.7464702429499447,0.28164743427371836,0.34389891890193264,0.47629532298732197,141.5780153205254,1,1,1,1,1,1,1,1,1,1,1,1,1,1
param_20107,real_003,0.7406742612278043,0.6224928226689801,0.1668458039670776,0.23907086366830832,0.2770809650521075,156.35333002158208,1,1,1,1,1,1,1,1,1,1,1,1,1,1
param_20107,real_004,0.8287883418442026,0.7375910563129129,0.2916644267960363,0.36869259623954437,0.3361664813958145,97.6228670666819,1,1,1,1,1,1,1,1,1,1,1,1,1,1
param_20107,real_005,0.8124107779176413,0.7226146177300842,0.2730706590484434,0.3493113946936952,0.26577909270216965,285.4014765294037,1,1,1,1,1,1,1,1,1,1,1,1,1,1
param_20108,real_001,0.8266604325088945,0.36654888485115505,0.08092697716597047,0.11041197716807921,0.873862248542526,236.38170176712495,0,1,0,1,0,0,0,0,0,0,0,0,0,1
param_20108,real_002,0.8262302186192081,0.4317397870044512,0.04434781028186951,0.07678298388435902,0.318405243036592,930.5533992573686,0,0,0,1,0,0,0,0,0,0,0,0,0,1
param_20108,real_003,0.8324554755265657,0.3435363905869234,0.03551735158645641,0.05518743849315472,0.23389166554099688,140.6787325005499,1,0,0,0,1,0,0,0,0,0,0,0,0,1
param_20108,real_004,0.8970244273159867,0.5090522303525851,0.2859051869305482,0.30207589807153823,0.4005976979290701,188.35672413698728,0,0,0,0,0,0,0,0,0,1,0,0,1,1
param_20108,real_005,0.8155833778603712,0.31361661434658566,0.019367388505177604,0.04457301619948005,0.02886997989620833,932.9547344906933,0,1,0,0,0,0,0,0,0,0,0,0,1,1
param_20109,real_001,0.8225090757752862,0.38405920954638345,0.08392565613115976,0.11480602300693166,1.017892517093744,223.01603474724314,0,1,0,1,0,1,0,0,0,1,0,0,0,1
param_20109,real_002,0.8216079429406851,0.44600367735151847,0.051277155065018974,0.08485211632112916,0.5033955494810576,869.3685339860729,0,0,0,1,0,0,0,0,0,0,0,0,0,1
param_20109,real_003,0.8252805781935529,0.3563786251427107,0.038408668918517797,0.059148688910798886,0.4517334572019763,107.04713023318193,1,0,0,0,1,0,0,1,0,0,0,0,0,1
param_20109,real_004,0.8997541475376281,0.5345436432288888,0.2868016186360711,0.30488645052539454,0.5246274969093631,217.88195136518567,0,0,0,0,0,0,0,0,0,1,0,0,1,1
param_20109,real_005,0.8133117661181501,0.3394729834749821,0.02941896920711922,0.06335325184798729,0.07335326122018881,915.5355111558042,0,1,0,1,0,1,0,0,0,0,0,0,1,1
param_20110,real_001,0.8165207570070682,0.40625581844585545,0.09649678627753402,0.1270560868123826,0.9563419401296163,204.59940948195668,0,1,0,1,0,1,0,0,0,1,0,0,0,1
param_20110,real_002,0.8186387985543071,0.4799390598093322,0.06693182365111433,0.1048991281314959,0.4971885234083747,879.3412713550908,0,0,0,1,0,0,0,0,0,0,0,0,0,1
param_20110,real_003,0.8203879530375033,0.3848489003685287,0.05037284409353873,0.07661083266032355,0.45399572432047236,107.92153151067053,1,0,0,0,1,0,0,1,0,0,0,0,0,1
param_20110,real_004,0.8922801975801014,0.5537035169221638,0.297370602101378,0.3161110123068872,0.5218466438944656,172.65104924502805,0,0,0,0,0,0,0,0,0,1,0,0,1,1
param_20110,real_005,0.8044956107703,0.36084709692852784,0.03303638802385515,0.0705528588903712,0.04904856335175731,925.5644982306294,0,1,0,1,0,0,0,0,0,0,0,0,1,1
param_20111,real_001,0.7866013419862382,0.4640618353279653,0.09829803437592695,0.13527621352194746,1.0846577913318867,180.79683131814247,1,1,1,1,1,1,1,1,0,1,0,1,0,1
param_20111,real_002,0.7807078052803521,0.5105280222140289,0.07831239694434036,0.12576159459277048,0.9571350481338637,478.83339250561653,1,1,1,1,1,1,1,0,0,1,0,1,0,1
param_20111,real_003,0.7814064530731675,0.4243433185272101,0.0542013477149119,0.08734712076523954,0.7057140315502313,55.51677352963075,1,0,1,1,1,1,0,1,0,0,0,1,0,1
param_20111,real_004,0.8949226634237145,0.6174024644262971,0.2866096835011509,0.31285475817461866,0.5844962174869647,297.3628962587936,1,1,1,1,1,1,1,1,0,1,0,1,1,1
param_20111,real_005,0.7971573311032689,0.4607549477293214,0.09449411766204306,0.1500065913301027,0.5225707501954018,761.4364421923211,1,1,1,1,1,1,1,0,0,0,0,1,1,1
param_20112,real_001,0.7935805824767727,0.5572672175037958,0.1655836643589238,0.2113189505461639,0.7724960900459342,103.62721025761414,1,1,1,1,1,1,1,1,0,1,0,1,1,1
param_20112,real_002,0.7941687832960875,0.6150388715799111,0.16517290638008028,0.21527291802044923,0.694549583648751,461.1146830336879,1,1,1,1,1,1,1,1,0,1,0,1,1,1
param_20112,real_003,0.7865623681521597,0.5409602625448344,0.12932385901589372,0.17835620279215195,0.589704352084226,72.2553434632981,1,0,1,1,1,1,1,1,0,0,0,1,1,1
param_20112,real_004,0.8857073379413211,0.7125712511771712,0.34235809219655366,0.3882958514583119,0.45000645078054446,187.27710252166736,1,1,1,1,1,1,1,1,0,1,0,1,1,1
param_20112,real_005,0.7827466702938122,0.5414031695848049,0.15882845728065742,0.21264804495917652,0.6016650486082481,721.5358914294143,1,1,1,1,1,1,1,1,0,0,0,1,1,1
param_20113,real_001,0.774634632484554,0.648716524989882,0.18339519277720467,0.2558213789110029,0.3824441464524317,78.2851238300786,1,1,1,1,1,1,1,1,1,1,1,1,1,1
param_20113,real_002,0.7532786513715893,0.644613451652865,0.18916653878619974,0.25855129789694153,0.40664285180851856,140.20994507617272,1,1,1,1,1,1,1,1,1,1,1,1,1,1
param_20113,real_003,0.74139756689017,0.591752029435367,0.1467952669624661,0.21547792254734344,0.32828192967709874,58.2189256702145,1,1,1,1,1,1,1,1,1,1,1,1,1,1
param_20113,real_004,0.8934019852859733,0.796850626553345,0.36104246635482695,0.43812495829068476,0.19319533520546434,219.28186534240155,1,1,1,1,1,1,1,1,1,1,1,1,1,1
param_20113,real_005,0.8008958816414862,0.6810032872457116,0.24392429451159262,0.31660320046261686,0.2725428271835504,291.68296624135587,1,1,1,1,1,1,1,1,1,1,1,1,1,1
param_20114,real_001,0.7946174825294673,0.34347376819321923,0.04716528513269627,0.07628100266214069,0.5758047548916474,505.65414227430864,0,1,1,1,0,0,1,0,0,0,0,1,0,1
param_20114,real_002,0.8037688588069777,0.41540263144297823,0.03362140026853206,0.05986459267723293,0.13507662265993123,363.8234124332618,1,0,1,0,0,0,0,0,0,1,0,0,0,1
param_20114,real_003,0.8068076296593023,0.3869958608576607,0.03091632293367275,0.04501082904632777,0.04673421168555524,391.81698112893,1,0,0,0,1,0,0,0,0,0,0,1,0,1
param_20114,real_004,0.8775059603320366,0.4720565926443781,0.22950155211244463,0.2543622216960008,0.22689519089574156,456.21767264914814,0,0,0,0,0,0,0,0,0,1,0,0,1,1
param_20114,real_005,0.8330182581100287,0.41813379577274823,0.06857089413256774,0.09173291851424273,0.0934314291209848,821.2739120338633,0,0,0,0,0,0,0,0,0,0,0,0,1,1
param_20115,real_001,0.7865580948199704,0.3623974733554207,0.051258312715647854,0.08184323485861114,0.7436961928448441,308.1461721741905,0,1,1,1,1,0,1,0,0,1,0,1,0,1
param_20115,real_002,0.7963563766002321,0.4236876877294771,0.03908368425293017,0.06705133510770621,0.3340458686271376,343.1860648127395,1,0,1,1,0,0,0,0,0,1,0,0,0,1
param_20115,real_003,0.8010804679972564,0.4007684822669507,0.03384067777253058,0.05254496596249967,0.17917273682851717,342.3396216503536,1,0,0,0,1,0,0,0,0,0,0,1,0,1
param_20115,real_004,0.8782069679601991,0.4951740115827478,0.23879567306562444,0.2659919844207623,0.3478160339681339,487.1678570808267,0,0,0,0,0,0,0,0,0,1,0,0,1,1
param_20115,real_005,0.8268153160222564,0.42726020278046883,0.08720712504342767,0.1134028230028475,0.15250318201103097,756.2509223929293,1,0,0,0,0,0,0,0,0,0,0,0,1,1
param_20116,real_001,0.7849380034395225,0.38843195226048605,0.07184461304455148,0.10591841008192551,0.7669485239578697,297.5251997541402,0,1,1,1,1,0,1,1,0,0,0,1,0,1
param_20116,real_002,0.7907078441361791,0.4527790710796964,0.05142683465841455,0.08254116366026482,0.28639210832301865,312.1153903423931,1,0,1,0,0,0,0,0,0,1,0,0,0,1
param_20116,real_003,0.7934920433290419,0.4116466557981566,0.03887476918955611,0.059473780821591105,0.16943762257283698,334.87425526129726,1,0,0,0,1,0,0,0,0,0,0,1,0,1
param_20116,real_004,0.8736692778513517,0.5205327125335947,0.25606322553494804,0.28437153126218156,0.34659535075087433,402.7302126520886,0,0,0,0,0,0,0,0,0,1,0,0,1,1
param_20116,real_005,0.8221856908969332,0.4640112351165488,0.09951300119284205,0.1296985186020219,0.1738784733846669,750.8264493201727,1,0,0,0,0,0,0,0,0,0,0,0,1,1
param_20117,real_001,0.7537708218013738,0.44909006384532774,0.07832035514080612,0.12233834773212716,0.7452657532853766,128.68920461772177,0,1,1,1,1,1,1,1,0,1,1,1,0,1
param_20117,real_002,0.7586775770151623,0.49210193084769016,0.06359587901814102,0.106356554537199,0.7420996132523565,278.20090967318083,1,0,1,1,1,1,1,0,0,1,0,1,0,1
param_20117,real_003,0.7734864772426845,0.4488943523542076,0.054135388981787116,0.08764605833700374,0.5190445448676565,203.27658976406184,1,0,1,1,1,1,0,1,1,0,0,1,0,1
param_20117,real_004,0.8839990430250296,0.59758166624649,0.2617296597250061,0.296129187498597,0.5122962663275922,576.8850927910373,1,1,0,1,1,1,1,1,0,1,0,1,1,1
param_20117,real_005,0.7976798057170964,0.49694892703518206,0.13187565691559244,0.17605011068012755,0.3869700936461585,497.95651173039147,1,1,0,1,1,0,0,0,0,0,0,1,1,1
param_20118,real_001,0.7741751945678153,0.5666136027684913,0.1650442684078643,0.21522428230129032,0.6465597460178444,107.46116478416283,1,1,1,1,1,1,1,1,0,1,1,1,1,1
param_20118,real_002,0.7804138063506383,0.6252615351515953,0.1605713589229064,0.2157779659805001,0.6021416603938519,251.815090937042,1,1,1,1,1,1,1,1,0,1,0,1,1,1
param_20118,real_003,0.7669437412195531,0.554172979812583,0.11453570591989645,0.16455707556264257,0.3582847923563676,210.92030786371808,1,0,1,1,1,1,0,1,1,0,0,1,1,1
param_20118,real_004,0.8747307885238282,0.6952199979105714,0.32704897090360796,0.38004521062084573,0.4703586741636499,342.5842918769698,1,1,0,1,1,1,1,1,0,1,0,1,1,1
param_20118,real_005,0.7908916660892861,0.6161407714141066,0.20763226378759292,0.24990558989224862,0.5809004056362084,515.7418195358572,1,1,0,1,1,1,0,1,0,0,0,1,1,1
param_20119,real_001,0.7611339332364611,0.6381204945261301,0.1821610438880459,0.2558680361207181,0.34222563260216654,97.03563187483482,1,1,1,1,1,1,1,1,1,1,1,1,1,1
param_20119,real_002,0.7509259250348106,0.6400837632397632,0.1748385759095453,0.24329351423537005,0.44579098600542755,156.39428799574685,1,1,1,1,1,1,1,1,1,1,1,1,1,1
param_20119,real_004,0.8960615266657208,0.7888873640693908,0.35981658414782536,0.43889864883493657,0.1474128507610749,361.507175913447,1,1,1,1,1,1,1,1,1,1,1,1,1,1
param_20119,real_005,0.7976258977011125,0.6829067435956451,0.2304393796386158,0.30024292011931064,0.3938839784618511,219.87093426597298,1,1,1,1,1,1,1,1,1,1,1,1,1,1
param_20120,real_001,0.8113691998872312,0.3655164775122612,0.05489933837159744,0.07835740117905782,0.4840619440636939,481.33724402550763,0,0,0,1,0,1,0,0,0,0,0,0,1,1
param_20120,real_002,0.798075197634999,0.48254319304363075,0.08082931885806993,0.11184439687512819,0.38997113997113997,441.28656952988996,1,0,0,1,1,0,1,1,1,0,0,1,0,1
param_20120,real_003,0.8024351311887227,0.3900616956918717,0.038432732504651484,0.051572720566767954,0.7301785917415539,109.70890292634147,1,0,0,0,0,1,0,1,0,1,0,0,0,1
param_20120,real_004,0.8072992501348075,0.36039549203351656,0.052676967696930664,0.07828597788553561,0.17455651921922544,827.4380526788557,1,0,0,1,1,1,0,0,0,0,0,1,0,1
param_20120,real_005,0.8665469500240711,0.4612845570228029,0.10156331194416225,0.15129758218682615,0.0371355993709931,741.2123969737161,0,0,1,0,0,0,1,1,0,0,0,1,1,1
param_20121,real_001,0.799174198364458,0.3912194698015441,0.06940886561842104,0.09413974069520085,0.8105740413432722,223.28804348346975,0,0,1,1,0,1,0,1,0,0,0,0,1,1
param_20121,real_002,0.8000034206534385,0.5150327206554195,0.09799966893211787,0.12778474605889092,0.6398312042297462,370.1375476487032,1,0,1,1,1,0,1,1,1,1,0,1,0,1
param_20121,real_003,0.7925201231436593,0.38873895025818556,0.04002147194449837,0.05452872002460252,0.8225458355159769,120.11321614698946,1,0,0,0,0,1,0,1,0,1,0,0,0,1
param_20121,real_004,0.7963189725550558,0.3711896895358319,0.06166245150733689,0.08727018782184075,0.45029470285692835,637.839668511284,1,0,0,1,1,1,0,1,0,0,0,1,0,1
param_20121,real_005,0.8660690187072392,0.47709399337650443,0.11329824880745099,0.1647011643719634,0.2185744250505656,766.6994042132034,0,0,1,1,0,0,1,1,0,0,0,1,1,1
param_20122,real_001,0.7899119696874454,0.39800424578756605,0.0717987988332413,0.10053133073246187,0.6484633868723916,153.56422980339107,0,0,1,1,0,1,0,1,0,0,0,0,1,1
param_20122,real_002,0.7984572948371607,0.5388148414613102,0.11525179000639894,0.14851827417142222,0.5984516505988898,363.03662706287247,1,0,1,1,1,0,1,1,1,1,0,1,0,1
param_20122,real_003,0.7862661021357421,0.4060823117270449,0.044940172987378055,0.06084958982884947,0.7283788160984696,119.01642187398913,1,0,0,0,0,1,0,1,0,1,0,0,0,1
param_20122,real_004,0.7800755308221993,0.3810932446378867,0.06342536590828317,0.09134082102123092,0.4767448275862069,540.751911791938,1,0,0,1,1,1,0,1,0,0,0,1,0,1
param_20122,real_005,0.8592731248292764,0.49385600033059035,0.12340735690629909,0.171447234982195,0.19750863793416984,728.4590229622864,0,0,1,1,0,0,1,1,0,0,0,1,1,1
param_20123,real_001,0.7966104946697793,0.5046664041690141,0.13800573128154878,0.1644946003630266,1.2200985443771737,255.5372645145805,0,1,1,1,0,1,1,1,0,1,0,1,1,1
param_20123,real_002,0.8059322851859221,0.6088307545423487,0.13819191115614538,0.1750667364993148,0.9122858040274078,274.5051725015872,1,1,1,1,1,1,1,1,1,1,0,1,0,1
param_20123,real_003,0.7650799861386239,0.4270531130818725,0.05022042314881428,0.07567123893611767,0.8123660850933578,200.9434923657103,1,0,1,0,1,1,0,1,0,1,0,1,0,1
param_20123,real_004,0.7740976214829783,0.4194049836531669,0.09028785873179292,0.12244272623007299,0.7703850509626274,392.95431746942967,1,0,0,1,1,1,1,1,0,0,0,1,1,1
param_20123,real_005,0.8690767419821492,0.5530224988609325,0.17348647186998398,0.2347058290582563,0.5082784118308954,671.2202959108674,1,1,1,1,0,1,1,1,0,1,1,1,1,1
param_20124,real_001,0.7531192954470692,0.5459432852001411,0.14769095714359826,0.190205291142749,1.1003558018197928,224.87235078561824,1,1,1,1,0,1,1,1,0,1,0,1,1,1
param_20124,real_002,0.8062024783430928,0.6750187227386728,0.21003007975946578,0.25932704856711625,0.5812113523071236,144.10947904670448,1,1,1,1,1,1,1,1,1,1,0,1,1,1
param_20124,real_003,0.747670650268791,0.5229403837931975,0.09079896137606144,0.13228870006302518,0.6729300948011119,177.14376135113463,1,0,1,1,1,1,1,1,0,1,0,1,1,1
param_20124,real_004,0.753126497898011,0.5195984652299107,0.13574441749879376,0.1827154911346584,0.817895241519837,255.55648277103788,1,1,1,1,1,1,1,1,0,0,0,1,1,1
param_20124,real_005,0.8551563156676738,0.6613031213735304,0.23693691976966566,0.3022915703488623,0.39993819257427926,514.8785479090477,1,1,1,1,0,1,1,1,0,1,1,1,1,1
param_20125,real_001,0.812961476271554,0.6864033454416015,0.20990675389217509,0.2799642741635055,0.5103109540636043,43.06560662849884,1,1,1,1,1,1,1,1,1,1,1,1,1,1
param_20125,real_002,0.8195064575489228,0.7275475331298732,0.2125751785765418,0.28310523453271375,0.35942281688136074,193.22714337742585,1,1,1,1,1,1,1,1,1,1,1,1,0,1
param_20125,real_003,0.7445338886432029,0.5637838065331144,0.12074164205566827,0.18762873725234933,0.5099409372783392,153.9521456284565,1,1,1,1,1,1,1,1,1,1,0,1,0,1
param_20125,real_004,0.7778566727140181,0.6082772335593148,0.1924119858336114,0.26963958540044486,0.344548722679986,201.3834405133973,1,1,1,1,1,1,1,1,1,1,1,1,1,1
param_20125,real_005,0.903125855979281,0.7997607912987857,0.3412224701055756,0.4216627995122124,0.21327103053997243,301.2501936138368,1,1,1,1,1,1,1,1,1,1,1,1,1,1
param_20126,real_001,0.8334396134073847,0.35988051594816106,0.03670380731476012,0.05577214867418157,0.6087787138056437,409.4003357705833,0,0,0,1,0,1,0,0,0,0,0,0,0,1
param_20126,real_002,0.8384956162223589,0.37303608243397723,0.06008821950572095,0.09453047215162062,0.3912271082355521,110.62060293931246,0,0,0,0,0,1,0,1,0,0,0,1,1,1
param_20126,real_003,0.8157339100247407,0.32175567457825066,0.03380718135507899,0.058263692116620594,0.40173206909500564,770.6055759622573,0,1,0,0,0,1,0,0,0,0,0,0,0,1
param_20126,real_004,0.7941104379032592,0.31590945581998897,0.023793916352872334,0.03776887088924521,0.7195004588079944,363.5735839112476,0,0,0,1,0,1,0,1,0,1,0,0,0,1
param_20127,real_001,0.8308831245657106,0.38035004586589166,0.041414707845960394,0.065035547444655,0.8679540151142129,378.3312656364138,0,0,0,1,0,1,0,0,0,0,0,1,0,1
param_20127,real_002,0.833527436551384,0.38707094022456123,0.06649607887894,0.0992547053035143,0.4961954426475661,72.76312541222084,0,0,0,0,0,1,0,1,0,0,0,1,1,1
param_20127,real_003,0.8114143247249125,0.3393962234494106,0.039761156281699774,0.06483767361231657,0.5293702404380936,729.4252597636078,0,1,0,0,0,1,0,0,0,0,0,0,0,1
param_20127,real_004,0.7883482810549236,0.32940597176323727,0.025793477700223652,0.042348959679280436,0.8732766879087009,345.7596737363832,0,0,0,1,1,1,0,1,0,1,0,0,0,1
param_20127,real_005,0.8485865277510404,0.43328999995931106,0.16389129832364221,0.20180354195558642,0.39992818823131837,805.5829265741609,0,1,0,0,0,0,0,1,0,0,0,0,0,1
param_20128,real_001,0.820317879017249,0.3946854066089439,0.04743814350861154,0.0742537715125831,0.7875426092345832,355.9302839629507,0,0,0,1,0,1,0,0,0,0,0,1,0,1
param_20128,real_002,0.8273096726679544,0.41860901821889646,0.07816836615064028,0.11481851073419938,0.48868893593664237,96.69995363298447,0,0,0,0,0,1,0,1,0,0,0,1,1,1
param_20128,real_003,0.8039416978900603,0.3597983896586019,0.04613067355694315,0.07497400776980982,0.5059568131049889,757.0528278280829,0,1,0,0,0,1,0,0,0,0,0,0,0,1
param_20128,real_004,0.7779795163689794,0.3501289701607643,0.03231823049429157,0.05202510487610697,0.8153582930756844,382.90602054504564,0,0,0,1,1,1,0,1,0,1,0,0,0,1
param_20128,real_005,0.8441497682367712,0.4586694007274098,0.18075992963252768,0.2156172226240737,0.46386807214032777,723.6261919646666,0,1,0,0,0,0,0,1,0,0,0,0,0,1
param_20129,real_001,0.8086906229520135,0.46803544841938,0.06452942992094936,0.09675633177700153,1.262069069431051,205.03796689700152,1,1,1,1,1,1,1,1,0,1,0,1,0,1
param_20129,real_002,0.7973325291902543,0.442354485241415,0.08551105545650677,0.12314565642718592,0.5383863842319891,154.07111039799673,1,0,1,0,1,1,1,1,0,1,0,1,0,1
param_20129,real_003,0.7898458662027488,0.4237243122915006,0.06394280382210484,0.09897160382038074,0.9142451532762521,523.0687417662303,1,1,1,0,1,1,1,1,0,0,0,1,0,1
param_20129,real_004,0.7607304897170668,0.41006933100275283,0.04680609179085688,0.08370550803166514,1.040773600374795,306.1460137396262,1,1,1,1,1,1,1,1,0,1,0,1,0,1
param_20129,real_005,0.8326055452467004,0.5114750558944805,0.1764530711996439,0.21288833108901245,0.5581677975665157,632.3629862178648,1,1,1,1,1,0,1,1,0,0,0,1,0,1
param_20130,real_001,0.7930903153162422,0.5394741612855519,0.11946338372152422,0.16204875391598325,0.9257078707746039,179.87130025579722,1,1,1,1,1,1,1,1,0,1,0,1,1,1
param_20130,real_002,0.813658667284445,0.5800062395442103,0.16754173473199885,0.22470248381893204,0.4924124675201405,86.1027516503927,1,1,1,1,1,1,1,1,0,1,0,1,1,1
param_20130,real_003,0.7806635248499683,0.5268363066802745,0.12643403211108445,0.1708116938655654,0.8668359075542598,463.6256754533423,1,1,1,1,1,1,1,1,0,0,0,1,1,1
param_20130,real_004,0.7463561452907966,0.5045308959949465,0.1004987939115469,0.14476992323535412,0.8954329738058552,308.75812863984106,1,1,1,1,1,1,1,1,0,1,0,1,1,1
param_20130,real_005,0.8413726762923079,0.6416785920662239,0.24884218188428012,0.29983644115812824,0.4505670198921733,378.2340328064543,1,1,1,1,1,0,1,1,0,0,0,1,1,1
param_20131,real_001,0.7894496627793253,0.6427280910628963,0.1553484377632917,0.22530397382656733,0.4270562032957671,133.51848161443928,1,1,1,1,1,1,1,1,1,1,1,1,1,1
param_20131,real_002,0.771830083669483,0.623058440094681,0.2015658540751794,0.2731154913833674,0.24827676519958572,153.11583459940772,1,1,1,1,1,1,1,1,1,1,1,1,1,1
param_20131,real_003,0.778170829958012,0.6198692061874767,0.16808630009458617,0.24230674575016864,0.38603850038103854,153.35265681616505,1,1,1,1,1,1,1,1,1,1,1,1,1,1
param_20131,real_004,0.7339253384340129,0.5904571267662964,0.15273032947745532,0.2235028147800342,0.4180192360876379,157.8063980011601,1,1,1,1,1,1,1,1,1,1,1,1,1,1
param_20131,real_005,0.8167531746003266,0.6992000213061732,0.256978095591853,0.3243057403487795,0.24835474115991496,271.89826249483013,1,1,1,1,1,1,1,1,1,1,1,1,1,1
param_20132,real_002,0.8129999935752933,0.40058476786231617,0.06490788429520605,0.09401022751823365,0.19226926578006706,195.29421299477832,0,0,0,1,0,0,0,0,0,0,0,0,1,1
param_20132,real_003,0.8069287397867487,0.3763971807294479,0.03894695006766855,0.053733748043084624,0.008376146972392699,511.1596648145014,1,0,0,0,1,0,0,1,0,0,0,0,0,1
param_20132,real_004,0.8751189183559454,0.4820657767410803,0.21747802237691488,0.24429241241954253,0.04921155422674447,350.66756732823194,0,0,0,1,0,0,0,0,0,1,0,0,1,1
param_20132,real_005,0.8335170729349889,0.39642527505926095,0.08831584409693229,0.11319215326221987,0.2758870564717641,698.6796058802074,0,0,0,0,0,0,0,0,0,0,0,0,1,1
param_20133,real_001,0.8055434194800228,0.3821060028256482,0.0804792477225443,0.11751900430421021,0.8712475369933933,230.61990595347947,0,1,1,1,1,1,1,1,0,0,0,1,0,1
param_20133,real_002,0.8053303515823069,0.41840467488386723,0.06880892292174386,0.09884783971542975,0.40407504950899326,177.84406469098695,0,0,0,1,0,0,0,0,0,0,0,0,1,1
param_20133,real_003,0.8010683512333178,0.39621970688441727,0.04329654512892291,0.06166558300801394,0.09239905416869731,450.4529146937784,1,0,0,0,1,0,0,1,0,0,0,0,0,1
param_20133,real_004,0.8789943626065476,0.5210597040638681,0.24064981780614814,0.2671255868716954,0.07285608081514847,426.4081789909201,0,0,0,1,0,0,0,0,0,1,0,0,1,1
param_20133,real_005,0.82791243042866,0.4069406502030313,0.10742074672086066,0.1353803610893833,0.2770430874281516,652.7290987124194,0,0,0,0,0,0,0,0,0,0,0,0,1,1
param_20134,real_001,0.7995939406843082,0.40228068802938455,0.08699564776766021,0.12698508547981574,0.8719147099123449,274.93443317886295,0,1,1,1,1,1,1,1,0,0,0,1,0,1
param_20134,real_002,0.8017926790621566,0.4508503934457792,0.08397441684301964,0.11910892397795188,0.4344058910633529,156.1680182731168,0,0,0,0,0,0,0,0,0,0,0,0,1,1
param_20134,real_003,0.7936460519364643,0.40588109658100646,0.0483293703877591,0.07020191896782683,0.09496555563287176,451.77765400382947,1,0,0,0,1,0,0,1,0,0,0,0,0,1
param_20134,real_004,0.8674788100194939,0.5412987590489842,0.2468915017972345,0.27448082205995844,0.15871034393698075,381.167553152136,0,0,0,1,0,0,0,0,0,1,0,0,1,1
param_20134,real_005,0.8244917487605937,0.44433260623297166,0.12248501994940549,0.15291650579852456,0.29693367379782415,632.4273836901759,0,0,0,0,0,0,0,0,0,0,0,0,1,1
param_20135,real_001,0.7882290847583074,0.4912018469581058,0.12111515724096478,0.16258255049527137,0.839841281876311,119.51307264393334,0,1,1,1,1,1,1,1,0,1,1,1,0,1
param_20135,real_002,0.7689101813347896,0.5128294481534748,0.08735324379152605,0.13222712721536914,0.6679779701022817,176.34701332078347,1,0,1,1,1,1,1,0,0,1,0,1,1,1
param_20135,real_003,0.7744590700409141,0.4616056744471597,0.06530514602347737,0.10110789830893052,0.4432645225568934,298.5050657459984,1,0,1,1,1,1,0,1,1,1,0,1,1,1
param_20135,real_004,0.8710605555072672,0.6090449513545868,0.2710233290001801,0.3074409411021543,0.4278112701384078,565.7993453816829,1,1,0,1,1,0,0,1,0,1,0,1,1,1
param_20136,real_001,0.8000941014383757,0.590355357905075,0.18630848630874627,0.23762378376706395,0.6365013210696795,152.48965542873043,1,1,1,1,1,1,1,1,0,1,1,1,1,1
param_20136,real_002,0.7863055410765845,0.6245059008244278,0.17634857023100828,0.22601339140600316,0.7221489909008306,103.93013470496429,1,1,1,1,1,1,1,1,0,1,0,1,1,1
param_20136,real_003,0.7726556604835512,0.5586047690990293,0.12640212342843601,0.17722460906169535,0.35849351787148387,256.2862643873541,1,0,1,1,1,1,0,1,1,0,0,1,1,1
param_20136,real_004,0.8572472181663957,0.6975930317689574,0.32171340513106883,0.3632287435534131,0.5287282975725187,329.127344126009,1,1,0,1,1,1,1,1,0,1,0,1,1,1
param_20136,real_005,0.8051834106465467,0.6253146672324627,0.23071081994089992,0.273762657349926,0.5515481773609039,372.3832191327762,1,1,0,1,1,1,0,1,0,0,0,1,1,1
param_20137,real_001,0.8009937939763401,0.6720795346618783,0.2140009340718466,0.28959440038043305,0.31064795879050855,83.50700693369909,1,1,1,1,1,1,1,1,1,1,1,1,1,1
param_20137,real_002,0.7644487146368776,0.6709424062807752,0.1877104105713041,0.2551162463107214,0.42798255222342485,108.06791202286675,1,1,1,1,1,1,1,1,1,1,1,1,1,1
param_20137,real_003,0.7647149900846122,0.6244478393413507,0.16720329318168953,0.2388885499894183,0.32410494094902903,179.48081298647492,1,1,1,1,1,1,1,1,1,1,1,1,1,1
param_20137,real_004,0.8772764728055067,0.7806948826689589,0.35228865032370743,0.42915010416225363,0.1796758998515181,350.03287661603,1,1,1,1,1,1,1,1,1,1,1,1,1,1
param_20137,real_005,0.8197074688137035,0.7073842829519913,0.26168178104890333,0.33839340408633284,0.32579415501905973,159.76648638141978,1,1,1,1,1,1,1,1,1,1,1,1,1,1
param_20138,real_001,0.8006240368352618,0.36133098426845905,0.05024574663001816,0.08894799483625203,0.20803267811229992,324.34115229449435,0,0,0,0,1,0,0,1,0,0,0,1,1,1
param_20138,real_002,0.8049863848659797,0.4059107748132332,0.059104755736014765,0.08454224391960904,0.05498780246587987,115.25265728496409,0,0,0,0,0,0,0,0,0,0,0,0,1,1
param_20138,real_003,0.8049801205690693,0.4076223442289495,0.04968166570577016,0.06665680508415824,0.19848063537066318,452.58443308595696,1,0,0,0,1,0,0,0,0,0,0,0,0,1
param_20138,real_004,0.8672370876246958,0.49491679694159985,0.20728883500612283,0.23259151491562893,0.03780974617760036,331.48558973164603,0,0,0,0,0,0,0,0,0,0,0,0,1,1
param_20138,real_005,0.8246204943811218,0.41550991328065556,0.08217195261429941,0.10834397883557821,0.02138783269961977,667.5693065976837,0,0,0,0,0,0,0,0,0,0,0,0,1,0
param_20139,real_001,0.795126926731781,0.39503488215011084,0.07683252295784579,0.11876072658778063,0.530988971252938,70.52744000143606,0,0,1,1,1,1,1,1,0,0,0,1,1,1
param_20139,real_002,0.7926003850934922,0.4235868137077793,0.06930729352541444,0.09560142226392669,0.17464061775439021,117.23673813513157,1,0,0,0,0,0,0,0,0,1,0,0,1,1
param_20139,real_003,0.7955564523636178,0.42210353285343283,0.05231399326346478,0.07024244537588122,0.11190980257003594,427.1296549764959,1,0,0,0,1,0,0,0,0,0,0,1,0,1
param_20139,real_004,0.8600179931151161,0.5149795356662046,0.2274241517963305,0.2530216967552519,0.07716342888194538,440.0276643827964,0,0,0,1,0,0,0,0,0,0,0,0,1,1
param_20139,real_005,0.8159798656781683,0.4167492383776093,0.11453478830798358,0.1410620347845216,0.13005559563722785,559.7442433141927,0,0,0,0,0,0,0,0,0,0,0,0,1,1
param_20140,real_001,0.789922218907933,0.4125494846016604,0.08662667888899352,0.13139323764707272,0.630882640978615,74.40909130331701,0,0,1,1,1,1,1,1,0,0,0,1,1,1
param_20140,real_002,0.7894715399350752,0.4549104091863371,0.08349124949246754,0.11734269440066437,0.22087805649449485,103.6103373039544,1,0,0,0,0,0,0,0,0,1,0,0,1,1
param_20140,real_003,0.7862629962238789,0.43304410235260865,0.05633089063424368,0.07638271281386383,0.09257375381485249,432.83689122200394,1,0,0,0,1,0,0,0,0,0,0,1,1,1
param_20140,real_004,0.853357793894162,0.5419619004017479,0.24350616781510961,0.26917225388583815,0.13263420390532807,343.8696542570545,0,0,0,1,0,0,0,0,0,1,0,0,1,1
param_20140,real_005,0.813519381924271,0.45345176383394287,0.1259568177342123,0.15678108780956893,0.1452476432425623,552.8667793846113,0,0,0,0,0,0,0,0,0,0,0,0,1,1
param_20141,real_001,0.7829985118572925,0.4965633506344595,0.13078062216040715,0.17722003183009036,0.6855500532668376,108.86396323307903,0,1,1,1,1,1,1,1,1,1,1,1,1,1
param_20141,real_002,0.7608982352501276,0.5144403607942423,0.09387528044694847,0.13444426578053426,0.6933308273937747,131.56941269157022,1,0,0,1,1,1,1,0,0,1,0,1,1,1
param_20141,real_003,0.76831907017156,0.4732165006631879,0.07162999418623589,0.10738725895389015,0.1904387374756352,360.14008807081814,1,0,1,1,1,1,0,1,1,0,0,1,1,1
param_20141,real_004,0.8544528356124885,0.5951854407516316,0.26450313802197406,0.29468046010437254,0.39913355574177434,603.4853576844187,1,0,0,1,1,0,0,1,0,1,0,1,1,1
param_20142,real_001,0.8015978424123061,0.6095873230028249,0.2014903542162406,0.25650593121143145,0.5364067168023076,149.87106646695952,1,1,1,1,1,1,1,1,1,1,1,1,1,1
param_20142,real_002,0.774618891077914,0.6305552077509994,0.1792672120628328,0.22548974582482792,0.7504177775509944,80.78491052836154,1,1,0,1,1,1,1,1,0,1,0,1,1,1
param_20142,real_003,0.7710633347960938,0.5856714169845844,0.1398118096034162,0.19161558101834622,0.2868160046446369,300.99984801658155,1,1,1,1,1,1,0,1,1,0,0,1,1,1
param_20142,real_004,0.8388575723264771,0.6907494124659789,0.3217424914521098,0.3624081839494486,0.6322598479612992,302.71217139501096,1,1,0,1,1,1,1,1,0,1,0,1,1,1
param_20142,real_005,0.8062421541382757,0.6436728395501374,0.24530990931812582,0.2951855393194591,0.5001290755608333,298.12091940642665,1,1,0,0,1,1,0,1,0,0,0,1,1,1
param_20143,real_001,0.8062464405985338,0.6754616615752498,0.22370077806516064,0.29829078303940265,0.3267367138723923,105.16387915956422,1,1,1,1,1,1,1,1,1,1,1,1,1,1
param_20143,real_002,0.767672457733941,0.6779159008121944,0.1903019212380487,0.2567810937801147,0.4879506074487154,106.59008426763926,1,1,1,1,1,1,1,1,1,1,1,1,1,1
param_20143,real_003,0.7713562103454795,0.6337810552916969,0.17415767536696194,0.24603182519734731,0.3415089992063289,245.8300682907823,1,1,1,1,1,1,1,1,1,1,1,1,1,1
param_20143,real_004,0.8650857562733151,0.7634376923072267,0.3400308572378548,0.41269983456837667,0.19033874013849636,355.6364950825653,1,1,1,1,1,1,1,1,1,1,1,1,1,1
param_20143,real_005,0.8229043043033824,0.7175054619526807,0.27229843547132715,0.3466168272314218,0.37548407157192526,161.36442143970854,1,1,1,1,1,1,1,1,1,1,1,1,1,1
param_20144,real_001,0.7852892760236128,0.31444595907970874,0.010329978206503143,0.03184618436892567,0.5617011546816051,269.9241994825507,0,1,0,0,0,1,0,1,0,0,0,1,1,1
param_20144,real_002,0.7928214479387264,0.28530482049707584,0.0280244523934899,0.0439376390964607,0.16448611047127654,861.4352868393751,0,0,0,1,0,1,0,0,0,0,0,0,1,1
param_20144,real_003,0.7930427142143058,0.39383479221034323,0.04394139468974188,0.05630334669966196,0.499967242471228,312.47255455244056,1,0,0,0,0,1,0,1,0,1,0,1,0,1
param_20144,real_004,0.7987232617369611,0.31563205651729453,0.01775492938465742,0.03127081636464279,0.7842757110599183,128.4050338441659,0,1,0,1,0,1,0,1,0,1,0,1,0,0
param_20144,real_005,0.8118108944660559,0.3268857624347069,0.018813446766922884,0.051770012850473786,0.16208251473477406,854.912667905237,0,1,0,1,0,0,1,1,0,1,0,1,0,0
param_20145,real_001,0.7804337582868446,0.3265955102722765,0.018613657385087464,0.04304791076394546,0.760538230980167,224.38999459949508,0,1,0,0,0,1,0,1,0,1,0,1,1,1
param_20145,real_002,0.7876252897159334,0.3015663565434222,0.029591798119241845,0.050974368641351644,0.25714889569903837,843.322448242913,0,0,0,1,0,1,0,0,0,1,0,0,1,1
param_20145,real_003,0.7900707253295507,0.41434320985502393,0.04990469600646164,0.06303294974815386,0.7805856723072246,263.0596207248157,1,0,0,0,1,1,0,1,0,1,0,1,0,1
param_20145,real_004,0.7989675917645499,0.3436752949203066,0.02401706035159801,0.0440281912755949,0.9612800678181626,285.3931035921137,0,1,0,1,0,1,0,1,0,1,0,1,0,0
param_20145,real_005,0.812206965051992,0.3531427362130236,0.026636956331667717,0.07527676022469705,0.39721123829344435,688.1864323799359,0,1,1,1,0,0,1,1,0,1,0,1,0,0
param_20146,real_001,0.7665383406796235,0.34047608565105236,0.02078077009658762,0.04791130787522093,0.7472415795586528,234.74362296854903,0,1,0,0,0,1,0,1,0,1,0,1,1,1
param_20146,real_002,0.779623170637998,0.32107331586005067,0.03677089573364513,0.0617430698864212,0.26344264333982836,865.6714804276876,0,0,0,1,0,1,0,0,0,1,0,0,1,1
param_20146,real_003,0.7797842965651324,0.4385272749057049,0.05229860846152798,0.06892589675607005,0.7170199025421241,277.08584016233164,1,0,0,0,1,1,0,1,0,1,0,1,0,1
param_20146,real_004,0.781843112875298,0.3501967508478966,0.025499973898954927,0.047256318949702045,0.8423484042019,200.683335799112,0,1,0,1,0,1,0,1,0,1,0,1,0,0
param_20146,real_005,0.7964981679367678,0.36237392895166876,0.024809215376293135,0.07361071206485914,0.2924653405666064,739.9508432378059,0,1,1,1,0,0,1,1,0,1,0,1,0,0
param_20147,real_001,0.7506034543758676,0.3945522345542551,0.05470148921271958,0.08607931237848007,0.9670526315789474,225.3168156905507,1,1,1,0,1,1,1,1,0,1,0,1,1,1
param_20147,real_002,0.7610448152156363,0.39828078170034154,0.053810273316192155,0.1055623371507263,0.5738038878129259,718.8062537280287,1,1,1,1,1,1,1,1,0,1,0,1,1,1
param_20147,real_003,0.7635988621001555,0.510179091434068,0.0639295142491922,0.09837137192933028,0.9222201489859483,250.87865060562748,1,0,1,1,1,1,1,1,0,1,0,1,0,1
param_20147,real_004,0.7954765907782659,0.4575074588690575,0.06474875184114061,0.09625751595494393,1.4891563749179644,287.90831085764086,1,1,1,1,1,1,1,1,0,1,0,1,0,1
param_20147,real_005,0.8128247033035888,0.46020924952698167,0.11633981907293689,0.16252995898286055,0.9619202888002562,453.64493560511653,1,1,1,1,1,0,1,1,0,1,0,1,0,1
param_20148,real_001,0.7374573627003564,0.48289945357060104,0.10603872147883331,0.15492915028044055,1.0347234200644844,189.8781916942189,1,1,1,1,1,1,1,1,0,1,0,1,1,1
param_20148,real_002,0.7593896670589004,0.4996553316170446,0.13274262916941454,0.18480257989772267,0.7251740050480585,639.5579329976586,1,1,1,1,1,1,1,1,0,1,0,1,1,1
param_20148,real_003,0.75638408242802,0.590839497730067,0.1274419165835649,0.17190890093646374,0.902100400076205,177.40963777256763,1,1,1,1,1,1,1,1,0,1,0,1,1,1
param_20148,real_004,0.7505298832415668,0.5116018507181564,0.10373660323563673,0.14926019566239507,1.0932240287608692,152.84853513255814,1,1,1,1,1,1,1,1,0,1,0,1,1,1
param_20148,real_005,0.7891821825927329,0.549076751778442,0.14427491586288518,0.2045998363026468,0.766391204198428,278.67475512165174,1,1,1,1,1,1,1,1,0,1,0,1,1,1
param_20149,real_001,0.7352367898725748,0.5723468653980567,0.1689287944619543,0.2432407621029553,0.4090359672580837,107.81053167834105,1,1,1,1,1,1,1,1,1,1,1,1,1,1
param_20149,real_002,0.7424625022412304,0.5994881104829881,0.19550705930231793,0.2670308169805097,0.31898530201670006,325.6033929945141,1,1,1,1,1,1,1,1,1,1,1,1,1,1
param_20149,real_003,0.7432599858604767,0.6625436246541809,0.17192058021061127,0.2446811191675537,0.42117475185837666,162.95757830188785,1,1,1,1,1,1,1,1,1,1,1,1,1,1
param_20149,real_004,0.7971104721904524,0.6623614961891255,0.16902658928941744,0.2423736606278506,0.44146123528115744,137.8899455732895,1,1,1,1,1,1,1,1,1,1,1,1,1,1
param_20149,real_005,0.8152231605837034,0.6681851302552437,0.2424281075333439,0.3176623064334717,0.24901985355985606,222.7889073348277,1,1,1,1,1,1,1,1,1,1,1,1,1,1
param_20150,real_001,0.7903948776865787,0.3842415477443183,0.019516944364911488,0.04079163098862923,0.1548600650122889,320.190388945215,0,1,0,0,0,1,1,0,0,0,0,1,1,1
param_20150,real_002,0.8584063824815863,0.4672053913454407,0.15211428079629877,0.1863219961191729,0.40615533213329236,83.5196988545039,0,0,0,1,1,0,1,1,0,0,0,1,0,1
param_20150,real_003,0.8486100608269086,0.41625833576685506,0.12112916345185992,0.1530268149581973,0.08513541169247561,313.5561277474692,0,1,0,0,0,1,0,1,0,0,0,0,0,1
param_20150,real_004,0.844600730695476,0.42843841001420335,0.10648849863362896,0.1279032737963016,0.6143318909337365,390.28327416373486,0,0,0,0,0,0,0,1,0,0,0,1,1,1
param_20150,real_005,0.8289925522895271,0.33398929940429345,0.0316445039116473,0.06356455633694157,0.05970280103449788,573.0734522301531,1,0,0,0,1,1,0,1,0,0,0,0,0,1
param_20151,real_001,0.780313894045894,0.39949736121366114,0.026921883760007835,0.05312180253090628,0.27978168841619144,237.71100559144202,0,1,0,0,0,1,1,0,0,1,1,1,1,1
param_20151,real_002,0.8669471913481022,0.5138300656562003,0.1848846333283717,0.22256892771493914,0.5182365751731445,51.4462694577069,0,0,1,1,1,0,1,1,0,1,0,1,0,1
param_20151,real_003,0.844062273348097,0.43673456792193277,0.12684421495132,0.16087149837030779,0.21268915729557128,368.34054979955744,0,1,0,0,0,1,0,1,0,0,0,0,1,1
param_20151,real_004,0.8440299502938581,0.45789573548662227,0.13077288894991757,0.15261452964772418,0.732258567325035,289.54858385561863,0,0,0,0,0,1,1,1,0,0,0,1,1,1
param_20151,real_005,0.8198697841776049,0.35411193630481913,0.040643306751065464,0.08384654449331555,0.16117562429349502,569.0842194688381,1,0,0,0,1,1,0,1,0,0,0,0,0,1
param_20152,real_001,0.768872581076844,0.4082369762227193,0.029722018863456285,0.05829043848292782,0.3132828630419821,169.58025397506873,0,1,0,0,0,1,1,1,0,1,0,1,1,1
param_20152,real_002,0.8567526610631887,0.5288129252204584,0.1851783733782544,0.22445097209098575,0.5379175903982876,37.41659672659933,0,0,1,1,1,0,1,1,0,1,0,1,0,1
param_20152,real_003,0.8366734389849766,0.4533270073113348,0.13723253972124785,0.17176813901840293,0.25713225674171564,382.24191218151793,0,1,0,0,0,1,0,1,0,0,0,0,1,1
param_20152,real_004,0.8344839971151188,0.46858562628296674,0.13956077273085865,0.16472565309561926,0.6824474036373209,215.1578469435408,0,0,0,0,0,1,1,1,0,0,0,1,1,1
param_20152,real_005,0.810484305057479,0.3715462782590338,0.04688030804818378,0.09594945096521033,0.1727937552975498,576.4913070338985,1,1,0,0,1,1,0,1,0,0,0,0,0,1
param_20153,real_001,0.7606039579855036,0.4768619592283516,0.06682145110576371,0.11205900337316343,0.6948152106586346,174.4687840450487,1,1,1,1,1,1,1,1,1,1,1,1,1,1
param_20153,real_002,0.8726620314416529,0.6271729973243345,0.24945939999759978,0.29093604414257696,0.5810484443813042,24.001365734999013,1,1,1,1,1,1,1,1,0,1,1,1,0,1
param_20153,real_003,0.8273622734467121,0.5101638729643451,0.1494317220774026,0.1945792771512277,0.4482455680268541,348.8491193929843,1,1,1,1,1,1,1,1,0,1,1,1,1,1
param_20153,real_004,0.8360649382130731,0.5486300745345326,0.17227102971875438,0.21001155608743843,0.6894401173947398,140.6397630103447,0,1,0,1,0,1,1,1,0,0,1,1,1,1
param_20153,real_005,0.784277090758236,0.41536468994237974,0.09785285432101785,0.14396291171092201,0.7574731150130628,662.1719931570095,1,1,1,1,1,1,1,1,0,1,0,1,0,1
param_20154,real_001,0.7504813601088449,0.5490166478049071,0.11087467650576499,0.17360683648072692,0.8070456707388762,249.5606880690006,1,1,1,1,1,1,1,1,1,1,1,1,1,1
param_20154,real_002,0.8596850254638402,0.7002024310967779,0.272717619898862,0.32710293162444093,0.4830121949904575,79.67021346858043,1,1,1,1,1,1,1,1,0,1,1,1,1,1
param_20154,real_003,0.8384846307563996,0.6404220207579998,0.22511167578403243,0.28122733888957213,0.5694797394076607,221.67319597330265,1,1,1,1,1,1,1,1,0,1,1,1,1,1
param_20154,real_004,0.8286353212391511,0.6392597679479418,0.23905144832005223,0.27968486779777535,0.6271311423304303,56.889941227317955,0,1,1,1,0,1,1,1,0,0,1,1,1,1
param_20154,real_005,0.7727484617663032,0.5290159158095171,0.1545594341792423,0.20823451815999064,0.483055357405709,706.6525466917856,1,1,1,1,1,1,1,1,1,1,0,1,1,1
param_20155,real_002,0.8838013961643236,0.7904233681286919,0.33499788404751163,0.40202563787372175,0.26412930071935425,85.84424050083288,1,1,1,1,1,1,1,1,1,1,1,1,1,1
param_20155,real_003,0.8377825322014927,0.7073566837096813,0.2787210294317122,0.35117495799178167,0.2737209174948423,108.2474295921624,1,1,1,1,1,1,1,1,1,1,1,1,1,1
param_20155,real_004,0.8485197308458016,0.7254872833286108,0.27395910066367835,0.3462803758718486,0.3538507741164593,195.47479667391224,1,1,1,1,1,1,1,1,1,1,1,1,1,1
param_20155,real_005,0.7749019556599489,0.6071252108286336,0.21107015620547834,0.2774320423122662,0.4431953222060174,351.06917907095584,1,1,1,1,1,1,1,1,1,1,1,1,0,1
param_20156,real_001,0.7556858681143417,0.362876768940525,0.013428950885688337,0.03096736904119416,0.10046329661278698,205.727456941505,1,1,0,0,1,1,0,1,0,0,0,0,1,1
param_20156,real_002,0.7950195872845552,0.4312999743872385,0.07498629689187024,0.10245425604991648,0.035666749385250524,401.2769243075865,0,0,0,0,0,0,0,0,0,1,0,1,1,1
param_20156,real_003,0.8217694193368112,0.3596772667915391,0.0605800598992719,0.09517834190265731,0.037621953935937986,257.0003426881282,0,0,0,1,0,0,0,0,0,0,0,0,1,1
param_20156,real_005,0.8271185367082944,0.4996609433734466,0.13798647530977742,0.16759412026037265,0.40679708109219226,424.5562817010202,1,0,0,0,1,0,0,0,0,0,0,0,1,1
param_20157,real_001,0.7421347017475795,0.36627043276079646,0.01754692177660312,0.03994603544919915,0.2877881995867844,134.61524035910702,1,1,0,0,1,1,0,1,0,0,0,1,1,1
param_20157,real_002,0.7884088339287377,0.4370531460183169,0.09512733806125748,0.12798153406943907,0.11351707307625264,324.53063224673036,0,0,0,0,0,0,0,0,0,1,0,1,1,1
param_20157,real_003,0.8108099167504662,0.38697594438311805,0.08725077387356477,0.12277697749634076,0.20891337973704563,266.9972544475052,0,0,1,1,0,0,0,1,0,0,0,0,1,1
param_20157,real_004,0.7963201902778568,0.36552780176579835,0.09232776628524718,0.09985436269761523,0.9061673479201732,542.9205349594753,0,0,0,0,0,0,0,1,0,0,0,0,1,1
param_20157,real_005,0.8204460841819881,0.5131225486588549,0.15850892125950494,0.19439085067336082,0.21164720686853886,421.1731128062414,1,0,0,0,1,0,0,0,1,0,0,0,1,1
param_20158,real_001,0.728996999883928,0.39262967676020066,0.019623656197263493,0.04467914267854141,0.3339185267457275,190.78243083815778,1,1,0,0,1,1,0,1,0,0,0,1,1,1
param_20158,real_002,0.7769260874783778,0.4484177450891506,0.10229888114285492,0.1403722982828966,0.18382843950928204,300.5734384799021,0,0,0,0,0,0,0,0,0,1,0,1,1,1
param_20158,real_003,0.801639541834999,0.40197285993031023,0.08952416844647364,0.12713041575461137,0.20126900651651994,284.09466359681454,0,0,1,1,0,0,0,1,0,0,0,0,1,1
param_20158,real_004,0.7888276237933194,0.380039002432613,0.09889729947070178,0.10657456692921999,0.9397981361836425,568.4982857473549,0,0,0,0,0,0,0,1,0,0,0,0,1,1
param_20158,real_005,0.8189379012681615,0.534314404204582,0.18742983269291602,0.2204985667277078,0.1721445348348862,429.1550112496325,1,0,0,0,1,0,0,0,1,0,0,0,1,1
param_20159,real_001,0.7349829940411675,0.4526318492046745,0.05866139949716977,0.10495176906813412,0.7895100864553314,237.97264782264432,1,1,1,1,1,1,1,1,0,0,0,1,1,1
param_20159,real_002,0.7877805480068827,0.5259519063499306,0.16193331956121215,0.21684165862689034,0.3378267567836199,328.40534356938576,0,0,0,1,0,0,1,1,1,1,1,1,1,1
param_20159,real_003,0.8041164658736065,0.48680109021101686,0.1503013758514406,0.19304965854497752,0.5808410906450122,382.8178518567745,1,0,1,1,1,0,1,1,0,1,0,0,1,1
param_20159,real_004,0.7693985820694229,0.456484508202941,0.0943981235236532,0.12291206230219089,1.194899687917967,282.74320464984567,0,0,1,1,0,0,1,1,0,0,0,1,1,1
param_20159,real_005,0.7918637461808737,0.5636902090181818,0.19522358011882293,0.22926907688596043,0.1648133200004819,373.6179802461486,1,1,0,1,1,0,0,0,1,0,0,1,1,1
param_20160,real_001,0.7273181256893391,0.5659022613016611,0.11286653287871161,0.17715550279789913,0.7952541479537494,166.00958771356713,1,1,1,1,1,1,1,1,1,1,0,1,1,1
param_20160,real_002,0.7779464087588753,0.6107777600591444,0.2261122265936505,0.28059242824290237,0.6303406822616457,38.061587882378085,0,0,1,1,1,1,1,1,1,1,1,1,1,1
param_20160,real_003,0.7772175001674502,0.576098419051943,0.17618140467179078,0.22265974897038263,0.7895098701843523,253.07982918997394,1,1,1,1,1,1,1,1,0,1,0,1,1,1
param_20160,real_004,0.7672838269206674,0.5495757247108967,0.14977026283606515,0.18652959345240064,1.1413097378045,242.30155165122144,0,1,1,1,0,1,1,1,0,0,0,1,1,1
param_20160,real_005,0.8386867427440137,0.7021151441706208,0.28898919775505805,0.3493131976666888,0.181406124093473,278.7910911723328,1,1,0,1,1,0,0,1,1,0,1,1,1,1
param_20161,real_001,0.7913461520489325,0.6757246270179468,0.2433588953623105,0.32012122665176357,0.2866771935613113,176.24151371726862,1,1,1,1,1,1,1,1,1,1,1,1,1,1
param_20161,real_002,0.8266829031460722,0.7350764025009853,0.2938592856801206,0.3663170260791216,0.38136315157531814,70.4906316715496,1,1,1,1,1,1,1,1,1,1,1,1,1,1
param_20161,real_003,0.8139908417952354,0.6767956076309675,0.25417488034524066,0.3239515549099579,0.3728838633323042,128.9837710321978,1,1,1,1,1,1,1,1,1,1,1,1,1,1
param_20161,real_004,0.7842450554537954,0.6407610554866556,0.20801820682010022,0.2737314495497442,0.5546577070840244,59.014907745592645,1,1,1,1,1,1,1,1,1,1,1,1,1,1
param_20161,real_005,0.8456208239547205,0.7631396552680784,0.30106923407987757,0.3795412418873888,0.21279781482386403,199.6823262458717,1,1,1,1,1,1,1,1,1,1,1,1,1,1
