param_folder,realization,global_ssim,plume_ssim,iou_0.001,iou_0.0001,area_rel_err_1e-3_d365,centroid_err_m_d365,exceed_w500_+400_true,exceed_w500_+400_pred,exceed_w500_-400_true,exceed_w500_-400_pred,exceed_w1000_+400_true,exceed_w1000_+400_pred,exceed_w1000_-400_true,exceed_w1000_-400_pred,exceed_w1500_+600_true,exceed_w1500_+600_pred,exceed_w1500_-600_true,exceed_w1500_-600_pred,exceed_w1900_+0_true,exceed_w1900_+0_pred
param_20000,real_001,0.8456378006375093,0.40646877946941823,0.058770111324992394,0.08074306822146785,0.471886402602541,594.2712344049016,0,0,0,0,0,0,0,0,0,1,0,0,0,1
param_20000,real_002,0.8213107502768251,0.3367477111405217,0.00991247940374968,0.0322561066805562,0.19890239296109494,346.97401530601337,0,1,0,1,0,1,0,0,0,0,0,0,0,1
param_20000,real_003,0.8072457892834524,0.3325057849144183,0.007536175299746746,0.025870034198825033,0.27005233485321534,672.8691693804449,0,1,0,1,0,0,0,0,0,1,0,1,0,1
param_20000,real_004,0.8108562738312252,0.33495438882503314,0.012832577224395996,0.032148313143151724,0.2841464498355994,1104.4948961855457,0,0,0,1,0,0,0,0,0,1,0,0,1,1
param_20000,real_005,0.8553124431621384,0.4038583787146211,0.13067221329129167,0.1544430224920587,0.3286004056795132,433.60781099932706,0,0,0,0,0,0,0,0,0,0,0,0,0,1
param_20001,real_001,0.8424343064287183,0.4210520170158631,0.06272165327658413,0.08511890078039164,0.6207688364941056,533.4148056752082,0,0,0,0,0,0,0,0,0,1,0,0,0,1
param_20001,real_002,0.8169234226012793,0.35280586383631096,0.01444210673568327,0.04215512518441941,0.43762400793650796,315.47607877031726,0,1,0,1,0,1,0,0,0,0,0,0,0,1
param_20001,real_003,0.8077233285148444,0.36140848363265116,0.02189667510507682,0.04726300427799909,0.5713113719550675,603.5880077162908,0,1,0,1,0,0,0,1,0,1,0,1,0,1
param_20001,real_004,0.8069450966425415,0.34676020333789054,0.01672857142162801,0.040764270384361305,0.49483340581060653,1057.6870337884948,0,0,0,1,0,1,0,0,0,1,0,0,0,1
param_20001,real_005,0.8538322824191219,0.42846226792520103,0.1394975091153059,0.16235957933916925,0.4598909657320872,308.02249838030303,0,0,0,1,0,0,0,1,0,0,0,1,0,1
param_20002,real_001,0.8417495517160303,0.4535847440672348,0.074280677048961,0.10088310596957661,0.5845565658366514,464.8762768143069,0,0,0,0,0,0,0,0,0,1,0,0,0,1
param_20002,real_002,0.8106426780256277,0.3746086690072915,0.021952756480004148,0.05563052380112559,0.34650121887863167,323.03233669669913,0,1,0,1,0,1,0,0,0,0,0,0,1,1
param_20002,real_003,0.7969084053363332,0.3721078880776092,0.02445481742987539,0.054862535200017624,0.5100880932082978,421.0355815798738,0,1,0,1,0,0,0,1,0,1,0,1,0,1
param_20002,real_004,0.799665134633847,0.36531882525074233,0.02344655497306431,0.05036000931066515,0.5232553473253341,1045.2039890241927,0,0,0,1,0,1,0,0,0,1,0,0,1,1
param_20002,real_005,0.8492735962911275,0.4549607008413938,0.1573744041387546,0.18602755969816695,0.47952880617699467,287.01692041277755,0,0,0,1,0,0,0,1,0,0,0,1,0,1
param_20003,real_001,0.8130631288489059,0.4980202225849845,0.07029047074211028,0.10067118318653008,0.8368893552524193,231.16500782507742,1,1,1,1,1,0,1,0,0,1,0,0,0,1
param_20003,real_002,0.7979779706275419,0.4425202426552664,0.05661088147195452,0.10015584862584827,0.852679031806597,64.80114760867161,1,1,1,1,1,1,1,0,0,1,0,1,0,1
param_20003,real_003,0.798721199274739,0.4676166702410853,0.07677538730717857,0.11339120157051784,1.0206382084534102,256.01399177573046,1,1,1,1,1,0,1,1,0,1,0,1,0,1
param_20003,real_004,0.7825121084387489,0.431948983287856,0.04802184821904183,0.09110826490280333,0.7415675627821878,708.8793986353337,1,1,1,1,1,1,1,0,0,1,0,1,0,1
param_20003,real_005,0.8376463928475252,0.5082686951247767,0.165511993498034,0.19695088894228602,0.6098334424321769,214.14310858548976,1,1,1,1,1,0,1,1,0,0,0,1,0,1
param_20004,real_001,0.8337516837859061,0.6219975803368906,0.15094437387730972,0.20112757058889202,0.6130854857363146,97.08429753615428,1,1,1,1,1,1,1,1,0,1,0,0,1,1
param_20004,real_002,0.806186405441183,0.5493271026203547,0.1256396255302385,0.1778222418443338,0.7469691380794294,56.92984705246432,1,1,1,1,1,1,1,1,0,1,0,1,1,1
param_20004,real_003,0.7987300713397137,0.5510807061292659,0.13562378924178897,0.18278753718584256,0.884512503374316,148.87223123368355,1,1,1,1,1,1,1,1,0,1,0,1,1,1
param_20004,real_004,0.7803155098008435,0.5236948651780987,0.10558110824444775,0.15421069481948996,0.8055398669056798,543.5102728112093,1,1,1,1,1,1,1,1,0,1,0,1,1,1
param_20004,real_005,0.8543980594305961,0.6494987402622958,0.24398870472033077,0.2874471841411237,0.5460423150225567,197.8886855998507,1,1,1,1,1,0,1,1,0,0,0,1,1,1
param_20005,real_001,0.8000528104084056,0.6770650367634132,0.15718068077118671,0.22839640952884874,0.38952179217169114,74.52185235388816,1,1,1,1,1,1,1,1,1,1,1,1,1,1
param_20005,real_002,0.7985361381842345,0.6597634198917808,0.18762055489892,0.26083588325620805,0.3783174040719238,35.278793697584724,1,1,1,1,1,1,1,1,1,1,1,1,1,1
param_20005,real_003,0.783672414124819,0.6499937845386343,0.1806678201957821,0.2530660110354276,0.40606363952657953,99.69870529078833,1,1,1,1,1,1,1,1,1,1,1,1,1,1
param_20005,real_004,0.7641162161321411,0.6193909557857966,0.16288446858641759,0.23589717839052887,0.4003722008664348,282.12674423959123,1,1,1,1,1,1,1,1,1,1,1,1,1,1
param_20005,real_005,0.8318016905864559,0.7117545853197,0.2537060119638884,0.32944641945569214,0.2852821110949118,135.3143013337399,1,1,1,1,1,1,1,1,1,1,1,1,1,1
param_20006,real_001,0.8335995586604031,0.46737623889874813,0.11164436055600893,0.1341695057446878,0.9658839860016813,173.60237193780787,0,1,0,1,1,1,0,1,0,0,0,0,0,1
param_20006,real_002,0.8647555973617257,0.4992350377322532,0.1517566310679765,0.19570102688092306,0.3621359993652305,513.6341228856118,0,1,1,1,0,1,0,1,0,0,0,0,1,1
param_20006,real_003,0.8256096120641421,0.4259744316796883,0.0454059252001361,0.08468767626047381,0.3292529148156052,453.9912225015484,1,1,0,1,1,1,0,1,0,0,0,1,1,1
param_20006,real_004,0.8328671564511648,0.4833515597425931,0.08537587370643931,0.13097425949341443,0.5787828300791853,607.1897104657147,0,0,0,0,0,1,0,0,0,1,0,0,0,0
param_20006,real_005,0.786598991158426,0.3870664629196709,0.012910620548948648,0.03710671093632409,0.5446862005608742,829.328467639658,1,1,0,1,1,1,0,0,0,1,0,1,0,1
param_20007,real_001,0.8330053368479401,0.4787148082442926,0.11311035033413418,0.13567429224096367,1.007670635281287,179.0100760508429,1,1,0,1,1,1,1,1,0,1,0,0,0,0
param_20007,real_002,0.8624021060744166,0.5122672193976193,0.1659220125812933,0.2082719665516536,0.44481142519743155,484.36209245239405,1,1,1,1,0,1,1,1,0,0,0,0,1,1
param_20007,real_003,0.8246420113541048,0.4342738365007123,0.05528972606292962,0.09712218549747892,0.4387640040739124,402.701371026123,1,1,0,1,1,1,0,1,0,0,0,1,1,1
param_20007,real_004,0.8367127619261149,0.5038009074541081,0.10825571207821864,0.15194204422030996,0.7082105042823004,496.0466272307509,1,1,1,0,0,1,1,0,0,1,0,1,0,1
param_20007,real_005,0.7813758459840677,0.3954213220201875,0.014718364984806014,0.043471236076789765,0.594030012852307,742.0849374653912,1,1,1,1,1,1,0,1,0,1,0,1,0,1
param_20008,real_001,0.8282950997572133,0.5054192439802775,0.1227921846136327,0.14730539290124134,0.9711604486152438,167.03299839945095,1,1,0,1,1,1,1,1,0,1,0,0,0,1
param_20008,real_002,0.8556851565340762,0.5272820945856018,0.17979714893425103,0.22425501711467546,0.4578722334004024,486.34545907209286,1,1,1,1,0,1,1,1,0,0,0,0,1,1
param_20008,real_003,0.8137145630785412,0.44120727025190754,0.05731144631039494,0.10361562173465065,0.4162290661368152,392.61817285671793,1,1,0,1,1,1,0,1,0,0,0,1,1,1
param_20008,real_004,0.8291801068221695,0.5263937060329804,0.12275386364334671,0.16920339927140532,0.7213987206823028,368.6941701658641,0,1,1,1,0,1,1,0,0,1,0,1,0,1
param_20008,real_005,0.7744271248217051,0.4155578806479241,0.017460511434745175,0.054420736685524086,0.5422797689494975,761.8780408115474,1,1,1,1,1,1,0,1,0,1,0,1,0,1
param_20009,real_001,0.8303775394218814,0.5513045018067385,0.1225447708488698,0.15389061306055568,0.9726555508130361,188.73421710061595,1,1,1,1,1,1,1,1,0,1,0,1,0,1
param_20009,real_002,0.8725936460282719,0.5702103862363388,0.21921781530618314,0.25939446570669533,0.535091765561007,357.6396556815745,1,1,1,1,1,1,1,1,0,0,0,1,1,1
param_20009,real_003,0.8177832823159373,0.4879046551156206,0.09385030444507551,0.13719064657071836,0.6528261080534028,311.73609169103537,1,1,1,1,1,1,1,1,0,1,0,1,1,1
param_20009,real_004,0.8371116241882719,0.5593206957940488,0.15331415518655753,0.1953291252898526,0.7771528002589835,356.37253604251055,1,1,1,1,1,1,1,1,0,1,0,1,0,1
param_20009,real_005,0.7613732106446552,0.4432252182806928,0.031848434420816495,0.07659466524359218,0.9203729262315861,370.15098286208257,1,1,1,1,1,1,1,0,0,1,0,1,0,1
param_20010,real_001,0.8328164281753991,0.6545359062221137,0.18986396221881055,0.2354331387797178,0.7314961845529531,134.70232617782452,1,1,1,1,1,1,1,1,0,1,0,1,1,1
param_20010,real_002,0.8573560309687224,0.6652320676509074,0.2581273045092861,0.30092359152438775,0.5427209556078791,332.61369320025176,1,1,1,1,1,1,1,1,0,1,0,1,1,1
param_20010,real_003,0.8012413407883703,0.5738393653582429,0.14376739674661942,0.197175876882158,0.7336411758080865,257.5518252408493,1,1,1,1,1,1,1,1,0,1,0,1,1,1
param_20010,real_004,0.8409748474246185,0.6782872749512169,0.22714279722538636,0.2744208215601533,0.631425462947385,190.08286621520364,1,1,1,1,1,1,1,1,0,1,0,1,1,1
param_20010,real_005,0.7621209376469761,0.5573030165686299,0.0984544502793927,0.15250549964045756,0.9176137989447057,459.58227153479095,1,1,1,1,1,1,1,1,0,1,0,1,1,1
param_20011,real_001,0.8409064585555523,0.7117806153619733,0.21002698171840645,0.27812762684001857,0.38971066371206525,230.34223005030654,1,1,1,1,1,1,1,1,1,1,1,1,1,1
param_20011,real_002,0.8860191898193988,0.7534792398249611,0.3128235917005192,0.37180948030579564,0.243749474133858,128.94290749970065,1,1,1,1,1,1,1,1,1,1,1,1,1,1
param_20011,real_003,0.814690747614399,0.6602221146466046,0.19593162977830939,0.267133651190349,0.3531195179620166,112.39473721425107,1,1,1,1,1,1,1,1,1,1,1,1,1,1
param_20011,real_004,0.8448895369158216,0.719087911466109,0.27341072513636133,0.33496662892170986,0.7481947233083236,630.3326605671468,1,1,1,1,1,1,1,1,1,1,1,1,0,1
param_20011,real_005,0.7548159869428624,0.608417556542243,0.1398285857038527,0.21065430926507223,0.5168192107076075,155.67942181229725,1,1,1,1,1,1,1,1,1,1,1,1,1,1
param_20012,real_001,0.796067947000243,0.42272244113151186,0.0485489290244173,0.08117377467668774,0.45453377857693295,963.417874731042,1,0,1,0,1,0,1,1,0,0,0,1,1,1
param_20012,real_002,0.8039712309471071,0.44447794706351784,0.08959022064281019,0.11842717779885009,0.3559025652683302,724.7306517417985,0,0,1,0,1,1,1,0,0,0,0,0,1,1
param_20012,real_003,0.7957953803317349,0.4580373778203662,0.07032336996118894,0.11041063293395294,0.7130574959699086,81.66304941684672,1,0,0,0,1,1,1,1,0,1,0,1,1,1
param_20012,real_004,0.8024463464130597,0.4107887227028518,0.0635799178700431,0.10001382204841765,0.06933186711835547,1171.649386526784,1,1,0,1,1,0,1,0,0,0,0,0,0,1
param_20012,real_005,0.751827751275932,0.3805795116796659,0.028327500238294133,0.04595357874388172,0.13584842944989198,1047.2852810506033,1,0,1,0,1,0,1,0,0,1,0,0,1,1
param_20013,real_001,0.791170994067571,0.4319373651065336,0.05197976018174369,0.08808041980519725,0.5738673210060468,903.7192971029191,1,0,1,1,1,0,1,1,0,1,0,1,1,1
param_20013,real_002,0.8020724045115035,0.45242247559380877,0.09521231601017469,0.12390188788283661,0.4106942148760331,540.0740741200553,0,0,1,0,1,1,1,0,0,0,0,0,1,1
param_20013,real_003,0.7981652404953153,0.4772125148167899,0.08301900166143762,0.12288105436613617,0.7911152677110124,89.25463553837551,1,1,0,0,1,1,1,1,0,1,0,1,1,1
param_20013,real_004,0.7981694538504651,0.41350757892300377,0.0655008012186535,0.10480757175502749,0.16657023246315647,1125.9714835528982,1,1,0,1,1,0,1,0,0,0,0,0,0,1
param_20013,real_005,0.7451514616006969,0.3843396357443776,0.027433826303158146,0.045943303631957644,0.18692044899951196,1006.5024023093861,1,0,1,0,1,0,1,0,0,1,0,0,0,1
param_20014,real_001,0.7831150881825891,0.44776855830675044,0.06340883006698389,0.10251676369359171,0.6035915349657465,886.2892024392286,1,0,1,1,1,0,1,1,0,0,0,1,1,1
param_20014,real_002,0.7979220461968772,0.470679672263816,0.11256386311198854,0.14354862955350098,0.38403292445701975,528.7285227455407,0,0,1,0,1,1,1,0,0,0,0,0,1,1
param_20014,real_003,0.7992840026310571,0.5031426611261819,0.10639149974562487,0.1463129682157975,0.8010698914954234,77.63351730897186,1,1,0,0,1,1,1,1,0,1,0,1,1,1
param_20014,real_004,0.7875442044069341,0.42939529484448585,0.06850914971833064,0.11156594854169712,0.1478969014730702,1110.5832825122063,1,1,0,1,1,0,1,0,0,0,0,0,0,1
param_20014,real_005,0.7364996847976166,0.3970593638121287,0.03764964233642312,0.05750459673984668,0.19467928689579123,985.2668118698433,1,0,1,0,1,0,1,0,0,1,0,0,1,1
param_20015,real_001,0.7777536701280967,0.4811450770605785,0.07949615016127463,0.11944877246050802,0.8419171746899307,603.011441226271,1,1,1,1,1,1,1,1,0,1,0,1,1,1
param_20015,real_002,0.7871795761735788,0.48873962919103037,0.1047365341090694,0.1404130933145069,0.48072761070171943,196.6630197571044,1,0,1,0,1,1,1,1,0,0,0,1,1,1
param_20015,real_003,0.8043445082705702,0.5300935885421825,0.11846138429043263,0.1588959980582349,0.8786339510786263,86.32958934546123,1,1,1,1,1,1,1,1,0,1,0,1,1,1
param_20015,real_004,0.7902415667933544,0.4654270406750121,0.08463658755538546,0.1365234161906056,0.4295400531245631,920.4083827044423,1,1,1,1,1,0,1,0,0,0,0,1,0,1
param_20015,real_005,0.7200753842408391,0.4121634659275958,0.030653652316318745,0.05374982898234312,0.24515769254600656,812.7951971375059,1,0,1,0,1,1,1,1,1,1,0,1,0,1
param_20016,real_001,0.7816462290528399,0.5960772523348535,0.1517845154340417,0.20575194780456438,0.6039429771716762,464.2241743317362,1,1,1,1,1,1,1,1,1,1,1,1,1,1
param_20016,real_002,0.7994656376324563,0.6083081265917738,0.19404433400802146,0.2477892443557234,0.42250684457311893,242.22402686204885,1,1,1,0,1,1,1,1,0,0,0,1,1,1
param_20016,real_003,0.8096506359600241,0.6592645516498367,0.20479520796107498,0.2570401401787262,0.47505920313988925,295.1042032580407,1,1,1,1,1,1,1,1,1,1,0,1,1,1
param_20016,real_004,0.7844083935154066,0.5835203017538699,0.1527316327917656,0.2134527763715228,0.48687466436416094,690.8563482811087,1,1,1,1,1,1,1,0,1,0,0,0,1,1
param_20016,real_005,0.7329040614598071,0.5430068039404443,0.09589217267387008,0.1499279466929461,0.2780512662730996,667.2897799005912,1,0,1,0,1,1,1,1,1,1,0,1,1,1
param_20017,real_001,0.7893943139887593,0.6483065907357185,0.17589487552491487,0.2412036661873119,0.4769734751943293,174.50197315758174,1,1,1,1,1,1,1,1,1,1,1,1,1,1
param_20017,real_002,0.7942845425532556,0.6362650628267236,0.18532850979414964,0.25038871564709375,0.34498285313099125,8.088725334437168,1,1,1,1,1,1,1,1,1,1,1,1,1,1
param_20017,real_003,0.8200190022704613,0.6842302384360839,0.21114474822027987,0.27770255819015766,0.3902801287240662,123.9560453282339,1,1,1,1,1,1,1,1,1,1,1,1,1,1
param_20017,real_004,0.7982325690211005,0.659656692397828,0.18892484346299504,0.25988520034936935,0.3253649622640228,519.1271986829055,1,1,1,1,1,1,1,1,1,1,1,1,0,1
param_20017,real_005,0.7210893516459249,0.5742025133463158,0.10628684898349391,0.1822297636386992,0.21555801104972375,394.47800867237913,1,1,1,1,1,1,1,1,1,1,1,1,1,1
param_20018,real_001,0.8402251431539163,0.3823634021644527,0.0674258864168797,0.09136586281309445,0.7340190373077097,551.2469355948006,0,1,0,1,0,0,0,0,0,0,0,0,0,1
param_20018,real_002,0.8717697426823618,0.43057128011925777,0.11833683011056571,0.1595668276315146,0.26089139414409274,900.3028575696071,0,1,0,0,0,0,0,0,0,0,0,0,1,1
param_20018,real_003,0.8347187144998672,0.3677539701674726,0.031039242842575216,0.05144372860704463,0.22832324766094278,891.2031420340195,0,0,0,0,0,1,0,0,0,0,0,0,1,1
param_20018,real_004,0.8440792460651697,0.4142473586989026,0.1068810680668231,0.12578237096198733,0.3748888098203167,137.66661444651157,0,0,0,0,0,0,0,0,0,1,0,1,1,0
param_20018,real_005,0.8350431449448444,0.3381679405295781,0.025247857130588233,0.05748634653217932,0.06722575713290015,1080.082842228091,0,0,0,1,0,0,0,0,0,0,0,0,1,1
param_20019,real_001,0.8379156665445668,0.4086789312905391,0.06938514591970595,0.09453397599343308,0.8692760349757573,451.1180464096669,0,1,0,1,0,0,0,0,0,0,0,0,0,1
param_20019,real_002,0.8724351030937733,0.4556794599752499,0.1319396149144941,0.174523758748777,0.40405935168401974,838.8492365815973,0,1,0,0,0,1,0,0,0,0,0,0,1,1
param_20019,real_003,0.8287683055740352,0.38539543357285977,0.03256938895824032,0.054743307677991716,0.40102727010190187,735.7134404626195,0,0,0,0,0,1,0,0,0,0,0,0,1,1
param_20019,real_004,0.848976183827493,0.4604380695770924,0.11538061883433562,0.14325608272504156,0.4999180294274356,114.87319773968284,0,0,0,0,0,0,0,0,0,1,0,1,1,0
param_20019,real_005,0.8317586281448069,0.36924425993275944,0.041148810768399144,0.07616330359102819,0.09706929381571322,1029.2942408720867,0,0,0,1,0,0,0,0,0,0,0,0,0,1
param_20020,real_001,0.8332875282633365,0.4369432611842089,0.08243712921730167,0.10956568825025631,0.8708737083350087,409.07819266491066,0,1,0,1,0,0,0,0,0,0,0,0,0,1
param_20020,real_002,0.8674355697989633,0.4837142868674062,0.16089506361415573,0.19356269316790706,0.4779194685911104,737.9686787155572,0,1,0,0,0,1,0,0,0,0,0,0,1,1
param_20020,real_003,0.823618178669117,0.40529655049258684,0.038909388318879766,0.06548981480589221,0.36300998372873183,742.5396896154576,0,0,0,0,0,1,0,0,0,0,0,0,1,1
param_20020,real_004,0.8390003190950823,0.48289969216092965,0.12857158850571446,0.15866599420809135,0.48815768558257827,96.29315523283859,0,0,0,0,0,0,0,0,0,1,0,1,1,1
param_20021,real_001,0.8148311333554787,0.49785766259547026,0.08189742373410473,0.11563141904252836,1.0422648907340137,104.99081181808282,1,1,1,1,1,1,1,1,0,1,0,1,0,1
param_20021,real_002,0.866864077960335,0.5510093805767164,0.18457564633124868,0.2192376854832056,0.5990731204943357,539.7684490520264,1,1,1,1,1,1,1,1,0,0,0,1,1,1
param_20021,real_003,0.7826260348150242,0.4432696570656605,0.047448873482195515,0.07718745102241834,0.7011122812585657,174.65193192950915,1,1,1,0,1,1,1,0,0,1,0,1,1,1
param_20021,real_004,0.8497939124727387,0.5683508088407951,0.16240060923232952,0.19582934087442727,0.7706617827322152,104.89492984487453,1,1,1,1,1,1,1,1,0,1,0,1,1,1
param_20021,real_005,0.8017401744908237,0.46480870165318605,0.08340036670192337,0.1264243199622985,0.5223998248303043,707.754671821894,1,1,1,1,1,1,1,0,0,1,0,1,0,1
param_20022,real_001,0.8210267512645494,0.5945728039154031,0.14925492234882654,0.195437633012,0.7967413940953081,88.8356073450872,1,1,1,1,1,1,1,1,0,1,0,1,1,1
param_20022,real_002,0.8705302572040641,0.65458081419971,0.24785563380287454,0.2890996530111035,0.6157439138933313,330.5520037610032,1,1,1,1,1,1,1,1,0,1,0,1,1,1
param_20022,real_003,0.7975576907720423,0.5501980139663775,0.10546953928264553,0.16080598207040647,0.6960588505290841,196.23546948020265,1,1,1,0,1,1,1,1,0,1,0,1,1,1
param_20022,real_004,0.8442865049477976,0.6656811009712071,0.22246248336229402,0.2670245230708387,0.6509566262646499,63.723445689202016,1,1,1,1,1,1,1,1,0,1,0,1,1,1
param_20022,real_005,0.8085416124863458,0.5720065681898734,0.14512007150156195,0.19955929986104337,0.5790607713922105,645.2341603911148,1,1,1,1,1,1,1,1,0,1,0,1,1,1
param_20023,real_001,0.8097405998779783,0.6815028984951046,0.182750000887011,0.25393955960998993,0.3782835335757109,169.64086074138734,1,1,1,1,1,1,1,1,1,1,1,1,1,1
param_20023,real_002,0.8723944366548807,0.758361917821524,0.2808186772419122,0.34389446200313195,0.2756096363658677,190.55780288441775,1,1,1,1,1,1,1,1,1,1,1,1,1,1
param_20023,real_003,0.7550656089729655,0.6072088547265287,0.14757687357912436,0.21996555437409449,0.3610575582311787,8.518519544088354,1,1,1,1,1,1,1,1,1,1,1,1,1,1
param_20023,real_004,0.8496208501260765,0.7417317865023223,0.2613043806755647,0.33182950130563493,0.2490157241111138,127.81840614554694,1,1,1,1,1,1,1,1,1,1,1,1,1,1
param_20023,real_005,0.8058631902906689,0.6855985816744227,0.223313592516576,0.2939661953056298,0.2787342808108323,292.251065255607,1,1,1,1,1,1,1,1,1,1,1,1,1,1
param_20024,real_001,0.7934581558418954,0.38860015048887964,0.0719443621569017,0.10012364256894468,0.4312978538830008,711.2793313568183,0,0,0,0,0,0,0,0,0,0,0,0,1,1
param_20024,real_002,0.8407538825297594,0.46632626417416195,0.15475910398969475,0.1803366503744418,0.4305549452963663,606.1091066347946,0,0,0,0,0,1,0,0,0,0,0,0,1,1
param_20024,real_003,0.8027822159697368,0.3843432197004211,0.044564537516867765,0.0675194539430087,0.0720584071512357,814.0533026785185,0,0,0,0,1,0,0,0,0,0,0,0,1,1
param_20024,real_004,0.8097614592866498,0.4420298991598488,0.09000628082775679,0.12526881561483866,0.3311780386818672,171.10101492950633,0,0,0,0,0,0,0,0,0,1,0,1,1,0
param_20024,real_005,0.8224980408785758,0.37535961188439887,0.0689944957736446,0.09991432725222589,0.07921294827039035,807.8641446645736,0,0,0,0,0,0,0,0,0,0,0,0,1,1
param_20025,real_001,0.7880112201825042,0.41468955698957255,0.07979788548676713,0.10966744608436105,0.6275385795890528,583.068352828047,0,1,0,1,1,0,1,0,0,1,0,0,1,1
param_20025,real_002,0.8387702261672966,0.49166909614872134,0.16521201822758425,0.1899255356924877,0.6183723549762652,576.4383914276964,0,1,0,0,0,1,0,1,0,0,0,0,1,1
param_20025,real_003,0.7948811984809377,0.3980094948397321,0.051610265657695324,0.08256213394405182,0.201653779274113,712.6441512421762,1,1,0,0,1,0,0,0,0,0,0,0,1,1
param_20025,real_004,0.8119161988160926,0.47941151095393786,0.110695595550163,0.1519876244021462,0.4480391478766081,185.5364440442429,0,0,0,1,1,0,0,0,0,1,0,1,1,1
param_20025,real_005,0.8187096378180052,0.41000663875679927,0.08879674829493732,0.12563400486110804,0.05220752249826936,742.8264388652221,0,0,0,0,1,0,0,0,0,0,0,0,1,1
param_20026,real_001,0.7835257882938245,0.43353261772454943,0.08692190647477936,0.11949219798150981,0.5800767060334195,581.5279108815832,0,1,0,1,1,0,1,0,0,1,0,0,1,1
param_20026,real_002,0.8376155876463346,0.5190868153751278,0.192114747582963,0.21656378381167773,0.5731748524179603,571.9765102924489,0,1,0,0,0,1,0,1,0,0,0,0,1,1
param_20026,real_003,0.7899365663268793,0.4144376419798398,0.06282605788229882,0.09656752157084524,0.20136749019965358,705.5910652947839,1,1,0,0,1,0,0,0,0,0,0,0,1,1
param_20026,real_004,0.8060635629036383,0.509410235325323,0.11701064119301563,0.16163184364658906,0.37790717530138995,199.44520824095733,0,0,0,0,1,0,0,0,0,1,0,1,1,0
param_20026,real_005,0.8145302688671925,0.44258528133591923,0.09200296320922759,0.135831587275744,0.037966256443421526,744.3117963390165,0,0,0,0,1,0,0,0,0,0,0,0,1,1
param_20027,real_001,0.7746962468589522,0.4886310929044791,0.0954645978429474,0.13728513802859163,0.8048810765181985,104.12242421738988,1,1,1,1,1,1,1,1,1,1,1,1,1,1
param_20027,real_002,0.8414479412047023,0.5828928350848799,0.19921241363697828,0.23419960093422748,0.6281409180159927,403.34309642930964,1,1,1,1,1,1,0,1,0,1,0,1,1,1
param_20027,real_003,0.7753213645908622,0.46579192005152337,0.07961443638123879,0.11723469278881572,0.4944675433725639,263.4151566713561,1,1,1,0,1,1,0,0,0,0,0,1,1,1
param_20027,real_004,0.8261748196452356,0.5868018748458126,0.1838965932168045,0.22308098728053005,0.571275154056611,114.68899319971733,1,1,1,1,1,1,1,1,1,1,1,1,1,1
param_20027,real_005,0.8008373880131054,0.5100912428141434,0.1319244649557584,0.17278878054956828,0.39750309332814304,500.01149944567345,1,1,1,1,1,1,0,0,0,1,0,1,1,1
param_20028,real_001,0.7942431893957966,0.609563214894128,0.1701374553907717,0.22304446337583117,0.6835777157694006,52.915002125833695,1,1,1,1,1,1,1,1,1,1,1,1,1,1
param_20028,real_002,0.8613067871664665,0.6946919530363993,0.2917357931865373,0.327539334980329,0.6210010772352632,310.30305362356887,1,1,1,1,1,1,1,1,0,1,0,1,1,1
param_20028,real_003,0.7853195266379022,0.5746539878869059,0.14657595112691857,0.20249052273907356,0.6164619022899002,250.90795464463912,1,1,1,1,1,1,1,1,1,0,0,1,1,1
param_20028,real_004,0.8338796868646502,0.7025411386569053,0.23378186061742473,0.2878603659142778,0.5507805923747742,128.70035456889062,1,1,1,1,1,1,1,1,1,1,1,1,1,1
param_20028,real_005,0.8071389741348314,0.6263597983380123,0.19396528437427743,0.24445441687589503,0.5592507458306842,500.1158239674238,1,1,1,1,1,1,1,1,0,1,0,1,1,1
param_20029,real_001,0.8046363708493783,0.6822826001123936,0.19673703918413937,0.268391409796271,0.3849801829648279,186.20429056499,1,1,1,1,1,1,1,1,1,1,1,1,1,1
param_20029,real_002,0.8764692817459847,0.7680958960708124,0.3077457239193009,0.36379950141584017,0.28992776497472744,134.88704944671687,1,1,1,1,1,1,1,1,1,1,1,1,1,1
param_20029,real_003,0.774838638835633,0.6392122440036446,0.17410804629806304,0.2440759866325983,0.3146224741895937,76.91187128079173,1,1,1,1,1,1,1,1,1,1,1,1,1,1
param_20029,real_004,0.8593761053565054,0.7684960198950725,0.28995046996427787,0.36161173194148327,0.23714772130348655,85.3289594989181,1,1,1,1,1,1,1,1,1,1,1,1,1,1
param_20029,real_005,0.8271337566587086,0.7214561926068629,0.2547206507642293,0.32448313479402663,0.2376153122058362,265.45948029186076,1,1,1,1,1,1,1,1,1,1,1,1,1,1
param_20030,real_001,0.7705821670873274,0.3982823136000503,0.08162204846771993,0.11086261063278162,0.17872858509435602,605.4490044367791,0,0,0,0,1,0,0,0,0,0,0,0,1,1
param_20030,real_002,0.8240613708243891,0.44805789103107996,0.16544602903228336,0.19372481772687636,0.24676985491908102,607.2147444640785,0,0,0,0,0,1,0,0,0,0,0,0,1,1
param_20030,real_003,0.7862643215489059,0.39056771752230424,0.05882588142611079,0.07536478089921524,0.1878181331088063,835.3392725707237,0,0,0,0,1,0,0,0,0,0,0,0,1,1
param_20030,real_004,0.8051513967562901,0.47274321636799754,0.10755664715210309,0.15076359107444395,0.06082600357119238,169.48572856244823,0,0,0,0,1,0,0,0,0,1,0,1,1,0
param_20030,real_005,0.8164314420092609,0.4006443171897164,0.10813144655936366,0.14076602003795072,0.1496867510406593,681.7141313184247,0,0,0,0,0,0,0,0,0,0,0,0,1,1
param_20031,real_001,0.7614429303407952,0.4242383920779142,0.09385760158493031,0.1274231915804008,0.3329916935644246,502.546773960095,0,0,0,0,1,0,1,0,0,1,0,0,1,1
param_20031,real_002,0.81750559319764,0.47641410284794106,0.17766496617133254,0.20683572755781396,0.4800989978496369,579.8434657214694,0,1,0,0,1,1,0,1,0,0,0,1,1,1
param_20031,real_003,0.7737427211617942,0.39610592322038685,0.0616737072033586,0.0835008936980152,0.022492411881327088,730.4501383878278,0,0,0,0,1,0,0,0,0,0,0,0,1,1
param_20031,real_005,0.8095942224068233,0.43551106429876024,0.13233633623977817,0.16690707647183836,0.006700232378001549,628.7952746091461,1,0,0,0,1,0,0,0,0,0,0,0,1,1
param_20032,real_001,0.7563920426573247,0.43714980860898417,0.0975274134337214,0.13365635607857704,0.3133334344706221,488.6243476660465,0,0,0,0,1,0,1,0,0,1,0,0,1,1
param_20032,real_002,0.817669340023943,0.5076661256959821,0.20357609873891214,0.2355855944741556,0.4568816902537786,576.9210127494996,0,1,0,0,1,1,0,1,0,0,0,1,1,1
param_20032,real_003,0.7705458417636183,0.41409181427148495,0.06906500137357505,0.0968762265868644,8.634683797879321e-05,737.578490656649,0,0,0,0,1,0,0,0,0,0,0,0,1,1
param_20032,real_004,0.7983861496214335,0.5326438030683422,0.13855894982449937,0.1895137658374306,0.17859185454983292,215.55796388552557,0,0,0,0,1,0,1,0,0,1,0,1,1,0
param_20032,real_005,0.8074733147856428,0.46722856771666416,0.13626008775315715,0.17900391532623514,0.000899435460721462,631.6672921881487,1,0,0,0,1,0,0,0,0,0,0,0,1,1
param_20033,real_002,0.8167365990497243,0.577966514327827,0.21862309700017446,0.2473733032659707,0.7100473773784517,384.7015966971974,1,1,0,1,1,1,0,1,0,1,0,1,1,1
param_20033,real_003,0.7597983266917285,0.4609664351457974,0.09439270381501844,0.13534138596552203,0.43187646641567085,286.8248248458272,1,1,0,0,1,1,0,0,0,0,0,0,1,1
param_20033,real_004,0.8072020311581055,0.5914564060664779,0.20047214196742047,0.24224077589808476,0.5031455176373667,100.19054482255939,0,1,0,1,1,1,1,1,1,1,1,1,1,1
param_20033,real_005,0.7916690958352617,0.5275710584755884,0.16204801846017833,0.20321080067322236,0.412536892647901,440.9680225885364,1,1,0,1,1,1,0,0,0,0,0,1,1,1
param_20034,real_001,0.7818099319882639,0.6248106853170938,0.19350011252606383,0.24892543160223468,0.6405870199319397,40.28615936822298,1,1,1,1,1,1,1,1,1,1,1,1,1,1
param_20034,real_002,0.8396769035916646,0.6929795287721666,0.3027372038221705,0.3404871387052398,0.6772407620508887,309.2895672170818,1,1,0,1,1,1,1,1,0,1,0,1,1,1
param_20034,real_003,0.7744315226664346,0.5836210682529009,0.1756104510386833,0.22839076814717577,0.6275376907155864,209.62081086912173,1,1,1,1,1,1,0,1,1,0,0,1,1,1
param_20034,real_004,0.831818029219246,0.7165973743713093,0.2611366747931493,0.31652518324466633,0.5151823579304495,144.117372832487,1,1,1,1,1,1,1,1,1,1,1,1,1,1
param_20034,real_005,0.8011640034199772,0.654606590496227,0.22772322782479276,0.2731908100920131,0.5948983793997239,430.33194301001436,1,1,1,1,1,1,0,1,0,0,0,1,1,1
param_20035,real_001,0.7968101005632624,0.6832456678606152,0.21304991765330905,0.2831179666817444,0.4642811250955276,180.43579330098157,1,1,1,1,1,1,1,1,1,1,1,1,1,1
param_20035,real_002,0.8654144393606995,0.7589322675109184,0.3165229231515853,0.367569688313708,0.35689797517596517,109.56094459884682,1,1,1,1,1,1,1,1,1,1,1,1,1,1
param_20035,real_003,0.7811140429414052,0.6512411920637807,0.19887687584448885,0.2643641008812195,0.33636195190386065,112.49615751625021,1,1,1,1,1,1,1,1,1,1,1,1,1,1
param_20035,real_004,0.8569123459400274,0.7734861875538388,0.30492233047486866,0.37767999458254814,0.27124145439299985,64.4584390068126,1,1,1,1,1,1,1,1,1,1,1,1,1,1
param_20035,real_005,0.8307447914784728,0.7329460628452777,0.2701609294065213,0.34214629601096463,0.29357460386723755,240.59522725702266,1,1,1,1,1,1,1,1,1,1,1,1,1,1
param_20036,real_001,0.8308646210318942,0.35581203847931386,0.04091097730747787,0.06744047500497716,0.4106939205193438,478.0544760401244,0,0,0,1,0,1,0,1,0,1,0,1,1,1
param_20036,real_002,0.8327515464369278,0.38440478543270723,0.044851185067609635,0.07691240529937093,0.6359512903586192,475.7826054741748,0,1,0,1,0,1,0,0,0,1,0,0,1,0
param_20036,real_003,0.8616149572099158,0.3968017674319404,0.09279477346686026,0.11712658405647236,0.745018582366901,182.0486862637474,0,1,0,0,0,1,0,0,0,0,0,0,1,1
param_20036,real_004,0.8205144018032668,0.32382414893881983,0.021851829412441202,0.0555300587277006,0.29802906185129796,874.7690696672954,0,1,0,1,0,1,0,1,0,1,0,0,0,1
param_20036,real_005,0.8337754965021064,0.3606722906471668,0.052327509236815534,0.09136667536445991,0.5124744815730096,388.97541253225904,0,1,0,1,0,1,0,1,0,1,0,0,0,0
param_20037,real_001,0.8315779119799872,0.38091478435009885,0.049084828194610956,0.07771114157485952,0.5593696555094063,389.4744444753226,0,0,0,1,0,1,0,1,0,1,0,1,1,1
param_20037,real_002,0.8358445652074284,0.4187395681923753,0.06360791926673501,0.09496452497042225,0.8588562024274841,437.19712333903857,0,1,0,1,0,1,0,1,0,1,0,0,1,0
param_20037,real_003,0.8632527702302784,0.4306394853148845,0.09707117554853884,0.12286678647451682,0.8461826269512981,217.3238799528616,0,1,0,0,0,1,0,0,0,0,0,0,1,1
param_20037,real_004,0.8212523310513881,0.35635924468481694,0.03842606456759652,0.08163649105983796,0.4930798698356469,820.4651170483796,0,1,0,1,0,1,0,1,0,1,0,0,0,1
param_20037,real_005,0.8376538535459177,0.4032434773864799,0.07676837735473162,0.11485973239442568,0.808938989419559,343.70374161105593,0,1,0,1,0,1,0,1,0,1,0,0,0,0
param_20038,real_001,0.8249756034541074,0.4073392012165027,0.05798270517682237,0.09154380991475136,0.5523400228679572,219.21274900397924,0,0,0,1,0,1,0,1,0,1,0,1,1,1
param_20038,real_002,0.8295712481004061,0.4359863909134168,0.07712889083214555,0.1082008619193937,0.8444938241947431,396.34227645537817,0,1,0,1,0,1,0,1,0,1,0,0,1,0
param_20038,real_003,0.856301176092535,0.44472363245812974,0.10302862303503897,0.1303898780853629,0.8152265690965381,231.29811208773185,0,1,0,0,0,1,0,0,0,0,0,0,1,1
param_20038,real_004,0.8092644105376094,0.36250407391206096,0.04017968105809544,0.08859225156833832,0.4501926032373311,751.3205749161905,0,1,0,1,0,1,0,1,0,1,0,0,0,1
param_20038,real_005,0.8266658213687862,0.4131091645155601,0.08138855085562632,0.12084118567603762,0.8072395245113991,342.35317923656396,0,1,0,1,0,1,0,1,0,1,0,0,1,0
param_20039,real_001,0.8207382637347324,0.4493858299755633,0.08873557932340743,0.1288080845725762,0.6668507083181984,576.7218644716368,1,1,1,1,1,1,1,1,0,1,0,1,1,1
param_20039,real_002,0.8376385625167734,0.5184886260676113,0.11875203998676001,0.14921592608689874,1.003687660969328,233.69324409636565,1,1,1,1,1,1,1,1,0,1,0,0,1,1
param_20039,real_003,0.8518293697568179,0.5172739446714071,0.1079223494711712,0.1398222866212879,0.9922606034105815,277.2729904092148,1,1,1,1,1,1,1,1,0,0,0,1,1,1
param_20039,real_004,0.8224815048457184,0.4740650455928398,0.11825087510631875,0.16298599512195566,0.8881252441653524,638.0296823614061,1,1,1,1,1,1,1,1,0,1,0,1,0,1
param_20040,real_001,0.822447664377387,0.5803074583933283,0.1515518868946868,0.2001159062365982,0.693709077061042,208.7259369811491,1,1,1,1,1,1,1,1,0,1,0,1,1,1
param_20040,real_002,0.8288582623920797,0.5932114393542688,0.17160840904590927,0.21669649137641034,0.8351435611203298,227.36876907082066,1,1,1,1,1,1,1,1,0,1,0,1,1,1
param_20040,real_003,0.8434332586073752,0.5924415606645066,0.16047163312228155,0.20747090240851807,0.777200446803971,268.3503077415434,1,1,1,1,1,1,1,1,0,0,0,1,1,1
param_20040,real_004,0.8030243121119096,0.5389686831280494,0.1552327630164502,0.20825819798218728,0.7205279645382168,498.932926764571,1,1,1,1,1,1,1,1,0,1,0,1,1,1
param_20040,real_005,0.839170382235079,0.6038328464003164,0.19504263076310996,0.24085505566946153,0.7936413360820811,164.30052213241225,1,1,1,1,1,1,1,1,0,1,0,1,1,1
param_20041,real_001,0.8037988829111309,0.6382862380260942,0.19367826137955058,0.2631016742111342,0.37302719817739755,299.8925536070504,1,1,1,1,1,1,1,1,1,1,1,1,1,1
param_20041,real_002,0.8450429253230723,0.7054377917779603,0.2194696552634443,0.2926820744284603,0.37731608376274534,192.14986544479504,1,1,1,1,1,1,1,1,1,1,1,1,1,1
param_20041,real_003,0.8474028069728657,0.697944671041594,0.18622612422990809,0.2544140996174277,0.39987173126489917,297.6313568322024,1,1,1,1,1,1,1,1,1,1,1,1,1,1
param_20041,real_004,0.8352578226484796,0.695184036513097,0.23299504974512988,0.3090511806240724,0.2941735237173282,206.53064759131706,1,1,1,1,1,1,1,1,1,1,1,1,1,1
param_20041,real_005,0.8729746134478059,0.7373346884350935,0.26111976611737203,0.33563897886647254,0.32509534521333683,169.2136610038209,1,1,1,1,1,1,1,1,1,1,1,1,1,1
param_20042,real_001,0.8190735286484018,0.42817474436298203,0.08354330919134173,0.10687581373373435,0.6815171865128578,144.9924096087464,0,0,0,0,0,0,0,1,0,1,0,0,1,1
param_20042,real_002,0.7891687644474144,0.33863862965118235,0.0408816008036753,0.06162663266644319,0.3365620080461781,838.8066514908583,0,0,0,0,0,1,0,1,0,1,0,0,1,1
param_20042,real_003,0.7950392778842492,0.4130597861954504,0.023558847888790688,0.046512981310283835,0.10270121745011836,874.5282817132114,0,0,0,0,0,0,0,1,0,0,0,1,1,1
param_20042,real_004,0.7863179298411981,0.3451082679498555,0.014689857067569421,0.04354765705209532,0.051453959613344806,401.8478441044443,0,0,0,1,1,0,0,1,0,0,0,1,1,1
param_20042,real_005,0.8105891230577952,0.36345121025745003,0.044554171005877684,0.08077644901034592,0.1594744380098387,712.4788805766785,0,0,0,0,0,1,0,1,0,0,0,1,1,1
param_20043,real_001,0.8121925874790529,0.44368540527197803,0.09428781029463813,0.12297322433752136,0.8829355212995194,220.7553878347898,0,0,0,0,0,0,0,1,0,1,0,1,1,1
param_20043,real_002,0.7854880804418491,0.3641014962351963,0.046155329155537286,0.07354184658384356,0.5009050485971747,791.8338283345862,0,0,0,0,0,1,0,1,0,1,0,1,1,1
param_20043,real_003,0.7773967441660884,0.4303192382348878,0.028806163971279483,0.05899875132457584,0.3410854187267057,754.8166042361665,0,0,0,0,0,0,0,1,0,0,0,1,1,1
param_20043,real_004,0.7813249546542564,0.36449262079052613,0.02349235440832131,0.0633575383697648,0.2553928430422454,401.7434501785081,0,0,1,1,1,1,0,1,0,0,0,1,1,1
param_20043,real_005,0.8076881243638444,0.3946119471161277,0.06590546297352388,0.11075475888775763,0.43570539184243295,575.6107960066983,0,0,0,1,0,1,0,1,0,0,0,1,1,1
param_20044,real_001,0.807400349001565,0.4531716563440926,0.10220170900733741,0.13332756300802512,0.8557131113851213,331.539166011628,0,0,0,0,0,0,0,1,0,1,0,1,1,1
param_20044,real_002,0.7731368690025907,0.37397418982735303,0.046845744982657075,0.07636880535392415,0.5143852682395079,768.5083958897759,0,0,0,1,0,1,0,1,0,1,0,1,1,1
param_20044,real_003,0.7696539208025227,0.4484578697896029,0.03098504050192986,0.0628960073368941,0.2907950182601367,681.5246994782271,0,0,0,0,0,0,0,1,0,0,0,1,1,1
param_20044,real_004,0.774903434622926,0.38141686531290203,0.022918509064031638,0.06834887663556465,0.15991734807410415,382.99209017846033,0,0,1,1,1,1,0,1,0,0,0,1,1,1
param_20044,real_005,0.7974322661099492,0.40339284293931066,0.06648276974803484,0.11371638739466988,0.4111464553453504,582.133569031606,0,0,0,1,0,1,0,1,0,0,0,1,1,1
param_20045,real_001,0.8039575337726056,0.5384203143187252,0.12855248935899202,0.16336473229702927,0.9349957971420566,291.21331231885733,1,1,0,1,1,1,0,1,1,1,0,1,1,1
param_20045,real_002,0.777933902356364,0.4533198669387282,0.0913953366392922,0.1360600269731237,0.8499714933322209,531.9937323804128,1,1,1,1,1,1,1,1,0,1,0,1,1,1
param_20045,real_003,0.7514860483270117,0.47839213199247427,0.06568365328855467,0.11340151437702191,0.7915750095499032,409.6965719991939,1,1,1,1,1,1,1,1,1,1,0,1,1,1
param_20045,real_004,0.7610524115855354,0.42114716662779933,0.064052996045984,0.11081752708413005,0.6111368789940218,373.03817360609736,1,0,1,1,1,1,1,1,0,1,0,1,1,1
param_20045,real_005,0.8036086501041372,0.4783645923072456,0.12357961855917826,0.16258647858642564,0.848846159228627,359.15320843446614,1,1,1,1,1,1,1,1,0,1,0,1,1,1
param_20046,real_001,0.8089345479776802,0.6062184979070704,0.18293393802643898,0.23040817919505494,0.8938199917046868,368.57296083259797,1,1,1,1,1,1,1,1,0,1,0,1,1,1
param_20046,real_002,0.7825391164409256,0.5572109411198127,0.14992301103510894,0.2043036388960825,0.8345785959213139,359.45504176435975,1,1,1,1,1,1,1,1,0,1,0,1,1,1
param_20046,real_003,0.7543736681120786,0.5764855465357497,0.12144245476595326,0.17358116986373356,0.8140969366538835,354.15073030153894,1,1,1,1,1,1,1,1,1,1,0,1,1,1
param_20046,real_004,0.7724804860348959,0.5411091585436661,0.12651674547686287,0.18586323957451192,0.6956078887869087,323.14202123273935,1,1,1,1,1,1,1,1,0,1,0,1,1,1
param_20046,real_005,0.8110068763289588,0.5771987144684205,0.17631406447117823,0.22566516087856595,0.6908941239135172,298.06647617448493,1,1,1,1,1,1,1,1,0,1,0,1,1,1
param_20047,real_001,0.8218989079392274,0.7016058763643817,0.21329963126191281,0.2793543391580065,0.4343551222226438,270.7201500269135,1,1,1,1,1,1,1,1,1,1,1,1,1,1
param_20047,real_002,0.8298236302442915,0.6961221791670736,0.24619080610652458,0.32105563631063255,0.3115445374597291,42.36260178662877,1,1,1,1,1,1,1,1,1,1,1,1,1,1
param_20047,real_003,0.7896619562805636,0.6670321886188911,0.19792688595168076,0.2751626226537773,0.32901197142075916,200.25064693225477,1,1,1,1,1,1,1,1,1,1,1,1,1,1
param_20047,real_004,0.77733628039173,0.6208681715011928,0.18632895466892663,0.2620633697934578,0.39020382787868024,199.61241770599318,1,1,1,1,1,1,1,1,1,1,1,1,1,1
param_20047,real_005,0.8324159314520316,0.6821692765780282,0.24357903073430248,0.3157508824677821,0.2952666608827138,110.30942441131215,1,1,1,1,1,1,1,1,1,1,1,1,1,1
param_20048,real_001,0.8170697752477438,0.3606932956044558,0.05114019662737117,0.07584036896951263,0.25893992034573343,891.0875672895042,0,0,0,0,0,0,0,0,0,0,0,0,1,1
param_20048,real_002,0.8165753297866262,0.3567436249411069,0.0943471775817287,0.12429914328679356,0.08961110279067445,227.21972656133786,0,0,0,0,0,0,0,1,0,0,0,0,1,1
param_20048,real_003,0.7963944011864784,0.3369667215733886,0.02918714919125953,0.05774647046506248,0.30390293816693464,832.9123768726628,0,0,0,0,0,0,0,1,0,0,0,0,1,1
param_20048,real_004,0.8384656522564055,0.4551225404645969,0.10705850494505674,0.1450096947008367,0.010542642629141752,530.0237171389862,0,0,0,0,0,0,0,1,0,0,0,0,1,1
param_20048,real_005,0.8059006665046369,0.3797679893260574,0.06379413090580915,0.0962803584126498,0.19815179183339598,772.1110564842705,0,0,0,1,0,0,0,0,0,0,0,0,1,1
param_20049,real_001,0.8078209257522397,0.3864064641988637,0.07703023800624971,0.10790510009707853,0.07407978415879746,810.1309267015075,0,0,0,0,0,0,1,0,0,0,0,0,1,1
param_20049,real_002,0.805329615071194,0.39133712700065204,0.11653028623193737,0.14723403042552272,0.33685844141447735,139.4796716950457,0,0,0,0,0,1,0,1,0,0,0,0,1,1
param_20049,real_003,0.779065443288799,0.3634854345850526,0.057781832237642966,0.0959821056186996,0.07599193006052454,735.804303107901,0,0,0,1,0,0,0,1,0,0,0,1,1,1
param_20049,real_004,0.8388589667408407,0.48800127748017225,0.14298735776694693,0.19121966241759822,0.17707849512308407,481.344220556966,1,0,0,0,1,0,0,1,0,1,0,1,1,1
param_20049,real_005,0.7824892464528561,0.3980593170915893,0.07838190720417641,0.11077687480541176,0.08839723895782628,739.1949181244087,0,0,0,1,1,0,0,0,0,0,0,0,1,1
param_20050,real_001,0.8065979569214996,0.41823821113784915,0.09888704920400145,0.12979921909307507,0.040237404478828905,772.4381358570818,0,0,0,0,0,0,1,0,0,0,0,0,1,1
param_20050,real_002,0.8002116139527062,0.4114450752253694,0.12883840423054255,0.16323757448305085,0.3630024340503914,123.74005116136979,0,0,0,0,0,1,0,1,0,0,0,0,1,1
param_20050,real_003,0.7740608625695836,0.379935395693914,0.062283125075431156,0.10344051034633071,0.04514608322086414,637.3463242519731,0,0,0,1,0,0,0,1,0,0,0,0,1,1
param_20050,real_004,0.8351554932024274,0.49948085306008666,0.1549589958448965,0.20915489218888234,0.25168242038460803,449.36592792745,1,0,0,0,1,0,0,1,0,1,0,1,1,1
param_20050,real_005,0.7711788486706124,0.41112699152148424,0.07827156389332254,0.11524210562860192,0.050003941974140646,700.3206571555977,0,0,0,1,1,0,0,0,0,0,0,0,1,1
param_20051,real_001,0.7887895204269895,0.45155402246862153,0.11847576293220158,0.15836075389248935,0.2547908005431207,551.3102500069411,1,0,0,0,1,1,1,1,0,1,0,0,1,1
param_20051,real_002,0.7903627506753956,0.49850262561441533,0.16031113949219963,0.1969605397384082,0.785925303977361,142.10532213371104,1,0,1,1,1,1,0,1,0,1,0,0,1,1
param_20051,real_003,0.7657409446429433,0.45232559803681144,0.12135788966230178,0.15670328597263986,0.8846521311335149,377.13898799455853,1,1,1,1,1,1,0,1,0,1,0,1,1,1
param_20051,real_004,0.8356231086062914,0.5645452705124575,0.24158171996225938,0.2918487870104043,0.4915928258780826,302.15796517303534,1,1,1,1,1,1,1,1,0,1,0,1,1,1
param_20051,real_005,0.7530719477302419,0.465694937512579,0.12441974381115861,0.15778097662936005,0.6905478367288173,434.2070846025251,0,0,1,1,1,1,1,1,0,1,0,1,1,1
param_20052,real_001,0.8095885362425804,0.6065652802655813,0.21940698157620894,0.2700928493026651,0.5399556974085366,398.7630849241067,1,1,1,1,1,1,1,1,0,1,0,1,1,1
param_20052,real_002,0.8055574103674666,0.6000721931999018,0.21643077510881123,0.2691630091855166,0.7893051304898049,166.7532712164852,1,1,1,1,1,1,1,1,0,1,0,1,1,1
param_20052,real_003,0.7842158616773963,0.5769394795902081,0.19084324394754248,0.23380251320792295,0.866950785916943,218.06678608932285,1,1,1,1,1,1,1,1,0,1,0,1,1,1
param_20052,real_004,0.8450705419794731,0.6731591158454581,0.28529832243370734,0.34141977222933767,0.5248779603810128,175.01325603839075,1,1,1,1,1,1,1,1,1,1,0,1,1,1
param_20052,real_005,0.7485428017424465,0.5611214297214893,0.15571308685613447,0.19952438777812292,0.979079803075427,270.47120217853825,0,1,1,1,1,1,1,1,0,1,0,1,1,1
param_20053,real_001,0.82204721873537,0.6911619705100027,0.2507282280279071,0.3243298035253708,0.29755432864061904,251.50407128264095,1,1,1,1,1,1,1,1,1,1,1,1,1,1
param_20053,real_002,0.8177664814187813,0.679308087345667,0.2564602483994803,0.3211015184789991,0.39476357528884315,178.60836892935737,1,1,1,1,1,1,1,1,1,1,1,1,1,1
param_20053,real_003,0.8139037980394878,0.6743970970339729,0.22758798846488135,0.30527458180094585,0.312137887566362,35.237503455848206,1,1,1,1,1,1,1,1,1,1,1,1,1,1
param_20053,real_004,0.8840666458737136,0.7781689722879139,0.3517158629185836,0.42434311885527626,0.23974103259981036,72.73847591745336,1,1,1,1,1,1,1,1,1,1,1,1,1,1
param_20053,real_005,0.7870130453912929,0.6571024973309798,0.2135721785971882,0.28313673006708634,0.4469733911461971,75.67436410715341,1,1,1,1,1,1,1,1,1,1,1,1,1,1
param_20054,real_001,0.8755592137438388,0.4595714264245684,0.13718218119298098,0.16265489843755193,0.4451215337213283,226.76480866287704,0,1,0,0,0,0,0,0,0,0,0,0,0,1
param_20054,real_002,0.8479357479670635,0.4496374202002058,0.07527755298323358,0.1044184569538422,0.5065299145299146,679.8672939103908,0,1,0,0,0,1,0,0,0,0,0,0,1,1
param_20054,real_003,0.8346279809550647,0.3799763420270564,0.028247862504536224,0.04719407472377034,0.27871157838344607,802.8889750386973,0,0,0,0,0,1,0,0,0,0,0,0,1,1
param_20054,real_004,0.8413058965078568,0.4080349482522702,0.09788404695396945,0.1137870756165578,0.4405868518311121,195.589088484562,0,0,0,0,0,0,0,0,0,1,0,1,0,1
param_20054,real_005,0.8099738253487788,0.3199745246883896,0.009951087036994533,0.03216604501998834,0.14342965138784525,902.4576173383595,0,1,0,1,0,1,0,0,0,0,0,1,0,1
param_20055,real_001,0.8713828454782596,0.4788462836916767,0.13566009807071647,0.16248027189453215,0.6458951114123528,264.72101764767785,0,1,0,0,0,1,0,0,0,0,0,0,0,1
param_20055,real_002,0.8474505347373557,0.4693375274465661,0.08298255751672967,0.1140219672615451,0.6977946024116884,495.0031412253418,0,1,0,0,0,1,0,0,0,0,0,0,1,1
param_20055,real_003,0.8272218274534306,0.3904131942904771,0.030801612146050962,0.05078496651873404,0.4781531672183018,671.4349860910072,1,0,0,0,1,1,0,0,0,0,0,0,1,1
param_20055,real_004,0.8426177404614108,0.4442845530739456,0.10697957532446951,0.12773628012332522,0.5540315876974231,169.58023971118863,0,0,0,1,0,0,0,0,0,1,0,1,0,1
param_20055,real_005,0.805229703799109,0.3366831576170761,0.014454755583993032,0.04317350917671283,0.288616595771697,913.7614415696848,0,1,0,1,0,1,0,0,0,0,0,1,0,1
param_20056,real_001,0.8664647328590214,0.5094766171772827,0.1567560111023758,0.18126715494578974,0.5924273434302088,276.89144082799214,0,1,0,0,0,1,0,0,0,0,0,0,0,1
param_20056,real_002,0.8402052027691483,0.4891707469943136,0.09322262702728125,0.12732912480090028,0.7259957984924003,527.6045017018823,0,1,0,0,0,1,0,0,0,0,0,0,1,1
param_20056,real_003,0.8197802576524357,0.407638507337556,0.0390823212084775,0.062001130641016866,0.4471806211679566,544.009740620407,1,0,0,0,1,1,0,0,0,0,0,0,1,1
param_20056,real_004,0.8344589035103109,0.46650132796883326,0.11744328847943276,0.14093799576693672,0.5242008398464969,132.01582048712052,0,0,0,1,0,0,0,0,0,1,0,1,1,1
param_20056,real_005,0.7952498283846259,0.35490211753035067,0.016687025002622532,0.04995568678988299,0.2472471243194564,886.7119449752538,0,1,0,1,0,1,0,0,0,0,0,1,1,1
param_20057,real_001,0.8497697038496522,0.5549657750793743,0.14701252508012708,0.17965317685864568,0.8547567927741171,254.76268268895737,1,1,1,1,1,1,1,1,0,1,0,0,0,1
param_20057,real_002,0.8349156523846798,0.5438739895838115,0.11958443890704647,0.15381008868194884,0.915532845840326,189.907472652019,1,1,1,1,1,1,1,0,0,1,0,1,0,1
param_20057,real_003,0.7742577514538321,0.4361655788690985,0.040018661791352696,0.06958332291566396,0.647940624266604,240.47758383329563,1,0,1,0,1,1,1,0,0,1,0,1,0,1
param_20057,real_004,0.8340757641701293,0.5584858466440263,0.14193843042343204,0.17800682572297707,0.7234684639372296,144.21557037123276,1,1,1,1,1,1,1,1,0,1,0,1,1,1
param_20057,real_005,0.7865712191998518,0.4369945927626461,0.058546896067814574,0.10113421137792447,0.8547041477112755,732.1683933043751,1,1,1,1,1,1,1,0,0,1,0,1,0,1
param_20058,real_001,0.8534066102183098,0.65820401224378,0.2242807903631688,0.26449638309093454,0.6700431300061614,207.11537384374458,1,1,1,1,1,1,1,1,0,1,0,0,1,1
param_20058,real_002,0.833380684467557,0.6372934935443356,0.18613581878490365,0.22564858370292867,0.8208429274746524,183.9366564364126,1,1,1,1,1,1,1,1,0,1,0,1,1,1
param_20058,real_003,0.7872045935502783,0.548985813964418,0.1081261351708204,0.16188994831865927,0.7297669895742298,153.76732341292936,1,1,1,1,1,1,1,1,0,1,0,1,1,1
param_20058,real_004,0.8362079729503864,0.6539756177172942,0.2124386427222224,0.25804828493111276,0.6784802485128218,75.51383269619785,1,1,1,1,1,1,1,1,0,1,0,1,1,1
param_20058,real_005,0.7804822717567582,0.5278478043997679,0.1091793731380532,0.15997478534312787,0.8193037532251299,681.3932256883119,1,1,1,1,1,1,1,1,0,1,0,1,1,1
param_20059,real_001,0.8482441250831421,0.7356062497163969,0.22837564159152104,0.2967089704798814,0.328971362449489,91.73792290865856,1,1,1,1,1,1,1,1,1,1,1,1,1,1
param_20059,real_002,0.8381418492323965,0.7169024198795259,0.213641916067263,0.28303033457947124,0.37847181349012127,51.851596801116806,1,1,1,1,1,1,1,1,1,1,1,1,1,1
param_20059,real_003,0.7415948505032814,0.5977902593578223,0.1330046247213126,0.20544656905406858,0.34380628499209337,84.73331074420892,1,1,1,1,1,1,1,1,1,1,1,1,1,1
param_20059,real_004,0.8218728736669728,0.7312666415904638,0.2415178917802675,0.31264813144705206,0.27219789976425923,216.2023877129795,1,1,1,1,1,1,1,1,1,1,1,1,1,1
param_20060,real_001,0.8379428456410392,0.4388318927091766,0.08606959266296296,0.11565903687690138,0.7555380215011342,477.4371855899091,0,0,0,1,1,0,0,1,0,1,0,0,0,1
param_20060,real_002,0.8307874565211182,0.5214079410496492,0.12249800527067772,0.15027147144526276,0.4656086750039576,502.49785752079106,1,1,1,0,0,1,0,0,0,1,0,1,1,1
param_20060,real_003,0.8092498904335421,0.435681273406929,0.032072897052372665,0.060117725804128226,0.3303927309821108,1116.5204194363118,1,0,0,0,1,1,0,0,0,1,0,0,0,1
param_20060,real_004,0.8351495654013469,0.4677418745256788,0.09245556467901858,0.12486689789339206,0.3590897161924043,271.1554579320635,0,0,0,0,1,0,0,0,0,1,0,1,0,0
param_20060,real_005,0.8097807099348974,0.39866123325032105,0.033048132751936535,0.06474725665567518,0.3343742346313985,899.7249014496293,1,1,0,1,0,1,0,0,0,0,0,1,0,1
param_20061,real_001,0.8362834386204373,0.46040412510872275,0.09765742339727293,0.12839492148430806,0.9059208136578278,396.85683818581333,0,1,0,1,1,0,1,1,0,1,0,0,0,1
param_20061,real_002,0.829531170791463,0.5344216350470257,0.11987916621399432,0.1477231186749493,0.6167745959531103,361.85510772271596,1,1,1,0,0,1,1,0,0,1,0,1,1,1
param_20061,real_003,0.8006398777714341,0.43772568093430797,0.04055830837593221,0.07008206995639676,0.44610025159667116,934.4276215471036,1,0,0,0,1,1,0,0,0,1,0,0,0,1
param_20061,real_004,0.8334622347723369,0.4836103164297251,0.10589677731830859,0.14108035507099217,0.46456720434805404,261.13428635423116,0,0,0,1,1,0,0,0,0,1,0,1,0,0
param_20061,real_005,0.8038573542006938,0.41662468562958216,0.04045886153640035,0.0762528605743608,0.4652195177006132,875.4692571404563,1,1,0,1,1,1,0,0,0,0,0,1,0,1
param_20062,real_001,0.8311902997256106,0.4852519333737437,0.11377242759135871,0.14324804982982361,0.8353789344118164,393.9200323650559,0,0,0,0,1,0,1,1,0,1,0,0,0,1
param_20062,real_002,0.8236303136917456,0.5510291101972193,0.13481770986892067,0.16376238464260356,0.6209393346379648,374.41038967214405,1,1,1,0,0,1,1,0,0,1,0,1,1,1
param_20062,real_003,0.7977966740466746,0.4580192896504302,0.05493397699780039,0.08771319184811487,0.4634246224724853,838.6079823546349,1,0,0,0,1,1,0,0,0,0,0,1,0,1
param_20062,real_004,0.8266713721945202,0.5052128142429625,0.1164838930200069,0.15425497858799678,0.40965633203507024,194.5453261181572,0,0,0,1,1,0,0,0,0,1,0,1,0,0
param_20062,real_005,0.7967162333056215,0.43926691762418363,0.04367783613411852,0.0856369862826631,0.4146709896101982,858.3762227855563,1,1,0,1,1,1,0,0,0,0,0,1,0,1
param_20063,real_001,0.8299566459399154,0.5406061592894696,0.13062960509625052,0.16750705868892904,0.8516859709893917,176.90245396062235,1,1,1,1,1,1,1,1,0,1,0,1,0,0
param_20063,real_002,0.8214681924315558,0.5882852316968397,0.12544670938077407,0.16148214058321028,0.8709527646151115,47.263813120191365,1,1,1,1,1,1,1,0,0,1,0,1,1,1
param_20063,real_003,0.770265596769731,0.4697301121912172,0.05512018607624984,0.0892147593285653,0.5000317109986427,354.67771174079195,1,1,1,0,1,1,0,0,0,1,0,1,0,1
param_20063,real_004,0.823703993016201,0.5621216252961783,0.137671249902587,0.17737284062972333,0.49265620142990363,191.0239895722214,1,1,1,1,1,1,1,1,1,1,0,1,0,1
param_20063,real_005,0.7869409160199103,0.4873500549242967,0.07341380750477562,0.11762981672850316,0.7888143990818626,670.666093670894,1,1,1,1,1,1,0,1,0,1,0,1,0,1
param_20064,real_001,0.8295093187865037,0.6537406498505665,0.1936787062843411,0.24058094565783558,0.6055280724114839,116.46907636426845,1,1,1,1,1,1,1,1,1,1,1,1,1,1
param_20064,real_002,0.8199018520629824,0.672234233150202,0.19199157597817898,0.23159370887845765,0.7891652239015489,121.76675328743676,1,1,1,1,1,1,1,1,0,1,0,1,1,1
param_20064,real_003,0.7785446629966313,0.5849648916524272,0.13450504461780313,0.1892605148341415,0.5919016800960055,278.2547289898899,1,1,1,1,1,1,0,1,1,1,0,1,1,1
param_20064,real_004,0.8278828261249717,0.6741186600492824,0.21588565943833005,0.26489756812731413,0.5167855298293426,88.33937909558512,1,1,1,1,1,1,1,1,1,1,1,1,1,1
param_20064,real_005,0.7767033337967295,0.5900177144157172,0.12827495067133532,0.17968316045280738,0.7869929672515451,617.91480416704,1,1,1,1,1,1,1,1,0,1,0,1,1,1
param_20065,real_002,0.8289794369385847,0.7168202520839785,0.19930290178004917,0.2697402437469113,0.42666938566081425,18.50145622939629,1,1,1,1,1,1,1,1,1,1,1,1,1,1
param_20065,real_003,0.7543624529761164,0.6127562159077685,0.13374368321854255,0.20392594062838332,0.3554612094120967,114.91574336263423,1,1,1,1,1,1,1,1,1,1,0,1,1,1
param_20065,real_004,0.8265398265935658,0.7308256395918229,0.24009340978275037,0.30920151757286696,0.2546833015856997,200.76348020759158,1,1,1,1,1,1,1,1,1,1,1,1,1,1
param_20065,real_005,0.7915597714252813,0.6549798957381945,0.17337698555921474,0.24549751460696265,0.44847146127101284,311.9233193134066,1,1,1,1,1,1,1,1,1,1,0,1,1,1
param_20066,real_001,0.7440772484332954,0.43063539363839193,0.02309441295149714,0.04975785910262196,0.15283201599550125,764.1570612828621,1,0,1,0,1,0,1,0,0,0,0,1,1,1
param_20066,real_002,0.779465592986279,0.4521237990276309,0.05181302644286454,0.0790255354160448,0.3010845295055821,275.56171568099546,0,0,1,1,0,1,1,0,0,0,1,1,1,1
param_20066,real_003,0.7926012346944823,0.4428448827502468,0.05262613242844986,0.08159655544370649,0.24138644758629474,503.8285237122091,1,0,1,1,0,1,1,1,0,0,1,1,0,1
param_20066,real_004,0.7464671418570044,0.40363785956415527,0.026161812380769846,0.04153196346260826,0.43288157159106244,873.1124335873765,1,1,0,0,1,1,0,1,0,0,0,1,1,1
param_20066,real_005,0.8219773960133833,0.551436766485752,0.19581929361021547,0.21771555271473994,0.31105007526030753,283.5342945762806,1,0,0,0,1,0,0,1,0,0,0,1,0,0
param_20067,real_001,0.7394924865635916,0.4373157684615789,0.029557533836869605,0.06232413807979082,0.043082506930353516,704.1816209902242,1,1,1,0,1,1,1,0,1,1,0,1,1,1
param_20067,real_002,0.7792311435290009,0.4648827411742717,0.059010285699906115,0.09029007234086009,0.3652090553793968,134.69440851110272,1,0,1,1,1,1,1,0,0,1,1,1,1,1
param_20067,real_003,0.7898745919736383,0.44937931201163733,0.06061852886485708,0.09339396792377047,0.43740063893893744,443.3695451311931,1,0,1,1,0,1,1,1,0,1,1,1,0,1
param_20067,real_004,0.7411987630820319,0.41665135923116414,0.02920579903602456,0.046555287306232096,0.5384683269498914,723.5937152532251,1,1,0,0,1,1,0,1,0,0,0,1,1,1
param_20067,real_005,0.8232758953674597,0.565398928071419,0.20009152326462717,0.22437949255500617,0.36462284329103095,259.6975004313293,1,0,0,1,1,1,0,1,1,0,0,1,0,0
param_20068,real_001,0.7226436814016519,0.4437325785063473,0.032804797756000474,0.06863986155931161,0.002298785733425473,671.321245355244,1,1,1,0,1,1,1,0,1,1,0,1,1,1
param_20068,real_002,0.7690324377310485,0.48190500823647625,0.06256289662944356,0.09701410169743195,0.38180739626135773,53.725382673836954,1,0,1,1,1,1,1,0,0,0,1,1,1,1
param_20068,real_003,0.773913798374539,0.45343007427962234,0.06230684988714235,0.09661914443905326,0.4357710581235292,401.9509069968885,1,0,1,1,0,1,1,1,0,1,1,1,0,1
param_20068,real_004,0.7326339283618925,0.4243465568444986,0.03350255856942699,0.05335270602472421,0.5775206554310359,659.7003584703203,1,1,0,0,1,1,0,1,0,0,0,1,1,1
param_20068,real_005,0.8190882830776468,0.5880230081766932,0.21840520327700078,0.2393810904412367,0.3981604266004571,231.8170129280543,1,0,0,1,1,1,0,1,1,1,0,1,0,0
param_20069,real_001,0.7191477199395312,0.4662057051555443,0.05886037149150217,0.10677745969639797,0.34575803775615443,460.8889933320131,1,1,1,0,1,1,1,1,1,1,0,1,1,1
param_20069,real_002,0.7701961678033803,0.513026875862544,0.08553595152054491,0.1291814565506907,0.4805941059847441,76.50280914949863,1,1,1,1,1,1,1,1,0,1,1,1,1,1
param_20069,real_003,0.7762268130584867,0.481904775121734,0.08966664030378242,0.1309012183014875,0.8044134840218239,249.69846241895834,1,1,1,1,1,1,1,1,0,1,1,1,0,1
param_20069,real_004,0.7261625600985114,0.4537041881812948,0.04630739420983906,0.0792181384806755,0.7141121865769924,384.3579887111856,1,1,1,0,1,1,1,1,0,0,0,1,1,1
param_20069,real_005,0.8216969423094928,0.6082357515011413,0.2045479823759716,0.23563572592467733,0.4244629917184265,132.09721866108978,1,1,1,1,1,1,1,1,1,1,1,1,0,0
param_20070,real_001,0.7273404385628689,0.5750388710490665,0.12260556134365752,0.18694154439456992,0.6386401390029214,326.2047732628494,1,1,1,1,1,1,1,1,1,1,0,1,1,1
param_20070,real_002,0.771218647963337,0.6134088247753272,0.1433388398808911,0.21088462292956778,0.600565980399605,145.2722574276173,1,1,1,1,1,1,1,1,0,1,1,1,1,1
param_20070,real_003,0.7449227513230383,0.5584788401172484,0.12768112239642715,0.1818501313023825,0.7839839236372771,161.49049645644226,1,1,1,1,1,1,1,1,0,1,1,1,1,1
param_20070,real_004,0.7246154506564361,0.5400693082157014,0.10071203790612034,0.1532114612910553,0.9596361939286063,220.32666361164684,1,1,1,1,1,1,1,1,0,1,0,1,1,1
param_20070,real_005,0.835709657800497,0.7190881203926629,0.26855062816810077,0.31710744499161486,0.4207156344057879,64.02821519012183,1,1,1,1,1,1,1,1,1,1,1,1,1,1
param_20071,real_001,0.7378154695828292,0.6065670045344678,0.16224548472588182,0.2378039056534553,0.34784260973947245,71.03791436277301,1,1,1,1,1,1,1,1,1,1,1,1,1,1
param_20071,real_002,0.7888061247984675,0.6493102343269829,0.18464386813353897,0.2577377587409373,0.40753146053133343,123.40819390835291,1,1,1,1,1,1,1,1,1,1,1,1,1,1
param_20071,real_004,0.734691546718851,0.5894989750612233,0.1360372265239913,0.20936836661457936,0.49694008067954476,70.41243292718958,1,1,1,1,1,1,1,1,1,1,1,1,1,1
param_20071,real_005,0.8398342742205471,0.7427866821461094,0.2545104770943378,0.31548224821935256,0.303058084369791,157.29135260454842,1,1,1,1,1,1,1,1,1,1,1,1,1,1
param_20072,real_001,0.8417876810605393,0.3776377760430816,0.056394467801345854,0.08709042813404563,0.5366216185314765,841.3943159917319,0,1,0,1,0,0,0,0,0,0,0,0,0,1
param_20072,real_002,0.859119954771863,0.46102912520833983,0.11287022539672702,0.14422371542435786,0.27047877852750846,871.7827179603346,0,0,0,0,0,0,0,0,0,0,0,0,1,1
param_20072,real_003,0.8253998005488212,0.35317987209878865,0.024903856447944257,0.040963151712176356,0.13246987819114958,706.1169010290328,0,0,0,0,1,0,0,0,0,0,0,0,1,1
param_20072,real_004,0.8522873757733275,0.4222938671518223,0.13276032445383049,0.14601720077731406,0.24923728427667227,231.89027442084634,0,0,0,0,0,0,0,0,0,1,0,0,1,1
param_20072,real_005,0.8263266690094737,0.3104716267936282,0.024362140365220553,0.05565271328056913,0.0014338059582603155,1011.9224310164261,0,0,0,1,0,0,0,0,0,0,0,0,1,1
param_20073,real_001,0.8405439332703311,0.405324574455227,0.06372800402036038,0.0969485066140929,0.7131111251660237,747.4295855312355,0,1,0,1,0,0,0,0,0,0,0,0,0,1
param_20073,real_002,0.8567738408139752,0.48348296403588614,0.11866714739401601,0.1508709543557997,0.39388063835680653,793.6595190906611,0,0,0,0,0,0,0,0,0,0,0,1,1,1
param_20073,real_003,0.8146435347440696,0.3629691588754417,0.02354300094520827,0.04170948029970327,0.3099182862643101,637.5990196973753,1,0,0,0,1,0,0,0,0,0,0,0,1,1
param_20073,real_004,0.8544145099208035,0.4605876223923181,0.14029993536092802,0.16101620519028806,0.35380092398152035,233.68758540060784,0,0,0,0,0,0,0,0,0,1,0,0,1,1
param_20073,real_005,0.823072998272911,0.3343737538673643,0.03875379156667816,0.07441924091820516,0.11858659019070147,988.6706687562416,0,1,0,1,0,0,0,0,0,0,0,0,1,1
param_20074,real_001,0.834156341041963,0.4283482912711284,0.07412970507588901,0.10881837256784,0.6682021074944459,740.3888652528484,0,1,0,1,0,0,0,0,0,0,0,0,0,1
param_20074,real_002,0.8519581006628987,0.5137227530754831,0.13639080110780094,0.16906271707730755,0.40280536246276066,690.7846661456803,0,0,0,0,0,0,0,0,0,0,0,1,1,1
param_20074,real_003,0.8075555829915961,0.381880013223358,0.029924317158067835,0.05010850944540775,0.3061648306006606,613.1666771915061,1,0,0,0,1,0,0,0,0,0,0,0,1,1
param_20074,real_004,0.8459682040165738,0.4788922445526467,0.14688433337735163,0.17151347150798574,0.34178065461651197,179.65448642568404,0,0,0,0,0,0,0,0,0,1,0,0,1,1
param_20074,real_005,0.8151011168294323,0.357672589444079,0.04087784705014101,0.07932258196208351,0.08736123841531725,979.7803181055799,0,1,0,1,0,0,0,0,0,0,0,0,1,1
param_20075,real_001,0.8215515771358689,0.502644697337386,0.09591131698784286,0.13311026276547044,0.9293069938792679,328.6758255095016,1,1,1,1,1,1,1,1,0,1,0,0,0,1
param_20075,real_002,0.8388030454922236,0.5560009568294647,0.1557404090001301,0.18878712206422132,0.5742753086785302,663.5586771639955,1,1,1,1,1,1,1,0,0,1,0,1,1,1
param_20075,real_003,0.7610105003992845,0.42305879635977706,0.029881861115103506,0.054620983935386336,0.4853410864926025,256.96879616386707,1,0,1,0,1,1,1,0,0,1,0,1,0,1
param_20075,real_004,0.8422970843905497,0.5652582212598463,0.16391404545800495,0.20535183100803664,0.4759105205914342,238.6316255817653,1,1,1,1,1,0,1,1,0,1,0,1,1,1
param_20075,real_005,0.8076836191708907,0.449272495863462,0.09910453463058089,0.14424015643291152,0.5295199719691661,711.1161190186607,1,1,1,1,1,1,1,0,0,1,0,1,0,1
param_20076,real_001,0.8185856495383607,0.5867228970691414,0.15553564101563888,0.20297339524688973,0.7369673741898473,309.7165658835702,1,1,1,1,1,1,1,1,0,1,0,0,1,1
param_20076,real_002,0.8452942046021166,0.6711167978640026,0.22827412506181208,0.2677072999118702,0.6177810963207085,407.06238094817104,1,1,1,1,1,1,1,1,0,1,0,1,1,1
param_20076,real_003,0.7727400139676424,0.5274700699323256,0.08172798468890927,0.13107386890925832,0.4269713045575115,214.76121742405627,1,0,1,0,1,0,1,1,0,0,0,1,1,1
param_20076,real_004,0.8450949739405244,0.6654292489098793,0.2300608681996777,0.27844365497602697,0.5421700580468202,171.215336721433,1,1,1,1,1,1,1,1,0,1,0,1,1,1
param_20076,real_005,0.8005050525611443,0.547097147457198,0.14728347663958674,0.2030146362006359,0.6164482138267797,692.4871270987625,1,1,1,1,1,1,1,1,0,0,0,1,1,1
param_20077,real_001,0.8260084416619236,0.700652513013361,0.20043335834529202,0.2725166624260822,0.3275037745344741,105.22576408199757,1,1,1,1,1,1,1,1,1,1,1,1,1,1
param_20077,real_002,0.846114434906687,0.7396832630177201,0.25334045037140757,0.31817633470579965,0.28990764166184047,307.6972151249971,1,1,1,1,1,1,1,1,1,1,1,1,1,1
param_20077,real_003,0.7179038428588224,0.5804464968400638,0.11277312708627495,0.18832914516083513,0.24656416579033252,163.5386443156284,1,1,1,1,1,1,1,1,1,1,1,1,1,1
param_20077,real_004,0.8276335349117042,0.7407786530175742,0.2577351722150019,0.33276217227456384,0.2107770096973546,262.1700926791757,1,1,1,1,1,1,1,1,1,1,1,1,1,1
param_20077,real_005,0.8250659368436977,0.6985465349026145,0.24360700526364332,0.3152933144997224,0.24475747965680852,283.0338475220304,1,1,1,1,1,1,1,1,1,1,1,1,1,1
param_20078,real_001,0.8241834810842239,0.4389476990957865,0.11734366205302466,0.13846960126839256,0.5088182257993579,259.0385502563111,0,0,0,1,0,0,0,1,0,0,0,0,1,1
param_20078,real_002,0.799171912699868,0.39401016465063354,0.02425849986751713,0.04897156603649377,0.5347922201715781,224.0093480150405,0,0,0,0,0,1,1,0,0,1,0,0,1,1
param_20078,real_003,0.8249516893346512,0.3957540113605947,0.049031153403394985,0.07822689052242282,0.005640414135104953,818.8857816717406,0,0,1,0,0,0,0,0,0,1,0,0,1,1
param_20078,real_004,0.8026208270011119,0.36030286041198584,0.04094380955618261,0.0750511029197558,0.34788559187559503,245.6233997110462,0,0,0,1,0,1,0,1,0,0,0,0,1,1
param_20078,real_005,0.797033772801573,0.38101333537840587,0.02165440781309286,0.04439498259852341,0.11701056869652743,879.5247415128192,1,0,0,1,1,0,0,0,0,0,0,0,0,1
param_20079,real_001,0.8173611939672145,0.4547356354752809,0.122305757391929,0.1408143003050616,0.6568712013319158,245.04271034680212,1,0,0,1,0,0,0,1,0,0,0,0,1,1
param_20079,real_002,0.7944973859932232,0.4233973612207586,0.03792015764808401,0.06850905746737719,0.7149676652315674,26.07595327009211,0,0,0,0,0,1,1,1,0,1,0,1,1,1
param_20079,real_003,0.8150391111790734,0.41500170429401634,0.06283940758062623,0.09515349884181093,0.046917137066380794,707.4214665337381,1,0,1,0,0,1,1,0,0,1,0,0,1,1
param_20079,real_004,0.8017781586437234,0.3962879267032354,0.06547757222280781,0.10246719438035842,0.7503325234539876,313.09699850195744,0,1,0,1,0,1,0,1,0,0,0,0,1,1
param_20079,real_005,0.7893700299763196,0.3993266398130051,0.026174353853993183,0.05195889091021091,0.0016903929334946388,734.8829473020278,1,0,0,1,1,0,0,0,0,0,0,0,0,1
param_20080,real_001,0.8111514469034318,0.48486899770724756,0.12957852893856406,0.149894769961907,0.6073236551303012,243.5371949229433,1,0,0,1,0,0,0,1,0,0,0,0,1,1
param_20080,real_002,0.7894873695779556,0.4460294334886767,0.044588552543780545,0.08171863759965639,0.6540370029063586,31.97410887997806,0,0,1,0,0,1,1,1,0,1,0,1,1,1
param_20080,real_003,0.8079817442439616,0.4245986874341278,0.06926874943242509,0.10479167131707358,0.03747870528109029,720.1345299885791,1,0,1,0,0,1,1,0,0,1,0,0,1,1
param_20080,real_004,0.7924926831913145,0.41180169003626993,0.06582115193899508,0.10413883817565846,0.6991148894486426,355.15555284549754,0,1,0,1,0,1,0,1,0,1,0,0,1,1
param_20080,real_005,0.7845426041355928,0.41808506269171575,0.030812952158745816,0.06016000331782985,0.011253471038144882,704.2883022519773,1,0,0,1,1,1,0,0,0,0,0,0,0,1
param_20081,real_001,0.7944054069874569,0.4919118794974623,0.12065342994869697,0.14459575957016074,0.9135902694696063,167.40057852181124,1,1,0,1,1,1,1,1,0,1,0,1,1,1
param_20081,real_002,0.7861978464236035,0.5028106222122104,0.07794138596348618,0.12560855659540984,0.7797385860213085,180.03182509055586,1,1,1,0,1,1,1,1,0,1,1,1,1,1
param_20081,real_003,0.7733129983204259,0.45264632070849836,0.09048288426009447,0.12360642507607228,0.13852294930654616,458.323291996301,1,0,1,0,1,1,1,1,0,1,0,1,1,1
param_20081,real_004,0.8119831978644863,0.523956143098747,0.1330312867943441,0.16675531807336458,0.9809550554626568,272.59020049516516,1,1,1,1,1,1,1,1,0,1,0,1,1,1
param_20081,real_005,0.7693535426266322,0.4797001012466442,0.04578163692663781,0.08713651051077281,0.25532874971797703,282.5982169689889,1,0,1,1,1,1,1,0,0,1,0,0,0,1
param_20082,real_001,0.79118318568153,0.604024227209823,0.17101399424547686,0.2076430754997986,0.9729921639236173,155.54840979469074,1,1,0,1,1,1,1,1,0,1,0,1,1,1
param_20082,real_002,0.7984248396611322,0.6157625524855795,0.15132421696666926,0.20843217219717805,0.6795177151809627,126.9125331601041,1,1,1,1,1,1,1,1,0,1,1,1,1,1
param_20082,real_003,0.7940325071504636,0.5752100479664465,0.15086544623621087,0.2063001678206443,0.2552533141179837,399.20234173955373,1,1,1,0,1,1,1,1,0,1,1,1,1,1
param_20082,real_004,0.8051697716479722,0.5987114350634567,0.16679717624180626,0.21250654462453034,0.9537192520649904,294.96428594441153,1,1,1,1,1,1,1,1,0,1,0,1,1,1
param_20082,real_005,0.7856391267220026,0.5783290039830478,0.12940744688625533,0.19354838561738152,0.4679167917827226,267.29728900260784,1,1,1,1,1,1,1,0,1,1,1,0,1,1
param_20083,real_001,0.7926659713942071,0.6317014262413566,0.17630650718829863,0.24417760912856962,0.5958660113632402,165.81505372885402,1,1,1,1,1,1,1,1,1,1,1,1,1,1
param_20083,real_002,0.7963567011951491,0.6747648067563344,0.18916126539310685,0.2648572500255094,0.30794316873462185,107.89273040116618,1,1,1,1,1,1,1,1,1,1,1,1,1,1
param_20083,real_003,0.7951891588099668,0.6391126790241246,0.19765475117030185,0.27433013216274577,0.24279434463896893,95.57467582994597,1,1,1,1,1,1,1,1,1,1,1,1,1,1
param_20083,real_004,0.8424073238276263,0.7130286549840088,0.22545616766680487,0.29817591432923396,0.407187359693956,260.3310641651207,1,1,1,1,1,1,1,1,1,1,1,1,1,1
param_20083,real_005,0.776013649532754,0.6522955650147765,0.16103248532674974,0.2333031180683414,0.28959037599682674,111.35818038712483,1,1,1,1,1,1,1,1,1,1,1,1,1,1
param_20084,real_001,0.7944630681318791,0.3917211976845345,0.02476615835632342,0.046952174313387954,0.18830360051353787,456.2585148529624,0,0,0,0,0,0,1,0,0,0,0,1,1,1
param_20084,real_002,0.820545150525183,0.4010333466621427,0.11854316543165816,0.14889162167922873,0.4477355799233307,420.8141343090707,0,0,0,0,0,1,0,0,0,0,0,0,1,1
param_20084,real_003,0.8024629787607622,0.39635280627310365,0.07249051015764942,0.10628253118282852,0.10501181149198688,852.2436141651358,0,0,1,0,0,0,0,0,0,0,0,0,1,1
param_20084,real_004,0.8052853759066355,0.38514994337855823,0.0327100601440763,0.05457469104948382,0.44899046499237566,1077.213277659329,0,0,0,0,1,0,1,0,0,0,0,0,1,1
param_20084,real_005,0.8530695848585146,0.4526208416733058,0.10915603085586026,0.1562654941720755,0.0012494387286960936,788.7748627252033,1,0,0,0,0,0,0,1,0,0,0,1,1,1
param_20085,real_001,0.7836617065407863,0.41316574235374104,0.04057241197223184,0.06451758807188926,0.05179069083103979,376.8354476805324,0,0,0,0,0,0,1,0,0,0,0,1,1,1
param_20085,real_003,0.7967608723543204,0.41756668510865724,0.0843050296204197,0.12141070055969622,0.043836468210788126,826.317235966694,0,0,1,0,0,0,1,1,0,0,0,0,1,1
param_20085,real_004,0.7895972449722567,0.39241706758392736,0.04919586987469247,0.07860695754893272,0.31679318331670864,961.4708882739249,0,0,0,0,1,0,1,0,1,0,0,0,1,1
param_20085,real_005,0.8436015196415109,0.46338749108987476,0.12668035251777426,0.17056262522079127,0.08690552172638043,705.1277134810614,1,1,0,1,1,0,0,1,0,0,0,1,1,1
param_20086,real_001,0.7793415422246135,0.43572482396627044,0.04382742482472172,0.07345566552360147,0.05921659773729364,371.56872748551797,0,0,0,0,0,0,1,0,0,0,0,1,1,1
param_20086,real_003,0.7901999367107141,0.4350562000773235,0.09242219066475212,0.13184821242668063,0.01716856408373118,798.8583346257665,0,0,1,0,0,0,1,1,0,0,0,0,1,1
param_20086,real_004,0.7762695159659464,0.4146010684672502,0.05020663925892392,0.08195041518800253,0.3119006211180124,952.6979224199592,0,0,0,0,1,0,1,0,1,0,0,0,1,1
param_20086,real_005,0.8422717648438578,0.47629531350247717,0.13951608206265262,0.18804450050457702,0.1042783453019116,568.797776853071,1,1,0,1,1,0,0,1,0,0,0,1,1,1
param_20087,real_001,0.7635589547983076,0.4863125312132165,0.0697355426027257,0.1160211855572581,0.23078734399980172,315.39219669256835,1,0,1,0,1,1,1,1,0,1,1,1,1,1
param_20087,real_002,0.7990504621056743,0.5408989428011921,0.16980833646880536,0.20159243842076513,0.7589102417883211,92.65902204409913,0,1,1,1,0,1,1,1,0,0,1,1,1,1
param_20087,real_003,0.7766049648344278,0.4876870689348666,0.11094220331266635,0.15698983232227956,0.3078089461713419,683.2381373490306,1,0,1,1,1,1,1,1,0,0,1,1,1,1
param_20087,real_004,0.7547920629207728,0.45798982122111653,0.09756242851875582,0.13515808502593488,0.0461494516958309,614.8783298548467,1,1,1,1,1,0,1,0,1,0,1,0,0,1
param_20087,real_005,0.8244683689905282,0.5083331395310929,0.15914495643529303,0.20608519550689472,0.36151836444805197,501.3259035272437,1,1,1,1,1,1,1,1,0,0,0,1,1,1
param_20088,real_001,0.7956431966636481,0.6232275492110356,0.1597933143986871,0.232637785058217,0.43546265953777163,305.0538608201794,1,1,1,1,1,1,1,1,0,1,1,1,1,1
param_20088,real_002,0.8345352467571935,0.656922168388114,0.23285994043322053,0.28096655505613227,0.7570479028191611,87.75687920455502,0,1,1,1,0,1,1,1,0,0,1,1,1,1
param_20088,real_003,0.7747638020153411,0.5918067039731494,0.1826813657933959,0.23746542552782338,0.39296035198240087,554.6155088534375,1,1,1,1,1,1,1,1,0,0,1,1,1,1
param_20088,real_004,0.7587965479945296,0.5933296855116034,0.14395227215083745,0.20607647593945455,0.10884693836739591,419.96275897451585,1,1,1,1,1,0,1,0,1,0,1,0,1,1
param_20088,real_005,0.843427124416914,0.6336005522212654,0.24816601044783873,0.3033612225228759,0.33587899773758056,248.65212978079222,1,1,1,1,1,1,1,1,1,1,0,1,1,1
param_20089,real_001,0.7944813783335184,0.6673111207483805,0.2029576856473534,0.27537361829780593,0.19542895198885996,222.3508720375898,1,1,1,1,1,1,1,1,1,1,1,1,1,1
param_20089,real_002,0.8601625140712384,0.7429259643482156,0.2645715492620123,0.3357617773594329,0.41974089311500423,278.7074975988886,1,1,1,1,1,1,1,1,0,1,1,1,1,1
param_20089,real_003,0.7920561071047232,0.6552399506677621,0.19360731575958298,0.26213001364556665,0.41193309614362245,318.4359693169888,1,1,1,1,1,1,1,1,0,1,1,1,1,1
param_20089,real_004,0.7788136498307888,0.6758059594713166,0.20487501320960774,0.287454799968346,0.14046561540525232,104.36817937414924,1,1,1,1,1,1,1,1,1,1,1,1,1,1
param_20089,real_005,0.8582970789786764,0.7091096053674377,0.27327871497784123,0.3413565699956484,0.17376100628930818,238.86387376825144,1,1,1,1,1,1,1,1,1,1,1,1,1,1
param_20090,real_001,0.8266578811228855,0.3283564545589448,0.033007808512506835,0.05696413525505626,0.10418392245528418,705.3273624322345,0,0,0,0,0,0,0,0,0,0,0,0,1,1
param_20090,real_002,0.8663369230667114,0.415238382073902,0.08709477752590533,0.1152665581606493,0.7670742170742171,419.73967042291065,0,0,0,1,0,1,0,1,0,0,0,0,0,1
param_20090,real_003,0.8533587782020562,0.3942316717193326,0.07662141829796341,0.09694618678129938,0.4840192741258123,125.57818045891696,0,1,0,0,0,0,0,1,0,0,0,1,0,0
param_20090,real_004,0.8425159940603918,0.34908761120695303,0.07291788143797291,0.08637684912407301,0.07864918412323857,865.7965937653589,0,0,0,0,0,0,0,0,0,0,0,0,1,1
param_20090,real_005,0.8533931941426645,0.38039025552913425,0.10751067731059673,0.12103417210833194,0.4157713451492963,338.97772199742354,0,0,0,1,0,0,0,1,0,0,0,0,1,1
param_20091,real_001,0.8213813912958072,0.35563476381922254,0.03585307030725305,0.06258136056943178,0.2939374627387291,759.1062565166193,0,0,0,0,0,0,0,0,0,0,0,0,1,1
param_20091,real_002,0.8682596980344544,0.44649661414756153,0.09399187302301955,0.12083729216994862,0.881961630600487,415.71974590848384,0,0,1,1,0,1,0,1,0,0,0,0,0,1
param_20091,real_003,0.8550027297732353,0.4218286825222124,0.08789237205114826,0.11064601182888129,0.724439081259076,98.22347987341331,0,1,1,0,0,1,0,1,0,0,0,1,0,0
param_20091,real_004,0.8379446337294829,0.36218180761095403,0.0724116470682096,0.08780331967992681,0.19942634706002868,811.9306591732726,0,0,0,0,0,1,0,0,0,1,0,0,1,1
param_20091,real_005,0.8500129175617659,0.4026283249879058,0.10609133490903172,0.1219597273001029,0.5906395022163028,308.47219713202344,0,0,0,1,0,0,0,1,0,0,0,0,1,1
param_20092,real_001,0.814914010175479,0.3855744668233418,0.0471557774478179,0.08067618363849903,0.2850388988629563,658.9932096876265,0,0,0,1,0,0,0,0,0,0,0,0,1,1
param_20092,real_002,0.8621493442131525,0.4713139266594659,0.10097002585924454,0.12814381805966626,0.8486669601332083,385.0773104625822,0,0,1,1,0,1,0,1,0,0,0,0,0,1
param_20092,real_003,0.845282754294425,0.4472731553674224,0.09266904938707646,0.11685645958531757,0.6707360436173996,133.60330121326766,0,1,1,0,0,1,0,1,0,0,0,1,0,0
param_20092,real_004,0.8295596467268272,0.38573620615981613,0.08628815271599696,0.10294467642622282,0.20551418475114297,814.8886332156906,0,0,0,0,0,1,0,0,0,0,0,0,1,1
param_20092,real_005,0.8450493247010911,0.42241212693853003,0.12296126614462548,0.1395633357896162,0.5157886208502968,300.34948847653106,0,0,0,1,0,0,0,1,0,0,0,0,1,1
param_20093,real_001,0.7754109157986093,0.41332448925801785,0.05661218221711243,0.08825524219189297,0.6262090665423611,535.4767064887391,1,0,1,1,1,1,1,1,0,1,0,1,1,1
param_20093,real_002,0.8591331481722116,0.5408793537403168,0.11688029265412465,0.14534841889740352,0.9192671016569512,334.3841748033322,1,1,1,1,1,1,1,1,0,0,0,1,0,0
param_20093,real_003,0.8562123715564596,0.5226231757464646,0.1156972818436763,0.14368999489230036,0.9983077304623106,132.34751691453621,1,1,1,1,1,1,1,1,0,1,0,1,0,1
param_20093,real_004,0.8050070674912496,0.4111958721985488,0.07597016098730547,0.10362653957804648,0.35762040625133074,712.5133671074782,1,0,1,0,1,1,1,0,0,1,0,1,1,1
param_20093,real_005,0.8286281954592929,0.4815008277962953,0.11152805551730224,0.14337614375074853,0.8720272454398522,181.73777746304415,1,0,1,1,1,1,1,1,0,1,0,1,1,1
param_20094,real_001,0.8005332632513305,0.563334991621444,0.14772228323216013,0.1946165237920022,0.6746128669825607,397.8065724796122,1,0,1,1,1,1,1,1,0,1,0,1,1,1
param_20094,real_002,0.8553207327437896,0.6316417598059594,0.17291245905850755,0.2247410489347182,0.6642071462731434,278.36968194822975,1,1,1,1,1,1,1,1,0,0,0,1,1,1
param_20094,real_003,0.840902055853106,0.6181051539167732,0.1647863986061172,0.2077835987418441,0.812443102870011,83.2645483343587,1,1,1,1,1,1,1,1,0,1,0,1,1,1
param_20094,real_004,0.8034918882703814,0.5380776246622895,0.14828878916215021,0.19182832376706851,0.4369950648875891,612.831520895653,1,1,1,0,1,1,1,1,0,1,0,1,1,1
param_20094,real_005,0.8310479040955084,0.5800814046709334,0.18217852266535028,0.2231873266241738,0.7442597979848427,160.09989089904283,1,0,1,1,1,1,1,1,0,1,0,1,1,1
param_20095,real_001,0.743783916237836,0.5832631616394294,0.15879393229024022,0.23164687466973127,0.3494108717652161,170.62635753476002,1,1,1,1,1,1,1,1,1,1,1,1,1,1
param_20095,real_002,0.851429063575564,0.7083687270194555,0.19770425436756278,0.26889751465288564,0.39291902749048174,340.0501687059082,1,1,1,1,1,1,1,1,1,1,1,1,1,1
param_20095,real_003,0.8598680556261649,0.7115800695141685,0.20779670908028072,0.2779408620379497,0.36446369596293193,20.645467674762948,1,1,1,1,1,1,1,1,1,1,1,1,1,1
param_20095,real_004,0.8007395344839177,0.628818351575824,0.18437902714390986,0.25958441110831243,0.2671117207742722,413.1728014706156,1,1,1,1,1,1,1,1,1,1,1,1,1,1
param_20095,real_005,0.8228117281927365,0.6677290621311193,0.213794209001981,0.28568483801052186,0.3666271344378154,106.09898508825034,1,1,1,1,1,1,1,1,1,1,1,1,1,1
param_20096,real_001,0.8007241513419926,0.35303099236193064,0.03442734309909341,0.05334360026875849,0.09070207000204951,944.4922803767018,0,0,0,0,0,0,0,0,0,0,0,0,1,1
param_20096,real_002,0.852777552777603,0.4760039147530924,0.1622830880152525,0.18422447869804479,0.18916574436899883,419.0636816968589,0,0,0,0,1,0,0,0,0,0,0,0,1,1
param_20096,real_003,0.7886926957796887,0.3614641469447435,0.008213098808584292,0.026812918087953642,0.163917279850267,494.195253578497,0,0,0,1,1,0,0,0,0,0,0,0,0,1
param_20096,real_004,0.8404697559984281,0.40898041677540353,0.09066572811381265,0.1250722653646892,0.45883017573593204,279.4612696134608,0,0,0,1,0,0,1,1,0,0,0,1,1,1
param_20096,real_005,0.8491209267246563,0.4099395242568953,0.10754619279223793,0.1329413764248412,0.396210448100064,206.659965325459,0,1,0,1,0,1,0,1,0,1,0,1,1,0
param_20097,real_001,0.7903072888475414,0.3815224449424026,0.03984713000384402,0.06660335395418619,0.31404422644262925,854.8869744367337,0,1,0,0,0,0,0,0,0,0,0,0,1,1
param_20097,real_002,0.8473246961906181,0.507739633907129,0.19091316354506044,0.21601137176587554,0.3288798577597155,368.0345759423605,0,0,0,0,1,1,0,0,0,0,0,0,1,1
param_20097,real_003,0.776644305022724,0.3764703219280555,0.016998155389079287,0.04388329012598198,0.10567590260285474,445.4326542929377,0,0,0,1,1,0,0,1,0,0,0,1,1,1
param_20097,real_004,0.842151828558871,0.4482324704473503,0.12495178486745324,0.15721837563768976,0.6112373217895283,230.34909010001746,0,0,0,1,0,0,1,1,0,0,0,1,1,1
param_20097,real_005,0.8475671093815368,0.4406160718392647,0.13086157001161441,0.1575921973596279,0.5146206316405464,161.8212863698838,0,1,0,1,1,1,0,1,0,1,0,1,1,0
param_20098,real_001,0.7869161056129512,0.40500967042064184,0.04611074155858494,0.07607082700170788,0.28564826907235136,854.7162569056488,0,1,0,0,0,0,0,0,0,0,0,0,1,1
param_20098,real_002,0.8457446863321698,0.5326421511553231,0.21984028572134737,0.2515175831206624,0.28238497277314284,352.0894178667823,0,0,0,0,1,1,0,0,0,0,0,0,1,1
param_20098,real_003,0.7706627713185428,0.39232533868508596,0.017902738442200097,0.04823695994287792,0.012564390437194558,440.78609524999104,0,0,0,1,1,0,0,1,0,0,0,1,1,1
param_20098,real_004,0.8329528413038385,0.4719026197283294,0.12930196388890802,0.16257958537929176,0.5934046409153904,238.32585386070087,0,0,0,1,0,0,1,1,0,0,0,1,1,1
param_20098,real_005,0.8377234923640171,0.44348841120171195,0.13034140804990096,0.16117029835480928,0.4789618560755014,185.3405263915238,0,1,0,1,1,1,0,1,0,1,0,1,1,0
param_20099,real_001,0.7605160765952371,0.45915690784589036,0.06457495575211952,0.09966876132264904,0.7904194034672122,416.18774922605354,1,1,1,0,1,1,0,0,0,1,0,1,1,1
param_20099,real_002,0.8321504466287939,0.6007635452924025,0.23006364210550234,0.26091656898067106,0.35403261792690477,236.42916659722619,1,1,0,0,1,1,0,1,1,1,0,0,1,1
param_20099,real_003,0.7504599289330048,0.4435364555510457,0.051660769134899205,0.09404772484542344,0.5047317816953766,237.82778395212875,1,0,1,1,1,0,0,1,0,1,0,1,1,1
param_20099,real_004,0.8328684711703744,0.5325095853822148,0.15797325547545366,0.19410652522841032,0.6976682262543269,169.37678756763438,1,1,1,1,1,1,1,1,0,0,0,1,1,1
param_20099,real_005,0.8487236544154615,0.5386126314208333,0.18534443067824838,0.22130259267416752,0.7425706677335067,108.06372047898319,1,1,1,1,1,1,1,1,0,1,0,1,1,0
param_20100,real_001,0.7731978838333119,0.5674393447466738,0.1367193919224516,0.18576803844278458,0.9200823416202785,331.2893801685121,1,1,1,1,1,1,1,1,0,1,0,1,1,1
param_20100,real_002,0.8471120840578937,0.687023810525167,0.3148740219608241,0.354101085669621,0.4665179977573673,202.01884178756018,1,1,1,1,1,1,0,1,1,0,0,0,1,1
param_20100,real_003,0.7671444409647432,0.5579467930282247,0.10862056945332471,0.168168373649115,0.7351831026688787,243.53824016438614,1,1,1,1,1,1,1,1,1,1,0,1,1,1
param_20100,real_004,0.8281266336787263,0.6235620648157151,0.1986089203540604,0.2458106389922596,0.7007959146117041,197.75434957701893,1,1,1,1,1,1,1,1,0,0,0,1,1,1
param_20100,real_005,0.8421127084949137,0.6267307844197126,0.22974123444722985,0.27798402594645555,0.6989500200633109,120.9317654727524,1,1,1,1,1,1,1,1,1,1,0,1,1,1
param_20101,real_001,0.7634553282032122,0.6332468343728016,0.1630729371585547,0.23374481849248974,0.4997581288323506,32.439841139469635,1,1,1,1,1,1,1,1,1,1,1,1,1,1
param_20101,real_002,0.8444051878930503,0.7371149017432124,0.2889987847576974,0.3528395870510213,0.329157109165509,141.99658547920973,1,1,1,1,1,1,1,1,1,1,1,1,1,1
param_20101,real_003,0.7872746636363162,0.657982625484186,0.18677525309441992,0.26057138226460885,0.2977467135826595,183.55990027270207,1,1,1,1,1,1,1,1,1,1,1,1,1,1
param_20101,real_004,0.8644890687983268,0.7259972349374182,0.2647904922532379,0.3419862915181418,0.2813215316666766,314.8372544127274,1,1,1,1,1,1,1,1,1,1,1,1,1,1
param_20101,real_005,0.8960833262714202,0.780620707528181,0.32129784547607426,0.38845612909806804,0.24469050967546685,41.16821389741094,1,1,1,1,1,1,1,1,1,1,1,1,1,1
param_20102,real_001,0.8079209875403575,0.3900291471899977,0.06782096812956259,0.10276256039741576,0.06640702834888144,885.0269995731367,0,1,0,1,1,0,0,1,0,0,0,0,0,0
param_20102,real_002,0.835748303651481,0.43804962958738014,0.1565163009482931,0.1934535750762599,0.1540888133948071,530.8152314050087,0,0,0,0,0,0,0,0,0,1,0,0,1,1
param_20102,real_003,0.7824692588507405,0.3675385950762158,0.020891488537044985,0.03674864807624546,0.46824112470921414,487.32399561131547,1,0,0,0,1,0,0,0,1,0,0,0,1,1
param_20102,real_004,0.852840448974145,0.46110599040553985,0.1640778765604615,0.20036761880412915,0.032641832106476316,138.29176756029563,0,0,0,0,1,0,0,0,0,1,0,0,1,0
param_20102,real_005,0.8189530863716936,0.3665577520306331,0.06979030452889483,0.0919544647032199,0.23508467613091705,724.3180211190613,0,0,0,0,0,0,0,0,0,0,0,0,1,0
param_20103,real_001,0.7953905614037367,0.4143705574606125,0.08613712461022441,0.1271005861362517,0.38528757546870035,727.1897550896949,0,1,0,1,1,0,1,1,0,0,0,1,0,0
param_20103,real_002,0.82326526493139,0.46606869399894313,0.1782171946405846,0.2114850216304774,0.25093178469272776,465.44955491033784,0,0,0,0,0,0,0,0,0,1,0,0,1,1
param_20103,real_003,0.7672985509703527,0.37550713082778375,0.036975613268079834,0.05560574540793895,0.3248771277871014,470.99956664057794,1,0,0,0,1,0,0,0,1,0,0,0,1,1
param_20103,real_004,0.84808024282925,0.4889465827491836,0.19836787900404354,0.23783141636580526,0.0813251483942976,236.82423671764923,0,0,0,0,1,0,0,0,0,1,0,0,1,1
param_20103,real_005,0.8092609545621866,0.3891838439771096,0.09523325423707593,0.1215146681065578,0.09889996915801377,690.1741369497026,0,0,0,0,0,0,0,0,0,0,0,0,1,1
param_20104,real_001,0.7928278720192539,0.4358415028980842,0.09418637632615097,0.13896305222156768,0.3283098084063102,763.5808914967782,0,1,0,1,1,0,1,1,0,0,0,0,0,0
param_20104,real_002,0.8238280441318476,0.5104631815385315,0.20008555729246943,0.23657717736181955,0.23886353410040495,452.5468691701561,0,0,0,0,0,0,0,0,0,1,0,0,1,1
param_20104,real_003,0.76115925964236,0.3865893380555337,0.04375591403487146,0.06563753726743923,0.31611433610110956,479.62597568835207,1,0,0,0,1,0,0,0,1,0,0,0,1,1
param_20104,real_004,0.8454684111326788,0.5259074469657354,0.2078997430993548,0.2495476992869245,0.07567287957416276,151.94262120570232,0,0,0,0,1,0,0,0,0,1,0,0,1,1
param_20104,real_005,0.8022464170747555,0.42229769090817876,0.10199351040306553,0.13103269492493777,0.08325871051774666,685.0948901850122,0,0,0,0,0,0,0,0,0,0,0,0,1,1
param_20105,real_001,0.7832692565536123,0.4926524841492306,0.13578108487710278,0.1791422987823696,0.675968549643745,220.8767861339233,1,1,1,1,1,1,1,1,1,1,1,1,0,0
param_20105,real_002,0.801264459169726,0.5630873159381292,0.19514968764432514,0.2264015893250561,0.662272452200651,279.66141794436027,1,1,0,1,1,0,0,0,0,1,0,1,1,1
param_20105,real_003,0.7301317298157309,0.4405520293980238,0.051648244530349635,0.08148879876406863,0.035187531104374975,275.68818344163014,1,0,1,0,1,0,0,0,1,1,0,1,1,1
param_20105,real_004,0.8452945092383543,0.5942501843879036,0.26582417892632915,0.30983572176844726,0.3185777616467477,198.6756769815454,0,1,0,1,1,0,1,1,1,1,0,1,1,1
param_20105,real_005,0.78688372678619,0.48454821754118854,0.15279817371529728,0.19451857554837326,0.16936241413726297,522.9426198133559,1,1,1,1,1,0,0,0,0,0,0,1,1,1
param_20106,real_001,0.8004365993080862,0.6173169577862414,0.1947553312690949,0.24982990002141797,0.5363131873675714,224.41086988037807,1,1,1,1,1,1,1,1,1,1,1,1,1,1
param_20106,real_002,0.8229243150487003,0.6961229961358257,0.2920796926297297,0.3242744271853317,0.821413041953628,322.5156535765655,1,1,0,1,1,1,1,1,0,1,0,1,1,1
param_20106,real_003,0.7480643064458425,0.5471308154632698,0.11811031905740763,0.17543412126270067,0.2264633067202243,300.78321841431443,1,0,1,0,1,0,0,1,1,0,0,1,1,1
param_20106,real_004,0.8616527053002087,0.723011876062412,0.3221594651815476,0.37884038225151917,0.3853029135891975,71.77064685406305,1,1,0,1,1,1,1,1,1,1,1,1,1,1
param_20106,real_005,0.7808444614625044,0.6147869363177576,0.20432680622812555,0.24891604076301577,0.6017157805647457,495.9561021646317,1,1,1,1,1,1,0,1,0,0,0,1,1,1
param_20107,real_001,0.8314156515261376,0.703672544563146,0.24196984710208247,0.3168889038345585,0.33011528847625365,62.716406474693315,1,1,1,1,1,1,1,1,1,1,1,1,1,1
param_20107,real_002,0.827771133347887,0.7411058136230951,0.27065216317047736,0.3327000353204528,0.415057352888952,125.13010427528597,1,1,1,1,1,1,1,1,1,1,1,1,1,1
param_20107,real_003,0.7372017774384078,0.6235201971729983,0.15003211435444272,0.22688263245141072,0.24319998983888277,202.33593238164033,1,1,1,1,1,1,1,1,1,1,1,1,1,1
param_20107,real_004,0.8702262066269983,0.787300548241487,0.3409084022856736,0.41482944419506645,0.26280612843757983,128.92591961703067,1,1,1,1,1,1,1,1,1,1,1,1,1,1
param_20107,real_005,0.8273401569311314,0.7237108499034561,0.27678217130653415,0.35466775593088196,0.25400474438935977,281.0009443785538,1,1,1,1,1,1,1,1,1,1,1,1,1,1
param_20108,real_001,0.8298678179637058,0.3402623586778559,0.054623330479256535,0.0833864737707121,0.383344470815955,964.7843319180505,0,1,0,1,0,0,0,0,0,0,0,0,0,1
param_20108,real_002,0.8390774650111692,0.43720475568533346,0.03283947117801128,0.05834936159345027,0.3177453122155471,942.3673320702519,0,0,0,0,0,0,0,0,0,0,0,0,0,1
param_20108,real_003,0.8269002651105751,0.32774951244442946,0.028986249992106618,0.03965555967953393,0.12420640280967175,606.788745023304,1,0,0,0,1,0,0,0,0,0,0,0,0,1
param_20108,real_004,0.9022025997113865,0.5004736755502083,0.1905470063720097,0.2242433869520959,0.2183698722887628,474.527227510317,0,0,0,0,0,0,0,1,0,0,0,0,1,1
param_20108,real_005,0.835507305138453,0.3500144257605271,0.03959807437204095,0.06673352362669324,0.05584646313525644,948.6302307438212,0,0,0,0,0,0,0,0,0,0,0,0,1,1
param_20109,real_001,0.823912992563825,0.3615882629736516,0.05800906281371101,0.09016423444851882,0.5729865593115641,896.0073034547768,0,1,0,1,0,0,0,0,0,1,0,0,0,1
param_20109,real_002,0.8332198587457326,0.45351366291013634,0.039234310014343146,0.0676424908033972,0.4657882373040618,859.0586531283511,0,0,0,0,0,0,0,0,0,0,0,0,0,1
param_20109,real_003,0.8153518199734876,0.33554695775028265,0.028229126439211636,0.04056507422662938,0.28814239263544617,576.2915510087284,1,0,0,0,1,0,0,0,0,0,0,0,0,1
param_20109,real_004,0.9048007908364312,0.5361729539567501,0.206749894082159,0.2443054933775626,0.28568330188474633,466.6189274865959,0,0,0,0,0,0,0,1,0,0,0,0,1,1
param_20109,real_005,0.8311672022081638,0.3724069459391524,0.05394720773494331,0.0842202885081986,0.18044773230683211,901.6747666368285,0,1,0,0,0,0,0,0,0,0,0,1,1,1
param_20110,real_001,0.8185119157378401,0.38671384533359854,0.07568125014491721,0.10951790056000586,0.5655796728731612,880.1577982535708,0,1,0,1,0,0,0,0,0,0,0,0,0,1
param_20110,real_002,0.8282613852403092,0.48043631268300774,0.04778885143394093,0.08176335373110916,0.4504335647051554,820.3826385561551,0,0,0,0,0,0,0,0,0,0,0,0,0,1
param_20110,real_003,0.8081059608884421,0.35094575192929617,0.03498323802913242,0.0512752745581753,0.22795479995927925,594.9358722975502,1,0,0,0,1,0,0,0,0,0,0,0,0,1
param_20110,real_004,0.8976516941132489,0.5643805994002608,0.21742616350852093,0.2579458532147617,0.28129256690207255,450.74081497213797,0,0,0,0,0,0,0,1,0,0,0,0,1,1
param_20110,real_005,0.8230730668010015,0.38226153080403114,0.05608849309712515,0.09170007299567647,0.11343403231931141,932.8962421846137,0,1,0,0,0,0,0,0,0,0,0,0,1,1
param_20111,real_001,0.7899004191155642,0.4495033965815767,0.08203258256167201,0.12349696152932069,0.9085977362031552,460.1498795861594,1,1,1,1,1,1,1,1,0,1,0,0,0,1
param_20111,real_002,0.791891734884372,0.5043388739638076,0.060227653413002555,0.09984142887176643,0.8961098120198002,516.5342446537555,1,1,1,1,1,1,1,0,0,1,0,1,0,1
param_20111,real_003,0.7582798232042829,0.3967111759002264,0.03416165035382132,0.05671539691973329,0.5422547740481556,267.9503485215065,1,0,1,0,1,1,0,1,0,0,0,1,0,1
param_20111,real_004,0.8999309247331437,0.6496269228699444,0.24717044109845623,0.291071925163751,0.44532686337743754,394.91377723570577,1,1,1,1,1,0,1,1,0,1,0,1,1,1
param_20111,real_005,0.8147602015894543,0.48740985411282367,0.1140276531743221,0.1536705687906235,0.6089162205606925,527.6034450499918,1,1,1,1,1,1,1,0,0,0,0,1,1,1
param_20112,real_001,0.800134558604475,0.5581272119937369,0.15467998346672931,0.19968961034751231,0.7283351600310334,378.9649767877676,1,1,1,1,1,1,1,1,0,1,0,0,1,1
param_20112,real_002,0.802150398413047,0.6183793309487481,0.1299472593001707,0.17545127958241633,0.8685591723441837,351.6023532690989,1,1,1,1,1,1,1,1,0,1,0,1,1,1
param_20112,real_003,0.7731218160749452,0.5045061119344972,0.10147835972874972,0.149246492444932,0.4503029932056069,262.5584065176475,1,0,1,0,1,1,1,1,0,0,0,1,1,1
param_20112,real_004,0.8944560505254308,0.7397869933453265,0.29848359193625773,0.33707943750815056,0.46671397239065926,318.81373266632414,1,1,1,1,1,1,1,1,0,1,0,1,1,1
param_20112,real_005,0.8035962322938646,0.5470905773745949,0.16354123452049749,0.2145653732967775,0.6228638304097456,686.4187713563097,1,1,1,1,1,1,1,1,0,0,0,1,1,1
param_20113,real_001,0.7748094915816455,0.6406428496700666,0.18211825335619047,0.25242434128667457,0.35274538444960607,148.31969640775412,1,1,1,1,1,1,1,1,1,1,1,1,1,1
param_20113,real_002,0.7703077148832221,0.6560774352551833,0.16740336332421307,0.2379608728464963,0.44402056209703517,216.06820068111318,1,1,1,1,1,1,1,1,1,1,1,1,1,1
param_20113,real_003,0.7234513062730674,0.5744307615550821,0.11808513599660353,0.19298147755255898,0.28281316146290286,154.6900274140969,1,1,1,1,1,1,1,1,1,1,1,1,1,1
param_20113,real_004,0.8923620540614923,0.8108364583614484,0.3234941586495407,0.386340660398429,0.20124590726820116,275.84439546923016,1,1,1,1,1,1,1,1,1,1,1,1,1,1
param_20113,real_005,0.8251664792219725,0.6992502148050215,0.24451589967992013,0.31307931784888376,0.2694157137450286,133.19498353467122,1,1,1,1,1,1,1,1,1,1,1,1,1,1
param_20114,real_001,0.8168738812626084,0.372337655611131,0.034667585367498754,0.0631840686708472,0.5319377235430255,862.2776006703681,0,0,1,1,0,0,1,0,0,0,0,1,0,1
param_20114,real_002,0.8283425459392519,0.4488965729387827,0.036892148518237355,0.061919115379266164,0.316551343549688,649.4758400714898,1,0,1,1,0,0,0,0,0,1,0,0,0,1
param_20114,real_003,0.8158898415547925,0.38928990750244424,0.02961289208895221,0.042199627409307106,0.13986224019863042,589.5338062321067,1,0,0,0,1,0,0,0,0,0,0,0,0,1
param_20114,real_004,0.9081042954530836,0.5336984400083328,0.23181134980304635,0.2675404589144963,0.12098476505139501,396.85910507185463,0,0,0,0,0,0,0,0,0,0,0,0,1,1
param_20114,real_005,0.8314468112098952,0.42421037623964686,0.058256458737497956,0.07721383782899326,0.05087516830159646,757.5286553359274,0,0,0,0,0,0,0,0,0,0,0,0,1,0
param_20115,real_001,0.807152337328515,0.39061764551091516,0.041248014693822686,0.07605207093839594,0.6983164339008991,644.9390588237627,0,1,1,1,1,0,1,0,0,1,0,1,0,1
param_20115,real_002,0.8230600033712043,0.46495016551535834,0.04473312556346362,0.07468038872006386,0.4760468275531405,498.8931740588444,1,0,1,1,0,0,0,0,0,1,0,0,0,1
param_20115,real_003,0.8030182105192245,0.39178514833729017,0.030412578564044182,0.04394406625384119,0.047614656905231714,524.8293083036934,1,0,0,0,1,0,0,0,0,0,0,0,0,1
param_20115,real_004,0.9092601380147525,0.564904574728621,0.2417748818285719,0.28209815941150734,0.18228444108126288,418.27279691211567,0,0,0,0,0,0,0,0,0,1,0,0,1,1
param_20115,real_005,0.8239812474093046,0.4446535387412694,0.07792929968410264,0.10221632764545527,0.227874416631311,700.352199857985,1,0,0,0,0,0,0,0,0,0,0,1,1,1
param_20116,real_001,0.8043227281867549,0.4116936508396423,0.05258115812220256,0.0931562809547724,0.6901980418335558,697.7188950259101,0,0,1,1,1,0,1,0,0,1,0,1,0,1
param_20116,real_002,0.8175033140791522,0.48703800314453205,0.060623495004696965,0.09471388582616826,0.4497205656201943,502.5899392099398,1,0,1,1,0,0,0,0,0,1,0,0,0,1
param_20116,real_003,0.7937048435267703,0.3959473753473047,0.03442551583464053,0.05023671113142031,0.08061979893637697,522.3730995565254,1,0,0,0,1,0,0,0,0,0,0,0,0,1
param_20116,real_004,0.906840176526248,0.5921702727484466,0.2717048169419842,0.3088131717868274,0.14383871631351575,360.55757398219276,0,0,0,0,0,0,0,0,0,0,0,0,1,1
param_20116,real_005,0.8208831074251752,0.47690841517593435,0.09398622631880674,0.12117171048217859,0.16151238701037832,698.3060564267589,1,0,0,0,0,0,0,0,0,0,0,1,1,1
param_20117,real_001,0.7791746764391568,0.4656840104360909,0.0762161833172268,0.12402613595529374,0.7986324699422994,189.94672434450854,0,1,1,1,1,1,1,1,0,1,1,1,0,1
param_20117,real_002,0.7934355411947852,0.5300475842785374,0.0666546788700637,0.10899253863075757,0.8902989573989383,235.70725219672926,1,1,1,1,1,1,1,0,0,1,0,1,0,1
param_20117,real_003,0.7583431468345806,0.4313700805969539,0.037388330331856866,0.05956630325611382,0.15469335054874112,313.82616818702985,1,0,1,0,1,0,0,0,1,0,0,1,0,1
param_20117,real_004,0.9052373413316616,0.6408937157179017,0.26316164010061194,0.30965336278581973,0.3300341001040342,469.95613771956175,1,1,0,0,1,1,1,1,0,1,0,1,1,1
param_20117,real_005,0.8025487058176474,0.5198024600402548,0.12160022057100964,0.16022209854756206,0.5166362184789333,436.9898445607746,1,1,0,0,1,1,0,0,0,0,0,1,1,1
param_20118,real_001,0.7912236464863929,0.5796480350996335,0.14941390483623504,0.20613529339017006,0.6933384421697958,217.29789628701738,1,1,1,1,1,1,1,1,0,1,1,1,1,1
param_20118,real_002,0.7968931493095155,0.6322175475070978,0.143235268996861,0.1916668440797264,0.7757327052424544,226.73943810235886,1,1,1,1,1,1,1,1,0,1,0,1,1,1
param_20118,real_003,0.7577624715951667,0.5264581628296514,0.0928984505931851,0.14168409277621627,0.19839290952520638,313.44526989168946,1,0,1,0,1,1,0,1,1,0,0,1,1,1
param_20118,real_004,0.9057162097246909,0.7582488085038661,0.3512413569850347,0.40128600918129853,0.3589950961513774,283.40082056326185,1,1,0,1,1,1,1,1,0,1,0,1,1,1
param_20118,real_005,0.7992808635427422,0.6384303510875988,0.20959789685061456,0.24520891368153663,0.6812419940222032,468.08033074769406,1,1,0,0,1,1,0,1,0,0,0,1,1,1
param_20119,real_001,0.7838838499374253,0.6455963896713952,0.18479043688512628,0.2582432799946538,0.3466557960805942,74.21233430809637,1,1,1,1,1,1,1,1,1,1,1,1,1,1
param_20119,real_002,0.7759412635501355,0.6589147330964085,0.15819584184541852,0.22648946158618288,0.49946788697919436,156.96308307488908,1,1,1,1,1,1,1,1,1,1,1,1,1,1
param_20119,real_004,0.9119044370579745,0.8123524478567046,0.3500510842305325,0.4139111563050317,0.17183422530850545,282.39126366167255,1,1,1,1,1,1,1,1,1,1,1,1,1,1
param_20119,real_005,0.815191773456827,0.6903157174402728,0.22702447544868207,0.29550194128086416,0.34353347556639235,155.78340095131048,1,1,1,1,1,1,1,1,1,1,1,1,1,1
param_20120,real_001,0.8137278452388924,0.37371028471476586,0.03961892229551683,0.05887356247847284,0.21878736621073813,818.4894127930596,0,0,0,1,0,0,0,0,0,0,0,0,1,1
param_20120,real_002,0.8189449639960144,0.4754240877907197,0.05728997848658421,0.09643719926499206,0.09200937950937951,582.611866944012,1,0,0,1,1,0,1,1,1,1,0,1,0,1
param_20120,real_003,0.8074786745032781,0.39010178125778244,0.017591533163865622,0.03132113820405757,0.49582527585030145,212.3845862436616,1,0,0,0,0,1,0,0,0,1,0,0,0,1
param_20120,real_004,0.8132404375356082,0.36258317843052557,0.01942797470224784,0.045763202529908335,0.14750263915050402,1055.943287883736,1,0,0,0,1,1,0,1,0,0,0,1,0,1
param_20120,real_005,0.860389722424557,0.4305042346225907,0.08832760637342137,0.11822993049786809,0.34339341155598563,588.7918643109083,0,0,1,1,0,0,1,1,0,0,0,1,1,1
param_20121,real_001,0.7994598611318754,0.3983604355227968,0.059698971256680125,0.0892127972227086,0.5309562232639156,578.6789247219775,0,1,1,1,0,0,0,0,0,0,0,1,1,1
param_20121,real_002,0.8176526031101489,0.5074387924494077,0.08810314370125003,0.12955396481148063,0.41276148566549536,471.31403253421956,1,0,1,1,1,0,1,1,1,1,0,1,0,1
param_20121,real_003,0.7995872558548642,0.39472337680461833,0.027280857545675993,0.04586913627757038,0.7439497118910424,152.2404000038528,1,0,0,0,0,1,0,0,0,1,0,0,0,1
param_20121,real_004,0.8048494667684306,0.37814959022550987,0.03324861442563695,0.06523208819078427,0.46033712505161994,951.4679036005617,1,1,0,0,1,1,0,1,0,0,0,1,0,1
param_20121,real_005,0.8644574931375082,0.46022448338455063,0.1045467488254292,0.14567048236584443,0.45782455614652784,593.6769116839985,0,0,1,1,0,0,1,1,0,0,0,1,1,1
param_20122,real_001,0.7930845383222827,0.4192870017763681,0.06808525999950998,0.10329308188503576,0.5217402301757936,522.6663251935943,0,1,1,1,0,0,0,0,0,0,0,0,1,1
param_20122,real_002,0.8142608554790661,0.5346459628527233,0.09519769337452502,0.14335034387561796,0.3050118479566332,495.88489967614885,1,0,1,1,1,0,1,1,1,1,0,1,0,1
param_20122,real_003,0.7928501721734418,0.41115489594566157,0.034009872482896275,0.05444689446956363,0.6600736901773423,211.29056610288845,1,0,0,0,0,1,0,0,0,1,0,0,0,1
param_20122,real_004,0.7941500873059223,0.39161504336553377,0.039205458904104165,0.07481113915610313,0.41732413793103446,937.2906200433455,1,1,0,0,1,1,0,1,0,0,0,1,0,1
param_20122,real_005,0.8516029537461338,0.4764813817796194,0.1193474164751061,0.1623143212185618,0.4726677577741408,567.5268322225961,0,0,1,1,0,0,1,1,0,0,0,1,1,1
param_20123,real_001,0.7849422887796496,0.5188464689126352,0.11889648316024996,0.1489407053722118,1.136609558160505,221.96133132244344,0,1,1,1,0,1,1,0,0,1,0,1,1,1
param_20123,real_002,0.818128332540113,0.6015379371434553,0.13054944040836666,0.1699909144769383,0.8034108491059899,196.9262143649928,1,1,1,1,1,1,1,1,1,1,0,1,0,1
param_20123,real_003,0.7748827636061111,0.4371015688267299,0.053706300986717775,0.07941183337103441,0.8249304006879764,97.36880389609163,1,0,1,0,1,1,0,1,0,1,0,1,0,1
param_20123,real_004,0.7887942391159639,0.4329926694525868,0.08076843776669904,0.119127937028732,0.6443941109852774,653.7511954301287,1,1,0,1,1,1,1,1,0,0,0,1,1,1
param_20123,real_005,0.8719787524624932,0.558969893793609,0.19540578511650042,0.24342922825078223,0.5746262658736537,509.6046447065452,1,1,1,1,0,1,1,1,0,1,1,1,1,1
param_20124,real_001,0.7681035587203078,0.5768001033394551,0.15564158598483524,0.19657284622417392,1.1572559663605553,152.68894557925404,1,1,1,1,0,1,1,1,0,1,0,1,1,1
param_20124,real_002,0.8219392008043733,0.6862066464640225,0.18447380079568987,0.23670787288761463,0.6191622628692447,222.6641516587347,1,1,1,1,1,1,1,1,1,1,0,1,1,1
param_20124,real_003,0.7592186486769605,0.5306546402283452,0.09601697403451065,0.13977353337499043,0.6923758542417732,76.55954872516703,1,0,1,1,1,1,1,1,0,1,0,0,1,1
param_20124,real_004,0.7803673460277665,0.5569165324671873,0.13926940431275076,0.18632627216272252,0.8620040752726836,456.66614425774696,1,1,1,1,1,1,1,1,0,0,0,1,1,1
param_20124,real_005,0.8398078416973549,0.6482345560936267,0.22867081814614904,0.2777996601649039,0.5834620988035848,333.0705868890107,1,1,1,1,0,1,1,1,0,1,1,1,1,1
param_20125,real_001,0.807191040268651,0.6947197144855913,0.20076203638975293,0.2677971205561068,0.5548056537102474,54.90882598452559,1,1,1,1,1,1,1,1,1,1,1,1,1,1
param_20125,real_002,0.8386470220113725,0.7391452718696592,0.19807187184383374,0.2721230269494485,0.3131924180959837,138.58213577427273,1,1,1,1,1,1,1,1,1,1,1,1,0,1
param_20125,real_003,0.763492713067188,0.5790267851172781,0.12532733949068492,0.1896440659893485,0.5152572845193868,85.71317629759261,1,1,1,1,1,1,1,1,1,1,0,1,0,1
param_20125,real_004,0.8051329069694951,0.6309861338084705,0.18092130702012912,0.2541911162405047,0.3780994496230077,221.06582484141654,1,1,1,1,1,1,1,1,1,1,1,1,1,1
param_20125,real_005,0.8967879312088388,0.7814458868047508,0.3333170732653906,0.4000004936489286,0.23380283575894711,287.1242620807251,1,1,1,1,1,1,1,1,1,1,1,1,1,1
param_20126,real_001,0.836596211087858,0.3485577578268411,0.0293028463400303,0.04698197253314971,0.38822906596694745,505.30502332748,0,0,0,1,0,1,0,0,0,0,0,0,0,1
param_20126,real_002,0.860520219259887,0.38875257887182163,0.044442613597541786,0.0785588317438982,0.22759074459918852,487.51471112501685,0,0,0,0,0,1,0,1,0,0,0,1,1,0
param_20126,real_003,0.8440769656933703,0.3279402438620067,0.04384425962680005,0.06262882930623878,0.3286237326323695,858.799773276098,0,1,0,0,0,0,0,0,0,0,0,0,0,1
param_20126,real_004,0.8282566462971342,0.3258015733174631,0.025892933840843638,0.0422499015054358,0.24283252389158702,690.8060118354541,0,0,0,0,0,0,0,0,0,0,0,0,0,1
param_20127,real_001,0.8339965879253319,0.37093666818097903,0.03532200031898227,0.05778169381249357,0.5910813298794716,467.8405986934981,0,0,0,1,0,1,0,0,0,0,0,1,0,1
param_20127,real_002,0.8597812861761258,0.406709423811081,0.05795225480485713,0.09890851003388612,0.4297425075583873,446.6846988533046,0,0,0,0,0,1,0,1,0,0,0,1,1,1
param_20127,real_003,0.8395091418538456,0.3503440260852433,0.04609292451676504,0.06942569696378628,0.46419098143236076,790.0952051536747,0,1,0,0,0,1,0,0,0,0,0,0,0,1
param_20127,real_004,0.8181211019703692,0.3351211490458111,0.026145515691154184,0.04247787379366655,0.3346661668540964,649.5530596846406,0,0,0,0,1,0,0,0,0,0,0,0,0,1
param_20127,real_005,0.8582354651474366,0.38786616574193516,0.09759298219960283,0.14213685755374308,0.00895534997676678,940.2627036669192,0,1,0,0,0,0,0,0,0,0,0,0,0,1
param_20128,real_001,0.8247948736547146,0.38376191173056723,0.03748916430856729,0.0627104326358795,0.5329821299452536,459.0391275501634,0,0,0,1,0,1,0,0,0,0,0,0,0,1
param_20128,real_002,0.8493114955274919,0.4286861611944083,0.07127147281552658,0.11185698637114416,0.3805379126480044,469.73653189759636,0,0,0,0,0,1,0,1,0,0,0,1,1,1
param_20128,real_003,0.8314160629643342,0.3714819961095521,0.05171663627181134,0.07761043129289844,0.3975345412426574,790.2029264486076,0,1,0,0,0,1,0,0,0,0,0,0,0,1
param_20128,real_004,0.8096729833174195,0.36281167538407416,0.030763987501442314,0.04953279239163789,0.3021940418679549,636.6723143981333,0,0,0,0,1,0,0,0,0,0,0,0,0,1
param_20128,real_005,0.8527186126137762,0.4265274062959606,0.1288424379315773,0.17648805626579503,0.07518735073705016,858.2389510923936,0,1,0,0,0,0,0,0,0,0,0,0,0,1
param_20129,real_001,0.8158484992475308,0.47013740933354503,0.059077727317138534,0.09198244791478073,1.0694009161041467,309.39246471782064,1,1,1,1,1,1,1,1,0,1,0,1,0,1
param_20129,real_002,0.8436579894961962,0.48249639841557934,0.10007956671766519,0.14572501555284867,0.6426427276846398,58.58485699427735,1,1,1,1,1,1,1,1,0,1,0,1,0,1
param_20129,real_003,0.8212772857195567,0.4401866350538984,0.07698124782133582,0.11319870407841977,0.7586767815684012,533.8821103354873,1,1,1,0,1,1,1,1,0,0,0,1,0,1
param_20129,real_004,0.7643940285852205,0.40213116559240314,0.033105861422659304,0.062022381591001804,0.5269091122042633,404.9708410409178,1,0,1,0,1,1,1,1,0,0,0,1,0,1
param_20129,real_005,0.8261679708350365,0.45645140392270944,0.1297292928556671,0.18619853091648828,0.18026881175942938,876.8835769078262,1,1,1,0,1,0,1,1,0,0,0,1,0,1
param_20130,real_001,0.8066420523566125,0.5434669534493848,0.11175483902562153,0.15670595856740585,0.9283273044779843,289.19530373520877,1,1,1,1,1,1,1,1,0,1,0,1,1,1
param_20130,real_002,0.8415780140874773,0.6023231293028003,0.18190282167857666,0.23030454322429392,0.5974870377181638,167.4679398078504,1,1,1,1,1,1,1,1,0,1,0,1,1,1
param_20130,real_003,0.8174857644173963,0.5467129968888989,0.13701783980215648,0.1846134448420486,0.7128727802842745,501.6241318920714,1,1,1,1,1,1,1,1,0,0,0,1,1,1
param_20130,real_004,0.775334356528638,0.5277001021163827,0.09868428110277992,0.15327243606164992,0.6175778120184899,318.14463194932864,1,1,1,1,1,1,1,1,0,0,0,1,1,1
param_20130,real_005,0.8472260582733172,0.6329781475699668,0.2437073829439562,0.30269900671461936,0.29321435211005764,572.039410118493,1,1,1,1,1,0,1,1,0,0,0,1,1,1
param_20131,real_001,0.7945446347205327,0.6520384399093007,0.15295748339403978,0.223287458589883,0.4280846092057542,149.98078034423585,1,1,1,1,1,1,1,1,1,1,1,1,1,1
param_20131,real_002,0.8318206645413775,0.6795715535593484,0.21766883309192772,0.2864379564048946,0.25233038488553433,145.05301304689664,1,1,1,1,1,1,1,1,1,1,1,1,1,1
param_20131,real_003,0.8326829057941489,0.6593569990910809,0.19463047297916855,0.27051957389967396,0.3401961573967943,124.45424618252561,1,1,1,1,1,1,1,1,1,1,1,1,1,1
param_20131,real_004,0.7286237687423968,0.5746290548723535,0.13362106948649152,0.20690094014195398,0.39953907138247857,216.56537933004145,1,1,1,1,1,1,1,1,1,1,1,1,1,1
param_20131,real_005,0.8248879634239819,0.7053839839328905,0.27433721083142204,0.3423459925298996,0.14918410730860204,513.9583332898221,1,1,1,1,1,1,1,1,1,1,1,1,1,1
param_20132,real_002,0.8357906842280101,0.4076771842848323,0.0615773955830281,0.09372722623221531,0.27375058280233566,559.1369871057999,0,0,0,0,0,0,0,0,0,0,0,0,1,1
param_20132,real_003,0.8132490568496449,0.37001141288420775,0.03676332240956156,0.051893165407128204,0.17463966575375328,705.6468150040712,1,0,0,0,1,0,0,0,0,0,0,0,0,1
param_20132,real_004,0.8996166964744838,0.5414356587710323,0.25027175084949027,0.2788478888132385,0.0074022279018180065,400.9007126172076,0,0,0,0,0,0,0,0,0,0,0,0,1,1
param_20132,real_005,0.8340593992560302,0.4016192572168903,0.08751337088374879,0.10652141124294291,0.016741629185407298,682.1527688265563,0,0,0,0,0,0,0,0,0,0,0,0,1,0
param_20133,real_001,0.8199766452133985,0.39773655566436,0.0657939027580351,0.10521873224119785,0.8727736352045744,291.149899238262,0,1,1,1,1,0,1,1,0,0,0,1,0,1
param_20133,real_002,0.8291643348623878,0.43341059191811043,0.07206413695771045,0.10590589014939962,0.404115881668402,392.26843086812556,0,0,0,0,0,0,0,0,0,0,0,0,1,1
param_20133,real_003,0.7991765173246068,0.37504757600065297,0.03893813697909081,0.0552789532966257,0.12658616270464432,606.7541471922568,1,0,0,0,1,0,0,0,0,0,0,0,0,1
param_20133,real_004,0.9008791756492158,0.5896443361388257,0.2660204771198668,0.2998833092693951,0.03240477544059125,453.64238646694395,0,0,0,0,0,0,0,0,0,0,0,0,1,1
param_20133,real_005,0.8283612670559417,0.41759611772835614,0.11293814954849003,0.1348875075321676,0.13956955788927783,632.9450698603853,0,0,0,0,0,0,0,0,0,0,0,0,1,0
param_20134,real_001,0.8163661857811373,0.4130325529396226,0.07410773036812307,0.11635169000089021,0.7916924751769056,404.8802543541882,0,0,1,1,1,0,1,1,0,0,0,1,0,1
param_20134,real_002,0.823216886943174,0.4501239533486098,0.08336600153817042,0.12171012943096926,0.4309440909272822,429.83762057715535,0,0,0,0,0,0,0,0,0,0,0,0,1,1
param_20134,real_003,0.7920925138242565,0.3795869236171913,0.04308505230159142,0.06283018276870177,0.16190592164776285,630.9207701089616,1,0,0,0,1,0,0,0,0,0,0,0,0,1
param_20134,real_004,0.8950047131457947,0.6036614061502983,0.2865471956802537,0.32271275523842996,0.04026946752184581,403.3025653034801,0,0,0,0,0,0,0,0,0,0,0,0,1,1
param_20134,real_005,0.8303752312069784,0.4608934590068735,0.14031175225414572,0.16379148851571673,0.10782567645859709,599.713809198583,0,0,0,0,0,0,0,0,0,0,0,0,1,0
param_20135,real_001,0.8066997493710734,0.500058913183387,0.11950091098072393,0.16207025455054477,0.9083453382869563,105.82561891522667,0,1,1,1,1,1,1,1,0,1,1,1,0,1
param_20135,real_002,0.8029504276541896,0.5309826879087107,0.091178102621832,0.1295432437946439,0.7916314998927115,213.89602237949651,1,0,1,1,1,1,1,1,0,1,0,1,1,1
param_20135,real_003,0.7579960038505875,0.4324556410916564,0.048950439400445134,0.07401031749961973,0.0016281302018152438,392.49076026488495,1,0,1,0,1,0,0,1,1,0,0,1,1,1
param_20135,real_004,0.8948044606714567,0.6818485217857263,0.292140294303963,0.32601273140017417,0.18100614654422711,548.4390538139612,1,0,0,0,1,0,0,1,0,1,0,1,1,1
param_20136,real_001,0.8149807911271219,0.6013664638281463,0.1763498081843565,0.23352757053428472,0.6546867572437732,55.90083652627754,1,1,1,1,1,1,1,1,0,1,1,1,1,1
param_20136,real_002,0.8040712774443523,0.6220904421127242,0.15813965582411438,0.20135107011944353,0.815968978359078,219.09987631024654,1,0,1,1,1,1,1,1,0,1,0,1,1,1
param_20136,real_003,0.7651691681589022,0.5259779038384365,0.10938483948559444,0.1592882425916061,0.0954119254476997,372.244575282075,1,0,1,0,1,1,0,1,1,0,0,1,1,1
param_20136,real_004,0.8967275063168151,0.7591974061556428,0.3728583764343828,0.41703386358800826,0.3542447688176331,337.1931147279612,1,0,0,1,1,0,1,1,0,1,0,1,1,1
param_20136,real_005,0.8224283209490022,0.6556702071156562,0.260587307879767,0.29754683661162,0.5766494350884673,334.90664965968244,1,1,0,1,1,1,0,1,0,0,0,1,1,1
param_20137,real_001,0.8070425147519642,0.6712350011447503,0.20679728486188903,0.2812342103462089,0.3410037996668623,10.975613392963998,1,1,1,1,1,1,1,1,1,1,1,1,1,1
param_20137,real_002,0.794845461882144,0.6810450325047417,0.16560958136837545,0.2329344183456491,0.4675122659424846,143.18309828070136,1,1,1,1,1,1,1,1,1,1,1,1,1,1
param_20137,real_003,0.744644551363796,0.6011063291031347,0.1348735096498591,0.2112443017417473,0.22643847669562417,234.88071322988674,1,1,1,1,1,1,1,1,1,1,1,1,1,1
param_20137,real_004,0.9009916847413649,0.8269747815652554,0.36623142189672847,0.4445836134378872,0.15780681992729506,302.7277992067659,1,1,1,1,1,1,1,1,1,1,1,1,1,1
param_20137,real_005,0.8406830883523214,0.724115257088003,0.27155611700289917,0.3425170194946826,0.2863305022403531,159.79759315066994,1,1,1,1,1,1,1,1,1,1,1,1,1,1
param_20138,real_001,0.812456611868698,0.37742560252820617,0.03668549792841058,0.07999492604488759,0.2534212490669321,779.2948326836799,0,0,0,1,1,0,0,0,0,0,0,0,1,1
param_20138,real_002,0.8263001920030573,0.412821183340253,0.059771019132934027,0.08645239471157679,0.02085668446847322,539.6013263676174,0,0,0,0,0,0,0,0,0,0,0,0,1,1
param_20138,real_003,0.8109150678029425,0.40929842152654494,0.04742232085850591,0.06612252483987749,0.3261908656380059,612.4036956348208,1,0,0,0,1,0,0,0,0,0,0,0,0,1
param_20138,real_004,0.9018895197021314,0.5483344147403159,0.2679154818565293,0.3006726495876178,0.069493610504381,368.72993599519447,0,0,0,0,0,0,0,0,0,0,0,0,1,1
param_20138,real_005,0.8315282654686509,0.42560177505807656,0.08381242715179094,0.11174059426305177,0.3074094456674004,714.4885316905036,0,0,0,0,0,0,0,0,0,0,0,0,1,0
param_20139,real_001,0.8070556320971097,0.41387900285460005,0.06654391262581762,0.10924086680756379,0.5973241728439703,414.3391141062981,0,0,1,1,1,0,1,1,0,0,0,1,1,1
param_20139,real_002,0.8150757460545853,0.4332558082103414,0.07462266265507411,0.10511802521088759,0.22937962458920544,329.63123305885006,1,0,0,0,0,0,0,0,0,0,0,0,1,1
param_20139,real_003,0.7931893740425788,0.41183448997648014,0.04805770315493973,0.0667599055205377,0.24889632875453366,565.0667429673238,1,0,0,0,1,0,0,0,0,0,0,0,0,1
param_20139,real_004,0.8992604478108538,0.5782703167649274,0.2905079682035764,0.32911401980854743,0.029389122854684598,436.4992232104904,0,0,0,0,0,0,0,0,0,0,0,0,1,1
param_20139,real_005,0.8184199210339022,0.42833460758612446,0.12124009804955221,0.14812781336827313,0.13047998981453973,603.8313845302158,0,0,0,0,0,0,0,0,0,0,0,0,1,0
param_20140,real_001,0.8058285018434083,0.426160907749471,0.0717961021242401,0.1188304673175248,0.5399654564555475,553.247525065804,0,0,1,1,1,0,1,0,0,0,0,0,1,1
param_20140,real_002,0.8092968003713652,0.4512011060684243,0.08447903324793808,0.12093523724155117,0.2282709679969954,361.4661637414286,1,0,0,0,0,0,0,0,0,0,0,0,1,1
param_20140,real_003,0.7865902970841482,0.42051982885216893,0.05155431291589481,0.0725561519659861,0.27284142929806715,599.3266089972109,1,0,0,0,1,0,0,0,0,0,0,0,1,1
param_20140,real_004,0.8974504437276434,0.6017726269675254,0.31879134214055427,0.3557581556549726,0.023133613875715272,342.99026536246924,0,0,0,0,0,0,0,0,0,0,0,0,1,1
param_20140,real_005,0.8218802038108173,0.4711167741251052,0.15397073011965415,0.1785940122130647,0.15679522979697244,598.2113877579617,0,0,0,0,0,0,0,0,0,0,0,0,1,0
param_20141,real_001,0.7945994228486718,0.502929320217499,0.12751740576919712,0.17621331477443541,0.7121483510694342,101.67784810938147,0,1,1,1,1,1,1,1,1,1,1,1,1,1
param_20141,real_002,0.7921739499511274,0.5319165167962807,0.10007719437667337,0.13683784258298493,0.717358932469748,171.93504955473645,1,0,0,1,1,1,1,1,0,1,0,1,1,1
param_20141,real_003,0.7536872419430771,0.45396349572413436,0.05698136490688279,0.08419085510213357,0.11427236147682067,397.1495294656212,1,0,1,0,1,0,0,0,1,0,0,1,1,1
param_20141,real_004,0.8972084383403437,0.6726948179589329,0.32012130326501526,0.35413756630792237,0.16335952693408384,538.9340209827562,1,0,0,0,1,0,0,1,0,1,0,1,1,1
param_20142,real_001,0.8082008618971639,0.6137636442419516,0.18511404611904633,0.24522567100545634,0.5688266199649737,103.71312064643735,1,1,1,1,1,1,1,1,1,1,1,1,1,1
param_20142,real_002,0.7907528203188515,0.6215393713688233,0.1686048239327981,0.21174627015771946,0.838948348662474,188.60236953976593,1,1,0,1,1,1,1,1,0,1,0,1,1,1
param_20142,real_003,0.757774218019009,0.5483486751800917,0.11290184746157297,0.16358958411670269,0.021762059122357152,373.1285357591736,1,0,1,0,1,1,0,1,1,0,0,1,1,1
param_20142,real_004,0.8989252275004038,0.7633184664505863,0.42770887859617046,0.47264787200836894,0.2731582584657913,289.63498618499256,1,0,0,1,1,0,1,1,0,1,0,1,1,1
param_20142,real_005,0.8237529323543608,0.6801077766581782,0.28032877222621644,0.32499737098211606,0.5028654774504995,294.24362210604204,1,1,0,0,1,1,0,1,0,0,0,1,1,1
param_20143,real_001,0.8077798132479701,0.673857204687138,0.21521927184408934,0.28905101227347946,0.35736257042789704,21.354946607064726,1,1,1,1,1,1,1,1,1,1,1,1,1,1
param_20143,real_002,0.7913603122415545,0.6785058976796344,0.1682188271263456,0.2349820640119318,0.5259496322342713,155.30907367736046,1,1,1,1,1,1,1,1,1,1,1,1,1,1
param_20143,real_003,0.7492625952267297,0.6117502343747739,0.13980654437175347,0.21672363546324128,0.21724186487109245,283.2312895077916,1,1,1,1,1,1,1,1,1,1,1,1,1,1
param_20143,real_004,0.9061147019926803,0.8272137872767195,0.39150812222240317,0.4619891252537125,0.15473687030364724,313.13617255227166,1,1,1,1,1,1,1,1,1,1,1,1,1,1
param_20143,real_005,0.8362185619674173,0.7288474206967972,0.27478001912128264,0.34304366469938835,0.33189642988382284,189.7518934091891,1,1,1,1,1,1,1,1,1,1,1,1,1,1
param_20144,real_001,0.8068364837800219,0.3300874987315434,0.00820077826995097,0.028903027792091376,0.31299874242597464,296.26124118700824,0,1,0,0,0,1,0,1,0,1,0,0,1,1
param_20144,real_002,0.8206143949627906,0.3237877967600554,0.03158281032318081,0.04382909669634003,0.14995162850693325,869.4509917293517,0,0,0,0,0,1,0,0,0,1,0,0,1,1
param_20144,real_003,0.8072236707516595,0.3246572269529145,0.005111596080918843,0.02863420689288433,0.18348583782839423,942.6200185637578,1,1,0,0,0,1,0,1,0,1,0,1,0,0
param_20144,real_004,0.8107630765627414,0.31358247565977315,0.006017297055984809,0.023259456967531112,0.6026731747371302,370.2660198606324,0,0,0,1,0,1,0,1,0,1,0,0,0,0
param_20144,real_005,0.8445487876688399,0.34056131078889484,0.02486723852293269,0.060736181310901784,0.31807019110555457,376.8027115967856,0,1,0,1,0,0,1,1,0,1,0,0,0,0
param_20145,real_001,0.7995564213093487,0.3462904261074079,0.012911834894135223,0.040422879180311906,0.4752673086325277,223.0053277444651,0,1,0,0,0,1,0,0,0,1,0,0,1,1
param_20145,real_002,0.8163931573351637,0.3412911727572685,0.03452135186188402,0.052278405150539047,0.2592201204691958,866.4824891629565,0,0,0,0,0,1,0,0,0,1,0,0,1,1
param_20145,real_003,0.807030806533368,0.3458321886162402,0.01412074403317725,0.048965602554523396,0.41919140743743033,907.1475891652574,1,1,0,0,1,1,0,1,0,1,0,1,0,0
param_20145,real_004,0.8103726484327186,0.3378153150442526,0.014544208576815695,0.0399482371627958,0.9748225071526968,261.58252309592024,0,1,0,1,0,1,0,1,0,1,0,1,0,1
param_20145,real_005,0.8449126036111074,0.36303053765689086,0.039839793941210046,0.08080357514711857,0.5329032258064517,243.52559476736712,0,1,1,1,0,0,1,1,0,1,0,1,0,0
param_20146,real_001,0.788495213025967,0.3644581004626254,0.017180831745263504,0.04836994299668737,0.47463497594159615,232.486560317639,0,1,0,0,0,1,0,1,0,1,0,0,1,1
param_20146,real_002,0.8062895729937338,0.3566194799453771,0.03992038780994418,0.060620679436036384,0.26688362837361634,845.6800854022104,0,0,0,0,0,1,0,0,0,1,0,0,1,1
param_20146,real_003,0.7907127198804373,0.35261912762328135,0.014334529145036447,0.05270654580748015,0.39251257363157793,883.5038891322281,1,1,0,0,1,1,0,1,0,1,0,1,0,0
param_20146,real_004,0.7968665616805446,0.34865352631472357,0.016847493280535936,0.044050480921711904,0.86775664330046,243.1256909516768,0,1,0,1,0,1,0,1,0,1,0,1,0,1
param_20146,real_005,0.8328714142441684,0.37575525740248694,0.04179770197156325,0.0874527472749103,0.51458710066305,177.63259537007715,0,1,1,1,0,0,1,1,0,1,0,1,0,0
param_20147,real_001,0.7647927455676892,0.42099378492555883,0.047338700997985546,0.08019094367247255,0.7701804511278195,204.8455179695345,1,1,1,0,1,1,1,1,0,1,0,1,1,1
param_20147,real_002,0.7887867923123935,0.42816729217507854,0.05777753841660266,0.10022956036991003,0.5255290151352127,746.0400468334528,1,1,1,1,1,1,1,0,0,1,0,1,1,1
param_20147,real_003,0.8144651861637386,0.494820191910671,0.08644912950415463,0.13707914471466945,0.9198805815906188,680.5702823202041,1,1,1,1,1,1,1,1,0,1,0,1,0,1
param_20147,real_004,0.808077249948016,0.45498386589291145,0.06398539113884427,0.09967021393705056,1.3870592446751386,235.41783023638433,1,1,1,1,1,1,1,1,0,1,0,1,0,1
param_20147,real_005,0.8454236671020847,0.4738206838912616,0.1171763859895663,0.16627110853486723,0.677530641357827,355.4548191529938,1,1,1,1,1,0,1,1,0,1,0,1,0,0
param_20148,real_001,0.7668990218498827,0.5211943125033601,0.106580298022481,0.15571306787568653,0.9284036780023087,124.650122130799,1,1,1,0,1,1,1,1,0,1,0,1,1,1
param_20148,real_002,0.7875507139124843,0.5283631261689953,0.12544888182679775,0.17466877400417713,0.728513882160977,609.6971962877975,1,1,1,1,1,1,1,1,0,1,0,1,1,1
param_20148,real_003,0.7795002546443236,0.5382391159320434,0.11573371604875989,0.16937821334478798,0.8613426366927034,509.2956358411018,1,1,1,1,1,1,1,1,0,1,0,1,1,1
param_20148,real_004,0.7775818699276607,0.5236549859894191,0.09852991843853448,0.14475624450818989,1.064873673603941,204.03735461310754,1,1,1,1,1,1,1,1,0,1,0,1,1,1
param_20148,real_005,0.8315663821107114,0.5647403774113456,0.155254325864119,0.21570482801420565,0.6206454370592007,185.5295755858146,1,1,1,1,1,1,1,1,0,1,0,1,1,1
param_20149,real_001,0.7519364352672495,0.5936060956812085,0.1657610352412533,0.23954017803702882,0.38868186856888765,62.81307517880567,1,1,1,1,1,1,1,1,1,1,1,1,1,1
param_20149,real_002,0.772800218517803,0.6335824100833852,0.18807425298882363,0.2612592838708295,0.3087614141315494,396.59610533707445,1,1,1,1,1,1,1,1,1,1,1,1,1,1
param_20149,real_003,0.8172025866723005,0.7153268567966845,0.21650857920314265,0.28856769660836973,0.3237718754411918,372.25942107915876,1,1,1,1,1,1,1,1,1,1,1,1,1,1
param_20149,real_004,0.8134531956766539,0.6631434047431989,0.17774965554259872,0.25017724211425185,0.4329236945824867,73.68323862260249,1,1,1,1,1,1,1,1,1,1,1,1,1,1
param_20149,real_005,0.8729743213630363,0.7168471775599469,0.2822531318640614,0.3592901928301176,0.190014142752287,188.15981673200824,1,1,1,1,1,1,1,1,1,1,1,1,1,1
param_20150,real_001,0.7986444951663907,0.37755832035352554,0.02395273276557713,0.05054329887962499,0.07444699912788393,639.4036000483267,0,1,0,0,0,0,1,1,0,0,0,1,1,1
param_20150,real_002,0.8660473839137681,0.4360409549350998,0.10889526984516312,0.14587672310920893,0.23793739298415068,389.26122780323897,0,0,0,1,1,0,1,1,0,0,0,0,0,1
param_20150,real_003,0.8800178445781797,0.4410354591801354,0.12822419226616785,0.16432104451831495,0.02378516042476749,660.534150121023,0,0,0,0,0,1,0,0,0,0,0,0,0,1
param_20150,real_004,0.8302062582103811,0.39127872755317933,0.051006516657465736,0.08102377344100294,0.4971065116521558,265.1734731403672,0,1,0,0,0,1,0,1,0,0,0,1,1,1
param_20150,real_005,0.8438950844926255,0.32721876768064084,0.02641009630623647,0.04760745442319966,0.09715951431201508,1135.2657970164996,1,0,0,0,1,0,0,1,0,0,0,0,0,1
param_20151,real_001,0.7873828318476516,0.39689565053598064,0.03454065165435186,0.065295056070682,0.2051744043662317,507.85301225343335,0,1,0,0,0,1,1,1,0,0,1,1,1,1
param_20151,real_002,0.863660370969168,0.4708993599556133,0.13952681072867107,0.17924618346931628,0.4812925503737566,66.29119994103308,0,0,1,1,1,1,1,1,0,1,0,1,0,1
param_20151,real_003,0.8724344638705334,0.4588707864240365,0.14564208393412476,0.18406557622713313,0.10428194601455743,578.9926730489839,0,0,0,0,0,1,0,0,0,0,0,1,1,1
param_20151,real_004,0.825075932471587,0.42104081795993764,0.07899302510484146,0.1139331890153398,0.7958093032576989,367.06894820956876,0,1,0,0,0,1,1,1,0,0,0,1,1,1
param_20151,real_005,0.8309156683039924,0.3378108317403766,0.032485071149780165,0.06023452165570291,0.06110368924057137,1077.5116566793818,1,0,0,0,1,0,0,1,0,0,0,1,0,1
param_20152,real_001,0.7765314524086341,0.4038524364652946,0.03848519563601953,0.07045407789761202,0.20264969029593943,518.4995772739203,0,1,0,0,0,1,1,1,0,0,0,1,1,1
param_20152,real_002,0.8574101834944764,0.4904066212066182,0.14403803889650105,0.1887850869421506,0.40440333307851084,52.7091657605206,0,0,1,1,1,1,1,1,0,0,0,1,0,1
param_20152,real_003,0.8630269693700828,0.4719913057035018,0.1491360213472054,0.19196761333577125,0.07754193435004199,570.2466186545528,0,0,0,0,0,1,0,0,0,0,0,1,1,1
param_20152,real_004,0.8166643654886981,0.43021636714565725,0.08230625494060417,0.12066156027923824,0.739924972029046,419.60872071364963,0,1,0,0,0,1,1,1,0,0,0,1,1,1
param_20152,real_005,0.8258461084830065,0.36069059143293736,0.03879584573758718,0.07070455828659408,0.0135223039167373,1107.138026143251,1,0,0,0,1,0,0,1,0,0,0,1,0,1
param_20153,real_001,0.7727625876417611,0.4827313559336477,0.07839156272521229,0.12943327017680153,0.552485516839331,220.76260127204748,1,1,1,1,1,1,1,1,1,1,1,1,1,1
param_20153,real_002,0.8583929109482217,0.5780536767220517,0.20253338022983036,0.25043073907764213,0.5314158777718943,50.33734893041498,1,1,1,1,1,1,1,1,0,1,1,1,0,1
param_20153,real_003,0.862890652328935,0.5440302562141547,0.18263356718954513,0.23643129203174382,0.3712367565299486,445.7770322653515,1,1,1,1,1,1,1,1,0,1,1,1,1,1
param_20153,real_004,0.824460311408366,0.5391112644962672,0.16679176440207708,0.20123014684326307,0.8694689016819054,219.891099026032,0,1,0,1,0,1,1,1,0,1,1,1,1,1
param_20153,real_005,0.7913292092113053,0.3909518214320285,0.06013163582490206,0.10016922620910065,0.24709885169208337,863.6387522805255,1,1,1,0,1,1,1,1,0,0,0,1,0,1
param_20154,real_001,0.7724453970738026,0.5638437446913482,0.1326476636308774,0.19416953866719133,0.6800269342995479,228.11717678400646,1,1,1,1,1,1,1,1,1,1,1,1,1,1
param_20154,real_002,0.8510040404300735,0.6679913224938742,0.24331084243835494,0.29667567690858887,0.4563471097549141,92.7177854654484,1,1,1,1,1,1,1,1,0,1,1,1,1,1
param_20154,real_003,0.8630694115440363,0.6587690920664621,0.2339531093775481,0.3045275272164824,0.4443353509217761,361.3517320673722,1,1,1,1,1,1,1,1,0,1,1,1,1,1
param_20154,real_004,0.8051844567351566,0.5827422123571084,0.19000677775648353,0.23590447175349666,0.8571101646430614,307.3322392621463,0,1,1,1,0,1,1,1,0,1,1,1,1,1
param_20154,real_005,0.7891950061860302,0.5330415548556379,0.12017291555458806,0.18489780806935097,0.20891787538073078,938.3464003030452,1,1,1,1,1,1,1,1,1,1,0,1,1,1
param_20155,real_002,0.867779984458072,0.7701397799478148,0.28788674243447687,0.355691170958303,0.265813285173005,90.90434817164675,1,1,1,1,1,1,1,1,1,1,1,1,1,1
param_20155,real_003,0.870793863550227,0.7500704894626112,0.30850005177206485,0.3870486237466001,0.18575071355976558,207.96944833459648,1,1,1,1,1,1,1,1,1,1,1,1,1,1
param_20155,real_004,0.854625463084671,0.7247866298579396,0.2872058958631884,0.3569330115780111,0.3551415006932863,194.32253412786363,1,1,1,1,1,1,1,1,1,1,1,1,1,1
param_20155,real_005,0.7996102462056239,0.6178934200498687,0.2163098244092076,0.29342787530707104,0.31057905255766216,578.4901830020682,1,1,1,1,1,1,1,1,1,1,1,1,0,1
param_20156,real_001,0.8121388640554363,0.370501997277349,0.02498274462573902,0.05426375331544404,0.20051477401420775,506.84428741771904,1,1,0,0,1,1,0,1,0,0,0,0,1,1
param_20156,real_002,0.8051173820367582,0.4473784088509318,0.0373180845460901,0.06875304616208246,0.05939946308119205,452.39297902260023,0,0,0,0,0,0,0,0,0,1,0,1,1,1
param_20156,real_003,0.8464165359634396,0.37116264789843983,0.014033789845616255,0.05204949030207465,0.536641867510135,742.9505556203593,0,0,0,0,0,0,0,0,0,0,0,0,1,1
param_20156,real_005,0.8141108553496421,0.4785526172314167,0.08212730963525317,0.09649791265693068,0.4099489533728459,671.6096617370308,1,0,0,0,1,0,0,0,0,0,0,1,1,1
param_20157,real_001,0.7872146274677462,0.38441989533717896,0.035373069128871476,0.06730222094636601,0.03258186605232845,577.5144198780439,1,1,0,0,1,1,0,1,0,0,0,1,1,1
param_20157,real_002,0.7985699819284373,0.4499804793112183,0.07217043416850168,0.11240824754701763,0.1430535918343631,321.1267635465213,0,0,0,0,0,0,0,0,0,1,0,1,1,1
param_20157,real_003,0.8282386552946694,0.38461116528118716,0.06382367367484813,0.11538376409794202,0.17633410672853828,754.3991588349529,0,0,1,1,0,0,0,0,0,0,0,0,1,1
param_20157,real_004,0.8199332223153545,0.3665080237324064,0.10282515378783737,0.11275908676913973,0.9040033661937966,707.4202721913732,0,0,0,0,0,0,0,1,0,0,0,1,1,1
param_20157,real_005,0.8027563994697253,0.4870166658476618,0.09709858227216082,0.12141573723608812,0.22069481833097054,628.1886955878285,1,0,0,0,1,0,0,0,1,0,0,1,1,1
param_20158,real_001,0.7867903493516877,0.421877391866406,0.03954069919820234,0.07736226092506454,0.06201855899107878,605.5946357637358,1,1,0,0,1,1,0,1,0,0,0,1,1,1
param_20158,real_002,0.7894956264968088,0.46730431582130394,0.07305340997509745,0.11829387876534218,0.16295575525155973,249.44239309196638,0,0,0,1,0,0,0,1,0,1,0,1,1,1
param_20158,real_003,0.8226046048142673,0.40266477098717707,0.06597238411124703,0.11968328019754541,0.18566365611066651,608.2888871099409,0,0,1,1,0,0,0,0,0,0,0,0,1,1
param_20158,real_004,0.8183993437327274,0.3913669641430446,0.11433115023895542,0.127169920359913,0.9352725756989312,684.5669698749923,0,0,0,0,0,0,0,1,0,0,0,1,1,1
param_20158,real_005,0.7982342631389255,0.5007095765471301,0.1015049134243117,0.13161982790917848,0.19759212306926535,626.915571032001,1,0,0,0,1,0,0,0,1,0,0,1,1,1
param_20159,real_001,0.7660412853523669,0.483920098416636,0.07184599097230586,0.1131960549489695,0.5069740634005764,420.75556061665327,1,1,1,0,1,1,1,1,0,1,0,1,1,1
param_20159,real_002,0.8129235737014402,0.5550490988641821,0.17729111343079407,0.22045577591683366,0.4916385051187755,125.56794066654085,0,0,0,1,0,0,1,1,1,1,1,1,1,1
param_20159,real_003,0.8109656490807526,0.48331512349397093,0.15623425649500433,0.20415602250838366,0.4997161154023899,503.28825681021584,1,0,1,1,1,0,1,1,0,1,0,1,1,1
param_20159,real_004,0.7957107458768603,0.45075936277388723,0.10430322151039594,0.13093279018295226,0.9120998662505573,516.9908028872443,0,0,1,0,0,0,1,1,0,0,0,1,1,1
param_20159,real_005,0.7820699746083455,0.5548210481443493,0.13386088211959907,0.17606638923527343,0.005264869944459839,445.5366801165751,1,0,0,0,1,0,0,1,1,0,0,1,1,1
param_20160,real_001,0.7773668228020898,0.6098564581690108,0.13362592898964695,0.20218385139898593,0.5109861753176164,323.34176071064064,1,1,1,0,1,1,1,1,1,1,0,1,1,1
param_20160,real_002,0.8119236563776272,0.6478036685915921,0.2306301110161401,0.28546857439406104,0.6567721533182318,116.14440930568414,0,1,1,1,1,1,1,1,1,1,1,1,1,1
param_20160,real_003,0.7911588879192378,0.5818416942393339,0.18737290048022254,0.2392324794269057,0.6523061505115716,264.45565131529634,1,1,1,1,1,1,1,1,0,1,0,1,1,1
param_20160,real_004,0.7981609029847369,0.5651847292638087,0.1628469264465293,0.19992713585953886,1.161485774499473,322.55293593143233,0,1,1,1,0,1,1,1,0,0,0,1,1,1
param_20160,real_005,0.8060546914760353,0.6602765396576671,0.21392674067498574,0.2626457539851318,0.1495265914585012,347.1384995543594,1,1,0,0,1,0,0,1,1,0,1,1,1,1
param_20161,real_001,0.8047148616579561,0.6901246834022498,0.21867131737648277,0.2978014930230614,0.28883952770380145,134.14748810958503,1,1,1,1,1,1,1,1,1,1,1,1,1,1
param_20161,real_002,0.871236111420499,0.7755137598099854,0.3137792498060499,0.3870203140552607,0.37452123342344096,50.076709915506925,1,1,1,1,1,1,1,1,1,1,1,1,1,1
param_20161,real_003,0.834727201984738,0.6931950601341123,0.26402810714908115,0.33685485155479306,0.3431293094576515,129.62844764975216,1,1,1,1,1,1,1,1,1,1,1,1,1,1
param_20161,real_004,0.8101137719618592,0.6448836290790158,0.20235772993324871,0.26959665444313075,0.5111427720835282,103.5547433040197,1,1,1,1,1,1,1,1,1,1,1,1,1,1
param_20161,real_005,0.8371570389691498,0.7396528728661166,0.27906221527426955,0.35296852314792093,0.20618214395348983,225.68555076502543,1,1,1,1,1,1,1,1,1,1,1,1,1,1
