param_folder,realization,global_ssim,plume_ssim,iou_0.001,iou_0.0001,area_rel_err_1e-3_d365,centroid_err_m_d365,exceed_w500_+400_true,exceed_w500_+400_pred,exceed_w500_-400_true,exceed_w500_-400_pred,exceed_w1000_+400_true,exceed_w1000_+400_pred,exceed_w1000_-400_true,exceed_w1000_-400_pred,exceed_w1500_+600_true,exceed_w1500_+600_pred,exceed_w1500_-600_true,exceed_w1500_-600_pred,exceed_w1900_+0_true,exceed_w1900_+0_pred
param_20000,real_001,0.8332134240630431,0.38562933037112157,0.037330985158099336,0.056777423614626114,0.46876511188288567,538.0999501370056,0,0,0,0,0,0,0,0,0,1,0,0,0,1
param_20000,real_002,0.8257797508376621,0.3508417230810322,0.021921299256243844,0.045935927122268946,0.5240295953962717,772.1202240655007,0,1,0,1,0,1,0,1,0,1,0,1,0,1
param_20000,real_003,0.8380952178886758,0.38212261819844967,0.02763301449258503,0.05277629531834463,0.5623413669953505,95.88225982213608,0,1,0,1,0,0,0,0,0,1,0,0,0,1
param_20000,real_004,0.8209446500105386,0.36832985520145484,0.03214809272705584,0.05083275638962743,0.5040211499155781,927.7933953427288,0,0,0,0,0,0,0,0,0,0,0,0,1,1
param_20000,real_005,0.8626271633731873,0.38450479309274754,0.12719148642581715,0.15210146154821044,0.20590440074080607,358.4236378872275,0,1,0,0,0,0,0,0,0,0,0,0,0,1
param_20001,real_001,0.8303451892626732,0.40448794855778625,0.04590911246582568,0.0689979471726653,0.6803690415171707,491.9924781619281,0,0,0,0,0,0,0,0,0,1,0,0,0,1
param_20001,real_002,0.8225122872880195,0.3731041752992476,0.03657139626762081,0.06529125670525522,0.9203455687830688,716.4659924137267,0,1,0,1,0,1,0,1,0,1,0,1,0,1
param_20001,real_003,0.836423051236938,0.4059380948292846,0.04761377005762389,0.07443977573985897,0.8174723379191384,79.6366705266947,0,1,0,1,0,0,0,0,0,1,0,0,0,1
param_20001,real_004,0.8136401743580329,0.3788338206577555,0.03846580750616605,0.06008529121764114,0.6724027251454723,755.9646330892564,0,0,0,0,0,0,0,0,0,0,0,0,0,1
param_20001,real_005,0.8575448965395225,0.4011787247331318,0.12853173237648852,0.15620892845598022,0.25789063780947696,387.90226675454227,0,1,0,0,0,0,0,0,0,0,0,0,0,1
param_20002,real_001,0.8265503210070031,0.42716332943527824,0.051854758712039324,0.07829340203032321,0.6093975951348032,465.76702474092116,0,0,0,0,0,0,0,0,0,1,0,0,0,1
param_20002,real_002,0.8175559266243142,0.3924151832846727,0.04170690404118584,0.07429878862573557,0.9069655916556768,747.1499568544525,0,1,0,1,0,1,0,1,0,1,0,1,1,1
param_20002,real_003,0.8325902706749899,0.42786132521110676,0.051792057687365285,0.08016955494422084,0.7120326391426136,95.29013957439906,0,1,0,1,0,0,0,0,0,1,0,0,0,1
param_20002,real_004,0.8115379654610447,0.40033985414301027,0.04426118329575462,0.06719235133697744,0.6259079417312091,778.4896151509051,0,0,0,0,0,0,0,0,0,0,0,0,1,1
param_20002,real_005,0.8567824596354443,0.43106694576239435,0.14576588618484768,0.18008659663366333,0.2943575529598099,355.3914357916284,0,1,0,0,0,0,0,0,0,0,0,0,0,1
param_20003,real_001,0.8095199716112166,0.48013468910661794,0.06764917860559055,0.10158985304731466,0.9836335548560102,320.879967060242,1,1,1,1,1,1,1,1,0,1,0,0,0,1
param_20003,real_002,0.8160370904843545,0.476450680523101,0.07724479166878599,0.11315057686601364,1.2086506872523166,418.82282962494503,1,1,1,1,1,1,1,1,0,1,0,1,0,1
param_20003,real_003,0.8219520700740718,0.4879807128553171,0.08037248263578793,0.11298994675814963,1.19992795389049,89.77626388698758,1,1,1,1,1,1,1,1,0,1,0,1,0,1
param_20003,real_004,0.7758835891193242,0.4434182542259235,0.0563218719491456,0.08716580391933552,0.8003511671142326,472.5306193468658,1,0,1,1,1,1,1,0,0,1,0,1,0,1
param_20003,real_005,0.8209454269172882,0.4609464560249086,0.12630379359913804,0.16021329367936643,0.2950032729653066,466.803186657844,1,1,1,1,1,0,1,0,0,1,0,1,0,1
param_20004,real_001,0.8112714208827481,0.5857510880021196,0.12607029477828716,0.17508997672678958,0.7892853700848111,241.3813702121741,1,1,1,1,1,1,1,1,0,1,0,0,1,1
param_20004,real_002,0.8084687736243654,0.5572847749207923,0.12724909773414173,0.17410232932082326,0.9351161932866101,414.7371371457218,1,1,1,1,1,1,1,1,0,1,0,1,1,1
param_20004,real_003,0.8221750142761864,0.5851096126633021,0.13488634538945796,0.18263688726176508,0.8919114579498884,120.4212474388363,1,1,1,1,1,1,1,1,0,1,0,1,1,1
param_20004,real_004,0.7849199710054393,0.5521468982732921,0.10726459529587164,0.1528851216078202,0.862952140068266,412.2341269891987,1,1,1,1,1,1,1,1,0,1,0,1,1,1
param_20004,real_005,0.8600455273212201,0.645130256665169,0.23486845186381672,0.2907417203606265,0.32159658391836143,343.09910215708265,1,1,1,1,1,1,1,1,0,0,0,1,1,1
param_20005,real_001,0.7996382597790184,0.6669304097827892,0.1619519664387414,0.2325604424867133,0.3978490055292211,80.70594930593111,1,1,1,1,1,1,1,1,1,1,1,1,1,1
param_20005,real_002,0.8215027841845566,0.6807071130613455,0.18282927449345,0.2547737347009955,0.4402606717877352,163.4325841888865,1,1,1,1,1,1,1,1,1,1,1,1,1,1
param_20005,real_003,0.8141458566218779,0.6668829921277767,0.17607831355741357,0.24635405736134428,0.44664253581478247,61.03371921885512,1,1,1,1,1,1,1,1,1,1,1,1,1,1
param_20005,real_004,0.7544759104027275,0.6222726287067257,0.14884648994602948,0.22062516120541964,0.39678442858014523,155.63991979313954,1,1,1,1,1,1,1,1,1,1,1,1,1,1
param_20005,real_005,0.8117910536308246,0.6845983933732418,0.2253148613540446,0.3029190244837202,0.21382490158915293,348.05454936020374,1,1,1,1,1,1,1,1,1,1,1,1,1,1
param_20006,real_001,0.8643102154995802,0.524849798944555,0.14021910468709423,0.16639664275004468,0.9307904357856459,296.49970553064134,0,1,0,1,1,1,0,1,0,0,0,1,0,0
param_20006,real_002,0.8463273352877436,0.5163339511830771,0.16343652884001247,0.1984393590874614,0.5717289534237879,394.8845792250514,0,1,1,1,0,1,0,1,0,0,0,0,1,1
param_20006,real_003,0.8204462901673573,0.45934332335791017,0.05542376369754949,0.08498375147558082,1.2023008128504085,149.35656256713727,1,1,0,1,1,1,0,1,0,1,0,1,1,0
param_20006,real_004,0.8053713657739132,0.46209477376629265,0.060568671242531236,0.0830984912750559,1.1829686066755274,346.45836256441925,0,1,0,1,0,1,0,1,0,1,0,1,0,0
param_20006,real_005,0.7949784514294245,0.41033060695845835,0.040892417049578376,0.07212722510734947,0.9521903104148535,663.8482004686277,1,1,0,1,1,1,0,1,0,1,0,1,0,1
param_20007,real_001,0.867662527961522,0.5429350249267348,0.14352470512750043,0.17181453554669132,0.9255475779332909,297.033381886503,1,1,0,1,1,1,1,1,0,0,0,1,0,0
param_20007,real_002,0.8526758673039759,0.5296649794274985,0.18141677339600057,0.21433878969130515,0.6122592073215736,351.80794416147467,1,1,1,1,0,1,1,1,0,0,0,0,1,1
param_20007,real_003,0.822401417328329,0.4690311945392695,0.0635096855330721,0.09075098721865675,1.2472719336534264,195.82831694276396,1,1,0,1,1,1,0,1,0,1,0,1,1,0
param_20007,real_004,0.8090771571403447,0.47835419383069416,0.06680321579016696,0.09082540818157052,1.2859634739834989,309.60493135455226,1,1,1,1,0,1,1,1,0,1,0,1,0,0
param_20007,real_005,0.7897710630345028,0.4141161163012182,0.04260349315499277,0.07608197182119464,1.0154770740184276,557.6965113391018,1,1,1,1,1,1,0,1,0,1,0,1,0,1
param_20008,real_001,0.8607451312777771,0.5623216406116479,0.14585269993904096,0.17716199358914547,0.9458598165396059,304.129589026972,1,1,0,1,1,1,1,1,0,0,0,1,0,1
param_20008,real_002,0.8442308080092128,0.5442736616105323,0.18496421061172216,0.21628867786147063,0.6693194883587238,368.9846872836715,1,1,1,1,0,1,1,1,0,0,0,0,1,1
param_20008,real_003,0.8124347742789181,0.4761860936265714,0.06553303536613614,0.09523613472809092,1.2799105875674142,168.7209154585774,1,1,0,1,1,1,0,1,0,1,0,1,1,0
param_20008,real_004,0.7993960457316696,0.4937202740005975,0.07168926988238734,0.09773335060871309,1.2719829424307036,304.19860147725956,0,1,1,1,0,1,1,1,0,1,0,1,0,0
param_20008,real_005,0.7837628638811783,0.4357292463563548,0.04799357641796668,0.08469279174856313,1.0184593100280863,533.6335536267727,1,1,1,1,1,1,0,1,0,1,0,1,0,1
param_20009,real_001,0.8684081036162575,0.598944201137818,0.1496151021512136,0.18692751719415227,0.8276446047721985,265.28173816063946,1,1,1,1,1,1,1,1,0,1,0,1,0,1
param_20009,real_002,0.8672028747625261,0.5740500064866492,0.22686274587504263,0.26150573164988405,0.5878027983953258,297.4071477455877,1,1,1,1,1,1,1,1,0,0,0,1,1,1
param_20009,real_003,0.8269182481360388,0.5228201323914191,0.09515369264097448,0.12685419025878972,1.114042505996035,123.35780824393086,1,1,1,1,1,1,1,1,0,1,0,1,1,1
param_20009,real_004,0.8155588399902656,0.5500311019972837,0.09127548942193023,0.12168905558294267,1.2511735189381676,209.30549687487328,1,1,1,1,1,1,1,1,0,1,0,1,0,1
param_20009,real_005,0.7666453938808602,0.4430926526176109,0.05747089557803342,0.09694115516253944,1.027603301129482,424.3084188635744,1,1,1,1,1,1,1,1,0,1,0,1,0,1
param_20010,real_001,0.8595179389003266,0.6932280472912795,0.20095518629610562,0.2544319000483,0.6795906664902298,273.45001346475584,1,1,1,1,1,1,1,1,0,1,0,1,1,1
param_20010,real_002,0.838810608265035,0.6621729852199464,0.22923424763546169,0.26732762094529433,0.7267443863779934,226.50361684944306,1,1,1,1,1,1,1,1,0,1,0,1,1,1
param_20010,real_003,0.8103075047586973,0.6014912786977594,0.13874930210011896,0.1869876723313329,0.9885460074332695,119.20792392921587,1,1,1,1,1,1,1,1,0,1,0,1,1,1
param_20010,real_004,0.8041248525538376,0.6345083846877795,0.14598723814842773,0.19392967300060998,0.9611247574503404,126.26529876282672,1,1,1,1,1,1,1,1,0,1,0,1,1,1
param_20010,real_005,0.7657432758062981,0.5642084138696576,0.11509547983254967,0.16449139419804212,0.9806910918060181,193.92809987617318,1,1,1,1,1,1,1,1,0,1,0,1,1,1
param_20011,real_001,0.8642293603789891,0.7355413823111518,0.2077963186128176,0.27637128133028643,0.39091649463058015,271.6605257745081,1,1,1,1,1,1,1,1,1,1,1,1,1,1
param_20011,real_002,0.8882977935272867,0.7525664361812785,0.3155988020144961,0.3762659327555742,0.3028277035991897,115.20527323824668,1,1,1,1,1,1,1,1,1,1,1,1,1,1
param_20011,real_003,0.8416875584992934,0.6826845258631269,0.20662028379527686,0.27954664435744186,0.4369803981389673,165.14642755205787,1,1,1,1,1,1,1,1,1,1,1,1,1,1
param_20011,real_004,0.8117552261520842,0.6938967975426971,0.18075616064600028,0.24723880497191858,1.0323981119447674,870.0050014616376,1,1,1,1,1,1,1,1,1,1,1,1,0,1
param_20011,real_005,0.7609586918409866,0.6079002539162824,0.1468586724718706,0.2144433317883097,0.5324935209789062,148.31173670810813,1,1,1,1,1,1,1,1,1,1,1,1,1,1
param_20012,real_001,0.7913802468865017,0.43914598711598196,0.0673107638507573,0.10011717973617484,0.9815970056144728,500.11578783103033,1,1,1,1,1,1,1,1,0,1,0,1,1,1
param_20012,real_002,0.7909918095059298,0.4615743747605346,0.10461627353544366,0.12948589523765222,0.9032647279976218,345.29969140966637,0,0,1,0,1,1,1,1,0,1,0,1,1,1
param_20012,real_003,0.7838229042891368,0.4428004628505955,0.05214667524942002,0.09086850121695017,0.9585266963020859,438.6224021557067,1,1,0,0,1,1,1,1,0,1,0,1,1,1
param_20012,real_004,0.8238356389969687,0.45844554278108596,0.10643600522009429,0.13855784099795773,0.6823043223781061,384.45550176157747,1,1,0,1,1,1,1,0,0,0,0,1,0,1
param_20012,real_005,0.7720355538585157,0.43055715805687356,0.053558095800383586,0.08164600273935056,0.6727272727272727,915.4092222424708,1,0,1,1,1,1,1,0,0,0,0,0,1,1
param_20013,real_001,0.7945999161498825,0.4511345563752701,0.0732714704910775,0.10537194355601905,1.0573832267110683,468.50150049905164,1,1,1,1,1,1,1,1,0,1,0,1,1,1
param_20013,real_002,0.7927684075171354,0.46717291907746533,0.10343517938940051,0.12829272744847015,0.9106115702479339,253.04652630982218,0,0,1,0,1,1,1,1,0,1,0,0,1,1
param_20013,real_003,0.7836449668463378,0.4569435102799193,0.05904786023585085,0.09812537830424456,1.0411971007715688,425.38185319601394,1,1,0,1,1,1,1,1,0,1,0,1,1,1
param_20013,real_004,0.8206661745046477,0.4548638328473265,0.10281301169650424,0.13752564958166671,0.8060991797420102,361.3512413006989,1,1,0,1,1,1,1,1,0,0,0,1,0,1
param_20013,real_005,0.7730183254865703,0.43660580695147627,0.05776248675249715,0.08702010041058586,0.77608274689463,867.226374204307,1,0,1,1,1,1,1,1,0,0,0,0,0,1
param_20014,real_001,0.7902244129071039,0.466868450880383,0.08266897691994117,0.11490800796948326,1.079936240927898,421.6155038249547,1,1,1,1,1,1,1,1,0,1,0,1,1,1
param_20014,real_002,0.7895421829559206,0.4839520677940842,0.11425857447999227,0.1427939932831461,0.933411571789142,257.1449637090758,0,0,1,0,1,1,1,1,0,1,0,0,1,1
param_20014,real_003,0.7812131796806798,0.4709421606196135,0.07199116444109115,0.11273828261511973,1.0425835000303085,349.99871458879574,1,1,0,1,1,1,1,1,0,1,0,1,1,1
param_20014,real_004,0.8127292370262942,0.47006077520596096,0.11149709039480558,0.148424121029623,0.7508725360074718,404.9032520778309,1,1,0,1,1,1,1,1,0,0,0,1,0,1
param_20014,real_005,0.7678542772177229,0.45314175274730156,0.06607027242933008,0.09933623114221872,0.7719322428475158,826.9546669979576,1,0,1,1,1,1,1,1,0,0,0,0,1,1
param_20015,real_001,0.7990418197850773,0.4947721518377823,0.09992538822790703,0.13397981661792047,1.0122486160745567,340.9341418022194,1,1,1,1,1,1,1,1,0,1,0,1,1,1
param_20015,real_002,0.792764723619704,0.5002043607950831,0.106893940992216,0.14010919294154928,0.8531899356037974,184.71469678601102,1,1,1,1,1,1,1,1,0,1,0,1,1,1
param_20015,real_003,0.7855879380362433,0.4955816597623794,0.08807184562354221,0.12907193777757922,0.9355737684151857,452.639688830021,1,1,1,1,1,1,1,1,0,1,0,1,1,1
param_20015,real_004,0.8173325380763247,0.492470344206939,0.12008985277592021,0.16081175013201393,0.8435901020550818,284.49837809983376,1,1,1,1,1,1,1,1,0,1,0,1,0,1
param_20015,real_005,0.7571255126233261,0.4524580854349251,0.05809505548667544,0.0936992452985581,0.6511184088233472,735.1330445608481,1,0,1,1,1,1,1,1,1,1,0,1,0,1
param_20016,real_001,0.7950990640852649,0.6021426736392013,0.15364555628397222,0.2046731180299347,0.8167229999893375,225.20097593549104,1,1,1,1,1,1,1,1,1,1,1,1,1,1
param_20016,real_002,0.7958777094798374,0.6105884539226882,0.16669258772782025,0.2175106429657047,0.7229023087977677,113.50305184963375,1,1,1,1,1,1,1,1,0,1,0,1,1,1
param_20016,real_003,0.7876683347431453,0.6129940711147807,0.1566660760978182,0.21491473329437927,0.5461218405336302,265.1704425711409,1,1,1,1,1,1,1,1,1,1,0,1,1,1
param_20016,real_004,0.8115091383375816,0.6047129119578273,0.17575240584508836,0.23154556863969158,0.571239035895924,308.0704257081007,1,1,1,1,1,1,1,1,1,1,0,1,1,1
param_20016,real_005,0.771191944698701,0.5932659706490577,0.13461406451111121,0.18569941009050658,0.5056823644789724,421.35650077131504,1,1,1,1,1,1,1,1,1,1,0,1,1,1
param_20017,real_001,0.8055074918686614,0.6375498469873833,0.18825768422329803,0.25222913482093234,0.5329671493423515,143.46949791151667,1,1,1,1,1,1,1,1,1,1,1,1,1,1
param_20017,real_002,0.7991281762258384,0.6356219210080024,0.1717939236309533,0.23553170440412521,0.46640833850889746,62.36808767581146,1,1,1,1,1,1,1,1,1,1,1,1,1,1
param_20017,real_003,0.7966032930925521,0.6418438431105055,0.18700736318033692,0.25585597521568615,0.4182127158503215,201.27374820203988,1,1,1,1,1,1,1,1,1,1,1,1,1,1
param_20017,real_004,0.8476980991716253,0.6897178850347794,0.22594915316819436,0.2966629383639194,0.31885711956632495,164.88708494912402,1,1,1,1,1,1,1,1,1,1,1,1,0,1
param_20017,real_005,0.7485080990585163,0.5993817755785459,0.1357333202623133,0.2041387225876952,0.3399147592738753,302.57485391366043,1,1,1,1,1,1,1,1,1,1,1,1,1,1
param_20018,real_001,0.8613824271490814,0.4106111706870266,0.07818515897125085,0.10665052707596889,0.7544322641764786,371.4956271123628,0,0,0,0,0,0,0,0,0,0,0,0,0,1
param_20018,real_002,0.8685903426176008,0.4570955979122349,0.14741514523615046,0.16380991548453858,0.500992720052945,365.50038457592643,0,0,0,0,0,1,0,0,0,0,0,0,1,1
param_20018,real_003,0.8533428694040759,0.40564201935450983,0.0672710101765568,0.08227124434798108,0.5598329723332515,314.4858788216329,0,0,0,0,0,1,0,0,0,0,0,0,1,1
param_20018,real_004,0.8166262800807205,0.3729071684012974,0.0685875351929667,0.08039985267191194,0.4027975449208326,188.1755271523782,0,0,0,0,0,0,0,0,0,1,0,0,1,0
param_20018,real_005,0.8190704046948304,0.3279943073271687,0.02703149544677814,0.051779756449936584,0.496009173280572,586.6121543505095,0,1,0,1,0,1,0,0,0,0,0,0,1,1
param_20019,real_001,0.8581750815752257,0.43260621970768726,0.07878335869332069,0.10634652826056047,0.8277734035058638,322.63885765292963,0,1,0,1,0,0,0,0,0,0,0,0,0,1
param_20019,real_002,0.8705079338962526,0.48149011222295907,0.15399939009666416,0.16740611103571268,0.7372170467478818,292.476860027864,0,1,0,0,0,1,0,0,0,0,0,0,1,1
param_20019,real_003,0.8520916116351381,0.42396737007044194,0.06901702244381261,0.0850886351731757,0.7825611617640992,256.24443484124413,0,0,0,0,0,1,0,1,0,0,0,0,1,1
param_20019,real_004,0.8158742002986008,0.4067603802363929,0.0711743424924814,0.08757888630943488,0.5929136440018034,170.4428853027176,0,0,0,1,0,0,0,0,0,1,0,0,1,0
param_20019,real_005,0.8170187892576739,0.3601664828944684,0.04122385676101637,0.07051376793581707,0.7047354913486216,568.0936013859726,0,1,0,1,0,1,0,0,0,1,0,0,0,1
param_20020,real_001,0.8538192484002692,0.4584998366897397,0.09057255087174595,0.11891021875500435,0.7766273973704314,320.9273197585117,0,1,0,0,0,0,0,0,0,0,0,0,0,1
param_20020,real_002,0.8667999648454128,0.5074066972470644,0.17027643775068999,0.1862382533984627,0.7170534689191406,332.28064359209895,0,1,0,0,0,1,0,0,0,0,0,0,1,1
param_20020,real_003,0.8483170292420513,0.4484876472617505,0.0767680760799232,0.09532212285942475,0.7515919728410437,270.08047600174973,0,0,0,0,0,1,0,1,0,0,0,0,1,1
param_20020,real_004,0.8089018840573261,0.4298108072957024,0.07779824456280617,0.09804126835162999,0.5510252742012398,172.20040648161958,0,0,0,1,0,0,0,0,0,1,0,0,1,0
param_20021,real_001,0.8362238691028733,0.5208914511650208,0.08742316083302643,0.11767952200292858,1.0922129965980512,180.41094909597734,1,1,1,1,1,1,1,1,0,1,0,1,0,1
param_20021,real_002,0.8664983778769627,0.5445474919220572,0.19340838947778025,0.2269491382332685,0.7264381344710902,245.22316086617457,1,1,1,1,1,1,1,1,0,0,0,1,1,1
param_20021,real_003,0.8204171183287059,0.465776531503637,0.07890646347144599,0.10933500026743653,0.8846891815860467,196.36790425715697,1,1,1,1,1,1,1,1,0,1,0,1,1,1
param_20021,real_004,0.8069571781865286,0.5061487750626406,0.09120779128875302,0.12405248492185308,1.0477914136971287,152.59054109962142,1,1,1,1,1,1,1,1,0,1,0,1,1,1
param_20021,real_005,0.8043426963973331,0.4753947475900192,0.08948259949873187,0.1315968912138462,0.8955842639223415,373.5723035887741,1,1,1,1,1,1,1,1,0,1,0,1,0,1
param_20022,real_001,0.8380283773707489,0.6188453324019565,0.1518773189596412,0.19957553344056453,0.8006860222957246,35.49394014500206,1,1,1,1,1,1,1,1,0,1,0,1,1,1
param_20022,real_002,0.8559392844285867,0.6433349535215354,0.22066044684832903,0.255541289521555,0.7955474322849238,139.3223215294925,1,1,1,1,1,1,1,1,0,1,0,1,1,1
param_20022,real_003,0.8268978016761414,0.5882396486991306,0.1422792223035398,0.18881679763935402,0.8256069270943172,40.3734242204297,1,1,1,1,1,1,1,1,0,1,0,1,1,1
param_20022,real_004,0.8065492596190037,0.6060803672736609,0.1595785614088106,0.20339409900433625,0.8755885004507663,154.16282115735132,1,1,1,1,1,1,1,1,0,1,0,1,1,1
param_20022,real_005,0.7986689223489297,0.5570197707612775,0.14501109323942452,0.19043508194752964,0.8143593362146089,279.2191472718229,1,1,1,1,1,1,1,1,0,1,0,1,1,1
param_20023,real_001,0.8245251371315118,0.7012207276676109,0.1651867780565038,0.23381234680028704,0.41642790070546315,90.13585380001473,1,1,1,1,1,1,1,1,1,1,1,1,1,1
param_20023,real_002,0.8857740374433678,0.7563751129245918,0.31803809599137667,0.37790576495418465,0.2901402746585177,14.963735263272017,1,1,1,1,1,1,1,1,1,1,1,1,1,1
param_20023,real_003,0.7978489979916391,0.6291481947357088,0.1690513831481306,0.23816289556392722,0.40168903762443464,17.53039662811671,1,1,1,1,1,1,1,1,1,1,1,1,1,1
param_20023,real_004,0.8099421934117275,0.6915272941455473,0.19369153034419034,0.26254521168977923,0.3863343621649209,92.36381837894241,1,1,1,1,1,1,1,1,1,1,1,1,1,1
param_20023,real_005,0.8065167093424849,0.6914464110862033,0.2198126287544749,0.29140086690363665,0.339845968741793,127.44924914925159,1,1,1,1,1,1,1,1,1,1,1,1,1,1
param_20024,real_001,0.8113162672975177,0.4278743461943298,0.0941121594403964,0.12402193450432948,0.7460679666578659,335.258721686582,0,1,0,0,0,0,0,0,0,0,0,0,1,1
param_20024,real_002,0.8302262871975475,0.5107539163326033,0.165707735835655,0.18158129398559808,1.030076013884617,167.85071219615884,0,1,0,0,0,1,0,1,0,0,0,0,1,1
param_20024,real_003,0.8123565214186711,0.4343346976092218,0.07771536601278899,0.10211279812134602,0.646624600574364,257.7676703559046,0,0,0,0,1,1,0,0,0,0,0,0,1,1
param_20024,real_004,0.7816873114531682,0.41010099522188076,0.07154412953135335,0.10123344729384871,0.5276690677405328,335.1612926564211,0,0,0,1,0,0,0,0,0,1,0,1,1,0
param_20024,real_005,0.7954491654828069,0.37608964465834793,0.07515253178531642,0.10157801606226607,0.6272929228816249,703.4128374976798,0,1,0,1,0,1,0,0,0,0,0,0,1,1
param_20025,real_001,0.8073639531847386,0.4483411699500807,0.09557156574303467,0.12503496546896317,0.9016795975786512,247.23095532708498,0,1,0,0,1,0,1,0,0,1,0,1,1,1
param_20025,real_002,0.8312996966246579,0.5324708249887936,0.16818173842877823,0.18473752691183293,1.2360608254887762,87.04217495057804,0,1,0,1,0,1,0,1,0,0,0,1,1,1
param_20025,real_003,0.8134867574047862,0.45993534277089426,0.08665052718388781,0.11331071985464135,0.8866032779607088,228.0802556274355,1,0,0,0,1,1,0,1,0,0,0,0,1,1
param_20025,real_004,0.7766761428626897,0.4299651636169079,0.07622803333484988,0.10926645753540991,0.6988691381933877,274.64037900187805,0,1,0,1,1,0,0,1,0,1,0,1,1,0
param_20025,real_005,0.7934757341792167,0.40357949361660034,0.08793779688211535,0.11675106499784402,0.8600299976924852,599.8758658777915,0,1,0,1,1,1,0,0,0,1,0,0,1,1
param_20026,real_001,0.8013275238827988,0.46319761173414137,0.10349957030455116,0.13437796134377872,0.8892493283998175,241.05201980559642,0,1,0,0,1,0,1,1,0,0,0,1,1,1
param_20026,real_002,0.8271324662110205,0.5536936185506406,0.17813962605626632,0.19452208193839063,1.2531653117608474,108.39648381036042,0,1,0,1,0,1,0,1,0,0,0,1,1,1
param_20026,real_003,0.8105678669434271,0.4744497936831767,0.0912180823824825,0.12047572286894179,0.8926611359285258,217.18180887573277,1,0,0,0,1,1,0,1,0,0,0,0,1,1
param_20026,real_004,0.7714562061227186,0.46034754317590215,0.08091210249958242,0.11705947525724295,0.6684368703254671,270.3899229248368,0,1,0,1,1,0,0,1,0,1,0,1,1,0
param_20026,real_005,0.7903830413040768,0.4295868625147253,0.09549789995711593,0.12687923734780024,0.8643029692047248,573.0223157623471,0,1,0,1,1,1,0,0,0,1,0,0,1,1
param_20027,real_001,0.7971979270260584,0.5139092933549485,0.10213586640339094,0.13799154468758135,0.9251328268533691,97.31840016246264,1,1,1,1,1,1,1,1,1,1,1,1,1,1
param_20027,real_002,0.8393455826024385,0.5991591878065643,0.19931662000942282,0.2248609337878538,0.9709313906832475,91.52056506680943,1,1,1,1,1,1,0,1,0,1,0,1,1,1
param_20027,real_003,0.8036727702038149,0.5152779186522426,0.1074903493398469,0.14289585751223452,0.8473123230900497,116.32989240381269,1,1,1,1,1,1,0,1,0,1,0,1,1,1
param_20027,real_004,0.772129445635227,0.507767443026837,0.10600824659283523,0.14316559535367104,0.852949448975939,165.73044140272654,1,1,1,1,1,1,1,1,1,1,1,1,1,1
param_20027,real_005,0.7873612799077315,0.4968973408925943,0.11840347507173128,0.1584960470388232,0.8289980397336262,324.1688117544731,1,1,1,1,1,1,0,0,0,1,0,1,1,1
param_20028,real_001,0.8035800931497848,0.6205645365355793,0.16383166855279396,0.2161906184612658,0.7816179876964846,6.158562103707173,1,1,1,1,1,1,1,1,1,1,1,1,1,1
param_20028,real_002,0.8270865621971265,0.6714586032771771,0.21709305220363995,0.2509617385924127,1.04075957612045,65.81513532168547,1,1,1,1,1,1,1,1,0,1,0,1,1,1
param_20028,real_003,0.8083501530803904,0.6073960122800147,0.16640375993661746,0.21527514972470363,0.8470900386456711,6.792816348214207,1,1,1,1,1,1,1,1,1,1,0,1,1,1
param_20028,real_004,0.7879790018474335,0.639595819222597,0.17461475318305786,0.22551528511382934,0.7885947092559962,156.02482521821605,1,1,1,1,1,1,1,1,1,1,1,1,1,1
param_20028,real_005,0.7902305180048437,0.6018322207978946,0.1747209188812997,0.22339314555483195,0.8305130336968748,277.3185852450872,1,1,1,1,1,1,1,1,0,1,0,1,1,1
param_20029,real_001,0.8256165936677559,0.7030142159365518,0.1852855822495019,0.25789140199960814,0.42445845900740337,114.15836744584199,1,1,1,1,1,1,1,1,1,1,1,1,1,1
param_20029,real_002,0.8675771532314862,0.7580151112552055,0.29877514307356706,0.3582122596163322,0.40933826519743594,87.09341701876778,1,1,1,1,1,1,1,1,1,1,1,1,1,1
param_20029,real_003,0.8087895708952161,0.6578501772591453,0.1937600836284832,0.26441281876144285,0.41928297166611694,88.21076472674208,1,1,1,1,1,1,1,1,1,1,1,1,1,1
param_20029,real_004,0.808393578557838,0.7041493590256341,0.20947025835512761,0.2831046665348763,0.3807552829937914,96.12760763569112,1,1,1,1,1,1,1,1,1,1,1,1,1,1
param_20029,real_005,0.811712349817996,0.7018970883540867,0.24081834560538617,0.31203253598936953,0.3130718544085347,90.22738236651114,1,1,1,1,1,1,1,1,1,1,1,1,1,1
param_20030,real_001,0.7753511673422967,0.4266985288505671,0.09868738756166184,0.12829910684217188,0.46245760500913125,241.05188780600753,0,1,0,0,1,0,0,0,0,0,0,1,1,1
param_20030,real_002,0.7968732209223404,0.4934878358892206,0.17925801886140622,0.19498757494730998,0.9194337875380342,219.90698158596788,0,1,0,0,0,1,0,1,0,0,0,0,1,1
param_20030,real_003,0.782191061931252,0.42175085275410445,0.08688088535872701,0.11291062924193852,0.4122622373607869,487.32887005473845,0,0,0,0,1,1,0,0,0,0,0,0,1,1
param_20030,real_004,0.7682481203478574,0.4402258847069816,0.09723743591807671,0.13509321683287248,0.1952251835196085,323.81027479383704,0,0,0,1,1,0,0,0,0,1,0,1,1,0
param_20030,real_005,0.7854659077640486,0.3996027080447051,0.1151497431385231,0.13932223343450853,0.38659967203464657,622.47983409422,0,1,0,0,0,0,0,0,0,0,0,0,1,1
param_20031,real_001,0.7705179758270079,0.4506097945178446,0.10215469248807633,0.13538312299568264,0.7200899481421426,173.40239832502786,0,1,0,1,1,0,1,1,0,1,0,1,1,1
param_20031,real_002,0.7969536304317829,0.5181479179552079,0.18551667893205598,0.2003508211631909,1.216415790968475,115.63806002103583,0,1,0,1,1,1,0,1,0,1,0,1,1,1
param_20031,real_003,0.7794529200752516,0.44344083348288393,0.09685584384715552,0.124983421919893,0.6615611347965682,409.81407228733667,0,0,0,0,1,1,0,0,0,0,0,0,1,1
param_20031,real_005,0.7788507150502427,0.4206331672992405,0.12085427843086922,0.15019530677334195,0.6940937257939582,545.6936543415954,1,1,0,0,1,0,0,0,0,0,0,0,1,1
param_20032,real_001,0.7641809362215399,0.462577114009983,0.10790689298226828,0.1436591845445012,0.747197232883778,151.110795102888,0,1,0,1,1,0,1,1,0,1,0,1,1,1
param_20032,real_002,0.7916228982858473,0.5421932458876786,0.19598246754471077,0.21097512253764905,1.2536382953133143,155.6956576061977,0,1,0,1,1,1,0,1,0,1,0,1,1,1
param_20032,real_003,0.7773593602220741,0.45881542129363184,0.10144721690392319,0.13200806424892098,0.6705522743757124,382.26602178517913,0,0,0,0,1,1,0,0,0,0,0,0,1,1
param_20032,real_004,0.7577431207868253,0.48815483642966945,0.11121884047546336,0.15200528947759565,0.36905872791306704,256.04225556366947,0,1,0,1,1,0,1,1,0,1,0,1,1,0
param_20032,real_005,0.7778121362354146,0.45075243486240196,0.12926083812145786,0.16052554372898784,0.7367524638790547,541.5800541219762,1,1,0,1,1,0,0,0,0,0,0,0,1,1
param_20033,real_002,0.808406461846627,0.5931908943211436,0.21323616370932444,0.23221831442724977,1.1859217123319177,53.993450400317535,1,1,0,1,1,1,0,1,0,1,0,1,1,1
param_20033,real_003,0.775277118386425,0.5076173386455124,0.12107434940313627,0.15376187741907377,0.8687319255742894,169.64133414532085,1,1,0,1,1,1,0,1,0,1,0,1,1,1
param_20033,real_004,0.7503851500173611,0.5172543938266707,0.1283562579963861,0.16623086293801595,0.7298225029333201,144.62744230706863,0,1,0,1,1,1,1,1,1,1,1,1,1,1
param_20033,real_005,0.7718191354884257,0.5044033603468854,0.1365382399656991,0.17821557339523791,0.8959810874704491,334.2947787023774,1,1,0,1,1,1,0,0,0,1,0,1,1,1
param_20034,real_001,0.7872015600794512,0.627741340458388,0.17998974921536257,0.2354329712045671,0.7582340787554691,62.13448829713188,1,1,1,1,1,1,1,1,1,1,1,1,1,1
param_20034,real_002,0.797282873021639,0.6611584827397101,0.21763278971526823,0.2504308474393973,1.268443933000895,84.96315964033117,1,1,0,1,1,1,1,1,0,1,0,1,1,1
param_20034,real_003,0.7890567246134903,0.6064931333438444,0.18323624754058657,0.23026984046004476,0.8952690093534049,34.14477350053582,1,1,1,1,1,1,0,1,1,1,0,1,1,1
param_20034,real_004,0.7841138804921607,0.6588382628000042,0.20109099703799774,0.2556257678744131,0.7124575911789652,148.12707105308112,1,1,1,1,1,1,1,1,1,1,1,1,1,1
param_20034,real_005,0.7878415854583257,0.6315871189961583,0.20260475556953847,0.2522077172645173,0.8227634989462465,260.03971611446354,1,1,1,1,1,1,0,1,0,1,0,1,1,1
param_20035,real_001,0.81687170905544,0.6991281187573952,0.20215140028814985,0.27385268562623577,0.4957562067589593,125.78037401358186,1,1,1,1,1,1,1,1,1,1,1,1,1,1
param_20035,real_002,0.8488476344312262,0.7483315451230851,0.28632371290185754,0.3457412463322782,0.5194156416607195,122.16485957210702,1,1,1,1,1,1,1,1,1,1,1,1,1,1
param_20035,real_003,0.808468808895722,0.669730121744927,0.21183432172734074,0.2810786745057157,0.4853752795902431,129.15404236885473,1,1,1,1,1,1,1,1,1,1,1,1,1,1
param_20035,real_004,0.8070759520497135,0.7138017775269523,0.22834140840061234,0.3053159302135878,0.42484937416741614,93.67400540094366,1,1,1,1,1,1,1,1,1,1,1,1,1,1
param_20035,real_005,0.8113576157494344,0.7097427713848719,0.24793360415465687,0.3170248838323303,0.3779829274279325,92.42240612793745,1,1,1,1,1,1,1,1,1,1,1,1,1,1
param_20036,real_001,0.8339304056123262,0.3751334614731368,0.029182438363524646,0.05869951265591311,0.776011053601193,438.79604439642844,0,0,0,1,0,1,0,0,0,1,0,0,1,1
param_20036,real_002,0.8131988794474079,0.38060735228648995,0.02642935543950846,0.04749067841402918,0.9473801809853648,343.4052596019581,0,1,0,1,0,1,0,1,0,1,0,0,1,1
param_20036,real_003,0.8614243366506337,0.39000373639901303,0.08365600416394965,0.10328416895598368,0.7272645860385976,284.838182620226,0,1,0,0,0,1,0,0,0,0,0,0,1,1
param_20036,real_004,0.842583099215016,0.3559376881395881,0.04559435313513026,0.08249901784198375,0.253498805830227,301.09296240649206,0,1,0,1,0,1,0,1,0,0,0,0,0,1
param_20036,real_005,0.8525885424763602,0.3979704509112014,0.08482421284337338,0.10757888392584337,0.4534866229719566,498.6051134470114,0,1,0,1,0,1,0,1,0,1,0,0,0,0
param_20037,real_001,0.8360164123689594,0.40820022657664795,0.0417504044036354,0.0727218575007621,1.0501465917419985,359.53122110392934,0,1,0,1,0,1,0,1,0,1,0,1,1,1
param_20037,real_002,0.8128025901507603,0.4122090361455074,0.03636130083180553,0.06250949192673318,1.2159020777617775,289.8357750302784,0,1,0,1,0,1,0,1,0,1,0,0,1,1
param_20037,real_003,0.8599625049686039,0.4197428145190768,0.08607282787108195,0.10866528059040277,0.8879419651208713,316.755635962862,0,1,0,0,0,1,0,0,0,0,0,0,1,1
param_20037,real_004,0.8431670040441729,0.38888820630543514,0.0697119615582829,0.11174501379059444,0.5182683198088726,251.15088849479173,0,1,0,1,0,1,0,1,0,0,0,0,0,1
param_20037,real_005,0.8582442200383449,0.4371147940230516,0.10122923354249869,0.12613158875824731,0.7230693167210521,455.8931940721709,0,1,0,1,0,1,0,1,0,1,0,0,0,0
param_20038,real_001,0.8275092535662029,0.4243912854077464,0.04395608142639655,0.07887869305222647,0.9800891061782913,361.7410678119659,0,1,0,1,0,1,0,1,0,1,0,1,1,1
param_20038,real_002,0.8010975031542772,0.4210885998542642,0.03598897396170187,0.06545199148828165,1.1718014934037995,303.00450855750466,0,1,0,1,0,1,0,1,0,1,0,0,1,1
param_20038,real_003,0.8523092632752471,0.4328791809738714,0.09467665729787164,0.1183167315060567,0.8452615495959149,284.06417007318805,0,1,0,0,0,1,0,0,0,0,0,0,1,1
param_20038,real_004,0.8351186946630932,0.3993499551183348,0.07141782770555286,0.11417927646670449,0.47901323274055446,283.01708880355125,0,1,0,1,0,1,0,1,0,0,0,0,0,1
param_20038,real_005,0.8475006523887558,0.444462914299342,0.10138004521980969,0.12838338415233014,0.7203346030895273,463.973784737533,0,1,0,1,0,1,0,1,0,1,0,0,1,0
param_20039,real_001,0.8229232933385516,0.49506816472370085,0.08019719927530304,0.10909548589027569,1.3381184162731565,236.99057992770062,1,1,1,1,1,1,1,1,0,1,0,1,1,1
param_20039,real_002,0.8038931486634262,0.4977525980108017,0.07533392230623512,0.10420819600187876,1.477098454694451,168.06284592775822,1,1,1,1,1,1,1,1,0,1,0,1,1,1
param_20039,real_003,0.8472807311741238,0.5078881179250028,0.09626911826124557,0.12471729962991623,1.0962687654860808,352.1413785660212,1,1,1,1,1,1,1,1,0,1,0,1,1,1
param_20039,real_004,0.8442806946436784,0.5012991157612889,0.15008784587420904,0.18077665746037244,0.9434404525921317,166.99778720517844,1,1,1,1,1,1,1,1,0,1,0,1,0,1
param_20040,real_001,0.8104701579926775,0.5850202760129453,0.11782229979351592,0.1633257065523077,0.9802464282643146,156.55070298031626,1,1,1,1,1,1,1,1,0,1,0,1,1,1
param_20040,real_002,0.7727230445026692,0.5513891649724342,0.10456626018510104,0.1434418216035812,1.2120480716045658,205.73362268011147,1,1,1,1,1,1,1,1,0,1,0,1,1,1
param_20040,real_003,0.8318018975911171,0.5784185225864702,0.14908415214974974,0.1925714744979959,0.9200647614744532,315.56803313546703,1,1,1,1,1,1,1,1,0,1,0,1,1,1
param_20040,real_004,0.8222333288346917,0.5692506908557712,0.17603561523388098,0.21949335194755887,0.7844433713457896,253.68846370898808,1,1,1,1,1,1,1,1,0,1,0,1,1,1
param_20040,real_005,0.8486416084696984,0.6072839867446064,0.18901143185220703,0.23701723653191997,0.7413277405054994,276.4999615526031,1,1,1,1,1,1,1,1,0,1,0,1,1,1
param_20041,real_001,0.8051610850583524,0.6671959140113358,0.16477381553525267,0.23397440380284518,0.4524108449746759,107.47922948593987,1,1,1,1,1,1,1,1,1,1,1,1,1,1
param_20041,real_002,0.8036344173325054,0.6756951602726993,0.16650400805894566,0.24029354970214287,0.4571562572330032,176.6638647307152,1,1,1,1,1,1,1,1,1,1,1,1,1,1
param_20041,real_003,0.8405291481172088,0.6861152984088271,0.1737470799348759,0.24293028751458967,0.42101187090840886,376.98374991582085,1,1,1,1,1,1,1,1,1,1,1,1,1,1
param_20041,real_004,0.8477265887169976,0.7091421915207292,0.23227392533452562,0.30229516969325465,0.40289811229428846,120.04657004771275,1,1,1,1,1,1,1,1,1,1,1,1,1,1
param_20041,real_005,0.8664060704502495,0.7190494478873016,0.2526810195768492,0.32184213053277316,0.3539444724029419,313.33124279792503,1,1,1,1,1,1,1,1,1,1,1,1,1,1
param_20042,real_001,0.8004217746316818,0.42540154414035863,0.054270526603217906,0.08138649187100329,1.2784940449727402,574.675782069557,0,1,0,1,0,1,0,1,0,1,0,0,1,1
param_20042,real_002,0.8009126979757337,0.3637768498344054,0.047422685823753315,0.06959847265767567,0.7041936330243135,909.6346441193078,0,0,0,0,0,1,0,1,0,0,0,1,1,1
param_20042,real_003,0.8134115935752898,0.4342204647402269,0.08003077239575795,0.1008444932480822,1.0046711193777478,152.76438581233631,0,0,0,0,0,0,0,1,0,0,0,1,1,1
param_20042,real_004,0.787859770146839,0.3759195997426946,0.04106774130616765,0.06906197991811597,0.5505033321992515,449.71141585508394,0,0,0,1,1,1,0,1,0,1,0,1,1,1
param_20042,real_005,0.8079270136328215,0.4019734915077249,0.06557269320160092,0.08834324096353666,0.8047200946509745,459.5147641884261,0,0,0,1,0,1,0,0,0,0,0,1,1,1
param_20043,real_001,0.7954715867911294,0.4434439411107159,0.06914570830153488,0.09444206763952182,1.571461130449196,393.91421466018437,0,1,0,1,0,1,0,1,0,1,0,1,1,1
param_20043,real_002,0.7981074779818171,0.3973013632707002,0.06197690197456973,0.08707633894799346,1.119368039979538,749.604616412949,0,0,0,1,0,1,0,1,0,1,0,1,1,1
param_20043,real_003,0.8101202214126094,0.45615134436226756,0.0898190545825484,0.11024171036173916,1.253137597931087,253.72268409045904,0,1,0,0,0,1,0,1,0,0,0,1,1,1
param_20043,real_004,0.7875529932371548,0.4005453050273045,0.055717933977143516,0.08905388502685359,0.8144538961272029,290.3510171357522,0,0,1,1,1,1,0,1,0,1,0,1,1,1
param_20043,real_005,0.8110333671646647,0.44029115320684986,0.08529271208502424,0.10414327185874278,1.1734897936082707,300.2689044000026,0,0,0,1,0,1,0,1,0,1,0,1,1,1
param_20044,real_001,0.7897693401250743,0.45428286872040397,0.07559044036319319,0.1012819208556984,1.550780928894369,405.27967304727554,0,1,0,1,0,1,0,1,0,1,0,0,1,1
param_20044,real_002,0.7925779089360414,0.40924212591010556,0.06657707282452505,0.09311029075007152,1.1227516935295492,767.0003071735794,0,0,0,1,0,1,0,1,0,0,0,1,1,1
param_20044,real_003,0.8034951340864772,0.4692255489462089,0.0964131462542158,0.11714763967403834,1.2461091862533946,211.26041359537098,0,1,0,0,0,1,0,1,0,0,0,1,1,1
param_20044,real_004,0.780600151323535,0.41455489238737975,0.060765189981781605,0.09662615149402166,0.8359853769669569,332.4642322332103,0,0,1,1,1,1,0,1,0,1,0,1,1,1
param_20044,real_005,0.8037317933513148,0.4486473084655195,0.08891927796546857,0.10929160975756372,1.1651691872686347,337.7610277189788,0,0,0,1,0,1,0,1,0,1,0,1,1,1
param_20045,real_001,0.7978386215359704,0.5258370909063672,0.10347609597078243,0.13473579089103901,1.235666920172384,187.49270920765753,1,1,0,1,1,1,0,1,1,1,0,1,1,1
param_20045,real_002,0.7855686076638589,0.4828149106002088,0.09338155472596572,0.12230316559563016,1.2284844186725628,364.3356194034584,1,1,1,1,1,1,1,1,0,1,0,1,1,1
param_20045,real_003,0.8057868083359391,0.5263798813581587,0.09892308313585917,0.12479553872931978,1.2022867078519963,347.8643042713968,1,1,1,1,1,1,1,1,1,1,0,1,1,1
param_20045,real_004,0.7804912490090712,0.46152565308757615,0.08405948259554626,0.12158704222734545,0.9424345495774067,177.7472984945612,1,1,1,1,1,1,1,1,0,1,0,1,1,1
param_20045,real_005,0.8189646467305542,0.5160560671946461,0.10051110897426821,0.12364649723551434,1.232349524889094,135.52012735126962,1,1,1,1,1,1,1,1,0,1,0,1,1,1
param_20046,real_001,0.7925443039235027,0.5931804556887544,0.14283564638847238,0.18976256929839525,1.1528655427330616,312.5561764669521,1,1,1,1,1,1,1,1,0,1,0,1,1,1
param_20046,real_002,0.7867874794099299,0.5718142832080284,0.13604346213963664,0.18595133421504875,1.0625157913733982,226.4123136148768,1,1,1,1,1,1,1,1,0,1,0,1,1,1
param_20046,real_003,0.7947446461472413,0.5958465515404792,0.14033029342711023,0.18758111127290658,1.0576052303285126,211.3611361895323,1,1,1,1,1,1,1,1,1,1,0,1,1,1
param_20046,real_004,0.7753173604054835,0.559738518982868,0.13416170498692448,0.18415063706243415,0.9571981822658996,110.66749819006886,1,1,1,1,1,1,1,1,0,1,0,1,1,1
param_20046,real_005,0.8104940514525926,0.6025330908139356,0.13966977400547056,0.18533498932542655,1.072997118853352,84.58585337857576,1,1,1,1,1,1,1,1,0,1,0,1,1,1
param_20047,real_001,0.8296642631955904,0.7062426782162153,0.20205109194546828,0.27008048799257844,0.48097424029743163,200.89749025303996,1,1,1,1,1,1,1,1,1,1,1,1,1,1
param_20047,real_002,0.8179347769057977,0.6897056777231768,0.19441756017450182,0.27084166111460667,0.43117559986565995,79.80616331430784,1,1,1,1,1,1,1,1,1,1,1,1,1,1
param_20047,real_003,0.8332438820948509,0.6989656164851604,0.18282926416786777,0.2613922956673471,0.40366394426810276,395.4709725009966,1,1,1,1,1,1,1,1,1,1,1,1,1,1
param_20047,real_004,0.7987543570087222,0.6458339527961425,0.17167749843668767,0.24832069660680653,0.4936022279598815,28.020265053562902,1,1,1,1,1,1,1,1,1,1,1,1,1,1
param_20047,real_005,0.8401405653382703,0.6944622873015126,0.17279370519230877,0.24894915572873735,0.43361674702229713,157.5812377745978,1,1,1,1,1,1,1,1,1,1,1,1,1,1
param_20048,real_001,0.7818542473861098,0.3830994109189077,0.07034789924162724,0.09365299315259296,0.22631556647741716,869.6082205945177,0,1,0,0,0,1,0,0,0,0,0,0,1,1
param_20048,real_002,0.8083337186879411,0.3832183534492762,0.10532365144025724,0.13240944017995834,0.7056063102191603,311.9048680218897,0,0,0,0,0,1,0,0,0,0,0,0,1,1
param_20048,real_003,0.7911837303053223,0.37566192182651276,0.08972599504093816,0.11462797236761178,0.5267609163238457,597.4365851479272,0,1,0,1,0,0,0,1,0,1,0,0,1,1
param_20048,real_004,0.8358095845896725,0.4900323625121943,0.16962444981529468,0.20324216292782482,0.5704716090455424,164.8551499553183,0,0,0,1,0,1,0,1,0,0,0,1,1,1
param_20048,real_005,0.7688579690679725,0.3855274015734323,0.08066264029236195,0.10186809326037441,0.5058475007185019,705.9445433173303,0,0,0,1,0,0,0,0,0,0,0,1,1,1
param_20049,real_001,0.7687059111661394,0.39449781146508334,0.07697820869874551,0.1015979909323056,0.5575833493929466,706.4349745104994,0,1,0,0,0,1,1,1,0,0,0,0,1,1
param_20049,real_002,0.7977178355011683,0.40752867252021696,0.11940999250181626,0.1439533999946284,1.0128367143332224,117.25859143697195,0,0,0,1,0,1,0,1,0,1,0,0,1,1
param_20049,real_003,0.783586614428464,0.413897164985675,0.11601032255352883,0.13959300036231298,0.9953886060140263,455.8502698381268,0,1,0,1,0,1,0,1,0,1,0,1,1,1
param_20049,real_004,0.8299444431064529,0.514622311254369,0.18915486096807357,0.22165253267803425,0.7497097073850442,136.01397256702546,1,0,0,1,1,1,0,1,0,1,0,1,1,1
param_20049,real_005,0.7539550260448222,0.4085852646618738,0.09050249738055074,0.11081914702914908,1.0460240194709332,489.673464612062,0,0,0,1,1,0,0,0,0,1,0,1,1,1
param_20050,real_001,0.7641786258364138,0.41214892351060095,0.08587108800934935,0.11315522045877685,0.5898894514287881,729.1719637777295,0,1,0,0,0,1,1,1,0,0,0,0,1,1
param_20050,real_002,0.7947294758681035,0.4296514306063539,0.1286388042602026,0.15797117311575323,1.0575839308817403,141.3239457674644,0,0,0,1,0,1,0,1,0,1,0,0,1,1
param_20050,real_003,0.7792090503088079,0.42393009966621603,0.12490193360973435,0.15084252469887743,0.9811622027486836,463.92569724488635,0,1,0,1,0,1,0,1,0,1,0,1,1,1
param_20050,real_004,0.8233952814640412,0.5330312208689025,0.19644431274231486,0.23015419619114388,0.8060279540617751,141.3707375964641,1,0,0,1,1,1,0,1,0,1,0,1,1,1
param_20050,real_005,0.7473297091311261,0.4161819460499276,0.09273362932618895,0.11457816329479405,1.0646286660359507,501.43313141294647,0,0,0,1,1,0,0,0,0,1,0,1,1,1
param_20051,real_001,0.7634231851235823,0.45180789836663865,0.1066616207557474,0.1464750566310591,0.7996752474138775,499.4550926397428,1,1,0,1,1,1,1,1,0,1,0,1,1,1
param_20051,real_002,0.7949637349875998,0.49828614831889423,0.14248630898222436,0.1756800398493369,1.1757626644276518,125.11458019441653,1,1,1,1,1,1,0,1,0,1,0,1,1,1
param_20051,real_003,0.7898857905131578,0.4980227790262871,0.1426274917368149,0.17038304744363658,1.2438290530038358,184.92158858596994,1,1,1,1,1,1,0,1,0,1,0,1,1,1
param_20051,real_004,0.8323061407741723,0.5833085830810363,0.22937093206478196,0.27474421538989213,0.6286564535069926,130.9561433159455,1,1,1,1,1,1,1,1,0,1,0,1,1,1
param_20051,real_005,0.7454202845656468,0.47312937362688806,0.10848297097534187,0.13683427284768418,1.4332157512058168,164.13480729640625,0,0,1,1,1,1,1,1,0,1,0,1,1,1
param_20052,real_001,0.7793556643714069,0.577072987430346,0.1843688595031435,0.23051955980852565,0.8175733612804879,380.36606519533984,1,1,1,1,1,1,1,1,0,1,0,1,1,1
param_20052,real_002,0.8068596710210321,0.612522922775392,0.20469940595539945,0.2516957571514826,1.0631723033613554,134.26522790925168,1,1,1,1,1,1,1,1,0,1,0,1,1,1
param_20052,real_003,0.7998313233032988,0.603693111813562,0.1916771446664224,0.2343317597149364,1.0524104246226043,85.21288971395865,1,1,1,1,1,1,1,1,0,1,0,1,1,1
param_20052,real_004,0.8321005430176277,0.6781551712296618,0.2678279896164163,0.3120503622562179,0.7041487807364284,120.66562859998812,1,1,1,1,1,1,1,1,1,1,0,1,1,1
param_20052,real_005,0.7419626486208988,0.5500450637931361,0.13677796337371076,0.17650856232275905,1.4486719747158572,140.1128121876203,0,1,1,1,1,1,1,1,0,1,0,1,1,1
param_20053,real_001,0.8201868641695943,0.6745903561623767,0.23212046660659091,0.3021089417587379,0.4180163515440772,165.20073241361155,1,1,1,1,1,1,1,1,1,1,1,1,1,1
param_20053,real_002,0.8352281725971368,0.6936477409560367,0.2552993903631852,0.32675097352639976,0.44727681534356417,248.3626867141557,1,1,1,1,1,1,1,1,1,1,1,1,1,1
param_20053,real_003,0.8512481457107138,0.7117590816053301,0.24254390161508665,0.3210359773797865,0.35471261302756296,205.75869878770743,1,1,1,1,1,1,1,1,1,1,1,1,1,1
param_20053,real_004,0.8898550635341904,0.7837814473559044,0.3467528454380547,0.42320290105250785,0.2518065591995553,151.78310120585468,1,1,1,1,1,1,1,1,1,1,1,1,1,1
param_20053,real_005,0.7968501917308104,0.6604518464024622,0.2022354682805457,0.2742299513520666,0.5578304361005311,138.62866898567947,1,1,1,1,1,1,1,1,1,1,1,1,1,1
param_20054,real_001,0.8877782500261986,0.4877618312462218,0.1340872968461742,0.1636246872624416,0.7341549697592149,47.94988395748787,0,1,0,1,0,0,0,0,0,0,0,0,0,1
param_20054,real_002,0.8647280564389357,0.47620862877623127,0.13014192921669643,0.14642929624981238,0.5517720797720798,234.00008036390437,0,1,0,0,0,1,0,0,0,0,0,0,1,1
param_20054,real_003,0.8562024621763084,0.42730388734399255,0.048274585895920985,0.0727164575261509,0.8986138083439362,283.15278054405275,0,0,0,0,0,1,0,1,0,0,0,0,1,1
param_20054,real_004,0.8297224149097514,0.3812235520254805,0.08088865345831525,0.09465262063998252,0.4782842423563669,169.37983991783312,0,0,0,1,0,1,0,0,0,1,0,0,0,0
param_20054,real_005,0.7972853380920876,0.3143625273590833,0.008399818479076815,0.02800988285824232,0.5491950725231687,309.3713727441792,0,1,0,1,0,1,0,0,0,0,0,1,0,1
param_20055,real_001,0.8839210698120903,0.5024070172800569,0.1311396037653352,0.16106648037220225,0.9043675336778785,45.48234440905817,0,1,0,1,0,0,0,1,0,0,0,0,0,1
param_20055,real_002,0.8637989966749753,0.4916130538108137,0.1350316416615993,0.1512640697227914,0.7566406499223751,211.39549810573928,0,1,0,0,0,1,0,0,0,0,0,0,1,1
param_20055,real_003,0.8563921850151439,0.4486755905289986,0.05911853115436514,0.08336569239324831,1.1717146485147485,173.7159863852446,1,0,0,0,1,1,0,1,0,1,0,0,1,1
param_20055,real_004,0.827553937777417,0.40666857294427267,0.08817393954333161,0.10655023876677905,0.6497506234413966,171.4629657910142,0,0,0,1,0,1,0,0,0,1,0,0,0,0
param_20055,real_005,0.7928833622145305,0.3267764967072371,0.01423896695995788,0.04157271190209973,0.7613273231329227,340.9210004952157,0,1,0,1,0,1,0,0,0,0,0,1,0,1
param_20056,real_001,0.8808820719727746,0.5318793391126971,0.1431575666886616,0.17666625258259716,0.8244167007777323,41.10718721535875,0,1,0,1,0,0,0,1,0,0,0,0,0,1
param_20056,real_002,0.8569578526432567,0.5126870521708935,0.14574068346568086,0.1649075442703455,0.7643242575277012,226.06753540072236,0,1,0,0,0,1,0,0,0,0,0,0,1,1
param_20056,real_003,0.8491572886256552,0.46626981165145287,0.06586376560952878,0.09256522504577548,1.1149462257513318,131.17939854242692,1,0,0,0,1,1,0,1,0,1,0,0,1,1
param_20056,real_004,0.8198660795996779,0.4286027763316633,0.09596184691495967,0.11703707595727275,0.5802173956721786,173.97078863882368,0,0,0,1,0,1,0,0,0,1,0,0,1,0
param_20056,real_005,0.7803074700925922,0.33972686987345774,0.01366348049248572,0.04351632125700407,0.6926398952065168,308.3567883200754,0,1,0,1,0,1,0,1,0,0,0,1,1,1
param_20057,real_001,0.8665364837723151,0.5703048846142162,0.13495762298238625,0.17013350926917206,0.9451247501295624,43.67883426077317,1,1,1,1,1,1,1,1,0,1,0,1,0,1
param_20057,real_002,0.8526028214476667,0.5508479823283771,0.1578343076855154,0.18796704469108383,0.9775833133541117,204.7430860721154,1,1,1,1,1,1,1,1,0,1,0,1,0,1
param_20057,real_003,0.82520213096907,0.4851277819341482,0.08121750167470422,0.11488546323796861,1.0550340295705234,175.11722697531133,1,1,1,1,1,1,1,1,0,1,0,1,0,1
param_20057,real_004,0.8217495364060176,0.5068551496904541,0.11287788112616554,0.1470840914567936,0.966761032951557,141.24544825530478,1,1,1,1,1,1,1,1,0,1,0,1,1,1
param_20057,real_005,0.7789745990810552,0.4247006986008443,0.06104668882771915,0.10334367893275653,1.1567209519434525,417.68580503422635,1,1,1,1,1,1,1,1,0,1,0,1,0,1
param_20058,real_001,0.8720874320191503,0.6781295280280581,0.21003754726547247,0.2588316652811498,0.6638693776956254,78.41018535155881,1,1,1,1,1,1,1,1,0,1,0,1,1,1
param_20058,real_002,0.8392269239097687,0.6430372544910808,0.1975282928494004,0.23551386738828545,0.8528248120396402,114.98401940633805,1,1,1,1,1,1,1,1,0,1,0,1,1,1
param_20058,real_003,0.8296721204660887,0.6094436958831791,0.140968594441195,0.18740699259647822,0.8805036865622038,96.66505443957311,1,1,1,1,1,1,1,1,0,1,0,1,1,1
param_20058,real_004,0.8175068573727841,0.6061767180466225,0.1761174782066886,0.218094572724031,0.8490435526266145,138.11737547642613,1,1,1,1,1,1,1,1,0,1,0,1,1,1
param_20058,real_005,0.7561787072375524,0.4933162167565982,0.098351145150061,0.14261297482156096,1.0441922241004589,249.75245836527995,1,1,1,1,1,1,1,1,0,1,0,1,1,1
param_20059,real_001,0.8484715258109148,0.7225589618788777,0.2026558053158784,0.271073621521255,0.3918322095200015,132.69664275919448,1,1,1,1,1,1,1,1,1,1,1,1,1,1
param_20059,real_002,0.8606967277056041,0.7376260286763561,0.2351650155361313,0.304191288812002,0.38158196360752633,60.57144612058253,1,1,1,1,1,1,1,1,1,1,1,1,1,1
param_20059,real_003,0.7972837572262823,0.6333865787670822,0.16544547807538443,0.2344882637977554,0.42447202769450565,20.35454117265742,1,1,1,1,1,1,1,1,1,1,1,1,1,1
param_20059,real_004,0.8257805554479063,0.7001315907507384,0.218650222435813,0.2889874987567883,0.34740838257355416,86.63357014306692,1,1,1,1,1,1,1,1,1,1,1,1,1,1
param_20060,real_001,0.8474410723601848,0.4776782656597628,0.11217745902850161,0.13719809931751722,1.1859749482197455,110.85391016296421,0,1,0,1,1,1,0,1,0,1,0,1,0,1
param_20060,real_002,0.8339442602950266,0.5465604771703823,0.1702753664487725,0.18596116035989624,0.6889148329903435,179.4698810207637,1,1,1,0,0,1,0,1,0,0,0,1,1,1
param_20060,real_003,0.8156421674520652,0.46826912040053836,0.053021841777928305,0.08093228953773825,1.1922851691633451,587.5496512234657,1,0,0,1,1,1,0,1,0,1,0,0,0,1
param_20060,real_004,0.8148830911194932,0.4418207853590698,0.08989709695600158,0.11869512522324052,0.8569902148239793,243.52311994387128,0,0,0,1,1,0,0,0,0,1,0,1,0,0
param_20060,real_005,0.7945447823139286,0.41006400699543405,0.04913027869065616,0.07513959666790285,1.0015715568617847,693.2188423562458,1,1,0,1,0,1,0,0,0,0,0,1,0,1
param_20061,real_001,0.8464853344306644,0.4945981796110049,0.11120981809976975,0.13936799203474415,1.162114057391936,123.25910644601306,0,1,0,1,1,1,1,1,0,1,0,1,0,1
param_20061,real_002,0.8354833508432435,0.5578405703752954,0.1719320949425678,0.18832430227169777,0.8048100383408854,154.15040257898139,1,1,1,0,0,1,1,1,0,0,0,1,1,1
param_20061,real_003,0.814986307697212,0.4812757282782482,0.06163955034524662,0.0909686081755705,1.2829670813026726,476.9587906070518,1,0,0,1,1,1,0,1,0,1,0,1,0,1
param_20061,real_004,0.8131232912866913,0.45299459164930994,0.0970961193195021,0.12781199940348448,0.8990056098285595,225.77216833974617,0,0,0,1,1,0,0,1,0,1,0,1,0,0
param_20061,real_005,0.791602864538723,0.41946501556929777,0.05338093252429165,0.08149652313789037,1.0485873368195326,639.8552146705761,1,1,0,1,1,1,0,1,0,0,0,1,0,1
param_20062,real_001,0.8422096430076499,0.5163566599826009,0.11917774637448683,0.1490040288338617,1.1083172147001934,69.25921806608498,0,1,0,1,1,1,1,1,0,1,0,1,0,1
param_20062,real_002,0.8306346418871984,0.5762833360287342,0.18072685014900636,0.19825902494188172,0.823358832947874,156.3972769877523,1,1,1,0,0,1,1,1,0,0,0,1,1,1
param_20062,real_003,0.8131966491711421,0.499371313504326,0.0698651814849861,0.10053970878784332,1.2360378807269004,428.31257983385353,1,0,0,1,1,1,0,1,0,1,0,1,0,1
param_20062,real_004,0.806923558324235,0.4727958757185921,0.11001561289005708,0.14282355149760922,0.8685723109654616,218.92697301883385,0,0,0,1,1,1,0,1,0,1,0,1,0,0
param_20062,real_005,0.7820083174201194,0.43576434705807077,0.05424428530735458,0.08535507543318975,1.0431066244197185,616.4713568521083,1,1,0,1,1,1,0,1,0,0,0,1,0,1
param_20063,real_001,0.8458065345164938,0.563693494367742,0.1284378515876899,0.16645194299293373,1.0026656202641264,103.2612566335189,1,1,1,1,1,1,1,1,0,1,0,1,0,1
param_20063,real_002,0.8372493959492189,0.6043142298433406,0.186325695138215,0.21562110078222016,0.768042715317702,114.07574156526908,1,1,1,1,1,1,1,1,0,1,0,1,1,1
param_20063,real_003,0.8084557508394119,0.5199091574348168,0.08149240044962969,0.1169231578377654,0.9455205043317224,314.72677892129826,1,1,1,1,1,1,0,1,0,1,0,1,0,1
param_20063,real_004,0.8130760675358093,0.5217051831426506,0.12557241861063276,0.16267556037267744,0.8060045591130452,181.2510389098316,1,1,1,1,1,1,1,1,1,1,0,1,0,0
param_20063,real_005,0.7776641913682515,0.4745679412696029,0.07461291018792023,0.11337786007637363,1.0190345561169505,445.7694336962239,1,1,1,1,1,1,0,1,0,0,0,1,0,1
param_20064,real_001,0.8406446140289173,0.6720129907508914,0.181497204975578,0.23277896374796792,0.719740338294701,61.10161286446798,1,1,1,1,1,1,1,1,1,1,1,1,1,1
param_20064,real_002,0.8296138251575721,0.6871912358305999,0.224171181485338,0.268063683553062,0.7922886154134107,68.2287244431517,1,1,1,1,1,1,1,1,0,1,0,1,1,1
param_20064,real_003,0.8106934494657149,0.6234248523102852,0.14319493144217355,0.1918831796087523,0.7840626607234699,39.0875169818226,1,1,1,1,1,1,0,1,1,1,0,1,1,1
param_20064,real_004,0.8145939738689879,0.640127073492455,0.19669381107245418,0.24576633804979572,0.6892671509104296,143.1042375502397,1,1,1,1,1,1,1,1,1,1,1,1,1,1
param_20064,real_005,0.7583301157198231,0.5564560628240742,0.11558057943293683,0.1607247136148608,1.0188842319623026,316.54904883547954,1,1,1,1,1,1,1,1,0,1,0,1,1,1
param_20065,real_002,0.8625541892493043,0.7488679174235295,0.2644104657855378,0.33276459898891014,0.3952386904096252,58.29104416064064,1,1,1,1,1,1,1,1,1,1,1,1,1,1
param_20065,real_003,0.8073648836606003,0.6518828139679141,0.16286058376657192,0.23299130850668337,0.48094300538072304,38.699440849609616,1,1,1,1,1,1,1,1,1,1,0,1,1,1
param_20065,real_004,0.825214124255887,0.6984215769100871,0.22308169572559852,0.2964325430019799,0.3237880183169129,79.48803538629589,1,1,1,1,1,1,1,1,1,1,1,1,1,1
param_20065,real_005,0.7754047862437968,0.6286179280906464,0.17303207791047026,0.24263596850961172,0.49455785490727333,155.5215556792285,1,1,1,1,1,1,1,1,1,1,0,1,1,1
param_20066,real_001,0.7325590851679092,0.43312126474710283,0.03775237962363742,0.06720453140264167,0.6822924802399325,691.4287159998823,1,1,1,0,1,1,1,0,0,1,0,1,1,1
param_20066,real_002,0.7620408669833922,0.4629374915202563,0.05109701167862255,0.08049536610003902,0.7804944178628389,274.39002840232047,0,1,1,1,0,1,1,1,0,1,1,1,1,1
param_20066,real_003,0.7790308505958885,0.4654388604855395,0.07831734028252026,0.10884997012511093,0.9465513947267864,112.45114710566807,1,1,1,1,0,1,1,1,0,0,1,1,0,1
param_20066,real_004,0.7551690207132382,0.4236175877271834,0.04032417067917018,0.06081354393004647,1.0844402459948719,578.9272135992362,1,1,0,1,1,1,0,1,0,0,0,1,1,1
param_20066,real_005,0.8275446407014457,0.5686744154443439,0.20524144493718868,0.22950973760829357,0.7218627314060487,61.56859044435225,1,1,0,1,1,1,0,0,0,1,0,1,0,0
param_20067,real_001,0.7353019335839011,0.4438539822503402,0.04722421123146318,0.08229588817645228,0.7299305535709182,647.2873290825288,1,1,1,0,1,1,1,1,1,1,0,1,1,1
param_20067,real_002,0.7636604575147707,0.4710679052807587,0.05868880115991211,0.09209028520751188,0.8353513752673106,216.02655619496431,1,1,1,1,1,1,1,1,0,1,1,1,1,1
param_20067,real_003,0.7817257455095188,0.47494962319589035,0.08562490948433449,0.11402406473235036,1.0655290929186791,131.57792542335807,1,1,1,1,0,1,1,1,0,0,1,1,0,1
param_20067,real_004,0.7534072882016493,0.4346462521413323,0.04388714906177785,0.06566065094960769,1.1235504880244278,518.7595785495662,1,1,0,1,1,1,0,1,0,0,0,1,1,1
param_20067,real_005,0.8316520916900362,0.5861504970165081,0.20427264024622221,0.23095225629373278,0.7506773135605305,71.6830362760771,1,1,0,1,1,1,0,0,1,1,0,1,0,0
param_20068,real_001,0.721820905647394,0.4538415519794882,0.05109399308149122,0.08818377293999737,0.78161535532458,616.972026613807,1,1,1,0,1,1,1,1,1,1,0,1,1,1
param_20068,real_002,0.7497870934773636,0.4841537087663708,0.06132626429748715,0.09749748470907277,0.909803808090746,168.10686825793147,1,1,1,1,1,1,1,1,0,1,1,1,1,1
param_20068,real_003,0.7692050122199222,0.48207279375825224,0.09035278376153309,0.11900379043953777,1.0409247665142163,110.55466197093095,1,1,1,1,0,1,1,1,0,0,1,1,0,1
param_20068,real_004,0.745419874591953,0.4442477461767188,0.04906554266174193,0.07293679036124338,1.148649818994336,483.99076479085585,1,1,0,1,1,1,0,1,0,0,0,1,1,1
param_20068,real_005,0.8288269261841101,0.6072685052666449,0.21799970380162004,0.24583603231127305,0.7450413339728579,75.08142099829597,1,1,0,1,1,1,0,0,1,1,0,1,0,0
param_20069,real_001,0.739370767697107,0.4852753782665386,0.08033833826869977,0.12363585968576668,0.7816577731940272,482.67482749131153,1,1,1,1,1,1,1,1,1,1,0,1,1,1
param_20069,real_002,0.763742528611437,0.5139693075119743,0.0857396026435444,0.12756895778817778,0.8389954859594296,134.89372029438613,1,1,1,1,1,1,1,1,0,1,1,1,1,1
param_20069,real_003,0.7832817956437255,0.510594106367583,0.1043608671451432,0.12999613546031757,1.0739964925954792,181.81952705765065,1,1,1,1,1,1,1,1,0,1,1,1,0,1
param_20069,real_004,0.7378469766978597,0.46060285047973903,0.05364087265354806,0.08272007894681532,1.0034395018476134,370.2037267696601,1,1,1,1,1,1,1,1,0,1,0,1,1,1
param_20069,real_005,0.8390500309171728,0.6336486841341508,0.20578990558176347,0.24010471761675556,0.6316640786749482,155.47583400554024,1,1,1,1,1,1,1,1,1,1,1,1,0,1
param_20070,real_001,0.742581991267861,0.5880937929568631,0.13074997437019664,0.1894859120109523,0.833998434307754,254.8483932775312,1,1,1,1,1,1,1,1,1,1,0,1,1,1
param_20070,real_002,0.7539987599893834,0.5980191912164838,0.13048104262193938,0.19036895870422285,0.8484577983742309,205.17972503837652,1,1,1,1,1,1,1,1,0,1,1,1,1,1
param_20070,real_003,0.7655061410184644,0.5887879543084015,0.1312122160518779,0.1765931830936377,1.0039186134137152,88.2490912942739,1,1,1,1,1,1,1,1,0,1,1,1,1,1
param_20070,real_004,0.7417461526478689,0.5560495072498074,0.10999662880033002,0.15986843412918375,1.0539414133301497,182.47745419367237,1,1,1,1,1,1,1,1,0,1,0,1,1,1
param_20070,real_005,0.8490654160569437,0.7257021285981891,0.26663952300787647,0.315598756154668,0.5611598212783458,201.9469323037107,1,1,1,1,1,1,1,1,1,1,1,1,1,1
param_20071,real_001,0.7627236048880134,0.6229507129722193,0.1720287340355185,0.2436904142419847,0.40476779326693973,106.93897933376434,1,1,1,1,1,1,1,1,1,1,1,1,1,1
param_20071,real_002,0.782769520878426,0.6456040229573928,0.18015788248298914,0.25413210098331185,0.4484555739163595,120.91725952686164,1,1,1,1,1,1,1,1,1,1,1,1,1,1
param_20071,real_004,0.7429180155496462,0.5913677497729833,0.12688991530219135,0.20122382821744902,0.4968482503033682,109.85776747952934,1,1,1,1,1,1,1,1,1,1,1,1,1,1
param_20071,real_005,0.8600447126324593,0.7580784844906739,0.26124296624766336,0.3241175357539551,0.35185921271957943,274.98154862223646,1,1,1,1,1,1,1,1,1,1,1,1,1,1
param_20072,real_001,0.8570373978150441,0.39488771291094804,0.06797379218406796,0.09238172416891349,0.7893713841439711,522.8850357036135,0,1,0,0,0,0,0,0,0,0,0,0,0,1
param_20072,real_002,0.8667689825818631,0.49244444067265697,0.12875484558706451,0.1529429303912121,0.796213987978721,96.31437975363241,0,0,0,0,0,1,0,0,0,0,0,1,1,1
param_20072,real_003,0.8394607141570373,0.3550727605021597,0.03566240228601199,0.05141681579703279,0.3179585453424084,606.595242213022,0,0,0,0,1,0,0,0,0,0,0,0,1,1
param_20072,real_004,0.8334949543512977,0.3905052143679182,0.10078621691190676,0.11258991750780561,0.18257365329447658,201.43333138567874,0,0,0,0,0,0,0,0,0,1,0,0,1,0
param_20072,real_005,0.8202666025390815,0.31615763605754377,0.026032680275053753,0.05188787205295443,0.2919729625162157,884.3524432785509,0,1,0,1,0,1,0,0,0,0,0,0,1,1
param_20073,real_001,0.8558722389625046,0.42150957330260375,0.07427646732558081,0.09897703425233813,0.9637594080070837,402.01325750926947,0,1,0,1,0,0,0,0,0,0,0,0,0,1
param_20073,real_002,0.8657309017157726,0.512664274013503,0.13651741840339365,0.15821708524116707,1.02882832974666,93.4014149154818,0,1,0,0,0,1,0,0,0,0,0,1,1,1
param_20073,real_003,0.8349176166514373,0.3706465773431777,0.03561419860030797,0.05242908195179296,0.4798378013066006,558.8038791444587,1,0,0,0,1,0,0,1,0,0,0,0,1,1
param_20073,real_004,0.8315230322681021,0.4198625758878834,0.1049019403137258,0.12073196388923459,0.3003779924401512,184.87912148390308,0,1,0,1,0,0,0,0,0,1,0,0,1,1
param_20073,real_005,0.8184753389286274,0.3400552401868022,0.0427392177313018,0.07232937740554807,0.4881204077787779,816.9925356258854,0,1,0,1,0,1,0,0,0,0,0,0,1,1
param_20074,real_001,0.8487942337994522,0.44241073439032663,0.08336604361351227,0.10751427171476864,0.9040417422497605,459.6555354882976,0,1,0,1,0,0,0,0,0,0,0,0,0,1
param_20074,real_002,0.8616173122132763,0.5409097737428712,0.14957131349109168,0.17270111507387523,1.00299983449189,120.05246178020002,0,1,0,0,0,1,0,0,0,0,0,1,1,1
param_20074,real_003,0.8311144226955913,0.3953372315368914,0.04263625418739471,0.06236543841924139,0.437372678546706,557.1435445722785,1,0,0,0,1,0,0,1,0,0,0,0,1,1
param_20074,real_004,0.823698000102345,0.43823135944586256,0.10828553896574862,0.12784010950098426,0.27505699397492267,180.8303363573753,0,1,0,1,0,0,0,0,0,1,0,0,1,1
param_20074,real_005,0.8096062600429125,0.36128366274011503,0.04290021256946986,0.07597527016868588,0.46603523780425704,798.6411117977805,0,1,0,1,0,1,0,0,0,0,0,0,1,1
param_20075,real_001,0.8334525538893968,0.5105420942264437,0.08576758511140183,0.11490670347116644,1.1571519740086444,225.48685139823235,1,1,1,1,1,1,1,1,0,1,0,0,0,1
param_20075,real_002,0.8468431941646521,0.5589584341931481,0.14276334462767273,0.17325125128972058,1.0370266188967519,199.25407195996914,1,1,1,1,1,1,1,1,0,1,0,1,1,1
param_20075,real_003,0.789204901133512,0.4240966956921279,0.043387904991685676,0.07366193357848559,0.657481273542344,385.44032292262904,1,0,1,0,1,1,1,1,0,1,0,1,0,1
param_20075,real_004,0.8218098557348503,0.5129031934210189,0.12527995028563482,0.16077950938900695,0.7402627943208208,162.79220725482077,1,1,1,1,1,1,1,1,0,1,0,1,1,1
param_20075,real_005,0.8100856278349707,0.4522546795202699,0.10276353901018793,0.1444660863772772,0.7781476290586311,492.44859858286674,1,1,1,1,1,1,1,1,0,1,0,1,0,1
param_20076,real_001,0.8275047145874782,0.5991365168175191,0.14170443399189414,0.18720448250388994,0.8668359189053937,100.54736026635331,1,1,1,1,1,1,1,1,0,1,0,0,1,1
param_20076,real_002,0.8421580913799107,0.6657011468986077,0.20329019333397944,0.23501307130681923,0.9445531553335564,102.96390467619847,1,1,1,1,1,1,1,1,0,1,0,1,1,1
param_20076,real_003,0.8049712666236427,0.5560096946549082,0.11071662933951006,0.16157785850589193,0.6174222329394743,185.65732836084553,1,0,1,1,1,1,1,1,0,1,0,1,1,1
param_20076,real_004,0.8181821637909757,0.6158005246011118,0.18497034047285127,0.2316094487494985,0.74692862154749,152.73905255917438,1,1,1,1,1,1,1,1,0,1,0,1,1,1
param_20076,real_005,0.7917751151529876,0.5345335664008226,0.14068603887236064,0.18819943010750875,0.8029426882549473,475.9350872492389,1,1,1,1,1,1,1,1,0,1,0,1,1,1
param_20077,real_001,0.8225570831760703,0.6900045259591324,0.16134674113982572,0.23191870283514807,0.40514534953387493,130.3345765833242,1,1,1,1,1,1,1,1,1,1,1,1,1,1
param_20077,real_002,0.8351738896129344,0.7174642814524935,0.21737105627771341,0.2826238648435837,0.43215777120736426,57.04410216215864,1,1,1,1,1,1,1,1,1,1,1,1,1,1
param_20077,real_003,0.757203302870016,0.5944956401053233,0.1352702217230824,0.20791218483354626,0.3586140624433405,109.33141400692566,1,1,1,1,1,1,1,1,1,1,1,1,1,1
param_20077,real_004,0.819457982141569,0.7026069780755997,0.22597073550953817,0.2975101944369176,0.30044089987542444,100.95040953113454,1,1,1,1,1,1,1,1,1,1,1,1,1,1
param_20077,real_005,0.8266292092226086,0.6957379483643006,0.24635648750170308,0.32117547008755293,0.2781854610713671,148.59186949329356,1,1,1,1,1,1,1,1,1,1,1,1,1,1
param_20078,real_001,0.8312328350313976,0.4570855958792041,0.10956092574723916,0.12912087282893508,0.7550028587764437,73.62229359030836,0,0,0,0,0,0,0,1,0,0,0,0,1,1
param_20078,real_002,0.7912150772338186,0.4021209485444015,0.04010004762028933,0.06507373658013066,0.7945524976169712,88.43312794540978,0,0,0,0,0,1,1,1,0,0,0,0,1,1
param_20078,real_003,0.8103180400357054,0.41782184979393266,0.054923593530529474,0.08632751303161917,0.6275055363125319,640.4334129552659,0,0,1,1,0,0,0,0,0,1,0,0,1,1
param_20078,real_004,0.8208078297639644,0.41015608138934295,0.08271667810170724,0.10733992288548333,0.9899238337035862,108.4003967717085,0,0,0,1,0,1,0,1,0,0,0,0,1,1
param_20078,real_005,0.8108200198907309,0.42725645593131084,0.05877399794482722,0.08964045631540869,0.41753540872816164,649.2872493792248,1,0,0,0,1,1,0,0,0,0,0,0,0,1
param_20079,real_001,0.8303506936831242,0.4803262805011083,0.1168144716032187,0.1363237609706814,0.9594006378753536,49.275106381228625,1,0,0,1,0,0,0,1,0,0,0,0,1,1
param_20079,real_002,0.7899524428308624,0.4276036923318338,0.05294913451391208,0.08520180874086725,1.027110766847405,80.71368147010085,0,0,0,0,0,1,1,1,0,1,0,0,1,1
param_20079,real_003,0.8061475077036165,0.4448042772906208,0.06925856953745538,0.10543320229902019,0.7924657878427497,541.1960003594623,1,1,1,1,0,0,1,1,0,1,0,0,1,1
param_20079,real_004,0.8193769633067655,0.4369866409615419,0.09628111868144112,0.11741445796460737,1.0824303474205048,185.12340451804215,0,0,0,1,0,1,0,1,0,1,0,0,1,1
param_20079,real_005,0.8093894512760054,0.44969589089793865,0.06646289320162996,0.10108642125793897,0.5302862067251123,462.4956770001106,1,0,0,0,1,1,0,0,0,0,0,0,0,1
param_20080,real_001,0.8224360118187519,0.4966287185672085,0.1205650958672485,0.1424067431710564,0.9974589792581795,52.41245395761599,1,0,0,1,0,0,0,1,0,0,0,0,1,1
param_20080,real_002,0.7870551963117586,0.4486630544573065,0.0602296798157035,0.09562123809129446,1.0348585808463884,69.26081393862803,0,1,1,0,0,1,1,1,0,0,0,0,1,1
param_20080,real_003,0.8014495294140618,0.4551081234193851,0.07674502879328932,0.11400344953820504,0.8026661815054332,550.5171974055348,1,1,1,1,0,0,1,1,0,1,0,0,1,1
param_20080,real_004,0.8137253012566427,0.45617752274521206,0.10399161749657605,0.12616606668322067,1.0752169045619928,160.36854858104934,0,0,0,1,0,1,0,1,0,1,0,0,1,1
param_20080,real_005,0.8037143744959099,0.46304477109931996,0.06941409013539926,0.10466183802093035,0.5329403549796203,473.1734220703967,1,0,0,0,1,1,0,0,0,0,0,0,0,1
param_20081,real_001,0.820768273702118,0.5309188669759699,0.13652415893709588,0.1663267851939164,0.9904717142368826,67.14904929119763,1,1,0,1,1,1,1,1,0,1,0,1,1,1
param_20081,real_002,0.7854314319671363,0.5053371226584045,0.09266356896016097,0.13385990471876189,0.9699410537106872,176.9446608667965,1,1,1,1,1,1,1,1,0,1,1,1,1,1
param_20081,real_003,0.7946591951283731,0.5072121196511589,0.09642120504237614,0.1280905042521322,0.8288121980748714,291.10307638101887,1,1,1,1,1,1,1,1,0,1,0,1,1,1
param_20081,real_004,0.8170514658443289,0.5294784452679151,0.1198758333555342,0.14859071885482059,1.1052322538645154,297.5104622165094,1,1,1,1,1,1,1,1,0,1,0,1,1,1
param_20081,real_005,0.7886661849441146,0.5089961120958395,0.08648486668050367,0.1252584663339306,0.6347238549867598,188.3839098580785,1,0,1,1,1,1,1,1,0,1,0,1,0,1
param_20082,real_001,0.8010014180293598,0.601333908191568,0.17023116682299996,0.20445502559568748,1.118644282707377,111.42249401257139,1,1,0,1,1,1,1,1,0,1,0,1,1,1
param_20082,real_002,0.7936991354864462,0.6075900656265824,0.1451413614871402,0.19866743913661536,0.7601808038786031,107.63132269941556,1,1,1,1,1,1,1,1,0,1,1,1,1,1
param_20082,real_003,0.8051425353346204,0.6045079190480765,0.1446890081616129,0.19605282289755943,0.7821848276446715,223.13723113495357,1,1,1,1,1,1,1,1,0,1,1,1,1,1
param_20082,real_004,0.8195197781542143,0.6149183913576934,0.16865153344284795,0.21300994773633128,0.9776141417808841,219.64138840011054,1,1,1,1,1,1,1,1,0,1,0,1,1,1
param_20082,real_005,0.7903155961224266,0.5871383235875298,0.1356621765948187,0.19559947750260767,0.598931422595442,117.95485622911768,1,1,1,1,1,1,1,1,1,1,1,1,1,1
param_20083,real_001,0.8295075167081769,0.6711864307816796,0.2046792330598816,0.27299408768652106,0.56028442957231,81.71720487053676,1,1,1,1,1,1,1,1,1,1,1,1,1,1
param_20083,real_002,0.8093167727874966,0.684079118191192,0.2086453179812681,0.2798323966135672,0.3424896115205461,99.70098650319356,1,1,1,1,1,1,1,1,1,1,1,1,1,1
param_20083,real_003,0.8139196325307804,0.6756757231055992,0.16970672060308725,0.24357049927060673,0.36569691349692174,63.92802315341623,1,1,1,1,1,1,1,1,1,1,1,1,1,1
param_20083,real_004,0.8455880196985907,0.708413882778591,0.20833213997476585,0.28364537351680263,0.40582197046576995,337.2993839269665,1,1,1,1,1,1,1,1,1,1,1,1,1,1
param_20083,real_005,0.7880259952394674,0.6538701798732159,0.17246966347187745,0.24204644570624917,0.34485024657955965,54.43282682234199,1,1,1,1,1,1,1,1,1,1,1,1,1,1
param_20084,real_001,0.775653155883196,0.3925274115263303,0.05005804061394316,0.07553532872145531,0.4636978557878399,262.8590328281128,0,0,0,1,0,1,1,0,0,1,0,1,1,1
param_20084,real_002,0.8163961515927168,0.42630424677987977,0.13201696814365474,0.15741673129413594,0.5755103860212178,428.41168181987985,0,0,0,0,0,1,0,0,0,0,0,0,1,1
param_20084,real_003,0.8087053504250602,0.42505237188439976,0.09323467433492143,0.1324302916299991,0.06721503713397121,786.1731780298747,0,0,1,0,0,0,0,0,0,0,0,0,1,1
param_20084,real_004,0.7999714849152244,0.3920700941105889,0.05019927213429601,0.07996375885926338,0.3173926622696625,1050.9388869409138,0,0,0,0,1,0,1,0,0,0,0,0,1,1
param_20084,real_005,0.8461351233795422,0.45472755281726357,0.13374001270141672,0.17223537314143025,0.26909786619292114,524.9344054347451,1,1,0,0,0,0,0,0,0,0,0,0,1,1
param_20085,real_001,0.7623728827495659,0.4094297194013762,0.06005860337480774,0.08797918901186297,0.6260234373647678,228.32006664549937,0,0,0,1,0,1,1,0,0,1,0,1,1,1
param_20085,real_003,0.8004378751137431,0.4431989404618666,0.10269904736946918,0.14374353203597523,0.30666873931291777,711.907844826689,0,0,1,1,0,0,1,1,0,0,0,0,1,1
param_20085,real_004,0.7851002760060593,0.40109362988112013,0.06630948914140394,0.09727065240396043,0.12475274307257941,866.9494940387565,0,0,0,1,1,0,1,0,1,0,0,0,1,1
param_20085,real_005,0.8377940790559809,0.4688527593113323,0.1422415663530726,0.17622385787289732,0.4494661123665281,336.8011861836175,1,1,0,1,1,0,0,0,0,0,0,1,1,1
param_20086,real_001,0.7590124204054554,0.43234851396671253,0.06618403808570159,0.09807651094420247,0.6711043510954643,236.41849483463176,0,0,0,1,0,1,1,0,0,1,0,1,1,1
param_20086,real_003,0.7974318807667892,0.461831947313337,0.1143511306589923,0.1571102729910943,0.3111610968294773,710.4446148913462,0,0,1,1,0,0,1,1,0,0,0,0,1,1
param_20086,real_004,0.7753352155074313,0.428067012932923,0.0678996346714732,0.10190958137563833,0.1206128364389234,900.3769279683632,0,0,0,1,1,0,1,0,1,0,0,0,1,1
param_20086,real_005,0.831161503521197,0.4751925789244551,0.15072681991546427,0.1871885455804417,0.49332456761403864,348.73800292503677,1,1,0,1,1,1,0,1,0,0,0,1,1,1
param_20087,real_001,0.7478658817698021,0.4784270316169911,0.08164626209418885,0.11950631983798905,0.7449714335287337,191.4011015553512,1,1,1,1,1,1,1,1,0,1,1,1,1,1
param_20087,real_002,0.7834740301665422,0.537752231258852,0.1387485677794965,0.1677310800120325,1.0188326870437956,49.293560207069895,0,1,1,1,0,1,1,1,0,0,1,1,1,1
param_20087,real_003,0.7840776557782887,0.500927541991358,0.10917110183870178,0.15049860323775532,0.4779217497185655,465.0593173426643,1,0,1,1,1,1,1,1,0,0,1,1,1,1
param_20087,real_004,0.7631040942011527,0.4703218519920545,0.10651185957963406,0.1404742622568849,0.10485463419480633,548.0530486796927,1,1,1,1,1,0,1,0,1,0,1,0,0,1
param_20087,real_005,0.8270844626548324,0.51935711513904,0.15622580302071656,0.19554662858887498,0.7240513392857143,131.20398425669043,1,1,1,1,1,1,1,1,0,1,0,1,1,1
param_20088,real_001,0.763296153924586,0.5894959439603042,0.14140767932121176,0.1990956244110594,0.8567825112107623,160.25747055862445,1,1,1,1,1,1,1,1,0,1,1,1,1,1
param_20088,real_002,0.8101083040903461,0.6406218316768718,0.1848480289750118,0.22861123049028736,1.012014910069122,38.76328296799694,0,1,1,1,0,1,1,1,0,0,1,1,1,1
param_20088,real_003,0.7902938391453594,0.6170039387977522,0.1850459981448902,0.23826044606692057,0.5481725913704315,381.0692434935219,1,1,1,1,1,1,1,1,0,0,1,1,1,1
param_20088,real_004,0.7639090446786065,0.5947361950540369,0.16530674909599166,0.22158997597047272,0.2931848178218614,453.39004752750327,1,1,1,1,1,1,1,1,1,0,1,1,1,1
param_20088,real_005,0.8184292810005711,0.6031875349537276,0.21324983947887508,0.26696494037783175,0.6025895673786738,116.10975170952337,1,1,1,1,1,1,1,1,1,1,0,1,1,1
param_20089,real_001,0.7833008085612535,0.6564443355328068,0.1866136363959239,0.2628414208094071,0.35619059151177573,60.98711981855547,1,1,1,1,1,1,1,1,1,1,1,1,1,1
param_20089,real_002,0.8341128049731275,0.7178788283712696,0.20566617647845564,0.2743701698017276,0.5598997357164265,265.3673959428986,1,1,1,1,1,1,1,1,0,1,1,1,1,1
param_20089,real_003,0.7972001683688742,0.6598424163270628,0.18730655146038944,0.255447384800072,0.47344565765618396,155.27586371435257,1,1,1,1,1,1,1,1,0,1,1,1,1,1
param_20089,real_004,0.7954427044699921,0.69033631810703,0.20916309129553348,0.2917995198807375,0.1501117834679703,148.38176814522586,1,1,1,1,1,1,1,1,1,1,1,1,1,1
param_20089,real_005,0.8573948985535202,0.6964298571630251,0.25655487104696384,0.32935655173130635,0.2759559748427673,101.76501863737153,1,1,1,1,1,1,1,1,1,1,1,1,1,1
param_20090,real_001,0.8399762257112181,0.35982087793530326,0.04236276655965436,0.059590773204810744,0.6754493967003201,732.9116881415237,0,0,0,0,0,1,0,0,0,0,0,1,1,1
param_20090,real_002,0.8821274055283344,0.42329214969634166,0.092752057103116,0.11522683197740495,0.5714929214929215,354.7582338734304,0,0,0,1,0,0,0,1,0,0,0,0,0,1
param_20090,real_003,0.8537047656273657,0.40020693816065644,0.06566287861026715,0.08908865513411868,0.7954555501525131,692.4552201939437,0,1,0,0,0,0,0,0,0,0,0,1,0,1
param_20090,real_004,0.8456661413927897,0.340522952405699,0.07510634800231894,0.09432085907030846,0.15324681106831994,715.6085938886723,0,0,0,0,0,0,0,0,0,0,0,0,1,1
param_20090,real_005,0.8377876618694293,0.3784688463348077,0.08387236919125032,0.09494499633858487,0.7625173931887133,98.87763424171891,0,0,0,1,0,1,0,1,0,1,0,0,1,1
param_20091,real_001,0.8367164852231618,0.3841610404834818,0.04543998811892161,0.06676353073259164,0.864317579096684,680.5520600625805,0,0,0,0,0,1,0,0,0,0,0,1,1,1
param_20091,real_002,0.8831979790703189,0.4512871105880026,0.0950897819263465,0.11670548671287641,0.7235938149636698,328.46893649149683,0,0,1,1,0,0,0,1,0,0,0,0,0,1
param_20091,real_003,0.8522753440288621,0.42214565516142755,0.06894023828458287,0.09334361782166022,0.9675822714908064,662.0338923447828,0,1,1,0,0,0,0,0,0,0,0,1,0,1
param_20091,real_004,0.839858494607024,0.3549798572622381,0.07464659939393865,0.09405779067752512,0.26441303011677936,692.6467275249344,0,0,0,0,0,1,0,0,0,0,0,0,1,1
param_20091,real_005,0.8350852059382535,0.40004339175585196,0.08850538438934175,0.10157760896850347,0.9702411920171478,77.72378684054557,0,0,0,1,0,1,0,1,0,1,0,0,1,1
param_20092,real_001,0.832736390522347,0.4069314656710704,0.056173285659113795,0.07922818076391305,0.8622182325952523,678.1304176095052,0,0,0,1,0,1,0,0,0,0,0,1,1,1
param_20092,real_002,0.8773123827095972,0.4725947756685439,0.10275383639246409,0.12544074359078605,0.6707688185419817,301.8652127660144,0,0,1,1,0,0,0,1,0,0,0,0,0,1
param_20092,real_003,0.8459164460832662,0.4507783573003485,0.07822758990684058,0.10327834104288353,0.9129627434712181,613.8747566872304,0,1,1,0,0,0,0,0,0,0,0,1,0,1
param_20092,real_004,0.8362279384476006,0.37999319020576194,0.08855449176643738,0.11123851212296204,0.24172972109644833,663.2726659423378,0,0,0,0,0,1,0,0,0,0,0,0,1,1
param_20092,real_005,0.8287042942691797,0.4230943600570146,0.09606723396461682,0.11168270675410141,0.9411395353547629,39.59572184691629,0,0,0,1,0,1,0,1,0,1,0,0,1,1
param_20093,real_001,0.8101015550373591,0.4666163964022754,0.06465376701455568,0.0977894235679933,1.0116245192867963,481.43413437187075,1,0,1,1,1,1,1,1,0,1,0,1,1,1
param_20093,real_002,0.8649112650933535,0.532950546497116,0.10775882321543467,0.13675748687673345,0.9016124320037842,346.7135051400885,1,1,1,1,1,1,1,1,0,1,0,0,0,1
param_20093,real_003,0.8405475675164576,0.5118768089389569,0.08687040872023534,0.1151196762985164,1.212496535224007,394.01602897741105,1,1,1,1,1,1,1,1,0,1,0,1,0,1
param_20093,real_004,0.7999130795332153,0.41098682071250414,0.07680029326082788,0.10390364694072556,0.49279620718533973,551.0278551932677,1,0,1,0,1,1,1,1,0,1,0,1,1,1
param_20093,real_005,0.814265735127265,0.46913990949561873,0.09642694783149768,0.12861807528902774,1.224616139459709,65.70773508349993,1,1,1,1,1,1,1,1,0,1,0,1,1,1
param_20094,real_001,0.8128335071140278,0.5687613552163368,0.12194009628134815,0.1729230666859234,0.8109276537540911,269.0736879282227,1,1,1,1,1,1,1,1,0,1,0,1,1,1
param_20094,real_002,0.8595606547854804,0.6231335805862358,0.15513860500508037,0.2053765260014169,0.6685226936302976,240.9434096490506,1,1,1,1,1,1,1,1,0,0,0,1,1,1
param_20094,real_003,0.8296023482146672,0.6008441517798898,0.13330824703784208,0.18172309462008823,0.8613267212879114,389.41985663691776,1,1,1,1,1,1,1,1,0,1,0,1,1,1
param_20094,real_004,0.8123282845942488,0.5437845910394609,0.15266967920601346,0.19733313693958238,0.5461280692134284,410.5861606847648,1,1,1,0,1,1,1,1,0,1,0,0,1,1
param_20094,real_005,0.8053215139073413,0.5673665782905427,0.15160538433488463,0.1902411482172288,0.9953553993482577,68.72593623102841,1,1,1,1,1,1,1,1,0,1,0,1,1,1
param_20095,real_001,0.7970278052691198,0.6541812610037512,0.17074433937734212,0.241391238521469,0.3940593224422919,94.52964855563033,1,1,1,1,1,1,1,1,1,1,1,1,1,1
param_20095,real_002,0.8521640436937955,0.7012904043079982,0.1771011066247631,0.24918362458399784,0.4071948916269449,411.98058459469996,1,1,1,1,1,1,1,1,1,1,1,1,1,1
param_20095,real_003,0.8406467847017559,0.6901325863425872,0.168725851253549,0.23779340472756239,0.4550635875191009,321.5389160101387,1,1,1,1,1,1,1,1,1,1,1,1,1,1
param_20095,real_004,0.7764831472577031,0.5962991555758588,0.1679309104649314,0.23957683323100368,0.35766499009297364,221.22118688121571,1,1,1,1,1,1,1,1,1,1,1,1,1,1
param_20095,real_005,0.8110528938820306,0.6555777085450569,0.18308981341213126,0.2522132613445181,0.4205644234143744,140.34270731695364,1,1,1,1,1,1,1,1,1,1,1,1,1,1
param_20096,real_001,0.7869386610461375,0.36245452624702607,0.03725660351689618,0.0544964353666542,0.6008015849520643,788.0598456739347,0,1,0,0,0,1,0,0,0,0,0,0,1,1
param_20096,real_002,0.8326784741106336,0.49493887255207963,0.13535128955653838,0.14877398572922654,0.9820226735664503,137.77047701849673,0,0,0,0,1,1,0,0,0,0,0,0,1,1
param_20096,real_003,0.7604412143202335,0.359136593815741,0.010223094981110924,0.028645083798217962,0.3232838504871828,571.079782289154,0,0,0,1,1,0,0,0,0,1,0,0,0,1
param_20096,real_004,0.8292866475203943,0.39640502778984865,0.07404572188862506,0.10307516246271671,0.5666323668865888,286.35441526860507,0,1,0,1,0,0,1,1,0,0,0,1,1,1
param_20096,real_005,0.8649288523636239,0.4443304099170576,0.17056087584131394,0.19757869987883203,0.49920534995562343,141.5068087742531,0,1,0,0,0,1,0,1,0,1,0,1,1,1
param_20097,real_001,0.7805718858095761,0.3881396482890808,0.03974887281585641,0.06319724783799234,0.9348156555931654,688.9735082370578,0,1,0,0,0,1,0,0,0,0,0,0,1,1
param_20097,real_002,0.8267309198615465,0.522992310927395,0.14691572691692037,0.15525247595618702,1.4004572009144018,45.91150332665846,0,0,0,0,1,1,0,0,0,1,0,0,1,1
param_20097,real_003,0.7533964276119239,0.3815882540927349,0.020565520809822675,0.04358270190087118,0.6330646515533166,590.7674333930372,0,0,0,1,1,0,0,1,0,1,0,0,1,1
param_20097,real_004,0.8288566926563236,0.4312410555598315,0.0951592423031452,0.12485995493362637,0.7051142156950432,308.22727112482403,0,1,0,1,0,0,1,1,0,0,0,1,1,1
param_20097,real_005,0.8667290374639381,0.4743791270485351,0.18717135659160372,0.21677536318028537,0.7235521094307189,108.65208014277721,0,1,0,1,1,1,0,1,0,1,0,1,1,1
param_20098,real_001,0.7750118275295991,0.4036876959462793,0.04358633812756125,0.06911845448867678,0.954612123525748,679.5914660437619,0,1,0,0,0,1,0,0,0,0,0,0,1,1
param_20098,real_002,0.8229944769904312,0.5408416022578738,0.15853455572268346,0.16563180556506324,1.3438327421691563,67.66124621005058,0,0,0,0,1,1,0,0,0,1,0,0,1,1
param_20098,real_003,0.7475319812815512,0.3948828941716008,0.02235085702404134,0.047186345535146064,0.6250330207370228,555.6041522888439,0,0,0,1,1,0,0,1,0,1,0,0,1,1
param_20098,real_004,0.8236130486660262,0.4584464212329184,0.10254938964110291,0.13700046874703709,0.7256494083365908,280.7631559225803,0,1,0,1,0,0,1,1,0,0,0,1,1,1
param_20098,real_005,0.8601600188336839,0.484424447693454,0.19111447378452645,0.22157546972138978,0.7242340828656204,132.4937599968724,0,1,0,1,1,1,0,1,0,1,0,1,1,1
param_20099,real_001,0.7672137491164018,0.4705923038624719,0.06063684201570279,0.09686181572108078,1.151865510929256,430.6066712991186,1,1,1,1,1,1,0,1,0,1,0,1,1,1
param_20099,real_002,0.8227557760386466,0.6033196842524906,0.15842553460383502,0.18070374446098392,1.2527817362640525,58.433645481232574,1,1,0,1,1,1,0,1,1,1,0,1,1,1
param_20099,real_003,0.746611890179701,0.45913103391181176,0.04542742218950111,0.08166876818538196,1.1424322996081,380.6412491328399,1,1,1,1,1,0,0,1,0,1,0,1,1,1
param_20099,real_004,0.8237598304116155,0.514727224362734,0.12544003708462717,0.15627817016239337,0.8155629097087502,347.37145820659566,1,1,1,1,1,1,1,1,0,0,0,1,1,1
param_20099,real_005,0.882451873941242,0.5751322854800918,0.23855470082781108,0.2762867787279281,0.6225386625326615,103.57785799375469,1,1,1,1,1,1,1,1,0,1,0,1,1,1
param_20100,real_001,0.7683026874443759,0.5578527325772226,0.11537778732180527,0.1614972930025818,1.1286283299024324,212.00274751462356,1,1,1,1,1,1,1,1,0,1,0,1,1,1
param_20100,real_002,0.8053837298976945,0.6424720621903357,0.17921155015718282,0.21440684154843134,1.228282370135188,161.44881945451743,1,1,1,1,1,1,0,1,1,1,0,1,1,1
param_20100,real_003,0.7479616275846545,0.5531145033103931,0.09912771740703119,0.14930128751656604,1.0272343647356172,44.632582994113264,1,1,1,1,1,1,1,1,1,1,0,1,1,1
param_20100,real_004,0.810577665529153,0.6054685924318217,0.1679924579822841,0.21068051279377095,0.8908952889216047,247.93476861716823,1,1,1,1,1,1,1,1,0,0,0,1,1,1
param_20100,real_005,0.8696181581865308,0.6717177130287104,0.2854053813939603,0.3277158046144042,0.6240581390164519,111.42249885119328,1,1,1,1,1,1,1,1,1,1,0,1,1,1
param_20101,real_001,0.7876184746466788,0.6498212173702798,0.16404461253741232,0.23474005098563464,0.537123955704891,62.506728245402314,1,1,1,1,1,1,1,1,1,1,1,1,1,1
param_20101,real_002,0.840965174841729,0.7370673683052034,0.22829744909183802,0.2961813084587806,0.5086873647142441,273.0093466515122,1,1,1,1,1,1,1,1,1,1,1,1,1,1
param_20101,real_003,0.7691539850856931,0.6438173084762071,0.1508056455723812,0.2251103515955801,0.42424605719834796,79.93358836387435,1,1,1,1,1,1,1,1,1,1,1,1,1,1
param_20101,real_004,0.8555125995360581,0.7133878365436551,0.21783577444463784,0.29421903334966193,0.344105043598831,384.2189268121002,1,1,1,1,1,1,1,1,1,1,1,1,1,1
param_20101,real_005,0.9292389819797094,0.8174961421817454,0.3906292791954472,0.4627825640431276,0.1924234062627953,141.78685947972627,1,1,1,1,1,1,1,1,1,1,1,1,1,1
param_20102,real_001,0.7937926258549396,0.40158878555957533,0.09586829538205743,0.12418790358933547,0.38976541979893126,689.9007189230952,0,1,0,1,1,0,0,1,0,0,0,0,0,1
param_20102,real_002,0.8168498470180167,0.4910936815441266,0.1810752176418477,0.2041979126938202,0.6623392380490172,94.23269299964126,0,0,0,0,0,1,0,0,0,1,0,0,1,1
param_20102,real_003,0.7696295076546703,0.3660388710401075,0.042117591225257225,0.05660827151336484,0.1397963655979232,829.465053778831,1,0,0,0,1,0,0,0,1,0,0,0,1,1
param_20102,real_004,0.8214503809694164,0.4217888033024352,0.11412293706686208,0.14084532365171204,0.1681537660792624,367.8465084466412,0,0,0,0,1,0,0,0,0,1,0,0,1,0
param_20102,real_005,0.8007005698839587,0.3611448007406121,0.06790606473209383,0.09260769352899376,0.10277536860364267,734.1615023496406,0,0,0,0,0,0,0,0,0,0,0,0,1,1
param_20103,real_001,0.7869159539641281,0.4288584676208429,0.10340710239369023,0.1353588513326096,0.6830791229742612,489.12589212327794,0,1,0,1,1,0,1,1,0,0,0,1,0,1
param_20103,real_002,0.8058020480295082,0.521765231449423,0.19186119390516695,0.2085450869539643,1.102387969142758,116.57937777025369,0,1,0,1,0,1,0,0,0,1,0,1,1,1
param_20103,real_003,0.7563068837349347,0.3796126228208423,0.04577289969004115,0.06236593677185562,0.0558768880364421,748.5507395645503,1,0,0,0,1,0,0,0,1,0,0,0,1,1
param_20103,real_004,0.8002190307326054,0.4319057840920927,0.12100251280148541,0.15066541987500148,0.060642957401112745,320.5826536581866,0,1,0,1,1,0,0,0,0,1,0,0,1,0
param_20103,real_005,0.7836807462812958,0.3633068964538769,0.09359171440950209,0.1188235030791992,0.11191528734450498,672.0868896150477,0,0,0,1,0,0,0,0,0,0,0,0,1,1
param_20104,real_001,0.7846641916373058,0.4513093237560174,0.11394682755467375,0.14936771692816198,0.720959378377955,453.04645681452945,0,1,0,1,1,0,1,1,0,0,0,1,0,1
param_20104,real_002,0.8018359678002804,0.5559179839286861,0.1993553253289035,0.21443918909448956,1.1700413533029075,135.99833529227877,0,1,0,1,0,1,0,0,0,1,0,1,1,1
param_20104,real_003,0.7536654308611119,0.39845738112704515,0.05055665861962248,0.07029904508551986,0.08535527959438607,721.6913626041361,1,0,0,0,1,0,0,0,1,0,0,0,1,1
param_20104,real_004,0.7979023333390214,0.47244493516293595,0.12782423304395166,0.16251738943426808,0.09212568205710091,300.5500133065418,0,1,0,1,1,0,0,0,0,1,0,0,1,0
param_20104,real_005,0.7775570673972493,0.39240186188327003,0.09496829354728428,0.1223717283162257,0.19614946271572778,683.4101539284754,0,0,0,1,0,0,0,0,0,0,0,0,1,1
param_20105,real_001,0.786457368095624,0.5022180925937871,0.12656593921376202,0.16466131491926275,0.851871676836884,119.2173180647012,1,1,1,1,1,1,1,1,1,1,1,1,0,1
param_20105,real_002,0.7965803005176091,0.5928913306701109,0.18895715180072956,0.20892769938335445,1.4018907116337647,134.47422164955012,1,1,0,1,1,1,0,1,0,1,0,1,1,1
param_20105,real_003,0.7417951059627184,0.4588764142877707,0.06069811036747966,0.08970418554350051,0.3738858978419219,457.07337970312545,1,0,1,0,1,1,0,0,1,1,0,1,1,1
param_20105,real_004,0.7790978231379226,0.5001829121324605,0.14911969229800043,0.1898244905225922,0.5291654784434708,210.25694580400005,0,1,0,1,1,0,1,1,1,1,0,1,1,0
param_20105,real_005,0.7683800537996338,0.4529241281383459,0.13668046058380884,0.17733953549149703,0.5171138378441849,449.6096412511691,1,1,1,1,1,1,0,0,0,0,0,1,1,1
param_20106,real_001,0.8084856675012138,0.6292089531443704,0.1844411216911978,0.23758130115312523,0.7445868227222279,44.10219947651374,1,1,1,1,1,1,1,1,1,1,1,1,1,1
param_20106,real_002,0.7967100244403266,0.6725968767164049,0.2216627547450489,0.24980139097997733,1.3168894561878446,203.19823129798337,1,1,0,1,1,1,1,1,0,1,0,1,1,1
param_20106,real_003,0.7561701176596972,0.565381530044702,0.1227433150967682,0.17211252001351063,0.4929258180299671,209.57141926275898,1,0,1,1,1,1,0,1,1,1,0,1,1,1
param_20106,real_004,0.8037106657463589,0.6666080793941289,0.21907714854409238,0.273932591297003,0.6396075943631339,129.5087592892545,1,1,0,1,1,1,1,1,1,1,1,1,1,1
param_20106,real_005,0.7594532736105202,0.5771662937763464,0.17935332786056016,0.22534428739060858,0.8040829935113232,455.2054801996809,1,1,1,1,1,1,0,1,0,0,0,1,1,1
param_20107,real_001,0.8370806523946936,0.7043063003166269,0.21259905537462906,0.2892487869475047,0.4342064990052543,112.33747416726587,1,1,1,1,1,1,1,1,1,1,1,1,1,1
param_20107,real_002,0.8303534254700948,0.7355351889466125,0.24575990953354374,0.302999313376612,0.598565289960581,175.23606043377043,1,1,1,1,1,1,1,1,1,1,1,1,1,1
param_20107,real_003,0.7656858199983231,0.6347363556568161,0.15540645296291994,0.23100555259656916,0.3918507839937001,133.9669823080058,1,1,1,1,1,1,1,1,1,1,1,1,1,1
param_20107,real_004,0.8230340406246037,0.7154969204655681,0.24580396824680067,0.3243151785748206,0.39818963910158595,51.06326669578877,1,1,1,1,1,1,1,1,1,1,1,1,1,1
param_20107,real_005,0.8037392094121054,0.6910670269903387,0.24642553007714976,0.32437493261328376,0.3428887467349006,188.0880892799205,1,1,1,1,1,1,1,1,1,1,1,1,1,1
param_20108,real_001,0.8390223872302839,0.35356691247422845,0.047615447385546544,0.07123076652841226,0.6369103855105192,849.0764651770692,0,1,0,1,0,0,0,0,0,0,0,0,0,1
param_20108,real_002,0.8569927072789543,0.47245160145521153,0.0554887799080174,0.08771196552540238,0.8588430730020026,353.84322047041667,0,0,0,0,0,0,0,0,0,1,0,0,0,1
param_20108,real_003,0.8604340560115122,0.38875167854166365,0.04720017722548347,0.07134960565569051,0.5369219685712999,111.90725985076561,1,0,0,0,1,0,0,1,0,0,0,0,0,1
param_20108,real_004,0.9110149855676671,0.5019635343861666,0.23518338388711066,0.2606139605136473,0.3862622866615302,27.10370990100158,0,0,0,0,0,0,0,0,0,0,0,0,1,1
param_20108,real_005,0.8169774538395684,0.3198302947923949,0.0270825742465604,0.05209540036002541,0.20122492870166908,743.2024858892139,0,1,0,0,0,1,0,0,0,0,0,0,1,1
param_20109,real_001,0.8363985057773421,0.3826553976243529,0.05628187434996294,0.0819583085376184,0.8348137261166848,749.1731901670348,0,1,0,1,0,0,0,0,0,0,0,0,0,1
param_20109,real_002,0.8502934618414365,0.48113818161613997,0.059748928935136565,0.09233695401435853,1.0065988980480929,332.445557699137,0,0,0,0,0,0,0,0,0,1,0,1,0,1
param_20109,real_003,0.8584589848198864,0.4076498657880635,0.054113222232325085,0.07905285266114295,0.735695283138381,107.65315364451502,1,0,0,0,1,0,0,1,0,0,0,0,0,1
param_20109,real_004,0.9092809598514129,0.520773831471043,0.22876343704147092,0.2508641337026572,0.5582666406402499,29.865796405554498,0,0,0,0,0,0,0,0,0,0,0,0,1,1
param_20109,real_005,0.8112350321140528,0.33806018937129756,0.04081175366997941,0.06951617957915987,0.3514548074234963,769.6066541674563,0,1,0,0,0,1,0,0,0,0,0,0,1,1
param_20110,real_001,0.8300467032665378,0.40480732945578196,0.06643746862733885,0.0936457982853815,0.8167472482254912,754.6125950877978,0,1,0,1,0,0,0,0,0,0,0,0,0,1
param_20110,real_002,0.8484472393725433,0.5134378390798581,0.07798202917429768,0.11058235401975686,0.9577763588803526,305.478991111248,0,0,0,0,0,0,0,0,0,1,0,0,0,1
param_20110,real_003,0.8531238965110529,0.4295031126751646,0.06461206018864153,0.09160361022403622,0.7059350503919373,94.28459255901949,1,0,0,1,1,0,0,1,0,0,0,0,0,1
param_20110,real_004,0.9052597125141219,0.5504692380011275,0.24058208195890368,0.2665754115757795,0.5178650013621409,36.564652423671944,0,0,0,0,0,0,0,0,0,0,0,0,1,1
param_20110,real_005,0.8026388166975881,0.3544899767359058,0.043363944243430465,0.07475616496975089,0.3329817307286612,781.385217523015,0,1,0,0,0,1,0,0,0,0,0,0,1,1
param_20111,real_001,0.812067552470697,0.48718800463183315,0.07793408328740434,0.11102292052633243,1.1210339569526715,492.40807213681455,1,1,1,1,1,1,1,1,0,1,0,1,0,1
param_20111,real_002,0.8164071144673393,0.5322359856817591,0.08019472577930019,0.11855941634660354,1.163321084758116,391.9786315977275,1,1,1,1,1,1,1,1,0,1,0,1,0,1
param_20111,real_003,0.8354122209203158,0.48472706091675116,0.0796568883911504,0.11419409060539187,0.9645801209820899,91.98526149532135,1,1,1,1,1,1,0,1,0,1,0,1,0,1
param_20111,real_004,0.89601984633069,0.5855078014437314,0.2151869478951919,0.24503520365356285,0.6587600590735103,19.32138401465558,1,1,1,1,1,1,1,1,0,1,0,0,1,1
param_20111,real_005,0.792870120979983,0.4501708128139901,0.08903006676281619,0.13640302949034772,0.6324086773142208,639.1827874315061,1,1,1,0,1,1,1,0,0,0,0,1,1,1
param_20112,real_001,0.8122730058589318,0.5814051995188062,0.13743498269684998,0.18302624916987992,0.8677511914584437,274.2096805040387,1,1,1,1,1,1,1,1,0,1,0,1,1,1
param_20112,real_002,0.8190668893729609,0.6378282917492922,0.14447739737713683,0.18814760163720293,0.9072041382790815,192.68830579457506,1,1,1,1,1,1,1,1,0,1,0,1,1,1
param_20112,real_003,0.8367799113665184,0.5982891765062088,0.14383283069519492,0.1961200934218893,0.6307767643998287,154.84421242802176,1,1,1,1,1,1,1,1,0,1,0,1,1,1
param_20112,real_004,0.8908034091974761,0.6964594199244623,0.2612376395942981,0.30553052461023555,0.5373758224745194,21.848037564496178,1,1,1,1,1,1,1,1,0,1,0,0,1,1
param_20112,real_005,0.7823822225524202,0.5266035525053754,0.1498568940833787,0.19980943843698806,0.6960887316638517,584.5172954503097,1,1,1,1,1,1,1,1,0,0,0,1,1,1
param_20113,real_001,0.7977488507553423,0.6735572102222576,0.16620764824699358,0.23836846673486498,0.4111132396254879,92.63697796387298,1,1,1,1,1,1,1,1,1,1,1,1,1,1
param_20113,real_002,0.7911310001553333,0.682054983359841,0.1710987412827987,0.24103629902896614,0.4352829155360832,191.60519750189962,1,1,1,1,1,1,1,1,1,1,1,1,1,1
param_20113,real_003,0.8153505981350869,0.6543038677457729,0.17085972279532022,0.24060755218292734,0.40354375394960457,147.24403809911303,1,1,1,1,1,1,1,1,1,1,1,1,1,1
param_20113,real_004,0.8875419720392738,0.7626687268653397,0.2843082689250831,0.3535097438861735,0.2666928274492011,99.83124734769717,1,1,1,1,1,1,1,1,1,1,1,1,1,1
param_20113,real_005,0.8051187562204283,0.6754368405007878,0.23068280105013272,0.30252344638388784,0.3178053123700914,138.25860010380018,1,1,1,1,1,1,1,1,1,1,1,1,1,1
param_20114,real_001,0.8200575348389871,0.3805357363733463,0.043315833218672516,0.06846104968406057,0.793561960866821,760.4715642637024,0,1,1,1,0,0,1,0,0,0,0,1,0,1
param_20114,real_002,0.8182566083707481,0.4466324879643288,0.03558529608943197,0.0646444423378914,0.674364307849047,544.4579143455808,1,0,1,0,0,0,0,0,0,1,0,0,0,1
param_20114,real_003,0.8238118848179912,0.4076362886374277,0.03743991204306248,0.05581278839479873,0.4686236033799207,280.54799230963283,1,0,0,0,1,0,0,1,0,0,0,1,0,1
param_20114,real_004,0.8908396089965265,0.4873313273513212,0.19685078232442738,0.2257203854380816,0.38009361233480177,187.32908881863284,0,0,0,0,0,0,0,0,0,0,0,0,1,1
param_20114,real_005,0.8031753961748703,0.38765297266909937,0.02797341414048503,0.04650448540000309,0.284333525678015,690.7344716049555,0,0,0,0,0,0,0,0,0,0,0,0,1,0
param_20115,real_001,0.8121040069098261,0.39729173282174757,0.04752520784423298,0.07395856795911143,0.9042854409795293,676.5985209238,0,1,1,1,1,0,1,0,0,0,0,1,0,1
param_20115,real_002,0.8144573596548003,0.46037583041093927,0.04446916317097788,0.0765598516176166,0.9307975067923925,478.9196365548213,1,0,1,0,0,0,0,1,0,1,0,1,0,1
param_20115,real_003,0.8179755148101135,0.4180837013897038,0.0434210111176406,0.06387236739425436,0.5935050804949564,232.45625678956642,1,0,0,0,1,0,0,1,0,0,0,1,0,1
param_20115,real_004,0.8876117093490657,0.5035723708278593,0.20112263022905857,0.22993933107308817,0.5085761130029007,131.70308114577261,0,0,0,0,0,1,0,0,0,0,0,0,1,1
param_20115,real_005,0.7976494526803246,0.40071488776443703,0.04867256248781895,0.06645863461998455,0.4106491302503182,656.9208525210458,1,0,0,0,0,0,0,0,0,0,0,0,1,1
param_20116,real_001,0.8082550771512862,0.4169185438791847,0.056025076202104326,0.08589814057003096,0.890335261830589,664.8346369872787,0,1,1,1,1,0,1,0,0,0,0,1,0,1
param_20116,real_002,0.8089352460554258,0.48943257667234374,0.05946768618764027,0.09422857529324385,0.9325419151569708,389.7320673547755,1,0,1,0,0,0,0,1,0,1,0,0,0,1
param_20116,real_003,0.812127537858762,0.43218011963731057,0.04927877503288257,0.07213258098347844,0.5596918673474797,242.6779148732282,1,0,0,1,1,0,0,1,0,0,0,1,0,1
param_20116,real_004,0.8818139923989343,0.5295002287992834,0.21507152333747304,0.24646937542568711,0.4721456490434067,130.11482666176627,0,0,0,0,0,0,0,0,0,0,0,0,1,1
param_20116,real_005,0.7871026897144611,0.4176709008341222,0.0511617593830121,0.07098258518678797,0.406072145965852,667.8538332780005,1,0,0,0,0,0,0,0,0,0,0,0,1,1
param_20117,real_001,0.7868823068993898,0.4764217021672262,0.0661848847236651,0.10541430516189487,0.8861493098802776,432.6364108286595,0,1,1,1,1,1,1,1,0,1,1,1,0,1
param_20117,real_002,0.7948693654082869,0.5313133365204948,0.07234628937605572,0.10974154413732538,1.157066600002941,323.66341069901495,1,1,1,1,1,1,1,1,0,1,0,1,0,1
param_20117,real_003,0.8038820378473072,0.47512011146899913,0.06938758565334285,0.10014586271636394,0.6875274370561653,176.42234736433835,1,0,1,1,1,1,0,1,1,0,0,1,0,1
param_20117,real_004,0.8854981560197666,0.5683172060716689,0.20852132370079596,0.24407021344281943,0.5776210842677147,118.6828059562972,1,1,0,1,1,1,1,1,0,0,0,1,1,1
param_20117,real_005,0.7779866607487574,0.4809037992050833,0.09357463065525329,0.13018568616614531,0.5357826143245537,410.59262045438516,1,1,0,0,1,0,0,0,0,0,0,1,1,1
param_20118,real_001,0.798158394870162,0.588074356966996,0.13200445752867782,0.18395576205318925,0.7843231703979419,251.43393622713646,1,1,1,1,1,1,1,1,0,1,1,1,1,1
param_20118,real_002,0.7962877772293401,0.6386634618157848,0.13836183282659031,0.18238510348931328,0.9123667532719811,123.3211408263862,1,1,1,1,1,1,1,1,0,1,0,1,1,1
param_20118,real_003,0.7988789607279696,0.5807043602305456,0.12160234639263984,0.16946468574730922,0.4968465825755353,179.17248617859366,1,1,1,1,1,1,0,1,1,0,0,1,1,1
param_20118,real_004,0.8749600535218883,0.6882888061294002,0.2629959203758059,0.30450947529789263,0.5711186423271457,48.18557827834539,1,1,0,1,1,1,1,1,0,0,0,0,1,1
param_20118,real_005,0.7627299041182121,0.5631376771547751,0.14750124546867244,0.19008637439408507,0.757645708795901,457.63090317151364,1,1,0,1,1,0,0,1,0,0,0,1,1,1
param_20119,real_001,0.7936717005398052,0.6599833738002048,0.16667383699238894,0.24213736120345938,0.3836677437339264,140.2277548762732,1,1,1,1,1,1,1,1,1,1,1,1,1,1
param_20119,real_002,0.7928897478945229,0.6813177535303058,0.16357378003083212,0.2295796689187871,0.4867171287181397,177.23027995044134,1,1,1,1,1,1,1,1,1,1,1,1,1,1
param_20119,real_004,0.8976381180738306,0.7539531071520251,0.3001777625048515,0.3689573847158748,0.24546482753391508,60.76965526778345,1,1,1,1,1,1,1,1,1,1,1,1,1,1
param_20119,real_005,0.7983774195082957,0.6725190911316454,0.20859417759129226,0.2795748408321762,0.43685868129635275,126.64454657444455,1,1,1,1,1,1,1,1,1,1,1,1,1,1
param_20120,real_001,0.7843892544118823,0.37452717266083163,0.03096456994633477,0.047849073002594035,1.3943830382921636,341.7274906338341,0,0,0,1,0,1,0,1,0,0,0,1,1,1
param_20120,real_002,0.7966217530054693,0.47362250450672705,0.06261519404992753,0.08552906463549431,0.726569264069264,312.06464118272214,1,0,0,1,1,0,1,1,1,1,0,1,0,1
param_20120,real_003,0.8071562100170883,0.3983274843278004,0.036695805948248304,0.05186236067885369,1.162734614947105,60.374954142096904,1,0,0,0,0,1,0,1,0,1,0,0,0,1
param_20120,real_004,0.7750633121883389,0.35088023932048784,0.037677139577196685,0.056915411133438114,0.7660781188549192,894.5480184433457,1,0,0,0,1,1,0,1,0,0,0,1,0,1
param_20120,real_005,0.8627666724578534,0.46327010802563867,0.13428903751478916,0.1683205718507574,0.4594371194709891,410.4949549403524,0,0,1,0,0,0,1,0,0,1,0,1,1,1
param_20121,real_001,0.7745424316793471,0.39826152462248393,0.04289396211116246,0.06379630668310333,1.848177463562079,173.2486416753972,0,0,1,1,0,1,0,1,0,0,0,1,1,1
param_20121,real_002,0.7948083009543399,0.49656174909718653,0.07436198341340639,0.10010271046030816,0.9526944927916982,270.98217029810473,1,1,1,1,1,0,1,1,1,1,0,1,0,1
param_20121,real_003,0.8022393601526481,0.40219297133774856,0.040235164872834454,0.05620857912655856,1.2504766893661603,54.17160655646449,1,0,0,0,0,1,0,1,0,1,0,0,0,1
param_20121,real_004,0.7678471901006674,0.36499411990712505,0.047406873297861314,0.06895899243203782,1.0227878514847768,745.0821231910855,1,0,0,0,1,1,0,1,0,0,0,1,0,1
param_20121,real_005,0.8636754935235325,0.4785483807605449,0.14575132293060208,0.18792798349747272,0.6876732339501086,425.18068836676844,0,0,1,1,0,1,1,1,0,1,0,1,1,1
param_20122,real_001,0.7617579334281487,0.40232166120641993,0.041836713143993044,0.06401534970648956,1.8681927406095864,165.3167840049033,0,0,1,1,0,1,0,1,0,0,0,1,1,1
param_20122,real_002,0.7906801716247182,0.5175388435670599,0.08193998300076911,0.10927489655951007,0.9734962833122343,246.7877917426278,1,1,1,1,1,0,1,1,1,1,0,1,0,1
param_20122,real_003,0.7958801184549041,0.41724985766450323,0.0452767754717005,0.06363439928713348,1.16912300591141,50.59663418461661,1,0,0,0,0,1,0,1,0,1,0,0,0,1
param_20122,real_004,0.7556623941648435,0.3768395754460792,0.049974196169929555,0.07310220286410211,1.090703448275862,640.3601466758248,1,0,0,0,1,1,0,1,0,0,0,1,0,1
param_20122,real_005,0.8513666986851416,0.49884405405980753,0.1611371886200303,0.20315899613852256,0.7269867248590652,410.69566826985863,0,0,1,1,0,1,1,1,0,1,0,1,1,1
param_20123,real_001,0.7835128625821283,0.5078629460766309,0.0861184007684153,0.10981652008597355,1.8249388123148267,299.72370928749416,0,1,1,1,0,1,1,1,0,1,0,1,1,1
param_20123,real_002,0.7952662084415911,0.5767710846625463,0.09984237191257654,0.1334576756767728,1.0901920638429055,197.24311319313475,1,1,1,1,1,1,1,1,1,1,0,1,0,1
param_20123,real_003,0.7842746312886952,0.4420994497887563,0.052109574015002255,0.0774181913796697,1.1326686781232236,107.22601868269874,1,0,1,1,1,1,0,1,0,1,0,1,0,1
param_20123,real_004,0.7579651789261088,0.4192713134797572,0.07697242940294322,0.10530230835199234,1.0862724478239767,488.91388001368057,1,0,0,1,1,1,1,1,0,0,0,1,1,1
param_20123,real_005,0.8653399755393159,0.5444983798519112,0.19705705818993624,0.24149202598920705,0.7579569201093072,406.9359760349004,1,1,1,1,0,1,1,1,0,1,1,1,1,1
param_20124,real_001,0.7466494611022807,0.5413308641332076,0.10156225488842255,0.13678969163062135,1.6986091383408104,365.2177580016274,1,1,1,1,0,1,1,1,0,1,0,1,1,1
param_20124,real_002,0.7985363613554649,0.6487099164562313,0.15047266691518538,0.19939900030440025,0.825959261960181,188.62736716910035,1,1,1,1,1,1,1,1,1,1,0,1,1,1
param_20124,real_003,0.7704597842093256,0.5376004535707313,0.09658379032991726,0.1390180126720436,0.9133801876600754,30.812995491593973,1,1,1,1,1,1,1,1,0,1,0,1,1,1
param_20124,real_004,0.7518165804589992,0.5241044766675591,0.11967479756047496,0.16115715889251128,1.1511566582763995,252.65114043031758,1,1,1,1,1,1,1,1,0,0,0,1,1,1
param_20124,real_005,0.8347749366653728,0.6478604293667165,0.23540312656836127,0.2816879211352204,0.6699814577722838,282.1255043414694,1,1,1,1,0,1,1,1,0,1,1,1,1,1
param_20125,real_001,0.8241779803812971,0.6971089876299651,0.1625576025438903,0.2311930567649895,0.6648833922261485,297.57402874060466,1,1,1,1,1,1,1,1,1,1,1,1,1,1
param_20125,real_002,0.823712473331997,0.7178985193031715,0.17520451859505992,0.24801108774556688,0.3982100918084122,160.35512905759265,1,1,1,1,1,1,1,1,1,1,1,1,0,1
param_20125,real_003,0.7705980586242476,0.5823045366178734,0.12159820955779738,0.18914179919056057,0.5509688112310469,87.49579303360827,1,1,1,1,1,1,1,1,1,1,0,1,0,1
param_20125,real_004,0.7857978919069936,0.6153953878898725,0.1693136679751208,0.24198911553384211,0.46258390863105653,179.19945758811747,1,1,1,1,1,1,1,1,1,1,1,1,1,1
param_20125,real_005,0.9013497065251741,0.7791629593808149,0.3304063759958804,0.39290304782931834,0.3129309536879594,158.96008197606878,1,1,1,1,1,1,1,1,1,1,1,1,1,1
param_20126,real_001,0.8444397846037116,0.3549395049785171,0.016207679471017665,0.033582248611425836,0.43925792938360264,582.1699829935815,0,0,0,1,0,0,0,1,0,0,0,1,0,1
param_20126,real_002,0.845271094950323,0.3796112646322727,0.038926903273375835,0.06652801372084634,0.5095514859085426,297.1493664404586,0,0,0,0,0,0,0,1,0,0,0,1,1,1
param_20126,real_003,0.8335236891087472,0.3353297407881846,0.03475454460111258,0.05036639404040816,0.7111105895606459,940.9966729264929,0,1,0,0,0,0,0,0,0,0,0,0,0,1
param_20126,real_004,0.8188980597431323,0.31886033589052726,0.030241691346941605,0.042436186415428755,0.7256104384413957,517.1557193892093,0,0,0,0,0,1,0,1,0,0,0,0,0,1
param_20127,real_001,0.8423913414933373,0.37595797886852905,0.024252688614284184,0.046136764431832296,0.765644066708056,578.8377650677196,0,0,0,1,0,0,0,1,0,0,0,1,0,1
param_20127,real_002,0.8399264072974553,0.3909401599369988,0.04848455815718129,0.0786819004837773,0.6998965160400138,217.3659287868011,0,0,0,0,0,0,0,1,0,0,0,1,1,1
param_20127,real_003,0.8285489109545917,0.35778489935231106,0.037488722777774125,0.05705661545725931,0.8549028835458201,815.2534304385156,0,1,0,0,0,0,0,0,0,0,0,0,0,1
param_20127,real_004,0.8115093650879251,0.32693143019313164,0.03167739731901946,0.04483346667351969,0.8709025781998417,488.9788235679287,0,0,0,0,1,1,0,1,0,0,0,0,0,1
param_20127,real_005,0.8769985481753523,0.45037171053325736,0.20182814590640474,0.24203218691345213,0.4897140201917797,270.286583366154,0,1,0,0,0,1,0,1,0,0,0,1,0,1
param_20128,real_001,0.8328911298701962,0.3879086424120123,0.025578322742329487,0.049943474802805865,0.7698998037392831,544.0881185047232,0,1,0,1,0,0,0,1,0,0,0,1,0,1
param_20128,real_002,0.8313101886073738,0.41599681072795297,0.050637565247470435,0.08608499648879335,0.6646083274523642,243.59361790007668,0,0,0,0,0,0,0,1,0,0,0,1,1,1
param_20128,real_003,0.8212866394790405,0.37300689291860606,0.0427188525477964,0.06441459271113376,0.7908496732026143,824.2314442887943,0,1,0,0,0,0,0,0,0,0,0,0,0,1
param_20128,real_004,0.8023536444600614,0.3502396089562156,0.03456506321961701,0.05036484875992368,0.8447866344605475,459.1858194010291,0,0,0,0,1,1,0,1,0,0,0,0,0,1
param_20128,real_005,0.870998628348287,0.47509653283952347,0.22185884816453957,0.2647831380870651,0.4991558922836202,221.25096498293846,0,1,0,0,0,1,0,1,0,0,0,1,0,1
param_20129,real_001,0.8290546812418724,0.46879614923602686,0.055550048041192304,0.0863872933246264,1.3032033510125363,370.8130051182956,1,1,1,1,1,1,1,1,0,1,0,1,0,1
param_20129,real_002,0.7998575866354122,0.4418360141117055,0.07325406516567058,0.11335277092589631,0.6782538513819665,104.88753275899523,1,0,1,1,1,1,1,1,0,1,0,1,0,1
param_20129,real_003,0.8050302398760506,0.45761102216326877,0.0662966058292623,0.10086106696241803,1.1704006033450158,431.82134755327706,1,1,1,1,1,1,1,1,0,0,0,1,0,1
param_20129,real_004,0.7728183521370684,0.39487523862818574,0.03961246555659094,0.06310371907737398,0.923620871398454,396.5371262069123,1,0,1,0,1,1,1,1,0,1,0,1,0,1
param_20129,real_005,0.8692294004851778,0.538764948452254,0.23465235924990469,0.27194953192426785,0.6026852240339126,368.7057430689565,1,1,1,1,1,1,1,1,0,1,0,1,0,1
param_20130,real_001,0.809733842120343,0.5402767362074425,0.09634483078361866,0.13378641795147006,1.058575527005114,373.48879006354144,1,1,1,1,1,1,1,1,0,1,0,1,1,1
param_20130,real_002,0.8188913396835451,0.5799671231600517,0.15180050632248865,0.20538557966057286,0.6223319056037397,43.31830503344732,1,1,1,1,1,1,1,1,0,1,0,1,1,1
param_20130,real_003,0.7985274515433338,0.5424701398634798,0.11867777129450019,0.16424279129299957,0.8875092684520742,284.3306139949085,1,1,1,1,1,1,1,1,0,0,0,1,1,1
param_20130,real_004,0.7684979125768752,0.5121724150083952,0.08283453010319505,0.12814476715854045,0.8438335901386749,142.08315474321975,1,1,1,1,1,1,1,1,0,1,0,1,1,1
param_20130,real_005,0.8737978313981795,0.6735511100659689,0.31142904497404184,0.3597549754898832,0.49656069901468675,194.42689094660992,1,1,1,1,1,1,1,1,0,0,0,1,1,1
param_20131,real_001,0.8217527135523889,0.6545450072435424,0.14369832882810624,0.21221041074252675,0.4551578511793199,247.6457684574265,1,1,1,1,1,1,1,1,1,1,1,1,1,1
param_20131,real_002,0.7670627370739443,0.6047824556467306,0.18614840398189533,0.25709992592818487,0.3371052036333766,128.1329247545437,1,1,1,1,1,1,1,1,1,1,1,1,1,1
param_20131,real_003,0.800917061414859,0.6509317232406434,0.16531251088200588,0.23596300449093133,0.4393529160290209,23.07208069132669,1,1,1,1,1,1,1,1,1,1,1,1,1,1
param_20131,real_004,0.7416049111462819,0.5747683099933739,0.13142543305824322,0.20338538280607465,0.4201948191623391,145.8519177894018,1,1,1,1,1,1,1,1,1,1,1,1,1,1
param_20131,real_005,0.854791977592769,0.7193464032159597,0.30790752101985314,0.37702909499189013,0.23082727027755323,144.8932202013992,1,1,1,1,1,1,1,1,1,1,1,1,1,1
param_20132,real_002,0.8267596030698418,0.4133815560455194,0.04470491968994887,0.07758770627576889,0.5666836881951999,376.5065664132249,0,0,0,0,0,0,0,0,0,1,0,0,1,1
param_20132,real_003,0.8199630535643128,0.39133381908736437,0.04464372651096671,0.06011541726586166,0.042200587729644363,546.192295872273,1,0,0,0,1,0,0,1,0,0,0,0,0,1
param_20132,real_004,0.8800950438182024,0.4929152950423245,0.18935983172534926,0.21584146452659256,0.26281525775184456,349.8974839693327,0,0,0,0,0,0,0,0,0,0,0,0,1,1
param_20132,real_005,0.8087200052376494,0.37024810379862194,0.03432262150925579,0.05451099857491332,0.1330584707646177,608.0976083722989,0,0,0,0,0,0,0,0,0,0,0,0,1,1
param_20133,real_001,0.8275356015855192,0.4179318958979818,0.0745310159980862,0.1051923021591717,1.1722366031758298,93.25871375775623,0,1,1,1,1,0,1,1,0,0,0,1,0,1
param_20133,real_002,0.8206609611893775,0.428982308593022,0.05790748976712525,0.08991428202826224,0.7427369796451685,349.9619821532338,0,0,0,0,0,0,0,0,0,1,0,0,1,1
param_20133,real_003,0.8104826333077285,0.4072866128803283,0.05141380750210685,0.07072426699493867,0.2179563545784372,473.95550721207917,1,0,0,0,1,0,0,1,0,0,0,0,0,1
param_20133,real_004,0.8753434152789836,0.5244183579882363,0.2015005669696324,0.22898520317610532,0.45259544321511347,282.69337708816886,0,0,0,0,0,0,0,0,0,0,0,0,1,1
param_20133,real_005,0.8004672780076043,0.37564542428711833,0.06594037272271183,0.08816909774568506,0.29156402610311594,590.0817533789827,0,0,0,0,0,0,0,0,0,0,0,0,1,1
param_20134,real_001,0.8220872417187642,0.436219556872005,0.081080774248036,0.11468687094885859,1.1455412279219925,88.21691186911393,0,1,1,1,1,0,1,1,0,0,0,1,0,1
param_20134,real_002,0.8154924787122613,0.45475343453734524,0.07159121243154677,0.10381735050618936,0.8017569135950694,295.8104090504312,0,0,0,0,0,0,0,0,0,1,0,0,1,1
param_20134,real_003,0.8061587719359186,0.4208829011950062,0.0568345096985194,0.07907197011391714,0.19694175770649225,485.08679984554465,1,0,0,1,1,0,0,1,0,0,0,0,0,1
param_20134,real_004,0.8693989233749236,0.5474275381724486,0.20813547386642953,0.23426555277602087,0.4452025311006844,274.9477615964189,0,0,0,0,0,0,0,0,0,0,0,0,1,1
param_20134,real_005,0.7932596487893361,0.3934439605571749,0.06767697687585558,0.0926477049296578,0.2861832929210566,598.5848166880781,0,0,0,0,0,0,0,0,0,0,0,0,1,1
param_20135,real_001,0.8117412118257685,0.5049868314218598,0.10623612070334498,0.14592812995004137,0.9573381858619556,161.12659037025608,0,1,1,1,1,1,1,1,0,1,1,1,0,1
param_20135,real_002,0.7942570853703653,0.5112007689788026,0.0793942294321038,0.118537398203434,0.9335240683785136,287.0182295516213,1,0,1,1,1,1,1,1,0,1,0,1,1,1
param_20135,real_003,0.7951872536651198,0.48407587167898797,0.09054045553842999,0.12303044416100288,0.5301386340716621,311.0822259326497,1,0,1,1,1,1,0,1,1,0,0,1,1,1
param_20135,real_004,0.8633288663973313,0.587479940007563,0.19071272003378248,0.22039613930758747,0.6937488023819701,219.12964415743807,1,1,0,1,1,1,0,1,0,0,0,1,1,1
param_20136,real_001,0.8220395118707998,0.6073255589720723,0.1603959796216222,0.21322469356090953,0.784483235128293,66.88370723637506,1,1,1,1,1,1,1,1,0,1,1,1,1,1
param_20136,real_002,0.8003781257432183,0.6165025764183529,0.14430525172405884,0.186679103191295,0.9154967429836574,113.24398862099365,1,1,1,1,1,1,1,1,0,1,0,1,1,1
param_20136,real_003,0.7949134098149243,0.5821394818712431,0.13379975165860838,0.18243984326250495,0.44410141949749166,261.85753170914364,1,0,1,1,1,1,0,1,1,0,0,1,1,1
param_20136,real_004,0.8562064413762732,0.6893316059782455,0.23128730833979816,0.2668682045447742,0.7086357714498418,117.2747230868284,1,1,0,1,1,1,1,1,0,0,0,0,1,1
param_20136,real_005,0.7787636431004471,0.5745558173983603,0.17828874718428053,0.2234288762972624,0.6402685994457472,433.1061266925127,1,1,0,1,1,0,0,1,0,0,0,1,1,1
param_20137,real_001,0.8193245821923826,0.6889212157694069,0.19816275008880482,0.27529098675249064,0.3525984149283635,79.74347017034435,1,1,1,1,1,1,1,1,1,1,1,1,1,1
param_20137,real_002,0.7895158970843277,0.6827341876697601,0.16438735209448369,0.22922300410636307,0.47274271010895136,173.88350559110538,1,1,1,1,1,1,1,1,1,1,1,1,1,1
param_20137,real_003,0.8131056312039489,0.6723323225506118,0.18761596112302786,0.2595027921762324,0.3998983802808174,207.03861620012728,1,1,1,1,1,1,1,1,1,1,1,1,1,1
param_20137,real_004,0.8696666722899764,0.7533910965511567,0.2410046042132944,0.30940966735161407,0.37291357329373814,103.30307573269667,1,1,1,1,1,1,1,1,1,1,1,1,1,1
param_20137,real_005,0.8156766410325431,0.6947359751677186,0.24255436278216672,0.3220204752567009,0.36985889119240284,143.3767573163409,1,1,1,1,1,1,1,1,1,1,1,1,1,1
param_20138,real_001,0.8164350011623273,0.39826755040916395,0.0577986757147345,0.08851030058467849,0.7627311934975533,424.4078859116695,0,0,0,1,1,0,0,0,0,0,0,1,1,1
param_20138,real_002,0.810290207187078,0.40960249748300726,0.03953641792579084,0.06571231595057542,0.23175314828245533,310.9744867365876,0,0,0,0,0,0,0,0,0,1,0,0,1,1
param_20138,real_003,0.81152274517008,0.414419412450556,0.04733348124034885,0.06682792575702454,0.21463751522090763,530.9885936228532,1,0,0,0,1,0,0,0,0,0,0,0,0,1
param_20138,real_004,0.8718053575399827,0.5228964811856147,0.21442621681431334,0.2381550393319249,0.19542567347041248,334.53943252050783,0,0,0,0,0,0,0,0,0,0,0,0,1,1
param_20138,real_005,0.804606294945153,0.3984213124373513,0.03508844668365022,0.05457177643823634,0.0717430458274965,606.9291800658805,0,0,0,0,0,0,0,0,0,0,0,0,1,0
param_20139,real_001,0.8086420221782338,0.421801254635028,0.081815070953818,0.11576210385424256,0.9822816850479118,275.4803941859564,0,1,1,1,1,0,1,1,0,0,0,1,1,1
param_20139,real_002,0.7983117544642995,0.41976998890196915,0.047854174525714714,0.07778500185802466,0.4612391378858445,298.9990195315169,1,0,0,0,0,0,0,0,0,1,0,0,1,1
param_20139,real_003,0.7947116657030914,0.42320121274834976,0.05603994193073197,0.07711798535664555,0.08067877833029721,499.8480836090722,1,0,0,0,1,0,0,0,0,0,0,0,0,1
param_20139,real_004,0.8592292689356811,0.546059435972048,0.2304599950538998,0.2539599425376388,0.4517954987999819,280.4029645758695,0,0,0,0,0,0,0,1,0,0,0,0,1,1
param_20139,real_005,0.7872573108609794,0.39162283437087575,0.0711908941451045,0.09224484083113818,0.17139158850740568,548.1812718034978,0,0,0,0,0,0,0,0,0,0,0,0,1,0
param_20140,real_001,0.8046154085204006,0.4381289563747572,0.08778600955064751,0.12310745402450442,1.0034543544452557,260.36707243741125,0,1,1,1,1,0,1,1,0,0,0,1,1,1
param_20140,real_002,0.7915952752891592,0.4436157892160619,0.062052113103860565,0.09514341157999809,0.6322718377512898,240.83607381975804,1,0,0,0,0,0,0,0,0,1,0,0,1,1
param_20140,real_003,0.7921213113860577,0.4379998633334638,0.062446238430529565,0.08607135210914897,0.08778929298067141,489.9971068721206,1,0,0,0,1,0,0,1,0,0,0,0,1,1
param_20140,real_004,0.8548055164737373,0.5709689151931512,0.23882962297578744,0.2628165052455522,0.45044864515841737,246.92448727948255,0,0,0,0,0,0,0,1,0,0,0,0,1,1
param_20140,real_005,0.7819204663975797,0.4121105478419507,0.07648328839165096,0.10063175965921961,0.2141552415545151,551.9985139595093,0,0,0,0,0,0,0,0,0,0,0,0,1,0
param_20141,real_001,0.7935551602655485,0.4962702953473198,0.1115529090301801,0.15687900038053124,0.8085437666093024,239.30801275334096,0,1,1,1,1,1,1,1,1,1,1,1,1,1
param_20141,real_002,0.7730508461406707,0.49925924981722886,0.07643060488644719,0.11475680086327872,0.9206870129682372,249.91930283980162,1,1,0,1,1,1,1,1,0,1,0,1,1,1
param_20141,real_003,0.7776362120375385,0.4849513404260162,0.10096027943430176,0.13528581283982793,0.22611679148286198,369.728199653997,1,0,1,0,1,1,0,0,1,0,0,1,1,1
param_20141,real_004,0.8472421345893779,0.5963010829008709,0.22710896219507187,0.2508413958877698,0.8452100494885133,227.24818766446592,1,1,0,1,1,1,0,1,0,0,0,1,1,1
param_20142,real_001,0.8157133049776146,0.6146162648671136,0.1703494507895329,0.225997171163589,0.6682806222313794,106.19949787049615,1,1,1,1,1,1,1,1,1,1,1,1,1,1
param_20142,real_002,0.7782739806357868,0.6058653737169153,0.14340653331168357,0.18551217607511042,1.0014925182737815,98.87142326336487,1,1,0,1,1,1,1,1,0,1,0,1,1,1
param_20142,real_003,0.7809161540121569,0.5867531230232025,0.14544429949461385,0.19417236705820098,0.32739851952198945,320.35923450626024,1,1,1,1,1,1,0,1,1,0,0,1,1,1
param_20142,real_004,0.8420338827672862,0.7000468220096971,0.24836199389361016,0.27793134153675964,0.8271734623358673,123.99733494044952,1,1,0,1,1,1,1,1,0,0,0,1,1,1
param_20142,real_005,0.77909869873765,0.6043490020643099,0.20046394783529412,0.24787893307953113,0.6300694426517284,368.970875251789,1,1,0,0,1,0,0,1,0,0,0,1,1,1
param_20143,real_001,0.8211356714294362,0.6912058584038874,0.20731963814992255,0.28558305820169244,0.3612425765189584,101.9839528281363,1,1,1,1,1,1,1,1,1,1,1,1,1,1
param_20143,real_002,0.7885528093897789,0.6809906240794429,0.1640021128442957,0.22902987119730656,0.530290023281528,134.11605088219522,1,1,1,1,1,1,1,1,1,1,1,1,1,1
param_20143,real_003,0.8071684715595179,0.6709394542723559,0.19504705432380326,0.2659931563678421,0.41924396425919763,247.1184966637931,1,1,1,1,1,1,1,1,1,1,1,1,1,1
param_20143,real_004,0.8675877321665459,0.7565312268504027,0.25434082949549575,0.31845611758394976,0.4167883309446952,76.43278435861106,1,1,1,1,1,1,1,1,1,1,1,1,1,1
param_20143,real_005,0.8164323453825976,0.7053396159242764,0.24947938298055208,0.32757555496250573,0.4263363202080448,165.23659431922852,1,1,1,1,1,1,1,1,1,1,1,1,1,1
param_20144,real_001,0.7925068796021975,0.3294624929483661,0.02293301123109302,0.039567557173243936,0.7293243397736366,251.87556413983796,0,1,0,0,0,1,0,1,0,0,0,0,1,1
param_20144,real_002,0.8263224390573017,0.33880672736449774,0.03236625174861394,0.0566856454061806,0.33284194038789333,907.5375692461143,0,0,0,0,0,1,0,0,0,0,0,0,1,1
param_20144,real_003,0.8147506641767037,0.3689017478754657,0.02312092453837432,0.038285536693712194,0.4665764014762726,623.0806523143839,1,0,0,0,0,1,0,1,0,1,0,0,0,0
param_20144,real_004,0.8340465004370792,0.3472962302764181,0.014480238444097128,0.025576866043044308,0.6109299089934539,172.78216769605194,0,1,0,1,0,1,0,1,0,1,0,1,0,0
param_20144,real_005,0.8334290241036879,0.33575253340675765,0.013083708404686992,0.03822928157065189,0.1549607072691552,200.756275322384,0,1,0,1,0,1,1,1,0,1,0,1,0,0
param_20145,real_001,0.7866037069776692,0.3411526089449196,0.027803824251770144,0.04636095160700676,0.9292774695491359,229.40808579508482,0,1,0,0,0,1,0,1,0,1,0,0,1,1
param_20145,real_002,0.8195488198658694,0.35183684466342,0.04275328949726036,0.07234454537314548,0.4940293775758216,867.4545668512321,0,0,0,0,0,1,0,0,0,1,0,0,1,1
param_20145,real_003,0.8117947907084185,0.3899574667078475,0.03366901620809158,0.05315901227376259,0.7003951768162935,444.6237790136329,1,0,0,0,1,1,0,0,0,1,0,0,0,1
param_20145,real_004,0.833357247539679,0.37541808294795054,0.019414797378274836,0.03985394260643152,0.9366959838931864,204.7445584984844,0,1,0,1,0,1,0,1,0,1,0,1,0,0
param_20145,real_005,0.8338246457522722,0.3594935378437745,0.02535393214702661,0.06370265068364789,0.43192507804370445,116.6810972330293,0,1,1,1,0,1,1,1,0,1,0,1,0,0
param_20146,real_001,0.7769467164855596,0.35985298209721556,0.03186463422358715,0.05195175545508844,0.8538037166085947,254.69655155725522,0,1,0,0,0,1,0,1,0,1,0,0,1,1
param_20146,real_002,0.8143317806861035,0.37445561031394403,0.053347752830647084,0.08599374830714374,0.5452717549023672,867.6319423277847,0,1,0,0,0,1,0,0,0,1,0,0,1,1
param_20146,real_003,0.8032757063349473,0.4129249411095393,0.03671537821188121,0.05765368433575149,0.6429284330417425,446.85717531419635,1,0,0,0,1,1,0,1,0,1,0,0,0,1
param_20146,real_004,0.8233096463902919,0.3905018678758171,0.0217633135451417,0.04216063946396112,0.8419868640408139,202.25611232952414,0,1,0,1,0,1,0,1,0,1,0,1,0,0
param_20146,real_005,0.8227474718255113,0.37246364137291965,0.023784456019351106,0.0646784125674563,0.3606791239702632,131.5654662194247,0,1,1,1,0,1,1,1,0,1,0,1,0,0
param_20147,real_001,0.7582084825783423,0.4096347371106733,0.04842272090975855,0.07359719128476341,1.0359398496240602,149.59786955478495,1,1,1,0,1,1,1,1,0,1,0,1,1,1
param_20147,real_002,0.7915415575073113,0.439746433290529,0.08888789735267172,0.12813849007045164,0.7152428089807044,681.5764940889665,1,1,1,0,1,1,1,1,0,1,0,1,1,1
param_20147,real_003,0.7777542215848108,0.4683350943764013,0.05546229505951831,0.0860885667642616,1.1310444804868596,293.6359950865704,1,1,1,1,1,1,1,1,0,1,0,1,0,1
param_20147,real_004,0.8344664708732927,0.493041009713116,0.06436279059103024,0.09320996688586622,1.532008830022075,249.0410445266711,1,1,1,1,1,1,1,1,0,1,0,1,0,0
param_20147,real_005,0.8417782940841712,0.4747755652834904,0.11704939932954701,0.15264695598417416,0.9141168592972139,101.70149314377537,1,1,1,1,1,1,1,1,0,1,0,1,0,0
param_20148,real_001,0.748434926451617,0.5021963379592806,0.09192475833036713,0.13677481032147454,1.0775405681531705,134.0128308853097,1,1,1,1,1,1,1,1,0,1,0,1,1,1
param_20148,real_002,0.7932822859465812,0.5512267418437793,0.14737911734470988,0.1947896657498999,0.7526578793055095,486.7789076999788,1,1,1,0,1,1,1,1,0,1,0,0,1,1
param_20148,real_003,0.7768101723642928,0.5650336571606402,0.10239345961541943,0.15112190101905598,0.9457872928176796,125.0755122888328,1,1,1,1,1,1,1,1,0,1,0,1,1,1
param_20148,real_004,0.7995076944600804,0.5683418559499195,0.09383416289374479,0.13224466896801323,1.2410588776792268,251.23713384320104,1,1,1,1,1,1,1,1,0,1,0,1,1,1
param_20148,real_005,0.8095703530465922,0.5518297322265093,0.13082606564452404,0.17591717592007833,0.9119232504571252,77.34229868647675,1,1,1,1,1,1,1,1,0,1,0,1,1,0
param_20149,real_001,0.7391479387174601,0.5785987743766264,0.1468597828840037,0.21865699921052584,0.4514476461267716,84.23392412173894,1,1,1,1,1,1,1,1,1,1,1,1,1,1
param_20149,real_002,0.7760784956782151,0.6452598496355525,0.20588995110212177,0.274086141035639,0.352824844963133,215.09640855126253,1,1,1,1,1,1,1,1,1,1,1,1,1,1
param_20149,real_003,0.755439770388246,0.6372270296804711,0.13931715666399547,0.20857288983520939,0.4548127505202227,70.66154549546859,1,1,1,1,1,1,1,1,1,1,1,1,1,1
param_20149,real_004,0.8338391571531703,0.6896558642208975,0.155537212792357,0.22731009678979622,0.45847511566990623,243.0810229557485,1,1,1,1,1,1,1,1,1,1,1,1,1,1
param_20149,real_005,0.858128965826101,0.6908031837452178,0.23806545074891208,0.3117621636164054,0.3045286644348568,125.71135416153888,1,1,1,1,1,1,1,1,1,1,1,1,1,1
param_20150,real_001,0.7966718939494379,0.38363065833665994,0.02194409028830724,0.04577813590680249,0.2861333544755411,589.595125639967,0,1,0,0,0,1,1,0,0,0,0,1,1,1
param_20150,real_002,0.8727184786451712,0.47776820812394094,0.15046025110167455,0.17923826213710536,0.4135970496553541,87.74727601812053,0,0,0,1,1,0,1,0,0,1,0,0,0,1
param_20150,real_003,0.8559266347652897,0.4247554242241627,0.11812653709817593,0.14280940808380257,0.1467812720285604,423.2498609196596,0,1,0,1,0,0,0,0,0,0,0,1,0,1
param_20150,real_004,0.8427307152147238,0.4193983568538364,0.07134817196493558,0.09513720488315743,0.6150096449611595,559.3985085417781,0,0,0,0,0,0,0,1,0,0,0,1,1,1
param_20150,real_005,0.8363948319242586,0.3634404308136676,0.051291286700970745,0.08303969614121738,0.14226537500547934,1007.7317901239564,1,1,0,0,1,0,0,1,0,0,0,0,0,1
param_20151,real_001,0.7828977931906169,0.3993377489637375,0.02903459979666951,0.05958328700860414,0.5421579260399538,249.2907663481363,0,1,0,0,0,1,1,0,0,0,1,1,1,1
param_20151,real_002,0.8698496418238328,0.4979922326726314,0.16198298449019682,0.19213307489497036,0.6275579273676156,115.4289721335344,0,0,1,1,1,1,1,1,0,1,0,1,0,1
param_20151,real_003,0.8469883649069927,0.4385517937856701,0.12855629813370018,0.15530669544127648,0.34791059280855197,244.0331939835283,0,1,0,1,0,0,0,0,0,0,0,1,1,1
param_20151,real_004,0.8372753998961332,0.4450563841513231,0.09267081618757028,0.11979048716176881,0.8957224609766417,535.1527891293567,0,0,0,1,0,0,1,1,0,1,0,1,1,1
param_20151,real_005,0.831355538717513,0.38401903212529653,0.06671794695122885,0.10006054354813987,0.4148802795190628,875.0731739199082,1,1,0,0,1,0,0,1,0,0,0,0,0,1
param_20152,real_001,0.7733529835278763,0.4115211142925327,0.0318697897990137,0.064393175229123,0.5397109428768067,251.95194051125966,0,1,0,0,0,1,1,0,0,0,0,1,1,1
param_20152,real_002,0.8651201866585452,0.5153649577304626,0.1698889121471417,0.2032161893356967,0.6330555767907652,98.56650968547154,0,0,1,1,1,1,1,1,0,1,0,0,0,1
param_20152,real_003,0.8413207787811104,0.4593815484276419,0.13469304106593902,0.16585968063091155,0.33326824315088555,272.69898752176084,0,1,0,1,0,0,0,0,0,0,0,1,1,1
param_20152,real_004,0.8320080443294399,0.45866399923233003,0.10067012922006947,0.12985971172201227,0.8630410460039927,530.6306500613568,0,0,0,1,0,0,1,1,0,0,0,1,1,1
param_20152,real_005,0.8229736964877721,0.39834390003988523,0.07035021683434532,0.1056895425063366,0.4016084839644399,880.2825013542123,1,1,0,0,1,0,0,1,0,0,0,0,0,1
param_20153,real_001,0.765022397599711,0.48741470961878725,0.07500256538897118,0.11657356647281074,0.8792037601564303,155.90648775840225,1,1,1,1,1,1,1,1,1,1,1,1,1,1
param_20153,real_002,0.8671542115696507,0.5843726018062866,0.19552815402021828,0.23629310458529948,0.6935127665345026,67.25018624168743,1,1,1,1,1,1,1,1,0,1,1,1,0,1
param_20153,real_003,0.843294156982249,0.5305519004535849,0.16646152561925548,0.2088442961642998,0.6465042484002937,117.16949921357346,1,1,1,1,1,1,1,1,0,1,1,1,1,1
param_20153,real_004,0.8248669043326509,0.5388315401762436,0.1370165457011266,0.1681819094243986,0.9354470030477481,389.5891183476392,0,0,0,1,0,1,1,1,0,1,1,1,1,1
param_20153,real_005,0.8082044652158804,0.452946111440431,0.11423721340346889,0.14582270202330727,0.8651193875691111,593.6394866585667,1,1,1,0,1,1,1,1,0,0,0,1,0,1
param_20154,real_001,0.7602624949984883,0.5582148724247565,0.1152818176987185,0.1699852580637387,0.9249152959032075,189.7596194264358,1,1,1,1,1,1,1,1,1,1,1,1,1,1
param_20154,real_002,0.864774821320575,0.6726590765710495,0.23595588891329602,0.28763491433869914,0.622267987880487,80.49868162648322,1,1,1,1,1,1,1,1,0,1,1,1,1,1
param_20154,real_003,0.8434723870909115,0.6402219228874813,0.2164730040007027,0.27006242549573545,0.7238714595943261,118.90045318184782,1,1,1,1,1,1,1,1,0,1,1,1,1,1
param_20154,real_004,0.8189838495969015,0.6029237169801882,0.18806558387232075,0.22980144694403154,0.9302650816858432,309.9794944922888,0,1,1,1,0,1,1,1,0,1,1,1,1,1
param_20154,real_005,0.8042569615390177,0.5649820132976748,0.15825940401191307,0.2017885655341272,0.6873421878007632,478.98422200326075,1,1,1,1,1,1,1,1,1,1,0,1,1,1
param_20155,real_002,0.8957602321251406,0.7778489121626606,0.2846181914180208,0.3507330409666673,0.3128428220162663,87.83268694618536,1,1,1,1,1,1,1,1,1,1,1,1,1,1
param_20155,real_003,0.8651703977371593,0.735128014496415,0.27828837325056904,0.3470411028900435,0.3148243943109964,55.02390238345977,1,1,1,1,1,1,1,1,1,1,1,1,1,1
param_20155,real_004,0.8447867048598019,0.7182297107895866,0.23657400678126436,0.3086022232741601,0.4350323640104536,359.3721841807328,1,1,1,1,1,1,1,1,1,1,1,1,1,1
param_20155,real_005,0.8174144988886454,0.6497028768006351,0.20588009552431108,0.2749974987294471,0.4638632312429104,246.4761727093618,1,1,1,1,1,1,1,1,1,1,1,1,0,1
param_20156,real_001,0.78532598823345,0.369504276605681,0.03167799333266198,0.05324320190997747,0.2753629156800165,338.93181739481497,1,1,0,0,1,1,0,1,0,0,0,0,1,1
param_20156,real_002,0.8143715219346447,0.4519564640575884,0.06798914414790104,0.09314861733649266,0.2741895458749746,316.4944060030302,0,0,0,0,0,0,0,0,0,1,0,1,1,1
param_20156,real_003,0.8399160956522631,0.38176789008092415,0.05687585596361075,0.08926383435851751,0.08653717646010603,412.40309628996397,0,0,0,1,0,1,0,1,0,0,0,0,1,1
param_20156,real_005,0.8049390374525557,0.46431953351725797,0.10003454906175817,0.11813823766547918,0.3308609407653568,435.49314825894066,1,0,0,0,1,0,0,0,0,0,0,0,1,1
param_20157,real_001,0.7703894114200216,0.3847486672564115,0.042843111671103135,0.06643122546368894,0.6196588228840985,338.62606854370114,1,1,0,0,1,1,0,1,0,0,0,1,1,1
param_20157,real_002,0.8058631028700839,0.456193690160742,0.0956686803240498,0.12875892206793887,0.5543568786194341,241.7965989827157,0,0,0,0,0,0,0,0,0,1,0,1,1,1
param_20157,real_003,0.8277753667656222,0.4106151187850189,0.08886694133529933,0.1237167238499018,0.5361368909512761,326.45876493673,0,0,1,1,0,1,0,1,0,0,0,0,1,1
param_20157,real_004,0.785486874408792,0.3498718349758165,0.0836221675124865,0.09264787079561022,1.3696802115893243,616.2166707712164,0,0,0,0,0,0,0,1,0,0,0,1,1,1
param_20157,real_005,0.7927365128148363,0.4802096524677013,0.12167098372496354,0.14697581077960897,0.10111661542872617,396.1977670725534,1,0,0,1,1,0,0,0,1,0,0,0,1,1
param_20158,real_001,0.7611507656724779,0.410419734945174,0.04716030444360761,0.07205519626680196,0.6003726129482999,313.5913302325758,1,1,0,0,1,1,0,1,0,0,0,1,1,1
param_20158,real_002,0.7972723841828292,0.4718640538800454,0.10299443277521692,0.13819175238846915,0.6130349340812394,193.90139537170185,0,0,0,0,0,0,0,1,0,1,0,1,1,1
param_20158,real_003,0.8257216169162943,0.43432224900962746,0.10270195516267254,0.1392030107608362,0.5286383903052475,225.9309284467436,0,0,1,1,0,1,0,1,0,0,0,0,1,1
param_20158,real_004,0.781010636415892,0.36377029877983363,0.09044983328709762,0.1012898180117055,1.4386816327745855,629.9309342297399,0,0,0,0,0,0,0,1,0,0,0,1,1,1
param_20158,real_005,0.7912490956453744,0.5007512282505004,0.13250275577810533,0.16285360931503093,0.03474933503398715,391.0501283967966,1,0,0,0,1,0,0,0,1,0,0,0,1,1
param_20159,real_001,0.7657550406470106,0.47765792614458474,0.08782081704091649,0.12268096952202362,0.9829522894652578,217.01219453770017,1,1,1,1,1,1,1,1,0,1,0,1,1,1
param_20159,real_002,0.8060072558410276,0.532452898757236,0.1623726668551214,0.19766864647024157,0.6870216678262598,106.80936852902809,0,0,0,1,0,0,1,1,1,1,1,1,1,1
param_20159,real_003,0.8176063126959007,0.5053643409228687,0.1398689043660759,0.17392902313065073,1.011764705882353,150.89628810093498,1,1,1,1,1,1,1,1,0,1,0,1,1,1
param_20159,real_004,0.7632331322916335,0.43550572976425195,0.08524990072751339,0.11095356099023425,1.41836825679893,315.5229666205293,0,1,1,0,0,1,1,1,0,0,0,1,1,1
param_20159,real_005,0.7774047653985324,0.552653473548761,0.17003718885834485,0.2012663788949488,0.3308675590038914,301.75496396085185,1,0,0,1,1,0,0,1,1,0,0,1,1,1
param_20160,real_001,0.7689242064321857,0.5976069072620013,0.12786570409706724,0.18257412632970318,0.9613040661476463,55.04805888738525,1,1,1,1,1,1,1,1,1,1,0,1,1,1
param_20160,real_002,0.8044332269363156,0.6238563563878622,0.20688377203331107,0.25874469449242227,0.7553659138313858,194.15613504004006,0,1,1,1,1,0,1,1,1,1,1,1,1,1
param_20160,real_003,0.8164352716325395,0.6192731317283711,0.1934374485851845,0.23292566575702786,0.9536439275642669,109.202166608274,1,1,1,1,1,1,1,1,0,1,0,1,1,1
param_20160,real_004,0.7665847907693475,0.5338106680254509,0.13448932628413127,0.17059612410670724,1.379455154032108,153.3944355441609,0,1,1,1,0,1,1,1,0,0,0,1,1,1
param_20160,real_005,0.8090608958713034,0.661143348943553,0.23296926299128345,0.28782936663149833,0.3158843674456084,256.99922885690637,1,1,0,1,1,0,0,1,1,0,1,1,1,1
param_20161,real_001,0.8345120560477223,0.7206780108576334,0.23742660180028302,0.3137947632641798,0.333535622540124,176.18891383684357,1,1,1,1,1,1,1,1,1,1,1,1,1,1
param_20161,real_002,0.858028119199288,0.7432334748550311,0.2847795796473021,0.36109674818082227,0.42044257819574593,196.04879623518656,1,1,1,1,1,1,1,1,1,1,1,1,1,1
param_20161,real_003,0.8490625614013193,0.7018420265049836,0.2314566630312585,0.30430470662884074,0.4169110836677987,189.2148926103837,1,1,1,1,1,1,1,1,1,1,1,1,1,1
param_20161,real_004,0.794358497412679,0.638678811681752,0.18371561088556745,0.2490585194873654,0.5847616212308084,90.31292694111494,1,1,1,1,1,1,1,1,1,1,1,1,1,1
param_20161,real_005,0.8502597356389772,0.7571676659021372,0.27467077106612775,0.35658897655115107,0.27995063306206575,227.90427321026147,1,1,1,1,1,1,1,1,1,1,1,1,1,1
