param_folder,realization,global_ssim,plume_ssim,iou_0.001,iou_0.0001,area_rel_err_1e-3_d365,centroid_err_m_d365,exceed_w500_+400_true,exceed_w500_+400_pred,exceed_w500_-400_true,exceed_w500_-400_pred,exceed_w1000_+400_true,exceed_w1000_+400_pred,exceed_w1000_-400_true,exceed_w1000_-400_pred,exceed_w1500_+600_true,exceed_w1500_+600_pred,exceed_w1500_-600_true,exceed_w1500_-600_pred,exceed_w1900_+0_true,exceed_w1900_+0_pred
param_20000,real_001,0.7905139927507464,0.43237422958204513,0.06538883803755531,0.07824035979104858,2.4663032487800587,127.80580332478479,0,1,0,1,0,1,0,1,0,1,0,1,0,1
param_20000,real_002,0.8007950482133787,0.41614109204606814,0.07250669285965812,0.08917578516085033,2.4126913591219146,342.80180142674305,0,1,0,1,0,1,0,1,0,0,0,1,0,1
param_20000,real_003,0.7883785396025792,0.4177930195312425,0.05928667595420701,0.07225048551851203,3.103209721255138,246.29145909579495,0,1,0,1,0,1,0,1,0,1,0,1,0,0
param_20000,real_004,0.7664836838577629,0.39067144914730284,0.04008458939326372,0.056459283468112735,2.8207144761396963,188.71799167267423,0,1,0,1,0,1,0,1,0,1,0,1,1,1
param_20000,real_005,0.7821963469933426,0.40863961756647926,0.09163764189900149,0.1076216173051426,2.4160419790104948,73.92568798922514,0,1,0,1,0,1,0,1,0,1,0,1,0,1
param_20001,real_001,0.795443777751701,0.4445481919969019,0.06885752853905164,0.08366829377949608,2.2331317273193236,127.25917223404642,0,1,0,1,0,1,0,1,0,1,0,1,0,1
param_20001,real_002,0.8053589311242604,0.4290280861288632,0.0767376280506229,0.09551902744082655,2.1744998346560847,342.37736185043684,0,1,0,1,0,1,0,1,0,0,0,1,0,1
param_20001,real_003,0.7915084862131078,0.4224820109811345,0.0617192115274386,0.07636911916993695,2.8427994446548026,245.6751123911044,0,1,0,1,0,1,0,1,0,1,0,1,0,0
param_20001,real_004,0.7695301702312787,0.39896508011455056,0.0423611628719633,0.060710189407433834,2.5612847114369135,188.48898700211026,0,1,0,1,0,1,0,1,0,1,0,1,0,1
param_20001,real_005,0.7867400282520343,0.417765118906942,0.09579211242627217,0.11410162808302156,2.175479586817511,74.57221076802509,0,1,0,1,0,1,0,1,0,1,0,1,0,1
param_20002,real_001,0.79319620190463,0.45844310810815403,0.07124241655565136,0.0871097971531059,2.123868386125473,131.72222780852917,0,1,0,1,0,1,0,1,0,1,0,1,0,1
param_20002,real_002,0.8029594542032757,0.44569491178504833,0.07826271282379232,0.09834674619077774,2.069076449666307,346.70125692076624,0,1,0,1,0,1,0,1,0,0,0,1,1,1
param_20002,real_003,0.7891402110813323,0.4438331832616996,0.06448618562872734,0.08140427385150618,2.708013640238704,250.62186862923926,0,1,0,1,0,1,0,1,0,1,0,1,0,0
param_20002,real_004,0.7671159692721364,0.4128345525951512,0.04429593728587543,0.06376729712406838,2.4507403988924112,190.51896937257914,0,1,0,1,0,1,0,1,0,1,0,1,1,1
param_20002,real_005,0.7852631152612051,0.4323578756806292,0.09761053765559011,0.11701724023163203,2.067471787764799,69.26632698710372,0,1,0,1,0,1,0,1,0,1,0,1,0,1
param_20003,real_001,0.8193283788935921,0.5121249406574848,0.08738476382177664,0.11429888600881778,1.298239477672846,125.53645951254295,1,1,1,1,1,1,1,1,0,1,0,1,0,1
param_20003,real_002,0.8329014445320455,0.5106591441069988,0.09836451457416563,0.12896938382743728,1.262776410966573,341.5008146116536,1,1,1,1,1,1,1,1,0,0,0,1,0,1
param_20003,real_003,0.8156886140498086,0.48786596066794585,0.07818860291154829,0.1055175748523889,1.7419398414985592,244.70842901905672,1,1,1,1,1,1,1,1,0,1,0,1,0,0
param_20003,real_004,0.7947499136044872,0.4776815007100751,0.0575906987737978,0.08882732445102448,1.53752176350813,188.3709479733336,1,1,1,1,1,1,1,1,0,1,0,1,0,1
param_20003,real_005,0.8193116900017671,0.4983421733973257,0.12221121728240437,0.15495055336170266,1.2538075496399739,75.22581729129587,1,1,1,1,1,1,1,1,0,1,0,1,0,1
param_20004,real_001,0.8241740324106026,0.5707714644441995,0.10903200344184247,0.14533342355862516,0.899768696993061,163.07772361220623,1,1,1,1,1,1,1,1,0,1,0,1,1,1
param_20004,real_002,0.8340925126506853,0.5726456555115615,0.11060389128414685,0.15043670302010503,0.8885405139554899,377.19327630020763,1,1,1,1,1,1,1,1,0,0,0,1,1,1
param_20004,real_003,0.8173069885653864,0.5676669116895745,0.08847431204767207,0.1269887392428402,1.2415151292056246,286.14930467525375,1,1,1,1,1,1,1,1,0,1,0,1,1,0
param_20004,real_004,0.8042487724206902,0.5526503609695742,0.07883654731647377,0.1194109538767742,1.1115585786901752,207.7545914935272,1,1,1,1,1,1,1,1,0,1,0,1,1,1
param_20004,real_005,0.8356990450503237,0.5867223851715336,0.1504143022504892,0.19471071361082218,0.8689295795035101,31.968364413939806,1,1,1,1,1,1,1,1,0,1,0,1,1,1
param_20005,real_001,0.8265172674162358,0.6490465506557505,0.12301993034204398,0.16865817225368132,0.04288029327328676,117.34196521216363,1,1,1,1,1,1,1,1,1,1,1,1,1,1
param_20005,real_002,0.8428539272561923,0.6637209532992476,0.13366510097992879,0.18080485160819162,0.058375276641919605,335.0208856092399,1,1,1,1,1,1,1,1,1,0,1,1,1,1
param_20005,real_003,0.8337257225280702,0.6551715760720862,0.11614241201719139,0.16847783850143425,0.11505899443932394,242.80373234042216,1,1,1,1,1,1,1,1,1,1,1,1,1,0
param_20005,real_004,0.8159392606565781,0.6438660459298612,0.10304271293043449,0.15754631272447672,0.04935017389712612,185.05313644570262,1,1,1,1,1,1,1,1,1,1,1,1,1,1
param_20005,real_005,0.8632742541902216,0.6880570907904143,0.19595136094297197,0.24806026803352907,0.058791369004228024,77.74105937985838,1,1,1,1,1,1,1,1,1,1,1,1,1,1
param_20006,real_001,0.7783949160985554,0.45726470098087424,0.13208644814780593,0.14420681795344323,1.951084087665448,228.92517614937876,0,1,0,1,1,1,0,1,0,1,0,1,0,0
param_20006,real_002,0.7526281839291645,0.43408665468021396,0.08912728272063353,0.10418703974628038,2.340117432357375,168.5312985271632,0,1,1,1,0,1,0,1,0,1,0,1,1,1
param_20006,real_003,0.7729594188984773,0.4396461074907165,0.11318716973684967,0.1269070888640967,1.9770500708091645,62.23550809300213,1,1,0,1,1,1,0,1,0,0,0,1,1,1
param_20006,real_004,0.7239782979462848,0.45177309330204596,0.06696923991895623,0.08685035450420178,2.5786330706303002,217.3777190615762,0,1,0,1,0,1,0,1,0,1,0,1,0,1
param_20006,real_005,0.7660532404999629,0.4284945632972452,0.07181781380499123,0.09058517162938427,2.221332559713761,253.28300914795818,1,1,0,1,1,1,0,1,0,1,0,0,0,1
param_20007,real_001,0.7853649151312461,0.46895237607082263,0.13854238689393306,0.15244859738402627,1.743706261928565,227.349239565478,1,1,0,1,1,1,1,1,0,1,0,1,0,0
param_20007,real_002,0.7588978790933497,0.4443039835409386,0.09340452689209687,0.1103726225566967,2.106908258912097,166.1667867976284,1,1,1,1,0,1,1,1,0,1,0,1,1,1
param_20007,real_003,0.780343475409137,0.45083090049147934,0.11951694595991866,0.134971255486704,1.7909573694165575,61.182357819428304,1,1,0,1,1,1,0,1,0,0,0,1,1,1
param_20007,real_004,0.7294444133048148,0.46039274517087203,0.07065002257429738,0.09232879003968471,2.3345601702454255,216.45356722633682,1,1,1,1,0,1,1,1,0,1,0,1,0,1
param_20007,real_005,0.7721322526928472,0.4394036088541409,0.07544710143841338,0.09609153064322956,2.015024527994497,250.92631516512495,1,1,1,1,1,1,0,1,0,1,0,0,0,1
param_20008,real_001,0.7862957363801842,0.5000728739912812,0.14533800560500068,0.1622367582885766,1.6576227617655863,232.42628035271173,1,1,0,1,1,1,1,1,0,1,0,1,0,0
param_20008,real_002,0.7601381908211252,0.4640702056140794,0.10015881151973524,0.11956455265297963,2.024971256108077,170.0988495043315,1,1,1,1,0,1,1,1,0,1,0,1,1,1
param_20008,real_003,0.7814863997057552,0.467926102660522,0.12587670313321653,0.14390511957671717,1.7224311666193586,65.85886595876428,1,1,0,1,1,1,0,1,0,0,0,1,1,1
param_20008,real_004,0.7290298397542133,0.4837409912833813,0.0724492294158985,0.09521636104488879,2.2608443496801707,218.10601292556277,0,1,1,1,0,1,1,1,0,1,0,1,0,1
param_20008,real_005,0.7725827752596779,0.4618487506789273,0.07901382524968754,0.10141486590402789,1.9421667167158325,255.79207222288798,1,1,1,1,1,1,0,1,0,1,0,0,0,1
param_20009,real_001,0.8178441414860584,0.5499708236586234,0.17149376675739167,0.1970919555511346,1.0783020556527008,223.37975421757181,1,1,1,1,1,1,1,1,0,1,0,1,0,0
param_20009,real_002,0.7886362212102165,0.5085202681962241,0.11417298597892177,0.14274628792922792,1.3536433653429503,158.183851768901,1,1,1,1,1,1,1,1,0,1,0,1,1,1
param_20009,real_003,0.8139385240627094,0.5178016674957664,0.15583619124707204,0.18384121173983647,1.1274902607755335,60.77863091342667,1,1,1,1,1,1,1,1,0,0,0,1,1,1
param_20009,real_004,0.7553277668770516,0.5191073410590838,0.08670853871393318,0.11765006134618806,1.578598791410381,213.4608014930896,1,1,1,1,1,1,1,1,0,1,0,1,0,1
param_20009,real_005,0.7954770903330867,0.49653469178392085,0.09126046337372998,0.12211342588877643,1.3457031800129566,241.2769259127648,1,1,1,1,1,1,1,1,0,1,0,0,0,1
param_20010,real_001,0.8370868637085935,0.6451841187596316,0.19230039661421627,0.23217070428811012,0.6645163424639408,261.7213639135357,1,1,1,1,1,1,1,1,0,1,0,1,1,0
param_20010,real_002,0.8204765908485113,0.6222735818737747,0.15582296310889338,0.2042847695868234,0.9339803595015218,187.34777939760812,1,1,1,1,1,1,1,1,0,1,0,1,1,1
param_20010,real_003,0.8429382610021317,0.6234395230024262,0.19611660506335896,0.24362621529750797,0.7283252618538124,95.59637029925437,1,1,1,1,1,1,1,1,0,0,0,1,1,1
param_20010,real_004,0.7765525781658446,0.5923400343809447,0.10637783750338255,0.14920067342034485,1.1441614231075519,226.47864554400695,1,1,1,1,1,1,1,1,0,1,0,1,1,1
param_20010,real_005,0.81796769258386,0.6027741113169374,0.12229447691609369,0.16905300598058784,0.9063855600956862,278.7524091604527,1,1,1,1,1,1,1,1,0,1,0,0,1,1
param_20011,real_001,0.8564802243624909,0.6952286129551908,0.22056881342662982,0.2656758364371037,0.0470463455747268,219.88323776618446,1,1,1,1,1,1,1,1,1,1,1,1,1,0
param_20011,real_002,0.8315474677794882,0.663531192492246,0.1748654634088744,0.23602152002529309,0.0898017565547192,156.6500306168934,1,1,1,1,1,1,1,1,1,1,1,1,1,1
param_20011,real_003,0.8701252418379051,0.6950309764151743,0.25482294138302164,0.3095481379495931,0.024623090026186664,63.554729963449475,1,1,1,1,1,1,1,1,1,0,1,1,1,1
param_20011,real_004,0.7894022278990092,0.6405788066054079,0.13352644282985765,0.192917104351603,0.6834601430131388,950.5202891018862,1,1,1,1,1,1,1,1,1,1,1,1,0,1
param_20011,real_005,0.8240266541320309,0.639961825242215,0.14825523750727196,0.2051431539645537,0.09279926516418988,223.15335903286237,1,1,1,1,1,1,1,1,1,1,1,0,1,1
param_20012,real_001,0.741166571856086,0.415259397892454,0.11657068094211662,0.1336223925170683,1.6769843308502441,419.48997375217925,1,1,1,1,1,1,1,1,0,1,0,1,1,1
param_20012,real_002,0.7440457220457735,0.4238072533073462,0.13221311659085816,0.14902453789038295,1.4822949271687622,525.1639552327371,0,0,1,1,1,1,1,1,0,1,0,1,1,1
param_20012,real_003,0.7509799525290047,0.42536970080900055,0.10379998266309119,0.1259713619158759,1.6985003175223488,188.50745038653082,1,1,0,1,1,1,1,1,0,1,0,1,1,1
param_20012,real_004,0.7849733954263566,0.4560362472041596,0.14736590277678088,0.16227566193596846,1.5451304517479292,138.3855100342619,1,1,0,1,1,1,1,1,0,1,0,1,0,1
param_20012,real_005,0.6964043969342114,0.38243912250427237,0.0561724991935027,0.08336438843047513,1.8368456041216552,501.3673249019275,1,0,1,1,1,1,1,1,0,1,0,1,1,1
param_20013,real_001,0.7473433897519584,0.42858360499896525,0.1201524857617643,0.1393496750875683,1.5571991937604066,421.90451933221834,1,1,1,1,1,1,1,1,0,1,0,1,1,1
param_20013,real_002,0.7507547321484256,0.44157936564023004,0.13640582907080953,0.15573092092602706,1.3463636363636364,528.7689156851995,0,0,1,1,1,1,1,1,0,1,0,1,1,1
param_20013,real_003,0.7575883928740936,0.4440323525582038,0.10638997781228073,0.13105820062138124,1.583165770399813,190.57662153763889,1,1,0,1,1,1,1,1,0,1,0,1,1,1
param_20013,real_004,0.7914889011035817,0.46494867431776543,0.15019592584147254,0.1668113095090248,1.4420033354889215,135.50861973628753,1,1,0,1,1,1,1,1,0,1,0,1,0,1
param_20013,real_005,0.701950456883621,0.393657799368751,0.0575644644772574,0.08639381330734267,1.6872746737196744,505.58160450792536,1,0,1,1,1,1,1,1,0,1,0,1,0,1
param_20014,real_001,0.7499111669478178,0.44309792806115167,0.12475223354929983,0.1466747479887826,1.474072441158516,416.56886998617586,1,1,1,1,1,1,1,1,0,1,0,1,1,1
param_20014,real_002,0.7542445747893822,0.4579549355942107,0.14517677247934266,0.1665534300418415,1.2821246563670563,524.403849011469,0,0,1,1,1,1,1,1,0,1,0,1,1,1
param_20014,real_003,0.7612400702354922,0.4578598388870791,0.11354750277971266,0.14049019465898352,1.5114111656664848,185.73657261215197,1,1,0,1,1,1,1,1,0,1,0,1,1,1
param_20014,real_004,0.7943137527690406,0.49324758553377424,0.15913738298784982,0.178395191028451,1.3512920087171671,140.60586472123643,1,1,0,1,1,1,1,1,0,1,0,1,0,1
param_20014,real_005,0.7030369001949124,0.4067539806212202,0.060809613721348736,0.09177080740949731,1.6143019052870182,500.83098296492545,1,0,1,1,1,1,1,1,0,1,0,1,1,1
param_20015,real_001,0.772045504878782,0.48110264192073293,0.13966464224787078,0.17066190240126036,1.0447200616635135,427.9749393974424,1,1,1,1,1,1,1,1,0,1,0,1,1,1
param_20015,real_002,0.7792004717716243,0.5074651060021942,0.1546263891868433,0.18650118203246344,0.8848171015070039,543.9073023848856,1,0,1,1,1,1,1,1,0,1,0,1,1,1
param_20015,real_003,0.7785962973244813,0.4867797082969343,0.11792704971586877,0.15276110574392432,1.0992741598368443,195.91080342171273,1,1,1,1,1,1,1,1,0,1,0,1,1,1
param_20015,real_004,0.8192312809969508,0.5372377452986248,0.17016574459274325,0.19710849041965722,1.0061093247588424,125.60923437698328,1,1,1,1,1,1,1,1,0,1,0,1,0,1
param_20015,real_005,0.7161550278469078,0.441418410263831,0.06588697690482215,0.1026421289572635,1.1152859532808723,518.2905557323949,1,0,1,1,1,1,1,1,1,1,0,1,0,1
param_20016,real_001,0.8162984550534723,0.585569633441442,0.1796036363112854,0.23306637348710468,0.5556633648586691,390.8604967373362,1,1,1,1,1,1,1,1,1,1,1,1,1,1
param_20016,real_002,0.8171912439594726,0.6110921076546988,0.20412766734175225,0.2567895796049974,0.4890749074278042,515.9396475575419,1,0,1,1,1,1,1,1,0,1,0,1,1,1
param_20016,real_003,0.8116828191918046,0.6036705920051941,0.17350580431665175,0.23070884515481058,0.5635572831655518,315.54445165192334,1,1,1,1,1,1,1,1,1,1,0,1,1,1
param_20016,real_004,0.848764166741521,0.6517100575198838,0.22061783307390304,0.26858749265302473,0.5109877960176479,158.47579995048022,1,1,1,1,1,1,1,1,1,1,0,1,1,1
param_20016,real_005,0.7493622586099107,0.5545539896042639,0.09608816179237771,0.15145588879770439,0.6411841624521663,485.9672369683565,1,0,1,1,1,1,1,1,1,1,0,1,1,1
param_20017,real_001,0.8382660567317187,0.6490881807418922,0.22504946830463413,0.28853203203657257,0.030076037305582424,426.56654231858533,1,1,1,1,1,1,1,1,1,1,1,1,1,1
param_20017,real_002,0.814046327146435,0.6409762928381135,0.21198495412893345,0.26533714974476286,0.041699295223179327,564.3300427057665,1,0,1,1,1,1,1,1,1,1,1,1,1,1
param_20017,real_003,0.8153449349229609,0.6294831437686309,0.171490208469216,0.23035143411752493,0.10875979313159427,197.0365041859455,1,1,1,1,1,1,1,1,1,1,1,1,1,1
param_20017,real_004,0.8513262110300213,0.6808615000016625,0.23800272660097296,0.2824039240286207,0.025202605854341167,118.50572117581035,1,1,1,1,1,1,1,1,1,1,1,1,0,1
param_20017,real_005,0.7502021308961979,0.5891559877420448,0.10628673340520839,0.1686749543262189,0.07777742699289661,523.4550314787406,1,0,1,1,1,1,1,1,1,1,1,1,1,1
param_20018,real_001,0.7544530677040641,0.38067712596750863,0.055381150773751386,0.06959573838645494,2.764672711688546,202.97293628105078,0,1,0,1,0,1,0,1,0,1,0,1,0,1
param_20018,real_002,0.7955746104177956,0.4018348799098992,0.11316578154413565,0.12362646270192754,2.06812113466761,192.71481471769644,0,1,0,1,0,1,0,1,0,0,0,0,1,1
param_20018,real_003,0.7674497897863216,0.37935817088043694,0.05263343053320204,0.06770580070447162,2.613469396869348,337.3988261300668,0,1,0,1,0,1,0,1,0,0,0,1,1,1
param_20018,real_004,0.741340307733744,0.38810491847387896,0.053561257495202665,0.06838007056545052,2.8887653442447965,142.64544178888244,0,1,0,1,0,1,0,1,0,1,0,1,1,1
param_20018,real_005,0.7995924488094478,0.38525667128743285,0.08174690189057969,0.09461321248479872,2.100658767452841,54.875370351717976,0,1,0,1,0,1,0,1,0,1,0,0,1,1
param_20019,real_001,0.7607575108974372,0.4011056852500486,0.059322832054537325,0.07579712993987758,2.458269445940906,204.44966890995244,0,1,0,1,0,1,0,1,0,1,0,1,0,1
param_20019,real_002,0.8035944339047002,0.42567672965339315,0.1187194696666613,0.13159661148718932,1.833579226910593,192.16450009516646,0,1,0,1,0,1,0,1,0,0,0,0,1,1
param_20019,real_003,0.773008051579823,0.401168084342726,0.05556875045548588,0.0729237769936013,2.3380502495977558,338.0636443183088,0,1,0,1,0,1,0,1,0,0,0,1,1,1
param_20019,real_004,0.7471100799386368,0.40716733747557543,0.05706207013028605,0.07400161091096957,2.583548506086315,143.654152382469,0,1,0,1,0,1,0,1,0,1,0,1,1,1
param_20019,real_005,0.8068640416752905,0.40942632830844794,0.08676652003363568,0.10242624397649112,1.854292573888567,53.37513951317006,0,1,0,1,0,1,0,1,0,1,0,0,0,1
param_20020,real_001,0.7589751813838294,0.4195231819565818,0.061608736753440405,0.0789582666393372,2.3553737284387437,199.3386303289255,0,1,0,1,0,1,0,1,0,1,0,1,0,1
param_20020,real_002,0.8044067856542554,0.4520616710094818,0.12915379862685636,0.1443116935461265,1.7563145809414467,194.3578756196952,0,1,0,1,0,1,0,1,0,0,0,0,1,1
param_20020,real_003,0.7720594211238166,0.4177731509060147,0.058650963808799306,0.0773678386636795,2.2506779695064383,332.85585539316526,0,1,0,1,0,1,0,1,0,0,0,1,1,1
param_20020,real_004,0.7449369541208918,0.42343242187624935,0.05890813743958266,0.07678569188923663,2.474606580829757,140.20872600498953,0,1,0,1,0,1,0,1,0,1,0,1,1,1
param_20021,real_001,0.791723433415455,0.4883462916487341,0.08009330612522972,0.10974898413412915,1.4059130484921871,208.15702970162778,1,1,1,1,1,1,1,1,0,1,0,1,0,1
param_20021,real_002,0.8433702471558676,0.5273105848525989,0.15639482533947266,0.18540476057473648,0.9779608650875387,190.88553277070503,1,1,1,1,1,1,1,1,0,0,0,0,1,1
param_20021,real_003,0.7997135889324789,0.4923572625257908,0.07171286092420953,0.10393164631573726,1.334521113146847,338.4231271581814,1,1,1,1,1,1,1,1,0,0,0,1,1,1
param_20021,real_004,0.7764720405275436,0.48747555816393023,0.07618592259526126,0.10507658513729716,1.521811862769133,147.29982454618568,1,1,1,1,1,1,1,1,0,1,0,1,1,1
param_20021,real_005,0.840674911975695,0.5049658515708688,0.11243153354831602,0.14334992816206124,1.0131085322239253,46.967925475861705,1,1,1,1,1,1,1,1,0,1,0,0,0,1
param_20022,real_001,0.8038322741941915,0.558791023498926,0.10203307089189907,0.14170837764867802,1.0446282004165135,166.6136306940739,1,1,1,1,1,1,1,1,0,1,0,1,1,1
param_20022,real_002,0.8648461321488097,0.6409198352180057,0.2143169068136084,0.25806286482304214,0.7064199223212246,210.50144626395064,1,1,1,1,1,1,1,1,0,0,0,0,1,1
param_20022,real_003,0.8161529552933873,0.5716915561557498,0.09833749827713298,0.14212716879065687,1.0074431529195766,296.5748036306293,1,1,1,1,1,1,1,1,0,0,0,1,1,1
param_20022,real_004,0.7828867334380374,0.5454507200951394,0.09505280690975326,0.13358412963193836,1.1895973154362416,122.50783747707243,1,1,1,1,1,1,1,1,0,1,0,1,1,1
param_20022,real_005,0.8545739583206965,0.5859064922306697,0.14774876818228366,0.19157537151344115,0.7376863273817774,85.22695818916114,1,1,1,1,1,1,1,1,0,1,0,0,1,1
param_20023,real_001,0.8166773331710998,0.6475671347252308,0.1286469521210972,0.18374341286610016,0.004640887968603279,216.42057988739413,1,1,1,1,1,1,1,1,1,1,1,1,1,1
param_20023,real_002,0.8459402397975032,0.6754835603304568,0.19040786373418744,0.23305610498575213,0.175030374433931,192.5768181929684,1,1,1,1,1,1,1,1,1,0,1,0,1,1
param_20023,real_003,0.807958235128366,0.641727147857551,0.11242028141410267,0.1624871976134875,0.018939531725534416,339.9196893751757,1,1,1,1,1,1,1,1,1,0,1,1,1,1
param_20023,real_004,0.8058709777268029,0.6438349135030083,0.1266927219382416,0.1832930141438276,0.062471140058813525,160.11345879569802,1,1,1,1,1,1,1,1,1,1,1,1,1,1
param_20023,real_005,0.8388711091177186,0.6527739865108636,0.14529308709764893,0.18875629221861104,0.15772629830272455,31.32245475711761,1,1,1,1,1,1,1,1,1,1,1,0,1,1
param_20024,real_001,0.6826686263261175,0.38120741570368993,0.0758678926689784,0.09281386080872624,2.188681024403123,344.8213965744235,0,1,0,1,0,1,0,1,0,1,0,1,1,1
param_20024,real_002,0.7606076309256874,0.4466212230026115,0.1608430210609854,0.16558442523046746,1.9268860670503976,190.89731395693622,0,1,0,1,0,1,0,1,0,0,0,1,1,1
param_20024,real_003,0.710394323531687,0.38808028988688703,0.06420699472576104,0.08393135249870809,2.3638919225013146,313.63528398772394,0,1,0,1,1,1,0,1,0,0,0,1,1,1
param_20024,real_004,0.6820331881974531,0.42179696499776914,0.07270084067170396,0.09363963896930994,2.2780141039457016,169.13440828192876,0,1,0,1,0,1,0,1,0,1,0,1,1,1
param_20024,real_005,0.7660106399564799,0.435426250318211,0.16783548888322428,0.1753251025095831,1.7941394266370465,204.66558160634932,0,1,0,1,0,1,0,1,0,1,0,0,1,1
param_20025,real_001,0.6911371444305573,0.40018672215810047,0.08195229133920824,0.10141930924815995,1.883161394833319,346.1180113246047,0,1,0,1,1,1,1,1,0,1,0,1,1,1
param_20025,real_002,0.7705479184745913,0.4761452560511812,0.16868562268873796,0.17563454307666737,1.6797409284737308,188.48779872392873,0,1,0,1,0,1,0,1,0,0,0,1,1,1
param_20025,real_003,0.7184787501791766,0.4099368988808827,0.06980798298504715,0.09211894648557668,2.076898886381294,316.8671476846131,1,1,0,1,1,1,0,1,0,0,0,1,1,1
param_20025,real_004,0.6891024933001948,0.4434242088419018,0.07823913353699616,0.10171861429369435,1.9980633559275143,173.63488269235032,0,1,0,1,1,1,0,1,0,1,0,1,1,1
param_20025,real_005,0.7766478528916888,0.4737966408917879,0.17733050190294963,0.18772431796941738,1.539516191062226,211.35571725465132,0,1,0,1,1,1,0,1,0,1,0,0,1,1
param_20026,real_001,0.6896529448564843,0.40976906335454855,0.08431302688651571,0.1051466978225044,1.8567590856100158,343.0471826145563,0,1,0,1,1,1,1,1,0,1,0,1,1,1
param_20026,real_002,0.7728297926999471,0.4990961854040969,0.1791728091927018,0.1885765071788685,1.6480491343841308,189.7177778878259,0,1,0,1,0,1,0,1,0,0,0,1,1,1
param_20026,real_003,0.7188192921121953,0.42156678485965215,0.07263405699251087,0.09656802834548987,2.0327468319810373,312.7442284524086,1,1,0,1,1,1,0,1,0,0,0,1,1,1
param_20026,real_004,0.6884051628794041,0.46241759734917326,0.0802873740892407,0.10499350048694214,1.960691233222909,170.02710231388448,0,1,0,1,1,1,0,1,0,1,0,1,1,1
param_20026,real_005,0.7784280348672605,0.49007786865623293,0.18158436931154415,0.19415341409062908,1.512030890380994,207.77716262901706,0,1,0,1,1,1,0,1,0,1,0,0,1,1
param_20027,real_001,0.722050702819281,0.46993680539452837,0.10566245698411332,0.13822119892280585,1.0989497988976613,360.32351756108187,1,1,1,1,1,1,1,1,1,1,1,1,1,1
param_20027,real_002,0.8127832014143328,0.5686957166187736,0.20943866554488222,0.2334982418333686,0.8955920434819726,187.4541582063,1,1,1,1,1,1,0,1,0,0,0,1,1,1
param_20027,real_003,0.746817335325434,0.49069819421925304,0.08783680173891177,0.1239193312732494,1.2526781965681162,322.61439167967865,1,1,1,1,1,1,0,1,0,0,0,1,1,1
param_20027,real_004,0.7176351177558228,0.5201949792263706,0.09772520578624061,0.1320804468952671,1.2166764683320974,193.37450989180527,1,1,1,1,1,1,1,1,1,1,1,1,1,1
param_20027,real_005,0.8189710974319944,0.5790112378793643,0.20727120843827027,0.2333390989314781,0.8360466571202158,243.11860844253619,1,1,1,1,1,1,0,1,0,1,0,0,1,1
param_20028,real_001,0.7519685191514642,0.5577394543930617,0.13522066267795782,0.18245178780597734,0.8216421206864973,332.9000237012558,1,1,1,1,1,1,1,1,1,1,1,1,1,1
param_20028,real_002,0.8469262048434252,0.6793715267787117,0.2612345566189581,0.3015138513867473,0.6687877345491896,191.2774426950511,1,1,1,1,1,1,1,1,0,0,0,1,1,1
param_20028,real_003,0.7720900251131628,0.5711481545334467,0.11358470572746376,0.16543348537978717,0.9187979465882217,296.5486478351197,1,1,1,1,1,1,1,1,1,0,0,1,1,1
param_20028,real_004,0.7415538655189249,0.5777713683758376,0.12233796574232716,0.17043057186697072,0.9459702129092358,173.6275006422719,1,1,1,1,1,1,1,1,1,1,1,1,1,1
param_20028,real_005,0.8518697812613977,0.648485844897142,0.2545470031812749,0.29742369565915305,0.6147234313102167,218.94129201665015,1,1,1,1,1,1,1,1,0,1,0,0,1,1
param_20029,real_001,0.7862351943245105,0.6422974662870271,0.17479280092164873,0.2359228260012766,0.053686716354662614,383.90324853619694,1,1,1,1,1,1,1,1,1,1,1,1,1,1
param_20029,real_002,0.8418384787780018,0.7006724594235927,0.25530998811699623,0.3026277510427213,0.13998360348845465,199.03022510119519,1,1,1,1,1,1,1,1,1,0,1,1,1,1
param_20029,real_003,0.7868896589095725,0.6415750064116207,0.13912318452905373,0.20695744131892294,0.035098418704221146,330.83663241015216,1,1,1,1,1,1,1,1,1,0,1,1,1,1
param_20029,real_004,0.7659053753947747,0.6439150165124015,0.15143150292954072,0.21349078773934388,0.09731847323219857,244.28394723042356,1,1,1,1,1,1,1,1,1,1,1,1,1,1
param_20029,real_005,0.8476185841186143,0.6900282597739475,0.23610925799086147,0.2878200604132555,0.1712268591151553,298.6220752755574,1,1,1,1,1,1,1,1,1,1,1,0,1,1
param_20030,real_001,0.663258636037213,0.3939440248977293,0.09332499050508307,0.11401525192422576,1.9639620836594487,298.3365254282085,0,1,0,1,1,1,0,1,0,1,0,1,1,1
param_20030,real_002,0.7456826772105348,0.4767995462037377,0.209630341931122,0.20974502959944508,1.8620628830974115,108.75624234273751,0,1,0,1,0,1,0,1,0,0,0,1,1,1
param_20030,real_003,0.6879891694268723,0.3959474392946086,0.07797704082050133,0.10176410758190713,2.1771977496268513,237.59711485297487,0,1,0,1,1,0,0,1,0,0,0,1,1,1
param_20030,real_004,0.6618946957203545,0.436923736270282,0.0874057650596961,0.11355102180736606,1.837213147278619,102.39811662764257,0,1,0,1,1,1,0,1,0,1,0,1,1,1
param_20030,real_005,0.7436706608367247,0.4543742523565652,0.20228507523257394,0.20209288267158454,1.8270192994996426,184.68395919011613,0,1,0,1,0,1,0,1,0,1,0,0,1,1
param_20031,real_001,0.672165704211718,0.4148915838675053,0.10124538010050696,0.12494636393163583,1.606859310703523,303.8340380254168,0,1,0,1,1,1,1,1,0,1,0,1,1,1
param_20031,real_002,0.7561692925318388,0.5127484295403305,0.2210219665813712,0.22078004257538275,1.633302227451617,116.59035989330347,0,1,0,1,1,1,0,1,0,0,0,1,1,1
param_20031,real_003,0.6962596079949871,0.41766225035784693,0.08363831357046671,0.1088020215621924,1.9130305103777392,241.36980733030447,0,1,0,1,1,0,0,1,0,0,0,1,1,1
param_20031,real_005,0.754182626578883,0.49392220889940097,0.21103528492788484,0.21299421598979967,1.603989155693261,193.0185217439998,1,1,0,1,1,1,0,1,0,1,0,0,1,1
param_20032,real_001,0.6713202720922837,0.4204560259377119,0.1036068965421425,0.12898124243036146,1.585266319765766,301.10990014680556,0,1,0,1,1,1,1,1,0,1,0,1,1,1
param_20032,real_002,0.7585709099420179,0.5339293362682941,0.2300191758018513,0.23406796752160797,1.6020526801106523,115.55130230340379,0,1,0,1,1,1,0,1,0,0,0,1,1,1
param_20032,real_003,0.6977239433459314,0.4279740954659355,0.08676590915804512,0.1137340586787406,1.8673021793941906,239.23839597718666,0,1,0,1,1,0,0,1,0,0,0,1,1,1
param_20032,real_004,0.6700866813830973,0.4778910745002494,0.09669534092601509,0.12596796840180524,1.5827940158333584,105.4482240484605,0,1,0,1,1,1,1,1,0,1,0,1,1,1
param_20032,real_005,0.7572433957795798,0.5082740408104127,0.2168892055085142,0.22079628314910868,1.5733422638981915,191.36596368817084,1,1,0,1,1,1,0,1,0,1,0,0,1,1
param_20033,real_002,0.794420669746452,0.6015030275365945,0.2555142186778031,0.27044933472373317,0.9902485395808098,149.52876981004107,1,1,0,1,1,1,0,1,0,0,0,1,1,1
param_20033,real_003,0.7225943107617658,0.4875739367171113,0.09928089891539281,0.13427068220150562,1.2648824139248105,248.32626780735256,1,1,0,1,1,0,0,1,0,0,0,1,1,1
param_20033,real_004,0.698186060350915,0.5320989698696184,0.11383109481264192,0.14936541393559832,1.1420226177696782,127.75671139871925,0,1,0,1,1,1,1,1,1,1,1,1,1,1
param_20033,real_005,0.7979566465639235,0.6069607281386663,0.24062879320723277,0.258127217354964,0.9745091993010587,225.97934593179815,1,1,0,1,1,1,0,1,0,1,0,0,1,1
param_20034,real_001,0.7452918368175527,0.575439981356412,0.1588479735953251,0.2119538882617576,0.7259459568951547,310.81345945814707,1,1,1,1,1,1,1,1,1,1,1,1,1,1
param_20034,real_002,0.8352654622177929,0.6946603063015891,0.30090530564633616,0.3417956810256792,0.6597110343945787,146.23028861676949,1,1,0,1,1,1,1,1,0,0,0,1,1,1
param_20034,real_003,0.7523802297029357,0.5657922177415741,0.12633540852124325,0.17910191493273162,0.8778515443862606,239.00010427598085,1,1,1,1,1,0,0,1,1,0,0,1,1,1
param_20034,real_004,0.7353965601814538,0.5929939097996688,0.1431454934502791,0.19616935010973718,0.8194020356234096,124.21339096832453,1,1,1,1,1,1,1,1,1,1,1,1,1,1
param_20034,real_005,0.8410402263891729,0.6726487961785409,0.29057845219999257,0.32689860448326696,0.6287153896465686,226.5008218601128,1,1,1,1,1,1,0,1,0,1,0,0,1,1
param_20035,real_001,0.7763994108397614,0.6432510608569154,0.19881819004550716,0.2603149987692507,0.1525060359927771,355.60236769184434,1,1,1,1,1,1,1,1,1,1,1,1,1,1
param_20035,real_002,0.837384526783639,0.7134069864378024,0.30297813674878227,0.3514490817124393,0.09179575444635686,212.99006674846032,1,1,1,1,1,1,1,1,1,0,1,1,1,1
param_20035,real_003,0.7713412554182635,0.6327445576181308,0.14895497653335948,0.21952575542316569,0.09873340656722739,268.20316206468823,1,1,1,1,1,0,1,1,1,0,1,1,1,1
param_20035,real_004,0.7592622931414478,0.6484105721665605,0.16980241962190226,0.23366957539468544,0.16041735696462744,184.9831976207798,1,1,1,1,1,1,1,1,1,1,1,1,1,1
param_20035,real_005,0.8453085079747972,0.7084999151194208,0.27847753140535403,0.33014380191505566,0.083167425750675,304.7011744200225,1,1,1,1,1,1,1,1,1,1,1,0,1,1
param_20036,real_001,0.7841530589018152,0.37564456456814604,0.07464279515119547,0.08925899951356449,2.035025002193175,425.59744836284557,0,1,0,1,0,1,0,1,0,1,0,1,1,1
param_20036,real_002,0.74166800168862,0.3670299805310382,0.055131750457797585,0.06731671254830114,2.876058540945146,209.4451831526459,0,1,0,1,0,1,0,1,0,1,0,1,1,1
param_20036,real_003,0.7791847370919579,0.3983657506637026,0.07384045960312273,0.0873459899105128,2.388259526261586,273.6624148228718,0,1,0,1,0,1,0,1,0,0,0,1,1,1
param_20036,real_004,0.7551232326163984,0.37169471817013044,0.0676750131276785,0.08339588051237648,2.480190174326466,130.9461974737567,0,1,0,1,0,1,0,1,0,1,0,1,0,1
param_20036,real_005,0.7637839261348379,0.3834883919873626,0.07874906286559519,0.0941284814542519,2.441302245621575,467.33095305490275,0,1,0,1,0,1,0,1,0,1,0,1,0,1
param_20037,real_001,0.7907176084105236,0.40271315433470817,0.07778975325030434,0.09500938380921312,1.8175136411759916,424.37800315705704,0,1,0,1,0,1,0,1,0,1,0,1,1,1
param_20037,real_002,0.7475741039514413,0.38693569615816226,0.05861196109010789,0.07278864523314141,2.568668998148529,210.55400579484498,0,1,0,1,0,1,0,1,0,1,0,1,1,1
param_20037,real_003,0.7867750217212963,0.42889317657358617,0.07843832362237707,0.09443036250626292,2.145773140160885,273.58845607174186,0,1,0,1,0,1,0,1,0,0,0,1,1,1
param_20037,real_004,0.7611549475408388,0.389731770259813,0.07230573073582536,0.09038318736330812,2.2111875437657043,131.02981171784415,0,1,0,1,0,1,0,1,0,1,0,1,0,1
param_20037,real_005,0.7723469021923337,0.4100083331398249,0.0841618300669931,0.10200711408113658,2.1670325323840602,465.53725727243545,0,1,0,1,0,1,0,1,0,1,0,1,0,1
param_20038,real_001,0.7903061014063499,0.42519001226076797,0.08302091830678644,0.10253384670408668,1.7280881599179907,429.6893371436738,0,1,0,1,0,1,0,1,0,1,0,1,1,1
param_20038,real_002,0.7465817095080973,0.40853369533868533,0.06180358110089562,0.07746913771748104,2.472724360899245,205.78507559773016,0,1,0,1,0,1,0,1,0,1,0,1,1,1
param_20038,real_003,0.7851559636243107,0.44459922966844173,0.0811167813350405,0.0979527816514992,2.0424992963692654,277.6261989132041,0,1,0,1,0,1,0,1,0,0,0,1,1,1
param_20038,real_004,0.7595687511138064,0.4020071568157689,0.07441584982224239,0.09379215644700668,2.111909466499012,131.05938419000384,0,1,0,1,0,1,0,1,0,1,0,1,0,1
param_20038,real_005,0.770266927946412,0.42496156831751497,0.08601013655964117,0.10558309245228217,2.0654275377577,470.7565245222009,0,1,0,1,0,1,0,1,0,1,0,1,1,1
param_20039,real_001,0.8196142765628476,0.4942401240423038,0.09532228004070334,0.12843084304904792,1.0106792589901925,422.23233277499554,1,1,1,1,1,1,1,1,0,1,0,1,1,1
param_20039,real_002,0.7773186188582438,0.47383899151912345,0.07582275865678464,0.10231084966763779,1.5385302036993678,211.193062975677,1,1,1,1,1,1,1,1,0,1,0,1,1,1
param_20039,real_003,0.8167783867342473,0.5079950966393318,0.09732013460408172,0.12692426274471597,1.2058009036583588,269.5834849719484,1,1,1,1,1,1,1,1,0,0,0,1,1,1
param_20039,real_004,0.7960940327558563,0.464736725030052,0.09980681208086198,0.1325313079431497,1.2559576345984114,132.23673995782352,1,1,1,1,1,1,1,1,0,1,0,1,0,1
param_20040,real_001,0.8399706467536141,0.592037111395634,0.13427691275875198,0.18231964075208723,0.6999987715440463,465.9841019516819,1,1,1,1,1,1,1,1,0,1,0,1,1,1
param_20040,real_002,0.7931997088522826,0.558218005885601,0.10099642064418486,0.13914484429803037,1.1807336450947856,173.51847784635487,1,1,1,1,1,1,1,1,0,1,0,1,1,1
param_20040,real_003,0.8252723590896293,0.5813529703723507,0.12074051522648427,0.1597434462031372,0.8994189038241902,310.33082245021785,1,1,1,1,1,1,1,1,0,0,0,1,1,1
param_20040,real_004,0.8022040363731294,0.5350554035718631,0.12102354346564702,0.16305609625080852,0.9305374986070354,136.80607600128482,1,1,1,1,1,1,1,1,0,1,0,1,1,1
param_20040,real_005,0.8155965063169954,0.5689087963443703,0.1263183065581927,0.16890300286919452,0.9083260841069152,505.28370583445997,1,1,1,1,1,1,1,1,0,1,0,1,1,1
param_20041,real_001,0.8218500678956279,0.6435923446400031,0.13149974024250508,0.1836548376603956,0.15248372457634904,420.70484168941755,1,1,1,1,1,1,1,1,1,1,1,1,1,1
param_20041,real_002,0.8022080429325795,0.638321665393277,0.114876873251697,0.17045367423362393,0.05661538086710765,213.2621393797115,1,1,1,1,1,1,1,1,1,1,1,1,1,1
param_20041,real_003,0.8337288637021122,0.6616656664444984,0.14635743916802357,0.1938118325049016,0.08433064291678263,262.7508291546332,1,1,1,1,1,1,1,1,1,0,1,1,1,1
param_20041,real_004,0.846220895393361,0.6730688002577447,0.1836820840591062,0.2421969349435134,0.056655372700871245,139.06998109470737,1,1,1,1,1,1,1,1,1,1,1,1,1,1
param_20041,real_005,0.8434399956469626,0.6728892598913013,0.16471723454509246,0.22088028417076572,0.02901889927058638,454.75765784667266,1,1,1,1,1,1,1,1,1,1,1,1,1,1
param_20042,real_001,0.7211805868942216,0.4152104628608527,0.0830336416555634,0.09561283412092311,3.009640358471582,469.60797406093343,0,1,0,1,0,1,0,1,0,1,0,1,1,1
param_20042,real_002,0.6754194032293213,0.35077959316138246,0.06116774107112741,0.07699761328080258,2.870605212524051,190.33421854574144,0,1,0,1,0,0,0,1,0,1,0,1,1,1
param_20042,real_003,0.7154433354578684,0.415320797384761,0.08993253775458486,0.1029226898052886,2.6571060196144742,157.6806063300671,0,1,0,1,0,1,0,1,0,1,0,1,1,1
param_20042,real_004,0.6964794309130393,0.35392608395475994,0.07231185098820027,0.0910225171935689,2.0708467588608483,429.11513531565726,0,1,0,1,1,1,0,1,0,1,0,1,1,1
param_20042,real_005,0.6927811565641585,0.3514698731404539,0.054394049611172085,0.06973563402565984,2.6777092803619986,390.33762100202875,0,1,0,1,0,1,0,1,0,1,0,1,1,1
param_20043,real_001,0.7301507034471046,0.43801255142386775,0.0908710827117695,0.10561728547094582,2.550472401790154,459.3697926810589,0,1,0,1,0,1,0,1,0,1,0,1,1,1
param_20043,real_002,0.6828657451782167,0.3763384141287193,0.06598866347216986,0.08435982908297433,2.4829811513792155,194.53242942372316,0,1,0,1,0,0,0,1,0,1,0,1,1,1
param_20043,real_003,0.7260477665842368,0.4422231625838238,0.09616393400644402,0.11256480084289908,2.2901992850079864,154.59564440031804,0,1,0,1,0,1,0,1,0,1,0,1,1,1
param_20043,real_004,0.7053442926333724,0.3816105829063668,0.07867137820290744,0.10004189261971902,1.7536879508991063,434.9797846087975,0,1,1,1,1,1,0,1,0,1,0,1,1,1
param_20043,real_005,0.7004021464345256,0.37575263227148986,0.05841311520961931,0.07634654777514413,2.3426593215862357,393.8191810953959,0,1,0,1,0,1,0,1,0,1,0,1,1,1
param_20044,real_001,0.7293697138036725,0.4502104110382149,0.09375588163818671,0.10976006515205317,2.5215782983970407,463.36736441967906,0,1,0,1,0,1,0,1,0,1,0,1,1,1
param_20044,real_002,0.6822351025643698,0.3878612073823839,0.06845535654115906,0.08753373596268518,2.445962781281632,189.64051998399756,0,1,0,1,0,0,0,1,0,1,0,1,1,1
param_20044,real_003,0.7258671270914421,0.45484223289917003,0.09887450416500011,0.11693381934691463,2.2404719543028375,158.21294010194498,0,1,0,1,0,1,0,1,0,1,0,1,1,1
param_20044,real_004,0.7048099637421452,0.3918088594235801,0.08166396830718436,0.10420066575236506,1.709870547304099,429.8518340401705,0,1,1,1,1,1,0,1,0,1,0,1,1,1
param_20044,real_005,0.6984654081735882,0.38547902201839274,0.06088677689640834,0.07978169192980852,2.2959614561824506,388.89001800050886,0,1,0,1,0,1,0,1,0,1,0,1,1,1
param_20045,real_001,0.763965082110278,0.529475588649251,0.11966435322151676,0.14762071661287096,1.2863547212104232,433.32148900564164,1,1,0,1,1,1,0,1,1,1,0,1,1,1
param_20045,real_002,0.7100874296136513,0.45658566678711315,0.0863757448881524,0.11600887247919486,1.4616689611057807,206.5266572177873,1,1,1,1,1,0,1,1,0,1,0,1,1,1
param_20045,real_003,0.7674181834936808,0.5228999211841225,0.12367865253604378,0.15405728147214615,1.2791337908505342,147.215879314539,1,1,1,1,1,1,1,1,1,1,0,1,1,1
param_20045,real_004,0.7359895318287859,0.463821116282692,0.10306247802791477,0.13664935962864697,0.9769248608534323,448.63882157359313,1,1,1,1,1,1,1,1,0,1,0,1,1,1
param_20045,real_005,0.7310741203769475,0.44898239170727067,0.07856897035689323,0.10702990238141971,1.4795471402381852,396.3032600340057,1,1,1,1,1,1,1,1,0,1,0,1,1,1
param_20046,real_001,0.7829333774152186,0.579383579803515,0.1381608772127679,0.1780410395859503,1.0904189133139777,451.68375904070365,1,1,1,1,1,1,1,1,0,1,0,1,1,1
param_20046,real_002,0.7404297808467404,0.5337507200508924,0.11400423446356106,0.15767848674011886,1.1298923178728268,175.9847485817016,1,1,1,1,1,0,1,1,0,1,0,1,1,1
param_20046,real_003,0.7927357747956105,0.5889831455117012,0.1508281109957301,0.19630631752470976,0.9986254216143787,170.97342865546497,1,1,1,1,1,1,1,1,1,1,0,1,1,1
param_20046,real_004,0.7646047080781283,0.5423992217001699,0.13433069821153862,0.18380495072190875,0.7174565154126838,411.31428479801514,1,1,1,1,1,1,1,1,0,1,0,1,1,1
param_20046,real_005,0.755867447193126,0.5369282789633134,0.10581171549904228,0.14560958727547268,1.1448926228119023,362.5235682195859,1,1,1,1,1,1,1,1,0,1,0,1,1,1
param_20047,real_001,0.8105499147474333,0.6693781913267266,0.17406787832940535,0.23027577079450315,0.08350089153609773,373.2374352652623,1,1,1,1,1,1,1,1,1,1,1,1,1,1
param_20047,real_002,0.7803466954227309,0.6451699674469837,0.16495075899645864,0.2320585772776707,0.1010038187404376,231.32734127656084,1,1,1,1,1,0,1,1,1,1,1,1,1,1
param_20047,real_003,0.8305204306188585,0.6844186738628137,0.2060353232278965,0.27051871181250686,0.02847819109098042,137.25775145208522,1,1,1,1,1,1,1,1,1,1,1,1,1,1
param_20047,real_004,0.7800117661575853,0.6315363448617759,0.15366096910611718,0.21397646501932094,0.02659341635317478,453.26304322920436,1,1,1,1,1,1,1,1,1,1,1,1,1,1
param_20047,real_005,0.8135492389081385,0.6581078782247488,0.17447039003100515,0.2411470344915847,0.09800701510851109,388.76982620281666,1,1,1,1,1,1,1,1,1,1,1,1,1,1
param_20048,real_001,0.6730879166151041,0.37521183463823204,0.08640943518731063,0.10184621808950746,2.434836030844844,373.1803209212103,0,1,0,0,0,1,0,1,0,1,0,1,1,1
param_20048,real_002,0.7013830230764018,0.4040926332571351,0.11350578817867098,0.12094536623135207,2.705181967949678,150.143345776094,0,1,0,1,0,1,0,1,0,1,0,1,1,1
param_20048,real_003,0.7020575357489461,0.38445552571962854,0.1215745914058194,0.13523386306446958,2.209514064359847,225.5119583261909,0,1,0,1,0,1,0,1,0,1,0,1,1,1
param_20048,real_004,0.7083339616917678,0.4357145163375744,0.12693863064638924,0.14570383828683464,2.0518140538596414,400.7560423255034,0,1,0,1,0,1,0,1,0,1,0,1,1,1
param_20048,real_005,0.6929168847968235,0.3644223820876373,0.09206540238810862,0.10227316349942622,2.7333362810337585,248.61070637387917,0,1,0,1,0,1,0,1,0,1,0,1,1,1
param_20049,real_001,0.6813599492796557,0.4016197490633802,0.0913337709837369,0.10963712908390341,2.124648294469069,376.44967817715207,0,1,0,0,0,1,1,1,0,1,0,1,1,1
param_20049,real_002,0.7075180650433565,0.42419760169935067,0.11972473372714482,0.129350951140879,2.2909211839042234,145.04333373523568,0,1,0,1,0,1,0,1,0,1,0,1,1,1
param_20049,real_003,0.7113404619847887,0.41112403783920487,0.13120348573699067,0.14654339601093322,1.953098280334326,223.0679224285248,0,1,0,1,0,1,0,1,0,1,0,1,1,1
param_20049,real_004,0.7216877112507758,0.47021710367964337,0.1420021364547385,0.16352863236818085,1.6273997522836352,402.83345591202414,1,1,0,1,1,1,0,1,0,1,0,1,1,1
param_20049,real_005,0.7038844646751141,0.3926197840967775,0.09916984373230817,0.11182878456253921,2.3689103459282608,252.73294304290698,0,1,0,1,1,1,0,1,0,1,0,1,1,1
param_20050,real_001,0.6829018869903688,0.41993831888165367,0.09598526195894636,0.11596107198341006,2.074463848910632,371.8774080829087,0,1,0,0,0,1,1,1,0,1,0,1,1,1
param_20050,real_002,0.7083408221638507,0.43537162727827194,0.12299323139399998,0.1349644729506217,2.2549832247878427,146.9055388087706,0,1,0,1,0,1,0,1,0,1,0,1,1,1
param_20050,real_003,0.7106606691916362,0.42343146512309354,0.13418735138394186,0.15173910563002602,1.9215503640199973,225.3852828231968,0,1,0,1,0,1,0,1,0,1,0,1,1,1
param_20050,real_004,0.7222257939748354,0.4801781411977127,0.14427823990739508,0.1679287474422585,1.6029679621143853,401.4850440757681,1,1,0,1,1,1,0,1,0,1,0,1,1,1
param_20050,real_005,0.7055701238311678,0.4096098570996235,0.10438357638257863,0.11849754232279976,2.3284058656575213,248.42814449387186,0,1,0,1,1,1,0,1,0,1,0,1,1,1
param_20051,real_001,0.7085154043606292,0.48048538388590745,0.11092120957167596,0.14336567346902215,1.2696006383068072,389.33664586238484,1,1,0,0,1,1,1,1,0,1,0,1,1,1
param_20051,real_002,0.7417973752746445,0.5001166697745013,0.14442736017262134,0.16718354427992302,1.308004478029667,132.71448547938354,1,1,1,1,1,1,0,1,0,1,0,1,1,1
param_20051,real_003,0.749957512299127,0.4969672365952652,0.16111188081427077,0.19186044792423929,1.1916522879917864,217.1569948397667,1,1,1,1,1,1,0,1,0,1,0,1,1,1
param_20051,real_004,0.7660669782531283,0.5658392160908445,0.19465690125978913,0.233708015645842,0.8117193338315363,418.86086858066875,1,1,1,1,1,1,1,1,0,1,0,1,1,1
param_20051,real_005,0.7434131452026089,0.49335948060994317,0.12996122107435373,0.1570911691795127,1.4313584335181053,259.4972760068867,0,1,1,1,1,1,1,1,0,1,0,1,1,1
param_20052,real_001,0.7503550073322097,0.5690760785558635,0.15318079542081656,0.20222528577981824,0.9309498856707317,358.7227007887667,1,1,1,0,1,1,1,1,0,1,0,1,1,1
param_20052,real_002,0.779539983708878,0.5847464597586842,0.18066038904748272,0.2273613422618299,0.916824855692868,141.23565098499623,1,1,1,1,1,1,1,1,0,1,0,1,1,1
param_20052,real_003,0.7758452696181132,0.5877260106091127,0.17386557423732388,0.2212667810122512,0.8399195527516071,233.03649180092734,1,1,1,1,1,1,1,1,0,1,0,1,1,1
param_20052,real_004,0.8057938551375422,0.6417915189420477,0.22091889305493498,0.2833907646048959,0.5376765468734073,417.4169537218958,1,1,1,1,1,1,1,1,1,1,0,1,1,1
param_20052,real_005,0.7805896724427194,0.5775019356144763,0.16989966182767205,0.21210438023421013,1.0527563362304746,232.73966384333005,0,1,1,1,1,1,1,1,0,1,0,1,1,1
param_20053,real_001,0.7876523591413442,0.6422580298260278,0.19151610265154168,0.26247547449399256,0.14473516994027028,399.5689118736444,1,1,1,0,1,1,1,1,1,1,1,1,1,1
param_20053,real_002,0.8038419744744688,0.6607828765877914,0.22133265754597228,0.28390595435850513,0.005275704668897046,104.56091909899455,1,1,1,1,1,1,1,1,1,1,1,1,1,1
param_20053,real_003,0.814012818121886,0.6762923668795726,0.2333772488721935,0.30116110003423047,0.06854379287774842,217.9959071657749,1,1,1,1,1,1,1,1,1,1,1,1,1,1
param_20053,real_004,0.8228043872735923,0.6953484602138663,0.2521858790319807,0.31936115604057536,0.11216689010234444,461.356895335777,1,1,1,1,1,1,1,1,1,1,1,1,1,1
param_20053,real_005,0.8194808961071632,0.6669716946688874,0.22585505661480212,0.294744046613678,0.1127878013100149,253.29335377880636,1,1,1,1,1,1,1,1,1,1,1,1,1,1
param_20054,real_001,0.7929190488763496,0.4461993194110398,0.09772275009225499,0.10809822320665427,2.4780098139906426,139.70296612756871,0,1,0,1,0,1,0,1,0,1,0,1,0,1
param_20054,real_002,0.7869989370394176,0.40887117610161733,0.08372311307851646,0.09541589424116134,2.500603988603989,105.73624053324673,0,1,0,1,0,1,0,1,0,1,0,1,1,1
param_20054,real_003,0.7661658683216784,0.3947034006097413,0.0732215598547902,0.08536582782845283,2.659456684300989,162.2764606941751,0,1,0,1,0,1,0,1,0,1,0,1,1,1
param_20054,real_004,0.7339769025649787,0.40536949450598664,0.04459766522609088,0.06041633681839795,3.012991376413932,168.97487586107562,0,1,0,1,0,1,0,1,0,1,0,1,0,1
param_20054,real_005,0.7714450370949977,0.3570992254500315,0.04992132848135267,0.0657382094666607,2.544094541976911,127.99839977112197,0,1,0,1,0,1,0,1,0,1,0,0,0,1
param_20055,real_001,0.7986877337854804,0.458543338853775,0.1025534351405867,0.11506813322179696,2.227759891552995,138.97139166482714,0,1,0,1,0,1,0,1,0,1,0,1,0,1
param_20055,real_002,0.7918127746171696,0.4205954894989368,0.08715379039966915,0.1010093287375039,2.2663916122583525,104.51145080283595,0,1,0,1,0,1,0,1,0,1,0,1,1,1
param_20055,real_003,0.7704206918344658,0.4034555823608075,0.07707206665208828,0.09103425961719996,2.4126438935031955,162.49975166366667,1,1,0,1,1,1,0,1,0,1,0,1,1,1
param_20055,real_004,0.7377184036753904,0.414223957881288,0.047529286073133496,0.06525356105541211,2.7231920199501247,169.47465124847767,0,1,0,1,0,1,0,1,0,1,0,1,0,1
param_20055,real_005,0.7755104021712603,0.36265759932568137,0.052942777685664376,0.07089342286936547,2.2938861024696844,127.55847891032334,0,1,0,1,0,1,0,1,0,1,0,0,0,1
param_20056,real_001,0.7979444298897873,0.4891067518985653,0.10610584242053282,0.12176933726046121,2.1188907081457224,143.93805082343792,0,1,0,1,0,1,0,1,0,1,0,1,0,1
param_20056,real_002,0.7922502322548969,0.4482232515528031,0.0956140439232835,0.11200519000069525,2.1632615232524612,109.63828317771693,0,1,0,1,0,1,0,1,0,1,0,1,1,1
param_20056,real_003,0.7703185140134107,0.42471728242547857,0.08302065961735496,0.10046576767209361,2.2956075987536435,160.5263837525443,1,1,0,1,1,1,0,1,0,1,0,1,1,1
param_20056,real_004,0.735439803674106,0.4316456574244444,0.049363087321933605,0.0678882633862044,2.5996865644652507,167.8642076169461,0,1,0,1,0,1,0,1,0,1,0,1,1,1
param_20056,real_005,0.7746519210892021,0.38750377570104555,0.05674783427184961,0.075956222587452,2.1856809529657375,128.85095350683847,0,1,0,1,0,1,0,1,0,1,0,0,1,1
param_20057,real_001,0.8325729816845886,0.5458691146942001,0.12835791414508402,0.15635759819513592,1.256444806396683,137.638697675088,1,1,1,1,1,1,1,1,0,1,0,1,0,1
param_20057,real_002,0.822775929516636,0.5034357120197593,0.11118589007721641,0.13973674413859766,1.3014415008391274,99.15062210144043,1,1,1,1,1,1,1,1,0,1,0,1,0,1
param_20057,real_003,0.8016920658408835,0.48817616494152444,0.10126362734360982,0.13111376769170233,1.4046585308613002,163.0313975970605,1,1,1,1,1,1,1,1,0,1,0,1,0,1
param_20057,real_004,0.7638796568107168,0.48509327378055794,0.06584459254987753,0.0944375328048724,1.5746188224812105,171.577562497378,1,1,1,1,1,1,1,1,0,1,0,1,1,1
param_20057,real_005,0.8042760182218512,0.4557807705421266,0.07309028484635367,0.10466120599749146,1.3064475497532713,125.36158852750731,1,1,1,1,1,1,1,1,0,1,0,0,0,1
param_20058,real_001,0.8360921180036182,0.6082054552493071,0.1338706572840457,0.17042350781621787,0.877868145409735,179.08814450760008,1,1,1,1,1,1,1,1,0,1,0,1,1,1
param_20058,real_002,0.8422436907599714,0.616416714159713,0.16636825470784014,0.20905195991241718,0.9538845141017975,141.81518797691683,1,1,1,1,1,1,1,1,0,1,0,1,1,1
param_20058,real_003,0.8183258576872728,0.5810588563080593,0.1279524837711763,0.17310172073327623,1.0179466033160596,151.98711014351636,1,1,1,1,1,1,1,1,0,1,0,1,1,1
param_20058,real_004,0.7690702775817323,0.5378479124279312,0.08408746609661742,0.12186098105550763,1.2532164551708527,162.3490002158543,1,1,1,1,1,1,1,1,0,1,0,1,1,1
param_20058,real_005,0.8218241046908765,0.5552505710753499,0.10575810650801001,0.14998879541385166,0.9782406995513415,139.72080471175428,1,1,1,1,1,1,1,1,0,1,0,0,1,1
param_20059,real_001,0.8453561155788688,0.6787756872773549,0.14890436895347722,0.1938902793361591,0.07678280414144903,134.88974466279342,1,1,1,1,1,1,1,1,1,1,1,1,1,1
param_20059,real_002,0.8320880004302424,0.6579832672739413,0.15848267084662765,0.20647729370883783,0.048436560991778545,88.41964464718501,1,1,1,1,1,1,1,1,1,1,1,1,1,1
param_20059,real_003,0.8137113553076358,0.6438823881488227,0.13513861222085677,0.18678960260033958,0.0009341400721668997,167.23651786462239,1,1,1,1,1,1,1,1,1,1,1,1,1,1
param_20059,real_004,0.7940889990930471,0.631628294157747,0.11517546181158458,0.17245946484565539,0.09702109420445151,182.3999037201136,1,1,1,1,1,1,1,1,1,1,1,1,1,1
param_20060,real_001,0.7625352711212103,0.4541145467136852,0.0977589985005311,0.11259894905412406,2.2109280994180884,170.55193114542092,0,1,0,1,1,1,0,1,0,1,0,1,0,1
param_20060,real_002,0.7615586474884833,0.4915715083389604,0.10895327419992644,0.12259876210654536,2.366174608200095,184.0941656357324,1,1,1,1,0,1,0,1,0,1,0,1,1,1
param_20060,real_003,0.7266919027899285,0.405442816012092,0.07171132315544061,0.0908235403395245,2.1903205697338346,341.9743935002324,1,1,0,1,1,1,0,1,0,0,0,1,0,1
param_20060,real_004,0.7085353402521757,0.44703808791470373,0.06749346428933199,0.08744626326197923,2.329640460390657,189.045071332896,0,1,0,1,1,1,0,1,0,1,0,1,0,1
param_20060,real_005,0.748610871608472,0.40619726034177367,0.0634194737879165,0.0825825389034088,2.3632949628541104,178.23372555512702,1,1,0,1,0,1,0,1,0,1,0,1,0,1
param_20061,real_001,0.7704245493580723,0.4698131974806111,0.10372668334704517,0.12104845399218032,1.9563748637849618,168.84336906377754,0,1,0,1,1,1,1,1,0,1,0,1,0,1
param_20061,real_002,0.7684878738744818,0.5003330746423371,0.11483703313588071,0.13014908691740731,2.1207095815523473,179.6802234960296,1,1,1,1,0,1,1,1,0,1,0,1,1,1
param_20061,real_003,0.7303274108966766,0.41772754624163433,0.07586622891025012,0.09744762063067729,1.9714094691838062,343.67545041397943,1,1,0,1,1,1,0,1,0,0,0,1,0,1
param_20061,real_004,0.7129177485105244,0.45504705400286416,0.07125944916268218,0.09363357817103292,2.1041575645305044,190.01567649311343,0,1,0,1,1,1,0,1,0,1,0,1,0,1
param_20061,real_005,0.7540532952448915,0.4160878937487413,0.06737593022441443,0.08879369568714285,2.099732891915278,176.93547723947316,1,1,0,1,1,1,0,1,0,1,0,1,0,1
param_20062,real_001,0.7713321733200209,0.49830576997591486,0.10830635156656031,0.12795114871566746,1.8622823984526111,172.84358216414984,0,1,0,1,1,1,1,1,0,1,0,1,0,1
param_20062,real_002,0.7685561419004752,0.5217462817324351,0.12002721395530504,0.1374353691334521,2.0263832058352604,184.37390276810305,1,1,1,1,0,1,1,1,0,1,0,1,1,1
param_20062,real_003,0.7345645607923145,0.43890397494957234,0.0806675180953001,0.104548834447859,1.8817677672553537,339.04745243528725,1,1,0,1,1,1,0,1,0,0,0,1,0,1
param_20062,real_004,0.7124864603416263,0.4732761755768069,0.07371456353945946,0.09730373902800381,2.047595353705197,189.75441598810295,0,1,0,1,1,1,0,1,0,1,0,1,0,1
param_20062,real_005,0.7552454460592273,0.4391490901192704,0.07101994312422477,0.09389460775149923,2.0356642841352883,178.08102061455224,1,1,0,1,1,1,0,1,0,1,0,1,0,1
param_20063,real_001,0.8031630050970933,0.5505018839885113,0.12670853498476667,0.15864428015248047,1.2025600779389478,164.66999829605032,1,1,1,1,1,1,1,1,0,1,0,1,0,1
param_20063,real_002,0.7987907589677302,0.5646014111933527,0.14242861344009614,0.1687650826228312,1.323027762225348,159.67173238592386,1,1,1,1,1,1,1,1,0,1,0,1,1,1
param_20063,real_003,0.7572243371937732,0.4904592441290939,0.09537178215922541,0.12886193012328165,1.1422174867130916,347.7846936349772,1,1,1,1,1,1,0,1,0,0,0,1,0,1
param_20063,real_004,0.7388717449162792,0.5211241902670992,0.0904083774576953,0.1217709001719645,1.3005776603460781,195.63930743861246,1,1,1,1,1,1,1,1,1,1,0,1,0,1
param_20063,real_005,0.7779700381271344,0.48056005212070313,0.08425487373198987,0.11650157724791516,1.306372377500035,169.97384162149888,1,1,1,1,1,1,0,1,0,1,0,1,0,1
param_20064,real_001,0.8188827958455147,0.6292564083807136,0.14634558890503555,0.18903354621345847,0.7582035384848027,197.2305918507813,1,1,1,1,1,1,1,1,1,1,1,1,1,1
param_20064,real_002,0.817652638397779,0.6504405351066134,0.1663794308976437,0.2063252651956979,0.989998128304712,192.5559007012319,1,1,1,1,1,1,1,1,0,1,0,1,1,1
param_20064,real_003,0.7829876797920989,0.5814899760973904,0.13017126153044678,0.17866625701775696,0.8095962626435796,315.02550531861493,1,1,1,1,1,1,0,1,1,0,0,1,1,1
param_20064,real_004,0.7633987975533791,0.5796008972659409,0.11585910440077114,0.16083790120255337,0.9518796496741794,193.50644107254521,1,1,1,1,1,1,1,1,1,1,1,1,1,1
param_20064,real_005,0.8077082636200537,0.5927041942218039,0.12036949576967788,0.16779220871137723,0.951031232980512,179.12201752422635,1,1,1,1,1,1,1,1,0,1,0,1,1,1
param_20065,real_002,0.8287634710978695,0.6825877115520802,0.19183536835929718,0.23928997755180756,0.1190393179710164,137.1431629292904,1,1,1,1,1,1,1,1,1,1,1,1,1,1
param_20065,real_003,0.7826610292223727,0.6221572354693544,0.135656817346168,0.19363754102403383,0.08310940375945154,347.5452141404375,1,1,1,1,1,1,1,1,1,0,0,1,1,1
param_20065,real_004,0.7832520863017396,0.6414980948410581,0.14220160322480097,0.20289477879217568,0.12035296640637812,216.39386768327188,1,1,1,1,1,1,1,1,1,1,1,1,1,1
param_20065,real_005,0.8185867327564194,0.6394589717981309,0.14999588276816167,0.2115669728839614,0.09969369164959392,145.9912746074616,1,1,1,1,1,1,1,1,1,1,0,1,1,1
param_20066,real_001,0.6921574735770427,0.421412870516654,0.06929286741310714,0.10287664081471441,1.3586335093255022,295.3400687911195,1,0,1,1,1,1,1,1,0,1,0,1,1,1
param_20066,real_002,0.6821888121908651,0.42079742544759213,0.07639600670968093,0.10378516061567446,1.81,66.51243410040581,0,1,1,1,0,1,1,1,0,1,1,1,1,1
param_20066,real_003,0.7390149013660345,0.46596592332662906,0.1023767723875311,0.11937880019080124,1.7127754426187747,183.98881764739167,1,1,1,1,0,1,1,1,0,1,1,1,0,1
param_20066,real_004,0.6758178773630086,0.4065968290130326,0.04065234351351945,0.06188099206842022,2.750284359275896,175.80648112930848,1,1,0,1,1,1,0,1,0,1,0,1,1,1
param_20066,real_005,0.7949164484447021,0.5731131754038812,0.29155627780696663,0.3036715242456983,1.214546188104216,120.48893487061471,1,1,0,1,1,1,0,1,0,1,0,1,0,1
param_20067,real_001,0.6963473994488176,0.43109466087715503,0.07281117621548652,0.10915573103548148,1.157626246749164,297.8317595871262,1,0,1,1,1,1,1,1,1,1,0,1,1,1
param_20067,real_002,0.689671185034699,0.43052455212429996,0.08237314229887582,0.11246476297267166,1.5984366934591845,62.167923063307896,1,1,1,1,1,1,1,1,0,1,1,1,1,1
param_20067,real_003,0.7458244671611476,0.4774382664784555,0.10713090287535992,0.12599648549654283,1.5797386709464472,184.59878269378396,1,1,1,1,0,1,1,1,0,1,1,1,0,1
param_20067,real_004,0.6818182558183787,0.4177308168774277,0.04332529948848857,0.06738027286683419,2.4334857122685634,178.71362546934733,1,1,0,1,1,1,0,1,0,1,0,1,1,1
param_20067,real_005,0.8058952033443424,0.6010789896410649,0.30561744449728817,0.3228393599782408,1.0349636389562242,115.4983440802769,1,1,0,1,1,1,0,1,1,1,0,1,0,1
param_20068,real_001,0.696509980508555,0.44503248438183163,0.07696912054202182,0.11520773689184229,1.1294794590096888,293.09674513216476,1,0,1,1,1,1,1,1,1,1,0,1,1,1
param_20068,real_002,0.690201865120953,0.4528173931996215,0.08626208644091009,0.11869981160453338,1.5491492563227038,67.74143918199908,1,1,1,1,1,1,1,1,0,1,1,1,1,1
param_20068,real_003,0.7474726029866595,0.49054678325154044,0.11163565151960932,0.13261108292785617,1.521853677308586,184.725307909874,1,1,1,1,0,1,1,1,0,1,1,1,0,1
param_20068,real_004,0.6817106219192709,0.42656672385586075,0.045787290462177485,0.07106467707445951,2.369494050196595,176.02381736543117,1,1,0,1,1,1,0,1,0,1,0,1,1,1
param_20068,real_005,0.8092984014886485,0.6136334819015786,0.30645658603958464,0.32421340677075217,1.0132607284936377,118.87045268514942,1,1,0,1,1,1,0,1,1,1,0,1,0,1
param_20069,real_001,0.7082629793659007,0.4707761517713329,0.08241626459888898,0.12511318009435324,0.6926931527734183,306.5917180921066,1,0,1,1,1,1,1,1,1,1,0,1,1,1
param_20069,real_002,0.7191371781533004,0.49038078455988104,0.10689838229654075,0.14679381745297393,0.9734870123324036,36.15463050373081,1,1,1,1,1,1,1,1,0,1,1,1,1,1
param_20069,real_003,0.7727964794504237,0.5317100161405257,0.12980430847087304,0.15792639424371774,1.0750194855806703,186.29343305070168,1,1,1,1,1,1,1,1,0,1,1,1,0,1
param_20069,real_004,0.7028920576018309,0.45794993481744534,0.05594710349494724,0.09149407226648527,1.4873224309222723,194.0358511715341,1,1,1,1,1,1,1,1,0,1,0,1,1,1
param_20069,real_005,0.8433262522342642,0.6888531536843733,0.33834296382691853,0.37023708009586703,0.5389061421670117,98.68339953641318,1,1,1,1,1,1,1,1,1,1,1,1,0,1
param_20070,real_001,0.7400496543765271,0.5705198487646629,0.11667976725027222,0.17575109312779916,0.4415347602772421,275.8259261185741,1,0,1,1,1,1,1,1,1,1,0,1,1,1
param_20070,real_002,0.754813039309564,0.58654510074982,0.14307022366418906,0.20285635210997136,0.6731273265972803,55.36066688002634,1,1,1,1,1,1,1,1,0,1,1,1,1,1
param_20070,real_003,0.8058101249040901,0.6139170494035323,0.16918987220349063,0.21755270672455518,0.7119718663652349,190.98084972974596,1,1,1,1,1,1,1,1,0,1,1,1,1,1
param_20070,real_004,0.7323765379095927,0.5455820327733892,0.08192280512727429,0.13295861843379275,1.1113233554380977,177.11369844158986,1,1,1,1,1,1,1,1,0,1,0,1,1,1
param_20070,real_005,0.8723314103044361,0.7421262630876743,0.32453234352737803,0.3651086814967195,0.33398141743470866,112.39087263796057,1,1,1,1,1,1,1,1,1,1,1,1,1,1
param_20071,real_001,0.7417657925699288,0.5969399496528193,0.11882822365306529,0.18582758116271378,0.0891789671791964,315.73623481398306,1,0,1,1,1,1,1,1,1,1,1,1,1,1
param_20071,real_002,0.7756383358136254,0.624729977004898,0.17538132678747068,0.24035779054817968,0.11978517859412736,55.962917324753505,1,1,1,1,1,1,1,1,1,1,1,1,1,1
param_20071,real_004,0.7640720443763362,0.6122177809877826,0.11545517663867441,0.18961339166832641,0.2759896362861172,217.07719091092915,1,1,1,1,1,1,1,1,1,1,1,1,1,1
param_20071,real_005,0.8577366215485767,0.7469120364947307,0.2784453350673464,0.3213288637439098,0.08506218745993076,76.1287903465537,1,1,1,1,1,1,1,1,1,1,1,1,1,1
param_20072,real_001,0.757062076579186,0.38406713537065784,0.06046805221913992,0.07362571618265508,2.52726898538794,116.83606020787954,0,1,0,1,0,1,0,1,0,1,0,1,0,1
param_20072,real_002,0.7669734500248336,0.3947232514742365,0.08735353982990038,0.10084265581656002,2.440388734081017,139.85933434032407,0,1,0,1,0,1,0,1,0,1,0,1,1,1
param_20072,real_003,0.763865031089323,0.3813195901030227,0.043893242871734434,0.06111204701510837,2.359655499019802,262.3736647384073,0,0,0,1,1,1,0,1,0,1,0,1,1,1
param_20072,real_004,0.7529509074481544,0.4008047694449209,0.07011819600368595,0.08648696278187151,2.551887436819817,126.59931980387974,0,1,0,1,0,1,0,1,0,1,0,1,1,1
param_20072,real_005,0.7945741582200314,0.3761012232629324,0.09774939795421457,0.111311714914722,1.8062768838617174,225.89060657119316,0,1,0,1,0,1,0,1,0,0,0,0,1,1
param_20073,real_001,0.7640243903308473,0.4053291667375825,0.06460878100898247,0.08006571904442335,2.2519764720764024,117.93922278834428,0,1,0,1,0,1,0,1,0,1,0,1,0,1
param_20073,real_002,0.7728223690350897,0.4136715371306844,0.09144539301205942,0.10712583852896004,2.183090788997081,140.07564613370394,0,1,0,1,0,1,0,1,0,1,0,1,1,1
param_20073,real_003,0.7684987832664534,0.3965260479863354,0.04596962311413472,0.06521930479903036,2.1236560240840485,262.6609061075623,1,0,0,1,1,1,0,1,0,1,0,1,1,1
param_20073,real_004,0.7574633851166388,0.41572810829167506,0.07407676060576797,0.09300446670911018,2.2760604787904244,126.89096936740553,0,1,0,1,0,1,0,1,0,1,0,1,1,1
param_20073,real_005,0.8017415114628939,0.3982064799342886,0.10428806687806214,0.12074809338590978,1.5811684913441209,227.51108761190432,0,1,0,1,0,1,0,1,0,0,0,0,1,1
param_20074,real_001,0.7624468017713523,0.42468875600588374,0.0669955779887042,0.08334126496687215,2.143937386625359,112.90679907610482,0,1,0,1,0,1,0,1,0,1,0,1,0,1
param_20074,real_002,0.7730912707585034,0.4395384153522944,0.09645707984154878,0.1144413200020871,2.090698444223767,139.96493027559683,0,1,0,1,0,1,0,1,0,1,0,1,1,1
param_20074,real_003,0.7677263320802051,0.41313917731452876,0.04929118526096322,0.06977223117288815,2.016653151638615,257.8002295901471,1,0,0,1,1,1,0,1,0,1,0,1,1,1
param_20074,real_004,0.7558002785984952,0.4267769885502401,0.07603272194875857,0.09591370366731992,2.1755007327796774,126.6095073750529,0,1,0,1,0,1,0,1,0,1,0,1,1,1
param_20074,real_005,0.8014293476503005,0.4171549336515756,0.10842636140951675,0.12619444437280447,1.5115592219166922,222.91868233064318,0,1,0,1,0,1,0,1,0,0,0,0,1,1
param_20075,real_001,0.795885130502937,0.5016787474568795,0.08690145278480185,0.11662129560408868,1.2372726481594292,120.3927621190141,1,1,1,1,1,1,1,1,0,1,0,1,0,1
param_20075,real_002,0.8097770827926668,0.5145102926662369,0.11820073976933028,0.14818670884811724,1.211707577058597,142.26855141253674,1,1,1,1,1,1,1,1,0,1,0,1,1,1
param_20075,real_003,0.7873660178881551,0.47293981249950234,0.05916322678389701,0.0905069771561967,1.1845146875581845,261.34889520369364,1,0,1,1,1,1,1,1,0,1,0,1,0,1
param_20075,real_004,0.7893695565476965,0.5006396279254814,0.09642111745816596,0.1291461781365373,1.2929245421676123,128.6127555451002,1,1,1,1,1,1,1,1,0,1,0,1,1,1
param_20075,real_005,0.8368337268851037,0.4967320389934896,0.13739772272013906,0.17040437555554477,0.8001781125905162,235.11387868545785,1,1,1,1,1,1,1,1,0,0,0,0,0,1
param_20076,real_001,0.8064614044431104,0.561086836061651,0.1096972533171305,0.14957817773014337,0.882739933356931,79.94392440503032,1,1,1,1,1,1,1,1,0,1,0,1,1,1
param_20076,real_002,0.8307270300623425,0.6123881660486363,0.14910961819760635,0.19298538601195594,0.9232215041581915,143.7039132757319,1,1,1,1,1,1,1,1,0,1,0,1,1,1
param_20076,real_003,0.8050138706421801,0.5554014066034829,0.09081296951041223,0.13417764623556844,0.8389799855317097,222.9502939963129,1,0,1,1,1,1,1,1,0,1,0,1,1,1
param_20076,real_004,0.799467475520316,0.5566463448244808,0.11824052857550062,0.16195658324741707,0.9902532372265102,130.34068253172697,1,1,1,1,1,1,1,1,0,1,0,1,1,1
param_20076,real_005,0.8564164806606827,0.585083413827874,0.17758874973679561,0.22420479530051401,0.5844898483680288,196.491971114976,1,1,1,1,1,1,1,1,0,0,0,0,1,1
param_20077,real_001,0.8121713039657124,0.6440611119024864,0.1276661696503732,0.17861173263299368,0.07583219498166655,122.69835752163266,1,1,1,1,1,1,1,1,1,1,1,1,1,1
param_20077,real_002,0.8114725398270136,0.6542988316249035,0.1387897100813082,0.18857471841892523,0.08926753436766544,153.25662854472282,1,1,1,1,1,1,1,1,1,1,1,1,1,1
param_20077,real_003,0.7907223044335856,0.6223439576579048,0.0987960835857966,0.14759566743112967,0.07818713662351476,259.4293217715506,1,0,1,1,1,1,1,1,1,1,1,1,1,1
param_20077,real_004,0.8126331553282883,0.6471241226987481,0.14755475255919756,0.20399196386964885,0.04732651017367302,136.0566110152028,1,1,1,1,1,1,1,1,1,1,1,1,1,1
param_20077,real_005,0.8496659315868109,0.6568653235038516,0.1840785698946747,0.23336233520516386,0.24217002237136465,252.54197524526046,1,1,1,1,1,1,1,1,1,0,1,0,1,1
param_20078,real_001,0.7259713990257817,0.381540717549182,0.09368671878753082,0.10236445602787868,2.441175177024234,185.79579449936858,0,1,0,1,0,1,0,1,0,1,0,1,1,1
param_20078,real_002,0.6945026702304153,0.4026235944233949,0.058361679684799904,0.07636343729481763,2.500557730139737,204.4430158320448,0,1,0,1,0,1,1,1,0,1,0,1,1,1
param_20078,real_003,0.7290774210511279,0.40003955009640074,0.09011240580748896,0.11150934834672388,1.6773796680105237,303.84935393191006,0,1,1,1,0,1,0,1,0,1,0,1,1,1
param_20078,real_004,0.7163987108047017,0.3841237544718716,0.07698775599461065,0.09400204959185597,2.588622659473183,247.7136435281417,0,1,0,1,0,1,0,1,0,1,0,1,1,1
param_20078,real_005,0.7200019739867938,0.3800888291527373,0.08218756009642801,0.10692420235611542,1.1277590049608168,388.0111515146851,1,0,0,0,1,1,0,1,0,0,0,0,0,1
param_20079,real_001,0.7327727473070325,0.39609828587779816,0.09822398134319918,0.10923493260841399,2.1389083906685658,185.8768076971519,1,1,0,1,0,1,0,1,0,1,0,1,1,1
param_20079,real_002,0.701811471225261,0.4201069468460919,0.06347671904140928,0.0850983623632381,2.1092176607281177,211.1122500150845,0,1,0,1,0,1,1,1,0,1,0,1,1,1
param_20079,real_003,0.7392156161368473,0.420290650118357,0.09845613226548756,0.1238763819194603,1.3693740473358906,301.93457940192445,1,1,1,1,0,1,1,1,0,1,0,1,1,1
param_20079,real_004,0.7252468057440623,0.4120973063480816,0.08503677561665489,0.1045268213011581,2.208611914093674,246.15489663435724,0,1,0,1,0,1,0,1,0,1,0,1,1,1
param_20079,real_005,0.7286907956668088,0.40363779135559114,0.08596356002097337,0.11357770934156733,0.9618501516381897,392.5988246012884,1,0,0,0,1,1,0,1,0,0,0,0,0,1
param_20080,real_001,0.733710960430802,0.420165025196366,0.10648300726142726,0.11851741198219944,2.0823960446746903,186.1812544798374,1,1,0,1,0,1,0,1,0,1,0,1,1,1
param_20080,real_002,0.7006596133280064,0.4306219745466307,0.06583150761290436,0.08848141832827246,2.058800595449068,206.420054308016,0,1,1,1,0,1,1,1,0,1,0,1,1,1
param_20080,real_003,0.7385630839850225,0.4262579512588169,0.10187534190193062,0.12836807374060627,1.3395908106051835,297.42208843276995,1,1,1,1,0,1,1,1,0,1,0,1,1,1
param_20080,real_004,0.723807880967683,0.4292035671013197,0.0868632775794155,0.10775171868000996,2.1647774979009236,249.7697896419335,0,1,0,1,0,1,0,1,0,1,0,1,1,1
param_20080,real_005,0.728779322264294,0.4164990656356047,0.09137180688192617,0.12074347464755679,0.9223461782043163,387.80674108943083,1,0,0,0,1,1,0,1,0,0,0,0,0,1
param_20081,real_001,0.7597126681273761,0.4694805091082,0.1190872618490883,0.14171126148263696,1.2287358286332821,187.8295312212398,1,1,0,1,1,1,1,1,0,1,0,1,1,1
param_20081,real_002,0.7326242880654726,0.48333928044702035,0.08744899555440085,0.12200321239302872,1.106469446783583,227.36240417804112,1,1,1,1,1,1,1,1,0,1,1,1,1,1
param_20081,real_003,0.7696523134544992,0.4796731581866024,0.12999336465485659,0.16750732983517921,0.6956235091042039,294.4862674543908,1,1,1,1,1,1,1,1,0,1,0,1,1,1
param_20081,real_004,0.7651683281036091,0.5151527122102038,0.11879851961138328,0.15098005566256514,1.3094420546074215,242.06625030911297,1,1,1,1,1,1,1,1,0,1,0,1,1,1
param_20081,real_005,0.7454044178091064,0.4695480781168031,0.09094748203196266,0.13262468253027107,0.40572120693954616,408.3026475728672,1,0,1,0,1,1,1,1,0,0,0,0,0,1
param_20082,real_001,0.7853798450362565,0.5719467141076747,0.17787716395207417,0.21331183422205757,0.9841756904115843,189.04507662226894,1,1,0,1,1,1,1,1,0,1,0,1,1,1
param_20082,real_002,0.7627562610689493,0.568426812683942,0.11416062778987836,0.16251996114125927,0.8271142303661596,194.88835393675566,1,1,1,1,1,1,1,1,0,1,1,1,1,1
param_20082,real_003,0.7983627211676944,0.5699896164689515,0.16574606203593065,0.21982296376049923,0.4989456283313376,263.44732263940836,1,1,1,1,1,1,1,1,0,1,1,1,1,1
param_20082,real_004,0.7822878208991781,0.5825090837546054,0.13503400252115727,0.1774912456952976,1.0527820640827812,270.6835496091176,1,1,1,1,1,1,1,1,0,1,0,1,1,1
param_20082,real_005,0.7716465380857953,0.5435313840416344,0.13322674630115927,0.1907505290443472,0.22575768557731138,373.816867527998,1,0,1,0,1,1,1,1,1,0,1,0,1,1
param_20083,real_001,0.8057069533654108,0.6275931495165252,0.18397516723117405,0.23938759127486986,0.09089895081738646,200.18662433356462,1,1,1,1,1,1,1,1,1,1,1,1,1,1
param_20083,real_002,0.7864870418878173,0.6463213769040472,0.15470732263605477,0.22008835477600308,0.008760804895296985,242.91308180204484,1,1,1,1,1,1,1,1,1,1,1,1,1,1
param_20083,real_003,0.816391033448186,0.6412370678622534,0.19579553391399135,0.26178925137089054,0.16980755574075487,281.2683314596735,1,1,1,1,1,1,1,1,1,1,1,1,1,1
param_20083,real_004,0.8363871922209182,0.6937075053667587,0.20848108784690964,0.27065103610838187,0.1127553185600679,224.48761632342456,1,1,1,1,1,1,1,1,1,1,1,1,1,1
param_20083,real_005,0.7468786987409567,0.5938168149193804,0.10999040406851814,0.1682174680049009,0.29915754450568643,417.566289503926,1,0,1,0,1,1,1,1,1,0,1,0,1,1
param_20084,real_001,0.708107672220184,0.4300622245878335,0.08696039718150281,0.10664940329028756,1.8879414413551268,248.98120574348565,0,0,0,1,0,1,1,1,0,1,0,1,1,1
param_20084,real_002,0.7066521491113081,0.42412356188215145,0.11787995464054667,0.1251937561448053,2.276811981813319,161.57586776959272,0,1,0,1,0,1,0,1,0,0,0,0,1,1
param_20084,real_003,0.6896032807487973,0.35757108686060407,0.0950031226440283,0.1143536515264274,1.6805968627317687,336.70291139177834,0,0,1,1,0,1,0,1,0,1,0,1,1,1
param_20084,real_004,0.7063970158018136,0.398984593411264,0.08232631990765707,0.11443201659513155,0.9009388032554978,389.7229631984073,0,1,0,1,1,0,1,0,0,0,0,0,1,1
param_20084,real_005,0.7375799502014111,0.3989510183552496,0.10468356120333694,0.12071868183230473,1.8257228198270308,146.55422607974626,1,1,0,1,0,1,0,1,0,1,0,1,1,1
param_20085,real_001,0.7157191976622197,0.44513631606751725,0.09228901755907903,0.11600541273122814,1.6088002631077876,243.77472004787109,0,0,0,1,0,1,1,1,0,1,0,1,1,1
param_20085,real_003,0.6997171922302806,0.3805526032602294,0.1018129048152101,0.12435481787238185,1.4518731540494325,338.7713679398497,0,0,1,1,0,1,1,1,0,1,0,1,1,1
param_20085,real_004,0.7127052793910491,0.4203232953377434,0.08554109370599106,0.12173996428571959,0.7493110618945376,396.7234876855325,0,1,0,1,1,0,1,0,1,0,0,0,1,1
param_20085,real_005,0.7474428628223262,0.42194178525550513,0.11304386563923066,0.1326398048257367,1.496800124200031,149.37519471588757,1,1,0,1,1,1,0,1,0,1,0,1,1,1
param_20086,real_001,0.7155949294685438,0.46113201344344257,0.09569136559863865,0.12103663203473256,1.575674197627918,245.32535674454783,0,0,0,1,0,1,1,1,0,1,0,1,1,1
param_20086,real_003,0.7017984073924295,0.3986247726007818,0.10784071565867569,0.13264282536854194,1.4135298078100134,334.2684815611287,0,0,1,1,0,1,1,1,0,1,0,1,1,1
param_20086,real_004,0.7133608423919994,0.44217216257973346,0.08797104242789829,0.12554984131590718,0.7137888198757764,392.14456235508015,0,1,0,1,1,0,1,0,1,0,0,0,1,1
param_20086,real_005,0.7481496921333293,0.42955351620185317,0.11891644198770936,0.14130711364249937,1.4399379656788376,143.3774105522487,1,1,0,1,1,1,0,1,0,1,0,1,1,1
param_20087,real_001,0.7495839679615797,0.5211572038512541,0.11405508678905255,0.15129324994684104,0.8678258498680117,231.5286302744244,1,0,1,1,1,1,1,1,0,1,1,1,1,1
param_20087,real_002,0.7429990991833264,0.5291363610256734,0.16729398625668165,0.188783472279138,1.0960310218978102,188.71373303379931,0,1,1,1,0,1,1,1,0,0,1,0,1,1
param_20087,real_003,0.7337254544342454,0.46823449861088406,0.12842868096111051,0.16478437261246584,0.8118524134445286,345.88038303968096,1,0,1,1,1,1,1,1,0,1,1,1,1,1
param_20087,real_004,0.7338747978928543,0.4986780145684223,0.1082243724178735,0.15065486405106887,0.2850063958470461,419.0041640935522,1,1,1,1,1,0,1,0,1,0,1,0,0,1
param_20087,real_005,0.7779130807504139,0.4900392956874445,0.14647379763172286,0.17944822570312965,0.8357092126623377,156.97142127472466,1,1,1,1,1,1,1,1,0,1,0,1,1,1
param_20088,real_001,0.7829619325525066,0.6115791138756448,0.15209854508835025,0.20880384738228258,0.6246227147292169,238.28727869010532,1,0,1,1,1,1,1,1,0,1,1,1,1,1
param_20088,real_002,0.7815530516666166,0.6163921632739269,0.19771482493304796,0.2355095297644037,0.7735744357455637,185.47951043177062,0,1,1,1,0,1,1,1,0,0,1,0,1,1
param_20088,real_003,0.777379185473594,0.5822222069612499,0.17832162830942974,0.2354114612303025,0.5772111394430278,317.7077567923616,1,0,1,1,1,1,1,1,0,1,1,1,1,1
param_20088,real_004,0.752422102790419,0.5830148692314124,0.13197961075783027,0.1853773529630366,0.03457585089789225,391.25057944614946,1,1,1,1,1,0,1,0,1,0,1,0,1,1
param_20088,real_005,0.8065238892375812,0.5771337927564456,0.18332209225466672,0.23237946753667224,0.5374042720426567,121.66778968076657,1,1,1,1,1,1,1,1,1,1,0,1,1,1
param_20089,real_001,0.7826117798175091,0.6512770128847001,0.17833233769212786,0.2302721993976678,0.08752800145304837,206.8005043030381,1,0,1,1,1,1,1,1,1,1,1,1,1,1
param_20089,real_002,0.8051618398962885,0.6791479361758921,0.22513155277583152,0.2807743209966525,0.0014440236492929733,209.61756463820765,1,1,1,1,1,1,1,1,0,0,1,0,1,1
param_20089,real_003,0.7964982030309166,0.6378405313795944,0.1953337577140615,0.267984179939266,0.07504873294346978,330.47790937264665,1,0,1,1,1,1,1,1,0,1,1,1,1,1
param_20089,real_004,0.7558125224386343,0.6246883068121649,0.1421437494856479,0.19792602828903483,0.38313411035263956,458.56518461428726,1,1,1,1,1,0,1,0,1,0,1,0,1,1
param_20089,real_005,0.8352739209044476,0.6623952203124993,0.23136071173536585,0.29034588671925793,0.08967295597484276,167.15993453754572,1,1,1,1,1,1,1,1,1,1,1,1,1,1
param_20090,real_001,0.7813440377045935,0.3929221797153381,0.06836754730752467,0.08161913135885386,2.5756754941684763,221.6560115244734,0,1,0,1,0,1,0,1,0,1,0,1,1,1
param_20090,real_002,0.7845281789298779,0.38692025642559835,0.06898746803907527,0.0820034706674477,2.151973401973402,205.81043093429426,0,1,0,1,0,1,0,1,0,1,0,1,0,1
param_20090,real_003,0.7716052452807987,0.381703024342601,0.05269577134471943,0.06633177454781115,2.715971884532072,233.4185696231393,0,1,0,1,0,1,0,1,0,1,0,1,0,1
param_20090,real_004,0.7641554907124859,0.3565060242330682,0.07755051471573003,0.08972756366211417,2.3677344671757083,221.43676706434303,0,1,0,1,0,1,0,1,0,1,0,1,1,1
param_20090,real_005,0.7406920044027183,0.3465113841181095,0.06972456063714663,0.0811849083009741,2.4502155614863477,56.454192144298375,0,1,0,1,0,1,0,1,0,1,0,1,1,1
param_20091,real_001,0.7884800876568347,0.4180881740907405,0.07310966940827766,0.08878696605359951,2.283699607343297,220.14427730311183,0,1,0,1,0,1,0,1,0,1,0,1,1,1
param_20091,real_002,0.7934435825139847,0.4146242960424341,0.07319062019703575,0.08855701331078178,1.9092834940307668,205.5236529383231,0,1,1,1,0,1,0,1,0,1,0,1,0,1
param_20091,real_003,0.7774211526901916,0.3974600315309217,0.05591151535041608,0.07173502676581037,2.4384881271347636,232.240930637218,0,1,1,1,0,1,0,1,0,1,0,1,0,1
param_20091,real_004,0.770726680400381,0.3773177844562643,0.08131441091688923,0.09613925657254786,2.0994058594550298,222.57418291565227,0,1,0,1,0,1,0,1,0,1,0,1,1,1
param_20091,real_005,0.7461530320897302,0.36392161327798855,0.07394829468354952,0.0879822510176913,2.1476494703764595,57.311106578559325,0,1,0,1,0,1,0,1,0,1,0,1,1,1
param_20092,real_001,0.7865749755886801,0.4325409894733714,0.0756721339034997,0.09304040095256212,2.186295631358468,224.8408160076087,0,1,0,1,0,1,0,1,0,1,0,1,1,1
param_20092,real_002,0.7926026183223713,0.43825892028984986,0.07697997956042774,0.0939820704346516,1.8123983234128882,207.8909194546904,0,1,1,1,0,1,0,1,0,1,0,1,0,1
param_20092,real_003,0.7755442134542211,0.4226731062523607,0.059013347840737536,0.07587352619342495,2.321046185452965,237.55305902180066,0,1,1,1,0,1,0,1,0,1,0,1,0,1
param_20092,real_004,0.7712195360246212,0.4028379346507394,0.08858591477520282,0.10557032787317432,2.0202639302042367,217.81622170796308,0,1,0,1,0,1,0,1,0,1,0,1,1,1
param_20092,real_005,0.746229944263189,0.39012750028803667,0.0795418866239182,0.09500006298259642,2.0636203439265968,54.09350262652551,0,1,0,1,0,1,0,1,0,1,0,1,1,1
param_20093,real_001,0.8226471707904643,0.5177601800492183,0.09499507093778572,0.12509972427855243,1.326783008973313,214.51748535207804,1,1,1,1,1,1,1,1,0,1,0,1,1,1
param_20093,real_002,0.8260622819412019,0.512505295190124,0.0936638205152612,0.12236471027297484,1.0443384020367563,206.13214123227908,1,1,1,1,1,1,1,1,0,1,0,1,0,1
param_20093,real_003,0.8059048528492592,0.48798263139821624,0.07439683884060817,0.10214889079816265,1.4525945701489489,229.67649233386783,1,1,1,1,1,1,1,1,0,1,0,1,0,1
param_20093,real_004,0.8029617943025688,0.4698353365210472,0.1043239269648248,0.13481941705761333,1.1473974080540532,223.4814549049848,1,1,1,1,1,1,1,1,0,1,0,1,1,1
param_20093,real_005,0.7804060364001244,0.45507556105936353,0.09695205565339964,0.1269861732228288,1.1827233895174325,59.39626965671241,1,1,1,1,1,1,1,1,0,1,0,1,1,1
param_20094,real_001,0.8295564029755874,0.5769664959017656,0.11322243384547655,0.1549022141594227,0.9506741243710615,254.04927873854376,1,1,1,1,1,1,1,1,0,1,0,1,1,1
param_20094,real_002,0.8420012290280395,0.5940858399438662,0.12718970766026982,0.16937191419085346,0.6732140010475735,228.55792024348662,1,1,1,1,1,1,1,1,0,1,0,1,1,1
param_20094,real_003,0.8146074464003382,0.5695599739094699,0.09750296047370918,0.13505624508429304,1.013775094628911,273.5801649898795,1,1,1,1,1,1,1,1,0,1,0,1,1,1
param_20094,real_004,0.8298124520100697,0.5896665257971982,0.15798404564082127,0.20514244394725614,0.8434411746786085,185.6179725086135,1,1,1,1,1,1,1,1,0,1,0,1,1,1
param_20094,real_005,0.8022798459365245,0.557801378545889,0.13857380925179746,0.18202066081516166,0.8884796424156918,45.386201002459174,1,1,1,1,1,1,1,1,0,1,0,1,1,1
param_20095,real_001,0.8287162525198353,0.6571761619072415,0.12639045240188249,0.17568678677588262,0.03782347838658378,203.8672284909609,1,1,1,1,1,1,1,1,1,1,1,1,1,1
param_20095,real_002,0.8240141747552783,0.6453703683688066,0.12344319637344245,0.16907470890219034,0.1189555415654885,207.41776241492306,1,1,1,1,1,1,1,1,1,1,1,1,1,1
param_20095,real_003,0.8249572096274969,0.6485558764429571,0.11820020219766988,0.17023571677180957,0.035872726376497265,223.32924213700812,1,1,1,1,1,1,1,1,1,1,1,1,1,1
param_20095,real_004,0.8153002639714937,0.6361943511182176,0.1528875491976739,0.2045417050542995,0.07768937661941777,218.38832848409032,1,1,1,1,1,1,1,1,1,1,1,1,1,1
param_20095,real_005,0.8044297627539799,0.6381217518346276,0.15324994383577356,0.21056576915390274,0.08478452918325609,64.32684043998488,1,1,1,1,1,1,1,1,1,1,1,1,1,1
param_20096,real_001,0.703312626954892,0.3538890043855764,0.0650603538038606,0.0780280275757052,2.7541047070343634,389.6130641857832,0,1,0,1,0,1,0,1,0,0,0,1,1,1
param_20096,real_002,0.7098520087818377,0.4505752867168961,0.09524879346115533,0.10422109069616246,3.7414076755107537,122.31751057641364,0,1,0,1,1,1,0,1,0,1,0,1,1,1
param_20096,real_003,0.6955582734795606,0.37359712891830144,0.07072981882562121,0.09499839039027132,2.2552617575279372,158.08749827884188,0,0,0,1,1,1,0,1,0,1,0,1,0,1
param_20096,real_004,0.7508761201660339,0.40484952982159145,0.11139706926670287,0.12976467059705382,1.8309424368984928,280.6760654176265,0,1,0,1,0,1,1,1,0,0,0,1,1,1
param_20096,real_005,0.7674815157163376,0.4005451008618589,0.18251269006426746,0.1794242453311988,1.88802658465603,216.99093393394097,0,1,0,1,0,1,0,1,0,1,0,1,1,1
param_20097,real_001,0.7116960674824182,0.38374744574908887,0.0724859923687264,0.08819127222992122,2.34138678881975,391.31324273956153,0,1,0,1,0,1,0,1,0,0,0,1,1,1
param_20097,real_002,0.7191960562955798,0.474838331284866,0.10753802013685929,0.11964566192045584,3.026162052324105,119.44885463883466,0,1,0,1,1,1,0,1,0,1,0,1,1,1
param_20097,real_003,0.7039214217746681,0.3960718645966022,0.07636659705014319,0.10385439761723009,1.9790428211586901,159.60222289036858,0,0,0,1,1,1,0,1,0,1,0,1,1,1
param_20097,real_004,0.7634831620393961,0.4383381464319326,0.12353807868762184,0.14532690180002528,1.5098831905264476,279.3337452029551,0,1,0,1,0,1,1,1,0,0,0,1,1,1
param_20097,real_005,0.7779145442148905,0.43103560568253085,0.1967244139840041,0.1960942588170706,1.5587842656767186,220.19243929822545,0,1,0,1,1,1,0,1,0,1,0,1,1,1
param_20098,real_001,0.7114017474082266,0.4026455502330184,0.07587544790798859,0.09301088991422203,2.3122501054831126,385.9640177266214,0,1,0,1,0,1,0,1,0,0,0,1,1,1
param_20098,real_002,0.7195804531662433,0.48688971410486415,0.11057129653589501,0.12450377866799324,2.959384523155318,119.64240498000329,0,1,0,1,1,1,0,1,0,1,0,1,1,1
param_20098,real_003,0.7035705736354981,0.4145950765504093,0.07849417882003147,0.10836322091375368,1.9289723946638488,157.7809851532545,0,0,0,1,1,1,0,1,0,1,0,1,1,1
param_20098,real_004,0.7620727331729797,0.4582427897345329,0.12474316068876799,0.1477437650486135,1.4929817703706336,281.1971671089455,0,1,0,1,0,1,1,1,0,0,0,1,1,1
param_20098,real_005,0.7792607914997118,0.44702551151719994,0.2060455126296208,0.20825173724424523,1.5010188395953241,215.24655231182265,0,1,0,1,1,1,0,1,0,1,0,1,1,1
param_20099,real_001,0.7424699142064352,0.47548672922702656,0.09990409293912612,0.12861349534130725,1.218881231829439,397.47292598510427,1,1,1,1,1,1,0,1,0,0,0,1,1,1
param_20099,real_002,0.7626031689920222,0.5722134718523377,0.15842660961683738,0.18743018609304848,1.2816714888226741,118.03666498857444,1,1,0,1,1,1,0,1,1,1,0,1,1,1
param_20099,real_003,0.7375903328637969,0.47712337599001026,0.09238919588505666,0.13323643870967936,1.2354927731643082,161.3507049549566,1,0,1,1,1,1,0,1,0,1,0,1,1,1
param_20099,real_004,0.8002973223891555,0.5352091880470781,0.16354786232096102,0.19919981058542363,0.7790710943740728,278.4529589053046,1,1,1,1,1,1,1,1,0,0,0,1,1,1
param_20099,real_005,0.8273758621406935,0.548403859689087,0.26798445887395494,0.2823718253643793,0.7493092627551977,228.87731949766345,1,1,1,1,1,1,1,1,0,1,0,1,1,1
param_20100,real_001,0.7653695680393965,0.5644632352240767,0.12607077986614557,0.16708647569900115,1.008039270618902,363.98442978261266,1,1,1,1,1,1,1,1,0,0,0,1,1,1
param_20100,real_002,0.7888699208659149,0.6425412508454873,0.17863355285334603,0.22290119911784906,0.9970770180544531,118.4589675909617,1,1,1,1,1,1,0,1,1,1,0,1,1,1
param_20100,real_003,0.7620747334944721,0.5724718830022291,0.11054638098260976,0.16350956737264866,0.9752374377874027,153.65139375374548,1,0,1,1,1,1,1,1,1,1,0,1,1,1
param_20100,real_004,0.809057005867075,0.591895471050957,0.17096747017141742,0.21506745123354393,0.6137973868237027,289.3798617418934,1,1,1,1,1,1,1,1,0,0,0,1,1,1
param_20100,real_005,0.8559976269896518,0.642238694476928,0.3141826582748839,0.34445413502041405,0.5596103259173392,192.57584808617426,1,1,1,1,1,1,1,1,1,1,0,1,1,1
param_20101,real_001,0.7847719080873574,0.6391528040520997,0.14422647833979427,0.20071229871616988,0.07766025599121419,401.4632356847148,1,1,1,1,1,1,1,1,1,0,1,1,1,1
param_20101,real_002,0.8015118163224227,0.6910029664439111,0.21139225814710155,0.26518882087219076,0.02419797757890996,148.00980957571315,1,1,1,1,1,1,1,1,1,1,1,1,1,1
param_20101,real_003,0.7899560921754469,0.6459953734032807,0.1435241129860577,0.21187653640796056,0.06341451718288246,155.16611741987498,1,0,1,1,1,1,1,1,1,1,1,1,1,1
param_20101,real_004,0.8364417883350526,0.6839006830297621,0.2007298005414772,0.2564241633577982,0.16143221711560413,272.3167611329186,1,1,1,1,1,1,1,1,1,0,1,1,1,1
param_20101,real_005,0.8811165354816842,0.729795140630505,0.318622626286117,0.36977678767386307,0.16969599867077304,247.78651975355336,1,1,1,1,1,1,1,1,1,1,1,1,1,1
param_20102,real_001,0.6951591338895983,0.38982232653833276,0.09898009869048227,0.1156063562829525,1.8696313739697492,373.3503236606086,0,1,0,1,1,1,0,1,0,1,0,1,0,1
param_20102,real_002,0.725288811031791,0.4747081308756412,0.22759488043233322,0.22282660252306283,2.430089784033002,187.04750419897934,0,1,0,1,0,1,0,1,0,1,0,1,1,1
param_20102,real_003,0.7019732170525154,0.3776107076130187,0.04934513732530459,0.07127912029692772,1.4707191261252148,384.2199116755594,1,0,0,1,1,0,0,1,1,0,0,1,1,1
param_20102,real_004,0.6848213321071485,0.4491488017348341,0.1020344261478462,0.12664296069010267,1.5778124767640718,147.0014021390853,0,1,0,1,1,1,0,1,0,1,0,1,1,1
param_20102,real_005,0.7402344061035098,0.42731191449179695,0.20751858472022794,0.21977601894552073,1.353927968229333,402.14559627532714,0,1,0,1,0,0,0,1,0,0,0,0,1,1
param_20103,real_001,0.7061990688507612,0.41276415278230355,0.10775924791270562,0.12927849312658304,1.516968541468065,382.28691765820474,0,1,0,1,1,1,1,1,0,1,0,1,0,1
param_20103,real_002,0.7342327758562159,0.5112963953140935,0.2413924998792724,0.2381437288274385,2.0630579873450636,174.88129198859127,0,1,0,1,0,1,0,1,0,1,0,1,1,1
param_20103,real_003,0.7080243985370825,0.3971292157085739,0.053987729199093754,0.07766700058002096,1.1962359146487653,386.9374633138448,1,0,0,1,1,0,0,1,1,0,0,1,1,1
param_20103,real_004,0.6916027219633925,0.4707589784210051,0.10933035578471458,0.13632749441259537,1.3451541440481627,162.69548737431592,0,1,0,1,1,1,0,1,0,1,0,1,1,1
param_20103,real_005,0.7497040353704898,0.4711313177731485,0.2225167532803043,0.23717216800235263,1.1205921661354992,402.8922630744729,0,1,0,1,0,0,0,1,0,0,0,0,1,1
param_20104,real_001,0.7073810983216275,0.42671212115736035,0.11151485406815968,0.13477743882052848,1.4817570848933936,378.14581503908266,0,1,0,1,1,1,1,1,0,1,0,1,0,1
param_20104,real_002,0.735986677558556,0.5399304186097156,0.25038518484915534,0.2515202543198586,2.028733046217137,176.0111027538445,0,1,0,1,0,1,0,1,0,1,0,1,1,1
param_20104,real_003,0.7078783901162111,0.41053850029461464,0.057963629095361444,0.08299164621246397,1.1539863325740318,382.33477938417593,1,0,0,1,1,0,0,1,1,0,0,1,1,1
param_20104,real_004,0.6916071935209465,0.4812527141112621,0.11195346373373095,0.1404588977334816,1.3140049058052028,159.99311599736967,0,1,0,1,1,1,0,1,0,1,0,1,1,1
param_20104,real_005,0.751206398398843,0.47108806924986174,0.22399827846768086,0.2405528391804677,1.098970205144904,401.9231947408292,0,1,0,1,0,0,0,1,0,0,0,0,1,1
param_20105,real_001,0.7411231704665323,0.48768135219176145,0.1351822072559141,0.1682040580118752,0.8843806872925811,397.6697469674369,1,1,1,1,1,1,1,1,1,1,1,1,0,1
param_20105,real_002,0.7732995028305845,0.6146442393506254,0.2743159744785722,0.2837705124068351,1.3119347082972146,137.2901955232737,1,1,0,1,1,1,0,1,0,1,0,1,1,1
param_20105,real_003,0.720103663437987,0.46797436200376175,0.06787222957535094,0.09636841145694446,0.6577840112201964,389.14193841246373,1,0,1,1,1,0,0,1,1,0,0,1,1,1
param_20105,real_004,0.7164802539891617,0.5392482285206279,0.1330888609536684,0.16942105108351313,0.7975786171674487,210.31236127525295,0,1,0,1,1,1,1,1,1,1,0,1,1,1
param_20105,real_005,0.7904134328826717,0.6055112040542323,0.26051050945167176,0.2931540875025667,0.5137527153173251,428.3518391116571,1,1,1,1,1,0,0,1,0,0,0,0,1,1
param_20106,real_001,0.7838519600151642,0.5929813176920475,0.17348358753627666,0.22353151739897087,0.5984058117243467,372.24024245650594,1,1,1,1,1,1,1,1,1,1,1,1,1,1
param_20106,real_002,0.8099956320876793,0.6847353630115666,0.2983412268039377,0.32765729623727025,0.9827192010435807,137.14911017175007,1,1,0,1,1,1,1,1,0,1,0,1,1,1
param_20106,real_003,0.7392847580163364,0.5422734025544015,0.09503050748869944,0.13544623231536415,0.45727154319576047,368.85253863923356,1,0,1,1,1,0,0,1,1,0,0,1,1,1
param_20106,real_004,0.7531042830250715,0.6112398069301936,0.16416568247461394,0.21675980564880418,0.5709366079115501,199.447708485982,1,1,0,1,1,1,1,1,1,1,1,1,1,1
param_20106,real_005,0.8192731174331,0.6453555067656691,0.2899494536457295,0.33644275232333215,0.32254879331127695,427.7424150239884,1,1,1,1,1,0,0,1,0,0,0,0,1,1
param_20107,real_001,0.813613991880368,0.6669908681657399,0.21694548977843828,0.2765838513741511,0.010164260572361373,399.27609743381373,1,1,1,1,1,1,1,1,1,1,1,1,1,1
param_20107,real_002,0.8146374314754422,0.6996740737008631,0.2873401562621957,0.3338770985021051,0.003970311445718953,135.95592062229687,1,1,1,1,1,1,1,1,1,1,1,1,1,1
param_20107,real_003,0.7522608055842326,0.6181934223503671,0.11269686795881474,0.17070197428600903,0.06919085753478595,399.4122761224756,1,0,1,1,1,0,1,1,1,0,1,1,1,1
param_20107,real_004,0.7752106866943906,0.6674238423601798,0.187238799250289,0.24894219811262042,0.042511029944833016,289.9606310608831,1,1,1,1,1,1,1,1,1,1,1,1,1,1
param_20107,real_005,0.8304569310722876,0.7063572041010586,0.2720824804346737,0.3246458181343573,0.31276320699397625,509.49691219802673,1,1,1,1,1,0,1,1,1,0,1,0,1,1
param_20108,real_001,0.7448301852540795,0.36008507883836394,0.04987321330666097,0.0653896237381346,2.695601078415559,352.6218505991085,0,1,0,1,0,1,0,1,0,1,0,1,0,1
param_20108,real_002,0.7521882607379284,0.4054226958203914,0.0692303977612783,0.08334679198655831,2.2352084471145095,336.0047859553233,0,1,0,0,0,1,0,1,0,1,0,1,0,1
param_20108,real_003,0.7951229649556112,0.40530361598969344,0.05130515211901356,0.06712406776596032,2.5714124904318068,574.0995261361211,1,1,0,1,1,1,0,1,0,1,0,1,0,1
param_20108,real_004,0.7899204962828733,0.4166518351395612,0.07954981718529469,0.09273476767898042,2.460320795685368,53.106992361250164,0,1,0,1,0,1,0,1,0,1,0,1,1,1
param_20108,real_005,0.7495446170664755,0.3701398570117705,0.06070257768099301,0.07593764720555451,2.4259899948571695,421.31143027084875,0,1,0,1,0,1,0,1,0,0,0,1,1,1
param_20109,real_001,0.7483614887514696,0.37304795853504474,0.05331062727914885,0.07097092543445825,2.4161501267386627,353.1540487974548,0,1,0,1,0,1,0,1,0,1,0,1,0,1
param_20109,real_002,0.7563719677088224,0.41647534080174636,0.07247726214393739,0.08860826979748036,2.0360910605219322,337.0125995291021,0,1,0,0,0,1,0,1,0,1,0,1,0,1
param_20109,real_003,0.7985193925847218,0.4135990488973653,0.05379010534244026,0.07152416080650568,2.3494151429415986,573.801542310234,1,1,0,1,1,1,0,1,0,1,0,1,0,1
param_20109,real_004,0.7943160393214953,0.43091957327994107,0.08378659012525859,0.09900178391791473,2.214457674539658,53.95018238782359,0,1,0,1,0,1,0,1,0,1,0,1,1,1
param_20109,real_005,0.7530487095210403,0.3844007169089668,0.06448111660827044,0.0821860580861809,2.151695662458872,422.1753097582612,0,1,0,1,0,1,0,1,0,0,0,1,1,1
param_20110,real_001,0.7469309894509202,0.3924753575313708,0.05563120691005824,0.0743918446016855,2.299619380722148,347.8540451893716,0,1,0,1,0,1,0,1,0,1,0,1,0,1
param_20110,real_002,0.7560711937136709,0.43411197165859156,0.07669825790429541,0.09431101433735868,1.9282198100965995,332.04540174454024,0,1,0,0,0,1,0,1,0,1,0,1,0,1
param_20110,real_003,0.7961824744336633,0.43164911887279334,0.05612426895101459,0.07557940805644789,2.2298686755573653,579.3205493975541,1,1,0,1,1,1,0,1,0,1,0,1,0,1
param_20110,real_004,0.7936632388862686,0.45135409527418674,0.08686896511941933,0.1029504448396231,2.1058697793331795,49.75630891019832,0,1,0,1,0,1,0,1,0,1,0,1,1,1
param_20110,real_005,0.7515259588031378,0.402907832454486,0.06668022684717284,0.08522380103756756,2.091789375975697,419.00156214272613,0,1,0,1,0,1,0,1,0,0,0,1,1,1
param_20111,real_001,0.7756689177720828,0.4634125356064682,0.07307301114987286,0.10464098700585975,1.351445663010967,353.2620995116554,1,1,1,1,1,1,1,1,0,1,0,1,0,1
param_20111,real_002,0.7817680160920163,0.49653243783716156,0.0929211412081605,0.12183992563905967,1.1587050927753653,341.7390125793578,1,1,1,0,1,1,1,1,0,1,0,1,0,1
param_20111,real_003,0.8266607526058533,0.49298498366545634,0.07294483843163521,0.10412492886065128,1.3519600284663742,575.8273353673601,1,1,1,1,1,1,0,1,0,1,0,1,0,1
param_20111,real_004,0.8293562623497247,0.5290387101525993,0.11029092903552902,0.13864662705220285,1.2334759938515325,57.60823517366874,1,1,1,1,1,1,1,1,0,1,0,1,1,1
param_20111,real_005,0.7824304062844422,0.4781136414855336,0.08652110642103031,0.11943530596156644,1.161320768629533,426.974409061506,1,1,1,1,1,1,1,1,0,0,0,1,1,1
param_20112,real_001,0.7885829419900021,0.5372815592997836,0.09643756626320632,0.13834788083811186,0.9750255532431068,309.6667981224771,1,1,1,1,1,1,1,1,0,1,0,1,1,1
param_20112,real_002,0.8015129296365602,0.5683506578095631,0.12397338226944489,0.16637386224159392,0.7936916477416099,300.3477213455492,1,1,1,0,1,1,1,1,0,1,0,1,1,1
param_20112,real_003,0.8276286784873703,0.568379770985343,0.08551204200010856,0.12758926419708694,0.9420334210687397,621.1224441818605,1,1,1,1,1,1,1,1,0,1,0,1,1,1
param_20112,real_004,0.8416957367752862,0.5924923167412626,0.13542663481058606,0.1723760227072188,0.9121274674235582,33.696907132114276,1,1,1,1,1,1,1,1,0,1,0,1,1,1
param_20112,real_005,0.7889158007636238,0.542255545792582,0.10924812761104163,0.14970700556424682,0.9490777067014217,401.3004249068541,1,1,1,1,1,1,1,1,0,0,0,1,1,1
param_20113,real_001,0.8001480778553843,0.6363067171304791,0.122227324792869,0.17279484506401632,0.03990565360024904,351.214479438577,1,1,1,1,1,1,1,1,1,1,1,1,1,1
param_20113,real_002,0.7935297039584251,0.6292258984769789,0.12942197128377964,0.18020137237916284,0.11523238156879341,357.96491974136273,1,1,1,0,1,1,1,1,1,1,1,1,1,1
param_20113,real_003,0.8282070112493252,0.64923124373361,0.105208991201977,0.15137422398773126,0.026725402016062237,584.0787287673002,1,1,1,1,1,1,1,1,1,1,1,1,1,1
param_20113,real_004,0.8365033040280313,0.6681176748189553,0.1385008172324581,0.18716684858939897,0.09126638625577888,69.6491583213748,1,1,1,1,1,1,1,1,1,1,1,1,1,1
param_20113,real_005,0.8139689274263983,0.6476918524838756,0.14342523382607422,0.1999510955544029,0.09067388053682114,444.6701857733303,1,1,1,1,1,1,1,1,1,0,1,1,1,1
param_20114,real_001,0.726908047061233,0.37950566836929966,0.06011269267764403,0.07759380744709145,2.405996212918157,290.68348760456973,0,1,1,1,0,1,1,1,0,1,0,1,0,1
param_20114,real_002,0.7193564279897521,0.43247132088444573,0.07541562087943865,0.09122485436907826,2.185167890648215,250.3710324521711,1,1,1,0,0,1,0,1,0,1,0,0,0,1
param_20114,real_003,0.7660236332106694,0.41760064925713763,0.05438033576001699,0.07417682535112992,2.3538304433142447,280.5552719404215,1,1,0,1,1,1,0,1,0,0,0,1,0,1
param_20114,real_004,0.7625581893431063,0.4324668721880541,0.08686871118980816,0.09845689531578895,2.3616005873715125,241.29648122133872,0,1,0,1,0,1,0,1,0,1,0,1,1,1
param_20114,real_005,0.7506030418128983,0.4053210789925765,0.09916087550435561,0.1129177957158609,1.9044046932102328,410.257831560656,0,0,0,1,0,0,0,1,0,0,0,1,1,1
param_20115,real_001,0.732805022649846,0.39723360787502215,0.06511380705328883,0.08532507701442987,2.097130285058351,291.23340794855864,0,1,1,1,1,1,1,1,0,1,0,1,0,1
param_20115,real_002,0.7232789333440217,0.44135010857069445,0.07819581942271199,0.09594676336129032,1.997962282243887,253.16318662986419,1,1,1,0,0,1,0,1,0,1,0,0,0,1
param_20115,real_003,0.7714243925437565,0.4295130800167696,0.058405972975171895,0.08072809670547688,2.0888118464971326,280.6433724099139,1,1,0,1,1,1,0,1,0,0,0,1,0,1
param_20115,real_004,0.7672947614663908,0.444474640825474,0.0925926622319603,0.10637822192758076,2.0796653634338083,244.54413636003093,0,1,0,1,0,1,0,1,0,1,0,1,1,1
param_20115,real_005,0.7564311210941791,0.42390007175807165,0.1079867960926087,0.12451132687207284,1.5625795502757742,411.30588217806246,1,0,0,1,0,0,0,1,0,0,0,1,1,1
param_20116,real_001,0.7323483449527513,0.41552529666776317,0.06795328008609784,0.08995393177890611,2.0019099540127576,285.95924935376456,0,1,1,1,1,1,1,1,0,1,0,1,0,1
param_20116,real_002,0.7234583713800576,0.45822625247598125,0.08303116209273226,0.10303432081072633,1.8143355463035895,245.88902814406052,1,1,1,0,0,1,0,1,0,1,0,0,0,1
param_20116,real_003,0.7709856697893126,0.44464402691372384,0.0620104912523924,0.08640941180661865,1.959363239633209,283.34930572323424,1,1,0,1,1,1,0,1,0,0,0,1,0,1
param_20116,real_004,0.7671338006421992,0.45979735372757696,0.095971580319757,0.1108881316873945,2.0140300349722278,239.8658618449013,0,1,0,1,0,1,0,1,0,1,0,1,1,1
param_20116,real_005,0.7559517855450332,0.4389849305015401,0.11063024307449808,0.12793462682082765,1.5276196853029795,409.2078042302883,1,0,0,1,0,0,0,1,0,0,0,1,1,1
param_20117,real_001,0.7640462161845031,0.488997761315346,0.08949756950088465,0.12671596062333468,1.0574845580946086,290.86401948725273,0,1,1,1,1,1,1,1,0,1,1,1,0,1
param_20117,real_002,0.7443471419812098,0.5085427247095664,0.09389493572975466,0.12309360987365413,1.2067555843124569,272.3101169097295,1,1,1,0,1,1,1,1,0,1,0,0,0,1
param_20117,real_003,0.7834190233755703,0.47467641700778856,0.07773681711741026,0.10914468975884596,1.1626468689477083,285.83961033438135,1,1,1,1,1,1,0,1,1,0,0,1,0,1
param_20117,real_004,0.8020300746832993,0.5248205140148785,0.12378788919181857,0.15137712733993655,1.1169806958733095,262.4669383942319,1,1,0,1,1,1,1,1,0,1,0,1,1,1
param_20117,real_005,0.7805207872346013,0.5174780100915884,0.1407612557561715,0.17036742353026263,0.7377044463944071,420.11665030346387,1,0,0,1,1,0,0,1,0,0,0,1,1,1
param_20118,real_001,0.7832160032617587,0.5740433573120337,0.11640996785284434,0.1656050213708185,0.7722590180086485,250.0369395238992,1,1,1,1,1,1,1,1,0,1,1,1,1,1
param_20118,real_002,0.7659601337357158,0.581987452830488,0.1233097024372761,0.16519916391611628,0.8219410921982372,238.5568319503943,1,1,1,0,1,1,1,1,0,1,0,0,1,1
param_20118,real_003,0.7998633364411327,0.5701479198036531,0.10527290859072316,0.15077233213083083,0.7547772702510163,307.57363041373617,1,1,1,1,1,1,0,1,1,0,0,1,1,1
param_20118,real_004,0.8216838001037995,0.5960127852008884,0.15094215734637248,0.18970480472974555,0.8808185062517652,227.53141304558196,1,1,0,1,1,1,1,1,0,1,0,1,1,1
param_20118,real_005,0.7990563618891747,0.5882243733501845,0.16750895959380668,0.207016180047681,0.611870196413322,402.9553639471178,1,0,0,1,1,0,0,1,0,0,0,1,1,1
param_20119,real_001,0.795289707464944,0.6384300304265654,0.14461543763841245,0.19862352607475664,0.029518437033528962,280.93456834299695,1,1,1,1,1,1,1,1,1,1,1,1,1,1
param_20119,real_002,0.7609815143834662,0.612202657285942,0.12581029911189037,0.18086078114447277,0.0018490927472995264,319.5217451710058,1,1,1,0,1,1,1,1,1,1,1,0,1,1
param_20119,real_004,0.8335903316542379,0.6723588554611288,0.17609182795458073,0.2269678531141572,0.07424982465895377,303.6767010041861,1,1,1,1,1,1,1,1,1,1,1,1,1,1
param_20119,real_005,0.8196323454628421,0.6616976187463228,0.19051829199783163,0.24503465672571842,0.18182126045582309,466.0892399301483,1,0,1,1,1,0,1,1,1,0,1,1,1,1
param_20120,real_001,0.7029230529557605,0.41003347467523893,0.04386648268311713,0.057091120014071774,4.626789932631456,402.6555517970372,0,1,0,1,0,1,0,1,0,1,0,1,1,1
param_20120,real_002,0.7644734790573297,0.49201314895234277,0.0824368802234085,0.10512936014601056,2.251569264069264,547.1200019026958,1,1,0,1,1,1,1,1,1,1,0,1,0,1
param_20120,real_003,0.7044865298214735,0.3470230341266226,0.03957685547298908,0.05570554059206939,2.4989193493345465,11.067991180200282,1,0,0,1,0,1,0,1,0,1,0,1,0,1
param_20120,real_004,0.6929637503854074,0.3414988908414476,0.053912961773661644,0.0691717423855941,2.72788805862019,146.76089605729715,1,1,0,1,1,1,0,1,0,0,0,1,0,1
param_20120,real_005,0.7851003208716694,0.4212054439066866,0.21118215513419694,0.21915388728667198,1.5150800370952784,409.70444777204,0,1,1,1,0,1,1,1,0,1,0,1,1,1
param_20121,real_001,0.7067978692728109,0.4175727057185787,0.0478707791822051,0.06355347389341105,3.9421604036988653,404.5154253803071,0,1,1,1,0,1,0,1,0,1,0,1,1,1
param_20121,real_002,0.7710617527197521,0.5073017368927617,0.08747388284684023,0.11301633560911373,1.9599520541197333,547.8676345482326,1,1,1,1,1,1,1,1,1,1,0,1,0,1
param_20121,real_003,0.7086236406758591,0.3559925605324661,0.042509091624270134,0.06077214212504137,2.2225248821372445,13.397524405470154,1,0,0,1,0,1,0,1,0,1,0,1,0,1
param_20121,real_004,0.6983420895324377,0.35385849050816914,0.05900583942970794,0.0765165569456121,2.380598415737508,148.10452002329873,1,1,0,1,1,1,0,1,0,0,0,1,0,1
param_20121,real_005,0.7929124178008047,0.4433969307456097,0.22170255032718572,0.23244220909534807,1.3363735111244288,410.33986498594743,0,1,1,1,0,1,1,1,0,1,0,1,1,1
param_20122,real_001,0.7039365322234126,0.42697713928896724,0.048278149293663836,0.06465168558758984,3.8801568230681673,406.78251000949217,0,1,1,1,0,1,0,1,0,1,0,1,1,1
param_20122,real_002,0.7711050453113615,0.5297841672380361,0.08889825473396272,0.11626930569673942,1.9257473950725486,550.1547935424868,1,1,1,1,1,1,1,1,1,1,0,1,0,1
param_20122,real_003,0.7076095479962394,0.37136226788831606,0.04554106513157477,0.06513818531721403,2.113511215483035,9.782989380455074,1,0,0,1,0,1,0,1,0,1,0,1,0,1
param_20122,real_004,0.697756884495174,0.37071227686376224,0.06301121480388429,0.08188941135995248,2.3121471264367814,144.2773251275947,1,1,0,1,1,1,0,1,0,0,0,1,0,1
param_20122,real_005,0.7963758259536113,0.4677683259442718,0.2342223211276671,0.2476196642672509,1.2686488452445899,405.01181765029605,0,1,1,1,0,1,1,1,0,1,0,1,1,1
param_20123,real_001,0.732728252993645,0.48771796995864386,0.06929079434921555,0.09712565274220326,2.106675898492851,400.7332868367886,0,1,1,1,0,1,1,1,0,1,0,1,1,1
param_20123,real_002,0.797964270695471,0.5910834451255427,0.10419318445731321,0.14104891524191504,1.097078907876828,549.4213855034559,1,1,1,1,1,1,1,1,1,1,0,1,0,1
param_20123,real_003,0.7304957311440582,0.4166868572143383,0.057276476572730474,0.08789068305180692,1.2416808780445143,25.339173508300682,1,0,1,1,1,1,0,1,0,1,0,1,0,1
param_20123,real_004,0.7323797937269508,0.43729096994279465,0.08786328958208582,0.11633686336906375,1.4281130345683006,147.76332995114575,1,1,0,1,1,1,1,1,0,0,0,1,1,1
param_20123,real_005,0.8379434123364805,0.5708945701480321,0.28832966810638166,0.316519906416255,0.6711273643037026,412.43799246301995,1,1,1,1,0,1,1,1,0,1,1,1,1,1
param_20124,real_001,0.7352625897644297,0.5363923948612456,0.07606270859806707,0.1116037253539836,1.7133334270887535,420.6185473556841,1,1,1,1,0,1,1,1,0,1,0,1,1,1
param_20124,real_002,0.8100137972330014,0.6450443127195459,0.11376693864979735,0.16335555710492108,0.8008151603848036,571.6444475273777,1,1,1,1,1,1,1,1,1,1,0,1,1,1
param_20124,real_003,0.749647251886951,0.5164922358665298,0.08922456356194954,0.13200098711523325,0.8668293215833364,18.82853939797261,1,0,1,1,1,1,1,1,0,1,0,1,1,1
param_20124,real_004,0.7544803505615522,0.535760599268087,0.11893257351281665,0.1584984425145216,1.1586719405489632,124.90786212858355,1,1,1,1,1,1,1,1,0,0,0,1,1,1
param_20124,real_005,0.8812304360314995,0.6887638494651133,0.3570726689856062,0.41539669949373964,0.3769038894530043,372.0691211643378,1,1,1,1,0,1,1,1,0,1,1,1,1,1
param_20125,real_001,0.7937034291995585,0.6574157414151123,0.13048920577234824,0.19451066401516687,0.36351236749116606,359.74563424212073,1,1,1,1,1,1,1,1,1,1,1,1,1,1
param_20125,real_002,0.7965547141668506,0.6725277467263864,0.11463035289303761,0.17466699998900803,0.06912319407871326,570.7879870352873,1,1,1,1,1,1,1,1,1,1,1,1,0,1
param_20125,real_003,0.7680554421469129,0.5749311483669821,0.10906946423274348,0.16842868507342082,0.08008933148864746,40.72917789537012,1,0,1,1,1,1,1,1,1,1,0,1,0,1
param_20125,real_004,0.7991296117283199,0.6317024667445472,0.16813446012577116,0.23158764391726228,0.14591671173607354,141.1846490485346,1,1,1,1,1,1,1,1,1,0,1,1,1,1
param_20125,real_005,0.8840061036676815,0.7483594411936584,0.3752867241041219,0.4425346485066949,0.1648502456854423,424.42251585856576,1,1,1,1,1,1,1,1,1,1,1,1,1,1
param_20126,real_001,0.7902506787760589,0.3978169791384314,0.05368846183446253,0.06777246566454204,2.8930166183308015,337.67000186993016,0,1,0,1,0,1,0,1,0,1,0,1,0,1
param_20126,real_002,0.7603844045924218,0.36553251884386095,0.057373577277125457,0.07651987071896454,1.8856892203092444,152.8208097814079,0,0,0,1,0,1,0,1,0,0,0,1,1,1
param_20126,real_003,0.7416978063279189,0.2997955868844585,0.050410389796875475,0.06368328402939458,2.4700995118287645,516.8335996386269,0,0,0,1,0,1,0,1,0,0,0,1,0,1
param_20126,real_004,0.7498611920139088,0.3075172199830098,0.03837876834676272,0.05772163969779607,1.7778697880530874,211.64672029647903,0,1,0,0,0,1,0,1,0,0,0,1,0,1
param_20127,real_001,0.7937534655467081,0.40537762411190437,0.05653438520331219,0.07228172130099329,2.6209029992935284,336.7595810568587,0,1,0,1,0,1,0,1,0,1,0,1,0,1
param_20127,real_002,0.7650373085436434,0.37631283636263396,0.060555157708163575,0.082341574891438,1.6697441308361909,152.79450338107443,0,0,0,1,0,1,0,1,0,0,0,1,1,1
param_20127,real_003,0.7452119733559631,0.3172182757207736,0.05402770843765903,0.06983384101560099,2.1627877128433304,517.2148242147508,0,0,0,1,0,1,0,1,0,0,0,1,0,1
param_20127,real_004,0.7526008492094828,0.31754768900371916,0.04045447870562821,0.06209775689912573,1.5848223582823109,211.97067943135863,0,1,0,0,1,1,0,1,0,0,0,1,0,1
param_20127,real_005,0.7970812801004615,0.4413050344985931,0.15013589268204952,0.15694387920993266,1.7007561356820007,495.04580072865537,0,1,0,1,0,1,0,1,0,1,0,0,0,1
param_20128,real_001,0.7914079107479788,0.42225512308782465,0.05858799274751291,0.07598128730708456,2.494184485073856,341.6709132936472,0,1,0,1,0,1,0,1,0,1,0,1,0,1
param_20128,real_002,0.7648354392593463,0.40097331064514663,0.06492451991696642,0.08821217516993834,1.579255861365953,152.1551414460044,0,0,0,1,0,1,0,1,0,0,0,1,1,1
param_20128,real_003,0.7450791665768293,0.3366474318005899,0.059271976239509076,0.07613198948239358,2.0581202945313146,511.7392831486709,0,0,0,1,0,1,0,1,0,0,0,1,0,1
param_20128,real_004,0.7517068564686515,0.3387175329614644,0.04474443834247026,0.06806179845051566,1.4983494363929146,208.9502969249142,0,1,0,0,1,1,0,1,0,0,0,1,0,1
param_20128,real_005,0.7984380452015227,0.4659320368115637,0.16100801017436336,0.17004166608756216,1.632586675450877,489.4634794362422,0,1,0,1,0,1,0,1,0,1,0,0,0,1
param_20129,real_001,0.8187527192602331,0.4804912932195123,0.07309676940221876,0.10177356789342193,1.548457087753134,333.7586899069706,1,1,1,1,1,1,1,1,0,1,0,1,0,1
param_20129,real_002,0.7899620243388403,0.4568711639623995,0.0785871209709257,0.1148287290703547,0.8630069098323516,152.17881129627222,1,0,1,1,1,1,1,1,0,0,0,1,0,1
param_20129,real_003,0.7702179248671678,0.42425611812357994,0.07396448425080282,0.10281658743676432,1.186445440160892,515.8770694751598,1,0,1,1,1,1,1,1,0,0,0,1,0,1
param_20129,real_004,0.7729853864829239,0.40981988626457977,0.05614281022317627,0.09102438790186206,0.8171410166315296,211.31169752485516,1,1,1,0,1,1,1,1,0,0,0,1,0,1
param_20129,real_005,0.8398733493402792,0.5627109399490258,0.19026388734046357,0.21561363815482967,0.849997829829714,495.43000556686775,1,1,1,1,1,1,1,1,0,1,0,0,0,1
param_20130,real_001,0.8202407676416489,0.5494764249412029,0.08592043187271516,0.12563858994871333,1.1097168516901583,374.9410354429423,1,1,1,1,1,1,1,1,0,1,0,1,1,1
param_20130,real_002,0.8149570321743185,0.572896927630785,0.11842047227482416,0.17161125984772846,0.5610858654770239,151.83688316166757,1,0,1,1,1,1,1,1,0,0,0,1,1,1
param_20130,real_003,0.793689874533184,0.5234735682348515,0.11906689701212572,0.161484131256328,0.8581392718452703,469.9690996684356,1,0,1,1,1,1,1,1,0,0,0,1,1,1
param_20130,real_004,0.7965046972359389,0.5227028121172592,0.0974972435764636,0.14607928615718013,0.5299599383667181,188.71071467544286,1,1,1,0,1,1,1,1,0,0,0,1,1,1
param_20130,real_005,0.871644944797373,0.6637469415374414,0.2529605786268886,0.2933769001604389,0.5848051062774989,449.89750775678766,1,1,1,1,1,1,1,1,0,1,0,0,1,1
param_20131,real_001,0.8438479937995765,0.6603793383419516,0.12220049293943407,0.17979112388674195,0.02923350290874571,322.46532757375434,1,1,1,1,1,1,1,1,1,1,1,1,1,1
param_20131,real_002,0.7855684644314006,0.6122209011727303,0.12125285773516835,0.1760737362021782,0.2168180573578257,149.9476820771563,1,0,1,1,1,1,1,1,1,0,1,1,1,1
param_20131,real_003,0.7846010835314189,0.6054442902258119,0.11271772297296465,0.1658400973049544,0.08393380462326751,508.79753771536764,1,0,1,1,1,1,1,1,1,0,1,1,1,1
param_20131,real_004,0.7871567786937311,0.6037269630923208,0.10272890963124735,0.16116228637521002,0.23720615800633008,204.97713099217702,1,1,1,0,1,1,1,1,1,0,1,1,1,1
param_20131,real_005,0.8401158165585652,0.6941686902531344,0.20153761897975805,0.24847540834936266,0.2342884517500524,493.7409834641546,1,1,1,1,1,1,1,1,1,1,1,0,1,1
param_20132,real_002,0.7163572611833251,0.3988260511547135,0.07792500417785383,0.09227642737144627,2.2281254856686132,232.6649384206214,0,1,0,0,0,1,0,1,0,1,0,0,1,1
param_20132,real_003,0.784154952535671,0.4275352102086243,0.06444935899843839,0.08559206778988254,1.9990404413969574,250.92069239205398,1,1,0,1,1,1,0,1,0,0,0,1,0,1
param_20132,real_004,0.7402209313589672,0.4203117811503413,0.08071058664380681,0.09072470963566057,2.6714568163186576,226.10613178875218,0,1,0,1,0,1,0,1,0,1,0,1,1,1
param_20132,real_005,0.7385945729824536,0.40214820073259794,0.10054062446081546,0.11339283162353948,2.0440029985007495,399.7192345553068,0,1,0,1,0,0,0,1,0,0,0,1,1,1
param_20133,real_001,0.738052742663581,0.3839200067514313,0.0697075400810143,0.09000923358088539,1.919619054978171,92.23502601751422,0,1,1,1,1,1,1,1,0,1,0,1,0,1
param_20133,real_002,0.7204601282089272,0.415522629199738,0.08255850523019553,0.09907807505724067,1.9684571568567404,237.56411224364822,0,1,0,0,0,1,0,1,0,1,0,0,1,1
param_20133,real_003,0.7902344231367792,0.4434072162000543,0.06792232712953333,0.09236873622419019,1.7079114095413441,252.3740790779034,1,1,0,1,1,1,0,1,0,0,0,1,0,1
param_20133,real_004,0.745431133353743,0.4352798213215721,0.08686141317403219,0.09928060685094273,2.3294704158831503,225.17258607225614,0,1,0,1,0,1,0,1,0,1,0,1,1,1
param_20133,real_005,0.7452279798275037,0.4194948009511881,0.11249331077835029,0.12821553266833807,1.6323739141708804,398.78918959070677,0,1,0,1,0,0,0,1,0,0,0,1,1,1
param_20134,real_001,0.7381350580420148,0.4038988389015234,0.07278068625099703,0.09472347154534519,1.8368151359873868,89.93485925695401,0,1,1,1,1,1,1,1,0,1,0,1,0,1
param_20134,real_002,0.7204407332261479,0.4334977633022655,0.08584580878487401,0.10380438913154003,1.909472925921479,234.17421454677077,0,1,0,0,0,1,0,1,0,1,0,0,1,1
param_20134,real_003,0.7901755351984667,0.45694699386238286,0.07225729528353442,0.09851278600028746,1.6097870711850255,250.46646466199337,1,1,0,1,1,1,0,1,0,0,0,1,0,1
param_20134,real_004,0.7452548212665754,0.45167903853655106,0.09036218862710975,0.10408739447354069,2.2773018811071415,226.5624726055189,0,1,0,1,0,1,0,1,0,1,0,1,1,1
param_20134,real_005,0.744996463406187,0.4346844569682427,0.1155489106108813,0.13238652077263816,1.6140162650473147,397.61590501889236,0,1,0,1,0,0,0,1,0,0,0,1,1,1
param_20135,real_001,0.7739123369637898,0.49124140531921756,0.09858084098176599,0.1378179162048245,0.9098870270680112,91.52852191590576,0,1,1,1,1,1,1,1,0,1,1,1,0,1
param_20135,real_002,0.747036448833709,0.5055422295846206,0.10111305274074837,0.13110938517905152,1.0799370574350904,267.6779276984831,1,1,1,0,1,1,1,1,0,1,0,0,1,1
param_20135,real_003,0.8023983121788774,0.5011210398999001,0.08279515850618509,0.11706031156109521,0.8227889627352587,260.14723722033824,1,1,1,1,1,1,0,1,1,0,0,1,1,1
param_20135,real_004,0.7802730907890967,0.5292244798257573,0.11638944691218894,0.14229862208199257,1.2444467373199888,222.14671371285388,1,1,0,1,1,1,0,1,0,1,0,1,1,1
param_20136,real_001,0.7969852458300027,0.5785133822762026,0.1284437814720686,0.1801874682780347,0.6708159678079088,80.75244863399388,1,1,1,1,1,1,1,1,0,1,1,1,1,1
param_20136,real_002,0.7636328354530727,0.5693360613700471,0.1248814140827729,0.16482978901690665,0.8607609516374666,241.34547862219227,1,1,1,0,1,1,1,1,0,1,0,0,1,1
param_20136,real_003,0.817564080398734,0.5861507026683076,0.11414112476247942,0.1592876752457932,0.5646909125043023,245.84307030609335,1,1,1,1,1,1,0,1,1,0,0,1,1,1
param_20136,real_004,0.8003879772800129,0.5965870972795111,0.14482038485834067,0.18244142444984493,1.0242748132195367,229.07941524323593,1,1,0,1,1,1,1,1,0,1,0,1,1,1
param_20136,real_005,0.7905523815895399,0.585753259645427,0.1729664756785722,0.21336293517823493,0.6230681091451716,397.2695525254383,1,1,0,1,1,0,0,1,0,0,0,1,1,1
param_20137,real_001,0.8048003278320919,0.6505426657324722,0.156207002829531,0.20910730533940733,0.10410257322212936,75.11608854525966,1,1,1,1,1,1,1,1,1,1,1,1,1,1
param_20137,real_002,0.7570734083959856,0.6136763176618912,0.11573071446115944,0.17059057676830008,0.05762562463947527,341.8807204570568,1,1,1,0,1,1,1,1,1,1,1,0,1,1
param_20137,real_003,0.8135946564801722,0.6478542270210278,0.12912717887978942,0.18308705490723284,0.07042122612866047,289.9734017942941,1,1,1,1,1,1,1,1,1,0,1,1,1,1
param_20137,real_004,0.797462487337296,0.6502603329655394,0.13851120776479559,0.19114686565529415,0.02545952588193129,246.6005274346135,1,1,1,1,1,1,1,1,1,1,1,1,1,1
param_20137,real_005,0.8003701537089002,0.6556619693806323,0.17666590229459117,0.23390342929858282,0.18530729619474354,473.1248664105828,1,1,1,1,1,0,1,1,1,0,1,1,1,1
param_20138,real_001,0.7214847552222443,0.37886351224577747,0.07472503319606157,0.09185943417665376,2.180082109977606,142.12079460960206,0,1,0,1,1,1,0,1,0,1,0,1,1,1
param_20138,real_002,0.7024439900639229,0.41694698865800495,0.08903332833810032,0.10177127192991105,2.234280565262302,160.15459270402093,0,1,0,0,0,1,0,1,0,1,0,0,1,1
param_20138,real_003,0.7610428295848116,0.4417556141013243,0.06998282181740402,0.09282701581636495,1.7737128110063065,356.1570153805806,1,1,0,1,1,1,0,1,0,0,0,1,0,1
param_20138,real_004,0.7116769931401499,0.44405150163108814,0.09499653370714808,0.10370401493874366,2.8608370364791242,211.5713459376803,0,1,0,1,0,1,0,1,0,1,0,1,1,1
param_20138,real_005,0.7278932810909504,0.424771206321069,0.11121075977103667,0.12894992206024702,1.9115719431658995,379.5360283673795,0,0,0,0,0,0,0,1,0,0,0,1,1,1
param_20139,real_001,0.7303177795627294,0.40186137540811484,0.08226764509722077,0.10308965176226816,1.7728982100885915,142.33577071331763,0,1,1,1,1,1,1,1,0,1,0,1,1,1
param_20139,real_002,0.7070703227682668,0.4360145746929866,0.09451363601279221,0.10917018077903037,1.967055787415069,168.50981730895288,1,1,0,0,0,1,0,1,0,1,0,0,1,1
param_20139,real_003,0.7643816806901242,0.4545647007809219,0.07281713930097647,0.09844644652944855,1.5046854742093776,358.73365115892426,1,1,0,1,1,1,0,1,0,0,0,1,0,1
param_20139,real_004,0.7159009206381516,0.4561672691179832,0.10184693745985784,0.11342190062071036,2.481886519041797,213.00142568988917,0,1,0,1,0,1,0,1,0,1,0,1,1,1
param_20139,real_005,0.7362831718820789,0.4475736216377456,0.1296871978950767,0.14809808848454276,1.4698255739931247,369.3907565190351,0,0,0,0,0,0,0,1,0,0,0,1,1,1
param_20140,real_001,0.73151375384426,0.4196118232646768,0.08573498901451578,0.10832379194949772,1.7308808603835402,140.67540235674917,0,1,1,1,1,1,1,1,0,1,0,1,1,1
param_20140,real_002,0.7073705122959294,0.4568691275133732,0.09760815038188313,0.11366319751413258,1.908992073375635,166.22040067991875,1,1,0,0,0,1,0,1,0,1,0,0,1,1
param_20140,real_003,0.7652793549279798,0.4695390471782349,0.07743001771097546,0.10504015472247635,1.425896490335707,354.62289470062416,1,1,0,1,1,1,0,1,0,0,0,1,1,1
param_20140,real_004,0.7162350208291158,0.4714520345442709,0.10539372630171714,0.11834390776287279,2.4239752410215307,213.35499869030087,0,1,0,1,0,1,0,1,0,1,0,1,1,1
param_20140,real_005,0.7373059907252433,0.4628285391320533,0.13252496087652355,0.1527082229671285,1.4437422578681056,369.5453986076052,0,0,0,0,0,0,0,1,0,0,0,1,1,1
param_20141,real_001,0.7667452063509782,0.49602694236175215,0.11277573286340953,0.15446972721404706,0.7954904646507217,144.27129067718948,0,1,1,1,1,1,1,1,1,1,1,1,1,1
param_20141,real_002,0.73142676221479,0.5184467147193998,0.11091760438685166,0.1387742948958451,1.1275860573378247,213.96877461862826,1,1,0,0,1,1,1,1,0,1,0,0,1,1
param_20141,real_003,0.7698499702411405,0.4985972582952228,0.08153459225365996,0.11428211860515139,0.7396527944009392,370.4456860077073,1,1,1,1,1,1,0,1,1,0,0,1,1,1
param_20141,real_004,0.7490891687991638,0.5311667992750716,0.12778972552062798,0.1526614092828737,1.4314354831059182,223.3286233244093,1,1,0,1,1,1,0,1,0,1,0,1,1,1
param_20142,real_001,0.7987526351072325,0.5956228533838349,0.14855734041189814,0.2049978455458541,0.5799835170495519,127.92156642472972,1,1,1,1,1,1,1,1,1,1,1,1,1,1
param_20142,real_002,0.7498068508067195,0.5756073800518661,0.13302615150088828,0.17223659292426505,0.8772945873888585,195.13319807497595,1,1,0,0,1,1,1,1,0,1,0,0,1,1
param_20142,real_003,0.7901524329928276,0.5835318052126418,0.11428445395963717,0.15834055696040164,0.47678165368426145,339.1402361298002,1,1,1,1,1,1,0,1,1,0,0,1,1,1
param_20142,real_004,0.7762768058282008,0.6042675069113665,0.15804381494112898,0.19574722854754217,1.1255148583275743,222.89251484259492,1,1,0,1,1,1,1,1,0,1,0,1,1,1
param_20142,real_005,0.7874623216031523,0.6021171746078873,0.18893256055843588,0.23222452360159596,0.5023491752071663,352.9661562102751,1,0,0,0,1,0,0,1,0,0,0,1,1,1
param_20143,real_001,0.8068663170919831,0.6528310132766871,0.17818407228512154,0.23577733414841628,0.06582000913659206,123.68468838395601,1,1,1,1,1,1,1,1,1,1,1,1,1,1
param_20143,real_002,0.7502368247862105,0.609537882224776,0.12254033446449679,0.18140880090586847,0.010672417226957125,308.9639378220096,1,1,1,0,1,1,1,1,1,1,1,0,1,1
param_20143,real_003,0.793664153994448,0.635934916008205,0.12838257892057087,0.18869383247513039,0.02315727489183031,410.1487416703927,1,1,1,1,1,1,1,1,1,0,1,1,1,1
param_20143,real_004,0.7872994248361396,0.6473861788671981,0.16035694285911556,0.21933223401625035,0.029889229697692175,297.50234925812583,1,1,1,1,1,1,1,1,1,1,1,1,1,1
param_20143,real_005,0.7934565526132247,0.6594348822143486,0.18550493493243972,0.24331224729287598,0.17748113180880232,398.69410226605305,1,0,1,0,1,0,1,1,1,0,1,1,1,1
param_20144,real_001,0.6997917256014887,0.34601675361260736,0.03643661117346616,0.05485915763419144,2.9878815593917913,216.5354047377894,0,1,0,1,0,1,0,1,0,1,0,1,1,1
param_20144,real_002,0.7504333684503599,0.3439235470388972,0.07014702407199425,0.08352004430235085,2.251808172478924,642.1582401444164,0,1,0,1,0,1,0,1,0,1,0,1,1,1
param_20144,real_003,0.7405867856065239,0.34188875499451227,0.05370070453923174,0.0699754163479018,2.692232098010526,381.5230716944185,1,1,0,1,0,1,0,1,0,1,0,1,0,1
param_20144,real_004,0.7803956027295821,0.3761494405702127,0.045628333282755215,0.06139242536247862,2.887507697922131,199.79686545913708,0,1,0,1,0,1,0,1,0,1,0,1,0,1
param_20144,real_005,0.7776433229741797,0.4030736224843494,0.0810146350455059,0.09592562425406667,2.540587604929452,130.8741268173718,0,1,0,1,0,1,1,1,0,1,0,1,0,0
param_20145,real_001,0.7011713430964859,0.3461430394466925,0.03835066940924852,0.058664102952946884,2.7074591331335163,216.98073350582575,0,1,0,1,0,1,0,1,0,1,0,1,1,1
param_20145,real_002,0.7545766677438068,0.359339788587106,0.07478489953536961,0.09057896921549595,1.9837049561449858,643.7449837476142,0,1,0,1,0,1,0,1,0,1,0,1,1,1
param_20145,real_003,0.7446908375877177,0.353535707592356,0.057473309568179684,0.07583352256748581,2.4263045901307123,381.7175459949386,1,1,0,1,1,1,0,1,0,1,0,1,0,1
param_20145,real_004,0.7847220442131088,0.3879601463331725,0.04853184049500944,0.06636295934725421,2.6121648829077038,199.02194260723905,0,1,0,1,0,1,0,1,0,1,0,1,0,1
param_20145,real_005,0.7821140378822347,0.41202605163139977,0.08536428314849824,0.10245513311338397,2.3005202913631635,131.2692227865619,0,1,1,1,0,1,1,1,0,1,0,1,0,0
param_20146,real_001,0.6995797060646736,0.3663513580416808,0.04045777827191742,0.06254726387609405,2.6172639787622365,215.91207032231264,0,1,0,1,0,1,0,1,0,1,0,1,1,1
param_20146,real_002,0.7540901357252021,0.37428785928138864,0.0796848160591554,0.09730258287429906,1.926371211807139,639.1112390905947,0,1,0,1,0,1,0,1,0,1,0,1,1,1
param_20146,real_003,0.7426436339920613,0.36999633939486626,0.0594941690451182,0.07896701122757235,2.308694886396994,376.4419017688314,1,1,0,1,1,1,0,1,0,1,0,1,0,1
param_20146,real_004,0.7823696659123226,0.40640606447657746,0.050533049324732036,0.0695678233262173,2.423383614196477,204.3655551614686,0,1,0,1,0,1,0,1,0,1,0,1,0,1
param_20146,real_005,0.7803848527506192,0.42871141546746083,0.08802492982263932,0.10792473364894503,2.186457705445047,129.72933542029216,0,1,1,1,0,1,1,1,0,1,0,1,0,0
param_20147,real_001,0.7229941755268589,0.4043324634036773,0.052770918336576184,0.08484011053560236,1.6227067669172932,220.1314581849898,1,1,1,1,1,1,1,1,0,1,0,1,1,1
param_20147,real_002,0.7890178040199552,0.46213227581085375,0.10361573537847747,0.1353755639439118,1.0253066494512588,652.2897133178669,1,1,1,1,1,1,1,1,0,1,0,1,1,1
param_20147,real_003,0.774373952077501,0.4522871438773589,0.08116193912231312,0.11180716417018922,1.4267055159248467,379.53184257862466,1,1,1,1,1,1,1,1,0,1,0,1,0,1
param_20147,real_004,0.8141959542428584,0.48590643462447325,0.06636078324808524,0.09656765964352886,1.5422110852574429,197.0616110518287,1,1,1,1,1,1,1,1,0,1,0,1,0,1
param_20147,real_005,0.8129124569467646,0.48612742425619543,0.11187887882461314,0.14388068544336619,1.3085097091618387,132.79262162879394,1,1,1,1,1,1,1,1,0,1,0,1,0,0
param_20148,real_001,0.7322348650952325,0.48882021697749245,0.07285440872063247,0.11518884214050587,1.3141427945917974,214.06802886021782,1,1,1,1,1,1,1,1,0,1,0,1,1,1
param_20148,real_002,0.810950519994163,0.5462215487532641,0.14313478940343036,0.18841928581268574,0.7996328684700303,614.9315296499813,1,1,1,1,1,1,1,1,0,1,0,1,1,1
param_20148,real_003,0.7897859911247269,0.5315184812837571,0.10578171991097231,0.14725983947073334,1.0131334539912364,336.1963303760193,1,1,1,1,1,1,1,1,0,1,0,1,1,1
param_20148,real_004,0.8175907405967092,0.571957155196486,0.08284362216796234,0.12419929630785848,1.1202433229253486,231.21723148072348,1,1,1,1,1,1,1,1,0,1,0,1,1,1
param_20148,real_005,0.8209963709195864,0.5687743288628847,0.12382979822806611,0.16785657609827506,0.8829996912920615,126.76342419477464,1,1,1,1,1,1,1,1,0,1,0,1,1,0
param_20149,real_001,0.7706763566740242,0.60154512031025,0.11123621968304472,0.17811566092336448,0.09229487765620988,237.42915921319377,1,1,1,1,1,1,1,1,1,1,1,1,1,1
param_20149,real_002,0.8068423366750183,0.6305124758893624,0.14374264241598353,0.20274020882330654,0.13830020997119,685.058788491141,1,1,1,1,1,1,1,1,1,1,1,1,1,1
param_20149,real_003,0.8215647623844099,0.6493297602383162,0.14370975115225731,0.2062419983082402,0.03781205688995832,376.7432234816663,1,1,1,1,1,1,1,1,1,1,1,1,1,1
param_20149,real_004,0.826366246534499,0.6563948111063351,0.10964516411458149,0.1639144123788371,0.04310999045264266,195.53888116431546,1,1,1,1,1,1,1,1,1,1,1,1,1,1
param_20149,real_005,0.8449209096484587,0.6641044274010207,0.16805741792820983,0.22125062294085304,0.05362907797609457,141.80730363093247,1,1,1,1,1,1,1,1,1,1,1,1,1,0
param_20150,real_001,0.7040310998000627,0.38669255296651167,0.05635019667562517,0.078202809784078,2.0647744390708,279.64395376472294,0,1,0,1,0,1,1,1,0,1,0,1,1,1
param_20150,real_002,0.8058362697235646,0.5543965531483912,0.2507172033365128,0.2609727127369544,1.8201694692013874,126.00469584752022,0,1,0,1,1,1,1,1,0,1,0,1,0,1
param_20150,real_003,0.7450275608965964,0.3778893090502949,0.08969546270070232,0.1055426389667296,2.296791504650158,229.6035981771115,0,1,0,1,0,1,0,1,0,1,0,1,0,1
param_20150,real_004,0.7473818132576077,0.39842581699406737,0.08142439846987609,0.09100484058215638,2.4580835201501485,327.2720065092863,0,1,0,1,0,1,0,1,0,0,0,1,1,1
param_20150,real_005,0.7045432739709955,0.35957924851617656,0.06259517534402122,0.08028569322443835,2.4944549160566343,675.1098495237824,1,1,0,1,1,1,0,1,0,0,0,1,0,1
param_20151,real_001,0.708843120503809,0.40115002451700826,0.06349320163972347,0.0883340336953321,1.7048245460588463,278.79177698585534,0,1,0,1,0,1,1,1,0,1,1,1,1,1
param_20151,real_002,0.8153777868033888,0.58114488009151,0.2639062593830586,0.27856655391169516,1.520551707900881,124.71069313831968,0,1,1,1,1,1,1,1,0,1,0,1,0,1
param_20151,real_003,0.7528095997973626,0.39983946877288473,0.0990184478298979,0.11860861097190484,1.8754487217627576,231.18982845430014,0,1,0,1,0,1,0,1,0,1,0,1,1,1
param_20151,real_004,0.7545627691339131,0.4187925619092285,0.09237985730308484,0.10548648815600796,1.9539513237881048,325.274714154035,0,1,0,1,0,1,1,1,0,0,0,1,1,1
param_20151,real_005,0.7103661523562022,0.37552918909290683,0.06560894945847737,0.08553341112219486,2.2769088480115096,676.7624324457903,1,1,0,1,1,1,0,1,0,0,0,1,0,1
param_20152,real_001,0.7069280138287743,0.4130939217719196,0.06572115379014142,0.09186739525902533,1.660426703372333,277.37563926688915,0,1,0,1,0,1,1,1,0,1,0,1,1,1
param_20152,real_002,0.8158568065939273,0.5888964463264172,0.2642028288387788,0.28199788492824795,1.4552786484213744,127.5584937008911,0,1,1,1,1,1,1,1,0,1,0,1,0,1
param_20152,real_003,0.7528160623259877,0.419727640448172,0.10340089892598975,0.124584987307388,1.8310909765480072,227.54213845608956,0,1,0,1,0,1,0,1,0,1,0,1,1,1
param_20152,real_004,0.7538951570308728,0.43105536348869433,0.09495083363538334,0.10932285948083618,1.9102735668999409,327.551611542899,0,1,0,1,0,1,1,1,0,0,0,1,1,1
param_20152,real_005,0.7108724843739143,0.3953566585885968,0.06866043241401483,0.09093723132678136,2.142812087283909,671.8777660734166,1,1,0,1,1,1,0,1,0,0,0,1,0,1
param_20153,real_001,0.7396788680924048,0.4803861465102826,0.0926438434990072,0.13117869101606408,0.8779406585131836,273.44349189123386,1,1,1,1,1,1,1,1,1,1,1,1,1,1
param_20153,real_002,0.8621219047523945,0.6801995963412669,0.3213898258241324,0.35891461771615984,0.6591974583166513,116.20529201791653,1,1,1,1,1,1,1,1,0,1,1,1,0,1
param_20153,real_003,0.7956559774226462,0.5198944336915166,0.13934602747126054,0.17556454235245733,0.9010673450120633,244.19757966968007,1,1,1,1,1,1,1,1,0,1,1,1,1,1
param_20153,real_004,0.7922510618626479,0.5215670509499966,0.13734420521694898,0.16400680324126418,0.8718111525002822,308.5992408085398,0,1,0,1,0,1,1,1,0,0,1,1,1,1
param_20153,real_005,0.7326682383914717,0.44609441425975477,0.08203453039975767,0.11543812833493006,1.4217449419770338,680.7780334768286,1,1,1,1,1,1,1,1,0,0,0,1,0,1
param_20154,real_001,0.7604302074410956,0.554094900292831,0.11744112258350191,0.17191828266467113,0.6526544179733008,264.92601466780314,1,1,1,1,1,1,1,1,1,1,1,1,1,1
param_20154,real_002,0.8784130388831838,0.7213801491283423,0.3028475743291704,0.3538849554932557,0.3852258391468898,137.58537563861165,1,1,1,1,1,1,1,1,0,1,1,1,1,1
param_20154,real_003,0.8282065919342945,0.6158669971686116,0.18458233044532563,0.23706052447160833,0.6747100679203437,217.1153038203305,1,1,1,1,1,1,1,1,0,1,1,1,1,1
param_20154,real_004,0.808876224909541,0.5727831137630985,0.16110009420844154,0.2000166437775392,0.6865933507087916,322.5371435306284,0,1,1,1,0,1,1,1,0,0,1,1,1,1
param_20154,real_005,0.7560871380377024,0.5486220458842841,0.10308626761244727,0.15280357955998683,0.8052922993308197,640.4125435401737,1,1,1,1,1,1,1,1,1,0,0,1,1,1
param_20155,real_002,0.8654452509502444,0.7417818963369582,0.28027116297825805,0.3261297386654032,0.21615404796915136,65.91900902319844,1,1,1,1,1,1,1,1,1,1,1,1,1,1
param_20155,real_003,0.8166969213117234,0.6662753718031634,0.1970498682985758,0.24919654673328737,0.11766281029960382,303.49445895143214,1,1,1,1,1,1,1,1,1,1,1,1,1,1
param_20155,real_004,0.8303438973917966,0.6794885142249282,0.188173436584575,0.23715693985790942,0.15234407447875734,221.5148692771728,1,1,1,1,1,1,1,1,1,0,1,1,1,1
param_20155,real_005,0.7670194493811349,0.5961620264937237,0.11737743764100586,0.18633680644083717,0.0765273051369308,680.7477901771477,1,1,1,1,1,1,1,1,1,0,1,1,0,1
param_20156,real_001,0.7119386490506737,0.4504729306420835,0.08416566904781062,0.11020354257169573,2.222485328940595,423.0168559875736,1,1,0,1,1,1,0,1,0,0,0,1,1,1
param_20156,real_002,0.6974171929693687,0.427237046025521,0.09485569185142,0.11262521352408622,2.011167008820809,285.4356385986527,0,1,0,1,0,0,0,1,0,1,0,1,1,1
param_20156,real_003,0.719796190897871,0.37606508470437705,0.08076327987892501,0.0954361927651382,2.6626943466832986,298.1261290611022,0,1,0,1,0,1,0,1,0,1,0,1,1,1
param_20156,real_005,0.7341016429403632,0.5144821030501187,0.150633103316684,0.1651410634547551,1.405632258727603,343.5310391464094,1,1,0,1,1,0,0,1,0,0,0,1,1,1
param_20157,real_001,0.7176712659746781,0.474352464407575,0.09183411566263697,0.12074102554862919,1.8614265079626278,415.9365455194447,1,1,0,1,1,1,0,1,0,0,0,1,1,1
param_20157,real_002,0.7031735259720853,0.43816066720459923,0.10542727732944795,0.1278191291462186,1.585191067381999,291.5836564344666,0,1,0,1,0,0,0,1,0,1,0,1,1,1
param_20157,real_003,0.7265270342387846,0.39118921468690515,0.0903423467100783,0.10764054575409554,2.179292343387471,297.04319536952625,0,1,1,1,0,1,0,1,0,1,0,1,1,1
param_20157,real_004,0.7103806308286731,0.3218515397935171,0.07023950471307513,0.0778945667516634,3.258896369319548,167.20094462949774,0,0,0,1,0,1,0,1,0,0,0,1,1,1
param_20157,real_005,0.7425418597921278,0.5363745366203411,0.1585687382842247,0.17445105802519734,1.2369900762993995,336.90653411918225,1,1,0,1,1,0,0,1,1,0,0,1,1,1
param_20158,real_001,0.7161707879038879,0.49160996192246076,0.09258467388184086,0.12248396895095319,1.8035541542760918,417.67257826757066,1,1,0,1,1,1,0,1,0,0,0,1,1,1
param_20158,real_002,0.7027222437620919,0.44730754043602666,0.10869211783339085,0.13270647518292347,1.5466201133306623,290.96835162584193,0,1,0,1,0,0,0,1,0,1,0,1,1,1
param_20158,real_003,0.7268619676932206,0.4070730652260125,0.09300345496042564,0.1117476845913205,2.1331313593231966,295.32287048380954,0,1,1,1,0,1,0,1,0,1,0,1,1,1
param_20158,real_004,0.7099610255509439,0.3354358656412388,0.07451079572500129,0.08309320075166308,3.218953761872153,166.59553026926085,0,0,0,1,0,1,0,1,0,0,0,1,1,1
param_20158,real_005,0.7436260944510223,0.5462444602967138,0.1616148574290049,0.18023656942159072,1.1844483504176453,337.78609503696964,1,1,0,1,1,0,0,1,1,0,0,1,1,1
param_20159,real_001,0.7469996249312139,0.5629813541781825,0.11574396077533831,0.15706077044568648,1.0044828690361831,384.9105875209167,1,1,1,1,1,1,1,1,0,0,0,1,1,1
param_20159,real_002,0.735989909047667,0.5245627390471054,0.15031769104029089,0.18801880495923168,0.6583341616141537,325.50663439905986,0,1,0,1,0,0,1,1,1,1,1,1,1,1
param_20159,real_003,0.7588578264404826,0.4667201738395309,0.13351538003808058,0.1624567722025901,1.1711626064567242,289.68978539271296,1,1,1,1,1,1,1,1,0,1,0,1,1,1
param_20159,real_004,0.7422775892264859,0.43821966939728346,0.10039792637941268,0.12490889711660352,1.5270084707980383,168.53874529241565,0,0,1,1,0,1,1,1,0,0,0,1,1,1
param_20159,real_005,0.7647908437465606,0.5884669422940858,0.18284810244498018,0.20682341341115662,0.6919388455838945,321.49219251788634,1,1,0,1,1,0,0,1,1,0,0,1,1,1
param_20160,real_001,0.7657327801761437,0.6193713023110521,0.12729753463787963,0.18372388368053139,0.7184771986076491,393.3755086877892,1,1,1,1,1,1,1,1,1,0,0,1,1,1
param_20160,real_002,0.7684727932155166,0.5910577518362977,0.1856034186890183,0.2377167150766477,0.4968040011662592,323.9648738131165,0,1,1,1,1,0,1,1,1,1,1,1,1,1
param_20160,real_003,0.7862311639628403,0.5628501308790231,0.16020349779736165,0.20257973897451925,0.9161558720022374,277.2808906263132,1,1,1,1,1,1,1,1,0,1,0,1,1,1
param_20160,real_004,0.7675248370251718,0.5389491160188391,0.13761766596582767,0.17250127055649983,1.1958408231575033,163.8467264835769,0,0,1,1,0,1,1,1,0,0,0,1,1,1
param_20160,real_005,0.7989955468622821,0.6552609166199219,0.204453360067186,0.24812400683124713,0.4145447219983884,327.9186819738788,1,1,0,1,1,0,0,1,1,0,1,1,1,1
param_20161,real_001,0.7759980923589347,0.6702335898339871,0.16058483847099703,0.22702505730801156,0.07791473215337842,315.0445800254779,1,1,1,1,1,1,1,1,1,0,1,1,1,1
param_20161,real_002,0.7957943922076481,0.6751163185573751,0.22161016973908715,0.2843990036276733,0.10467463996082667,457.75605071522165,1,1,1,1,1,0,1,1,1,1,1,1,1,1
param_20161,real_003,0.852173800249695,0.6874766519485795,0.2531447506447767,0.3288775325729818,0.05763738808274159,274.9185807013645,1,1,1,1,1,1,1,1,1,1,1,1,1,1
param_20161,real_004,0.7897603834760771,0.6257761604624191,0.1741313317493924,0.22543793746561966,0.004423085101858546,173.30644137827593,1,0,1,1,1,1,1,1,1,0,1,1,1,1
param_20161,real_005,0.7872531102406835,0.6792826460783463,0.19726991753450634,0.25086221574287104,0.12019095231830398,363.6962761319193,1,1,1,1,1,0,1,1,1,0,1,1,1,1
