param_folder,realization,global_ssim,plume_ssim,iou_0.001,iou_0.0001,area_rel_err_1e-3_d365,centroid_err_m_d365,exceed_w500_+400_true,exceed_w500_+400_pred,exceed_w500_-400_true,exceed_w500_-400_pred,exceed_w1000_+400_true,exceed_w1000_+400_pred,exceed_w1000_-400_true,exceed_w1000_-400_pred,exceed_w1500_+600_true,exceed_w1500_+600_pred,exceed_w1500_-600_true,exceed_w1500_-600_pred,exceed_w1900_+0_true,exceed_w1900_+0_pred
param_20000,real_001,0.7754929638089986,0.44852842254017716,0.09040596261544616,0.1067156530567612,2.170945619202532,70.84710959605208,0,1,0,1,0,1,0,1,0,1,0,1,0,1
param_20000,real_002,0.7587164135598741,0.40766945022544093,0.06980499821029756,0.08692393793130801,2.448085853311707,168.08775889735614,0,1,0,1,0,1,0,1,0,1,0,1,0,1
param_20000,real_003,0.7683876496269804,0.41333040041811947,0.053401055526115335,0.0673405065906166,2.953999236315447,217.29810847200437,0,1,0,1,0,1,0,1,0,1,0,1,0,0
param_20000,real_004,0.7515526711882653,0.38495073286120635,0.04348629445369724,0.05839144203006374,2.7401803963387543,260.1038619556656,0,1,0,1,0,1,0,1,0,1,0,1,1,1
param_20000,real_005,0.7811265553035107,0.4378305980658999,0.15719952886861083,0.16806077247519474,1.9169679865949378,102.51499675914637,0,1,0,1,0,1,0,1,0,1,0,1,0,1
param_20001,real_001,0.7812397080150619,0.463570628908698,0.0951295930824056,0.11365345529231362,1.9576422347514095,71.4708008119976,0,1,0,1,0,1,0,1,0,1,0,1,0,1
param_20001,real_002,0.7630425374873856,0.41718180225324053,0.07395132575316438,0.09312587953536199,2.207423941798942,167.77405836342393,0,1,0,1,0,1,0,1,0,1,0,1,0,1
param_20001,real_003,0.7718298698493886,0.41776111271555655,0.05631827781869913,0.0719039322371185,2.7030586057469814,216.64507252664836,0,1,0,1,0,1,0,1,0,1,0,1,0,0
param_20001,real_004,0.7549526932790497,0.39401787522655823,0.04602640108237889,0.06280341801913111,2.486218964196227,260.6218954095308,0,1,0,1,0,1,0,1,0,1,0,1,0,1
param_20001,real_005,0.7868260748569356,0.4524495064215464,0.16391150838087537,0.17746556546016556,1.7115510739465487,102.91924037277661,0,1,0,1,0,1,0,1,0,1,0,1,0,1
param_20002,real_001,0.7810928831380584,0.48348899318003447,0.09832201407810387,0.11865812146334466,1.8576890315168082,66.51949499360623,0,1,0,1,0,1,0,1,0,1,0,1,0,1
param_20002,real_002,0.7612706762516335,0.43311570150944234,0.07600321325170582,0.09639916299824862,2.1009071654078246,171.15662197295993,0,1,0,1,0,1,0,1,0,1,0,1,1,1
param_20002,real_003,0.7693937836221645,0.43838890525865615,0.05821210670442194,0.07571451196350236,2.573174197215118,221.5434521817952,0,1,0,1,0,1,0,1,0,1,0,1,0,0
param_20002,real_004,0.7526367787875726,0.4074187167116793,0.0482059206432343,0.065969181932071,2.37800473534251,255.61200066238445,0,1,0,1,0,1,0,1,0,1,0,1,1,1
param_20002,real_005,0.7864180781922332,0.46861204699744485,0.1645208829394336,0.18050269894867385,1.6193229063551773,99.99507292476335,0,1,0,1,0,1,0,1,0,1,0,1,0,1
param_20003,real_001,0.8160405401801119,0.5547902366458729,0.12194625778449543,0.15505184459121948,1.10241051649761,73.59510171611505,1,1,1,1,1,1,1,1,0,1,0,1,0,1
param_20003,real_002,0.7939753253747903,0.4927536118197806,0.09678240763631685,0.12869019474968876,1.2862446411997819,167.19636089669712,1,1,1,1,1,1,1,1,0,1,0,1,0,1
param_20003,real_003,0.7980875573210018,0.47945499871319397,0.07451930388882047,0.10225295348357637,1.642231027857829,215.23324456198503,1,1,1,1,1,1,1,1,0,1,0,1,0,0
param_20003,real_004,0.7811181915816542,0.4756437200222228,0.06255887861961408,0.09191519017031828,1.4840351757311063,260.68155335180313,1,1,1,1,1,1,1,1,0,1,0,1,0,1
param_20003,real_005,0.8236718045827675,0.5399934738193933,0.19926855613740993,0.2299895485300464,0.9245326932867844,103.67393487274217,1,1,1,1,1,1,1,1,0,1,0,1,0,1
param_20004,real_001,0.8335735686208493,0.6151623368683694,0.14944328288517703,0.19521131010011084,0.737892733230532,33.48205768140559,1,1,1,1,1,1,1,1,0,1,0,1,1,1
param_20004,real_002,0.8033341434343363,0.5585546397594525,0.11696214196715399,0.16022455582321926,0.9081273822697652,196.75443434515333,1,1,1,1,1,1,1,1,0,1,0,1,1,1
param_20004,real_003,0.8001579548413337,0.5561716941665161,0.08378216519902733,0.12024866333582956,1.1600039264767235,256.3790227058872,1,1,1,1,1,1,1,1,0,1,0,1,1,0
param_20004,real_004,0.7923461648291776,0.5504713216689247,0.0842186603835988,0.12304906839965338,1.0670505611079735,221.03998712688542,1,1,1,1,1,1,1,1,0,1,0,1,1,1
param_20004,real_005,0.8468457222227781,0.615173387534437,0.2152643655326416,0.2599392215171763,0.5958842971219029,86.30992305891097,1,1,1,1,1,1,1,1,0,1,0,1,1,1
param_20005,real_001,0.8298465560591675,0.6789774510681897,0.16050631683210728,0.20717554214859077,0.1244347873586589,83.64254801698104,1,1,1,1,1,1,1,1,1,1,1,1,1,1
param_20005,real_002,0.8266858779107606,0.663531556703962,0.157785044958352,0.21067058059292215,0.04860928045513343,162.6340240030213,1,1,1,1,1,1,1,1,1,1,1,1,1,1
param_20005,real_003,0.8296102672772245,0.6575128774848735,0.13010558474227749,0.18038639307575813,0.07451061777829322,211.4516317052451,1,1,1,1,1,1,1,1,1,1,1,1,1,0
param_20005,real_004,0.8035443069393216,0.6425407503302227,0.10715410502027634,0.15647723253955326,0.027231679785221796,266.17817916778455,1,1,1,1,1,1,1,1,1,1,1,1,1,1
param_20005,real_005,0.8578045026253275,0.7056323322884513,0.2516940419432953,0.30051654019629453,0.19629926617096757,106.7270773072762,1,1,1,1,1,1,1,1,1,1,1,1,1,1
param_20006,real_001,0.7609234310167587,0.44000393642796953,0.11227044046526641,0.12695076386142534,2.0131185360417603,172.79065719178584,0,1,0,1,1,1,0,1,0,1,0,1,0,1
param_20006,real_002,0.7382503135125066,0.4206368235918956,0.08918788782788649,0.10274623992099823,2.2251844798857414,271.5100038242498,0,1,1,1,0,1,0,1,0,0,0,1,1,1
param_20006,real_003,0.7590383038996005,0.457828791068074,0.12217481085477905,0.13590441688576405,1.713329582710924,175.86322180656305,1,1,0,1,1,1,0,1,0,0,0,1,1,1
param_20006,real_004,0.7207021631774714,0.4344901507616756,0.09800288012290928,0.11169606657862398,2.3643460192066494,197.01253297741187,0,1,0,1,0,1,0,1,0,1,0,1,0,1
param_20006,real_005,0.7443162960762685,0.40757447023240373,0.07754898750218271,0.09912727151940462,2.047268155884344,276.8057650360451,1,1,0,1,1,1,0,1,0,1,0,0,0,1
param_20007,real_001,0.7686670736291343,0.45338462133200025,0.11834428221467834,0.13508752146535055,1.801381441425066,171.1998654409926,1,1,0,1,1,1,1,1,0,1,0,1,0,1
param_20007,real_002,0.744774130198881,0.43106521364746647,0.09385032310902863,0.1094003949611409,2.0,274.6403533577227,1,1,1,1,0,1,1,1,0,0,0,1,1,1
param_20007,real_003,0.7666362482127687,0.4723073620778547,0.12787011896821798,0.14359650218989914,1.5437218099810854,176.78579588899862,1,1,0,1,1,1,0,1,0,0,0,1,1,1
param_20007,real_004,0.7271733151268975,0.444721790356523,0.1033556794378618,0.1184462268361852,2.13488810200771,200.25020265414273,1,1,1,1,0,1,1,1,0,1,0,1,0,1
param_20007,real_005,0.75060703333015,0.4194439760121053,0.08160308881890499,0.1051495247389507,1.852107959379469,279.1663620806159,1,1,1,1,1,1,0,1,0,1,0,0,0,1
param_20008,real_001,0.7711046489780015,0.4886579999331429,0.12636578240886004,0.1452874185181302,1.713488388471222,176.29255192872844,1,1,0,1,1,1,1,1,0,1,0,1,0,1
param_20008,real_002,0.7464925517294558,0.452394852095728,0.1006013643952492,0.11851832160532305,1.920882437482035,269.5440733340266,1,1,1,1,0,1,1,1,0,0,0,1,1,1
param_20008,real_003,0.768901417264463,0.49037166299743845,0.13437095343579272,0.15215711450019162,1.481265966505819,173.42656871504403,1,1,0,1,1,1,0,1,0,0,0,1,1,1
param_20008,real_004,0.7278672882530176,0.46905582752645736,0.10752578135530241,0.12549960857522544,2.0655863539445627,195.41137708516112,0,1,1,1,0,1,1,1,0,1,0,1,0,1
param_20008,real_005,0.7520076439702903,0.44176591747219673,0.08547202820209275,0.11095888137501034,1.7831870131246577,274.34715877967835,1,1,1,1,1,1,0,1,0,1,0,0,0,1
param_20009,real_001,0.8042914096115068,0.5419885871331926,0.15069135062472935,0.1793854353451327,1.1219898387696374,167.09823691186233,1,1,1,1,1,1,1,1,0,1,0,1,0,1
param_20009,real_002,0.7753042804987548,0.49510829322634037,0.11764571756024132,0.14544589166244296,1.2726548412798255,286.73520732445445,1,1,1,1,1,1,1,1,0,0,0,1,1,1
param_20009,real_003,0.8028438772525908,0.5447880328363369,0.1611011127000886,0.19062037290489972,0.9390276025564598,177.78009271111284,1,1,1,1,1,1,1,1,0,0,0,1,1,1
param_20009,real_004,0.7588691786281767,0.5071689756346934,0.1292171389554517,0.1545980799771569,1.4241933743390525,211.92847036454475,1,1,1,1,1,1,1,1,0,1,0,1,0,1
param_20009,real_005,0.777974308048001,0.4844867892915606,0.10028041885018679,0.13449460419803377,1.2189533278877842,288.8358059878691,1,1,1,1,1,1,1,1,0,1,0,0,0,1
param_20010,real_001,0.8331699576493947,0.6579755828677439,0.19598469955243078,0.24050071510475604,0.6995059767985532,205.54822669431962,1,1,1,1,1,1,1,1,0,1,0,1,1,1
param_20010,real_002,0.8103864475995303,0.6153335665947097,0.16923878909398507,0.21428326566543643,0.8674323781083099,248.63452332478332,1,1,1,1,1,1,1,1,0,0,0,1,1,1
param_20010,real_003,0.8373857685876135,0.6455074544751082,0.20883021078896835,0.2584663806222445,0.5752224349588918,156.7692212394997,1,1,1,1,1,1,1,1,0,0,0,1,1,1
param_20010,real_004,0.7888738308815555,0.6074744688485625,0.15491667186225677,0.19923013610019522,1.0157699339367632,178.87885376176052,1,1,1,1,1,1,1,1,0,1,0,1,1,1
param_20010,real_005,0.8129179948759341,0.6010260727022101,0.13757228379353048,0.1904641337446258,0.8033741945083497,251.87254650666503,1,1,1,1,1,1,1,1,0,1,0,0,1,1
param_20011,real_001,0.845069604588003,0.6931059321950194,0.22217709729750404,0.27077510782866215,0.027014400525262473,163.28076208555058,1,1,1,1,1,1,1,1,1,1,1,1,1,1
param_20011,real_002,0.8274962862189363,0.6613558085202982,0.1979845266651484,0.25302054592275963,0.052301837457202585,297.02739208459525,1,1,1,1,1,1,1,1,1,0,1,1,1,1
param_20011,real_003,0.8443899452609166,0.6909033857829939,0.2318412247880612,0.2828277507042773,0.11102636463020873,179.33416757531603,1,1,1,1,1,1,1,1,1,0,1,1,1,1
param_20011,real_004,0.8268307183501481,0.6762382363718034,0.21669330950150012,0.2837913007788374,0.5826552537954842,660.0823354762541,1,1,1,1,1,1,1,1,1,1,1,1,0,1
param_20011,real_005,0.8236793348312318,0.6457368781919903,0.1718118724178659,0.23070745037825924,0.03374995899353738,307.61668993510546,1,1,1,1,1,1,1,1,1,1,1,0,1,1
param_20012,real_001,0.7199881129088265,0.4078641610528458,0.11696561774171398,0.13368571972053903,1.5213203185204214,512.1430856766439,1,1,1,1,1,1,1,1,0,1,0,1,1,1
param_20012,real_002,0.7308469424130462,0.4193178227063551,0.13926591737389743,0.15169500676265898,1.321961284907409,511.58852725988777,0,0,1,1,1,1,1,1,0,0,0,1,1,1
param_20012,real_003,0.7017308550330794,0.40500378108298235,0.08086004455248619,0.10341241434875831,1.791933304023578,208.44902355927724,1,1,0,1,1,1,1,1,0,1,0,1,1,1
param_20012,real_004,0.7463310503126757,0.42521115376005525,0.11063159827146304,0.12804285863090656,1.7078625778187688,188.13661002844614,1,1,0,1,1,1,1,1,0,1,0,1,0,1
param_20012,real_005,0.6709182669297585,0.3735796117781196,0.046665291494535834,0.07738573651178134,1.2712979890310787,524.4888021300552,1,0,1,0,1,1,1,1,0,1,0,1,1,1
param_20013,real_001,0.7262546643794385,0.41988598584453285,0.12066343914198452,0.1394503522055674,1.4085005696257997,514.4878126687065,1,1,1,1,1,1,1,1,0,1,0,1,1,1
param_20013,real_002,0.7379126947450277,0.43660585572664345,0.14380070775454035,0.1585490000730801,1.194809917355372,515.3679940492569,0,0,1,1,1,1,1,1,0,0,0,1,1,1
param_20013,real_003,0.7081340090617148,0.4226916625242017,0.0837794970637678,0.10815263613583079,1.6726054087756215,210.18804349545883,1,1,0,1,1,1,1,1,0,1,0,1,1,1
param_20013,real_004,0.7525995332273232,0.4316346557703905,0.11335897839545274,0.13240876486786315,1.5981416561723563,191.0789696633255,1,1,0,1,1,1,1,1,0,1,0,1,0,1
param_20013,real_005,0.6748792286636409,0.38282578426074265,0.04700016152660996,0.07917643834422723,1.151545206945953,528.7935565553851,1,0,1,0,1,1,1,1,0,1,0,1,0,1
param_20014,real_001,0.7303149400168668,0.43971534767203424,0.12784091145965887,0.1494803509976152,1.3302075561283322,509.24257467429123,1,1,1,1,1,1,1,1,0,1,0,1,1,1
param_20014,real_002,0.7427091107914322,0.45816140108734116,0.15399686352807446,0.17042059572703017,1.1347201903445172,510.82922792630626,0,0,1,1,1,1,1,1,0,0,0,1,1,1
param_20014,real_003,0.7114848630646337,0.43643475988318753,0.08917717850778098,0.11538799484119487,1.5983663696429653,205.6642733537801,1,1,0,1,1,1,1,1,0,1,0,1,1,1
param_20014,real_004,0.7547689490711178,0.4549226171497369,0.12021341268681429,0.14189559053222284,1.5016303724458864,186.08823488392306,1,1,0,1,1,1,1,1,0,1,0,1,0,1
param_20014,real_005,0.6756819737842514,0.3921682362392664,0.050962724829165286,0.08500321441524418,1.093120137229676,523.961826398844,1,0,1,0,1,1,1,1,0,1,0,1,1,1
param_20015,real_001,0.753583781250765,0.4753584383626342,0.14311138765537668,0.1738352936685304,0.9258215962441314,520.3827813445484,1,1,1,1,1,1,1,1,0,1,0,1,1,1
param_20015,real_002,0.7647840757190107,0.5020879901742845,0.16337650978485926,0.18936118920257453,0.7630750846444931,531.2217111663448,1,0,1,1,1,1,1,1,0,0,0,1,1,1
param_20015,real_003,0.7340991311288703,0.48005910045517625,0.09908080274596244,0.13254445294194261,1.1719595150931685,214.79238704696823,1,1,1,1,1,1,1,1,0,1,0,1,1,1
param_20015,real_004,0.7772966267183931,0.4866071379032816,0.1307914967887665,0.1596814965823494,1.1343771843981547,201.27393101449147,1,1,1,1,1,1,1,1,0,1,0,1,0,1
param_20015,real_005,0.6822999297222119,0.4193683140985545,0.050039537759063585,0.08947367628343696,0.6935869632567073,541.8335968536543,1,0,1,0,1,1,1,1,1,1,0,1,0,1
param_20016,real_001,0.8027800721082994,0.5846734583114759,0.20104426662633945,0.2578153006177383,0.4652030665230789,483.9029917919103,1,1,1,1,1,1,1,1,1,1,1,1,1,1
param_20016,real_002,0.8156628682375552,0.6259627164297303,0.23799820714974682,0.2876204847602698,0.3928942316769991,502.28765455559096,1,0,1,1,1,1,1,1,0,0,0,1,1,1
param_20016,real_003,0.7725452506600586,0.5887913681696086,0.14658022407129084,0.20301414762965878,0.6176939551471351,350.7427811062122,1,1,1,1,1,1,1,1,1,1,0,1,1,1
param_20016,real_004,0.8123493512200605,0.6110428037676694,0.1831347283996212,0.2335329152431206,0.6075982689088019,169.99481603204654,1,1,1,1,1,1,1,1,1,1,0,1,1,1
param_20016,real_005,0.7152458586491461,0.5254703839232532,0.08370705926030216,0.14010118970217048,0.31400111532027,508.88738204687775,1,0,1,0,1,1,1,1,1,1,0,1,1,1
param_20017,real_001,0.8125133641324928,0.6219783271076009,0.2316918006867459,0.28999562405676904,0.02982187361004229,518.8931016778598,1,1,1,1,1,1,1,1,1,1,1,1,1,1
param_20017,real_002,0.8163186377061571,0.6475183967422093,0.24203091887215072,0.2967545796983467,0.10359679205033348,553.2333373890899,1,0,1,1,1,1,1,1,1,0,1,1,1,1
param_20017,real_003,0.779103598821822,0.6217939855544092,0.1550539297644115,0.21770868833698306,0.1471495380251159,216.40276587387143,1,1,1,1,1,1,1,1,1,1,1,1,1,1
param_20017,real_004,0.8500674859211693,0.6733779072330808,0.24649068543115846,0.31448088591202195,0.0371245932598314,212.34106110666255,1,1,1,1,1,1,1,1,1,1,1,1,0,1
param_20017,real_005,0.7106520329115915,0.5593562335290465,0.08454902997458212,0.14621994281123782,0.13708602999210734,547.4397518942762,1,0,1,0,1,1,1,1,1,1,1,1,1,1
param_20018,real_001,0.7310446554230599,0.38244120527638964,0.07013376614640748,0.08293081497033308,2.624644742184328,202.66913020247767,0,1,0,1,0,1,0,1,0,1,0,1,0,1
param_20018,real_002,0.7718355688891504,0.35966362361787185,0.08722494420407374,0.09898463132218367,2.29071863803373,135.4635502516959,0,1,0,1,0,1,0,1,0,0,0,0,1,1
param_20018,real_003,0.7456600356204206,0.40119800652501547,0.05240196650999545,0.06608778321049667,2.6081325502981043,368.9227737015427,0,1,0,1,0,1,0,1,0,1,0,1,1,1
param_20018,real_004,0.7623681663535811,0.4424428096988208,0.12411868599967626,0.12804251406426914,2.347558263654154,61.57031643733654,0,1,0,1,0,1,0,1,0,1,0,1,1,1
param_20018,real_005,0.7767131377700864,0.39198618365369065,0.107004144706664,0.11778488756705877,1.903545652809317,380.2401195916318,0,1,0,1,0,1,0,1,0,1,0,0,1,1
param_20019,real_001,0.73813959148404,0.40366854693864285,0.07491073061362162,0.08998812537320436,2.3296382246902323,204.09591960955447,0,1,0,1,0,1,0,1,0,1,0,1,0,1
param_20019,real_002,0.779175907160974,0.38034975436912305,0.09162182939623463,0.10574254492025856,2.039160308561312,136.19695762368494,0,1,0,1,0,1,0,1,0,0,0,0,1,1
param_20019,real_003,0.7516919378044075,0.42145798699992304,0.055800017886388956,0.07165590569714266,2.3331201782251743,368.27500490684986,0,1,0,1,0,1,0,1,0,1,0,1,1,1
param_20019,real_004,0.7702418431970892,0.4682910256612944,0.1304577949351478,0.13686557770411312,2.084819049961064,62.897204432744935,0,1,0,1,0,1,0,1,0,1,0,1,1,1
param_20019,real_005,0.784158406388062,0.4206970817416289,0.1134168127131009,0.12702452754843607,1.6728412948091729,381.8997012199437,0,1,0,1,0,1,0,1,0,1,0,0,0,1
param_20020,real_001,0.7380876255821576,0.4296863973663549,0.07774930472161515,0.09436184964559086,2.2305697398576654,199.11213442170592,0,1,0,1,0,1,0,1,0,1,0,1,0,1
param_20020,real_002,0.7805663567428058,0.41049891593121646,0.10118544381395257,0.11741755982059292,1.9562899786780383,133.8660044528124,0,1,0,1,0,1,0,1,0,0,0,0,1,1
param_20020,real_003,0.7503930304203315,0.43489180032615743,0.058267601728330745,0.07549181009080144,2.245876941001587,373.5039179759801,0,1,0,1,0,1,0,1,0,1,0,1,1,1
param_20020,real_004,0.7700656198861302,0.4837601804327696,0.13315043712946778,0.1415483764528295,1.9910387855666825,57.91748030849575,0,1,0,1,0,1,0,1,0,1,0,1,1,1
param_20021,real_001,0.7764746873998779,0.5026292433289175,0.10065740643841625,0.13035857834748657,1.3164244940321743,207.5536783616892,1,1,1,1,1,1,1,1,0,1,0,1,0,1
param_20021,real_002,0.8154625532928563,0.48195444714426094,0.12156613140455849,0.15179435005386505,1.1214653523613358,139.84259656591607,1,1,1,1,1,1,1,1,0,0,0,0,1,1
param_20021,real_003,0.7813372939893937,0.5019704660184796,0.07536883239159979,0.10479944003911511,1.331073185510048,368.26268668224077,1,1,1,1,1,1,1,1,0,1,0,1,1,1
param_20021,real_004,0.8119363490271978,0.5675971631417522,0.16267161789569126,0.18423184918617508,1.1708463723807738,67.50989881403521,1,1,1,1,1,1,1,1,0,1,0,1,1,1
param_20021,real_005,0.8228246491626061,0.5257185271985025,0.14567831270612527,0.17463064397052605,0.8851324720823297,388.970760747681,1,1,1,1,1,1,1,1,0,1,0,0,0,1
param_20022,real_001,0.7940810764594439,0.5813012988815387,0.12549830672881743,0.16721360951413902,0.9685777287761852,167.1536579925749,1,1,1,1,1,1,1,1,0,1,0,1,1,1
param_20022,real_002,0.8406164339932952,0.6123915917565241,0.19025671794747162,0.23440609627263861,0.8302236437945828,123.63834346884431,1,1,1,1,1,1,1,1,0,0,0,0,1,1
param_20022,real_003,0.7947629381954635,0.5699065923384296,0.09821748850566583,0.13932770724649535,1.004478297006612,410.52060896249645,1,1,1,1,1,1,1,1,0,1,0,1,1,1
param_20022,real_004,0.8276809411430481,0.618187644991917,0.18608644060980875,0.2210703881255428,0.8848667735149754,29.88904248473679,1,1,1,1,1,1,1,1,0,1,0,1,1,1
param_20022,real_005,0.8464724965464664,0.6035324492603296,0.17803977228503742,0.22135365282770686,0.6272192331439084,347.37391820021753,1,1,1,1,1,1,1,1,0,1,0,0,1,1
param_20023,real_001,0.8132454212300412,0.6702529478993431,0.15426560427054473,0.2063223695323189,0.03272698817807527,215.7616779411302,1,1,1,1,1,1,1,1,1,1,1,1,1,1
param_20023,real_002,0.8253316216349496,0.650734832439235,0.17516977009977283,0.22232160966250422,0.11517739896665562,148.98719856884244,1,1,1,1,1,1,1,1,1,0,1,0,1,1
param_20023,real_003,0.7915351038381356,0.641658792969679,0.11482057370453397,0.16278613852275242,0.020388490778800335,368.47697204077406,1,1,1,1,1,1,1,1,1,1,1,1,1,1
param_20023,real_004,0.841033442383424,0.6933360954070903,0.2058903630714829,0.2506935538208644,0.0853950470265147,83.29220421660636,1,1,1,1,1,1,1,1,1,1,1,1,1,1
param_20023,real_005,0.8452221172623243,0.6792169001808748,0.19256723727899908,0.23968644804089947,0.21127078841772887,405.38545456456234,1,1,1,1,1,1,1,1,1,1,1,0,1,1
param_20024,real_001,0.6977503124147488,0.40983613985982337,0.09929997690648618,0.11285844944354494,1.9998679892882736,197.23202681492265,0,1,0,1,0,1,0,1,0,1,0,1,1,1
param_20024,real_002,0.7407498790011503,0.4024110774109139,0.11032203796835578,0.12190077112762232,2.2052374884661012,181.75373118726492,0,1,0,1,0,1,0,1,0,0,0,1,1,1
param_20024,real_003,0.7009499643257746,0.40872082751117567,0.07531621053538722,0.09538736124310804,2.178255066132751,246.32661189405,0,1,0,1,1,1,0,1,0,1,0,1,1,1
param_20024,real_004,0.7245139912084569,0.45785808574416154,0.1397063360141263,0.15129161704947702,1.8582232053390808,104.60813984092209,0,1,0,1,0,1,0,1,0,1,0,1,1,1
param_20024,real_005,0.7489629534219566,0.4130480805139335,0.16640086480882832,0.1727718341077255,1.599788426954406,401.1819990960205,0,1,0,1,0,1,0,1,0,1,0,0,1,1
param_20025,real_001,0.7086634715588822,0.43438882446973365,0.10718658457855355,0.12331689667338702,1.7124392531332595,198.5261787321681,0,1,0,1,1,1,1,1,0,1,0,1,1,1
param_20025,real_002,0.74996958789959,0.4272002474502461,0.11580582114322949,0.12964156641000182,1.9345884624668115,179.36048334225833,0,1,0,1,0,1,0,1,0,0,0,1,1,1
param_20025,real_003,0.7104867948850156,0.43216878269931264,0.08194282089215868,0.1044494606634602,1.9070997817159347,243.0293967398261,1,1,0,1,1,1,0,1,0,1,0,1,1,1
param_20025,real_004,0.734327893599296,0.48714242179653283,0.14939942022098426,0.16366912026646502,1.6141236685572002,106.66769476478177,0,1,0,1,1,1,0,1,0,1,0,1,1,1
param_20025,real_005,0.7597700346838054,0.4516759214896611,0.17750319605231127,0.18650871861909302,1.3628759326205677,407.89620638641935,0,1,0,1,1,1,0,1,0,1,0,0,1,1
param_20026,real_001,0.709322652806921,0.44940547030216593,0.11042605201303307,0.1284134403270332,1.687600317637319,195.4541489625849,0,1,0,1,1,1,1,1,0,1,0,1,1,1
param_20026,real_002,0.751681782112848,0.451761087566841,0.12414135062893542,0.14019649850572813,1.899882729422989,180.58057377607315,0,1,0,1,0,1,0,1,0,0,0,1,1,1
param_20026,real_003,0.7115278990340147,0.4417240296143212,0.08534647730385551,0.1092456683942125,1.8653842647461027,247.33730592146372,1,1,0,1,1,1,0,1,0,1,0,1,1,1
param_20026,real_004,0.7359893108371051,0.5088637016033565,0.15362435247110048,0.17011991636920612,1.5815375157952256,104.91472089884311,0,1,0,1,1,1,0,1,0,1,0,1,1,1
param_20026,real_005,0.7620567892131889,0.4698508829270411,0.1815176200389631,0.19273776388271333,1.3373024175907786,404.3148399001758,0,1,0,1,1,1,0,1,0,1,0,0,1,1
param_20027,real_001,0.7457748869208387,0.5103871082802026,0.13696508899788015,0.1657568365524096,0.9746635880629624,212.72766725339972,1,1,1,1,1,1,1,1,1,1,1,1,1,1
param_20027,real_002,0.7866254016611808,0.5197253546708933,0.14424147182396133,0.17411372093370325,1.075865797786062,178.57336998870596,1,1,1,1,1,1,0,1,0,0,0,1,1,1
param_20027,real_003,0.7445424345903549,0.5065283791536002,0.10677809081537683,0.1435402046666161,1.1283638284328994,238.26995300813735,1,1,1,1,1,1,0,1,0,1,0,1,1,1
param_20027,real_004,0.7750771488241849,0.5879452977686083,0.18119826816479612,0.2086021481284493,0.9328031910813368,117.59248871480261,1,1,1,1,1,1,1,1,1,1,1,1,1,1
param_20027,real_005,0.8033410727964739,0.5676029165056168,0.22131651208251962,0.24615501893261546,0.7083373882578654,439.7248987535193,1,1,1,1,1,1,0,1,0,1,0,0,1,1
param_20028,real_001,0.7826890849042782,0.6044833394089748,0.17390340928039943,0.21809427195183795,0.7137762742541937,185.2957519731299,1,1,1,1,1,1,1,1,1,1,1,1,1,1
param_20028,real_002,0.8162584117129463,0.6305139787757781,0.19070374732164722,0.2361409379042599,0.8274920459954406,182.18257939331747,1,1,1,1,1,1,1,1,0,0,0,1,1,1
param_20028,real_003,0.7712745517157087,0.5817599671615127,0.1391605663361405,0.19187382956417218,0.8129088077522063,266.6912905894295,1,1,1,1,1,1,1,1,1,1,0,1,1,1
param_20028,real_004,0.8140561054997417,0.66222029816889,0.21915455670073403,0.2653430646134117,0.6967642734486358,106.53043888491956,1,1,1,1,1,1,1,1,1,1,1,1,1,1
param_20028,real_005,0.8477005819119801,0.6508729008570749,0.2663968726439688,0.30923522871775316,0.5024086663080158,415.5614375015236,1,1,1,1,1,1,1,1,0,1,0,0,1,1
param_20029,real_001,0.809408381771378,0.6718589028555215,0.20618675115138152,0.25825145481696743,0.00870578557718673,236.30019348377726,1,1,1,1,1,1,1,1,1,1,1,1,1,1
param_20029,real_002,0.8148153106983187,0.6599457424274385,0.19755483448707659,0.2467771667980208,0.05819470534694115,190.93005414214448,1,1,1,1,1,1,1,1,1,0,1,1,1,1
param_20029,real_003,0.7824453985103952,0.6409012149860955,0.16976225326200742,0.23038062429634606,0.022023635424510395,239.8150095007323,1,1,1,1,1,1,1,1,1,1,1,1,1,1
param_20029,real_004,0.8202554690578109,0.6997180002979906,0.23078025683666126,0.28173731190817203,0.04320694652768548,157.66590724965684,1,1,1,1,1,1,1,1,1,1,1,1,1,1
param_20029,real_005,0.851966248244937,0.7058643540644993,0.2856873768439075,0.3361696883099162,0.22887354879196736,495.23382311180274,1,1,1,1,1,1,1,1,1,1,1,0,1,1
param_20030,real_001,0.6892190200587262,0.4408926202377168,0.12207390028614765,0.13857922964324387,1.78012001043569,147.81099463521974,0,1,0,1,1,1,0,1,0,1,0,1,1,1
param_20030,real_002,0.7225639826452323,0.43150828643427325,0.12779727302269897,0.1389627461822346,2.3107112933809586,224.48747521967744,0,1,0,1,0,1,0,1,0,0,0,1,1,1
param_20030,real_003,0.6884933289912962,0.42346527158811803,0.09875339637874375,0.11935089978173737,2.0036740786099734,212.92062341767388,0,1,0,1,1,1,0,1,0,1,0,1,1,1
param_20030,real_004,0.7147409814747903,0.48194554984907334,0.16368628590807943,0.1788601505132384,1.4867568282520998,143.3199757131253,0,1,0,1,1,1,0,1,0,1,0,1,1,1
param_20030,real_005,0.7334522692282509,0.4350661072332926,0.1870133627008577,0.1913985348550813,1.6335407644115545,347.8240888045264,0,1,0,1,0,1,0,1,0,1,0,0,1,1
param_20031,real_001,0.7009313146604643,0.46653325944118423,0.13254794111287335,0.1515264148685585,1.445166817090147,153.227748404316,0,1,0,1,1,1,1,1,0,1,0,1,1,1
param_20031,real_002,0.7318965781938676,0.46069660499493265,0.13493664970113886,0.1472675811280163,2.0460908021260193,216.99559389059584,0,1,0,1,1,1,0,1,0,0,0,1,1,1
param_20031,real_003,0.6986016807316952,0.4491396985110248,0.1057914340120519,0.1280008554302061,1.7539344176009264,207.51322856140803,0,1,0,1,1,1,0,1,0,1,0,1,1,1
param_20031,real_005,0.7441075900206432,0.4727817864927739,0.1978860699803703,0.20415327189482624,1.4257745933384973,356.0990452017595,1,1,0,1,1,1,0,1,0,1,0,0,1,1
param_20032,real_001,0.702810276977726,0.47645810903520425,0.13592700175153608,0.15699746325766373,1.424913148353232,150.59574618500835,0,1,0,1,1,1,1,1,0,1,0,1,1,1
param_20032,real_002,0.7332161103262109,0.48523643004386907,0.14057919095233895,0.15499633855621908,2.009942669285972,218.46952504523725,0,1,0,1,1,1,0,1,0,0,0,1,1,1
param_20032,real_003,0.7013851043659498,0.45945950055906903,0.11001247554121513,0.13391378494195152,1.7107035540358513,210.3080003589376,0,1,0,1,1,1,0,1,0,1,0,1,1,1
param_20032,real_004,0.728943552467825,0.5343343557313969,0.17963909893822064,0.19902489931281742,1.2637638842900576,142.99009838864964,0,1,0,1,1,1,1,1,0,1,0,1,1,1
param_20032,real_005,0.7473872096091846,0.48952214300282676,0.20382053495388316,0.21208783795169897,1.3972251459190508,354.4492150202942,1,1,0,1,1,1,0,1,0,1,0,0,1,1
param_20033,real_002,0.7624980276376445,0.5403949593951295,0.1567819537182004,0.18317794226432718,1.302233943055151,198.86977180506122,1,1,0,1,1,1,0,1,0,0,0,1,1,1
param_20033,real_003,0.7306983165234636,0.5149292364026801,0.1300015687212799,0.16229137979423228,1.1411851366835817,199.1526118167111,1,1,0,1,1,1,0,1,0,1,0,1,1,1
param_20033,real_004,0.7652631688168338,0.6052544273721171,0.20534844389077336,0.23127194022098047,0.8774371520583168,151.98248547898652,0,1,0,1,1,1,1,1,1,1,1,1,1,1
param_20033,real_005,0.786281310915748,0.5842976763698577,0.23837887975657474,0.2599631069085099,0.8393756515865674,388.8224162168698,1,1,0,1,1,1,0,1,0,1,0,0,1,1
param_20034,real_001,0.7855276156423051,0.628017584217842,0.20421904441565927,0.251914881799036,0.6188928050559067,160.10820008880341,1,1,1,1,1,1,1,1,1,1,1,1,1,1
param_20034,real_002,0.795031099109091,0.6296094261093923,0.19557246360103925,0.23911640592557704,0.9198823679836338,200.79778880662533,1,1,0,1,1,1,1,1,0,0,0,1,1,1
param_20034,real_003,0.7645898996392756,0.5871176913145472,0.16875870115074879,0.2195726554345302,0.7752920818394653,213.6731861557594,1,1,1,1,1,1,0,1,1,1,0,1,1,1
param_20034,real_004,0.8188231702245613,0.6811994015764492,0.25157745927275066,0.29906783848548046,0.594667090754877,149.79038970789136,1,1,1,1,1,1,1,1,1,1,1,1,1,1
param_20034,real_005,0.842328279076648,0.6777838760860277,0.2928750060413223,0.33532658333242665,0.5172476441946658,389.23291798017476,1,1,1,1,1,1,0,1,0,1,0,0,1,1
param_20035,real_001,0.8088312172804549,0.6776270275295349,0.2383331479111288,0.28929660801574597,0.08102094506401196,203.40858999581027,1,1,1,1,1,1,1,1,1,1,1,1,1,1
param_20035,real_002,0.8045708612516242,0.6607045206171166,0.2112790509202294,0.26267215397370103,0.050571624477002086,193.86095115120622,1,1,1,1,1,1,1,1,1,0,1,1,1,1
param_20035,real_003,0.7834355024387696,0.6427973518920674,0.2011009989685187,0.2630230269286421,0.0387257302433924,192.7966386622128,1,1,1,1,1,1,1,1,1,1,1,1,1,1
param_20035,real_004,0.8203475698379088,0.706235682072656,0.25834518379045956,0.3062301822199125,0.01708107084654761,193.03476507936267,1,1,1,1,1,1,1,1,1,1,1,1,1,1
param_20035,real_005,0.8524627340415724,0.7185170511123835,0.31976748159169927,0.3741425678607994,0.1459145825947037,466.23285844920554,1,1,1,1,1,1,1,1,1,1,1,0,1,1
param_20036,real_001,0.7505339099820347,0.3537156184027742,0.06667739914117111,0.08265893331974318,2.1036055794367927,372.62939132629515,0,0,0,1,0,1,0,1,0,1,0,1,1,1
param_20036,real_002,0.7127268769365017,0.3749380669496042,0.06699798093556515,0.07821273794750844,2.8548318623617472,176.90225267198508,0,1,0,1,0,1,0,1,0,1,0,1,1,1
param_20036,real_003,0.7480994222823801,0.37084656896815643,0.07479451553468493,0.08830228577661392,2.2931312407647875,82.00858912005748,0,1,0,1,0,1,0,1,0,0,0,1,1,1
param_20036,real_004,0.7680681384396228,0.38777183598558496,0.10208899703834783,0.11809902411492035,2.012923818664762,220.1964674934448,0,1,0,1,0,1,0,1,0,1,0,1,0,1
param_20036,real_005,0.7654103204972764,0.41693386611172556,0.11586177283802188,0.1271033281862593,2.225872998818094,259.44707927822174,0,1,0,1,0,1,0,1,0,1,0,1,0,1
param_20037,real_001,0.757609270986459,0.3814807662446868,0.06965817807805565,0.08833303056390183,1.8811792491245216,371.40579442405107,0,0,0,1,0,1,0,1,0,1,0,1,1,1
param_20037,real_002,0.7197168698980494,0.3980852422168805,0.07109063779502123,0.08432847645930558,2.549125694301584,177.96477329817657,0,1,0,1,0,1,0,1,0,1,0,1,1,1
param_20037,real_003,0.7562598365696063,0.4027363911826897,0.0802316509977371,0.09649253258299387,2.0574528674468393,82.09171188001478,0,1,0,1,0,1,0,1,0,0,0,1,1,1
param_20037,real_004,0.7757770307143287,0.4102007881444703,0.10879904404309299,0.12744924878544675,1.7800387197759195,221.37107371864948,0,1,0,1,0,1,0,1,0,1,0,1,0,1
param_20037,real_005,0.7748880078959028,0.4450432287366654,0.12320860734793322,0.13653234251119062,1.9687728666073372,257.63909414962706,0,1,0,1,0,1,0,1,0,1,0,1,0,1
param_20038,real_001,0.757598960255459,0.40505906073290837,0.0744849566233074,0.09498836419701534,1.7897330757402516,376.72540437131534,0,0,0,1,0,1,0,1,0,1,0,1,1,1
param_20038,real_002,0.7195553205956857,0.4222569285596937,0.07553940383062155,0.0906915711674671,2.4537064840950493,173.37527375545068,0,1,0,1,0,1,0,1,0,1,0,1,1,1
param_20038,real_003,0.7559412383516804,0.41914696355534276,0.08419098308146175,0.10126610371196126,1.9570785251899803,78.96901975196988,0,1,0,1,0,1,0,1,0,0,0,1,1,1
param_20038,real_004,0.7748670975203596,0.4277406744039141,0.11267852033945265,0.13341822224860247,1.6940901742410635,216.8774982084149,0,1,0,1,0,1,0,1,0,1,0,1,0,1
param_20038,real_005,0.7745533196533455,0.46191052973471175,0.12936368035493231,0.1454966926152651,1.873528454662047,262.74999860621443,0,1,0,1,0,1,0,1,0,1,0,1,1,1
param_20039,real_001,0.7857354152230535,0.4725169227102679,0.0868130426565832,0.118220987951389,1.0561133309117328,369.2415370985969,1,0,1,1,1,1,1,1,0,1,0,1,1,1
param_20039,real_002,0.7551217082263116,0.4838979198241889,0.0936039618719614,0.11931934669656163,1.5246283071880122,178.5187767017997,1,1,1,1,1,1,1,1,0,1,0,1,1,1
param_20039,real_003,0.7932724814783718,0.49784896086174496,0.10574169621296503,0.13564956975858541,1.1438711558081913,85.3021857161105,1,1,1,1,1,1,1,1,0,0,0,1,1,1
param_20039,real_004,0.8124013835452532,0.4809980780368368,0.14705166766738326,0.1825294223529885,0.9530623761086916,224.07627492681593,1,1,1,1,1,1,1,1,0,1,0,1,0,1
param_20040,real_001,0.8097613028050982,0.5740873497510866,0.1271601466126303,0.17366241300396829,0.7384125892166137,413.0592583393423,1,0,1,1,1,1,1,1,0,1,0,1,1,1
param_20040,real_002,0.7756591134791703,0.5794935963260521,0.11904923184745163,0.15864606010849006,1.1687911701111278,142.82273052509885,1,1,1,1,1,1,1,1,0,1,0,1,1,1
param_20040,real_003,0.8168467896631896,0.5853722010546049,0.14524539883236035,0.18924747990099494,0.846091092787128,59.64317848212464,1,1,1,1,1,1,1,1,0,0,0,1,1,1
param_20040,real_004,0.8184167492241273,0.568872515926809,0.1638724349606907,0.21002549621580735,0.6713346458155344,188.49668684653363,1,1,1,1,1,1,1,1,0,1,0,1,1,1
param_20040,real_005,0.8314748950154635,0.6071335300307233,0.18255172424914323,0.2259051932977967,0.7888628049143797,296.362103299255,1,1,1,1,1,1,1,1,0,1,0,1,1,1
param_20041,real_001,0.7935775618964517,0.6246361453848319,0.1323027921020457,0.18272147031507172,0.13333292504424832,367.6753914581816,1,0,1,1,1,1,1,1,1,1,1,1,1,1
param_20041,real_002,0.7973493140312853,0.6559364937448585,0.14797648744813963,0.20371283561901085,0.05082897830403586,180.2379620733838,1,1,1,1,1,1,1,1,1,1,1,1,1,1
param_20041,real_003,0.8125989085673477,0.650328600312195,0.1615095327268411,0.21089390286122772,0.11003884364525224,90.26261609792877,1,1,1,1,1,1,1,1,1,0,1,1,1,1
param_20041,real_004,0.8739843710127517,0.6918137917099934,0.2540470751925034,0.3178076879481082,0.1833131655372701,228.26099242370168,1,1,1,1,1,1,1,1,1,1,1,1,1,1
param_20041,real_005,0.8543895439127424,0.6923608360132819,0.22670762860397287,0.27529469571332094,0.08980336755049204,245.95865923567544,1,1,1,1,1,1,1,1,1,1,1,1,1,1
param_20042,real_001,0.7380716053406355,0.44055755811276653,0.10947666058563396,0.12234197518013179,2.3428878957343753,265.78667051505096,0,1,0,1,0,1,0,1,0,1,0,1,1,1
param_20042,real_002,0.6878059430071974,0.3912241006690701,0.07010054234814198,0.0859093621559008,2.7727391988805317,413.13096094575536,0,1,0,1,0,1,0,1,0,1,0,1,1,1
param_20042,real_003,0.7129259123935534,0.4187625810846027,0.09303882165359686,0.10740469102048694,2.4734739600946907,104.84867641765986,0,1,0,1,0,1,0,1,0,1,0,1,1,1
param_20042,real_004,0.7101078530755613,0.3651407950922315,0.08363858659209615,0.10118518798324722,1.7995076750655432,231.3505100450082,0,1,0,1,1,1,0,1,0,1,0,1,1,1
param_20042,real_005,0.6967528538667109,0.37911397224985216,0.06648533154637364,0.08064146664564804,2.4937210702202295,346.7244792924236,0,1,0,1,0,1,0,1,0,1,0,1,1,1
param_20043,real_001,0.7478416387875945,0.47069304085175157,0.11912296572153938,0.13432814215190458,1.9600737609812697,256.76708020725636,0,1,0,1,0,1,0,1,0,1,0,1,1,1
param_20043,real_002,0.6973019250264042,0.42113698271170336,0.07598222023632414,0.09419827836873564,2.3949159878802186,417.28816987777975,0,1,0,1,0,1,0,1,0,1,0,1,1,1
param_20043,real_003,0.724621153724701,0.4498984830415988,0.1000068627556847,0.11770531313461877,2.1249904921274814,106.2525399167027,0,1,0,1,0,1,0,1,0,1,0,1,1,1
param_20043,real_004,0.7211544190269141,0.39805336722749474,0.09175308944946693,0.11181693514755758,1.5103729227235203,236.42213587833535,0,1,1,1,1,1,0,1,0,1,0,1,1,1
param_20043,real_005,0.705691408245669,0.4045062574970387,0.07146849220803848,0.08816683363063488,2.1754329698524697,350.5480221616016,0,1,0,1,0,1,0,1,0,1,0,1,1,1
param_20044,real_001,0.7485945390219836,0.48423738992558113,0.12353226201670621,0.1404188347868023,1.9359843814221127,260.3669426366299,0,1,0,1,0,1,0,1,0,1,0,1,1,1
param_20044,real_002,0.6968194674720456,0.4301543895111602,0.07833610020575343,0.09741942885399675,2.3588336058553296,412.1057326912265,0,1,0,1,0,1,0,1,0,1,0,1,1,1
param_20044,real_003,0.7249923782878294,0.4633597111495842,0.10289242904324261,0.12212741735353305,2.0777600898960578,105.07889370035868,0,1,0,1,0,1,0,1,0,1,0,1,1,1
param_20044,real_004,0.7215553431957369,0.4121642862047274,0.09617381863813829,0.11790122402393724,1.470427211557141,231.69981307637818,0,1,1,1,1,1,0,1,0,1,0,1,1,1
param_20044,real_005,0.7041357208235598,0.4139402924607514,0.07420140556210812,0.09206389759213442,2.1310713023420207,344.88823436723476,0,1,0,1,0,1,0,1,0,1,0,1,1,1
param_20045,real_001,0.785649196149635,0.576387439510414,0.15306720049505496,0.18529567200625707,0.9061628574097053,235.59135825224485,1,1,0,1,1,1,0,1,1,1,0,1,1,1
param_20045,real_002,0.727998766161156,0.4946242246890082,0.09881331858193527,0.12865007028545564,1.3994270855060977,429.4242822356134,1,1,1,1,1,1,1,1,0,1,0,1,1,1
param_20045,real_003,0.7667632497698285,0.5345924535633838,0.13050633226256161,0.1622793562359863,1.1646930200086938,110.05269775974122,1,1,1,1,1,1,1,1,1,1,0,1,1,1
param_20045,real_004,0.7537218918405761,0.48371169080859694,0.1174620180264962,0.15176031011423713,0.8022443826015254,248.60744774213987,1,1,1,1,1,1,1,1,0,1,0,1,1,1
param_20045,real_005,0.740031338120771,0.4757351207508193,0.09417042034868521,0.1213079124396766,1.3555005107967029,353.2952738880681,1,1,1,1,1,1,1,1,0,1,0,1,1,1
param_20046,real_001,0.8142819549719547,0.6275115794012602,0.18429918922851216,0.23306140294877511,0.7428086954400176,250.5716347412239,1,1,1,1,1,1,1,1,0,1,0,1,1,1
param_20046,real_002,0.7594154753788633,0.5617400420964481,0.12531463094264428,0.1699177140773007,1.0760392227636408,396.73486796304144,1,1,1,1,1,1,1,1,0,1,0,1,1,1
param_20046,real_003,0.7963336345852049,0.60362867144387,0.15994157983443752,0.2058755083733714,0.8982696483851592,102.99763124077336,1,1,1,1,1,1,1,1,1,1,0,1,1,1
param_20046,real_004,0.7831919677878648,0.5681953898481378,0.15640034153385657,0.20809438656639048,0.5657025810928791,214.5725172942049,1,1,1,1,1,1,1,1,0,1,0,1,1,1
param_20046,real_005,0.7674878776450655,0.5584411867331948,0.12205611640685123,0.16080889297570305,1.0375880686632932,314.142824667421,1,1,1,1,1,1,1,1,0,1,0,1,1,1
param_20047,real_001,0.8188708728500851,0.6911070404976469,0.1959478211297547,0.24744250346377586,0.09667159856848388,190.83090429975724,1,1,1,1,1,1,1,1,1,1,1,1,1,1
param_20047,real_002,0.7944831612907087,0.6591787157292255,0.1765164450158429,0.23492502402945445,0.07316557411714951,454.1163636466416,1,1,1,1,1,1,1,1,1,1,1,1,1,1
param_20047,real_003,0.8255285959271329,0.6905881282365465,0.20492860139618554,0.2619859087073893,0.023164164199864473,118.3292408163736,1,1,1,1,1,1,1,1,1,1,1,1,1,1
param_20047,real_004,0.7902982552789136,0.6366109835353708,0.17410522383398355,0.2288190077832583,0.11260332544581401,250.61002606700492,1,1,1,1,1,1,1,1,1,1,1,1,1,1
param_20047,real_005,0.8164917266029181,0.6666970817550228,0.18352865134660878,0.2409339246106489,0.04307598874608034,344.9254658056406,1,1,1,1,1,1,1,1,1,1,1,1,1,1
param_20048,real_001,0.6739675177364255,0.3683388156844305,0.09013070097693124,0.10499449414746177,2.4086094398779765,399.91230279785657,0,1,0,0,0,1,0,1,0,1,0,1,1,1
param_20048,real_002,0.7017545583763006,0.4017845441532179,0.13231925921946883,0.1335902884484644,2.6766511906544856,139.34195109614262,0,1,0,1,0,1,0,1,0,1,0,1,1,1
param_20048,real_003,0.7051035947807481,0.37733078752426663,0.12844596264176256,0.1285603132892785,2.0209869066761335,202.32814680515082,0,1,0,1,0,1,0,1,0,1,0,1,1,1
param_20048,real_004,0.7116471298770972,0.46119207492164194,0.13409908956859454,0.15169910538337988,2.0952659263588544,166.60776268753352,0,1,0,1,0,1,0,1,0,1,0,1,1,1
param_20048,real_005,0.6562819817090009,0.3629996664024876,0.08074035871386057,0.092883332712436,2.937346627462251,326.4477621643978,0,1,0,1,0,1,0,1,0,1,0,1,1,1
param_20049,real_001,0.6828627536265779,0.392552187127048,0.09539289558228309,0.11304942567373627,2.100790132973598,403.3247866131216,0,1,0,0,0,1,1,1,0,1,0,1,1,1
param_20049,real_002,0.710486745006072,0.4285242158653778,0.13911474792460643,0.14232454236937975,2.265580312603924,146.0270502747267,0,1,0,1,0,1,0,1,0,1,0,1,1,1
param_20049,real_003,0.7151665166484655,0.4064059599992855,0.13786594611665065,0.1391580922250787,1.7796330098952828,208.4508663038498,0,1,0,1,0,1,0,1,0,1,0,1,1,1
param_20049,real_004,0.7266570551330761,0.5004393726219261,0.14898920962422046,0.1684084423831959,1.664808793930949,167.1789615570971,1,1,0,1,1,1,0,1,0,1,0,1,1,1
param_20049,real_005,0.6665705885472533,0.38650842736779006,0.0869490395604169,0.1015988257196542,2.553006423811994,330.5719424172839,0,1,0,1,1,1,0,1,0,1,0,1,1,1
param_20050,real_001,0.6852070824055584,0.4128383437806155,0.10085666666882119,0.12005125258789315,2.0509888692948026,398.7595794131624,0,1,0,0,0,1,1,1,0,1,0,1,1,1
param_20050,real_002,0.7131709959810857,0.44568956690785166,0.1470994339166281,0.15283996265484007,2.2299190842707715,144.36221540636518,0,1,0,1,0,1,0,1,0,1,0,1,1,1
param_20050,real_003,0.7167464355671475,0.42368098288976314,0.14653498358343897,0.14856926169830584,1.7499382211492767,203.96624475764213,0,1,0,1,0,1,0,1,0,1,0,1,1,1
param_20050,real_004,0.7291778407605726,0.5157367226449882,0.153136771682776,0.17499778958801898,1.6400291427804514,167.05175947113415,1,1,0,1,1,1,0,1,0,1,0,1,1,1
param_20050,real_005,0.6676868028107933,0.40051815978138805,0.09098253177658394,0.10700624735365627,2.5102885525070957,326.26655865044677,0,1,0,1,1,1,0,1,0,1,0,1,1,1
param_20051,real_001,0.7128605505201085,0.4705155436696939,0.11787505648643432,0.1488681666051258,1.2522711684094123,415.7353945131747,1,1,0,0,1,1,1,1,0,1,0,1,1,1
param_20051,real_002,0.7529543969599001,0.523548963882516,0.16978303009755438,0.187237562619158,1.2902322977889729,162.63708391868624,1,1,1,1,1,1,0,1,0,1,0,1,1,1
param_20051,real_003,0.7557574766464868,0.49893235601944647,0.17280258802761858,0.1872033538224485,1.062914426683018,223.94515703687446,1,1,1,1,1,1,0,1,0,1,0,1,1,1
param_20051,real_004,0.7739211423700347,0.5989731883322768,0.19883544721739618,0.2337590842895464,0.8375146791929113,170.9725056731187,1,1,1,1,1,1,1,1,0,1,0,1,1,1
param_20051,real_005,0.7026279387769424,0.47250389999615094,0.1127399588962505,0.14201791801880317,1.5642214383413722,337.3383710400798,0,1,1,1,1,1,1,1,0,1,0,1,1,1
param_20052,real_001,0.7610139904714655,0.5794704696590405,0.16611963478849734,0.21408178039221148,0.9162061737804879,385.63014485046074,1,1,1,0,1,1,1,1,0,1,0,1,1,1
param_20052,real_002,0.7972579907847844,0.6221040074617302,0.22299240004903498,0.2701951175062757,0.9020648510440475,157.1565996976287,1,1,1,1,1,1,1,1,0,1,0,1,1,1
param_20052,real_003,0.7977088698289357,0.6097595237943074,0.226387063613492,0.2579417582875191,0.7318425053571642,196.3239329489536,1,1,1,1,1,1,1,1,0,1,0,1,1,1
param_20052,real_004,0.8204946602634071,0.6865396263009813,0.24343304772480556,0.2981837600479775,0.5595700581033174,168.97875286202404,1,1,1,1,1,1,1,1,1,1,0,1,1,1
param_20052,real_005,0.7424103092206277,0.55638275842437,0.14496039013042059,0.19023368336913601,1.1649304078283595,310.5789108922738,0,1,1,1,1,1,1,1,0,1,0,1,1,1
param_20053,real_001,0.7951769713088583,0.6453902067777628,0.21240576035434441,0.27828029817283695,0.13599457772631637,423.23116591062546,1,1,1,0,1,1,1,1,1,1,1,1,1,1
param_20053,real_002,0.8085091631633853,0.6702633471958649,0.24484267885399258,0.300361695266602,0.0024651559685218544,207.2533584317422,1,1,1,1,1,1,1,1,1,1,1,1,1,1
param_20053,real_003,0.8268987439350987,0.6822388403685357,0.26566061996583196,0.3129041230050061,0.12325761799713947,228.91570179093293,1,1,1,1,1,1,1,1,1,1,1,1,1,1
param_20053,real_004,0.8190464358480196,0.7025136441848312,0.2626516842522113,0.31301878778656494,0.09952588039106693,187.19798228152905,1,1,1,1,1,1,1,1,1,1,1,1,1,1
param_20053,real_005,0.7961692561861652,0.6569386034710618,0.21998310162063134,0.29124262074930457,0.17359674209576023,330.98617380064474,1,1,1,1,1,1,1,1,1,1,1,1,1,1
param_20054,real_001,0.7701488651873314,0.4322871245633955,0.09536083112907616,0.10236040853081697,2.5510669861919433,80.88431986016636,0,1,0,1,0,1,0,1,0,1,0,1,0,1
param_20054,real_002,0.761233143474481,0.4113931725468018,0.07594168530028368,0.08694468152387662,2.6503019943019943,59.95511438313018,0,1,0,1,0,1,0,1,0,0,0,0,1,1
param_20054,real_003,0.751645859505175,0.43637542151706543,0.07617451637002776,0.08877854403335998,2.234335587847943,238.09965001283007,0,1,0,1,0,1,0,1,0,0,0,1,1,1
param_20054,real_004,0.7591723011905414,0.44990803546253344,0.13850586331110923,0.1433697053842919,2.4552581476089146,97.23128902160687,0,1,0,1,0,1,0,1,0,1,0,1,0,1
param_20054,real_005,0.7341493977740551,0.3436726882163693,0.05987727083116029,0.07496124584337506,2.4532185713960426,572.9200892448871,0,1,0,1,0,1,0,1,0,1,0,1,0,1
param_20055,real_001,0.7762641934788135,0.4449124238023694,0.1003206318907159,0.10941977824036533,2.2955604507328644,81.36769112744196,0,1,0,1,0,1,0,1,0,1,0,1,0,1
param_20055,real_002,0.7665159683110021,0.4225859115070268,0.07972462641333934,0.0926539951062106,2.406073881882563,59.8973536279258,0,1,0,1,0,1,0,1,0,0,0,0,1,1
param_20055,real_003,0.75759868038188,0.45063615074133934,0.0800702175891002,0.09492820163780785,2.016195174753846,237.8889806889401,1,1,0,1,1,1,0,1,0,0,0,1,1,1
param_20055,real_004,0.7645985734157282,0.4650390891840045,0.14452141553314746,0.1515495412854549,2.20573566084788,98.36818105171972,0,1,0,1,0,1,0,1,0,1,0,1,0,1
param_20055,real_005,0.7383979870721481,0.34921862169132284,0.06359001100519728,0.08089727416262697,2.209425856559372,574.0104703805293,0,1,0,1,0,1,0,1,0,1,0,1,0,1
param_20056,real_001,0.7769104038265802,0.4816091477548578,0.10789284142077658,0.11844637842830413,2.1844044207941056,78.17244442493637,0,1,0,1,0,1,0,1,0,1,0,1,0,1
param_20056,real_002,0.7673610182865365,0.45441435532026425,0.08733434435602869,0.10189994243324783,2.2985335914651728,60.139767129193686,0,1,0,1,0,1,0,1,0,0,0,0,1,1
param_20056,real_003,0.7580031096569863,0.47543801568917415,0.08357124893234971,0.10143289718422573,1.9127550507588702,241.99326886969303,1,1,0,1,1,1,0,1,0,0,0,1,1,1
param_20056,real_004,0.7645156346621222,0.4870100461927517,0.1454178310892688,0.15498430066321986,2.099395230154106,93.48241832551204,0,1,0,1,0,1,0,1,0,1,0,1,1,1
param_20056,real_005,0.7381662190092076,0.3706204710997095,0.06735915522804613,0.08602721837637135,2.1039952515452947,568.9687846093971,0,1,0,1,0,1,0,1,0,1,0,1,1,1
param_20057,real_001,0.8153270809597827,0.5389342831407139,0.13342712336737492,0.15703285308173368,1.3038424520618939,82.47240441135098,1,1,1,1,1,1,1,1,0,1,0,1,0,1
param_20057,real_002,0.8011940599158399,0.5094083581850256,0.10840209311407813,0.1345396822522185,1.3998591464876529,59.19816377326353,1,1,1,1,1,1,1,1,0,0,0,0,0,1
param_20057,real_003,0.7856962302688121,0.5381519042977874,0.09831711099953784,0.13253855581383658,1.1253080262849096,239.33354366186268,1,1,1,1,1,1,1,1,0,0,0,1,0,1
param_20057,real_004,0.8031893924012975,0.5610141366735485,0.17306908734355025,0.19562825717410362,1.2167933665770905,101.91087649094207,1,1,1,1,1,1,1,1,0,1,0,1,1,1
param_20057,real_005,0.7711744273786831,0.43439237601534425,0.08886497954239109,0.12014459903831468,1.2473067291021442,577.5987027416732,1,1,1,1,1,1,1,1,0,1,0,1,0,1
param_20058,real_001,0.8274023344251037,0.6257449724463043,0.1580017208549649,0.19139852512881408,0.9173136167590881,64.462174894559,1,1,1,1,1,1,1,1,0,1,0,1,1,1
param_20058,real_002,0.8212046029145489,0.6172294969968608,0.1581372522574793,0.19705367225068385,1.0374394137926648,70.62031767493889,1,1,1,1,1,1,1,1,0,0,0,0,1,1
param_20058,real_003,0.7998839810457211,0.6098600585889268,0.11665098898326026,0.16430061442951058,0.7835206361320023,273.8974654244435,1,1,1,1,1,1,1,1,0,0,0,1,1,1
param_20058,real_004,0.8196074946175494,0.6212104270665066,0.18601270612284804,0.22127507823482606,0.9400601159558815,65.53554359708295,1,1,1,1,1,1,1,1,0,1,0,1,1,1
param_20058,real_005,0.7941359104212934,0.5388939090645485,0.12366860313219821,0.16786646470262134,0.9275156013675822,536.8860584799968,1,1,1,1,1,1,1,1,0,1,0,1,1,1
param_20059,real_001,0.8437084382328222,0.6945362116255235,0.18173646993960518,0.22569186784454118,0.05739020858702435,82.63004354156311,1,1,1,1,1,1,1,1,1,1,1,1,1,1
param_20059,real_002,0.823440973548155,0.6659052833881409,0.17075893164750955,0.21622626294900793,0.0077443977027018655,56.105232550369635,1,1,1,1,1,1,1,1,1,0,1,0,1,1
param_20059,real_003,0.7735805908977049,0.6407185557164978,0.10788341995182604,0.15717775429087172,0.11534492969527496,244.12867292306265,1,1,1,1,1,1,1,1,1,0,1,1,1,1
param_20059,real_004,0.8518829412476876,0.7104794955374264,0.21488921617836027,0.2649725990029178,0.05544499892845115,121.96935453274536,1,1,1,1,1,1,1,1,1,1,1,1,1,1
param_20060,real_001,0.7488726489308661,0.43869330650377386,0.11225906251481423,0.1229115138954176,2.158654699674524,149.11675876969673,0,1,0,1,1,1,0,1,0,1,0,1,0,1
param_20060,real_002,0.762734579895063,0.48681884049474555,0.13048562904709093,0.14155460617323798,1.8743865759062845,53.08920389370868,1,1,1,1,0,1,0,1,0,1,0,1,1,1
param_20060,real_003,0.7191560446816804,0.4514335674259029,0.07084167596417384,0.09106646837211076,1.913104256002418,215.18810850214544,1,1,0,1,1,0,0,1,0,0,0,1,0,1
param_20060,real_004,0.7203146723465248,0.4533894149296037,0.13422673469733576,0.14284266318991856,2.077119184193754,213.4104146720112,0,1,0,1,1,1,0,1,0,1,0,1,0,1
param_20060,real_005,0.7108212818993322,0.37345861043680956,0.07934548457626671,0.10166683734677898,1.9085435545758838,644.1116246266016,1,1,0,1,0,1,0,1,0,1,0,1,0,1
param_20061,real_001,0.7575342240109728,0.45529329853815603,0.11841402554812161,0.13140749206033134,1.908245550308754,150.5296717855968,0,1,0,1,1,1,1,1,0,1,0,1,0,1
param_20061,real_002,0.770031168726212,0.4983322499930194,0.13742293837537412,0.15017187837553803,1.664783254755921,57.506650485998556,1,1,1,1,0,1,1,1,0,1,0,1,1,1
param_20061,real_003,0.7224448185552117,0.4645529113398181,0.07412797190156509,0.09666751189826452,1.713214983197565,216.08842879681856,1,1,0,1,1,0,0,1,0,0,0,1,0,1
param_20061,real_004,0.726349752380087,0.46629630513541165,0.14025658418425327,0.15159221426418365,1.8687370021495604,217.13144040526862,0,1,0,1,1,1,0,1,0,1,0,1,0,1
param_20061,real_005,0.7164161247125407,0.38263949237265377,0.08497316363580501,0.10973076466378984,1.6806177344719913,646.5888801342795,1,1,0,1,1,1,0,1,0,1,0,1,0,1
param_20062,real_001,0.7596730429580392,0.48821829927168175,0.12576325721014714,0.14081671671498175,1.8156848953754177,147.0444664237542,0,1,0,1,1,1,1,1,0,1,0,1,0,1
param_20062,real_002,0.7711352298925184,0.5189706308043611,0.14426764933424469,0.15959206403563905,1.584237680128091,52.80660846715228,1,1,1,1,0,1,1,1,0,1,0,1,1,1
param_20062,real_003,0.7272874923838145,0.484421628767121,0.0777292790946805,0.10221262566240613,1.631362511731081,214.47384915519976,1,1,0,1,1,0,0,1,0,0,0,1,0,1
param_20062,real_004,0.7275670263510159,0.489056844150661,0.14232215150147642,0.1563715837232288,1.8164644922190003,213.1325107228565,0,1,0,1,1,1,0,1,0,1,0,1,0,1
param_20062,real_005,0.7179566405614171,0.4016009992856375,0.08869823089304678,0.11489710203193418,1.6252118487952252,641.8742852008706,1,1,0,1,1,1,0,1,0,1,0,1,0,1
param_20063,real_001,0.7933262956697681,0.5426027434236782,0.1468169657914815,0.1740872691821346,1.1667027495128817,154.367578227481,1,1,1,1,1,1,1,1,0,1,0,1,0,1
param_20063,real_002,0.8019657146403355,0.5659154009537353,0.16937794158178576,0.19522340020855813,0.9836403610591432,78.08732181987007,1,1,1,1,1,1,1,1,0,1,0,1,1,1
param_20063,real_003,0.7457630036192343,0.534551085612299,0.0900550269075971,0.12118058382986106,0.956073924680036,218.9025057341027,1,1,1,1,1,0,0,1,0,0,0,1,0,1
param_20063,real_004,0.7604915616822783,0.5511679687830591,0.16731240152933402,0.19031580334946566,1.1261009221842295,236.5022914713167,1,1,1,1,1,1,1,1,1,1,0,1,0,1
param_20063,real_005,0.7439645085589507,0.4432955389622699,0.11095401524289115,0.14828152163757355,0.9945275651163767,659.4557966628472,1,1,1,1,1,1,0,1,0,1,0,1,0,1
param_20064,real_001,0.8188005875197293,0.6476613430769658,0.1776759096827264,0.21936816545331936,0.7295802639821996,129.3782112829071,1,1,1,1,1,1,1,1,1,1,1,1,1,1
param_20064,real_002,0.8247854038944805,0.6622848573877885,0.20106430689380558,0.24328714683991662,0.6992653595994572,44.631719194488554,1,1,1,1,1,1,1,1,0,1,0,1,1,1
param_20064,real_003,0.7669355422429776,0.6034659351135127,0.11955490405773006,0.16383198120703138,0.6523551345791188,209.555099597511,1,1,1,1,1,0,0,1,1,0,0,1,1,1
param_20064,real_004,0.7961744670896307,0.6364827115111626,0.18985480094420637,0.23107784307095203,0.8038483093592378,208.87768869619669,1,1,1,1,1,1,1,1,1,1,1,1,1,1
param_20064,real_005,0.7823736175025106,0.5612953493653188,0.14967811379332938,0.20427413510100037,0.687232128057588,622.3669529857543,1,1,1,1,1,1,1,1,0,1,0,1,1,1
param_20065,real_002,0.8469700524266905,0.7057379929572783,0.24180875123682874,0.2916166068003548,0.044448976101357084,103.6260005559695,1,1,1,1,1,1,1,1,1,1,1,1,1,1
param_20065,real_003,0.7592051463472328,0.6304931487712233,0.12456468260938662,0.1754664222758976,0.011005149845761158,227.43641461969278,1,1,1,1,1,0,1,1,1,0,0,1,1,1
param_20065,real_004,0.8312368928942198,0.7073199971952863,0.22838268520473512,0.2856892591384905,0.03538494531417542,283.7247525346545,1,1,1,1,1,1,1,1,1,1,1,1,1,1
param_20065,real_005,0.8185440269327883,0.6346455830307418,0.21026908142601727,0.2906193071418996,0.0489959892958912,689.1166825919554,1,1,1,1,1,1,1,1,1,1,0,1,1,1
param_20066,real_001,0.685973317032318,0.4144037870699304,0.06936071443226156,0.10344559724503957,1.4333624917991814,543.7451386564295,1,0,1,1,1,1,1,1,0,1,0,1,1,1
param_20066,real_002,0.6736855993824479,0.4312794442067232,0.07706901791233017,0.10448778713488766,1.8646251993620415,79.62955885388352,0,1,1,1,0,1,1,1,0,1,1,1,1,1
param_20066,real_003,0.6930492687196289,0.43450652162727194,0.0736044903590085,0.09260962340213982,1.8824990447076806,219.43145294479064,1,1,1,1,0,1,1,1,0,1,1,1,0,1
param_20066,real_004,0.6547010418678708,0.38965260780319766,0.04158601616924205,0.06380599166296128,2.467158913458387,262.79939797305406,1,1,0,1,1,1,0,1,0,1,0,1,1,1
param_20066,real_005,0.8116659309149896,0.6079329326256832,0.4597143696639157,0.483526501572128,0.8358704591654641,84.18650708244544,1,1,0,1,1,1,0,1,0,1,0,1,0,1
param_20067,real_001,0.691770482330403,0.42670970351862586,0.07386420902986955,0.11157892927831517,1.2259866822897316,545.9445363570766,1,0,1,1,1,1,1,1,1,1,0,1,1,1
param_20067,real_002,0.6813386920288426,0.4404498447281284,0.08297489881886605,0.11306084231894171,1.6489491925374236,75.02602488226722,1,1,1,1,1,1,1,1,0,1,1,1,1,1
param_20067,real_003,0.6992418322706748,0.44169790130315284,0.07762940940194088,0.09842691026236167,1.7411388859448576,219.96027172947447,1,1,1,1,0,1,1,1,0,1,1,1,0,1
param_20067,real_004,0.6608338569667604,0.3996035126525845,0.043917075671241756,0.06933290008362684,2.174276788393314,267.6424639163435,1,1,0,1,1,1,0,1,0,1,0,1,1,1
param_20067,real_005,0.8239775987861988,0.6454106751026356,0.4788577473525436,0.508656991821761,0.6869955796378154,84.63285399666208,1,1,0,1,1,1,0,1,1,1,0,1,0,1
param_20068,real_001,0.6920748054502875,0.438531708215263,0.07780751992953244,0.11757537106967877,1.1969481151367285,541.0344841507708,1,0,1,1,1,1,1,1,1,1,0,1,1,1
param_20068,real_002,0.6825879633136036,0.461462947526937,0.08679079371573054,0.1192910979757049,1.5987036286822154,80.53447026810099,1,1,1,1,1,1,1,1,0,1,1,1,1,1
param_20068,real_003,0.6997634892415142,0.4530153455680366,0.08051871684052177,0.10314831626528609,1.6796323431463966,216.78472166978966,1,1,1,1,0,1,1,1,0,1,1,1,0,1
param_20068,real_004,0.6611707918749812,0.4081073254039059,0.047099279146770937,0.07376730450833374,2.115116138083938,262.54644428196826,1,1,0,1,1,1,0,1,0,1,0,1,1,1
param_20068,real_005,0.8289561484037423,0.6564845611517476,0.46513128741432813,0.5015494813227144,0.6690037525040206,83.32052096070016,1,1,0,1,1,1,0,1,1,1,0,1,0,1
param_20069,real_001,0.7100442856441518,0.47476785852018055,0.08702097992575189,0.13466096858236878,0.7463230348414869,554.1613067688963,1,0,1,1,1,1,1,1,1,1,0,1,1,1
param_20069,real_002,0.7096355347618801,0.49329389026799797,0.1071062045038154,0.1473297755414357,1.0118507566338475,46.44572426620992,1,1,1,1,1,1,1,1,0,1,1,1,1,1
param_20069,real_003,0.7237374812488533,0.4817143503784383,0.0975215837311142,0.12646343592547,1.2048421667965705,220.77262714123697,1,1,1,1,1,1,1,1,0,1,1,1,0,1
param_20069,real_004,0.6832387135265872,0.44265920148441795,0.05631414509436253,0.0943974743379411,1.2995435307956884,290.19594342833017,1,1,1,1,1,1,1,1,0,1,0,1,1,1
param_20069,real_005,0.8646390817571692,0.7439042673397966,0.5151830619481004,0.5626143768630332,0.27576130089717044,94.30173934299398,1,1,1,1,1,1,1,1,1,1,1,1,0,1
param_20070,real_001,0.7464779636844153,0.5762235352031704,0.12582526178040146,0.18961742973278448,0.48720714872166954,521.9966599171171,1,0,1,1,1,1,1,1,1,1,0,1,1,1
param_20070,real_002,0.7503751904827018,0.5895915651772742,0.1446540605464837,0.20647336493749774,0.7056522069437059,65.06234621791907,1,1,1,1,1,1,1,1,0,1,1,1,1,1
param_20070,real_003,0.7547058791617229,0.5692255915708572,0.12793634178395014,0.17352353961281228,0.8190806330067822,203.3357629218685,1,1,1,1,1,1,1,1,0,1,1,1,1,1
param_20070,real_004,0.7159392162358769,0.5293903615324986,0.08706981445926477,0.14173595342568504,0.951930277738585,258.31162459857364,1,1,1,1,1,1,1,1,0,1,0,1,1,1
param_20070,real_005,0.9010580469819705,0.7863297030340355,0.46098185666773267,0.5116962810761011,0.10587762427324222,78.76756632422669,1,1,1,1,1,1,1,1,1,1,1,1,1,1
param_20071,real_001,0.7435717818676238,0.5979583723573136,0.12837743803634044,0.19323922340852764,0.06032127108982441,562.6441875379568,1,0,1,1,1,1,1,1,1,1,1,1,1,1
param_20071,real_002,0.7717580929550525,0.6257181397342712,0.18057782290669677,0.24884582345445058,0.14155332401169443,41.13036874944391,1,1,1,1,1,1,1,1,1,1,1,1,1,1
param_20071,real_004,0.74376452577093,0.5911540225959615,0.117976137343963,0.1936179399719402,0.17965957167688826,320.46952650691355,1,1,1,1,1,1,1,1,1,1,1,1,1,1
param_20071,real_005,0.876234957377843,0.7626986119711059,0.3992991270245779,0.4408268477067856,0.2415117322733684,117.71112819748762,1,1,1,1,1,1,1,1,1,1,1,1,1,1
param_20072,real_001,0.7380607476133295,0.38622935037735395,0.0666281178679282,0.0781492772295876,2.6964624636985204,243.4262878641076,0,1,0,1,0,1,0,1,0,1,0,1,0,1
param_20072,real_002,0.776965630357902,0.3956668145887028,0.09043076238888809,0.10247637854951856,2.381871358496649,220.51865281376163,0,1,0,1,0,1,0,1,0,0,0,0,1,1
param_20072,real_003,0.7434973262213643,0.365691103384606,0.04645920565885508,0.06507538410260108,2.239102182867464,158.80947020991275,0,0,0,1,1,1,0,1,0,1,0,1,1,1
param_20072,real_004,0.7652697665203431,0.4537188332245632,0.13394257151458364,0.13920332358043355,2.2567278357087566,38.60072464580023,0,1,0,1,0,1,0,1,0,1,0,1,1,1
param_20072,real_005,0.774533823172243,0.38820261409626744,0.14468073652056568,0.15169486843551425,1.6364277748697058,496.3298139125174,0,1,0,1,0,1,0,1,0,1,0,1,1,1
param_20073,real_001,0.7451990035464066,0.4057876681660552,0.07119832508722061,0.08494352648412841,2.407964918938292,244.5720410454319,0,1,0,1,0,1,0,1,0,1,0,1,0,1
param_20073,real_002,0.7841539406986945,0.4160533596365129,0.09475316130397113,0.1090009681378908,2.128949779472866,219.38331988004853,0,1,0,1,0,1,0,1,0,0,0,0,1,1
param_20073,real_003,0.7486223029455097,0.38236003969505084,0.04897647895187884,0.06997053864995458,2.011570992647812,158.57628732999342,1,0,0,1,1,1,0,1,0,1,0,1,1,1
param_20073,real_004,0.7714612599473141,0.47204478121577137,0.14046263085510483,0.1483054971739493,2.003821923561529,38.45097066282568,0,1,0,1,0,1,0,1,0,1,0,1,1,1
param_20073,real_005,0.7816552988270183,0.4148433754602404,0.15314520243080643,0.16282575535067395,1.4249440036842436,498.147306757848,0,1,0,1,0,1,0,1,0,1,0,1,1,1
param_20074,real_001,0.7451936399166306,0.4338663008411936,0.07451887800294378,0.08971587304422761,2.2947434930599435,239.3064232531575,0,1,0,1,0,1,0,1,0,1,0,1,0,1
param_20074,real_002,0.7855441431954081,0.45273729091386256,0.1037575939947532,0.11988449539686968,2.03812893081761,223.36581797096372,0,1,0,1,0,1,0,1,0,0,0,0,1,1
param_20074,real_003,0.7484100642031888,0.40031417619342186,0.05250438186426463,0.07495770887885733,1.908407665987619,163.51560472126536,1,0,0,1,1,1,0,1,0,1,0,1,1,1
param_20074,real_004,0.7711651504074092,0.4827848586331945,0.1423416376011008,0.15205629528702544,1.9116186288878032,40.04220292817734,0,1,0,1,0,1,0,1,0,1,0,1,1,1
param_20074,real_005,0.7816993988488079,0.43013406271971794,0.15549154767511214,0.16721893408252847,1.3595478154598228,493.19709887015347,0,1,0,1,0,1,0,1,0,1,0,1,1,1
param_20075,real_001,0.7825155118710224,0.5054300901397294,0.09742878142538287,0.12549282784546906,1.3445885185507498,247.10040124793167,1,1,1,1,1,1,1,1,0,1,0,1,0,1
param_20075,real_002,0.8221339316225502,0.5233960541929034,0.12550321746813187,0.1546204081431317,1.1740887691351078,214.66516274904984,1,1,1,1,1,1,1,1,0,0,0,0,1,1
param_20075,real_003,0.7729926580404836,0.4692843306382424,0.06404429819841083,0.09941580824059666,1.1061285286661606,160.84681597988524,1,0,1,1,1,1,1,1,0,1,0,1,0,1
param_20075,real_004,0.8125363810747328,0.562499936164051,0.1743019075617116,0.1978132304531625,1.1023839619036422,38.687030095261086,1,1,1,1,1,1,1,1,0,1,0,1,1,1
param_20075,real_005,0.8214787313931144,0.5238512095022094,0.19800879484191625,0.22581970231079718,0.6912228451296426,506.86579623495226,1,1,1,1,1,1,1,1,0,1,0,1,0,1
param_20076,real_001,0.798919171389363,0.5808708913889657,0.12143585518485916,0.16134746718909287,0.9730498358334656,203.86373455355877,1,1,1,1,1,1,1,1,0,1,0,1,1,1
param_20076,real_002,0.8436822147575431,0.6494408863743282,0.17917506564237765,0.22169504404429444,0.8905095393805196,247.74323600083727,1,1,1,1,1,1,1,1,0,0,0,0,1,1
param_20076,real_003,0.7942536766652047,0.5585885297684174,0.09678454053162952,0.14531155125242656,0.7729925247166627,201.39177403619453,1,0,1,1,1,1,1,1,0,1,0,1,1,1
param_20076,real_004,0.8275227130131426,0.6080117636354229,0.19240125967089022,0.2306807563111333,0.8248644511067168,59.82330173193775,1,1,1,1,1,1,1,1,0,1,0,1,1,1
param_20076,real_005,0.8477945874927372,0.6036231715689825,0.22532461320439334,0.2691917850545646,0.4885890516576715,465.0483009070597,1,1,1,1,1,1,1,1,0,1,0,1,1,1
param_20077,real_001,0.817905446472576,0.6705187335197393,0.147995085731417,0.19866135496528167,0.03150238454717569,250.1659496742657,1,1,1,1,1,1,1,1,1,1,1,1,1,1
param_20077,real_002,0.82433630511768,0.6717134021324034,0.16333025768102508,0.2068653222706817,0.10475813088670101,209.66678965912135,1,1,1,1,1,1,1,1,1,0,1,0,1,1
param_20077,real_003,0.7762291338540578,0.6182048935867013,0.09959677037521633,0.15197492206911747,0.11126421776601274,167.96766333403224,1,0,1,1,1,1,1,1,1,1,1,1,1,1
param_20077,real_004,0.8431423405347834,0.6938985004666369,0.21759947412883157,0.2653602816007434,0.12649307506289845,45.2295126599533,1,1,1,1,1,1,1,1,1,1,1,1,1,1
param_20077,real_005,0.858615949926627,0.6949542126993211,0.25575723052300914,0.3088837814464039,0.2880374658898149,527.990970288769,1,1,1,1,1,1,1,1,1,1,1,1,1,1
param_20078,real_001,0.7040114294432359,0.3793424196435605,0.07876186437788255,0.09134389250318443,2.4235827066015747,205.7942605284575,0,1,0,1,0,1,0,1,0,1,0,1,1,1
param_20078,real_002,0.7126552980801035,0.42081918923858813,0.07786121563996926,0.09431166784128717,2.360902103149654,399.88082058025,0,1,0,1,0,1,1,1,0,1,0,1,1,1
param_20078,real_003,0.7077519600933012,0.38248951043278123,0.08765369990362157,0.10839789515228564,1.6375939280374008,524.0463488256506,0,1,1,1,0,1,0,1,0,1,0,1,1,1
param_20078,real_004,0.694977208659744,0.3813365317592839,0.06894916184605289,0.08500830744305855,2.7408164074896857,201.89508239262204,0,1,0,1,0,1,0,1,0,1,0,1,1,1
param_20078,real_005,0.6688503867824365,0.37520511620831337,0.06609483240748988,0.09068957861670698,1.7202890214968725,541.8866544373437,1,1,0,1,1,1,0,1,0,1,0,1,0,1
param_20079,real_001,0.710993015667651,0.3953426710564305,0.08313441708069458,0.09833071973762507,2.122861211963172,206.95626057268566,1,1,0,1,0,1,0,1,0,1,0,1,1,1
param_20079,real_002,0.722469088929071,0.4423102872375335,0.08426151683071875,0.104295023271536,1.9851746437771334,407.1092127542071,0,1,0,1,0,1,1,1,0,1,0,1,1,1
param_20079,real_003,0.7198641139358942,0.4077292798784545,0.09689044357296515,0.12138038818821227,1.334165256863369,521.9928808532067,1,1,1,1,0,1,1,1,0,1,0,1,1,1
param_20079,real_004,0.703462041096664,0.40497878528922654,0.07599858342744101,0.09408957225246717,2.344689378757515,200.35023399816922,0,1,0,1,0,1,0,1,0,1,0,1,1,1
param_20079,real_005,0.6788905337466585,0.400075090801421,0.07014925178860956,0.09764941183852598,1.508178518751761,546.4920762026275,1,1,0,1,1,1,0,1,0,1,0,1,0,1
param_20080,real_001,0.7122322815204373,0.4185534778706401,0.08974829569163052,0.10582205959246804,2.0666377765083617,205.84642433985806,1,1,0,1,0,1,0,1,0,1,0,1,1,1
param_20080,real_002,0.7223553936219242,0.45837490116474655,0.08695246480750711,0.10812246672759125,1.9367689799390373,402.4907235199788,0,1,1,1,0,1,1,1,0,1,0,1,1,1
param_20080,real_003,0.7198234991124276,0.41578459369229537,0.1006642791045866,0.12664299256432174,1.304824597674534,516.718269371806,1,1,1,1,0,1,1,1,0,1,0,1,1,1
param_20080,real_004,0.7023615347079712,0.4223345718631707,0.07806581253237291,0.0973199621673929,2.2989959417856145,203.88967000945615,0,1,0,1,0,1,0,1,0,1,0,1,1,1
param_20080,real_005,0.6788263599262325,0.41127163754789714,0.07388517064291468,0.10293309913413708,1.4576736331011189,541.67724776039,1,1,0,1,1,1,0,1,0,1,0,1,0,1
param_20081,real_001,0.7397754636308607,0.4693369017880585,0.10368778176013099,0.1321736684301021,1.217341764940466,213.40366036308842,1,1,0,1,1,1,1,1,0,1,0,1,1,1
param_20081,real_002,0.7598880488560116,0.5170235464864592,0.1144736133741846,0.14739643826068818,1.0224313208606401,424.65409638784024,1,1,1,1,1,1,1,1,0,1,1,1,1,1
param_20081,real_003,0.7561048608286116,0.47997935037340866,0.1346212323871046,0.17394792431256614,0.6704266209558515,513.523513011563,1,1,1,1,1,1,1,1,0,1,0,1,1,1
param_20081,real_004,0.7395338126216333,0.4865943435716531,0.10499423553436756,0.13513634101502514,1.4073856601268813,196.20610690927631,1,1,1,1,1,1,1,1,0,1,0,1,1,1
param_20081,real_005,0.7083310369249909,0.4727634351413449,0.08690710485000461,0.13285122212564993,0.7971809578093644,562.1816170618961,1,1,1,1,1,1,1,1,0,1,0,1,0,1
param_20082,real_001,0.7692700313434442,0.5745151746873113,0.1564979485722207,0.19674086186087592,0.9740319022138818,205.11007966417725,1,1,0,1,1,1,1,1,0,1,0,1,1,1
param_20082,real_002,0.7902874969267173,0.6019500578913053,0.14449791902563336,0.19132911063189717,0.7542210507372945,393.0442186245168,1,1,1,1,1,1,1,1,0,1,1,1,1,1
param_20082,real_003,0.7946865944943562,0.584632868600582,0.17622385761742115,0.23695034895606176,0.47667136453708314,475.65701469071905,1,1,1,1,1,1,1,1,0,1,1,1,1,1
param_20082,real_004,0.7582741230612917,0.5641142972827091,0.12198750887640684,0.16356748282702122,1.1398407007352274,224.68647717566168,1,1,1,1,1,1,1,1,0,1,0,1,1,1
param_20082,real_005,0.7377707983573455,0.5413421368005772,0.12240805264136828,0.18357541521280712,0.5671018979674249,527.4690490969623,1,1,1,1,1,1,1,1,1,1,1,1,1,1
param_20083,real_001,0.7843957344284394,0.6162658916348657,0.1674041733464653,0.223917743882539,0.08532190037993656,233.20032712594397,1,1,1,1,1,1,1,1,1,1,1,1,1,1
param_20083,real_002,0.818357554976794,0.6733440621685142,0.19354628493590956,0.25356835877013706,0.031483959953945866,441.0305596103258,1,1,1,1,1,1,1,1,1,1,1,1,1,1
param_20083,real_003,0.8084937011601829,0.6437632328328395,0.2070757330640448,0.2744383312906907,0.1821441776661365,495.6724414978569,1,1,1,1,1,1,1,1,1,1,1,1,1,1
param_20083,real_004,0.8271818751799477,0.6851263032339794,0.20355276680065926,0.2758734849399318,0.15994735255948977,178.46594498177294,1,1,1,1,1,1,1,1,1,1,1,1,1,1
param_20083,real_005,0.7416603820998947,0.6013775086691617,0.13355056783080713,0.198879284208592,0.10398967503596569,571.5524829024216,1,1,1,1,1,1,1,1,1,1,1,1,1,1
param_20084,real_001,0.7054661514292354,0.44613349531333735,0.09766222472208382,0.11754865312008557,1.953360032191925,179.79673498006034,0,1,0,1,0,1,1,1,0,1,0,1,1,1
param_20084,real_002,0.6888103620156467,0.43753188619191186,0.08418648961269301,0.0955751762281648,3.0409423196933227,90.64734164461939,0,1,0,1,0,1,0,1,0,0,0,1,1,1
param_20084,real_003,0.6978006142725564,0.3893368924188924,0.10167097093992644,0.1168954255549039,1.689791132033786,559.7064648646631,0,1,1,1,0,1,0,1,0,0,0,1,1,1
param_20084,real_004,0.7132200144263616,0.4231391980749102,0.09551434561029254,0.12927498603640186,0.9343940034171704,337.37348638192145,0,1,0,1,1,0,1,0,0,0,0,0,1,1
param_20084,real_005,0.7249202257463384,0.413227893658548,0.11397926075368402,0.12759532360850923,1.8793510727602836,207.7625185594083,1,1,0,1,0,1,0,1,0,1,0,1,1,1
param_20085,real_001,0.7144142731147715,0.4649216698617225,0.10420910508986544,0.12789270708009276,1.6678956569905317,176.91829745948576,0,1,0,1,0,1,1,1,0,1,0,1,1,1
param_20085,real_003,0.7088919012755042,0.41764729688869673,0.10909244203396656,0.12731702845553425,1.4602829162132753,563.0340415094838,0,1,1,1,0,1,1,1,0,0,0,1,1,1
param_20085,real_004,0.7206176286444879,0.4468329767082907,0.09867985898723625,0.13752059134356812,0.780097719319008,344.1148994212113,0,1,0,1,1,0,1,0,1,0,0,0,1,1
param_20085,real_005,0.7369067020305247,0.44143311467372975,0.12358359962843442,0.1406745770517199,1.5441858860464714,210.48087896522492,1,1,0,1,1,1,0,1,0,1,0,1,1,1
param_20086,real_001,0.7146494807405375,0.47843346395593783,0.10735681525947456,0.1328293411909073,1.6340192090781693,177.24436555290336,0,1,0,1,0,1,1,1,0,1,0,1,1,1
param_20086,real_003,0.7126105851523146,0.4380615731209808,0.11631786636272085,0.13677875598740544,1.4218080548414738,557.7324345519572,0,1,1,1,0,1,1,1,0,0,0,1,1,1
param_20086,real_004,0.7220705974650214,0.4678405632825842,0.10133564630975223,0.1420944928595911,0.7439503105590062,339.65816709814715,0,1,0,1,1,0,1,0,1,0,0,0,1,1
param_20086,real_005,0.7389720968155709,0.45232730330017196,0.13104795800839408,0.15023242308032705,1.4862445635683221,204.14028060204956,1,1,0,1,1,1,0,1,0,1,0,1,1,1
param_20087,real_001,0.7508158937870755,0.5356178115151908,0.12890072775171074,0.1682933317980077,0.9101364498258746,171.5904015165748,1,1,1,1,1,1,1,1,0,1,1,1,1,1
param_20087,real_002,0.7248420151347329,0.5346288229814337,0.12267145794876119,0.14698913688372314,1.5848112454379562,49.879750986089235,0,1,1,1,0,1,1,1,0,0,1,1,1,1
param_20087,real_003,0.7384109178953939,0.5022859625207974,0.12665939960805703,0.16036005311257295,0.8180669469524663,575.6732088919908,1,1,1,1,1,1,1,1,0,0,1,1,1,1
param_20087,real_004,0.745930405553554,0.5248455150221684,0.12001220701945443,0.16531662169988878,0.30762161423727974,365.23149714486493,1,1,1,1,1,0,1,0,1,0,1,0,0,1
param_20087,real_005,0.7741433578846464,0.5217034030287264,0.16130679493609443,0.19174173232879624,0.8705483969155844,217.04069412617804,1,1,1,1,1,1,1,1,0,1,0,1,1,1
param_20088,real_001,0.7877485699204386,0.6157302782981446,0.1657191002438621,0.22535032576651187,0.6614241979993101,168.9756434652719,1,1,1,1,1,1,1,1,0,1,1,1,1,1
param_20088,real_002,0.7623646726220198,0.6147977973078426,0.14510701261111414,0.18545694623896383,1.18715996960083,54.25795136769901,0,1,1,1,0,1,1,1,0,0,1,1,1,1
param_20088,real_003,0.7811574145595966,0.610787339848703,0.17772145608372056,0.2290751187427656,0.5826208689565522,542.2840385908728,1,1,1,1,1,1,1,1,0,0,1,1,1,1
param_20088,real_004,0.7727314202926866,0.6136974547715733,0.14447941004064638,0.20187721703174868,0.05278366596008479,337.9809737629554,1,1,1,1,1,0,1,0,1,0,1,0,1,1
param_20088,real_005,0.8141202883447943,0.609978073707277,0.20521118081841444,0.25468693135003534,0.5665820472240221,181.3636048944578,1,1,1,1,1,1,1,1,1,1,0,1,1,1
param_20089,real_001,0.7993575564028196,0.6650415986027046,0.20303747307675746,0.2585485059029064,0.06685838832717805,152.08138499732365,1,1,1,1,1,1,1,1,1,1,1,1,1,1
param_20089,real_002,0.7978722548754051,0.6818585773526507,0.18869974508820966,0.2498913885422728,0.2349739803285835,31.63197341413848,1,1,1,1,1,1,1,1,0,0,1,1,1,1
param_20089,real_003,0.7764749172873647,0.6304384513427239,0.1670626533683169,0.2303459101122027,0.07873607873607874,577.0568665086714,1,1,1,1,1,1,1,1,0,0,1,1,1,1
param_20089,real_004,0.7651139177637333,0.6447097859889852,0.14356912128103502,0.20048129958533317,0.372277699943363,401.94234608573055,1,1,1,1,1,0,1,0,1,0,1,0,1,1
param_20089,real_005,0.8368271971901514,0.6759546503298772,0.2526291489036429,0.3083997793828094,0.07239622641509434,226.12605361623594,1,1,1,1,1,1,1,1,1,1,1,1,1,1
param_20090,real_001,0.7810305934986158,0.42978902937391794,0.08184145967230777,0.0963633895898039,2.431487989971122,321.05115884050286,0,1,0,1,0,1,0,1,0,1,0,1,1,1
param_20090,real_002,0.755318759438323,0.36984031034710846,0.072343484022086,0.08668894098549444,2.1404118404118404,79.43770410217948,0,1,0,1,0,1,0,1,0,0,0,1,0,1
param_20090,real_003,0.7583444194103605,0.3738055069591005,0.060785618481300305,0.07307749022999545,2.4382874320321823,347.14506761133396,0,1,0,1,0,1,0,1,0,1,0,1,0,1
param_20090,real_004,0.7584561538378837,0.32198319309321877,0.06813493988456924,0.08735851222813873,1.8303020858841077,272.5998285543674,0,0,0,1,0,1,0,1,0,0,0,0,1,1
param_20090,real_005,0.7276681596001262,0.34645560777182693,0.06714280807700775,0.08014889656669161,2.3415680102192113,71.80060086868647,0,1,0,1,0,1,0,1,0,1,0,1,1,1
param_20091,real_001,0.7890324226287906,0.4547994183820967,0.08715895172341744,0.10408331018852725,2.1512858993071973,319.4015883760278,0,1,0,1,0,1,0,1,0,1,0,1,1,1
param_20091,real_002,0.7642476394909457,0.39811879244107146,0.07758516262707706,0.09425902364981159,1.898612128531549,79.04392241548769,0,1,1,1,0,1,0,1,0,0,0,1,0,1
param_20091,real_003,0.7644719924440012,0.3912933114870546,0.0648447765032828,0.07924266217826885,2.1815392796514836,346.10366850698455,0,1,1,1,0,1,0,1,0,1,0,1,0,1
param_20091,real_004,0.765008998126424,0.3463345420235307,0.07135491846026266,0.09355649353867285,1.6047940995697603,273.99735844466954,0,0,0,1,0,1,0,1,0,0,0,0,1,1
param_20091,real_005,0.7332929956710745,0.3666833384471751,0.07080559111533044,0.08661890559901876,2.0485297484028053,72.59777046257118,0,1,0,1,0,1,0,1,0,1,0,1,1,1
param_20092,real_001,0.7879952451152055,0.47239718749994447,0.09093518468197985,0.11005379495973874,2.0578096947935367,324.5037642484263,0,1,0,1,0,1,0,1,0,1,0,1,1,1
param_20092,real_002,0.7641669367172803,0.4206868859628369,0.08165748299303516,0.09990665896328954,1.802082336504048,82.4287430491703,0,1,1,1,0,1,0,1,0,0,0,1,0,1
param_20092,real_003,0.7633873383184525,0.41360332469936617,0.0681820201457148,0.08385388065942515,2.0728734542293865,351.05931408992046,0,1,1,1,0,1,0,1,0,1,0,1,0,1
param_20092,real_004,0.7655530044258261,0.3684417238799727,0.07796506372777672,0.10197596000546418,1.5382818582922397,268.5366385399028,0,0,0,1,0,1,0,1,0,0,0,0,1,1
param_20092,real_005,0.7334156756384593,0.391888533538382,0.07572648293206811,0.09311864679215466,1.967146705555893,69.60317305258354,0,1,0,1,0,1,0,1,0,1,0,1,1,1
param_20093,real_001,0.8265489316087222,0.5445563400138469,0.1129308636096705,0.14345883953897176,1.232956531872742,313.3440214744862,1,1,1,1,1,1,1,1,0,1,0,1,1,1
param_20093,real_002,0.8022749503635401,0.5047243573826428,0.10620270770542932,0.1368127511625178,1.03683968892166,79.81389022936354,1,1,1,1,1,1,1,1,0,0,0,1,0,1
param_20093,real_003,0.7955167403189602,0.4855610105548627,0.08781265336188458,0.11424965304928916,1.26931886151108,344.23010621716196,1,1,1,1,1,1,1,1,0,1,0,1,0,1
param_20093,real_004,0.78788448091694,0.4424255145915209,0.08937799904837843,0.12513556865053196,0.8047097900608952,275.6033808583219,1,0,1,1,1,1,1,1,0,0,0,0,1,1
param_20093,real_005,0.7679534660159238,0.46649124494454064,0.09094431593512362,0.1244503212080809,1.1139892634495498,74.56146527662168,1,1,1,1,1,1,1,1,0,1,0,1,1,1
param_20094,real_001,0.8368825971267724,0.6045966780754879,0.13666923235361808,0.17901296674959416,0.8720140686825265,355.7933503381411,1,1,1,1,1,1,1,1,0,1,0,1,1,1
param_20094,real_002,0.8240621789166325,0.5899268901475295,0.14477487551797485,0.1903701621397874,0.6670765867322539,112.2305292134744,1,1,1,1,1,1,1,1,0,0,0,1,1,1
param_20094,real_003,0.8128425974405452,0.5738259966921796,0.11916095867607567,0.15899940712541294,0.8632911695654257,385.1011346295723,1,1,1,1,1,1,1,1,0,1,0,1,1,1
param_20094,real_004,0.8173354984395776,0.5591849449792939,0.1459786322376103,0.19743462507988294,0.549259733138366,231.26453509906213,1,0,1,1,1,1,1,1,0,0,0,0,1,1
param_20094,real_005,0.7914982132051149,0.5640395015503789,0.13003645144694065,0.17725963117957813,0.8290112743935175,59.47233571849307,1,1,1,1,1,1,1,1,0,1,0,1,1,1
param_20095,real_001,0.8295830333826224,0.6663575072526956,0.14878288167261883,0.1950184465928861,0.07662281335839237,302.1749201075676,1,1,1,1,1,1,1,1,1,1,1,1,1,1
param_20095,real_002,0.816965613667623,0.6515281303596122,0.15384732562556167,0.2012687464367243,0.12218724705459125,81.62598148689858,1,1,1,1,1,1,1,1,1,0,1,1,1,1
param_20095,real_003,0.8195056835189896,0.6510866095959895,0.141217331594642,0.19029065475269596,0.041535219598757826,339.5852181185595,1,1,1,1,1,1,1,1,1,1,1,1,1,1
param_20095,real_004,0.7801590059032799,0.5968885111074735,0.12326208473135479,0.17094088212508843,0.2248742569730224,272.3902589737822,1,0,1,1,1,1,1,1,1,0,1,0,1,1
param_20095,real_005,0.7834338927391074,0.6254330826326696,0.1419299174103882,0.19598895793637788,0.11360473418609998,79.5159922874675,1,1,1,1,1,1,1,1,1,1,1,1,1,1
param_20096,real_001,0.694791621527753,0.35581403313621357,0.06746157283858403,0.08289699997381896,2.538132215972491,454.80294709681914,0,1,0,1,0,1,0,1,0,0,0,1,1,1
param_20096,real_002,0.7024774579466172,0.4788269584727198,0.1035710681372986,0.10664083723174199,4.039723609823218,157.53062564385243,0,1,0,1,1,1,0,1,0,1,0,1,1,1
param_20096,real_003,0.7063159128391748,0.41406457417313014,0.10635898907957354,0.12000517404370165,1.9903847918234032,179.98996576708674,0,0,0,1,1,1,0,1,0,1,0,1,0,1
param_20096,real_004,0.7430017268940853,0.41119988829388043,0.11626677121047037,0.13433129280079528,1.8242035389302504,280.92289824129074,0,1,0,1,0,1,1,1,0,0,0,1,1,1
param_20096,real_005,0.741577789913057,0.35300858635789034,0.12582975830175314,0.13449345992823047,2.0660901153790583,460.60290456332126,0,1,0,1,0,1,0,1,0,1,0,1,1,1
param_20097,real_001,0.7036040518103306,0.3889106081573049,0.07441079567354275,0.09321792669900562,2.1491578328637737,456.588621168006,0,1,0,1,0,1,0,1,0,0,0,1,1,1
param_20097,real_002,0.7123959148115317,0.5057858660580441,0.11407685015339329,0.12030313647992948,3.279476758953518,154.77115011961033,0,1,0,1,1,1,0,1,0,1,0,1,1,1
param_20097,real_003,0.7167552599845745,0.4418479426715834,0.11473065558074859,0.13068622675507016,1.73664147774979,179.79575896744888,0,0,0,1,1,1,0,1,0,1,0,1,1,1
param_20097,real_004,0.7568500581473628,0.44762860425125806,0.12898437965610607,0.15035048955879396,1.503908555891455,281.02560748336384,0,1,0,1,0,1,1,1,0,0,0,1,1,1
param_20097,real_005,0.7515970029236216,0.3765542304676704,0.13651386776063404,0.14835283839672647,1.7165481045297442,463.95920587621566,0,1,0,1,1,1,0,1,0,1,0,1,1,1
param_20098,real_001,0.7037951474944619,0.4094016551451128,0.07751045357082403,0.09796671227674522,2.1216973739727956,451.11368245698117,0,1,0,1,0,1,0,1,0,0,0,1,1,1
param_20098,real_002,0.7120484698884846,0.5162230798079763,0.11615105029987326,0.12366032511957697,3.2084977768896437,154.95846030825754,0,1,0,1,1,1,0,1,0,1,0,1,1,1
param_20098,real_003,0.717530209897073,0.4641509756663277,0.11836741860088966,0.13732245726855535,1.6906452252014266,184.27897937253917,0,0,0,1,1,1,0,1,0,1,0,1,1,1
param_20098,real_004,0.7564026767340744,0.4704580774271343,0.1315514523183275,0.1547966082331637,1.4870473686080807,280.488818137682,0,1,0,1,0,1,1,1,0,0,0,1,1,1
param_20098,real_005,0.7524879033215396,0.3905978660845622,0.14309034164270926,0.1575455693623354,1.6552211060665643,459.05185494234763,0,1,0,1,1,1,0,1,0,1,0,1,1,1
param_20099,real_001,0.7382289941386402,0.4831401082033413,0.09991278642808296,0.13341625747843677,1.0912296758910305,463.0117200046087,1,1,1,1,1,1,0,1,0,0,0,1,1,1
param_20099,real_002,0.7539114452905444,0.5869430153678534,0.1594836887587601,0.18144825482212426,1.425227792891998,152.92966123361725,1,1,0,1,1,1,0,1,1,1,0,1,1,1
param_20099,real_003,0.7571857294892894,0.5313777058838729,0.14030616547766925,0.16888175486737655,1.0535932557934398,178.14782663564418,1,0,1,1,1,1,0,1,0,1,0,1,1,1
param_20099,real_004,0.7958747539804341,0.5492966033532387,0.17397664764404205,0.20832222530083147,0.7748361164999302,283.002837834273,1,1,1,1,1,1,1,1,0,0,0,1,1,1
param_20099,real_005,0.79887738320362,0.4748787150157585,0.19337780012908673,0.2220794718009138,0.8571642891969945,473.92189668723466,1,1,1,1,1,1,1,1,0,1,0,1,1,1
param_20100,real_001,0.7644726104452911,0.5700880420717397,0.12726023777199058,0.17306608106966961,0.8925173879678916,428.6152776721889,1,1,1,1,1,1,1,1,0,0,0,1,1,1
param_20100,real_002,0.7774990350854039,0.6309744062236143,0.17263246485688635,0.20993167231439952,1.1227274445326378,153.20477187523042,1,1,1,1,1,1,0,1,1,1,0,1,1,1
param_20100,real_003,0.787897420623807,0.6291441330573416,0.16154174557473966,0.2095764137588963,0.8145146025631034,211.73050011403785,1,0,1,1,1,1,1,1,1,1,0,1,1,1
param_20100,real_004,0.8135741693907961,0.6106457988768769,0.18681010685850435,0.2317497783100654,0.6099558336400441,278.76023186450243,1,1,1,1,1,1,1,1,0,0,0,1,1,1
param_20100,real_005,0.8270406899854802,0.59194647926311,0.23285220072029772,0.2823174439772621,0.6557693165098756,438.2447702267616,1,1,1,1,1,1,1,1,1,1,0,1,1,1
param_20101,real_001,0.7678175900490607,0.6223688474252156,0.14107443585612495,0.19707121158579796,0.01566279236994522,467.6325887387153,1,1,1,1,1,1,1,1,1,0,1,1,1,1
param_20101,real_002,0.8031345450318039,0.6899127877059685,0.21450609716072602,0.263064745430488,0.08863761186314735,172.5258842139041,1,1,1,1,1,1,1,1,1,1,1,1,1,1
param_20101,real_003,0.805144382017283,0.6792922903325587,0.18841514384091299,0.24539295510349063,0.023114318768994682,175.531662851308,1,0,1,1,1,1,1,1,1,1,1,1,1,1
param_20101,real_004,0.8422559425415536,0.6923721035105664,0.23252828170016238,0.2876343260853708,0.1634283801794156,291.5343510714294,1,1,1,1,1,1,1,1,1,0,1,1,1,1
param_20101,real_005,0.883169998359811,0.7191370365156544,0.3045508018314787,0.39817778717918784,0.11850295812341635,495.3761703672075,1,1,1,1,1,1,1,1,1,1,1,1,1,1
param_20102,real_001,0.6856896125473328,0.398129705436174,0.09932214997173108,0.1128740949184247,1.984476043836609,357.7312269282601,0,1,0,1,1,1,0,1,0,1,0,1,0,1
param_20102,real_002,0.7341549074523123,0.46146220465187215,0.17156726372472098,0.17382822204705625,2.4892987139043923,274.2612496686978,0,1,0,1,0,1,0,1,0,1,0,1,1,1
param_20102,real_003,0.6892484351328654,0.3673319857576406,0.05403577366841327,0.0814473128831771,1.3615016351437914,338.147697903402,1,0,0,1,1,0,0,1,1,0,0,1,1,1
param_20102,real_004,0.6969306159919947,0.45969242386657044,0.14187217551380804,0.14562555901938853,1.9805747639229683,190.67776925350924,0,1,0,1,1,1,0,1,0,1,0,1,1,1
param_20102,real_005,0.7259505719790361,0.4015324176263214,0.1568943062835624,0.16733227090361882,1.5920938512804126,469.2367422174746,0,1,0,1,0,0,0,1,0,0,0,1,1,1
param_20103,real_001,0.6981338416022441,0.42073438532097696,0.10901991208684535,0.12689205266666306,1.6176993962503972,366.5824140484994,0,1,0,1,1,1,1,1,0,1,0,1,0,1
param_20103,real_002,0.7443760662403933,0.5016428976135616,0.1847185264652352,0.18765051052874618,2.1159313513044986,263.0837927705647,0,1,0,1,0,1,0,1,0,1,0,1,1,1
param_20103,real_003,0.6938193935793652,0.38468944273898714,0.05934430545732664,0.08854611732302066,1.0991518820426756,341.17737667240294,1,0,0,1,1,0,0,1,1,0,0,1,1,1
param_20103,real_004,0.7059804979935542,0.4828899410344241,0.15145479026455122,0.15696789106942297,1.7115654541457392,192.4249330553482,0,1,0,1,1,1,0,1,0,1,0,1,1,1
param_20103,real_005,0.7359220089808367,0.4359211465303419,0.1721647349008178,0.1846478255903768,1.335149583633186,469.86235318618446,0,1,0,1,0,0,0,1,0,0,0,1,1,1
param_20104,real_001,0.700112511355665,0.43734686017996344,0.11331363035442213,0.13282905716071416,1.581078752369464,362.48780725947427,0,1,0,1,1,1,1,1,0,1,0,1,0,1
param_20104,real_002,0.7462295421012277,0.5292698007751244,0.1890974937170731,0.19402279031962397,2.0810139058515995,264.12552156265315,0,1,0,1,0,1,0,1,0,1,0,1,1,1
param_20104,real_003,0.6938172587861797,0.3974672601883365,0.06377785710483246,0.09442351043995771,1.0587699316628703,335.62497059761404,1,0,0,1,1,0,0,1,1,0,0,1,1,1
param_20104,real_004,0.7071772517136412,0.5028717769454134,0.15447101107590966,0.16237498273910445,1.6755494001234794,191.90789652169138,0,1,0,1,1,1,0,1,0,1,0,1,1,1
param_20104,real_005,0.7374303842170324,0.450613007992453,0.1759686464510163,0.1907927797440077,1.3113399544122435,468.9138812281407,0,1,0,1,0,0,0,1,0,0,0,1,1,1
param_20105,real_001,0.7341266998813784,0.4898315433256502,0.13926235965533074,0.16800768503393917,0.9597949303548275,381.809786527993,1,1,1,1,1,1,1,1,1,1,1,1,0,1
param_20105,real_002,0.7841348726621606,0.6147496706776409,0.2232007163382031,0.236158565430291,1.3518424625047023,225.5494599091412,1,1,0,1,1,1,0,1,0,1,0,1,1,1
param_20105,real_003,0.7074289681688596,0.4536129374715046,0.07512996815381928,0.10942574260010343,0.5845021037868162,342.6075072631889,1,0,1,1,1,0,0,1,1,0,0,1,1,1
param_20105,real_004,0.7361693585706764,0.555660118399384,0.17931421014406015,0.1957354320620585,1.078435693360641,209.92188100487212,0,1,0,1,1,1,1,1,1,1,0,1,1,1
param_20105,real_005,0.7710979172668344,0.5532506455526172,0.21524815426240185,0.24925532863355998,0.6669112898491164,494.20916094455436,1,1,1,1,1,0,0,1,0,0,0,1,1,1
param_20106,real_001,0.7772667539248462,0.5947600074321003,0.17880194737838107,0.22535280342813713,0.6623751387347392,356.65612652738855,1,1,1,1,1,1,1,1,1,1,1,1,1,1
param_20106,real_002,0.81573375601047,0.6806438070067427,0.2463050097869209,0.2749643111539559,1.0169441600157099,225.67449844039797,1,1,0,1,1,1,1,1,0,1,0,1,1,1
param_20106,real_003,0.7307123900609984,0.5327209446165102,0.10688989591472954,0.15323112834355612,0.39285323682352824,317.100979110514,1,0,1,1,1,0,0,1,1,0,0,1,1,1
param_20106,real_004,0.7800509797177915,0.644667636302094,0.20970383859047298,0.24284982298211752,0.8163827087770176,206.1093052677012,1,1,0,1,1,1,1,1,1,1,1,1,1,1
param_20106,real_005,0.8044872122199851,0.6298962952808396,0.24508438514027753,0.2959377894237708,0.45636172450052576,493.46501494146355,1,1,1,1,1,0,0,1,0,0,0,1,1,1
param_20107,real_001,0.8129979793864339,0.6644943731626276,0.22799408812821656,0.2838446503345621,0.05059174616130184,382.9686491946585,1,1,1,1,1,1,1,1,1,1,1,1,1,1
param_20107,real_002,0.8287451150292833,0.7108138729718118,0.26639662565519745,0.31148908526512087,0.021300472317909016,197.1048495557451,1,1,1,1,1,1,1,1,1,1,1,1,1,1
param_20107,real_003,0.7471845716112628,0.6150241203626504,0.1309394333754474,0.19141502955432205,0.11033703155661966,346.4703907945524,1,0,1,1,1,0,1,1,1,0,1,1,1,1
param_20107,real_004,0.8060832862119309,0.6887507987376301,0.23256739981126912,0.2807251452397487,0.10708885405950301,261.68049853151706,1,1,1,1,1,1,1,1,1,1,1,1,1,1
param_20107,real_005,0.8275079485380299,0.7028085823864039,0.27386447298767586,0.33871586903024403,0.24322991630683938,571.4991927681165,1,1,1,1,1,0,1,1,1,0,1,1,1,1
param_20108,real_001,0.7137225809052756,0.36225892830516365,0.05888733285326456,0.07226898119299106,2.757149111689748,293.27082343335337,0,1,0,1,0,1,0,1,0,1,0,1,0,1
param_20108,real_002,0.7476183344155778,0.41346869492519855,0.07819504493130439,0.09227602834586367,2.0846076825050064,318.52929955546574,0,1,0,1,0,1,0,0,0,1,0,0,0,1
param_20108,real_003,0.7830530132414896,0.40563511763827576,0.06158391517250289,0.07539762056029599,2.4502453960106263,382.89949259803404,1,1,0,1,1,1,0,1,0,1,0,1,0,1
param_20108,real_004,0.7967195447057339,0.4126168585926142,0.10353037650241088,0.11461823776486643,2.1524596670635754,153.11204514895192,0,1,0,1,0,1,0,1,0,0,0,1,1,1
param_20108,real_005,0.7574144420839249,0.4052189164247944,0.08798262231352433,0.10221532952382897,2.3605357894244707,436.2638069393182,0,1,0,1,0,1,0,1,0,1,0,1,1,1
param_20109,real_001,0.7178693705172957,0.37095579860235256,0.06274934826373793,0.07810836429632093,2.473044070973651,293.7944548134566,0,1,0,1,0,1,0,1,0,1,0,1,0,1
param_20109,real_002,0.7529516898607461,0.42572543943866564,0.08177494188624643,0.0980506596277006,1.8947593217443301,319.52256592769123,0,1,0,1,0,1,0,0,0,1,0,0,0,1
param_20109,real_003,0.7880754421267323,0.41807154873113334,0.06504754023874877,0.0806726962340719,2.235779739031291,382.6128674547919,1,1,0,1,1,1,0,1,0,1,0,1,0,1
param_20109,real_004,0.8020922609392985,0.4280638032293156,0.10854210800737717,0.12180169627722,1.9284707311254257,154.06317127913104,0,1,0,1,0,1,0,1,0,0,0,1,1,1
param_20109,real_005,0.761899284406592,0.4208723203497549,0.09315183791590309,0.10981207517218941,2.091481903614976,437.5624767882631,0,1,0,1,0,1,0,1,0,1,0,1,1,1
param_20110,real_001,0.7174196005935538,0.3951469977177176,0.06521750338455551,0.08271759858276026,2.3545725748379795,288.52881460318156,0,1,0,1,0,1,0,1,0,1,0,1,0,1
param_20110,real_002,0.7539997383752274,0.4542042438541534,0.08699335689754596,0.10488765264706298,1.7919095384235135,314.57242424312176,0,1,0,1,0,1,0,0,0,1,0,0,0,1
param_20110,real_003,0.7873478917704253,0.43903163465915535,0.06870386312763258,0.08551413790371504,2.1202891173775833,388.1011994849552,1,1,0,1,1,1,0,1,0,1,0,1,0,1
param_20110,real_004,0.8036393028362105,0.46183646465138556,0.11681137306708969,0.1318170552109517,1.8295437875898488,148.79342411837752,0,1,0,1,0,1,0,1,0,0,0,1,1,1
param_20110,real_005,0.7612339779615084,0.442551701432652,0.09556667720086345,0.11353576766131525,2.0327201383907854,433.13950943717487,0,1,0,1,0,1,0,1,0,1,0,1,1,1
param_20111,real_001,0.7498935495135441,0.4462578454730755,0.08637335752127616,0.11592588637577012,1.3906075889977128,293.85730003638906,1,1,1,1,1,1,1,1,0,1,0,1,0,1
param_20111,real_002,0.7787418758280813,0.5138212873802661,0.10471990466347453,0.1341058957952149,1.0582161620456132,324.11707629745626,1,1,1,1,1,1,1,0,0,1,0,0,0,1
param_20111,real_003,0.821144526875769,0.5127048499645557,0.09087238261473321,0.11968906318340913,1.2721652235796466,384.7193006224803,1,1,1,1,1,1,0,1,0,1,0,1,0,1
param_20111,real_004,0.8419398523807047,0.54773092689274,0.1447005953834603,0.17236619410090107,1.0347659664245457,157.75524460740976,1,1,1,1,1,1,1,1,0,0,0,1,1,1
param_20111,real_005,0.7952608197666489,0.5179885301019211,0.12134586630399133,0.1533387204044971,1.1200283148254657,444.989176146508,1,1,1,1,1,1,1,1,0,1,0,1,1,1
param_20112,real_001,0.7667684139188505,0.5375461435880373,0.10932038732666212,0.14944761984263974,1.0079184266591137,250.60618511128612,1,1,1,1,1,1,1,1,0,1,0,1,1,1
param_20112,real_002,0.8054199323346949,0.6031900460340374,0.14391078050557474,0.18613859839823402,0.7101942972495584,282.922809959118,1,1,1,1,1,1,1,0,0,1,0,0,1,1
param_20112,real_003,0.8319175436642269,0.5918693278158512,0.12106088398687462,0.16329906649008227,0.8761461712676746,429.7436820977692,1,1,1,1,1,1,1,1,0,1,0,1,1,1
param_20112,real_004,0.8628957162033121,0.6558061926566713,0.19272208902852012,0.23099360124987908,0.7420074829054315,114.7503033235692,1,1,1,1,1,1,1,1,0,0,0,1,1,1
param_20112,real_005,0.8050005993515705,0.5840210765605175,0.14182287290436416,0.18153354249328063,0.9118401978907611,408.6375349544264,1,1,1,1,1,1,1,1,0,1,0,1,1,1
param_20113,real_001,0.8089890572200719,0.6501077586150642,0.15986275491034888,0.21754782198076794,0.023915854505399774,291.4714754350901,1,1,1,1,1,1,1,1,1,1,1,1,1,1
param_20113,real_002,0.7934871320113792,0.6452690758969711,0.1466435459613474,0.19787969521019716,0.156418809589007,339.7997801003879,1,1,1,1,1,1,1,0,1,1,1,0,1,1
param_20113,real_003,0.830365924989021,0.660269060757609,0.1382481052628594,0.18126963998041298,0.059745630126816815,393.4082860299487,1,1,1,1,1,1,1,1,1,1,1,1,1,1
param_20113,real_004,0.8440858888031921,0.6932933099672784,0.17498325421285002,0.21340230168315577,0.17211546715391124,168.8852987803669,1,1,1,1,1,1,1,1,1,0,1,1,1,1
param_20113,real_005,0.8290043012698635,0.6721947365571006,0.17615945440892256,0.22909070228296222,0.10804673297305346,471.867212779565,1,1,1,1,1,1,1,1,1,1,1,1,1,1
param_20114,real_001,0.7001329898801177,0.3750605046078803,0.0654759656795196,0.0802138319144193,2.418304228908058,241.94949184976798,0,1,1,1,0,1,1,1,0,1,0,1,0,1
param_20114,real_002,0.7232929671246885,0.442593851665403,0.09011799132152293,0.1052786771229045,2.0940697032729125,296.89600405152567,1,1,1,1,0,1,0,1,0,1,0,1,0,1
param_20114,real_003,0.7552108853602921,0.4179559765951729,0.059819073292483566,0.08050899003260788,1.958251571823315,205.43957571966155,1,0,0,1,1,1,0,1,0,0,0,1,0,1
param_20114,real_004,0.769074194902183,0.40991345797897266,0.11852225726148415,0.12689664759512298,2.081864904552129,362.56446006002784,0,1,0,1,0,1,0,1,0,0,0,1,1,1
param_20114,real_005,0.7327482333137901,0.4132975720633839,0.07151789250662373,0.08606763406548407,2.434554722061935,509.984135276586,0,1,0,1,0,0,0,1,0,0,0,1,1,1
param_20115,real_001,0.7066167438439028,0.39071620550326835,0.07079553914467314,0.08813515198929352,2.1083221733307824,242.30030350962596,0,1,1,1,1,1,1,1,0,1,0,1,0,1
param_20115,real_002,0.7280659207971861,0.4536930371222323,0.09336150812540708,0.11065550821902309,1.912218315486655,299.65316421342936,1,1,1,1,0,1,0,1,0,1,0,1,0,1
param_20115,real_003,0.7566004952852131,0.42325733166300716,0.06140723688825833,0.08359298780340652,1.7244914894794106,206.62720600688928,1,0,0,1,1,1,0,1,0,0,0,1,0,1
param_20115,real_004,0.7743960591352567,0.4265884859698805,0.12640301640573295,0.13708184049436822,1.8233909278177156,365.82089519554523,0,1,0,1,0,1,0,1,0,0,0,1,1,1
param_20115,real_005,0.7373389091721156,0.4283890285725193,0.07776398372368512,0.09518330487651008,2.030335171828596,511.57224251038724,1,1,0,1,0,0,0,1,0,0,0,1,1,1
param_20116,real_001,0.7069600979541003,0.4113702702332009,0.0746949468869484,0.09397398801841005,2.012757751075508,237.50271520646507,0,1,1,1,1,1,1,1,0,1,0,1,0,1
param_20116,real_002,0.729965505995063,0.47949617570446634,0.10026044143405466,0.11967114275211842,1.733843441731368,292.29249117888935,1,1,1,1,0,1,0,1,0,1,0,1,0,1
param_20116,real_003,0.7567896282831822,0.4400919226756343,0.06549224288463766,0.08965246622447241,1.6103111362391562,204.95254803361246,1,0,0,1,1,1,0,1,0,0,0,1,0,1
param_20116,real_004,0.7760891673554347,0.45552995012065894,0.13225677439636727,0.14459420662220324,1.7632174449701707,361.05018779310114,0,1,0,1,0,1,0,1,0,0,0,1,1,1
param_20116,real_005,0.736638595134134,0.4478829005892743,0.07992487343121954,0.09812475273345557,1.988993973886843,509.09146149182595,1,1,0,1,0,0,0,1,0,0,0,1,1,1
param_20117,real_001,0.7399193475859175,0.4718786087232032,0.09927877621294443,0.13343036770520417,1.0649195495793193,241.14295536334168,0,1,1,1,1,1,1,1,0,1,1,1,0,1
param_20117,real_002,0.7492273568138694,0.5265833628270871,0.11037721140812032,0.14111512711059954,1.1436407217328648,318.43238438594295,1,1,1,1,1,1,1,1,0,1,0,1,0,1
param_20117,real_003,0.7618269418346797,0.45853668840616657,0.0719180845611812,0.10069494801632725,0.9075661717236927,213.9516283181592,1,0,1,1,1,1,0,1,1,0,0,1,0,1
param_20117,real_004,0.8155539243005709,0.5426967900892785,0.16772298048048376,0.1928204288077113,0.9408160906253612,383.6689207735949,1,1,0,1,1,1,1,1,0,0,0,1,1,1
param_20117,real_005,0.7535943101395776,0.5011619518742831,0.09839436321918153,0.1278909574525935,1.0548930477437173,523.3469048198718,1,1,0,1,1,0,0,1,0,0,0,1,1,1
param_20118,real_001,0.7635871319318924,0.5642823870815321,0.12805559272685327,0.17596456287546627,0.778663309431277,204.67180247557076,1,1,1,1,1,1,1,1,0,1,1,1,1,1
param_20118,real_002,0.7816238542293757,0.616339875004792,0.15231674315562166,0.1974501678690283,0.7698322123206177,284.4453005222791,1,1,1,1,1,1,1,1,0,1,0,1,1,1
param_20118,real_003,0.7831913712735077,0.561409727306551,0.10432012492688615,0.14651618806921823,0.5478041319197083,202.35659212055828,1,0,1,1,1,1,0,1,1,0,0,1,1,1
param_20118,real_004,0.8435598855694844,0.6494598824295685,0.20598068874036657,0.24318236094165763,0.7243061439318083,348.0755326363836,1,1,0,1,1,1,1,1,0,0,0,1,1,1
param_20118,real_005,0.7652171841665597,0.5649314712624511,0.11783034658209722,0.15484109076583696,0.9060898804440649,503.57650307039717,1,1,0,1,1,0,0,1,0,0,0,1,1,1
param_20119,real_001,0.7957625511003679,0.6384295530186033,0.17089650859628702,0.2318541603961559,0.02601147406346104,227.3707207114174,1,1,1,1,1,1,1,1,1,1,1,1,1,1
param_20119,real_002,0.7726505711214529,0.6342757574484017,0.1486854024780981,0.2062134648581914,0.030396956313520993,364.5020067979956,1,1,1,1,1,1,1,1,1,1,1,1,1,1
param_20119,real_004,0.8454317831589335,0.7026078999945281,0.22066616427992033,0.26330776299315073,0.15128615026885628,423.87066297041724,1,1,1,1,1,1,1,1,1,0,1,1,1,1
param_20119,real_005,0.7886547449590356,0.6302975302235688,0.13547891200363105,0.1993679229708798,0.03247654847776762,575.5585461794375,1,1,1,1,1,0,1,1,1,0,1,1,1,1
param_20120,real_001,0.6787654791597167,0.4061486074937328,0.046650672051215765,0.05793579245455782,4.80938493394383,410.145731932546,0,1,0,1,0,1,0,1,0,1,0,1,1,1
param_20120,real_002,0.7728423566137076,0.5077108484146367,0.10584373342904758,0.12270483214267029,2.1600108225108223,276.4941356334431,1,1,0,1,1,1,1,1,1,0,0,1,0,1
param_20120,real_003,0.6933696277317847,0.33690635063968494,0.03675365685429761,0.05351961495617946,2.333727676032306,117.98401811796322,1,1,0,0,0,1,0,1,0,1,0,1,0,1
param_20120,real_004,0.6612459436035775,0.3109079233537919,0.04280212562085077,0.06050418785925975,2.8456252199292087,233.183236409849,1,1,0,1,1,1,0,1,0,0,0,1,0,1
param_20120,real_005,0.8072635666853841,0.4599515441366205,0.2625294303561397,0.26204015542520803,1.4852223700657232,395.2931509019827,0,1,1,1,0,1,1,1,0,1,0,1,1,1
param_20121,real_001,0.6833893076646966,0.41281678687136264,0.05158564778570284,0.06481235948541363,4.102538487153872,411.6600469194832,0,1,1,1,0,1,0,1,0,1,0,1,1,1
param_20121,real_002,0.7790952465559698,0.5236625916102041,0.11077644052690734,0.12997145951470057,1.8766050376013923,277.8294839216998,1,1,1,1,1,1,1,1,1,0,0,1,0,1
param_20121,real_003,0.696542566484821,0.3432790229875339,0.03943895530016225,0.05794873946540262,2.070382399161865,115.43485117435151,1,1,0,0,0,1,0,1,0,1,0,1,0,1
param_20121,real_004,0.6660092202277248,0.3216258486070093,0.04707485933115201,0.06718108112919502,2.487367196005556,234.88100609502993,1,1,0,1,1,1,0,1,0,0,0,1,0,1
param_20121,real_005,0.8145869752157964,0.481607237792407,0.27194405261041327,0.27509828689130217,1.308637351112443,395.92752348505775,0,1,1,1,0,1,1,1,0,1,0,1,1,1
param_20122,real_001,0.6816051464765672,0.4225102087011116,0.05264331092075685,0.06684355104509923,4.0385228278740355,413.51153502476586,0,1,1,1,0,1,0,1,0,1,0,1,1,1
param_20122,real_002,0.7797186687479227,0.5447100971905994,0.11494131108260683,0.13662252209037526,1.8433635212776318,277.6895470838213,1,1,1,1,1,1,1,1,1,0,0,1,0,1
param_20122,real_003,0.6953911244014573,0.35701249035865124,0.042301765029107416,0.062013644015997384,1.9665155073285285,119.89705539627543,1,1,0,0,0,1,0,1,0,1,0,1,0,1
param_20122,real_004,0.6653679830676996,0.33676471996610324,0.050332857384305596,0.07126498220311499,2.416754022988506,229.83057450561208,1,1,0,1,1,1,0,1,0,0,0,1,0,1
param_20122,real_005,0.8180109957135561,0.5056923507341574,0.28846011096885865,0.29820783954070845,1.241716675759229,390.6106219659323,0,1,1,1,0,1,1,1,0,1,0,1,1,1
param_20123,real_001,0.7097617659065537,0.4703076313804246,0.07402177707121417,0.09728549038882356,2.2074906608269997,408.3857370599235,0,1,1,1,0,1,1,1,0,1,0,1,1,1
param_20123,real_002,0.8037536086575524,0.6037348094673598,0.12705822853074938,0.15845598531454855,1.0380288735589396,290.4411452906947,1,1,1,1,1,1,1,1,1,0,0,1,0,1
param_20123,real_003,0.7165979601868525,0.40392254194578564,0.05272166442430286,0.08290953136959275,1.135846196452257,103.75205665876514,1,1,1,0,1,1,0,1,0,1,0,1,0,1
param_20123,real_004,0.6971573890979937,0.40149800977364697,0.07197292537256766,0.10278751644818206,1.50479965485628,233.94944455966106,1,1,0,1,1,1,1,1,0,0,0,1,1,1
param_20123,real_005,0.8589135968063519,0.5982103701948334,0.3298385886530488,0.3591402677297508,0.6512886459840326,398.0338298071223,1,1,1,1,0,1,1,1,0,1,1,1,1,1
param_20124,real_001,0.7161442736841994,0.5214303094809218,0.08454459192161101,0.11662197500289162,1.801383830002672,424.7762950435232,1,1,1,1,0,1,1,1,0,1,0,1,1,1
param_20124,real_002,0.8201154161686941,0.6630902286888201,0.1358400543772302,0.17916521189739143,0.7501073893889294,287.45264292271065,1,1,1,1,1,1,1,1,1,0,0,1,1,1
param_20124,real_003,0.7353278016306101,0.4974170214961291,0.08229743140419474,0.12440176966614924,0.7786922059162691,138.45710909364436,1,1,1,0,1,1,1,1,0,1,0,1,1,1
param_20124,real_004,0.7224842739575315,0.5026101133960591,0.10224714393469228,0.143601053917819,1.2268488553278196,199.77318554697175,1,1,1,1,1,1,1,1,0,0,0,1,1,1
param_20124,real_005,0.8986013674803042,0.7089061121847097,0.38918847103745385,0.4552170127922002,0.36055803275793563,357.7291726193065,1,1,1,1,0,1,1,1,0,1,1,1,1,1
param_20125,real_001,0.7824385158483855,0.6428545248618626,0.1418747423557054,0.20782645562605637,0.4077597173144876,374.0507644227506,1,1,1,1,1,1,1,1,1,1,1,1,1,1
param_20125,real_002,0.8059546019601056,0.680392612104528,0.1296790921224268,0.18413524322640498,0.03901857519037791,342.9033903546648,1,1,1,1,1,1,1,1,1,0,1,1,0,1
param_20125,real_003,0.7576149079253446,0.5670945330389888,0.10318954690600801,0.16283222064092126,0.029095940052390953,88.16376884247539,1,1,1,0,1,1,1,1,1,1,0,1,0,1
param_20125,real_004,0.7725067906452616,0.6077477294193561,0.14995466434183802,0.21876509560725427,0.18210797569433398,222.32240908434076,1,1,1,1,1,1,1,1,1,0,1,1,1,1
param_20125,real_005,0.8965931616664884,0.7552104727602807,0.38111102289483756,0.44762304927704427,0.17476469091834138,410.12457017002765,1,1,1,1,1,1,1,1,1,1,1,1,1,1
param_20126,real_001,0.7795098953219552,0.3928248114012416,0.04497859525259738,0.05799393818527989,3.162017216774847,333.17719293441166,0,1,0,1,0,1,0,1,0,1,0,1,0,1
param_20126,real_002,0.767585025457937,0.4389564344016265,0.08475981302487255,0.09758367771906121,2.118017326461235,182.11032356192254,0,1,0,1,0,1,0,1,0,1,0,1,1,1
param_20126,real_003,0.7315128940170155,0.3098981096569852,0.04153801573738418,0.06052867924765706,2.4327356365001878,404.82231260744106,0,1,0,0,0,1,0,1,0,0,0,1,0,1
param_20126,real_004,0.7484402511671949,0.3132673586630021,0.038021101720577,0.05682930402548287,1.737718493319308,177.92713188215748,0,1,0,0,0,1,0,1,0,0,0,1,0,1
param_20127,real_001,0.78314897644874,0.40050702326944404,0.047671339599155,0.062291878445378576,2.8711010254543896,332.29774941733604,0,1,0,1,0,1,0,1,0,1,0,1,0,1
param_20127,real_002,0.7732241879483298,0.45217207329818826,0.08956252134944723,0.1046653557749624,1.8846864030192967,181.60799393141136,0,1,0,1,0,1,0,1,0,1,0,1,1,1
param_20127,real_003,0.7352764538677249,0.3261508439690561,0.04441068702534137,0.06657946850621606,2.1287327800119793,405.2067110398483,0,1,0,0,0,1,0,1,0,0,0,1,0,1
param_20127,real_004,0.7507577085701097,0.32278372409718303,0.040007861585658444,0.060806562629874696,1.5474613686534215,178.39745275748476,0,1,0,0,1,1,0,1,0,0,0,1,0,1
param_20127,real_005,0.7861198817450709,0.39885205130483636,0.1544775558033554,0.15689160793572268,1.7941536771849786,478.9969261526463,0,1,0,1,0,1,0,1,0,1,0,1,0,1
param_20128,real_001,0.7805654803807128,0.41545346980917436,0.05000342265552405,0.06563316825299721,2.735626484867266,336.92458806260004,0,1,0,1,0,1,0,1,0,1,0,1,0,1
param_20128,real_002,0.7727909969916382,0.4691829825142992,0.09293577533622743,0.11004487510799238,1.7869128832431584,186.42655311883505,0,1,0,1,0,1,0,1,0,1,0,1,1,1
param_20128,real_003,0.7345863244609936,0.3436022333492799,0.047721073003943786,0.07106726032029818,2.025192355423182,399.6005104171405,0,1,0,0,0,1,0,1,0,0,0,1,0,1
param_20128,real_004,0.7499649843966211,0.3430193336363139,0.044147120132925155,0.06647923754382673,1.4622383252818036,174.84489074463508,0,1,0,0,1,1,0,1,0,0,0,1,0,1
param_20128,real_005,0.7870324463178298,0.4216758489691674,0.164865753316986,0.17007417739994932,1.7236267808614016,473.42342899323944,0,1,0,1,0,1,0,1,0,1,0,1,0,1
param_20129,real_001,0.8074217922367491,0.47483269016363766,0.06521294515094532,0.0908950596060693,1.7245509884281582,329.257788447286,1,1,1,1,1,1,1,1,0,1,0,1,0,1
param_20129,real_002,0.8135091005449321,0.5446888112310261,0.11601021830243118,0.1468365843002931,1.0129984141368373,180.0123472724834,1,1,1,1,1,1,1,1,0,1,0,1,0,1
param_20129,real_003,0.7580722497498961,0.4255525949421431,0.05988641531637169,0.0956576059463901,1.1629031542522514,403.83682769427605,1,1,1,0,1,1,1,1,0,0,0,1,0,1
param_20129,real_004,0.7693640256240336,0.41434333309931665,0.054899245114707756,0.08772618415322471,0.7908760833918951,178.46267366692092,1,1,1,0,1,1,1,1,0,0,0,1,0,1
param_20129,real_005,0.8320901174058409,0.5112381836754076,0.2030896848773317,0.2220290015440969,0.9139744498618325,479.2988677909969,1,1,1,1,1,1,1,1,0,1,0,1,0,1
param_20130,real_001,0.8093696564384006,0.5433529728052128,0.08062217213477246,0.11571003903235867,1.255494574030186,368.33845393831524,1,1,1,1,1,1,1,1,0,1,0,1,1,1
param_20130,real_002,0.8348539188250179,0.6188282990863896,0.14801897281764356,0.1931889176190818,0.6867695739354318,219.8923929350617,1,1,1,1,1,1,1,1,0,1,0,1,1,1
param_20130,real_003,0.7782105428375913,0.5096946687553751,0.0920373870633689,0.1392473740315887,0.8381319827575373,356.7318294701478,1,1,1,0,1,1,1,1,0,0,0,1,1,1
param_20130,real_004,0.7922247613138675,0.520124106896472,0.09583460427003797,0.14248240339471127,0.5078459167950693,151.2396688121554,1,1,1,0,1,1,1,1,0,0,0,1,1,1
param_20130,real_005,0.8627067613088204,0.6317588367545973,0.2566831342401499,0.2901405322725142,0.639610832248869,433.81053665372804,1,1,1,1,1,1,1,1,0,1,0,1,1,1
param_20131,real_001,0.8450170604698494,0.6666768434069656,0.12946259864654328,0.181991794147711,0.10035172699169972,317.15481460618355,1,1,1,1,1,1,1,1,1,1,1,1,1,1
param_20131,real_002,0.8114500626156769,0.6616565573141935,0.14690269701304826,0.19625978105117078,0.15376373528256287,169.56062156257346,1,1,1,1,1,1,1,1,1,1,1,1,1,1
param_20131,real_003,0.7670531045417478,0.5997618023639626,0.10052408836660767,0.15166298987247018,0.09379743619928005,397.01484450734415,1,1,1,0,1,1,1,1,1,0,1,1,1,1
param_20131,real_004,0.7793300289466133,0.5985620113374843,0.1041145586138096,0.15607739325450568,0.24823157053744277,175.3096779055892,1,1,1,0,1,1,1,1,1,0,1,1,1,1
param_20131,real_005,0.8570364355121982,0.7015498234474077,0.2578134257615252,0.29975992794391426,0.20780861702446182,477.05030379216487,1,1,1,1,1,1,1,1,1,1,1,1,1,1
param_20132,real_002,0.7326984316215654,0.42207859619526494,0.09458007834985978,0.10411720688089618,2.4265002997269156,119.85648930391346,0,1,0,1,0,1,0,1,0,1,0,0,1,1
param_20132,real_003,0.7433498930842333,0.3938259179495651,0.05848332392793421,0.08488056183440267,1.5817723847030365,374.67002454813775,1,0,0,1,1,1,0,1,0,0,0,1,0,1
param_20132,real_004,0.7646679308803759,0.40255080478494754,0.09520129471212112,0.10557039758169229,2.398321840189034,174.57616975836785,0,1,0,0,0,1,0,1,0,0,0,1,1,1
param_20132,real_005,0.729244490982688,0.413172269238218,0.07835060778127878,0.09172177037636325,2.6162668665667166,493.71549397725687,0,1,0,1,0,0,0,1,0,0,0,1,1,1
param_20133,real_001,0.7401952873059865,0.40595723376828163,0.08342564525173685,0.10165071659405057,1.9634895491249083,209.93519543098995,0,1,1,1,1,1,1,1,0,1,0,1,0,1
param_20133,real_002,0.7389735298099912,0.44007244309745785,0.09994867435540039,0.11144539472943356,2.1508748290153323,122.44866870299285,0,1,0,1,0,1,0,1,0,1,0,0,1,1
param_20133,real_003,0.7448695142243663,0.4065518899502438,0.06040544738213399,0.0882049618242341,1.3311492572336239,376.36045335595605,1,0,0,1,1,1,0,1,0,0,0,1,0,1
param_20133,real_004,0.7699614209074916,0.42179740232884,0.10312883066405273,0.11613347331106517,2.081777233568024,175.0894727571838,0,1,0,0,0,1,0,1,0,0,0,1,1,1
param_20133,real_005,0.7354179329891999,0.4302069962753944,0.08818181390024378,0.10452359468935751,2.127252690263192,492.94037872999894,0,1,0,1,0,0,0,1,0,0,0,1,1,1
param_20134,real_001,0.7415516862349566,0.4294141192197245,0.0878879310016013,0.10892852680933968,1.879441409989301,213.89350814263096,0,1,1,1,1,1,1,1,0,1,0,1,0,1
param_20134,real_002,0.7400062412497658,0.4636167360027785,0.10632486339816147,0.11936022871609944,2.0882658982670987,121.28165404671917,0,1,0,1,0,1,0,1,0,1,0,0,1,1
param_20134,real_003,0.7446129489923705,0.41579756511583427,0.06468097104834732,0.09431103154769843,1.2466773363022754,371.8191040045543,1,0,0,1,1,1,0,1,0,0,0,1,0,1
param_20134,real_004,0.771283334997588,0.4454848076809778,0.1098648334266689,0.1243107394987749,2.0334897335456934,175.32068564735857,0,1,0,0,0,1,0,1,0,0,0,1,1,1
param_20134,real_005,0.734991324608061,0.45157936321513586,0.09049942311625082,0.10772338050558242,2.10544385554578,491.71011165208665,0,1,0,1,0,0,0,1,0,0,0,1,1,1
param_20135,real_001,0.7800227001546312,0.5057285717592974,0.11852837360788387,0.1561894828850727,0.9385851846235499,208.4253555744593,0,1,1,1,1,1,1,1,0,1,1,1,0,1
param_20135,real_002,0.7719129043870879,0.5319759416937537,0.12618189889693887,0.15119184894109441,1.2077533795865818,142.5924484262097,1,1,1,1,1,1,1,1,0,1,0,0,1,1
param_20135,real_003,0.749194728177651,0.453729175405212,0.07099385929556286,0.10480255363631796,0.5691773082390679,382.29803777975116,1,0,1,1,1,1,0,1,1,0,0,1,1,1
param_20135,real_004,0.8077810448548809,0.5314003417999246,0.13931838046778836,0.1670857868828935,1.0774729891072035,180.96897904584435,1,1,0,0,1,1,0,1,0,0,0,1,1,1
param_20136,real_001,0.8079569388080433,0.6037736418889784,0.15177561026154013,0.20508573631703741,0.695921819206916,239.9154302430086,1,1,1,1,1,1,1,1,0,1,1,1,1,1
param_20136,real_002,0.8020889615967479,0.6264460701864274,0.1688137411801641,0.20630694600981006,0.9751084605638669,129.92943192266418,1,1,1,1,1,1,1,1,0,1,0,0,1,1
param_20136,real_003,0.7685521464369325,0.5324833215801129,0.10518142777092543,0.15142968587497044,0.34698943459986026,345.9010590900437,1,0,1,1,1,1,0,1,1,0,0,1,1,1
param_20136,real_004,0.8357552496243733,0.6424331083885221,0.18908727553748642,0.22884362633623712,0.8736805721730345,178.95431075124054,1,1,0,0,1,1,1,1,0,0,0,1,1,1
param_20136,real_005,0.7647916681883306,0.5708847000103853,0.12805318347661335,0.165165605026019,0.9282002771264123,491.8323294916314,1,1,0,1,1,0,0,1,0,0,0,1,1,1
param_20137,real_001,0.8257737228894974,0.6695573715808516,0.18601713880460516,0.242831784183144,0.09064072697526364,202.2372054880667,1,1,1,1,1,1,1,1,1,1,1,1,1,1
param_20137,real_002,0.8028238774338939,0.6563095519350974,0.16276832472623298,0.21563696814543246,0.0002851791119263201,206.556962730957,1,1,1,1,1,1,1,1,1,1,1,0,1,1
param_20137,real_003,0.7703480496964616,0.6104075051433389,0.12278891618993779,0.17964489096302183,0.19975710408585626,403.1838498010701,1,0,1,1,1,1,1,1,1,0,1,1,1,1
param_20137,real_004,0.8192956127504458,0.67021378231908,0.17206688857278857,0.21485282122911784,0.09795965388356971,224.8154423259535,1,1,1,0,1,1,1,1,1,0,1,1,1,1
param_20137,real_005,0.7834285323890738,0.6403050687650783,0.13503242271299748,0.1981604870802908,0.03214739517153748,567.589591867005,1,1,1,1,1,0,1,1,1,0,1,1,1,1
param_20138,real_001,0.7250547700418193,0.4023060296480985,0.08198937173785953,0.09762044640189471,2.2502902877996185,199.1589201364616,0,1,0,1,1,1,0,1,0,1,0,1,1,1
param_20138,real_002,0.7257252696319987,0.4509629020703557,0.11302144552958414,0.11965285121683594,2.4459462429397156,153.12183501420603,0,1,0,1,0,1,0,1,0,1,0,1,1,1
param_20138,real_003,0.7280569813368336,0.4102575513416155,0.0614148189148505,0.08757602936996428,1.3797139378078258,468.55446293097464,1,0,0,1,1,1,0,1,0,0,0,1,0,1
param_20138,real_004,0.7505436925060043,0.42382075012634907,0.1131155391239316,0.11763610264178363,2.6564987070372323,186.82960378080142,0,1,0,0,0,1,0,1,0,0,0,1,1,1
param_20138,real_005,0.7172802966471817,0.4292809937717216,0.0832361563392025,0.1003079560885189,2.615144086451871,452.24201301436904,0,1,0,1,0,0,0,1,0,0,0,1,1,1
param_20139,real_001,0.7354369922158225,0.42561546305089837,0.09074308140984487,0.10947640481333687,1.834116796239378,199.409022047245,0,1,1,1,1,1,1,1,0,1,0,1,1,1
param_20139,real_002,0.7325812904584076,0.4731073345289428,0.11945787352593157,0.12785045711878437,2.161233089376802,150.73939732293934,1,1,0,1,0,1,0,1,0,1,0,1,1,1
param_20139,real_003,0.7284710679243049,0.42045004825247934,0.06257475791081492,0.08937222201834222,1.148901252195034,470.7665086556342,1,0,0,1,1,1,0,1,0,0,0,1,0,1
param_20139,real_004,0.7555905357209457,0.44206145102700156,0.12409487873024765,0.1305061843444733,2.2976044921432774,185.03194638076036,0,1,0,0,0,1,0,1,0,0,0,1,1,1
param_20139,real_005,0.7243604867235436,0.4501512401104529,0.09795892335040993,0.11617158049855249,2.066651105546832,442.0959943997251,0,1,0,1,0,0,0,1,0,0,0,1,1,1
param_20140,real_001,0.7372634974292065,0.4446243838070062,0.09522422239157083,0.11668434523977751,1.7911718096187745,200.91657922123392,0,1,1,1,1,1,1,1,0,1,0,1,1,1
param_20140,real_002,0.7339608564783998,0.4981883676671911,0.1261472206190527,0.13639423081087979,2.0993694281365514,152.07191275410364,1,1,0,1,0,1,0,1,0,1,0,1,1,1
param_20140,real_003,0.7285122146213858,0.4321983715787097,0.06686600332847129,0.09562261932124291,1.0813040437436419,465.9540023899284,1,0,0,1,1,1,0,1,0,0,0,1,1,1
param_20140,real_004,0.7570989029426697,0.4633401367441843,0.13099402168343402,0.13915804587108813,2.2427582214503596,186.13901908042016,0,1,0,0,0,1,0,1,0,0,0,1,1,1
param_20140,real_005,0.7246128336634077,0.4730776471986602,0.09967311611748679,0.11930897239441672,2.0342648386487223,442.25538840117554,0,1,0,1,0,0,0,1,0,0,0,1,1,1
param_20141,real_001,0.7739967075001718,0.5130100790977289,0.1270724955197483,0.16639763350549586,0.8351303574146267,195.6169154404064,0,1,1,1,1,1,1,1,1,1,1,1,1,1
param_20141,real_002,0.7630140018774462,0.5598465092290126,0.14120313820100164,0.16359618343136045,1.266824733623444,153.33129656992614,1,1,0,1,1,1,1,1,0,1,0,1,1,1
param_20141,real_003,0.7311484876173059,0.45982121291874456,0.07006642190984717,0.10252308914401748,0.4925395251285208,479.74748518915396,1,0,1,1,1,1,0,1,1,0,0,1,1,1
param_20141,real_004,0.7905542381261842,0.5361979565263212,0.15959627966440176,0.17923935943301814,1.3027495375274716,181.81704950875866,1,1,0,0,1,1,0,1,0,0,0,1,1,1
param_20142,real_001,0.8090214688064408,0.6174753688794619,0.16657669519481313,0.22203109723809733,0.6148655609354075,212.54072532117218,1,1,1,1,1,1,1,1,1,1,1,1,1,1
param_20142,real_002,0.794094461902799,0.6405764872460716,0.18192778303463053,0.21885985092558338,1.000153078797311,154.79945561776492,1,1,0,1,1,1,1,1,0,1,0,1,1,1
param_20142,real_003,0.7557550373344732,0.5438618035521681,0.10482633769940634,0.1506685206744947,0.2670085635492767,442.57916590107436,1,0,1,1,1,1,0,1,1,0,0,1,1,1
param_20142,real_004,0.8231077991610476,0.6504195388178353,0.20786893274202056,0.24476254121369073,1.0130200414651003,184.9679989551205,1,1,0,0,1,1,1,1,0,0,0,1,1,1
param_20142,real_005,0.7577129670066897,0.5931770524456427,0.13245769215997613,0.17177607627652494,0.8653870976069391,426.0551738374786,1,1,0,1,1,0,0,1,0,0,0,1,1,1
param_20143,real_001,0.8260601143517663,0.6711600072988106,0.2020507847008046,0.2632709659419795,0.04519567534642911,176.0402772837563,1,1,1,1,1,1,1,1,1,1,1,1,1,1
param_20143,real_002,0.7909322695262611,0.6472950245271727,0.16763364695770172,0.2214330464364055,0.07681530674614893,204.93801092059107,1,1,1,1,1,1,1,1,1,1,1,1,1,1
param_20143,real_003,0.7634162546870408,0.6087440151574849,0.12392094132913062,0.18521708437660225,0.161915307611562,512.7686300282473,1,0,1,1,1,1,1,1,1,0,1,1,1,1
param_20143,real_004,0.8203996799202724,0.6760891388570136,0.19861677727617164,0.245927607856263,0.02461859923117106,237.12256890424416,1,1,1,0,1,1,1,1,1,0,1,1,1,1
param_20143,real_005,0.7709415236626682,0.6446623202198697,0.1301486373348876,0.19404289140915473,0.02127794894988269,470.253863463706,1,1,1,1,1,0,1,1,1,0,1,1,1,1
param_20144,real_001,0.7089801795390358,0.35486179045802335,0.047447485030277535,0.06372734423395006,2.605327540871156,270.5970772693447,0,1,0,1,0,1,0,1,0,1,0,1,1,1
param_20144,real_002,0.7471883550717958,0.38067233086066404,0.09331812992873967,0.10258471571438883,1.8105680195328695,717.7945160461501,0,1,0,1,0,1,0,0,0,1,0,0,1,1
param_20144,real_003,0.7308776575236514,0.4075996460811674,0.06248901561388627,0.07813690420903663,2.6199471511869143,13.428850578479448,1,1,0,1,0,1,0,1,0,1,0,1,0,1
param_20144,real_004,0.7696281342284812,0.40927132472093375,0.05227173082412353,0.06480908741656731,2.9645325365508746,157.41265458645037,0,1,0,1,0,1,0,1,0,1,0,1,0,0
param_20144,real_005,0.7456056048441572,0.3644802717485672,0.0523774152003095,0.0715006635118251,2.45311662796928,270.0285218399535,0,1,0,1,0,1,1,1,0,1,0,1,0,0
param_20145,real_001,0.71085045606998,0.3582449098960884,0.04946499823146234,0.06803431721224441,2.351805794698467,270.4031029362401,0,1,0,1,0,1,0,1,0,1,0,1,1,1
param_20145,real_002,0.7520572360239381,0.39995440252147463,0.09827408953817479,0.11038551620269757,1.578843918419106,719.3820722480713,0,1,0,1,0,1,0,0,0,1,0,0,1,1
param_20145,real_003,0.7354761635971583,0.41656496425983747,0.06612445524780551,0.08392123002024338,2.35922585874962,13.596377404791832,1,1,0,1,1,1,0,1,0,1,0,1,0,1
param_20145,real_004,0.7740984044763727,0.4207070344492262,0.05531176059144984,0.06973749087735655,2.683734237575501,156.44404062190114,0,1,0,1,0,1,0,1,0,1,0,1,0,0
param_20145,real_005,0.7493107246976786,0.37038487113933954,0.055720216972877684,0.07713044538399588,2.2189802289281997,270.7924482893366,0,1,1,1,0,1,1,1,0,1,0,1,0,0
param_20146,real_001,0.7104165347217299,0.38270024963658444,0.05374172996501897,0.0735990634532157,2.2702629832420773,273.4583192866829,0,1,0,1,0,1,0,1,0,1,0,1,1,1
param_20146,real_002,0.752081403098219,0.414158721142577,0.10361259418156184,0.11805643834518971,1.5292898304382074,714.7471751571845,0,1,0,1,0,1,0,0,0,1,0,0,1,1
param_20146,real_003,0.7332585944137621,0.4278612198976495,0.06766987234832517,0.08668847660943343,2.2439186676842993,9.009955505565383,1,1,0,1,1,1,0,1,0,1,0,1,0,1
param_20146,real_004,0.7714619552916191,0.43507927530275003,0.057084858444095055,0.07262366830206328,2.491212565529154,163.42088527919913,0,1,0,1,0,1,0,1,0,1,0,1,0,0
param_20146,real_005,0.7474654789128663,0.38728569594043016,0.058160088286411914,0.08131226100165566,2.107735583684951,266.28567499353375,0,1,1,1,0,1,1,1,0,1,0,1,0,0
param_20147,real_001,0.7387147253425426,0.43464487026544724,0.06501163509778098,0.0979292914922567,1.3711127819548872,270.9166889195952,1,1,1,1,1,1,1,1,0,1,0,1,1,1
param_20147,real_002,0.786125220725335,0.4964653915492827,0.12595947676864414,0.15659898710373754,0.7504913564306721,727.9328537649744,1,1,1,1,1,1,1,0,0,1,0,0,1,1
param_20147,real_003,0.7664192777363122,0.4967246223044677,0.08822057189142503,0.11822142179742673,1.3791965093080334,11.495269662467358,1,1,1,1,1,1,1,1,0,1,0,1,0,1
param_20147,real_004,0.8037591493345936,0.5051123508287234,0.07346447912983209,0.09944491855713417,1.5925809915876141,153.83018688940697,1,1,1,1,1,1,1,1,0,1,0,1,0,0
param_20147,real_005,0.7784238564820147,0.4435584810641837,0.0790468764268248,0.11492591938142879,1.2514774811493785,272.2633114872577,1,1,1,1,1,1,1,1,0,1,0,1,0,0
param_20148,real_001,0.7562973745118395,0.5315792783074879,0.09766017498422214,0.14393735826566809,1.0921490838165244,296.72633263451013,1,1,1,1,1,1,1,1,0,1,0,1,1,1
param_20148,real_002,0.8098949120512229,0.5736100281499912,0.16251904575111986,0.20796187191475168,0.5554394105499324,690.5639744764557,1,1,1,1,1,1,1,0,0,1,0,0,1,1
param_20148,real_003,0.7760928681649166,0.5421192750427916,0.10940056645481669,0.15128587511826475,0.9737211849876167,34.15893731542366,1,1,1,1,1,1,1,1,0,1,0,1,1,1
param_20148,real_004,0.8046432971600896,0.5711323043934001,0.08686989223331176,0.12313219414590494,1.1622526030328286,197.24655172994503,1,1,1,1,1,1,1,1,0,1,0,1,1,0
param_20148,real_005,0.7894834688010621,0.5369090857884811,0.09728767514949203,0.1458481977274485,0.8364797796300254,235.88876611754995,1,1,1,1,1,1,1,1,0,1,0,1,1,0
param_20149,real_001,0.7676555682102401,0.6066689169540492,0.11614490689498354,0.17820188422569075,0.012488022395771358,274.6051779772538,1,1,1,1,1,1,1,1,1,1,1,1,1,1
param_20149,real_002,0.7980661289360019,0.6379933274287564,0.14917970044214657,0.20657206343478593,0.2552248644953367,760.7206465664286,1,1,1,1,1,1,1,0,1,1,1,0,1,1
param_20149,real_003,0.8021851824842193,0.6442208709729131,0.142442729286007,0.1993476130086526,0.01749421463252942,8.597431313547691,1,1,1,1,1,1,1,1,1,1,1,1,1,1
param_20149,real_004,0.8178747379126644,0.653864710607311,0.11313735474930471,0.16323949143415245,0.06377757105437097,149.18617164542317,1,1,1,1,1,1,1,1,1,1,1,1,1,0
param_20149,real_005,0.8178772225821682,0.6374598945311667,0.15301732785639327,0.21260897358410483,0.07700937479487041,276.9065202477555,1,1,1,1,1,1,1,1,1,1,1,1,1,0
param_20150,real_001,0.680951381443351,0.3834752528339059,0.04242195509828884,0.06315788892428244,2.3865258067073656,242.92984019136247,0,1,0,1,0,1,1,1,0,1,0,1,1,1
param_20150,real_002,0.8355797319079553,0.5351983472280926,0.24746202193914127,0.26089809533151104,1.2297054045747904,127.40609023985527,0,1,0,1,1,1,1,1,0,1,0,1,0,1
param_20150,real_003,0.7745546382177838,0.4246993254662314,0.14350419669406597,0.15296097337861264,2.007435705027628,190.75449046891381,0,1,0,1,0,1,0,1,0,1,0,1,0,1
param_20150,real_004,0.7459580226120872,0.42156016530583523,0.08272255587472901,0.0944996266654456,2.7176893801157394,218.48953013112742,0,1,0,1,0,1,0,1,0,0,0,1,1,1
param_20150,real_005,0.7262474599184295,0.36492900462969013,0.08266389520753767,0.09426092984305003,2.082869416560733,563.783304837074,1,1,0,0,1,1,0,1,0,0,0,1,0,1
param_20151,real_001,0.6854514621925114,0.3939538526735655,0.048889237851723916,0.07210362183042009,1.9887870412482944,241.35213141925678,0,1,0,1,0,1,1,1,0,1,1,1,1,1
param_20151,real_002,0.8456967221452426,0.5613240078952687,0.26315949262678484,0.28216460448506103,0.9928191645902411,126.86384029073487,0,1,1,1,1,1,1,1,0,1,0,1,0,1
param_20151,real_003,0.784650942027429,0.4540700099831571,0.1574628321052603,0.1702476890956824,1.6230737192836318,192.31373617259004,0,1,0,1,0,1,0,1,0,1,0,1,1,1
param_20151,real_004,0.7538020238463065,0.442950948293417,0.09343541184071377,0.10869851625549933,2.175710882005834,216.47027970747527,0,1,0,1,0,1,1,1,0,0,0,1,1,1
param_20151,real_005,0.7336335398579379,0.3845107514968082,0.08721928953316573,0.1003533546408217,1.8909464597677526,565.390494007922,1,1,0,0,1,1,0,1,0,0,0,1,0,1
param_20152,real_001,0.6832892889388078,0.4059368723648803,0.050722454213488116,0.07502758246745214,1.9397281486579492,242.3474165121857,0,1,0,1,0,1,1,1,0,1,0,1,1,1
param_20152,real_002,0.8468895334370408,0.5746422983584552,0.2665285316360642,0.29103793127484145,0.9412124455316871,128.69972959512953,0,1,1,1,1,1,1,1,0,1,0,1,0,1
param_20152,real_003,0.7849912852305486,0.4687153739999491,0.16256741951201822,0.17745516814173334,1.5826092050536018,188.72778090905072,0,1,0,1,0,1,0,1,0,1,0,1,1,1
param_20152,real_004,0.7533749209942535,0.4551666942348849,0.09606578657804463,0.11268788650076715,2.1287541407981045,218.72440272686435,0,1,0,1,0,1,1,1,0,0,0,1,1,1
param_20152,real_005,0.7352482873492572,0.403750407554982,0.0931701062703037,0.10900650736513662,1.7726439455165481,560.1812952041884,1,1,0,0,1,1,0,1,0,0,0,1,0,1
param_20153,real_001,0.714757854853906,0.4649898734407983,0.07588431685450281,0.11157815931065013,1.0750938217326353,231.56732245231228,1,1,1,1,1,1,1,1,1,1,1,1,1,1
param_20153,real_002,0.892684932598704,0.6696151036939431,0.3295998861363358,0.3779302235266021,0.3118082372237792,121.76813073812221,1,1,1,1,1,1,1,1,0,1,1,1,0,1
param_20153,real_003,0.8320246890339544,0.5820935260182837,0.21061235393255923,0.2410219379406476,0.7342127347110039,205.1153854449353,1,1,1,1,1,1,1,1,0,1,1,1,1,1
param_20153,real_004,0.7943654017330181,0.5397389244890102,0.13799013842483732,0.16668378901039488,1.0123320916582006,200.30591569100935,0,1,0,1,0,1,1,1,0,0,1,1,1,1
param_20153,real_005,0.7588851458742104,0.4600149729149256,0.11258675606515416,0.13795916268791672,1.1365058630536484,568.9377237634174,1,1,1,0,1,1,1,1,0,0,0,1,0,1
param_20154,real_001,0.736929178017283,0.5471040838338596,0.09707857724970176,0.14800535673799906,0.8261561975609495,239.6698559878148,1,1,1,1,1,1,1,1,1,1,1,1,1,1
param_20154,real_002,0.9111726424612595,0.7240954030081419,0.3147314976229001,0.37436850402834293,0.09519855946001315,135.3914530668858,1,1,1,1,1,1,1,1,0,1,1,1,1,1
param_20154,real_003,0.8704118922148355,0.670209780021212,0.25438365360158677,0.30299376982326826,0.5277225892898396,178.44599213002726,1,1,1,1,1,1,1,1,0,1,1,1,1,1
param_20154,real_004,0.8126379318236472,0.5923476319821221,0.16290994846017257,0.2037097996853894,0.8132095861674401,214.0017991507463,0,1,1,1,0,1,1,1,0,0,1,1,1,1
param_20154,real_005,0.7946317710385407,0.5736125912361163,0.15760213960802066,0.20038758479837096,0.592660529682847,525.1178890066017,1,1,1,0,1,1,1,1,1,0,0,1,1,1
param_20155,real_002,0.8924326282440868,0.7580953818890728,0.31120974467930035,0.3527902077647446,0.38026931548472515,78.45475006275625,1,1,1,1,1,1,1,1,1,1,1,1,1,1
param_20155,real_003,0.8556265881870339,0.7196778692202487,0.2565898718286672,0.3018304416018141,0.19510458443131265,263.98057493394197,1,1,1,1,1,1,1,1,1,1,1,1,1,1
param_20155,real_004,0.8327553717685052,0.688135527663005,0.19673794025254135,0.24327148401549847,0.08870869834697542,116.07750297119406,1,1,1,1,1,1,1,1,1,0,1,1,1,1
param_20155,real_005,0.8054892227174508,0.6216037564077678,0.16163136989818394,0.22402074875818395,0.05026873008156431,564.7311374591164,1,1,1,0,1,1,1,1,1,0,1,1,0,1
param_20156,real_001,0.6803594389955521,0.39973025403158524,0.05583872562937122,0.07737072214773488,2.5943992587254194,406.24929534065274,1,1,0,1,1,1,0,1,0,1,0,1,1,1
param_20156,real_002,0.7193385932150704,0.4412283933484838,0.09218420993283472,0.11119017211013472,2.2894624044036367,348.29951280554104,0,1,0,1,0,0,0,1,0,1,0,1,1,1
param_20156,real_003,0.7294700459769693,0.4000942726535237,0.10071623787108631,0.11555567993494167,2.4841626943466832,304.8206533951898,0,1,0,1,0,1,0,1,0,1,0,1,1,1
param_20156,real_005,0.7396998332755467,0.5077983294796448,0.16095585968291395,0.17781725698437292,1.2313028880742745,459.464329010834,1,1,0,0,1,1,0,1,0,0,0,1,1,1
param_20157,real_001,0.685876549636995,0.41119183351217253,0.06209360685004946,0.08631865110934857,2.1916698663448706,400.60903238184517,1,1,0,1,1,1,0,1,0,1,0,1,1,1
param_20157,real_002,0.7268940530675837,0.45288386832566807,0.10304874307913549,0.12613961588583655,1.8241172938738355,342.8495003664795,0,1,0,1,0,0,0,1,0,1,0,1,1,1
param_20157,real_003,0.7372726652894712,0.4166355287293034,0.11136308281479866,0.12908671985993359,2.024323279195669,303.2130742462697,0,1,1,1,0,1,0,1,0,1,0,1,1,1
param_20157,real_004,0.72519842219902,0.3311883720229837,0.06942134312905199,0.0788929376536435,3.080999038230344,30.823480903462908,0,0,0,1,0,0,0,1,0,1,0,1,1,1
param_20157,real_005,0.747265983992121,0.5301134410301092,0.16876811091696567,0.18853484753845456,1.0748817279663583,453.8022126618656,1,1,0,0,1,1,0,1,1,0,0,1,1,1
param_20158,real_001,0.6848258436739013,0.43460942061982566,0.06412714293733203,0.0900230433104376,2.1271183404392535,399.96379505621326,1,1,0,1,1,1,0,1,0,1,0,1,1,1
param_20158,real_002,0.7259337924565805,0.4624377839596605,0.10492760491171309,0.12935200839908215,1.7819815694579588,342.912610234886,0,1,0,1,0,0,0,1,0,1,0,1,1,1
param_20158,real_003,0.7381324331455126,0.4346936543170816,0.11425471042032742,0.13357333878255234,1.9804123318471094,300.1322112110183,0,1,1,1,0,1,0,1,0,1,0,1,1,1
param_20158,real_004,0.7250131787134795,0.3427919852068969,0.07330843428216478,0.08372195407020239,3.0427248637865842,33.58793278497541,0,0,0,1,0,0,0,1,0,1,0,1,1,1
param_20158,real_005,0.7507835744299404,0.5480169189935319,0.17361105009883893,0.19683539577841586,1.0261475524584298,452.93764606592197,1,1,0,0,1,1,0,1,1,0,0,1,1,1
param_20159,real_001,0.7125519615676876,0.4818888188402478,0.08422170717943345,0.12373624825908344,1.2358245276977264,379.09807169067875,1,1,1,1,1,1,1,1,0,1,0,1,1,1
param_20159,real_002,0.7630219824595206,0.5423087842729192,0.14858736220944635,0.18593032907486584,0.8115992446078919,318.0437220626884,0,1,0,1,0,0,1,1,1,1,1,1,1,1
param_20159,real_003,0.7749625128449901,0.5007178406852456,0.15929236452379736,0.1890776210325702,1.0653330692546379,293.13277270615475,1,1,1,1,1,1,1,1,0,1,0,1,1,1
param_20159,real_004,0.7625150555408459,0.4573638219193213,0.09985518974894335,0.1270792428560526,1.4214534106107892,25.603261386396987,0,0,1,1,0,0,1,1,0,1,0,1,1,1
param_20159,real_005,0.7691180016046297,0.5984727668194204,0.18719854683538975,0.2171705749519552,0.5693288194402611,441.4493467111414,1,1,0,0,1,1,0,1,1,0,0,1,1,1
param_20160,real_001,0.7438213542693668,0.5845662873393608,0.10721184705843784,0.16635162130999492,0.9168103306284247,372.30092911313466,1,1,1,1,1,1,1,1,1,1,0,1,1,1
param_20160,real_002,0.7876916335269907,0.6049000360172306,0.1711744983711359,0.22023966180572377,0.6351402875277548,317.72045931078827,0,1,1,1,1,0,1,1,1,1,1,1,1,1
param_20160,real_003,0.8060771204340429,0.5957463637726454,0.19258886817055207,0.2403274567214287,0.8227561936280793,270.01160813472916,1,1,1,1,1,1,1,1,0,1,0,1,1,1
param_20160,real_004,0.7883898754840096,0.5552444961990846,0.13760356679500577,0.1769764993387689,1.1041188867538585,51.37279206406199,0,0,1,1,0,0,1,1,0,1,0,1,1,1
param_20160,real_005,0.8102983531982538,0.6727566093298419,0.2174987799406997,0.26462240840866025,0.31203666398066077,439.69662515370055,1,1,0,0,1,1,0,1,1,0,1,1,1,1
param_20161,real_001,0.7826240046863934,0.6654805754860604,0.18252985345637784,0.2609569934858775,0.02850510240154604,339.81578642796956,1,1,1,1,1,1,1,1,1,1,1,1,1,1
param_20161,real_002,0.8215909000127831,0.6884292487831587,0.22646724013805306,0.2941478077134206,0.021927676900476922,343.08458552144737,1,1,1,1,1,0,1,1,1,1,1,1,1,1
param_20161,real_003,0.8610145742832658,0.7120577172184,0.2766461368935785,0.3457860630845632,0.006084696922918596,279.6287437771482,1,1,1,1,1,1,1,1,1,1,1,1,1,1
param_20161,real_004,0.8006328616065248,0.6367147760122054,0.1703777708571958,0.225198874222769,0.03753242886913622,12.535830739663627,1,0,1,1,1,0,1,1,1,1,1,1,1,1
param_20161,real_005,0.7869477674791595,0.6808115190125095,0.19450124295120375,0.24585582245312018,0.18394822736356745,501.499739904954,1,1,1,0,1,1,1,1,1,0,1,1,1,1
