param_folder,realization,global_ssim,plume_ssim,iou_0.001,iou_0.0001,area_rel_err_1e-3_d365,centroid_err_m_d365,exceed_w500_+400_true,exceed_w500_+400_pred,exceed_w500_-400_true,exceed_w500_-400_pred,exceed_w1000_+400_true,exceed_w1000_+400_pred,exceed_w1000_-400_true,exceed_w1000_-400_pred,exceed_w1500_+600_true,exceed_w1500_+600_pred,exceed_w1500_-600_true,exceed_w1500_-600_pred,exceed_w1900_+0_true,exceed_w1900_+0_pred
param_20000,real_001,0.8468576991974848,0.406547928298862,0.040327640948531515,0.060367397595451414,0.6289620609311118,474.94413733038556,0,0,0,1,0,0,0,0,0,0,0,0,0,1
param_20000,real_002,0.837248600337341,0.3704728869869456,0.015242456155911846,0.041888876954389614,0.27760126202590707,873.2856404067212,0,1,0,1,0,1,0,0,0,0,0,0,0,0
param_20000,real_003,0.8334167862227078,0.37500622025576047,0.015520565964983524,0.0406532221660705,0.39965409581995015,399.77801669118577,0,1,0,1,0,1,0,1,0,1,0,0,0,0
param_20000,real_004,0.8111578038322012,0.3646128547891272,0.02855559668104042,0.047088363930985346,0.8333333333333334,931.4471247196177,0,0,0,1,0,0,0,0,0,0,0,0,1,1
param_20000,real_005,0.8385415835474855,0.3699828124388605,0.08522268683079708,0.10562364974335199,0.3633036422964988,559.5959221370474,0,1,0,1,0,0,0,0,0,0,0,0,0,1
param_20001,real_001,0.8412649981330719,0.4203466057889694,0.043295397313743475,0.0657185812061019,0.9047052793439262,454.14695934836715,0,0,0,1,0,0,0,0,0,0,0,0,0,1
param_20001,real_002,0.8367656891561268,0.3962142684596909,0.032441058485990534,0.06314874593027989,0.7569857804232805,801.0266343459771,0,1,0,1,0,1,0,0,0,0,0,0,0,1
param_20001,real_003,0.838940780327582,0.4089632802558235,0.03359812315444502,0.06469535128728823,0.7415961967268291,536.8082523549039,0,1,0,1,0,1,0,1,0,1,0,0,0,0
param_20001,real_004,0.8092428470043092,0.37941655883849956,0.03686234985119102,0.057841756721631506,0.9199229670124868,731.6027725880938,0,0,0,1,0,0,0,0,0,1,0,0,0,1
param_20001,real_005,0.8347247241110803,0.39229012103188327,0.09181556979466286,0.1137849623082061,0.500286932283981,563.636387541933,0,1,0,1,0,0,0,0,0,0,0,0,0,1
param_20002,real_001,0.8360153368599269,0.44332976631523435,0.054357607085308325,0.07877456826535867,0.8492898318179117,417.3067205576642,0,0,0,1,0,0,0,0,0,0,0,0,0,1
param_20002,real_002,0.8278270527134177,0.41120839273474297,0.034543588972979614,0.06782177608562374,0.7181393118331135,799.1324740109367,0,1,0,1,0,1,0,0,0,0,0,0,1,0
param_20002,real_003,0.8320836967145133,0.42591568238220384,0.03278598897691396,0.06563336911340518,0.6514634839443023,517.5454298604251,0,1,0,1,0,1,0,1,0,1,0,0,0,0
param_20002,real_004,0.8045095483954938,0.39847053006926136,0.04483925864296241,0.06801671782059585,0.9317789638428509,764.3984268623568,0,0,0,1,0,0,0,0,0,0,0,0,1,1
param_20002,real_005,0.8318993508972804,0.41824979967934356,0.10377366482440432,0.13117311707234158,0.5559295189071471,502.96086064485723,0,1,0,1,0,0,0,0,0,0,0,0,0,1
param_20003,real_001,0.8220929822423909,0.4952339149318008,0.060860092587921064,0.0938944559896901,1.0888714002564999,515.0083538760512,1,1,1,1,1,1,1,1,0,1,0,0,0,1
param_20003,real_002,0.8346074546848264,0.4999112028792873,0.07553903260425368,0.10695031639963391,1.1415017899497635,655.1456062814871,1,1,1,1,1,1,1,1,0,1,0,0,0,0
param_20003,real_003,0.846143826377061,0.5120294109215046,0.06861182206904294,0.10154940902995861,1.2324687800192122,721.6929634349834,1,1,1,1,1,1,1,1,0,1,0,1,0,0
param_20003,real_004,0.7781568679902848,0.44975111610522844,0.042439131814830076,0.07027372829219569,0.9979490660135155,422.9759221578528,1,1,1,1,1,1,1,0,0,1,0,1,0,1
param_20003,real_005,0.8104138498678611,0.48132337782659823,0.09336987448453243,0.12539745530731858,0.753640264746527,417.77758129632605,1,1,1,1,1,0,1,0,0,1,0,1,0,1
param_20004,real_001,0.8170191383054263,0.5895268307492177,0.12042638377312903,0.1677858063646907,0.7639745566692367,374.03025732896367,1,1,1,1,1,1,1,1,0,1,0,0,1,1
param_20004,real_002,0.810293525983633,0.5638706186993694,0.11647682656969505,0.16180939768433006,0.9526619943440305,497.8564767135432,1,1,1,1,1,1,1,1,0,1,0,1,1,1
param_20004,real_003,0.830048909940307,0.591963202570387,0.12287764920730085,0.16748651983589583,0.9260349947237969,411.6465271418759,1,1,1,1,1,1,1,1,0,1,0,1,1,1
param_20004,real_004,0.7854013812692192,0.5509526270174563,0.10713378026636723,0.15475415882761612,0.8124278663163323,302.36969708141766,1,1,1,1,1,1,1,0,0,1,0,1,1,1
param_20004,real_005,0.8292142640188441,0.6123130490468852,0.18623120597469695,0.22980278776113608,0.6303466743866252,332.13047563348823,1,1,1,1,1,0,1,1,0,0,0,1,1,1
param_20005,real_001,0.8211822593919044,0.6732693470296458,0.14506715679346124,0.2108210853694895,0.36952919683663005,515.652109313568,1,1,1,1,1,1,1,1,1,1,1,1,1,1
param_20005,real_002,0.8411079025701439,0.6936309259914766,0.1677768121643414,0.23940602902021346,0.3998540924612395,548.1883342262284,1,1,1,1,1,1,1,1,1,1,1,1,1,1
param_20005,real_003,0.8451482976243294,0.6889449467248973,0.1513436770247394,0.2193742042310513,0.4300703782602592,551.6393214971565,1,1,1,1,1,1,1,1,1,1,1,1,1,1
param_20005,real_004,0.7670117237444418,0.636149242190457,0.12251292422675028,0.19090355006738072,0.417505644029532,52.22965156761926,1,1,1,1,1,1,1,1,1,1,1,1,1,1
param_20005,real_005,0.8089969041419762,0.681407915554601,0.1580709293847697,0.2267607640375404,0.3649220002915877,63.741041766651605,1,1,1,1,1,1,1,1,1,1,1,1,1,1
param_20006,real_001,0.8530542913739779,0.516595031949601,0.13427287460133105,0.1540169290375016,0.9990029130579288,273.8307127052711,0,1,0,0,1,1,0,1,0,0,0,0,0,0
param_20006,real_002,0.8274014910379283,0.5075907022542188,0.11099137845085685,0.13898170621038794,0.9284495754978973,194.79027480249852,0,1,1,1,0,0,0,1,0,0,0,0,1,1
param_20006,real_003,0.8395929301577122,0.4923239672838834,0.10282607940690552,0.11971781750277138,1.120705375676567,495.1493230488321,1,1,0,0,1,1,0,1,0,0,0,1,1,0
param_20006,real_004,0.8137641352105416,0.472587828235868,0.05998603528505875,0.08691068636298027,1.4183904603231061,661.2226422154977,0,1,0,1,0,1,0,1,0,1,0,0,0,0
param_20006,real_005,0.8076085064042635,0.4195712412914442,0.057929368680829194,0.09554851124402504,1.06796247945073,98.50268237289272,1,1,0,1,1,1,0,1,0,1,0,1,0,0
param_20007,real_001,0.8530633960092305,0.5263804357258006,0.13097727577427865,0.15125272439035886,1.072362083068254,303.6338182284981,1,1,0,0,1,1,1,1,0,0,0,0,0,0
param_20007,real_002,0.8290994601674387,0.5222090689233998,0.11535222182478178,0.14299548099398565,1.0390434718429404,127.16524928723082,1,1,1,1,0,1,1,1,0,0,0,0,1,1
param_20007,real_003,0.8434036654452247,0.5039669169773444,0.10226680478720378,0.11998997336849743,1.1783064164120471,505.0710659359797,1,1,0,1,1,1,0,1,0,1,0,1,1,0
param_20007,real_004,0.8194081220668346,0.49076079191427546,0.07033596233572342,0.09603129746607397,1.4313174832981563,627.6656739533104,1,1,1,1,0,1,1,1,0,1,0,0,0,0
param_20007,real_005,0.8103703581583221,0.4366551108817539,0.07068191125908917,0.10435299704905635,1.169415129518672,100.76544446243798,1,1,1,1,1,1,0,1,0,1,0,1,0,0
param_20008,real_001,0.8458543864641177,0.5501424297232521,0.14001814566960705,0.1600265202860309,1.0571332992939768,269.81468663693823,1,1,0,0,1,1,1,1,0,0,0,0,0,0
param_20008,real_002,0.8225504074332721,0.5345646282123924,0.12409791231961821,0.15154476918893395,1.0533378844495545,129.55478818528314,1,1,1,1,0,1,1,1,0,0,0,0,1,1
param_20008,real_003,0.8360903078222814,0.5175265887842093,0.10770754367849396,0.12578361934484872,1.180350553505535,534.3627194483495,1,1,0,1,1,1,0,1,0,1,0,1,1,0
param_20008,real_004,0.8084592593647316,0.5024910625946852,0.07405651972383857,0.10110353995964688,1.4315223880597014,597.2688122928515,0,1,1,1,0,1,1,1,0,1,0,0,0,0
param_20008,real_005,0.7981360434575939,0.44941175208186634,0.07003658519838912,0.10479695068969919,1.2377806433378673,107.39933375690754,1,1,1,1,1,1,0,1,0,1,0,1,0,0
param_20009,real_001,0.8474877929080629,0.5850090119975643,0.1256839362358726,0.15533503689912007,1.0473915378154732,381.2604672514642,1,1,1,1,1,1,1,1,0,1,0,1,0,0
param_20009,real_002,0.8241773172925505,0.5705681964113429,0.13634530082720894,0.1679414145061145,1.0727135488740722,169.76374648679592,1,1,1,1,1,1,1,1,0,0,0,0,1,1
param_20009,real_003,0.8476276696932946,0.5576070566375142,0.09939855853210469,0.1276225483107241,1.1137513690368912,502.33106366076134,1,1,1,1,1,1,1,1,0,1,0,1,1,1
param_20009,real_004,0.8294250427831177,0.560177976561923,0.0908829976939365,0.11896852437199003,1.240274630408978,537.3548148399107,1,1,1,1,1,1,1,1,0,1,0,1,0,0
param_20009,real_005,0.8073963198775282,0.498036483511044,0.07946360939937153,0.10630379841214867,1.5190969777201926,232.4288297307914,1,1,1,1,1,1,1,1,0,1,0,1,0,1
param_20010,real_001,0.8404700422191062,0.6758305514927452,0.18206909737302918,0.2294980948386091,0.7984319174275506,332.6412789095658,1,1,1,1,1,1,1,1,0,1,0,1,1,1
param_20010,real_002,0.8154723058541576,0.6463643686745377,0.18230522104269775,0.22467420655946072,0.8554068799173031,138.87303574019822,1,1,1,1,1,1,1,1,0,0,0,1,1,1
param_20010,real_003,0.8403066777907565,0.645300275956471,0.15572984214785296,0.20868181965627883,0.799121522693997,350.8193458943262,1,1,1,1,1,1,1,1,0,1,0,1,1,1
param_20010,real_004,0.8160146593396648,0.6356044616899899,0.14298579084106217,0.18841957371571386,1.0016151283690569,418.10485675563535,1,1,1,1,1,1,1,1,0,1,0,1,1,1
param_20010,real_005,0.7845904823919809,0.5779754206594485,0.11480078724881673,0.16196033303005766,1.0973457404800329,96.70068132404707,1,1,1,1,1,1,1,1,0,1,0,1,1,1
param_20011,real_001,0.8484651282210933,0.7212308119320382,0.1848441856066143,0.25314527394350006,0.43874568331470926,523.8947895063471,1,1,1,1,1,1,1,1,1,1,1,1,1,1
param_20011,real_002,0.8578053371364172,0.7247348950868158,0.2375889930637192,0.30509061686156325,0.3882866148459293,229.82374167560016,1,1,1,1,1,1,1,1,1,1,1,1,1,1
param_20011,real_003,0.8503399082842124,0.6991057124978853,0.16056527365528306,0.22737360513964483,0.42313070449749574,445.1420061418199,1,1,1,1,1,1,1,1,1,1,1,1,1,1
param_20011,real_004,0.8291903012958892,0.6920228072253128,0.1593103709001805,0.22730825195058735,1.0413188206699777,1252.0582885976344,1,1,1,1,1,1,1,1,1,1,1,1,0,1
param_20011,real_005,0.8226471299591789,0.6623702667985273,0.14564989028563985,0.21388873092203564,0.5500967752517797,280.79131470934414,1,1,1,1,1,1,1,1,1,1,1,1,1,1
param_20012,real_001,0.8024170002356048,0.4557192773175997,0.08855440856232252,0.1140719247730932,1.1139591207662105,448.75599279136554,1,1,1,1,1,1,1,1,0,0,0,1,1,1
param_20012,real_002,0.8002627204746133,0.4586371282701071,0.10701526772401254,0.13960705857035965,0.9399164145697448,221.7009471844369,0,1,1,0,1,1,1,1,0,1,0,1,1,1
param_20012,real_003,0.7936954331001418,0.48524920057233095,0.09690937765538504,0.12986893062649987,1.024783026395063,186.14512705459765,1,1,0,0,1,1,1,1,0,1,0,1,1,1
param_20012,real_004,0.8252021127751974,0.45639325149339127,0.09305195991381696,0.13436455133781947,0.589045955197673,194.1607916315192,1,1,0,1,1,1,1,1,0,0,0,0,0,0
param_20012,real_005,0.7522136825207832,0.41200816099249743,0.042335289738165575,0.06651871124644222,0.6684228020608276,777.8435142025471,1,0,1,1,1,0,1,0,0,0,0,0,1,1
param_20013,real_001,0.8053079588767765,0.4687990589148309,0.0893138786334548,0.11373496394621363,1.2053281920953467,410.9281072053758,1,1,1,1,1,1,1,1,0,0,0,1,1,1
param_20013,real_002,0.8065457741375437,0.4782292205839391,0.11751259529167819,0.15014898627821568,0.9656859504132231,154.63361834986407,0,1,1,0,1,1,1,1,0,1,0,1,1,1
param_20013,real_003,0.7940789661800518,0.5000174500740076,0.09886554865916591,0.1297362108302144,1.0750370197178707,181.25670197025923,1,1,0,1,1,1,1,1,0,1,0,1,1,1
param_20013,real_004,0.8272872105301013,0.46196059410115015,0.0992286175317666,0.14126198880822105,0.6430686498076988,173.68402635356873,1,1,0,1,1,1,1,1,0,0,0,1,0,0
param_20013,real_005,0.7500624828711936,0.4172114899110955,0.04075114953710829,0.06716623667775455,0.7682425730883673,723.2480349828265,1,0,1,1,1,0,1,0,0,0,0,0,0,1
param_20014,real_001,0.7975981967884743,0.4831043510375952,0.09783909578485675,0.1252862536083482,1.179084989486536,395.20193684404256,1,1,1,1,1,1,1,1,0,0,0,1,1,1
param_20014,real_002,0.8002980144221951,0.4924573605905608,0.1282705514600617,0.16329808288355138,0.9559667540150797,113.3622110788929,0,1,1,0,1,1,1,1,0,1,0,1,1,1
param_20014,real_003,0.7898044007065184,0.515022736998868,0.10805223206121399,0.14119466440592782,1.0177153421834273,217.40459903652317,1,1,0,0,1,1,1,1,0,1,0,1,1,1
param_20014,real_004,0.8184800829438327,0.4736689076109075,0.10324611685479129,0.1487424658877434,0.6169689819593963,183.29474600004266,1,1,0,1,1,1,1,1,0,0,0,0,0,0
param_20014,real_005,0.7413186688385153,0.4291711953387263,0.0488922052780444,0.07823027742507901,0.7476719965692581,693.8108664646049,1,0,1,1,1,0,1,0,0,0,0,0,1,1
param_20015,real_001,0.8135679874903232,0.5244872477815216,0.08981139467166831,0.11824244794272397,1.2303973092285054,280.4730319469349,1,1,1,1,1,1,1,1,0,1,0,1,1,1
param_20015,real_002,0.8181336740707797,0.5391684119813511,0.13212782565135123,0.17147301990540484,0.9350063068445861,62.871491104876576,1,1,1,1,1,1,1,1,0,1,0,1,1,1
param_20015,real_003,0.7941317295136774,0.5378977647553799,0.1039876525295889,0.13858813280948384,1.0343032314454734,180.5916267074936,1,1,1,1,1,1,1,1,0,1,0,1,1,1
param_20015,real_004,0.8327370718345648,0.5083528121701779,0.1348941588800293,0.17248478987052426,0.7326576261708374,68.43647135755813,1,1,1,1,1,1,1,1,0,0,0,1,0,0
param_20015,real_005,0.7390895101636002,0.44608381959899385,0.04211650159529381,0.07576525754159694,0.7358200632009418,433.27321750474533,1,0,1,1,1,1,1,1,1,0,0,1,0,1
param_20016,real_001,0.808478858228157,0.6302331097518565,0.1550837901578115,0.20667608366163595,0.790504014415644,199.19034967111452,1,1,1,1,1,1,1,1,1,1,1,1,1,1
param_20016,real_002,0.8197119810357479,0.6461999307551299,0.19504585679624814,0.24518206506631682,0.700223432042043,78.82869059671502,1,1,1,1,1,1,1,1,0,1,0,1,1,1
param_20016,real_003,0.7881334371588007,0.6348201417982203,0.15971756869236353,0.2138516444656097,0.5786812087818777,567.5503837110351,1,1,1,1,1,1,1,1,1,1,0,1,1,1
param_20016,real_004,0.8259632583728629,0.6139810400711009,0.17980428454050698,0.23517163284849615,0.5664374690688541,105.25100557007526,1,1,1,1,1,1,1,1,1,1,0,1,1,1
param_20016,real_005,0.7427810490164988,0.5639839511165154,0.10850824073836261,0.15634306146345656,0.5158836990173644,224.79790643604275,1,1,1,0,1,1,1,1,1,1,0,1,1,1
param_20017,real_001,0.8358386907395094,0.6789557171774621,0.15610352050790144,0.21874650187002653,0.5322540789743083,204.34625980734413,1,1,1,1,1,1,1,1,1,1,1,1,1,1
param_20017,real_002,0.8394615074133885,0.6927714863295106,0.19970794692469493,0.265127593359597,0.39593740717738235,224.24845571811375,1,1,1,1,1,1,1,1,1,1,1,1,1,1
param_20017,real_003,0.8085559184006974,0.6764936917563013,0.16801760326673898,0.2322696156429576,0.513778961242281,175.67790208828382,1,1,1,1,1,1,1,1,1,1,1,1,1,1
param_20017,real_004,0.8719837235311269,0.706925946796557,0.24630114154182028,0.3208975456541346,0.29095763109091277,63.840786289300944,1,1,1,1,1,1,1,1,1,1,1,1,0,1
param_20017,real_005,0.7471625516054398,0.59709465085869,0.11329055750718364,0.1819505210784639,0.3653417521704814,120.50004018554411,1,1,1,1,1,1,1,1,1,1,1,1,1,1
param_20018,real_001,0.8512726184599143,0.42212702381543593,0.089156871509635,0.10311766808338937,1.033788965579465,49.16883507482635,0,1,0,0,0,0,0,0,0,0,0,0,0,1
param_20018,real_002,0.8498205974702732,0.4521722774475589,0.10127433821235021,0.12248359657704777,0.72014422967206,118.15959221172504,0,1,0,1,0,0,0,1,0,0,0,0,1,1
param_20018,real_003,0.8438404208508443,0.40067356156565637,0.06799298798402868,0.08393323078310608,0.7105151508384878,60.34934772480892,0,0,0,0,0,1,0,1,0,0,0,0,1,1
param_20018,real_004,0.8368345481968662,0.4058856980834163,0.08942541015687422,0.10946351677869978,0.9210104963529621,527.1958565984557,0,1,0,0,0,1,0,0,0,1,0,1,1,0
param_20018,real_005,0.8426106875872044,0.3532638212480112,0.09105234464679558,0.11806718277867478,0.5685185601546867,190.18067424657985,0,1,0,1,0,1,0,0,0,1,0,0,1,1
param_20019,real_001,0.8496035288838999,0.4480291588672032,0.09040890624214981,0.10674942581162834,1.1176494964982802,63.30242720406683,0,1,0,0,0,1,0,0,0,0,0,0,0,1
param_20019,real_002,0.8518708206032741,0.4806129337973962,0.10699234296571754,0.13089863789506462,0.9229861316022425,154.88246722588855,0,1,0,1,0,0,0,1,0,0,0,0,1,1
param_20019,real_003,0.8422791068218096,0.42069738685393476,0.06921653311323586,0.08693971759997092,0.8867940096538636,59.73797213813397,0,0,0,0,0,1,0,1,0,0,0,0,1,1
param_20019,real_004,0.8423650589340901,0.4427971119201702,0.10600371477665917,0.12677837019403607,1.0960080331161113,511.8572843555731,0,1,0,1,0,1,0,1,0,1,0,1,1,0
param_20019,real_005,0.8430584564367919,0.380507183712367,0.10022313987846636,0.13026247809570063,0.7933396804371223,135.59660921895502,0,1,0,1,0,1,0,0,0,1,0,0,0,1
param_20020,real_001,0.8447151977102402,0.47519435432122564,0.10219239294584728,0.1183104394101047,1.0676490691970568,67.45046325213697,0,1,0,0,0,1,0,0,0,0,0,0,0,1
param_20020,real_002,0.8437607134541493,0.4944179423942303,0.11173354804542444,0.1385165098333901,0.8799819583401673,151.37667009154282,0,1,0,1,0,0,0,1,0,0,0,0,1,1
param_20020,real_003,0.8381513488451501,0.4412614252633395,0.07704673238362637,0.09873015302901461,0.8598662140173962,64.15442565566123,0,0,0,0,0,1,0,1,0,0,0,0,1,1
param_20020,real_004,0.8341632206461482,0.4640032819165883,0.11126532582901032,0.13499669268804124,1.0927714194881577,503.1280145427795,0,1,0,1,0,1,0,1,0,1,0,1,1,0
param_20021,real_001,0.8379530918515666,0.5421018390777503,0.10156620478293091,0.13050856811908002,1.0979501816294759,245.53872387336696,1,1,1,1,1,1,1,1,0,1,0,0,0,1
param_20021,real_002,0.8455128545573668,0.5646953564251405,0.13107953106270098,0.1597161859817767,1.1192879211416802,300.47764502019413,1,1,1,1,1,1,1,1,0,0,0,0,1,1
param_20021,real_003,0.8271767925919903,0.4911579167272484,0.0840506738990725,0.11399638100824656,1.0000865588528067,211.1908802435607,1,1,1,1,1,1,1,1,0,1,0,1,1,1
param_20021,real_004,0.8460459304750284,0.5456275542056623,0.12319306451559214,0.15037037999396274,1.0539347879382202,476.9799919126705,1,1,1,1,1,1,1,1,0,1,0,1,1,0
param_20021,real_005,0.8415486059579469,0.4831261341979862,0.11357472722434926,0.15425072094355063,0.9418874534705496,244.30845852759046,1,1,1,1,1,1,1,1,0,1,0,1,0,1
param_20022,real_001,0.8332129174600652,0.6314012335825041,0.16912847193134173,0.211867239713274,0.82592184245988,84.91456543725099,1,1,1,1,1,1,1,1,0,1,0,1,1,1
param_20022,real_002,0.8342085456289269,0.6300617737744085,0.185230836421427,0.22514758730824244,0.8885969588505572,197.3572434462606,1,1,1,1,1,1,1,1,0,0,0,1,1,1
param_20022,real_003,0.8217987798742777,0.5846604559688537,0.14217028741063947,0.18770566322322438,0.7727605413653224,180.7324196301388,1,1,1,1,1,1,1,1,0,0,0,1,1,1
param_20022,real_004,0.8389194664572535,0.632033555355793,0.1946395879865953,0.23840679604656395,0.8505834919362917,361.5672350588341,1,1,1,1,1,1,1,1,0,1,0,1,1,1
param_20022,real_005,0.8428920499391431,0.5975245695383307,0.1948778364492736,0.24096003846438727,0.6907374973224298,172.64886875999503,1,1,1,1,1,1,1,1,0,1,0,1,1,1
param_20023,real_001,0.839723509643206,0.714756096946417,0.1860830926242393,0.2595838301428481,0.36854429008258494,440.10451924886786,1,1,1,1,1,1,1,1,1,1,1,1,1,1
param_20023,real_002,0.8485969603540545,0.7182868052290913,0.21272742801196873,0.280610799549485,0.3829387725046942,333.2207104301075,1,1,1,1,1,1,1,1,1,1,1,1,1,1
param_20023,real_003,0.8290639401511283,0.6758366255644607,0.1670392715044,0.233217117598837,0.36951487153371404,247.84093468084814,1,1,1,1,1,1,1,1,1,1,1,1,1,1
param_20023,real_004,0.8450129235188636,0.7083423461881376,0.19094691136473352,0.2652164104465975,0.40346805356405085,444.65523132886256,1,1,1,1,1,1,1,1,1,1,1,1,1,1
param_20023,real_005,0.8476135666039046,0.7134866615447971,0.20689952219423766,0.278978698514284,0.3656135293435044,88.11112501717648,1,1,1,1,1,1,1,1,1,1,1,1,1,1
param_20024,real_001,0.8038760009322297,0.43715698537797826,0.11312483918983166,0.13799486820362833,0.9907781088522611,194.14569497070266,0,1,0,0,0,1,0,1,0,0,0,1,1,1
param_20024,real_002,0.8114022996004203,0.48983524891721175,0.12616774853174564,0.141921877236157,0.9099477129926622,153.14681363492025,0,0,0,0,0,0,0,1,0,0,0,0,1,1
param_20024,real_003,0.794570097243573,0.4346798111661832,0.08592566110486599,0.10905377203032524,0.9339279213687659,69.14103017020432,0,0,0,1,1,1,0,1,0,0,0,0,1,1
param_20024,real_004,0.8027151519040909,0.45593829537930375,0.12704433726749734,0.15367698317490439,0.8243623919989412,243.3279291742765,0,1,0,1,0,1,0,0,0,1,0,1,1,1
param_20024,real_005,0.823534452275607,0.42984494042248095,0.1690323575201595,0.19627376867992052,0.6456786205437427,279.6697577567375,0,1,0,1,0,1,0,1,0,1,0,0,1,0
param_20025,real_001,0.8061725769127535,0.4667497992756704,0.12245885555990094,0.14867599594799272,1.0255094210930173,107.23575922860029,0,1,0,1,1,1,1,1,0,1,0,1,1,1
param_20025,real_002,0.8134875861197715,0.5102950715338996,0.12581075063840738,0.1446638701205939,1.0980569635529809,140.36128706756446,0,0,0,1,0,0,0,1,0,0,0,0,1,1
param_20025,real_003,0.7972613155175243,0.456452492360835,0.09606548993084425,0.11989879156950733,1.054090051426246,171.22300943854225,1,0,0,1,1,1,0,1,0,1,0,1,1,1
param_20025,real_004,0.806466773485272,0.4878401774693075,0.14573221318613697,0.17231846460441186,0.9326670355512519,220.86157017470026,0,1,0,1,1,1,0,1,0,1,0,1,1,1
param_20025,real_005,0.8273025333724999,0.4592656196377042,0.18751024445603773,0.21140494635462262,0.7963233597415583,259.3759122151183,0,1,0,1,1,1,0,1,0,1,0,0,1,0
param_20026,real_001,0.800126326308143,0.48167983453113045,0.13359787256038932,0.16134365807040904,1.0147667562133578,136.1302428350184,0,1,0,1,1,1,1,1,0,1,0,1,1,1
param_20026,real_002,0.8057545109489304,0.5288242952446819,0.13345651390717062,0.15288094846929517,1.1137922124386317,136.24734293454335,0,0,0,1,0,0,0,1,0,0,0,0,1,1
param_20026,real_003,0.7914530563411749,0.46839045654979894,0.10214592678683232,0.12862458354739797,1.0585285805451727,124.45307844752037,1,0,0,1,1,1,0,1,0,1,0,1,1,1
param_20026,real_004,0.7999866609531762,0.5145690629757521,0.15345101015271806,0.18271583322450385,0.9388340562139271,216.56995716541934,0,1,0,1,1,1,0,1,0,1,0,1,1,1
param_20026,real_005,0.8243943893243825,0.48325858241594327,0.19928471011306395,0.22476683834041836,0.7761969071576665,288.8163982908786,0,1,0,1,1,1,0,1,0,1,0,0,1,1
param_20027,real_001,0.8001751785956478,0.5356386805199889,0.14012540281134,0.1743365656095743,0.8771910223943592,116.88900098933038,1,1,1,1,1,1,1,1,1,1,1,1,1,1
param_20027,real_002,0.8160209461229939,0.5790105779223382,0.13642080679363233,0.16563149042920913,1.1951566546199597,322.27226441476057,1,1,1,1,1,1,0,1,0,0,0,1,1,1
param_20027,real_003,0.7987459497453446,0.5188656777974772,0.1064823399135522,0.13886295587699535,1.0304860706691767,278.68269276235833,1,1,1,1,1,1,0,1,0,1,0,1,1,1
param_20027,real_004,0.8081275002233813,0.5659436927501963,0.15731255694919152,0.18875786323644267,0.9259121941241146,226.95514004500978,1,1,1,1,1,1,1,1,1,1,1,1,1,1
param_20027,real_005,0.8268793370112459,0.5303887652734751,0.18166501267292876,0.22149333456393713,0.7632387493222483,299.3240047962719,1,1,1,1,1,1,0,1,0,1,0,1,1,1
param_20028,real_001,0.8208020027930432,0.6531098086026759,0.22462980043065872,0.26648578897617187,0.7010741335286956,81.01346009086927,1,1,1,1,1,1,1,1,1,1,1,1,1,1
param_20028,real_002,0.8011329233697632,0.6431511414415911,0.18013390258535827,0.21973040105279718,1.0513565648721097,281.9649660354398,1,1,1,1,1,1,1,1,0,0,0,1,1,1
param_20028,real_003,0.7972731860472332,0.606993078084902,0.163931122984355,0.21098523057648444,0.8266943531176097,160.6838225993579,1,1,1,1,1,1,1,1,1,1,0,1,1,1
param_20028,real_004,0.8209890450860126,0.6723764232856094,0.2328287512934221,0.27524355795891337,0.7961929987990887,245.4814558723925,1,1,1,1,1,1,1,1,1,1,1,1,1,1
param_20028,real_005,0.8367935868471069,0.6571615332078455,0.2529419866510734,0.2952781349414765,0.640069447840759,262.0641717989019,1,1,1,1,1,1,1,1,0,1,0,1,1,1
param_20029,real_001,0.8384914854928606,0.7252857114335509,0.22866371680721703,0.30230589126048474,0.3788979734277239,296.5379431541252,1,1,1,1,1,1,1,1,1,1,1,1,1,1
param_20029,real_002,0.8317687858444489,0.7117934518953247,0.21142450147247438,0.2795131918685206,0.45104608452595363,423.19546097716204,1,1,1,1,1,1,1,1,1,1,1,1,1,1
param_20029,real_003,0.8140328817137434,0.6716935469385645,0.1865448749054595,0.2528159632536339,0.3803760011450548,288.6576771450415,1,1,1,1,1,1,1,1,1,1,1,1,1,1
param_20029,real_004,0.8436778790097827,0.7254394576180215,0.2247930614347424,0.2985466655106379,0.43623383774136587,389.19565689011654,1,1,1,1,1,1,1,1,1,1,1,1,1,1
param_20029,real_005,0.8513524521512543,0.7341946664255569,0.25120190388471186,0.3250681652776554,0.30278004392845936,175.6556159382684,1,1,1,1,1,1,1,1,1,1,1,1,1,1
param_20030,real_001,0.7912858870915461,0.46456490684718077,0.13696742031855014,0.16892445393672184,0.7776154448212889,147.62151010211034,0,1,0,0,1,0,0,1,0,1,0,1,1,1
param_20030,real_002,0.7897991384606526,0.4935866588253726,0.16395616895057047,0.1737515219086926,0.6643956431626759,194.34664705282412,0,0,0,0,0,0,0,1,0,0,0,0,1,1
param_20030,real_003,0.7727698442623148,0.43572056184977953,0.10443728430435609,0.13090945506383947,0.692774312067052,365.36633535459157,0,0,0,1,1,1,0,0,0,0,0,1,1,1
param_20030,real_004,0.7935158989000501,0.490770086877018,0.16780079444151674,0.20460944444895496,0.46698300376959195,216.27577587132978,0,1,0,0,1,1,0,0,0,1,0,1,1,1
param_20030,real_005,0.8061751250701712,0.44842868767821303,0.19033478727888542,0.22417144555815344,0.44027246352436616,228.30849607775104,0,0,0,1,0,1,0,0,0,0,0,0,1,0
param_20031,real_001,0.7926561635626824,0.49547861658152015,0.15297411572297737,0.18626661904394345,0.8073763595478117,47.03473976431421,0,1,0,0,1,1,1,1,0,1,0,1,1,1
param_20031,real_002,0.7888375711588255,0.5167071222707853,0.15847430092873632,0.16946062790060354,0.9321215563760296,155.51673307423545,0,0,0,0,1,0,0,1,0,0,0,0,1,1
param_20031,real_003,0.7729149170462167,0.4574233768830169,0.11520486614087976,0.1440233741613673,0.9136972121339719,178.44947391181597,0,0,0,1,1,1,0,0,0,0,0,1,1,1
param_20031,real_005,0.8064669810216967,0.4804384945880549,0.21305594636263378,0.23823299743923507,0.6353601859024013,228.6963055134748,1,1,0,1,1,1,0,1,0,1,0,0,1,0
param_20032,real_001,0.7904915061939812,0.5119461439828806,0.16746268592532546,0.2017000666199728,0.8254926650181289,40.84167205118309,0,1,0,1,1,1,1,1,0,1,0,1,1,1
param_20032,real_002,0.780206226821459,0.5367691288233397,0.16549879111745866,0.17735819487709376,0.9809565810046907,154.2121051591276,0,0,0,1,1,0,0,1,0,0,0,0,1,1
param_20032,real_003,0.7702706770638081,0.472313153023347,0.1232126719806332,0.15419105399957403,0.8979034987738749,212.60519044923998,0,0,0,1,1,1,0,0,0,0,0,1,1,1
param_20032,real_004,0.7932738372255986,0.5501949154584151,0.20537107135606256,0.2395557603388424,0.5902892748562656,182.4015715982388,0,1,0,1,1,1,1,1,0,1,0,1,1,1
param_20032,real_005,0.8070887874583758,0.5089611828223148,0.22325124925547976,0.25164567255972997,0.6244952636111377,251.56486370616386,1,1,0,1,1,1,0,1,0,1,0,0,1,0
param_20033,real_002,0.7924353567835344,0.5863216553837775,0.15612396471645837,0.17918282018214501,1.3618006470308643,256.04134343729646,1,1,0,1,1,1,0,1,0,0,0,1,1,1
param_20033,real_003,0.7804560038510404,0.5230352874304254,0.130850447829491,0.16295225177644682,1.0702788235936052,187.9290365969497,1,1,0,1,1,1,0,1,0,1,0,1,1,1
param_20033,real_004,0.7992580789719367,0.6006337060037127,0.20847452711226744,0.23940822073583104,0.7960031954464888,157.18224632371022,0,1,0,1,1,1,1,1,1,1,1,1,1,1
param_20033,real_005,0.8110545326926349,0.5536166579250572,0.217398083273442,0.25181612914980844,0.8473341849845087,264.2697216863531,1,1,0,1,1,1,0,1,0,1,0,1,1,1
param_20034,real_001,0.8192264109197354,0.6788858640882853,0.24760794929276822,0.29531742344454676,0.6583819478204505,187.84668308635815,1,1,1,1,1,1,1,1,1,1,1,1,1,1
param_20034,real_002,0.7793162076727236,0.6435849840604524,0.18853607540324774,0.22995246207095074,1.1722925457102673,283.4664373981668,1,1,0,1,1,1,1,1,0,0,0,1,1,1
param_20034,real_003,0.787145310389181,0.614564209108279,0.18628407783197315,0.23504130774594006,0.866043860343599,144.00897137060855,1,1,1,1,1,1,0,1,1,1,0,1,1,1
param_20034,real_004,0.8234199304176224,0.6980731460849435,0.26860603586802406,0.311944760671078,0.7223176420695505,232.80866169735515,1,1,1,1,1,1,1,1,1,1,1,1,1,1
param_20034,real_005,0.8296994555484482,0.685635630647568,0.2793669727599793,0.3227366364834016,0.6723310966304111,209.17753776717618,1,1,1,1,1,1,0,1,0,1,0,1,1,1
param_20035,real_001,0.8315270075006531,0.7289223381179698,0.24826030698977142,0.3181951748980439,0.4633275396820029,267.7768142851364,1,1,1,1,1,1,1,1,1,1,1,1,1,1
param_20035,real_002,0.8194683488625949,0.7083940841969671,0.21348598848005962,0.2816242807083849,0.5552663616137022,479.17700234272957,1,1,1,1,1,1,1,1,1,1,1,1,1,1
param_20035,real_003,0.8098406162731503,0.6788091390709435,0.20543859033951256,0.2695221272837304,0.4262411159786651,319.88528503355224,1,1,1,1,1,1,1,1,1,1,1,1,1,1
param_20035,real_004,0.8449933788591725,0.7430995020127188,0.25512663660982327,0.3275124171759203,0.5007945470405658,353.60907694330473,1,1,1,1,1,1,1,1,1,1,1,1,1,1
param_20035,real_005,0.850493672603943,0.7462289072759488,0.2776498688715377,0.34343514134423153,0.3715943491422805,144.56525730092463,1,1,1,1,1,1,1,1,1,1,1,1,1,1
param_20036,real_001,0.860683959700154,0.43034558992335775,0.0857879952890602,0.11285744070969045,0.6465918062987981,547.5282018002329,0,0,0,1,0,1,0,1,0,0,0,0,1,1
param_20036,real_002,0.8493286880070332,0.4533850036303439,0.10754497272358857,0.12716625258307107,0.5471343983912412,254.5473583225564,0,1,0,1,0,1,0,0,0,0,0,0,1,0
param_20036,real_003,0.8481522710650998,0.373121428199496,0.05821337344817522,0.08151337700982048,0.7198092508843416,678.08529147917,0,1,0,0,0,1,0,0,0,0,0,0,1,1
param_20036,real_004,0.8266070254599817,0.34447641248019634,0.04369170241906398,0.08336545212724875,0.22466016383562867,184.46044025127026,0,1,0,1,0,1,0,1,0,0,0,0,0,0
param_20036,real_005,0.8332741842451713,0.3846003007238046,0.05468392160086435,0.0842679714510067,0.5827871494573976,446.2380271750083,0,1,0,1,0,1,0,0,0,0,0,0,0,1
param_20037,real_001,0.8648412082324259,0.46648170902330827,0.09604299217484918,0.12272058417482469,0.891623910741917,479.5256045035938,0,0,0,1,0,1,0,1,0,0,0,0,1,1
param_20037,real_002,0.853753392750078,0.4923739095188608,0.11963884620338185,0.13771742947582027,0.784694507303024,301.879398486401,0,1,0,1,0,1,0,0,0,0,0,0,1,0
param_20037,real_003,0.845571758824413,0.4032607422254076,0.06300681050101221,0.08785720055521869,0.9049242345507078,658.4840006442722,0,1,0,0,0,1,0,0,0,0,0,0,1,1
param_20037,real_004,0.8317593763298268,0.38343350273801013,0.06779155747283838,0.10782671956449398,0.45217695761420273,136.74391488851055,0,1,0,1,0,1,0,1,0,0,0,0,0,0
param_20037,real_005,0.8369634684596045,0.4252558460884566,0.07916886021090126,0.10388342414867434,0.8849995055868684,383.97367887238477,0,1,0,1,0,1,0,1,0,1,0,0,0,1
param_20038,real_001,0.8589335147737133,0.4856891487210986,0.10365950802194134,0.13423763937280137,0.8458975673224777,462.1666481414902,0,0,0,1,0,1,0,1,0,0,0,0,1,1
param_20038,real_002,0.8479479102481504,0.5109361430012672,0.1291783077245464,0.14886819287267636,0.771445158448942,263.86691455670785,0,1,0,1,0,1,0,0,0,0,0,0,1,0
param_20038,real_003,0.8395496590688387,0.41838183788306976,0.07178809687300496,0.09752035554932034,0.8254593703510112,630.2774010529009,0,1,0,1,0,1,0,0,0,0,0,0,1,1
param_20038,real_004,0.8220695555312731,0.3875188761418953,0.06751014541942531,0.11149127117166441,0.440572420813125,179.44516866803536,0,1,0,1,0,1,0,1,0,0,0,0,0,0
param_20038,real_005,0.8286010743326249,0.4333389641396944,0.0794417538420329,0.10758054646355372,0.8629237572021975,379.34444544393693,0,1,0,1,0,1,0,1,0,1,0,0,1,1
param_20039,real_001,0.8594435209746827,0.5428075603269895,0.11258845304525002,0.14521027657958827,1.1175154377043226,420.2180502996025,1,1,1,1,1,1,1,1,0,1,0,1,1,1
param_20039,real_002,0.8441811459443695,0.562203270342483,0.11924376727673085,0.1464025512563515,0.9875614610161555,412.18607480876574,1,1,1,1,1,1,1,1,0,1,0,0,1,0
param_20039,real_003,0.8379138432358816,0.49613345454645036,0.07630371099750778,0.10784998192689413,1.1570616528202886,642.1150011230936,1,1,1,1,1,1,1,1,0,1,0,1,1,1
param_20039,real_004,0.84915965027081,0.5106360628438444,0.13765085177859201,0.17412092902231344,0.8529075571889514,39.196030057427905,1,1,1,1,1,1,1,1,0,1,0,1,0,1
param_20040,real_001,0.8426765685393397,0.6263618674710473,0.16384576122719527,0.20870313568467377,0.8544402540446913,349.5230012832928,1,1,1,1,1,1,1,1,0,1,0,1,1,1
param_20040,real_002,0.833388713177375,0.6335034297046749,0.17888533572848198,0.22133512793953522,0.9018202846080354,347.9519330174977,1,1,1,1,1,1,1,1,0,1,0,0,1,1
param_20040,real_003,0.8289330952371511,0.5764682224376676,0.13614615752448386,0.18205666854307015,0.888951642255607,477.69543346544486,1,1,1,1,1,1,1,1,0,1,0,1,1,1
param_20040,real_004,0.819121546875443,0.5617294181829225,0.17532341950393884,0.22033336659563624,0.7885294008394933,188.21466354074653,1,1,1,1,1,1,1,1,0,1,0,1,1,1
param_20040,real_005,0.8263089803142263,0.5924808234918806,0.15874790653715534,0.2060218342060366,0.9082188352777149,215.7642369110236,1,1,1,1,1,1,1,1,0,1,0,1,1,1
param_20041,real_001,0.8498262898154212,0.6976146415551395,0.18224851100431422,0.24815675733784395,0.39811247956002765,307.95272444011965,1,1,1,1,1,1,1,1,1,1,1,1,1,1
param_20041,real_002,0.8474102008942102,0.7221568853881917,0.20514900139030273,0.27939797193849375,0.3895223476957936,468.494103284277,1,1,1,1,1,1,1,1,1,1,1,1,1,1
param_20041,real_003,0.8396122943157622,0.6846439373614344,0.16122594885800368,0.22844572433853927,0.40946768474933143,547.1370917013098,1,1,1,1,1,1,1,1,1,1,1,1,1,1
param_20041,real_004,0.8673091530110143,0.7233427140898739,0.23506847516636967,0.307891503474295,0.35151863504356246,171.2884014491621,1,1,1,1,1,1,1,1,1,1,1,1,1,1
param_20041,real_005,0.8377351698760894,0.6952475449218412,0.18554626838311195,0.26231604889197263,0.41428025732596846,466.29428926006307,1,1,1,1,1,1,1,1,1,1,1,1,1,1
param_20042,real_001,0.8349400113677465,0.46854761026474095,0.14700163156724957,0.17258362188677479,0.8027002363291761,221.86865264254575,0,0,0,0,0,0,0,0,0,0,0,0,1,1
param_20042,real_002,0.8043515313202549,0.36968365721834245,0.05010553579325764,0.07701563275151038,0.5237231065244009,657.5742459457335,0,1,0,1,0,1,0,1,0,0,0,0,1,1
param_20042,real_003,0.8080438442289446,0.4364262904103434,0.09730964700114736,0.12450214446566563,0.6753677713899222,179.1823727116034,0,1,0,0,0,0,0,1,0,0,0,0,1,1
param_20042,real_004,0.8129461829874152,0.4073617330102159,0.09800374334409252,0.12734223524281835,0.5870674645265875,801.4479254143599,0,0,0,1,1,1,0,0,0,0,0,0,1,1
param_20042,real_005,0.810483703886279,0.38917286778145427,0.07958751474690232,0.110562648716293,0.7178114037818876,187.2803829961501,0,0,0,1,0,1,0,1,0,1,0,0,1,1
param_20043,real_001,0.8370390563291388,0.5052528520703047,0.15492700847279253,0.17975540114465233,0.8647439085032322,315.0158947295606,0,0,0,1,0,1,0,1,0,0,0,0,1,1
param_20043,real_002,0.8106526957530409,0.40596971745619953,0.07071058599935261,0.09878194829621367,0.8798056113013025,599.5234529519539,0,1,0,1,0,1,0,1,0,0,0,1,1,1
param_20043,real_003,0.7973641780272415,0.44429515520467866,0.09235352833793259,0.12347715919962854,0.8947478512208108,338.5503324277415,0,1,0,1,0,0,0,1,0,0,0,0,1,1
param_20043,real_004,0.8189834316537115,0.44472299377053576,0.11210697825555627,0.13748400693344073,0.7866731273105775,565.4728836236528,0,0,1,1,1,1,0,0,0,0,0,0,1,1
param_20043,real_005,0.8159651782491598,0.4256535716855765,0.10524625847652418,0.13099321073897677,0.8675810285628042,155.31120604478372,0,1,0,1,0,1,0,1,0,1,0,1,1,1
param_20044,real_001,0.8350040546874079,0.525312646896491,0.1671122747053207,0.1940950985664046,0.860583641594739,310.8169763631769,0,0,0,1,0,1,0,1,0,0,0,0,1,1
param_20044,real_002,0.8021153862173749,0.4149777608611771,0.07426152286328506,0.1035838341043271,0.8604492719769524,615.1512484881918,0,1,0,1,0,1,0,1,0,0,0,1,1,1
param_20044,real_003,0.7894159475362161,0.46061677933524797,0.10182686965419244,0.13238912078903886,0.8897087742297968,355.9570309521962,0,1,0,1,0,0,0,1,0,0,0,0,1,1
param_20044,real_004,0.8100931887642046,0.45677798456083496,0.1160257914626731,0.1436654657959349,0.7730250958091235,546.3887911072062,0,0,1,1,1,1,0,0,0,0,0,0,1,1
param_20044,real_005,0.8064314576422271,0.43133521062339775,0.11054919758171802,0.13795363371066385,0.8816526219841136,183.1474117208735,0,1,0,1,0,1,0,1,0,1,0,1,1,1
param_20045,real_001,0.8328767645778652,0.5954858220940128,0.1614716503851291,0.19198457096142232,0.9297655739236014,413.79817687347946,1,1,0,1,1,1,0,1,1,1,0,1,1,1
param_20045,real_002,0.8171977731703813,0.5062216492243087,0.1146157927252822,0.14694409538930706,0.9734262233532185,207.16681453855398,1,1,1,1,1,1,1,1,0,1,0,1,1,1
param_20045,real_003,0.7775646535994132,0.5004008702955778,0.10253171306108272,0.13879069808995087,1.0051108447383326,184.62609551066873,1,1,1,1,1,1,1,1,1,1,0,1,1,1
param_20045,real_004,0.8059963018438691,0.5057035662620154,0.1203848770083581,0.15463043645660404,0.8532261389404246,102.41467718396066,1,1,1,1,1,1,1,1,0,1,0,0,1,1
param_20045,real_005,0.8299375018434799,0.5178799130734624,0.13614197306988685,0.16563773930086925,1.0401640147221405,95.02413203944133,1,1,1,1,1,1,1,1,0,1,0,1,1,1
param_20046,real_001,0.8436298591150827,0.6751892883781286,0.2276694482874585,0.27603110095169975,0.7777953985410008,418.2250518353689,1,1,1,1,1,1,1,1,0,1,0,1,1,1
param_20046,real_002,0.8089529038826805,0.5802252538978719,0.15864903801150537,0.20983199982575548,0.8621067196053661,162.2816418946872,1,1,1,1,1,1,1,1,0,1,0,1,1,1
param_20046,real_003,0.7649797091779463,0.5689596080991266,0.14731453035549297,0.19629986484245143,0.8238113939841981,195.06164399410184,1,1,1,1,1,1,1,1,1,0,0,1,1,1
param_20046,real_004,0.7988969162490901,0.586311326714541,0.16652020680742774,0.21728328898340407,0.7572250453314231,24.191268230843225,1,1,1,1,1,1,1,1,0,1,0,0,1,1
param_20046,real_005,0.8145074629397588,0.5943704889799318,0.17871569859080313,0.22056031169281995,0.9471103793913275,72.97659167549318,1,1,1,1,1,1,1,1,0,1,0,1,1,1
param_20047,real_001,0.8531463148724104,0.7410286557665556,0.2377514475425593,0.3036864095450894,0.42816495314693276,461.02689377319314,1,1,1,1,1,1,1,1,1,1,1,1,1,1
param_20047,real_002,0.8515590658152007,0.7114577801742725,0.20886135475236273,0.2836006560239985,0.38006418469269715,230.8843268307033,1,1,1,1,1,1,1,1,1,1,1,1,1,1
param_20047,real_003,0.7944260927894,0.6726822864233687,0.18690889762160245,0.26248601377832353,0.3784787855011472,155.66300436831645,1,1,1,1,1,1,1,1,1,1,1,1,1,1
param_20047,real_004,0.8215689045122917,0.662646567840047,0.19608376663396426,0.2722410024632268,0.42976407224375607,240.73863883183688,1,1,1,1,1,1,1,1,1,1,1,1,1,1
param_20047,real_005,0.8535834036897006,0.7142919971082575,0.20345257006489184,0.2818526086514638,0.37292242479828464,308.9465252666646,1,1,1,1,1,1,1,1,1,1,1,1,1,1
param_20048,real_001,0.7795239421283939,0.3998438191528583,0.07768206905635551,0.10352787134453671,0.3998178120498263,434.18330157419166,0,0,0,0,0,1,0,1,0,0,0,0,1,1
param_20048,real_002,0.8152965631363821,0.39378864571632,0.17751373043309374,0.20144954217784278,0.4519994009285607,378.56219102376656,0,0,0,0,0,0,0,0,0,0,0,0,1,1
param_20048,real_003,0.8042293641529511,0.3824533416447435,0.1000897407645219,0.13319611875462223,0.22076972873640027,261.6663211882746,0,0,0,1,0,0,0,1,0,0,0,1,1,0
param_20048,real_004,0.8358262733251911,0.5009034051746974,0.20782756891308074,0.22797009131394638,0.23265746526997258,45.85260484433455,0,1,0,0,0,1,0,0,0,0,0,0,1,0
param_20048,real_005,0.7797148596979401,0.41396803688633327,0.13515350551837327,0.14836689677305104,0.4097893131121084,474.93329754467936,0,0,0,1,0,0,0,1,0,0,0,0,1,1
param_20049,real_001,0.7753075848457991,0.42348905801835957,0.08801062784619117,0.12048105217702272,0.7552707650799769,372.4251764548284,0,1,0,0,0,1,1,1,0,1,0,0,1,1
param_20049,real_002,0.807557417777574,0.41743303286328365,0.17906319818583769,0.1994871323851784,0.5824409710675091,235.92722479353526,0,0,0,0,0,0,0,1,0,0,0,0,1,1
param_20049,real_003,0.8016568767948524,0.4246999592640454,0.1346247780244708,0.16430206520741397,0.579460082620809,239.1841560689216,0,1,0,1,0,1,0,1,0,0,0,1,1,0
param_20049,real_004,0.8393976652843707,0.5328035571089775,0.21433093112728188,0.23735649806543913,0.4725189657841771,31.75459358026664,1,1,0,0,1,1,0,0,0,0,0,0,1,1
param_20049,real_005,0.7762413858076953,0.4425251326253389,0.1422856952874097,0.1509327313529814,0.8191357778398436,437.5878670649545,0,0,0,1,1,0,0,1,0,0,0,1,1,1
param_20050,real_001,0.7691427799487056,0.43582358407134353,0.09609298539381161,0.12942107466908412,0.7737262263685837,407.37496777789636,0,1,0,1,0,1,1,1,0,1,0,0,1,1
param_20050,real_002,0.8081119682209013,0.44360854835374,0.19087177833263916,0.21426190083490915,0.5901146854373616,197.4296625917273,0,0,0,0,0,0,0,1,0,0,0,0,1,1
param_20050,real_003,0.7925581098394887,0.4329384260770567,0.14037707874699937,0.17181684797183322,0.6356758606269127,207.47311970768823,0,1,0,1,0,1,0,1,0,0,0,1,1,1
param_20050,real_004,0.8331860209741851,0.5420824125662985,0.21479128005716996,0.24244017997326872,0.5179937496405085,36.177140103751675,1,1,0,0,1,1,0,0,0,0,0,0,1,1
param_20050,real_005,0.7708370023940353,0.45345692520825226,0.14734954211624823,0.15893213250244081,0.8562164932198045,396.29398368687487,0,0,0,1,1,0,0,1,0,0,0,1,1,1
param_20051,real_001,0.7769736050876074,0.49525196713937186,0.13984764047424877,0.17250510648958578,1.0465572026484133,277.24833168215787,1,1,0,1,1,1,1,1,0,1,0,1,1,1
param_20051,real_002,0.7959514899514868,0.5072425953869044,0.1776533543980646,0.21047742337447756,0.8255589762726623,27.609946309728382,1,0,1,1,1,1,0,1,0,0,0,0,1,1
param_20051,real_003,0.8024625706345978,0.518403800495415,0.17051317636049504,0.1984374646654225,1.0035364410284198,126.5954516259803,1,1,1,1,1,1,0,1,0,1,0,1,1,1
param_20051,real_004,0.8488274377554847,0.5986090519615707,0.24090618369212827,0.2829803146886225,0.45852460766520764,38.34788205627477,1,1,1,1,1,1,1,1,0,1,0,1,1,1
param_20051,real_005,0.7749385423288078,0.5162514239141691,0.1378357886683723,0.15847410537227014,1.433330933698078,191.5351891916751,0,0,1,1,1,1,1,1,0,1,0,1,1,1
param_20052,real_001,0.7917993468940635,0.6031962987260975,0.19487185473488475,0.2391072281632857,0.8640553544207317,236.6922658481264,1,1,1,1,1,1,1,1,0,1,0,1,1,1
param_20052,real_002,0.8151412756007619,0.6246056203591449,0.24048569933866926,0.29041664267025297,0.7647696896912408,147.54786093021562,1,1,1,1,1,1,1,1,0,0,0,0,1,1
param_20052,real_003,0.8067690717528123,0.6193350532313509,0.21490775159829853,0.25451966181337365,0.9476374606442962,82.85594001681082,1,1,1,1,1,1,1,1,0,1,0,1,1,1
param_20052,real_004,0.8474082320490502,0.6852904560876603,0.2833785087931993,0.33332020995650763,0.4826539511388477,84.34682442334685,1,1,1,1,1,1,1,1,1,1,0,1,1,1
param_20052,real_005,0.7705994919295871,0.5822614537489482,0.16775965340033366,0.20266677233817243,1.312964201057558,113.88837471779057,0,1,1,1,1,1,1,1,0,1,0,1,1,1
param_20053,real_001,0.8337587083824171,0.6988923357985567,0.23172686226191033,0.3013826554814482,0.5126096104152841,84.66552567823827,1,1,1,1,1,1,1,1,1,1,1,1,1,1
param_20053,real_002,0.8204647894493685,0.6809665713600758,0.2592932544459073,0.32335014048798294,0.37733140094001,236.50641978724636,1,1,1,1,1,1,1,1,1,1,1,1,1,1
param_20053,real_003,0.8454049056284751,0.7097225365820087,0.2425593747050495,0.3207574196492289,0.35806404693219557,254.39963547252032,1,1,1,1,1,1,1,1,1,1,1,1,1,1
param_20053,real_004,0.9012794854176234,0.7893266427097275,0.35032001113381867,0.4232504113607725,0.18061014288984076,116.29105692427535,1,1,1,1,1,1,1,1,1,1,1,1,1,1
param_20053,real_005,0.8118569519852314,0.6831252110005818,0.20585895039703567,0.2777087394289744,0.5539689233891694,262.88962354314896,1,1,1,1,1,1,1,1,1,1,1,1,1,1
param_20054,real_001,0.8652986652273538,0.4687422390945397,0.13378655589064598,0.14200586963618972,0.8080794248545019,73.26403439285573,0,1,0,0,0,1,0,0,0,0,0,0,0,0
param_20054,real_002,0.8572066248899081,0.5099709739757831,0.11262469183767884,0.13767773968448918,0.7571965811965812,211.224754802946,0,1,0,0,0,0,0,0,0,0,0,0,1,1
param_20054,real_003,0.8524357960645524,0.44113373286610413,0.06158537964492841,0.08524354563732198,0.888368043929552,102.96187705967354,0,0,0,0,0,0,0,1,0,0,0,1,1,1
param_20054,real_004,0.84271019474342,0.3911935670297467,0.08176354226186017,0.10181464287507332,0.984544741852391,489.27213060898083,0,1,0,0,0,1,0,0,0,1,0,0,0,1
param_20054,real_005,0.823504644650494,0.3589038769673667,0.049058153868978695,0.07051809127457033,1.1222761117562674,260.0113783647063,0,1,0,1,0,1,0,1,0,1,0,0,0,1
param_20055,real_001,0.8623016259608339,0.4843821213178604,0.12475280859374445,0.13656672756454002,1.024294670846395,69.30610135747602,0,1,0,0,0,1,0,1,0,0,0,0,0,0
param_20055,real_002,0.8572206180699244,0.5301406745655296,0.11776078776737102,0.1430694277645723,0.9096361200314753,266.1786144419966,0,1,0,0,0,0,0,0,0,0,0,0,1,1
param_20055,real_003,0.8488935014500243,0.45453557765763586,0.060595021726057886,0.08543366763523876,1.0763754449509773,115.66663304473951,1,0,0,0,1,1,0,1,0,0,0,1,1,1
param_20055,real_004,0.8467599550099785,0.4247291919321017,0.09998958755466529,0.11974279348118007,1.1965087281795512,442.5307082316197,0,1,0,1,0,1,0,1,0,1,0,0,0,1
param_20055,real_005,0.8199669581906697,0.36910409167555414,0.0519602952472274,0.07243477687634982,1.3194506168920492,366.1814553922644,0,1,0,1,0,1,0,1,0,1,0,0,0,1
param_20056,real_001,0.8544717294800228,0.5046824635629936,0.14124600299958506,0.15420602779617687,0.965309046254605,77.07087212951792,0,1,0,0,0,1,0,1,0,0,0,0,0,0
param_20056,real_002,0.8492350558159507,0.5451245967890956,0.1278591892570221,0.15435608467031187,0.8798657165218108,239.457373388565,0,1,0,0,0,0,0,0,0,0,0,0,1,1
param_20056,real_003,0.8429618336238528,0.4755536365258439,0.06660940435291997,0.09366773883762985,0.9905317117298221,107.60922636609139,1,0,0,0,1,1,0,1,0,0,0,1,1,1
param_20056,real_004,0.8371343533867212,0.4414351461343313,0.10710074482925712,0.1274902216498409,1.1794016596009724,437.6707202014511,0,1,0,1,0,1,0,1,0,1,0,0,1,1
param_20056,real_005,0.8135808411082267,0.3855648551361818,0.05982709308590649,0.08226379161172293,1.162757378525523,249.00999791787956,0,1,0,1,0,1,0,1,0,1,0,0,1,1
param_20057,real_001,0.8521154761660764,0.5665319946970645,0.12134444957525327,0.14971938776322122,1.0960242837047456,187.21886631293017,1,1,1,1,1,1,1,1,0,1,0,0,0,0
param_20057,real_002,0.8430241181281926,0.5865307734325031,0.12877902251573303,0.1565812183778846,1.1140014385039558,394.2435712337649,1,1,1,1,1,1,1,1,0,0,0,0,0,1
param_20057,real_003,0.8244104933537172,0.5138424703545813,0.06937414247883907,0.10223746402728731,1.2136088946256747,179.3040875836196,1,1,1,1,1,1,1,1,0,1,0,1,0,1
param_20057,real_004,0.8535241321839575,0.5368085008999469,0.12092403518608831,0.14938199168309013,1.0277206949573914,380.76666180054934,1,1,1,1,1,1,1,1,0,1,0,1,1,1
param_20057,real_005,0.8159356661555183,0.4712471126655818,0.06544851125348496,0.09409212838635547,1.5231836166145547,308.1216669167259,1,1,1,1,1,1,1,1,0,1,0,1,0,1
param_20058,real_001,0.8439769934966712,0.6492888957860599,0.20330880149312297,0.23782724151586684,0.872902033271719,77.71749460113645,1,1,1,1,1,1,1,1,0,1,0,1,1,1
param_20058,real_002,0.8339308454231618,0.660186268384168,0.19120301037246107,0.2293865677312475,0.8793618888903024,259.36787947901144,1,1,1,1,1,1,1,1,0,0,0,1,1,1
param_20058,real_003,0.8203016543187008,0.612863062787984,0.12753496028730252,0.17569240878886988,0.8222572346475302,194.52490705640045,1,1,1,1,1,1,1,1,0,1,0,1,1,1
param_20058,real_004,0.8407939344655253,0.6176143527957662,0.18765725384256932,0.2310115250910467,0.835309949316464,263.1491796365257,1,1,1,1,1,1,1,1,0,1,0,1,1,1
param_20058,real_005,0.7958304678764592,0.5360911838075417,0.11727469815892974,0.16437363932244115,1.0108796502243291,137.35011303751153,1,1,1,1,1,1,1,1,0,1,0,1,1,1
param_20059,real_001,0.8491431980810309,0.7307806886384997,0.19800431517584094,0.2697491147828723,0.37792842732774756,425.4424447441593,1,1,1,1,1,1,1,1,1,1,1,1,1,1
param_20059,real_002,0.8405207181591831,0.7228554690781275,0.20105038384345592,0.2711303478112269,0.3987807220256866,410.9931119295052,1,1,1,1,1,1,1,1,1,1,1,1,1,1
param_20059,real_003,0.8091433372538035,0.6718125948559671,0.13827181356941032,0.2050125169933477,0.37867474219565656,161.7138226314053,1,1,1,1,1,1,1,1,1,1,1,1,1,1
param_20059,real_004,0.8560349813443147,0.7112625325606783,0.19547399205597293,0.26778225068206124,0.378722101460368,403.54065198530174,1,1,1,1,1,1,1,1,1,1,1,1,1,1
param_20060,real_001,0.8352628597027585,0.47917189716450354,0.11384434808838645,0.1373272157670226,1.1642765558733603,191.04994722939824,0,1,0,0,1,1,0,1,0,0,0,1,0,0
param_20060,real_002,0.8333757887138559,0.560894050178359,0.1389970237955213,0.16274006903442506,0.6882222574006649,140.3869893868905,1,1,1,0,0,0,0,1,0,0,0,0,1,1
param_20060,real_003,0.8138298411641489,0.473233532869423,0.06080691363430038,0.08775068861607009,1.076317131684833,306.61838954819564,1,0,0,1,1,1,0,0,0,0,0,1,0,1
param_20060,real_004,0.7985473195134779,0.42798380730472263,0.06514729865847893,0.09327407521777721,1.0402654369587223,149.81153077995955,0,1,0,1,1,1,0,1,0,1,0,0,0,1
param_20060,real_005,0.8135967827364499,0.423671596969174,0.07502685035227465,0.10228777202839598,1.0810678422728386,335.91805456896793,1,1,0,1,0,1,0,1,0,1,0,1,0,0
param_20061,real_001,0.8374552093541909,0.49715646976066763,0.11489495059177997,0.1396813246642861,1.1270250635670178,207.74990128232307,0,1,0,0,1,1,1,1,0,1,0,1,0,0
param_20061,real_002,0.8342593995561103,0.5723682691752269,0.13331022968511505,0.1586981965274767,0.8551118122947662,219.94794161951916,1,1,1,0,0,1,1,1,0,0,0,0,1,1
param_20061,real_003,0.8098790713787403,0.47895165822538716,0.0638211755768468,0.091864572652091,1.1323081795309393,268.88432398492205,1,0,0,1,1,1,0,0,0,0,0,1,0,1
param_20061,real_004,0.7996507577818588,0.4429643454293261,0.07733347219164678,0.10663584839480031,1.1007147725485398,165.3041575454891,0,1,0,1,1,1,0,1,0,1,0,1,0,1
param_20061,real_005,0.8110049358667232,0.43836196475707645,0.08050525393639217,0.10886640826198074,1.0963282043564953,331.78812503981817,1,1,0,1,1,1,0,1,0,1,0,1,0,0
param_20062,real_001,0.8289131668789453,0.518217766004097,0.12484382443453658,0.14989574576451117,1.0912431862141727,168.38445070175223,0,1,0,0,1,1,1,1,0,1,0,1,0,0
param_20062,real_002,0.8271633585525564,0.5856678749898466,0.14666250135875197,0.17236719104212436,0.8606831524639744,156.84382495601977,1,1,1,0,0,1,1,1,0,0,0,0,1,1
param_20062,real_003,0.8057257875324946,0.49624135468955105,0.0698463983833528,0.09960468980564693,1.0863578192986947,283.0649577844573,1,0,0,1,1,1,0,0,0,0,0,1,0,1
param_20062,real_004,0.7923628542053776,0.45721493836912264,0.08805935962119316,0.11998900787650367,1.1061201379476004,172.19435625224688,0,1,0,1,1,1,0,1,0,1,0,1,0,1
param_20062,real_005,0.8012978162122686,0.45621094672152396,0.084323985986127,0.11499697851159282,1.0748471004347506,366.2773324803278,1,1,0,1,1,1,0,1,0,1,0,1,0,1
param_20063,real_001,0.8361409691494436,0.5645651975016555,0.1255215871568935,0.15834926464299054,1.0286993938081836,210.4058964808516,1,1,1,1,1,1,1,1,0,1,0,1,0,0
param_20063,real_002,0.8271272428894892,0.6170696737259661,0.1338809810222197,0.16500129759016377,1.0119624738832975,388.96527420311475,1,1,1,1,1,1,1,1,0,0,0,0,1,1
param_20063,real_003,0.8018739328043116,0.5206551400333506,0.07361162437579476,0.10806499783438599,0.9923005695295356,187.58552007197167,1,1,1,1,1,1,0,0,0,1,0,1,0,1
param_20063,real_004,0.8060407221450687,0.5187806214141842,0.1060130403245982,0.13724818557521912,1.0381178116257384,196.59444362678073,1,1,1,1,1,1,1,1,1,1,0,1,0,1
param_20063,real_005,0.7981397607861457,0.49973156856310924,0.08854280337251719,0.11995280489605703,1.1787428795364525,272.2657408982367,1,1,1,1,1,1,0,1,0,1,0,1,0,1
param_20064,real_001,0.8294156074379435,0.6660428329252851,0.19863761279960893,0.24226474008934493,0.7415696355663088,101.64836363143132,1,1,1,1,1,1,1,1,1,1,1,1,1,1
param_20064,real_002,0.818063951751321,0.6824475331763914,0.1979414711732059,0.23539682539868603,0.8684666136353002,232.0887647591647,1,1,1,1,1,1,1,1,0,1,0,1,1,1
param_20064,real_003,0.786432830450466,0.608258029780478,0.11869398935911744,0.16879281341992736,0.7603827361563518,181.78414174603085,1,1,1,1,1,1,0,1,1,1,0,1,1,1
param_20064,real_004,0.8057764831642191,0.6111143120155815,0.17612260197288318,0.22183174697142596,0.8070021208558148,208.06495770428677,1,1,1,1,1,1,1,1,1,1,1,1,1,1
param_20064,real_005,0.7849805433225516,0.5830357511643075,0.1388302917995077,0.18365474843429944,0.9468873576282826,307.8845691241831,1,1,1,1,1,1,1,1,0,1,0,1,1,1
param_20065,real_002,0.8302079985523615,0.7268988833517188,0.19724811127043626,0.26970066354764016,0.4544294388127644,408.09025341309166,1,1,1,1,1,1,1,1,1,1,1,1,1,1
param_20065,real_003,0.7991435877563862,0.6594602207619329,0.13061515206273383,0.1961395908095798,0.4154379934199978,166.6518915559634,1,1,1,1,1,1,1,1,1,1,0,1,1,1
param_20065,real_004,0.8422361153360852,0.701121916165134,0.19229623742299176,0.26802248287187885,0.39931374651511903,283.8023830185991,1,1,1,1,1,1,1,1,1,1,1,1,1,1
param_20065,real_005,0.8108667884236652,0.6618874924133898,0.14394230666504762,0.21380144735828893,0.5467103550907914,153.83246326742517,1,1,1,1,1,1,1,1,1,1,0,1,1,1
param_20066,real_001,0.7474991572949965,0.43307926691077403,0.0405620660355928,0.06678964377547007,0.17732512730794464,815.3717096884765,1,0,1,1,1,0,1,1,0,0,0,1,1,1
param_20066,real_002,0.7742980185122285,0.48070430296800787,0.05816908595459367,0.09010629718945584,0.9116905901116428,416.2065952090028,0,1,1,1,0,1,1,1,0,1,1,1,1,1
param_20066,real_003,0.8013358157434027,0.47441018409871893,0.07085500161291534,0.10954794795009716,0.31276270538784867,376.58752654160253,1,1,1,1,0,0,1,1,0,0,1,1,0,0
param_20066,real_004,0.7694699682682851,0.44547377990178283,0.04575239894520937,0.06833273064737742,1.0412754718436121,452.3264883212948,1,1,0,1,1,1,0,0,0,0,0,1,1,1
param_20066,real_005,0.8323561522508642,0.5817275601347442,0.20971899479222944,0.23408043622644287,0.6852722561022919,121.04787470336356,1,1,0,1,1,1,0,0,0,1,0,1,0,0
param_20067,real_001,0.7423341454525151,0.4360367843670419,0.04711003735409391,0.0720822041220295,0.2989340116029836,747.991910742731,1,0,1,1,1,0,1,1,1,0,0,1,1,1
param_20067,real_002,0.7767370511858003,0.491252279901082,0.06606094654618294,0.10223426326767754,0.9162156183172332,394.3903765838502,1,1,1,1,1,1,1,1,0,1,1,1,1,1
param_20067,real_003,0.8010795921495525,0.4839697070195712,0.08215754505275125,0.1175029349045548,0.5491543900555665,345.5922295673947,1,1,1,1,0,0,1,1,0,1,1,1,0,0
param_20067,real_004,0.7706968071968185,0.46391776496386,0.05042906859531916,0.07602970774132393,1.1481723352807243,332.155092033864,1,1,0,1,1,1,0,1,0,0,0,1,1,1
param_20067,real_005,0.8361513184601386,0.5986320318728304,0.20769307705878062,0.23502064815228274,0.7045059175816341,163.88617600785733,1,1,0,1,1,1,0,1,1,1,0,1,0,0
param_20068,real_001,0.7280019395596042,0.4418476160144973,0.04961619596387422,0.07583471450758222,0.31513108719872507,753.5909380429696,1,0,1,1,1,0,1,1,1,0,0,1,1,1
param_20068,real_002,0.7642119488804353,0.505590482176147,0.06943343385835048,0.10917345345137741,0.9209155622431854,395.7710924842845,1,1,1,1,1,1,1,1,0,1,1,1,1,1
param_20068,real_003,0.7928603457011241,0.49562356051828227,0.09063411356216071,0.12807946549842872,0.5743528262510545,318.562062348093,1,1,1,1,0,0,1,1,0,1,1,1,0,0
param_20068,real_004,0.7637922183765711,0.47403278017880085,0.05631843175273983,0.08404169240727484,1.15661753243379,303.48019331108407,1,1,0,1,1,1,0,1,0,0,0,1,1,1
param_20068,real_005,0.8349892591914084,0.6242516645738446,0.2252861797491841,0.25445725903354666,0.7078689727167565,153.34535114048725,1,1,0,1,1,1,0,1,1,1,0,1,0,0
param_20069,real_001,0.7316288458046061,0.47168132618596736,0.06504979400061664,0.10536770822484347,0.5698959687906372,531.8558211254682,1,0,1,1,1,1,1,1,1,1,0,1,1,1
param_20069,real_002,0.7849366306967341,0.5459713714322963,0.09978830136754724,0.1426648195603449,0.8726995754785667,334.89873874838406,1,1,1,1,1,1,1,1,0,1,1,1,1,1
param_20069,real_003,0.8017375989705401,0.5241852081876354,0.10580857508355278,0.13868052848006462,0.9077966679657054,259.17560813826054,1,1,1,1,1,0,1,1,0,1,1,1,0,1
param_20069,real_004,0.7741593853074721,0.5147570253060467,0.06808033798867717,0.10194942780026946,1.0585993939316447,154.94913661690208,1,1,1,1,1,1,1,1,0,0,0,1,1,1
param_20069,real_005,0.843702352230208,0.6440941739115186,0.19290735581325882,0.22911330613667544,0.628094806763285,279.10636421377114,1,1,1,1,1,1,1,1,1,1,1,1,0,0
param_20070,real_001,0.7343309980793048,0.5727526519677667,0.1127020591647499,0.1729102923285175,0.6615049739369523,363.41847244062296,1,1,1,1,1,1,1,1,1,1,0,1,1,1
param_20070,real_002,0.7716605212285553,0.6147354609474598,0.14495003623838185,0.20484087583329416,0.7810529514548356,333.50402266165133,1,1,1,1,1,1,1,1,0,1,1,1,1,1
param_20070,real_003,0.7965687738987886,0.6157601163517353,0.14770006553003895,0.194758263755617,0.893413715146948,181.96667147998838,1,1,1,1,1,1,1,1,0,1,1,1,1,1
param_20070,real_004,0.7728712087022235,0.5953520191329875,0.11861457061307303,0.1672976312945326,0.9344454453693956,241.37683413668992,1,1,1,1,1,1,1,1,0,0,0,1,1,1
param_20070,real_005,0.8685388665565719,0.7570913953155441,0.2911112319863268,0.34658742200351567,0.47341608868781665,202.91150471923984,1,1,1,1,1,1,1,1,1,1,1,1,1,1
param_20071,real_001,0.7393113032773051,0.6030697533779058,0.15432283097835786,0.22642383228292937,0.38239463381972383,113.07186518458246,1,1,1,1,1,1,1,1,1,1,1,1,1,1
param_20071,real_002,0.8022850540957382,0.6638699744587525,0.18430520919581428,0.25743764418694615,0.44349180119486464,264.6393680591286,1,1,1,1,1,1,1,1,1,1,1,1,1,1
param_20071,real_004,0.7905955213107094,0.6491607739292369,0.14030727198933193,0.21062813187347454,0.47680955035912237,327.21830619788636,1,1,1,1,1,1,1,1,1,1,1,1,1,1
param_20071,real_005,0.8685330536351441,0.7695543335085759,0.25558082966465095,0.31987956518049115,0.31734837799717913,377.91444215797526,1,1,1,1,1,1,1,1,1,1,1,1,1,1
param_20072,real_001,0.8492388710011565,0.40943113803415465,0.08627930181572846,0.09954541956270603,0.9980791658091513,296.11553707004913,0,1,0,0,0,0,0,0,0,0,0,0,0,1
param_20072,real_002,0.8523260474712124,0.4881002561608223,0.1005775696821217,0.12975799090818937,0.822306151118071,226.80332776233053,0,0,0,0,0,0,0,0,0,0,0,0,1,1
param_20072,real_003,0.8345242925828861,0.3614690662257756,0.05141738950190218,0.07413450640024441,0.6461375801229102,505.52118884243623,0,0,0,0,1,0,0,1,0,0,0,0,1,1
param_20072,real_004,0.8467522299421701,0.39870670141814896,0.13471083037700293,0.15045505417528593,0.7881471699831519,202.3012468848512,0,1,0,0,0,1,0,0,0,1,0,0,1,1
param_20072,real_005,0.8421252349927622,0.3469029949380911,0.09118386759853267,0.11904998750300166,0.42627278727326523,386.24667221722257,0,1,0,1,0,0,0,0,0,0,0,0,1,1
param_20073,real_001,0.8503838873149404,0.44047426770060805,0.09333129892186591,0.10975444921826524,1.1521936204751966,222.9175556305846,0,1,0,0,0,1,0,1,0,0,0,0,0,1
param_20073,real_002,0.8535767449598457,0.5161078403767675,0.10630030716451605,0.13347003324140252,0.9869175207210279,162.9838439594309,0,1,0,1,0,0,0,0,0,0,0,0,1,1
param_20073,real_003,0.8284533076703003,0.377349545989183,0.05127841866918732,0.07556753918639654,0.7934219418788016,440.7575601888056,1,0,0,0,1,0,0,1,0,0,0,0,1,1
param_20073,real_004,0.8540631552108363,0.4396610785449978,0.15326005865503187,0.16979175249569614,0.9317093658126837,123.4895639693936,0,1,0,1,0,1,0,0,0,1,0,0,1,1
param_20073,real_005,0.8390895866937249,0.363479353778232,0.10193355584187364,0.1342378973261761,0.5332314584161939,315.9986812049926,0,1,0,1,0,1,0,0,0,1,0,0,1,1
param_20074,real_001,0.8438381390603698,0.46282410321344,0.10598115005636562,0.12235543625731551,1.0661190713979984,281.4798915513158,0,1,0,1,0,1,0,1,0,0,0,0,0,1
param_20074,real_002,0.8470005407866203,0.535401054326753,0.11416594458999896,0.14398959495807845,0.9093843098311817,165.61886864305907,0,1,0,1,0,0,0,0,0,0,0,0,1,1
param_20074,real_003,0.8220502495691059,0.399100621513811,0.06122908562875283,0.08684307601444179,0.7635133798777715,462.404457000317,1,0,0,0,1,0,0,1,0,0,0,0,1,1
param_20074,real_004,0.8463362655364434,0.4561102552691028,0.1611758498290393,0.17762158377899315,0.8878236443575965,114.8306873932883,0,1,0,1,0,1,0,0,0,1,0,0,1,1
param_20074,real_005,0.8347934018390069,0.38841822126479164,0.11183759503091684,0.1490329451720305,0.487931561258784,340.90119914352016,0,1,0,1,0,1,0,0,0,1,0,0,1,1
param_20075,real_001,0.8419812815933657,0.5384216415727306,0.11148763878911364,0.14310133976406322,1.1275781046036029,130.85547444621665,1,1,1,1,1,1,1,1,0,1,0,0,0,1
param_20075,real_002,0.8468083564736156,0.59618146165743,0.12190489129190418,0.1518490513660824,1.1434429870014509,271.666401033563,1,1,1,1,1,1,1,1,0,0,0,1,1,1
param_20075,real_003,0.7928124069561848,0.4465319834351409,0.0667866508625526,0.09884541430033102,0.8544993626559345,213.11719644017307,1,0,1,1,1,1,1,1,0,0,0,1,0,1
param_20075,real_004,0.8703804777691329,0.5619615216088789,0.18507384013025888,0.21405238918816052,0.8073723507451718,42.645265984942554,1,1,1,1,1,1,1,1,0,1,0,1,1,1
param_20075,real_005,0.8279168682681286,0.45512544339428934,0.13548964571957095,0.17684691977586478,0.6838355524410185,206.42635698907753,1,1,1,1,1,1,1,1,0,1,0,1,0,1
param_20076,real_001,0.8317205035939422,0.6144293566666559,0.17712173607003884,0.21787769325290818,0.8528115807589498,103.38145609572422,1,1,1,1,1,1,1,1,0,1,0,1,1,1
param_20076,real_002,0.8312468366221327,0.6634190169698181,0.17424506073038537,0.21574058638791044,0.9122402739514406,188.52852089363785,1,1,1,1,1,1,1,1,0,0,0,1,1,1
param_20076,real_003,0.7904334264175188,0.5483684764024482,0.12084460605534947,0.16657083568683972,0.5734265734265734,135.42241300326313,1,0,1,1,1,1,1,1,0,0,0,1,1,1
param_20076,real_004,0.861797902948108,0.6559665538187949,0.2352644623892161,0.27601409925505943,0.6851438412961663,18.157626013906935,1,1,1,1,1,1,1,1,0,1,0,1,1,1
param_20076,real_005,0.834421454988401,0.5812779384332962,0.21327702229850756,0.25755234224381907,0.5908121305576972,299.65068793518475,1,1,1,1,1,1,1,1,0,1,0,1,1,1
param_20077,real_001,0.8463637113315707,0.7195163011940394,0.20047927024191547,0.27475002932083603,0.35773599827449853,355.37195493966743,1,1,1,1,1,1,1,1,1,1,1,1,1,1
param_20077,real_002,0.8429881824277383,0.7305039985797349,0.19606093500654584,0.2638326562727601,0.3729204133264242,350.848550746555,1,1,1,1,1,1,1,1,1,1,1,1,1,1
param_20077,real_003,0.7806819326069407,0.6317009136432296,0.14423927897274472,0.2111191283315853,0.3290725362923209,89.57023680292701,1,1,1,1,1,1,1,1,1,1,1,1,1,1
param_20077,real_004,0.889898551284254,0.7666552751597417,0.268146255506467,0.33937060492339094,0.28323847675810354,157.8145652580764,1,1,1,1,1,1,1,1,1,1,1,1,1,1
param_20077,real_005,0.8385699298535187,0.6928186925141059,0.25361792657003546,0.32160620307759424,0.3208078275192369,76.85989289951947,1,1,1,1,1,1,1,1,1,1,1,1,1,1
param_20078,real_001,0.8080384489683606,0.427931222410616,0.09417372307212055,0.11444407926503068,0.6684918854730175,151.06696346777878,0,0,0,1,0,0,0,1,0,0,0,0,1,1
param_20078,real_002,0.7849771436905774,0.4101849738697348,0.042815774486932884,0.07294349301818617,0.7763197923215771,591.1596249074875,0,1,0,0,0,1,1,1,0,0,0,0,1,1
param_20078,real_003,0.8023165274476398,0.39855572738031136,0.04671792326911375,0.07314172478732406,0.23222228531410294,728.1923332024162,0,0,1,1,0,0,0,0,0,1,0,0,1,1
param_20078,real_004,0.7987214917313302,0.38355423355231005,0.05298292589289979,0.09007518248004569,0.603558394160584,467.7916257326538,0,0,0,1,0,1,0,1,0,0,0,0,1,1
param_20078,real_005,0.7755692227186125,0.37780591483544845,0.025753205601882607,0.048075703457627815,0.21743115968078222,939.3329073890926,1,0,0,0,1,0,0,1,0,0,0,0,0,1
param_20079,real_001,0.8064228008952168,0.4505375659601684,0.11055388648187428,0.12385223386308278,1.001945720418029,149.75187094177736,1,0,0,1,0,0,0,1,0,0,0,0,1,1
param_20079,real_002,0.7884336069462314,0.44310636314309876,0.0627236208017173,0.09611226504171558,0.987264244411219,385.4081323541744,0,1,0,1,0,1,1,1,0,0,0,0,1,1
param_20079,real_003,0.7933872649581307,0.42252052986647193,0.055989978784253755,0.08973248948467269,0.4234099931324433,725.058225586542,1,0,1,1,0,1,1,0,0,1,0,0,1,1
param_20079,real_004,0.7965082394610659,0.4143962250141716,0.07398507894868793,0.10830484214412081,0.9234930037065281,433.23807252941253,0,1,0,1,0,1,0,1,0,0,0,0,1,1
param_20079,real_005,0.76054000853884,0.3851475703873849,0.0278850142997361,0.049390852056665935,0.365588903067566,869.0895521228445,1,0,0,0,1,0,0,1,0,0,0,0,0,1
param_20080,real_001,0.797140709988423,0.4631225018487588,0.11393140573504983,0.12841646136306617,1.0202493745937322,150.82348662626362,1,0,0,1,0,0,0,1,0,0,0,0,1,1
param_20080,real_002,0.778187474776789,0.45265672799484236,0.06469186030779557,0.10279322422747135,0.955483093499681,365.21683257388565,0,1,1,1,0,1,1,1,0,0,0,0,1,1
param_20080,real_003,0.7890494558638411,0.4335410972300587,0.06321780717047934,0.0983957020102222,0.4012338532277005,673.1972455014588,1,0,1,1,0,1,1,0,0,1,0,0,1,1
param_20080,real_004,0.7897670723945008,0.4311552921597615,0.08039446210170947,0.11738411997831966,0.9299608172404142,451.33913817874327,0,1,0,1,0,1,0,1,0,0,0,0,1,1
param_20080,real_005,0.754705380379083,0.39853159124654775,0.03181104468630655,0.05580957414839018,0.35091992660073723,870.3560043648122,1,0,0,0,1,0,0,1,0,0,0,0,0,1
param_20081,real_001,0.7922577166877346,0.48908621087572535,0.10838219344172945,0.13267292187357188,1.1557853358400274,153.19836598131116,1,1,0,1,1,1,1,1,0,1,0,1,1,1
param_20081,real_002,0.8023635852723403,0.5378905497322396,0.1086700145750071,0.14860426230106596,0.898753951109972,164.53346047282452,1,1,1,1,1,1,1,1,0,1,1,1,1,1
param_20081,real_003,0.7766125443150128,0.48451387014539216,0.10543786635413294,0.13737908025061965,0.705213190606907,408.18161259827866,1,1,1,1,1,1,1,1,0,1,0,0,1,1
param_20081,real_004,0.8070438272928712,0.5351400738788717,0.12376742652125039,0.15640630594145022,1.164294558404922,365.6147140791575,1,1,1,1,1,1,1,1,0,1,0,1,1,1
param_20081,real_005,0.7393322066034083,0.46182132706525786,0.04397274619041311,0.08061875020993824,0.43975395722750643,375.47023001220913,1,0,1,0,1,0,1,1,0,0,0,1,0,1
param_20082,real_001,0.7706854622415992,0.5637666932354741,0.15245025494875292,0.18527286179607724,1.203205437070474,143.13516163488475,1,1,0,1,1,1,1,1,0,1,0,1,1,1
param_20082,real_002,0.8031570805058474,0.6229765449824815,0.16041198254767614,0.21703638563220995,0.643251082388559,89.57648573076938,1,1,1,1,1,1,1,1,0,1,1,1,1,1
param_20082,real_003,0.7947557502124737,0.5920511036207327,0.14745332684855023,0.19901017841067437,0.6413122953512276,253.2885111341203,1,1,1,1,1,1,1,1,0,1,1,0,1,1
param_20082,real_004,0.80254502457716,0.6024063107657812,0.16813509163387177,0.2141644301455074,0.9580761550331306,348.91976236925666,1,1,1,1,1,1,1,1,0,1,0,1,1,1
param_20082,real_005,0.7502261079058951,0.5526027721098871,0.10758997963905412,0.17066222558002297,0.5817844828478831,290.1174182660209,1,0,1,1,1,1,1,1,1,0,1,1,1,1
param_20083,real_001,0.7955921204292542,0.629119190675883,0.17080298729862148,0.23742135215784446,0.6418278782808742,269.62438182473625,1,1,1,1,1,1,1,1,1,1,1,1,1,1
param_20083,real_002,0.8556871332256587,0.7350115577443536,0.22288518894456588,0.2977211545930925,0.2801879569615962,137.97397468385245,1,1,1,1,1,1,1,1,1,1,1,1,1,1
param_20083,real_003,0.8073655278161492,0.6711741309741835,0.1946446903902388,0.2707241497411666,0.3303714485260026,95.3280398762922,1,1,1,1,1,1,1,1,1,1,1,1,1,1
param_20083,real_004,0.841438310751018,0.7144583263256492,0.20747790980393835,0.28469196255749396,0.42748983646081273,385.3584878873167,1,1,1,1,1,1,1,1,1,1,1,1,1,1
param_20083,real_005,0.7433022883372906,0.617805034977267,0.14609906028773548,0.21824207511925184,0.31536134413981326,75.78512077260888,1,1,1,1,1,1,1,1,1,1,1,1,1,1
param_20084,real_001,0.7958907617986659,0.4151503246039181,0.05906415277874861,0.09182946252995172,0.3019525935577826,519.8574105758975,0,1,0,1,0,0,1,1,0,0,0,1,1,1
param_20084,real_002,0.8393537206749151,0.4256247180497263,0.1518875885319986,0.17956760640129943,0.2656458946242311,274.7808703904462,0,0,0,1,0,0,0,0,0,0,0,0,1,1
param_20084,real_003,0.7999458577160543,0.42296595166549084,0.10841246620661556,0.14456947197825357,0.13390323074047009,749.4933133131718,0,0,1,0,0,0,0,0,0,0,0,0,1,1
param_20084,real_004,0.7883839450006427,0.39274197306628345,0.05689312002543246,0.08610407453435767,0.2222814205140453,854.3773392618257,0,0,0,1,1,0,1,0,0,0,0,0,1,1
param_20084,real_005,0.8373371150997382,0.45455904998671653,0.1372142244564582,0.1723385158576083,0.4000937079046522,102.06835543147162,1,1,0,1,0,0,0,0,0,0,0,0,1,1
param_20085,real_001,0.7807181532651956,0.4280260027094328,0.06122470486466845,0.0976969131535992,0.498485399248758,467.8938760832556,0,1,0,1,0,1,1,1,0,0,0,1,1,1
param_20085,real_003,0.7889461111370233,0.4381059772106053,0.11633519978174459,0.15158566639975019,0.2681641535830872,721.1777178482084,0,0,1,0,0,0,1,1,0,0,0,0,1,1
param_20085,real_004,0.7769717268125806,0.40485524168777937,0.07377476538618173,0.10635798841299308,0.052545267037481615,754.2517571740319,0,0,0,1,1,0,1,0,1,0,0,0,1,1
param_20085,real_005,0.8304855720605974,0.4723062773934163,0.14946077066234195,0.18523515020832892,0.4412896103224026,85.882224572397,1,1,0,1,1,1,0,1,0,0,0,0,1,1
param_20086,real_001,0.7759508601474535,0.446905028010359,0.06635095472443403,0.10594191621394809,0.49229244283419354,476.8676865519017,0,1,0,1,0,1,1,1,0,0,0,1,1,1
param_20086,real_003,0.7896708955355932,0.46153007326270773,0.12886788073199734,0.16764914331889325,0.27341167829599705,707.8428790134968,0,0,1,0,0,0,1,1,0,0,0,0,1,1
param_20086,real_004,0.7652880826947964,0.4266451785476731,0.0717253337191686,0.10503074247844206,0.06072049689440994,715.5474164788326,0,0,0,1,1,0,1,0,1,0,0,0,1,1
param_20086,real_005,0.822465590374309,0.4783580380131775,0.15968569327962906,0.19795291182872288,0.4196756683860962,98.03170204864782,1,1,0,1,1,1,0,1,0,0,0,0,1,1
param_20087,real_001,0.7623450521814928,0.48669014118799614,0.07941263003099286,0.11892649128828514,0.5649345016049275,358.7444976106084,1,1,1,1,1,1,1,1,0,1,1,1,1,1
param_20087,real_002,0.8323821196504708,0.5754079527922444,0.19269003887940778,0.23154703391542708,0.6536695939781022,56.76611520397589,0,0,1,1,0,1,1,1,0,0,1,1,1,1
param_20087,real_003,0.7647714579488445,0.4899243821308336,0.12265485085098461,0.1601469409011155,0.4634709490660969,586.5176108501546,1,0,1,1,1,1,1,1,0,0,1,1,1,1
param_20087,real_004,0.7607741027398827,0.4729805961269263,0.11465732060474756,0.15043203028644872,0.17967983507408006,517.2077047578351,1,1,1,1,1,0,1,0,1,0,1,0,0,1
param_20087,real_005,0.8278648943086583,0.5287875072933483,0.16923209427537816,0.210535667490588,0.4991502637987013,85.2479406091416,1,1,1,1,1,1,1,1,0,1,0,1,1,1
param_20088,real_001,0.7728544940860389,0.592433020880184,0.1328850750240592,0.19997625328339264,0.7259615384615384,376.9297311684543,1,1,1,1,1,1,1,1,0,1,1,1,1,1
param_20088,real_002,0.8656130592887543,0.6955422977207474,0.2616046746373547,0.31645051111231703,0.5854856026152937,84.04580552619528,0,1,1,1,0,1,1,1,0,0,1,1,1,1
param_20088,real_003,0.7857975518518154,0.6114200587076447,0.19663484004803172,0.24584098532592105,0.4830258487075646,439.6676696295469,1,1,1,1,1,1,1,1,0,0,1,1,1,1
param_20088,real_004,0.7568006409140422,0.5918342683918372,0.1408125989913902,0.19865444597970894,0.25337959444866615,381.4778869032852,1,1,1,1,1,0,1,0,1,0,1,0,1,1
param_20088,real_005,0.8163485496191615,0.609388430444812,0.22248759039998403,0.26900262393547725,0.5309462861270141,63.4596120213788,1,1,1,1,1,1,1,1,1,1,0,1,1,1
param_20089,real_001,0.7948459176120574,0.6607824941420847,0.173575589902741,0.25152649249650794,0.3044075800690198,231.31616897896694,1,1,1,1,1,1,1,1,1,1,1,1,1,1
param_20089,real_002,0.866826567891843,0.7573149037017696,0.26402299592272166,0.3322174473022698,0.3698403400267008,333.6700459634561,1,1,1,1,1,1,1,1,0,1,1,1,1,1
param_20089,real_003,0.7772038873005412,0.6368557288104074,0.17357114719791075,0.23939423386139227,0.4971782603361551,88.92056618872913,1,1,1,1,1,1,1,1,0,1,1,1,1,1
param_20089,real_004,0.7881394166750546,0.6775402090614966,0.1997767529939375,0.2794860582159552,0.10046800011923569,152.74507022699706,1,1,1,1,1,1,1,1,1,1,1,1,1,1
param_20089,real_005,0.8570032072947312,0.6963479341114299,0.25826849481872854,0.3280020775184652,0.27759748427672953,124.40154542483428,1,1,1,1,1,1,1,1,1,1,1,1,1,1
param_20090,real_001,0.8185095664784664,0.34253751174547864,0.03191259709680255,0.04916043517077126,0.7368315014215039,443.190150666019,0,0,0,1,0,1,0,0,0,0,0,0,1,1
param_20090,real_002,0.852981518258674,0.3926548969126211,0.06042129335825308,0.0942149926945436,0.6114543114543115,235.41851769187508,0,0,0,1,0,0,0,0,0,0,0,0,0,1
param_20090,real_003,0.8407816272790717,0.40681227399044073,0.06741006418745835,0.08894269256399685,0.6665708854604129,527.897868566509,0,1,0,0,0,0,0,1,0,0,0,1,0,0
param_20090,real_004,0.8361412261055663,0.34531460661140556,0.07086789648188217,0.08385062519553795,0.4218962178045903,663.5058267409914,0,0,0,0,0,1,0,0,0,0,0,0,1,1
param_20090,real_005,0.8444345758573729,0.3963574003188272,0.09608604673538056,0.10823549678185541,0.7685166176235771,305.961012440356,0,0,0,1,0,1,0,1,0,1,0,0,1,1
param_20091,real_001,0.8166533052561533,0.36785462498513966,0.03639681538188934,0.059932807369570164,0.9498591780934564,438.09318408838857,0,0,0,1,0,1,0,0,0,0,0,0,1,1
param_20091,real_002,0.8535923311056556,0.42009688371998277,0.06906692090120252,0.09846924928463378,0.8338909897246035,280.9815484303332,0,0,1,1,0,0,0,1,0,0,0,0,0,1
param_20091,real_003,0.8408120782336523,0.4328650147958215,0.07445750067928723,0.09567731002061103,0.9435911071114474,496.25536989970266,0,1,1,0,0,0,0,1,0,0,0,1,0,0
param_20091,real_004,0.8265943160947706,0.3589147678431325,0.06810343291619436,0.08250626692771082,0.6207129686539643,584.4442950863798,0,0,0,0,0,1,0,0,0,0,0,0,1,1
param_20091,real_005,0.8404950289758704,0.41887520547534973,0.09457974247784788,0.11099943208539902,0.9504297338355566,331.57696034376477,0,0,0,1,0,1,0,1,0,1,0,0,1,1
param_20092,real_001,0.8128132178867982,0.3921564836256677,0.04311353450685051,0.06830818197787755,0.9039896269698783,376.21187904757784,0,0,0,1,0,1,0,0,0,0,0,0,1,1
param_20092,real_002,0.8467216469278496,0.4416820359768868,0.07614109636977807,0.10742398154042805,0.8042833355662309,227.4460471821384,0,1,1,1,0,0,0,1,0,0,0,0,0,1
param_20092,real_003,0.8318974109116825,0.4561726609140445,0.07797602598625482,0.10024751362013813,0.898719924143653,439.4491728787054,0,1,1,0,0,0,0,1,0,0,0,1,0,0
param_20092,real_004,0.8219882313755769,0.3851125682296444,0.0780848711378879,0.09451147032390693,0.5947413603785262,569.8682999656108,0,0,0,0,0,1,0,0,0,0,0,0,1,1
param_20092,real_005,0.8330942642686824,0.4370787055565565,0.10201552822175047,0.12138194622216603,0.8985841890988637,320.7069638616646,0,0,0,1,0,1,0,1,0,1,0,0,1,1
param_20093,real_001,0.8021016652349695,0.4622291799247965,0.06308451707313197,0.0925054994713474,1.287553898147069,167.1955406386394,1,1,1,1,1,1,1,1,0,1,0,1,1,1
param_20093,real_002,0.8390624556465006,0.5117268768308179,0.08779169906661174,0.11724680041725108,1.1462596864174515,408.3619184593044,1,1,1,1,1,1,1,1,0,1,0,0,0,1
param_20093,real_003,0.8301234268160067,0.5163082840944532,0.08793451312490651,0.11295547663653333,1.3089996644637985,409.84501002857996,1,1,1,1,1,1,1,1,0,1,0,1,0,1
param_20093,real_004,0.781364953533795,0.41019603810433664,0.061345186651616944,0.08353386638862947,0.8713963292594643,233.87852399999036,1,0,1,0,1,1,1,1,0,1,0,1,1,1
param_20093,real_005,0.833914873115111,0.5146320663188608,0.10954498286163904,0.13783536197310112,1.2607509812976219,340.57890132809734,1,1,1,1,1,1,1,1,0,1,0,1,1,1
param_20094,real_001,0.7931835252911432,0.5487459932326316,0.10657881188646989,0.15360046245963374,0.8962190415710029,52.34851230507885,1,1,1,1,1,1,1,1,0,1,0,0,1,1
param_20094,real_002,0.8257375916419325,0.5924870185248942,0.1380008229712863,0.18680860311880462,0.7817289517432989,211.23038579887861,1,1,1,1,1,1,1,1,0,1,0,1,1,1
param_20094,real_003,0.8111926315902325,0.5959474873328923,0.13181954795805517,0.17700406350744277,0.9599324421446026,278.1716983889839,1,1,1,1,1,1,1,1,0,1,0,1,1,1
param_20094,real_004,0.7920666629008398,0.5372195844263669,0.12717011773167444,0.16755469222231212,0.6822762444403826,199.79644214503705,1,1,1,0,1,1,1,1,0,1,0,0,1,1
param_20094,real_005,0.8194629426984601,0.5835628683339571,0.16437424330991257,0.20556175598347728,0.9178829610577703,300.30614178030277,1,1,1,1,1,1,1,1,0,1,0,1,1,1
param_20095,real_001,0.8052214148925155,0.6554181967311703,0.15102191503209283,0.22322984724654515,0.4148655486482579,178.46160643053312,1,1,1,1,1,1,1,1,1,1,1,1,1,1
param_20095,real_002,0.834473379132191,0.6825235482974524,0.16456419339059467,0.23628916998723895,0.4098929759870492,507.7047629397946,1,1,1,1,1,1,1,1,1,1,1,1,1,1
param_20095,real_003,0.8251262144001018,0.6782584398057884,0.15979993026524153,0.22996201187152912,0.46057820278996403,383.8264958264373,1,1,1,1,1,1,1,1,1,1,1,1,1,1
param_20095,real_004,0.7553683961403411,0.5854598608433037,0.13509209976800418,0.20566243205054538,0.32664532845602806,88.34539963426964,1,1,1,1,1,1,1,1,1,1,1,1,1,1
param_20095,real_005,0.8391636446383182,0.6981308610831068,0.19307310964745883,0.26072169438972154,0.4194813210218678,332.9947257312069,1,1,1,1,1,1,1,1,1,1,1,1,1,1
param_20096,real_001,0.8079106740730118,0.37336800467103964,0.06903931948753252,0.09429288125305285,0.6337075581262952,815.2207503933818,0,0,0,0,0,0,0,0,0,0,0,0,1,1
param_20096,real_002,0.8342004005130118,0.5047276234998227,0.14013611426165073,0.15192162831060246,0.5364781191110047,57.5006291336729,0,0,0,0,1,1,0,0,0,0,0,0,1,1
param_20096,real_003,0.7764533712268752,0.3706467040612624,0.021871195958265286,0.04435856773969515,0.09525294970365342,471.87705233576685,0,0,0,1,1,0,0,1,0,0,0,0,0,1
param_20096,real_004,0.8127310493161879,0.37001850273040127,0.04507453547630634,0.08332559923922876,0.2715937291931481,529.7633102908533,0,0,0,1,0,0,1,1,0,0,0,1,1,1
param_20096,real_005,0.8323004228554849,0.3872381437604324,0.07766078138554346,0.11392855366136924,0.4278313277879832,354.85826300586353,0,1,0,1,0,1,0,1,0,1,0,1,1,0
param_20097,real_001,0.8040343976564985,0.41165750035179355,0.08502181381802629,0.11076591190976796,0.7739222084845045,698.6775462151202,0,0,0,0,0,0,0,0,0,0,0,0,1,1
param_20097,real_002,0.8340179963095735,0.5408337760308823,0.17245868259570762,0.180491419846762,0.9511049022098044,22.77059694789344,0,0,0,0,1,1,0,0,0,1,0,0,1,1
param_20097,real_003,0.7676222391121951,0.3916692685762063,0.032736740079863526,0.059825048726220784,0.4351805205709488,402.81388800811317,0,0,0,1,1,0,0,1,0,0,0,0,1,1
param_20097,real_004,0.8196233084876441,0.41263972122670184,0.0843386266109492,0.12647187457407416,0.594601363075327,458.4578083754456,0,0,0,1,0,0,1,1,0,0,0,1,1,1
param_20097,real_005,0.8321493139825732,0.4161490344611829,0.10127507353971746,0.14321908264239772,0.6273796243805204,316.01159090784915,0,1,0,1,1,1,0,1,0,1,0,1,1,0
param_20098,real_001,0.7999209999876217,0.4311647689058513,0.09353734744567758,0.11929312715356107,0.791022884812441,650.9432188225414,0,0,0,0,0,0,0,0,0,0,0,0,1,1
param_20098,real_002,0.8279409086042533,0.5558070265080908,0.17992738771191022,0.18817656524121404,0.9056801718539241,37.793005600422205,0,0,0,0,1,1,0,0,0,1,0,0,1,1
param_20098,real_003,0.7604368665764802,0.4077884187397514,0.036662908284112554,0.06695891966634764,0.4374257033416986,410.4425792709485,0,0,0,1,1,0,0,1,0,0,0,0,1,1
param_20098,real_004,0.8116532818987113,0.43340206994050073,0.0885556144226338,0.13243611849034495,0.6217796098219679,460.57500928704667,0,0,0,1,0,0,1,1,0,0,0,1,1,1
param_20098,real_005,0.8233275300939638,0.41757725084748887,0.10273724735047608,0.1466120753252072,0.5961641582954992,336.29789153447143,0,1,0,1,1,1,0,1,0,1,0,1,1,0
param_20099,real_001,0.7814781075002949,0.4900171211132882,0.0983729005276008,0.13344138309038242,0.8468827393130182,383.48568114585714,1,0,1,1,1,0,0,1,0,0,0,1,1,1
param_20099,real_002,0.8222795358221434,0.618302705127925,0.17240588078066654,0.19348821408024897,1.0471563674051043,127.80581707227073,1,1,0,1,1,1,0,1,1,1,0,1,1,1
param_20099,real_003,0.7542280729149953,0.4708853139453966,0.06462081851696633,0.10527447369244258,0.816953765893368,289.452143517437,1,1,1,1,1,0,0,1,0,1,0,1,1,1
param_20099,real_004,0.8250711776876632,0.5160562762871862,0.15563227109819755,0.19183624427272086,0.7767887709688462,282.19085163867175,1,1,1,1,1,1,1,1,0,0,0,1,1,1
param_20099,real_005,0.8522787013689562,0.5347212666286546,0.19559481102921594,0.23400655823203703,0.6993886506557315,159.36028588698946,1,1,1,1,1,1,1,1,0,1,0,1,1,0
param_20100,real_001,0.7923873354437425,0.5936907434745194,0.15570055106177053,0.19962766035851792,0.7349355031243529,193.72353090740435,1,1,1,1,1,1,1,1,0,0,0,1,1,1
param_20100,real_002,0.817229632032918,0.6562299122392217,0.2195299374336299,0.25781653777718927,0.8753574983306245,232.24779419236185,1,1,1,1,1,1,0,1,1,1,0,1,1,1
param_20100,real_003,0.7597405936065847,0.5680747720416094,0.12263456578598898,0.17951181292506288,0.811207731620144,331.1326984869528,1,1,1,1,1,1,1,1,1,1,0,1,1,1
param_20100,real_004,0.8232350445202928,0.6203309521600437,0.20052411709050474,0.2504372465563481,0.7212803643724697,271.42837744182316,1,1,1,1,1,1,1,1,0,0,0,1,1,1
param_20100,real_005,0.8352871242799645,0.6092973930378391,0.22616552178809612,0.27403985734207964,0.6827656159436444,165.51786485715775,1,1,1,1,1,1,1,1,1,1,0,1,1,1
param_20101,real_001,0.7823675301864277,0.6548633945208799,0.17335017844110973,0.23640150845477387,0.40599056048740306,86.91886789478714,1,1,1,1,1,1,1,1,1,1,1,1,1,1
param_20101,real_002,0.8358889420753611,0.7342330763505354,0.22398062970862284,0.28726168424217713,0.4052272800697832,508.71454524513405,1,1,1,1,1,1,1,1,1,1,1,1,1,1
param_20101,real_003,0.7779675437125084,0.6547890907069711,0.1760779009072444,0.2496873197661621,0.36642429401221654,246.58632927277063,1,1,1,1,1,1,1,1,1,1,1,1,1,1
param_20101,real_004,0.8630279234712235,0.7304163120456864,0.2570821409834838,0.33465067024698575,0.2981873165950478,345.3529798069073,1,1,1,1,1,1,1,1,1,1,1,1,1,1
param_20101,real_005,0.9010655008706777,0.7830234752124283,0.3477432099886065,0.4136979632673452,0.21583322948747619,69.32165523171386,1,1,1,1,1,1,1,1,1,1,1,1,1,1
param_20102,real_001,0.8047813761118171,0.43170250596205806,0.13014778723217232,0.1547983214516622,0.4566253056788334,672.0610576160896,0,1,0,1,1,0,0,1,0,0,0,0,0,0
param_20102,real_002,0.8383751621741012,0.4974355317534914,0.21903452387452732,0.24029503952092074,0.2536034942975006,242.06502727725464,0,0,0,0,0,0,0,0,0,0,0,0,1,1
param_20102,real_003,0.7694771561313112,0.36830822602218655,0.052035599580067225,0.0693003835557616,0.06665318094467483,700.4506652234959,1,0,0,1,1,0,0,0,1,0,0,1,1,1
param_20102,real_004,0.8225165591676229,0.45641002500915545,0.17311862704414657,0.1985691477217868,0.011301955535727564,291.3973194934464,0,0,0,0,1,0,0,0,0,0,0,0,1,1
param_20102,real_005,0.8133804264529523,0.36442318638420396,0.09094016979983255,0.12256325452582885,0.007212306568676679,788.1834272210507,0,0,0,1,0,0,0,0,0,0,0,0,1,1
param_20103,real_001,0.8062433323501094,0.46361417423865103,0.1539459984238018,0.18300512614824624,0.6853511280584684,488.13307876745347,0,1,0,1,1,1,1,1,0,1,0,1,0,0
param_20103,real_002,0.8284737930593994,0.5307949030199937,0.22600854835989956,0.24374588521609358,0.40753662130536533,238.79060646999332,0,0,0,0,0,0,0,0,0,0,0,0,1,1
param_20103,real_003,0.7563938429487059,0.38030986069054556,0.05724494204697202,0.0786727062199476,0.06127127787101415,617.4112279978947,1,0,0,1,1,0,0,0,1,0,0,1,1,1
param_20103,real_004,0.8175846589705317,0.4916891433493838,0.20014936257789898,0.22801177868145164,0.17753200412629158,270.55375648003826,0,1,0,0,1,1,0,0,0,0,0,0,1,1
param_20103,real_005,0.8055540666065621,0.3801586713731047,0.11775951319059864,0.15358481681243605,0.09184743497481238,676.6979903302332,0,0,0,1,0,0,0,0,0,0,0,0,1,1
param_20104,real_001,0.80112130684134,0.47884363313385925,0.15941982221379075,0.1916230743495428,0.6863847852991399,469.1641011854412,0,1,0,1,1,1,1,1,0,1,0,1,0,0
param_20104,real_002,0.8260484521467018,0.5692531424775895,0.23725378306532868,0.2553682266730078,0.4168541492575689,244.00591247927645,0,0,0,0,0,0,0,1,0,0,0,0,1,1
param_20104,real_003,0.7509564530559909,0.39560446814313466,0.06301675048219446,0.08677450996671493,0.06301712102285252,622.3553635085403,1,0,0,1,1,0,0,0,1,0,0,1,1,1
param_20104,real_004,0.8198876375723084,0.5374444635156463,0.21636741432600057,0.2472989128621186,0.19888534766139931,289.2271768963297,0,1,0,0,1,1,0,0,0,0,0,0,1,1
param_20104,real_005,0.8024783032684235,0.41147968382025746,0.12487726161935672,0.1635334289193987,0.12996580918267664,668.556561034486,0,0,0,1,0,0,0,0,0,0,0,0,1,1
param_20105,real_001,0.8155750259870719,0.5361117642374009,0.19558450085084594,0.2275653471470201,0.7195042167743163,112.2993752491711,1,1,1,1,1,1,1,1,1,1,1,1,0,0
param_20105,real_002,0.8151282217937957,0.6291996476203455,0.2151183654924901,0.23562809122952244,1.0092409348882092,142.57590807491312,1,1,0,1,1,1,0,1,0,0,0,1,1,1
param_20105,real_003,0.7423687824394066,0.46243269268561116,0.07784276198518272,0.11053044004727038,0.3470569605935846,377.4178866285149,1,0,1,1,1,1,0,1,1,0,0,1,1,1
param_20105,real_004,0.8126547184337574,0.5968159857431056,0.2395349694950049,0.27473943135267337,0.5765431778705312,196.72127874744928,0,1,0,1,1,1,1,1,1,1,0,1,1,1
param_20105,real_005,0.7920669739756613,0.4711055631871001,0.16639328474688028,0.21373767619934797,0.30750601773028824,417.7802174997886,1,1,1,1,1,0,0,0,0,0,0,1,1,1
param_20106,real_001,0.8228993595634292,0.6483620099146138,0.2349304561382915,0.28335451893223484,0.6505902532539602,119.70473607721694,1,1,1,1,1,1,1,1,1,1,1,1,1,1
param_20106,real_002,0.8138429631394272,0.6927878964310628,0.2561667407848512,0.2875084585140581,0.9411442918659616,148.68743134596426,1,1,0,1,1,1,1,1,0,0,0,1,1,1
param_20106,real_003,0.7479157295042549,0.5645619509381369,0.13019271007362831,0.18012686717013973,0.41034232478598487,329.12527363045274,1,0,1,1,1,1,0,1,1,0,0,1,1,1
param_20106,real_004,0.8397316508095714,0.7148238466072457,0.2992459488685364,0.3463040265756323,0.5546467896143912,139.90629102840745,1,1,0,1,1,1,1,1,1,1,1,1,1,1
param_20106,real_005,0.8046861200808233,0.6333296315892977,0.23644443931106868,0.29042338942726925,0.516555102459542,408.47773222607174,1,1,1,1,1,0,0,1,0,0,0,1,1,1
param_20107,real_001,0.8780181331976402,0.7541299139287096,0.29000388196320354,0.3641935815210095,0.32691424781921136,124.84222193712974,1,1,1,1,1,1,1,1,1,1,1,1,1,1
param_20107,real_002,0.8272054303658662,0.7340216736881584,0.22770081660762312,0.2901911989125157,0.51859796157534,378.9793740749744,1,1,1,1,1,1,1,1,1,1,1,1,1,1
param_20107,real_003,0.7604919874224467,0.6430535429108178,0.1663969157970083,0.2359406134201213,0.3048335164451331,214.84447798125518,1,1,1,1,1,1,1,1,1,1,1,1,1,1
param_20107,real_004,0.864281580702036,0.7764781014499608,0.3099161462281737,0.37994049221709925,0.4207052260189322,175.69384475737112,1,1,1,1,1,1,1,1,1,1,1,1,1,1
param_20107,real_005,0.8286862511261277,0.7149564097438607,0.2807344445954127,0.35577347349653166,0.23203528972759743,194.4968645477508,1,1,1,1,1,1,1,1,1,1,1,1,1,1
param_20108,real_001,0.8086017046973901,0.34751415016799725,0.027817119641411647,0.05601561649706338,1.1620618936792866,200.9472763964494,0,1,0,1,0,0,0,1,0,1,0,0,0,1
param_20108,real_002,0.8330362550860098,0.4520143311821114,0.05476781659290467,0.08593415121820921,0.7244219916257054,473.83932284524604,0,0,0,0,0,0,0,0,0,0,0,0,0,1
param_20108,real_003,0.8643309244131214,0.40675032218050106,0.07954027959954513,0.09195984863760767,0.6612409383583232,241.5301587685762,1,0,0,1,1,0,0,1,0,0,0,0,0,1
param_20108,real_004,0.9036567205900853,0.5090742479359123,0.1635623560410212,0.19162207174721707,0.538978777054003,245.93148037617382,0,0,0,0,0,0,0,0,0,0,0,0,1,1
param_20108,real_005,0.8232120093570401,0.3372915334697122,0.03540721832066355,0.05744052040226626,0.2876478563747721,798.7220646630103,0,1,0,0,0,1,0,0,0,0,0,0,1,1
param_20109,real_001,0.7996285937813521,0.36977783726598196,0.033701652184394304,0.06515988496781439,1.384902123671374,172.0102602960884,0,1,0,1,0,0,0,1,0,1,0,0,0,1
param_20109,real_002,0.8307289384257958,0.47476824769688747,0.06335181899864865,0.09518272694657552,0.9771494468884807,377.023530767571,0,0,0,1,0,0,0,0,0,0,0,0,0,1
param_20109,real_003,0.8585041107038023,0.4200244818156065,0.07817263793765244,0.09220031208155177,0.8853088974283181,212.6496424864648,1,0,0,1,1,0,0,1,0,0,0,0,0,1
param_20109,real_004,0.9026203525762108,0.527115510418707,0.16601685020584933,0.19603856287583576,0.5988895395493092,235.85898684281716,0,1,0,0,0,0,0,0,0,0,0,0,1,1
param_20109,real_005,0.8199250158278655,0.3507987181456671,0.05074788710291531,0.0759071676133214,0.4631728349927959,802.8578813892948,0,1,0,0,0,1,0,0,0,1,0,0,1,1
param_20110,real_001,0.7904624608134171,0.3856781258599958,0.03817275116232686,0.07046611358371627,1.3514247505400678,182.10020203110986,0,1,0,1,0,0,0,1,0,1,0,0,0,1
param_20110,real_002,0.8231549481191205,0.4940858613224369,0.07078994808757352,0.1042814163522178,0.9151819735947766,390.2754959464262,0,0,0,1,0,0,0,0,0,0,0,0,0,1
param_20110,real_003,0.8516988850131297,0.4378455225148999,0.0845634766177306,0.10000780484179447,0.8140690216838034,229.20941188972085,1,0,0,1,1,0,0,1,0,0,0,0,0,1
param_20110,real_004,0.8991190831981405,0.5487981519049144,0.1770737218342763,0.2101441698698882,0.5768980909071858,234.75559075209233,0,0,0,0,0,0,0,0,0,0,0,0,1,1
param_20110,real_005,0.8133118587862458,0.36867984642551294,0.057128822849543716,0.0867313585892043,0.42656427998818613,826.4287768447259,0,1,0,0,0,1,0,0,0,1,0,0,1,1
param_20111,real_001,0.7797048590268011,0.46801857813364117,0.07152600315348578,0.10402951837349196,1.4770101460324907,121.7838688960518,1,1,1,1,1,1,1,1,0,1,0,1,0,1
param_20111,real_002,0.8133376188314239,0.5536170600863107,0.08417455708061895,0.11402250532439251,1.3504357860852136,184.01044930599323,1,1,1,1,1,1,1,1,0,1,0,1,0,1
param_20111,real_003,0.8380196937737405,0.5035032408890422,0.08153201350211262,0.10801460831269191,1.0394081366385957,153.76014822417935,1,0,1,1,1,1,0,1,0,0,0,1,0,1
param_20111,real_004,0.8964173593536263,0.6049725726905184,0.16876443294153026,0.20313457268647345,0.6683896440519606,145.54991272580796,1,1,1,1,1,1,1,1,0,0,0,0,1,1
param_20111,real_005,0.8035813123544258,0.4540780577396024,0.0825674270890082,0.12116358785752582,0.8026958073412084,520.1600782344788,1,1,1,1,1,1,1,0,0,1,0,1,1,1
param_20112,real_001,0.7614869344244027,0.5289548444502279,0.10755915104269603,0.1494402056105249,1.1885398322722067,96.39915545132565,1,1,1,1,1,1,1,1,0,1,0,1,1,1
param_20112,real_002,0.8021954863146433,0.628140684514906,0.13688092917926317,0.18054696065052497,0.9532551097653293,166.16250896300315,1,1,1,1,1,1,1,1,0,1,0,1,1,1
param_20112,real_003,0.8257653209836399,0.5838886433533673,0.13598742280246032,0.1819988710624864,0.6381832649813307,116.89964753178116,1,0,1,1,1,1,1,1,0,0,0,1,1,1
param_20112,real_004,0.8947734460916915,0.7089843103429345,0.23872975905101107,0.2829942171216089,0.6112372597084247,124.83283265616103,1,1,1,1,1,1,1,1,0,0,0,0,1,1
param_20112,real_005,0.8033214803986308,0.543013139248127,0.1629658749307787,0.20527821522787476,0.7441783144707619,557.9177282607623,1,1,1,1,1,1,1,1,0,1,0,1,1,1
param_20113,real_001,0.7870932084465829,0.6575757860994551,0.170460885065343,0.2451251266972265,0.4106702425708197,177.08967716877137,1,1,1,1,1,1,1,1,1,1,1,1,1,1
param_20113,real_002,0.8034580699795129,0.6963736409137367,0.16140942579250267,0.2287806131860063,0.4476425779791392,126.31085850237342,1,1,1,1,1,1,1,1,1,1,1,1,1,1
param_20113,real_003,0.8320425576449151,0.6838266532779413,0.15701354928699668,0.2266217904096007,0.36844365639820603,317.3423633952849,1,1,1,1,1,1,1,1,1,1,1,1,1,1
param_20113,real_004,0.895159499196063,0.773687616903578,0.2362686001048247,0.30756610597230183,0.29397770610813395,175.4849537900209,1,1,1,1,1,1,1,1,1,1,1,1,1,1
param_20113,real_005,0.8074042746859247,0.6708860910097385,0.18392385998294983,0.25528562465193383,0.399190921443684,153.46849676023615,1,1,1,1,1,1,1,1,1,1,1,1,1,1
param_20114,real_001,0.7959918791914788,0.3842965034257801,0.038289654825566774,0.06577581291926846,1.2383757626762044,354.40906433264666,0,1,1,1,0,0,1,1,0,0,0,1,0,1
param_20114,real_002,0.829911352368672,0.48294208351587825,0.06717312577134388,0.09856222961378337,0.6517383368001018,194.97847039831987,1,0,1,1,0,0,0,0,0,0,0,0,0,1
param_20114,real_003,0.8358126910908271,0.42374622379530663,0.058889573719113006,0.08214567508393372,0.45707020143366306,284.499262536169,1,0,0,1,1,0,0,0,0,0,0,0,0,1
param_20114,real_004,0.8756886883056137,0.49780079098646424,0.16737271877417662,0.19107713873900956,0.5983158957415565,233.00892452811524,0,0,0,0,0,0,0,0,0,0,0,0,1,1
param_20114,real_005,0.8047031087930637,0.380224987467866,0.036256908791081684,0.05427623240888886,0.3640603962300442,715.1573593337633,0,0,0,0,0,0,0,0,0,0,0,0,1,1
param_20115,real_001,0.7901478440936416,0.4035233543008509,0.04379932287395033,0.07293641245424624,1.3330208532619092,309.26804196259053,0,1,1,1,1,0,1,1,0,1,0,1,0,1
param_20115,real_002,0.8257716626955732,0.4982094022653396,0.07426302259474662,0.10437622933230842,0.8559813009429439,179.40485042958926,1,0,1,1,0,0,0,1,0,1,0,0,0,1
param_20115,real_003,0.8294027091353864,0.43235456561688956,0.06255642367738869,0.08788616531172465,0.5860733582901506,270.8139796319407,1,0,0,1,1,1,0,0,0,0,0,1,0,1
param_20115,real_004,0.8728296410332956,0.5125880418223524,0.16704876502477403,0.1928393953473037,0.6993315676630092,243.44468146424717,0,1,0,0,0,0,0,0,0,0,0,0,1,1
param_20115,real_005,0.7994967634531426,0.39230507191609043,0.04966258147455921,0.06936725013084909,0.4260924904539669,677.5601518138775,1,0,0,0,0,0,0,0,0,0,0,0,1,1
param_20116,real_001,0.7806982243645616,0.4187830787081729,0.048725119818013155,0.08071300601818629,1.340769173713099,297.8431029237189,0,1,1,1,1,0,1,1,0,1,0,1,0,1
param_20116,real_002,0.818354702858463,0.5196321229493657,0.08366866745557233,0.1158656786732968,0.7871797757023368,182.9480437757282,1,0,1,1,0,0,0,1,0,1,0,0,0,1
param_20116,real_003,0.8220907575789603,0.44482366847936283,0.06918505554110631,0.09482979256606953,0.5374829943991943,277.9355588540043,1,0,0,1,1,1,0,0,0,0,0,1,0,1
param_20116,real_004,0.8709541317351308,0.5351329611727871,0.1883980926408828,0.21318652814200212,0.6654803538366592,231.35117378449416,0,1,0,0,0,0,0,0,0,0,0,0,1,1
param_20116,real_005,0.791627263876884,0.4133477461877375,0.054303153713859215,0.07613173617641462,0.42260210913960494,657.7601724534693,1,0,0,0,0,0,0,0,0,0,0,0,1,1
param_20117,real_001,0.7716491484436294,0.482787043822446,0.07116881078709598,0.11025407550050906,1.1189217355939096,61.49374252724173,0,1,1,1,1,1,1,1,0,1,1,1,0,1
param_20117,real_002,0.809751439929847,0.5593120659397436,0.09302969159830585,0.12562356435535857,1.1616987485846213,176.6998679731736,1,1,1,1,1,1,1,1,0,1,0,1,0,1
param_20117,real_003,0.8081792807088022,0.4873061830561863,0.07452088865941012,0.1023636940627012,0.7133247256294384,270.20492156570174,1,1,1,1,1,1,0,0,1,0,0,1,0,1
param_20117,real_004,0.870856681034677,0.5874318974362674,0.17077378269686427,0.20367929772551704,0.6839960698185181,309.1596855265663,1,1,0,1,1,1,1,1,0,1,0,1,1,1
param_20117,real_005,0.7773142585150516,0.46484500269504225,0.08218040364793476,0.11581256282628319,0.5759886071032985,480.0890906660305,1,1,0,0,1,0,0,0,0,0,0,1,1,1
param_20118,real_001,0.7645366777985997,0.5646678597823283,0.11804442160450418,0.16764860544930882,0.9636542777382451,71.83822004372026,1,1,1,1,1,1,1,1,0,1,1,1,1,1
param_20118,real_002,0.8035443520944712,0.6515830121424249,0.1533402683488389,0.1965883811736219,0.8593473034990166,160.70324349125838,1,1,1,1,1,1,1,1,0,1,0,1,1,1
param_20118,real_003,0.804176180741072,0.5859270869900527,0.1225381694629249,0.16982727820476692,0.39098185475422204,233.93419845429474,1,0,1,1,1,1,0,1,1,0,0,1,1,1
param_20118,real_004,0.8734743121337911,0.7016807568065369,0.2519589146885415,0.2895420260853572,0.6649079565585766,183.73375892870104,1,1,0,1,1,1,1,1,0,1,0,0,1,1
param_20118,real_005,0.7755655000872522,0.5772913399430127,0.15146500842197633,0.19433106853053694,0.7923249359521777,460.6869719960746,1,1,0,0,1,1,0,1,0,0,0,1,1,1
param_20119,real_001,0.7882374680721821,0.658869870472463,0.1722260981195579,0.24922261549655877,0.40668181354946614,143.04340923873357,1,1,1,1,1,1,1,1,1,1,1,1,1,1
param_20119,real_002,0.8027182436161006,0.6858984217714085,0.15639969011243998,0.22139568278486113,0.5124780503378917,166.56411506454356,1,1,1,1,1,1,1,1,1,1,1,1,1,1
param_20119,real_004,0.9004712312505009,0.780802458336931,0.26624394206253205,0.33450204757218827,0.3206371672469244,134.36110184424848,1,1,1,1,1,1,1,1,1,1,1,1,1,1
param_20119,real_005,0.7911222786452717,0.6557219819556362,0.1690209233048611,0.23925580950725997,0.47971824308307087,199.9819421233715,1,1,1,1,1,1,1,1,1,1,1,1,1,1
param_20120,real_001,0.8074547867628727,0.36292714436467344,0.05346109807652234,0.06812134320138825,0.7377293009419931,329.61336699825523,0,0,0,1,0,1,0,1,0,0,0,0,1,0
param_20120,real_002,0.7903758365477492,0.4691304003514645,0.0156322932595799,0.03781409659774813,0.45506854256854257,650.410213565432,1,0,0,1,1,0,1,1,1,0,0,1,0,1
param_20120,real_003,0.815237888567846,0.3968607441397453,0.03499391275759176,0.05147208320186724,0.6964622909794108,440.3809789762675,1,0,0,0,0,1,0,0,0,1,0,0,0,0
param_20120,real_004,0.8226946146754216,0.3925553010327103,0.05988060777480628,0.08740509522704415,0.7207468278445902,621.8088338370338,1,0,0,1,1,1,0,1,0,0,0,1,0,1
param_20120,real_005,0.8751575054154453,0.48099645414814346,0.16140210342886518,0.20352604303530947,0.3090601185436071,418.50287877723235,0,0,1,1,0,0,1,1,0,0,0,1,1,0
param_20121,real_001,0.7940990001890956,0.382735203209959,0.05972417020373674,0.07922731498890609,1.0434437357514281,361.6699332540538,0,1,1,1,0,1,0,1,0,0,0,0,1,0
param_20121,real_002,0.7923158299117006,0.49045324495684883,0.032750253431097505,0.06016041235556839,0.8206298643722703,624.9239971826178,1,0,1,1,1,0,1,1,1,1,0,1,0,1
param_20121,real_003,0.8101884037007107,0.40648681096935113,0.04232915270362683,0.061134741157099375,0.9964379256155055,352.12051316344184,1,0,0,0,0,1,0,0,0,1,0,0,0,0
param_20121,real_004,0.8168925440992516,0.40765747424516385,0.06896098232624484,0.0981959260633371,0.8626722228479183,488.6572193465779,1,0,0,1,1,1,0,1,0,0,0,1,0,1
param_20121,real_005,0.8762372314185957,0.49989145185246264,0.17369374078804575,0.21605427651016426,0.49801483257172824,381.0526018646625,0,0,1,1,0,0,1,1,0,0,0,1,1,0
param_20122,real_001,0.7825765736646108,0.38978268982926406,0.061452299140136245,0.08490465385778463,1.088529151384849,339.1781268028751,0,1,1,1,0,1,0,1,0,0,0,0,1,0
param_20122,real_002,0.7802174284981487,0.5062953268927359,0.03198821903362918,0.06067915029818985,0.8134839484532737,639.5929937782357,1,0,1,1,1,0,1,1,1,1,0,1,0,1
param_20122,real_003,0.8023648058497918,0.4215730980025539,0.047540094037390734,0.06903978698183949,0.9055793991416309,383.167871752031,1,0,0,0,0,1,0,0,0,1,0,0,0,0
param_20122,real_004,0.8085953218663181,0.4191535720010057,0.07433736702758408,0.10574639370737972,0.930280459770115,552.4615760943618,1,0,0,1,1,1,0,1,0,0,0,1,0,1
param_20122,real_005,0.870024361145751,0.5155558634361103,0.17945951662350276,0.22085192658851913,0.47746863066012,365.21467384826224,0,0,1,1,0,0,1,1,0,0,0,1,1,0
param_20123,real_001,0.7900726745379107,0.4852212920550595,0.09016505914240973,0.11899886637061675,1.2892728326677831,386.46881313951945,0,1,1,1,0,1,1,1,0,1,0,1,1,0
param_20123,real_002,0.8070186530109477,0.5796848598594184,0.0815447718449274,0.11688146386051948,1.1358639382976001,519.8604541639663,1,1,1,1,1,1,1,1,1,1,0,1,0,1
param_20123,real_003,0.7929297935306333,0.45679370686097337,0.05937589323601615,0.08673712767084198,1.0682000378970076,203.94621459097942,1,0,1,0,1,1,0,1,0,1,0,1,0,1
param_20123,real_004,0.8132682649796482,0.47854469696274066,0.10173770280600004,0.1380277034289694,0.9589332901903683,325.6575486279057,1,0,0,1,1,1,1,1,0,0,0,1,1,1
param_20123,real_005,0.8939045091314344,0.5990694432481223,0.23364027263098322,0.27698036615328125,0.5861999678508278,327.0907377237844,1,1,1,1,0,1,1,1,0,1,1,1,1,1
param_20124,real_001,0.75741260407599,0.5380069255315589,0.1163560423159041,0.1549779004372355,1.3214873359866117,326.12644755398287,1,1,1,1,0,1,1,1,0,1,0,1,1,1
param_20124,real_002,0.7822858912561442,0.6349222895591807,0.10272877460774771,0.15560855027977444,0.8962069068859075,531.942663524144,1,1,1,1,1,1,1,1,1,1,0,1,1,1
param_20124,real_003,0.7780404383467066,0.5519344609167317,0.10236208914539485,0.144280802631771,0.8086862580872267,345.9188443246873,1,1,1,1,1,1,1,1,0,1,0,1,1,1
param_20124,real_004,0.8035836596140027,0.5713185044816398,0.1474713657902223,0.19115646375614823,0.8210475848016301,290.10948692464933,1,1,1,1,1,1,1,1,0,0,0,1,1,1
param_20124,real_005,0.8776559638143224,0.6867058859167231,0.25946573018723074,0.31278248467290126,0.46899695377687517,277.9048062475229,1,1,1,1,0,1,1,1,0,1,1,1,1,1
param_20125,real_001,0.8180263100453026,0.6840429183735769,0.1597811773300563,0.23359851027985448,0.5830318021201414,372.8474503374957,1,1,1,1,1,1,1,1,1,1,1,1,1,1
param_20125,real_002,0.8305976431115073,0.7214097306693023,0.1649742707135716,0.23892725599194292,0.36397765283609707,496.6311214609834,1,1,1,1,1,1,1,1,1,1,1,1,0,1
param_20125,real_003,0.7904387233507444,0.6089715092361635,0.1236585129123109,0.1860805191305615,0.47099886931056034,172.82575938771672,1,1,1,1,1,1,1,1,1,1,0,1,0,1
param_20125,real_004,0.8314442737456231,0.6609290947928202,0.18176948025997774,0.24958425849690596,0.37449177615881396,150.49955630858582,1,1,1,1,1,1,1,1,1,1,1,1,1,1
param_20125,real_005,0.9357203845757597,0.8367971768304843,0.3905641686897937,0.458258220391632,0.1610612004445099,186.06229664789885,1,1,1,1,1,1,1,1,1,1,1,1,1,1
param_20126,real_001,0.8389767238531491,0.35313906278837026,0.014415723685987791,0.031822199737956074,0.5563458085899737,531.824495049618,0,1,0,1,0,0,0,1,0,0,0,1,0,1
param_20126,real_002,0.861437303077113,0.4211464427608781,0.09653097066634697,0.11477761545104276,0.6827941660269766,557.1693563496258,0,0,0,0,0,1,0,1,0,0,0,1,1,1
param_20126,real_003,0.824518481541579,0.3311682664769679,0.05458085043124053,0.06929384617104989,0.6201652271873827,669.717013921661,0,1,0,0,0,1,0,0,0,0,0,0,0,1
param_20126,real_004,0.8169501679177935,0.3168533547088593,0.028877209391999087,0.04225159547232964,0.5068149772834091,713.9816989900378,0,0,0,0,0,1,0,1,0,0,0,0,0,1
param_20127,real_001,0.8360789836139925,0.3737246125573854,0.01983556024947267,0.0433581029790973,0.9200616557127871,530.3489606242613,0,1,0,1,0,0,0,1,0,0,0,1,0,1
param_20127,real_002,0.8592866966966717,0.42957087252304615,0.09711982289874194,0.11659920105898011,0.8422985613700464,481.52848191679936,0,0,0,1,0,1,0,1,0,0,0,1,1,1
param_20127,real_003,0.8196207475613894,0.34921988227981204,0.05533049141404982,0.07332841012011605,0.8809788654060067,649.3255214375325,0,1,0,0,0,1,0,0,0,0,0,0,0,1
param_20127,real_004,0.8094473486756241,0.3249640759280526,0.03076516121214552,0.04558027053356134,0.6282852263734433,587.5879512322767,0,0,0,0,1,1,0,1,0,1,0,0,0,1
param_20127,real_005,0.8695092260151002,0.4577775486368503,0.1715125936494796,0.19191552087238353,0.7459130655176783,449.896332361416,0,1,0,0,0,0,0,1,0,0,0,0,0,1
param_20128,real_001,0.8273724918368452,0.3862471602894898,0.022090900107316777,0.04820486076315619,0.8879454601797335,523.035759883729,0,1,0,1,0,0,0,1,0,0,0,1,0,1
param_20128,real_002,0.8532969212690201,0.4578933837385062,0.10738384447659328,0.12888315740792755,0.8158668548576805,507.84231395423575,0,0,0,1,0,1,0,1,0,0,0,1,1,1
param_20128,real_003,0.8127145872691192,0.36919122713871855,0.06233050770668987,0.08335103489211187,0.8090303632001323,660.4943766110514,0,1,0,0,0,1,0,0,0,0,0,0,0,1
param_20128,real_004,0.8026143591519432,0.3475667143802705,0.03587552890039118,0.05311466321441575,0.5677334943639292,597.5735624083411,0,0,0,0,1,1,0,1,0,1,0,0,0,1
param_20128,real_005,0.8658704021981428,0.47471766665987336,0.18802169662898505,0.20822854794293696,0.6834184303714074,444.1918720995713,0,1,0,1,0,0,0,1,0,0,0,0,0,1
param_20129,real_001,0.8290975474836279,0.4747618494194047,0.05522004308513307,0.08751696581223524,1.462029893924783,437.410430336214,1,1,1,1,1,1,1,1,0,1,0,1,0,1
param_20129,real_002,0.8398897416274066,0.49080137809268415,0.10351465344806911,0.13552976292208854,0.9308591980063434,204.93742815079332,1,0,1,1,1,1,1,1,0,1,0,1,0,1
param_20129,real_003,0.7989832934021828,0.4492972338555721,0.07122502765210295,0.10108176551110218,1.1687443621253124,329.2277820578682,1,1,1,1,1,1,1,1,0,0,0,1,0,1
param_20129,real_004,0.7675941330162843,0.3877671028613369,0.040995755495015836,0.06546797376455643,0.7741859920356056,293.369356968041,1,0,1,0,1,1,1,1,0,1,0,1,0,1
param_20129,real_005,0.8732912055066726,0.5493739284732948,0.21084265296213245,0.2452526826898931,0.6855278577525716,142.4171193862904,1,1,1,1,1,1,1,1,0,0,0,1,0,1
param_20130,real_001,0.8114275469152507,0.5425753311617695,0.09629333016767846,0.13964454170334153,1.0452413621055257,412.1513605089438,1,1,1,1,1,1,1,1,0,1,0,1,1,1
param_20130,real_002,0.8432340533201019,0.6120447055832244,0.16794056864726303,0.21704262251608594,0.6455987565701269,327.97044831586504,1,0,1,1,1,1,1,1,0,1,0,1,1,1
param_20130,real_003,0.7965218035226439,0.5423440005663078,0.13345704971133807,0.17584800540708606,0.8636814920008545,284.93448751961444,1,1,1,1,1,1,1,1,0,0,0,1,1,1
param_20130,real_004,0.7777218704014043,0.5134223417996018,0.09023299462336322,0.13846002273336122,0.5795993836671802,228.7272667172819,1,1,1,0,1,1,1,1,0,1,0,1,1,1
param_20130,real_005,0.8746104836243783,0.6583914174850307,0.2825148756399684,0.31842593489233123,0.5783355022618827,188.69586902642976,1,1,1,1,1,1,1,1,0,0,0,1,1,1
param_20131,real_001,0.8353114742193037,0.6683042646900366,0.15749607767185117,0.22732442502116368,0.40443735851812185,402.08918234550055,1,1,1,1,1,1,1,1,1,1,1,1,1,1
param_20131,real_002,0.833000816105315,0.6777353366749118,0.1833152754307611,0.24827696240649247,0.32937892117763307,181.55961806423474,1,1,1,1,1,1,1,1,1,1,1,1,1,1
param_20131,real_003,0.7956039687607688,0.6418697288613677,0.15978125786690492,0.23106239586726418,0.4455238815125061,115.46786921207689,1,1,1,1,1,1,1,1,1,1,1,1,1,1
param_20131,real_004,0.7371296360128886,0.5730820887212765,0.12055952793766284,0.19225072118719094,0.3397351196877977,151.64542061320088,1,1,1,1,1,1,1,1,1,1,1,1,1,1
param_20131,real_005,0.8850723285644575,0.7551420748779962,0.2913358573625563,0.3593424766376739,0.261504835474116,82.56549903620746,1,1,1,1,1,1,1,1,1,1,1,1,1,1
param_20132,real_002,0.8269921623502864,0.4479807943076251,0.08990308089279977,0.120475897394656,0.5030527741391176,226.26352100286798,0,0,0,0,0,0,0,0,0,0,0,0,1,1
param_20132,real_003,0.8254660359935724,0.40860726284558374,0.05947085532254902,0.0799950664695609,0.24718629430461989,428.11259887934546,1,0,0,1,1,0,0,0,0,0,0,0,0,1
param_20132,real_004,0.8728497202577339,0.5020671522843212,0.14888085644184243,0.1703191113441671,0.6179534165983508,296.29574999819954,0,0,0,0,0,0,0,0,0,0,0,0,1,1
param_20132,real_005,0.8073266644057245,0.37996460974993645,0.048840444605760334,0.07147179669607444,0.30047476261869066,719.681283090395,0,1,0,0,0,0,0,0,0,0,0,0,1,1
param_20133,real_001,0.7955724595436107,0.39584939622641235,0.05837986988652823,0.09262319525828293,1.4851060541668277,145.34116588395463,0,1,1,1,1,1,1,1,0,1,0,1,0,1
param_20133,real_002,0.8214821668865474,0.47600344342583434,0.09677497228855408,0.12695178142665267,0.6973724505420469,192.1104644487755,0,0,0,0,0,0,0,0,0,0,0,0,1,1
param_20133,real_003,0.8169867614703306,0.42161574015766,0.06336824662572837,0.08868030369151234,0.36526416490677066,377.61533289153556,1,0,0,1,1,0,0,0,0,0,0,1,0,1
param_20133,real_004,0.8740968831346939,0.5286600644780285,0.1581688054046525,0.18260378989022363,0.7087068701622425,273.2877675630416,0,0,0,1,0,0,0,0,0,0,0,0,1,1
param_20133,real_005,0.7996825262222331,0.385028730962748,0.07131765761598872,0.09703337583730816,0.3323393405073685,683.9950245211127,0,1,0,0,0,0,0,0,0,0,0,0,1,1
param_20134,real_001,0.7866499938594209,0.4096920138237804,0.06212019640210657,0.09816046523309309,1.4456519698931998,158.0059246344365,0,1,1,1,1,1,1,1,0,1,0,1,0,1
param_20134,real_002,0.8146709259799355,0.49510663431004415,0.10178903367680146,0.13334488303603995,0.684555969103934,193.66315616590896,0,0,0,0,0,0,0,0,0,0,0,0,1,1
param_20134,real_003,0.8105910793168656,0.43202732812003525,0.06992577273621704,0.09707443283099075,0.32556885394196644,387.49838155487504,1,0,0,1,1,0,0,1,0,0,0,1,0,1
param_20134,real_004,0.8719303297231916,0.5541972293942884,0.1724057119687913,0.19905299834328738,0.6772631397701347,271.45227179701374,0,0,0,1,0,0,0,0,0,0,0,0,1,1
param_20134,real_005,0.7934914999333406,0.4087626924887793,0.07614905639797431,0.10536958140355089,0.32480741583159883,655.6024398919675,0,1,0,0,0,0,0,0,0,0,0,0,1,1
param_20135,real_001,0.7844031476066985,0.49299879039065686,0.10379634029389197,0.13906006958213224,1.1225895316804408,148.15033096895544,0,1,1,1,1,1,1,1,0,1,1,1,0,1
param_20135,real_002,0.802533595585184,0.5582636225923074,0.1073984421735738,0.1398484747870233,1.0626135469565838,135.38248256167972,1,1,1,1,1,1,1,1,0,1,0,1,1,1
param_20135,real_003,0.8048953546105144,0.497574831094501,0.08817543128579092,0.1179474587698105,0.5668323147394384,273.3488438861409,1,0,1,1,1,1,0,1,1,0,0,1,1,1
param_20135,real_004,0.870689648250074,0.602072856874012,0.17317030077552795,0.20724590595189338,0.689002550005159,269.17562029088396,1,1,0,1,1,1,0,1,0,0,0,1,1,1
param_20136,real_001,0.7797854863663148,0.5633101641596144,0.14249129048209905,0.19289596319402297,0.9077572769382137,159.89131365816752,1,1,1,1,1,1,1,1,0,1,1,1,1,1
param_20136,real_002,0.7936218684811754,0.6362091427359747,0.15610922667396276,0.19581417888992816,0.9925261393158346,134.2801044095605,1,1,1,1,1,1,1,1,0,1,0,1,1,1
param_20136,real_003,0.7930295676915132,0.5771465234818617,0.13054773781779597,0.17603562728886984,0.3421812910022007,289.4369832396675,1,0,1,1,1,1,0,1,1,0,0,1,1,1
param_20136,real_004,0.8728707196620711,0.706748643735663,0.2421511210947213,0.28091701227500393,0.6848927175560341,180.41151126006105,1,1,0,1,1,1,1,1,0,0,0,0,1,1
param_20136,real_005,0.7961217371615055,0.6023922100528444,0.20461935586973745,0.2509123469760254,0.5540396503943722,400.44824670449685,1,1,0,1,1,0,0,1,0,0,0,1,1,1
param_20137,real_001,0.8104348369189441,0.6692084579277775,0.2003943589298459,0.2770642510190128,0.39019199876703475,230.9009240495253,1,1,1,1,1,1,1,1,1,1,1,1,1,1
param_20137,real_002,0.800158516916145,0.6925061218526335,0.16079920305895093,0.22623575933619527,0.5109048603594553,138.4754279593024,1,1,1,1,1,1,1,1,1,1,1,1,1,1
param_20137,real_003,0.813964599890624,0.670797796572817,0.15554911020822493,0.22794993117461826,0.3467648990618765,331.73136295643667,1,1,1,1,1,1,1,1,1,1,1,1,1,1
param_20137,real_004,0.8930876698962747,0.7867315719697474,0.25865477990534413,0.3258536047358895,0.3255529670779786,163.69596728513454,1,1,1,1,1,1,1,1,1,1,1,1,1,1
param_20137,real_005,0.8130477225176748,0.6812562392503341,0.23757942284457076,0.30670201919409157,0.34582358055239754,124.52650877794709,1,1,1,1,1,1,1,1,1,1,1,1,1,1
param_20138,real_001,0.7918515103109819,0.38618649714800407,0.03784356762383418,0.073906924287982,1.0918346188935888,181.37268577523454,0,1,0,1,1,0,0,1,0,0,0,1,1,1
param_20138,real_002,0.8188226081935303,0.43627711958927107,0.09769764688214683,0.13010586221384693,0.3021252280169667,233.2499486908302,0,0,0,0,0,0,0,0,0,0,0,0,1,1
param_20138,real_003,0.8186345134986922,0.42397747461324714,0.062109428828547565,0.08065447774645054,0.06357341475383022,403.9225050312988,1,0,0,1,1,0,0,0,0,0,0,0,0,1
param_20138,real_004,0.8626619850317582,0.522827243855874,0.17076515641240014,0.1942695229783976,0.5183399864427205,328.52821039283305,0,0,0,0,0,0,0,0,0,0,0,0,1,1
param_20138,real_005,0.796035846712296,0.3993528179691401,0.041414871076063786,0.06533015223438912,0.2090504302581549,681.1305613669298,0,1,0,0,0,0,0,0,0,0,0,0,1,1
param_20139,real_001,0.7868947133882824,0.41640035302712286,0.06167478490389031,0.09762659925482754,1.2711082986801663,145.70268452379847,0,1,1,1,1,1,1,1,0,1,0,1,1,1
param_20139,real_002,0.8109633599239419,0.46936058100930594,0.11078447026132508,0.14131770327042747,0.5143047238855623,198.3432305739624,1,0,0,0,0,0,0,1,0,0,0,0,1,1
param_20139,real_003,0.8037062382623411,0.43229126233516035,0.06355514996241722,0.08979900123303515,0.08404312933878194,380.166273612721,1,0,0,1,1,1,0,0,0,0,0,1,0,1
param_20139,real_004,0.85800431161265,0.5399589258630086,0.18227687215614685,0.20694187797456276,0.6480097812797174,307.30020749806846,0,0,0,0,0,0,0,0,0,0,0,0,1,1
param_20139,real_005,0.7823447572651843,0.3937331682104036,0.06671073329876726,0.0922498464462766,0.2611297373000042,622.711597686766,0,1,0,0,0,0,0,0,0,0,0,0,1,1
param_20140,real_001,0.7792034748733258,0.42687130835859777,0.06442041072247914,0.10252197424336075,1.2691191396164598,189.75700935206208,0,1,1,1,1,1,1,1,0,0,0,1,1,1
param_20140,real_002,0.8044982419699837,0.49211245792787345,0.11310658360785293,0.14513180821118274,0.5370535096562494,211.61378646282094,1,0,0,0,0,0,0,1,0,0,0,0,1,1
param_20140,real_003,0.8000459022763328,0.44699175953008136,0.0692393457068503,0.09706885997989848,0.04976792980671414,394.61686933380724,1,0,0,1,1,0,0,0,0,0,0,1,1,1
param_20140,real_004,0.8594981803678822,0.5709262480793754,0.2030948863088804,0.22953354097055834,0.6198428072050408,294.1172131696481,0,0,0,0,0,0,0,0,0,0,0,0,1,1
param_20140,real_005,0.780520167635993,0.42359069517520503,0.07610029847639867,0.10440311677741146,0.27212412605765396,593.0634074951382,0,1,0,0,0,0,0,0,0,0,0,0,1,1
param_20141,real_001,0.7811575271501809,0.5054706295698272,0.10821379412556119,0.14834414335660587,0.9747011788946253,162.7212117371677,0,1,1,1,1,1,1,1,1,1,1,1,1,1
param_20141,real_002,0.7972700429686322,0.5641955322346883,0.12327828033659585,0.15773960212530388,0.9406236898032355,142.9746977289385,1,1,0,1,1,1,1,1,0,1,0,1,1,1
param_20141,real_003,0.7911944865361954,0.49805293856156607,0.09647618270256544,0.1275194584836592,0.3400357920414002,322.72517963581276,1,0,1,1,1,1,0,0,1,0,0,1,1,1
param_20141,real_004,0.8552967151172343,0.5914252595065841,0.19337178914882197,0.22685983245503105,0.7707084921023922,288.5431468298041,1,1,0,1,1,1,0,1,0,0,0,1,1,1
param_20142,real_001,0.7834298372354422,0.5859309000202082,0.153231171889198,0.20844269062752827,0.7885855568146698,210.61729737005405,1,1,1,1,1,1,1,1,1,1,1,1,1,1
param_20142,real_002,0.784028728263429,0.6372635259359858,0.16719405931931366,0.20731623232801152,0.980035973517368,131.58217102928037,1,1,0,1,1,1,1,1,0,1,0,1,1,1
param_20142,real_003,0.7857925942363483,0.58786229432,0.13466774300214357,0.1817446909551322,0.22656151724805265,351.4117251659848,1,0,1,1,1,1,0,1,1,0,0,1,1,1
param_20142,real_004,0.8623593053505536,0.7118897253896492,0.2728886732688321,0.3059996329319501,0.7551209398756047,190.19617293699096,1,1,0,1,1,1,1,1,0,1,0,1,1,1
param_20142,real_005,0.787545309495593,0.6113511691478472,0.20060105485475652,0.24848131322543446,0.5774066138317371,343.79381858257597,1,1,0,0,1,0,0,1,0,0,0,1,1,1
param_20143,real_001,0.8141154344338033,0.6784244060802745,0.2061708115136113,0.2831979355572406,0.4157393025734734,224.13318127647005,1,1,1,1,1,1,1,1,1,1,1,1,1,1
param_20143,real_002,0.801378616494021,0.6901429482119222,0.16856302745471968,0.23266363850193603,0.5693672781215446,168.63557509155132,1,1,1,1,1,1,1,1,1,1,1,1,1,1
param_20143,real_003,0.8099532104903869,0.6703869740568525,0.16012712711096408,0.2323217488962466,0.3360237077242121,347.88392059943544,1,1,1,1,1,1,1,1,1,1,1,1,1,1
param_20143,real_004,0.8935501404490469,0.7874841424620023,0.28790779823876117,0.34899434310406624,0.3586841506047496,230.59137544647433,1,1,1,1,1,1,1,1,1,1,1,1,1,1
param_20143,real_005,0.8142170445724796,0.6887103616816382,0.24127148143520227,0.31169140532133605,0.3665234474376007,174.84226465125175,1,1,1,1,1,1,1,1,1,1,1,1,1,1
param_20144,real_001,0.7888557837857053,0.33347327154624645,0.024470504849607982,0.04278491917501131,0.5651080370412713,737.0699315795994,0,1,0,0,0,1,0,0,0,1,0,0,1,1
param_20144,real_002,0.8017238144853559,0.31885307513137745,0.03399351746497215,0.05358512819909802,0.3492191458976367,688.6668336358975,0,1,0,1,0,1,0,0,0,0,0,0,1,1
param_20144,real_003,0.8086237590334743,0.39121416480664545,0.04017725876525495,0.05348964007426387,0.6544735865126334,327.8764349750245,1,0,0,1,0,0,0,1,0,1,0,1,0,0
param_20144,real_004,0.8356230805586538,0.34479287733061137,0.019948302602141723,0.033492236948113235,0.5646283329151746,479.75423486894795,0,0,0,1,0,1,0,1,0,1,0,0,0,0
param_20144,real_005,0.8215718039538487,0.34520193666398286,0.027605621839271403,0.05346695947983362,0.5870021432398642,472.3816215843505,0,1,0,1,0,1,1,1,0,1,0,1,0,0
param_20145,real_001,0.7869095063168287,0.3549051756789303,0.03530090719135801,0.05220375921455529,0.7845162936037242,601.3783777669275,0,1,0,0,0,1,0,0,0,1,0,0,1,1
param_20145,real_002,0.7939183254376917,0.33097602017892797,0.037641651146232025,0.06313396225749719,0.4393955405262602,651.1884743440852,0,1,0,1,0,1,0,0,0,0,0,0,1,1
param_20145,real_003,0.809295000846369,0.4196266682659693,0.04748158895257615,0.06478670508537145,0.9732090384030804,171.6026848818203,1,0,0,1,1,1,0,1,0,1,0,1,0,0
param_20145,real_004,0.8348485132323366,0.37395314531655716,0.027866774329049385,0.0440540456042986,0.828886298611847,548.03863355895,0,1,0,1,0,1,0,1,0,1,0,1,0,0
param_20145,real_005,0.8216306558533271,0.3684416272454433,0.04300977980262481,0.0735690948600057,0.7356087408949011,414.1253167049917,0,1,1,1,0,1,1,1,0,1,0,1,0,0
param_20146,real_001,0.7754842058174611,0.36812211984304694,0.037690523020692174,0.056997239577591285,0.7134353741496599,616.74421491429,0,1,0,0,0,1,0,0,0,1,0,0,1,1
param_20146,real_002,0.7831316548339622,0.3440113579125101,0.0413316183284564,0.0696366848182251,0.4214170225115045,630.6096466098886,0,1,0,1,0,1,0,0,0,0,0,0,1,1
param_20146,real_003,0.8000728875848185,0.4411520358777123,0.05229373073629254,0.07145248178678969,0.8872580676725572,142.4188458513149,1,0,0,1,1,1,0,1,0,1,0,1,0,0
param_20146,real_004,0.824662528544136,0.3877282249832544,0.02997763512160326,0.04669806966958391,0.7293269327334445,545.856297531257,0,1,0,1,0,1,0,1,0,1,0,1,0,0
param_20146,real_005,0.8101180025165726,0.3786525612801927,0.039059902547354725,0.07405177636414619,0.702270444042596,404.0064001890955,0,1,1,1,0,1,1,1,0,1,0,1,0,0
param_20147,real_001,0.773447707505734,0.4425719182889328,0.056845017420541204,0.08487695882632913,1.1654135338345866,312.65405880732317,1,1,1,0,1,1,1,1,0,1,0,1,1,1
param_20147,real_002,0.7725368710069758,0.413147932470438,0.06988998611443954,0.11246273285426962,0.8838390359371637,572.1358096225072,1,1,1,1,1,1,1,1,0,1,0,1,1,1
param_20147,real_003,0.7933354562221726,0.5053033552328199,0.07314809247334889,0.1004899303916592,1.3877366479596962,148.14455695395156,1,1,1,1,1,1,1,1,0,1,0,1,0,1
param_20147,real_004,0.8322291758866425,0.4923998009981779,0.05712835451108793,0.08992776336777326,1.313212218841358,660.2543203920914,1,1,1,1,1,1,1,1,0,1,0,1,0,0
param_20147,real_005,0.8313019436867755,0.4717398355052002,0.10052243378686203,0.13250044683854997,1.2414044076974584,202.37490963791015,1,1,1,1,1,1,1,1,0,1,0,1,0,0
param_20148,real_001,0.7550856850913696,0.5129213527469804,0.10261953214985041,0.14342476456571654,1.1656560563641911,251.99326080101548,1,1,1,1,1,1,1,1,0,1,0,0,1,1
param_20148,real_002,0.7627205665370645,0.5022765342298535,0.12419181270892488,0.17085706729017286,0.8868521020829615,442.0585200516266,1,1,1,1,1,1,1,1,0,1,0,1,1,1
param_20148,real_003,0.7835066627007694,0.595270745851346,0.12378324757349693,0.16741502424658528,0.9354996189750429,173.74266987026945,1,1,1,1,1,1,1,1,0,1,0,1,1,1
param_20148,real_004,0.8049103293418662,0.5658216883029497,0.09633592410132082,0.14315035623178315,1.041150932364686,517.2931475127499,1,1,1,1,1,1,1,1,0,1,0,1,1,1
param_20148,real_005,0.800032474084908,0.5455651503321406,0.12634500741178495,0.17591496543872537,1.0191161454251858,216.69000693740708,1,1,1,1,1,1,1,1,0,1,0,1,1,1
param_20149,real_001,0.7705747143845895,0.6192430711957345,0.1609226288111637,0.23250466674285478,0.4829683164968404,257.406831812158,1,1,1,1,1,1,1,1,1,1,1,1,1,1
param_20149,real_002,0.7615865911629,0.6096078845965875,0.189749616668647,0.262776723634648,0.36999487279652327,202.40607833446785,1,1,1,1,1,1,1,1,1,1,1,1,1,1
param_20149,real_003,0.7896444038606412,0.661919031517901,0.1500340894205323,0.22227082130698037,0.4406455058283357,247.04329277792334,1,1,1,1,1,1,1,1,1,1,1,1,1,1
param_20149,real_004,0.8383934605656782,0.6869624568853933,0.14993533887414118,0.21614550692382814,0.4339824720311391,548.3448907498191,1,1,1,1,1,1,1,1,1,1,1,1,1,1
param_20149,real_005,0.842940947315476,0.6736118947123616,0.18995576217575544,0.2586647707326763,0.3895880699618683,183.2355035550736,1,1,1,1,1,1,1,1,1,1,1,1,1,1
param_20150,real_001,0.7994197986920792,0.3991294812662464,0.03062170661980707,0.059071628774193884,0.2377507333703322,305.53376583735206,0,1,0,0,0,1,1,0,0,0,0,1,1,0
param_20150,real_002,0.8701927589049677,0.48939260086081715,0.13012690077783962,0.15411852596253683,0.6108354919436273,273.4986167076861,0,0,0,1,1,0,1,1,0,0,0,0,0,1
param_20150,real_003,0.8467787210866368,0.4136502591411174,0.09069452306289459,0.11511004398160311,0.1521704527366578,364.5423014083905,0,1,0,0,0,1,0,1,0,0,0,1,0,0
param_20150,real_004,0.8218486809279285,0.3708738588412634,0.04079157706478119,0.06337270799771234,0.36272874198425525,565.2528645128987,0,1,0,0,0,1,0,1,0,0,0,1,1,0
param_20150,real_005,0.8231556665619312,0.3570196431006773,0.031170220819185922,0.06587776941504271,0.09034322535396484,687.0623783051153,1,1,0,0,1,0,0,1,0,0,0,0,0,1
param_20151,real_001,0.7863984767172295,0.4122224293444313,0.04381668785930189,0.07715013045833109,0.37172445159710316,246.70103468867472,0,1,0,1,0,1,1,0,0,1,1,1,1,1
param_20151,real_002,0.8729532696453655,0.5180151101737156,0.1363195881086852,0.1638389123591816,0.8170064156644234,295.93103888540503,0,0,1,1,1,0,1,1,0,0,0,1,0,1
param_20151,real_003,0.8446227258477711,0.4315931373362399,0.10103288384196504,0.13780749072625326,0.26342198687054996,373.8332528608629,0,1,0,1,0,1,0,1,0,0,0,1,1,0
param_20151,real_004,0.8176967154363303,0.40072330093010194,0.05550730988144518,0.08760199974392233,0.6815560355385335,585.7849123192079,0,1,0,0,0,1,1,1,0,0,0,1,1,1
param_20151,real_005,0.8164397905145667,0.36823251795290773,0.04102800350671785,0.07776892495856533,0.2937416503956428,742.6083290316599,1,1,0,0,1,0,0,1,0,0,0,0,0,1
param_20152,real_001,0.7769508781877734,0.42448250535794896,0.045963866122092384,0.08085265055399166,0.34640399174122505,270.34341056064557,0,1,0,1,0,1,1,1,0,0,0,1,1,1
param_20152,real_002,0.8689638644800805,0.539528454620259,0.14782237077145097,0.18076401248918356,0.7624990444155646,262.20659927474276,0,0,1,1,1,0,1,1,0,0,0,1,0,1
param_20152,real_003,0.8373746792270081,0.4463068513201367,0.10246537096479959,0.14276111769022104,0.2584015152994474,353.83060161530625,0,1,0,1,0,1,0,1,0,0,0,1,1,0
param_20152,real_004,0.8077802644562655,0.40362636641841254,0.05708723364507911,0.09148451056547408,0.6229734769541276,575.6807789595094,0,1,0,0,0,1,1,1,0,0,0,1,1,1
param_20152,real_005,0.8077303741021703,0.3855522241501374,0.043006906559555365,0.08257292981580505,0.25095109499122825,682.6225640689224,1,1,0,0,1,0,0,1,0,0,0,0,0,1
param_20153,real_001,0.7661038316265818,0.4832308028136964,0.08512770661672589,0.12434008881656698,0.7584803915615094,206.63714709821986,1,1,1,1,1,1,1,1,1,1,1,1,1,1
param_20153,real_002,0.8663764690369494,0.6090044391962809,0.14852856919260382,0.18475463967279848,0.9298195766444097,288.4402235037832,1,1,1,1,1,1,1,1,0,1,1,1,0,1
param_20153,real_003,0.8393359496116486,0.5223759581874589,0.1507592422504615,0.2029517197395937,0.5075920486730305,364.3177356875421,1,1,1,1,1,1,1,1,0,1,1,1,1,0
param_20153,real_004,0.810884791741307,0.5084950250910988,0.11006299394901209,0.1400499441573145,1.0357122700079016,520.3906371067928,0,1,0,1,0,1,1,1,0,0,1,1,1,1
param_20153,real_005,0.7937391771779383,0.4286526373423426,0.07471781890892251,0.11555123442497905,0.7895528282398687,753.6734510454567,1,1,1,1,1,1,1,1,0,0,0,1,0,1
param_20154,real_001,0.7626037957278216,0.5676216644773299,0.12979285740039534,0.18487895265460463,0.6664315259563279,358.70090209724117,1,1,1,1,1,1,1,1,1,1,1,1,1,1
param_20154,real_002,0.8698956955333073,0.6960995183571987,0.22017424712874553,0.27520515397333073,0.6079488478914851,266.3580019429097,1,1,1,1,1,1,1,1,0,0,1,1,1,1
param_20154,real_003,0.8516631556443355,0.6459426973807706,0.2221838822695694,0.2824567065320189,0.5713279120269833,217.22965589987692,1,1,1,1,1,1,1,1,0,1,1,1,1,1
param_20154,real_004,0.7969614556925371,0.5577424026545476,0.15300179265394875,0.19969306398974795,0.9281418854491132,424.1439448690086,0,1,1,1,0,1,1,1,0,1,1,1,1,1
param_20154,real_005,0.790674630297747,0.545538542718922,0.12357317595640013,0.1761824544506242,0.5943589569392076,612.3657236918361,1,1,1,1,1,1,1,1,1,0,0,1,1,1
param_20155,real_002,0.8670638202216316,0.7413062145493177,0.20529951099474475,0.27307083578634606,0.39201449690964446,371.760437940953,1,1,1,1,1,1,1,1,1,1,1,1,1,1
param_20155,real_003,0.863811049947811,0.7356213793380388,0.2773451793633773,0.35115457742679335,0.27245507159940846,126.19904337729226,1,1,1,1,1,1,1,1,1,1,1,1,1,1
param_20155,real_004,0.8342327158116056,0.7020075906636754,0.19499665209234227,0.27442191000051613,0.45759452016281044,498.2270004599385,1,1,1,1,1,1,1,1,1,1,1,1,1,1
param_20155,real_005,0.8133585236737513,0.6359281030906332,0.17073126600259067,0.24524528979192273,0.49507778317938744,276.2534551517742,1,1,1,1,1,1,1,1,1,1,1,1,0,1
param_20156,real_001,0.8090971730032617,0.3848325724806929,0.04178769769189684,0.06996544607962572,0.2025532791104705,476.6350794872384,1,1,0,0,1,1,0,1,0,0,0,0,1,1
param_20156,real_002,0.7890159908439246,0.4295733875320467,0.058052709550219586,0.08516240751002833,0.2627743813025921,348.8221433462484,0,1,0,1,0,0,0,0,0,1,0,1,1,1
param_20156,real_003,0.8381804264165725,0.37482133528414574,0.07242709441494405,0.1074746872052145,0.21826970196462778,275.90815787677917,0,0,0,1,0,1,0,0,0,0,0,0,1,1
param_20156,real_005,0.8102371280892577,0.48080222892382535,0.10967378972114726,0.12357277998444387,0.3897358593990887,677.1490862954322,1,0,0,0,1,0,0,0,0,0,0,0,1,1
param_20157,real_001,0.7942316980382994,0.3968236770599806,0.05543617544597268,0.08577409253226627,0.5257894063225641,476.5938035262183,1,1,0,0,1,1,0,1,0,1,0,0,1,1
param_20157,real_002,0.7817070927290328,0.4337386709024021,0.07695905806260987,0.10800432957054565,0.4192442524839728,321.2135962381574,0,1,0,1,0,0,0,0,0,1,0,1,1,1
param_20157,real_003,0.825329516353402,0.3955302685989547,0.10519861114364244,0.1483569608956529,0.2113109048723898,189.3368570800361,0,0,1,1,0,1,0,1,0,0,0,1,1,1
param_20157,real_004,0.8045968167129567,0.3813660992493367,0.09338448820367137,0.10547701905358182,1.3728059629718683,510.4480398544938,0,0,0,0,0,0,0,1,0,0,0,0,1,1
param_20157,real_005,0.7971206095419724,0.48772184158481857,0.11094454403680748,0.12984685038064456,0.23001322098153842,664.1643739088445,1,0,0,0,1,0,0,0,1,0,0,0,1,1
param_20158,real_001,0.7903715013537059,0.4289660257974641,0.06215947284219011,0.09537153991327017,0.5201354304754398,508.5805386933756,1,1,0,0,1,1,0,1,0,0,0,0,1,1
param_20158,real_002,0.7714812341535437,0.4442503249840572,0.07430896459464631,0.10842410080175259,0.43376643199206305,315.9052486666824,0,1,0,1,0,0,0,0,0,1,0,1,1,1
param_20158,real_003,0.8224465254432176,0.4162274214092955,0.10564373315924255,0.15264961745887867,0.1711825006668953,216.1198713336442,0,0,1,1,0,1,0,1,0,0,0,1,1,1
param_20158,real_004,0.8007477167564396,0.3982579194712014,0.09961284229550868,0.11288044682024914,1.4046506088665258,507.2931161751517,0,0,0,0,0,0,0,1,0,0,0,0,1,1
param_20158,real_005,0.7896209400513823,0.4956168086849245,0.1096950488621137,0.130825171965864,0.21557342624710293,669.7318108253753,1,0,0,0,1,0,0,0,1,0,0,0,1,1
param_20159,real_001,0.7907910799065128,0.5079402712372719,0.09356656869372908,0.13184703046822852,0.9358821645853346,414.48410878866093,1,1,1,1,1,1,1,1,0,1,0,1,1,1
param_20159,real_002,0.7885691908873614,0.5208954643541066,0.14215052429682137,0.1823859926069363,0.6469163105059139,215.81009517883115,0,1,0,1,0,0,1,1,1,1,1,1,1,1
param_20159,real_003,0.8169908250526126,0.49261492698315834,0.17310738113169932,0.21049499217932938,0.7190994916485113,67.45661314888667,1,1,1,1,1,1,1,1,0,1,0,1,1,1
param_20159,real_004,0.7886207138569327,0.4784045251211711,0.10187708459401712,0.13265539051045488,1.2024788230049042,197.76618158505227,0,0,1,1,0,0,1,1,0,1,0,1,1,1
param_20159,real_005,0.7737634848475341,0.5352744619613001,0.11981223247300468,0.16006772334179653,0.18272833512041733,507.0124019241447,1,0,0,0,1,0,0,1,1,0,0,1,1,1
param_20160,real_001,0.8025688806143526,0.6298839244132509,0.15469942711190077,0.22084381461998742,0.6603344716643424,387.89588133832746,1,1,1,1,1,1,1,1,1,1,0,1,1,1
param_20160,real_002,0.7848169731700058,0.6080014493680977,0.1805084497760185,0.23291153667278208,0.689472267701348,267.7465782294941,0,1,1,1,1,1,1,1,1,1,1,1,1,1
param_20160,real_003,0.8229319277130461,0.6152716071315603,0.21802836034326753,0.2671445856233457,0.6689118325681124,136.93432420692756,1,1,1,1,1,1,1,1,0,1,0,1,1,1
param_20160,real_004,0.7902097342473613,0.5702853220543672,0.15683164438848698,0.19443965207776595,1.0798673526312528,189.5473621025063,0,1,1,1,0,0,1,1,0,0,0,1,1,1
param_20160,real_005,0.7983322134464256,0.6451315278335668,0.1848350424152651,0.24340765046796456,0.32078968573730865,449.86010181601927,1,1,0,0,1,0,0,1,1,0,1,1,1,1
param_20161,real_001,0.8399240058363637,0.7285911166760082,0.21978300671217676,0.29473229256652456,0.3088602672574297,372.45488504313187,1,1,1,1,1,1,1,1,1,1,1,1,1,1
param_20161,real_002,0.8417553946155383,0.7250556185984821,0.26099856627466833,0.3359977478647582,0.44766938778248067,355.1330976728889,1,1,1,1,1,1,1,1,1,1,1,1,1,1
param_20161,real_003,0.8548080964587192,0.7143426006324902,0.28384085970801803,0.3606532589546102,0.2792914479777709,38.891686723476525,1,1,1,1,1,1,1,1,1,1,1,1,1,1
param_20161,real_004,0.8074137944441009,0.6653851213631314,0.1903855704139131,0.2553019291422362,0.5072513077871815,140.2399453649873,1,1,1,1,1,1,1,1,1,1,1,1,1,1
param_20161,real_005,0.8141146347136666,0.7107593441718412,0.2370661623195915,0.31555546474463986,0.25999085333383454,286.165638137068,1,1,1,1,1,1,1,1,1,1,1,1,1,1
