param_folder,realization,global_ssim,plume_ssim,iou_0.001,iou_0.0001,area_rel_err_1e-3_d365,centroid_err_m_d365,exceed_w500_+400_true,exceed_w500_+400_pred,exceed_w500_-400_true,exceed_w500_-400_pred,exceed_w1000_+400_true,exceed_w1000_+400_pred,exceed_w1000_-400_true,exceed_w1000_-400_pred,exceed_w1500_+600_true,exceed_w1500_+600_pred,exceed_w1500_-600_true,exceed_w1500_-600_pred,exceed_w1900_+0_true,exceed_w1900_+0_pred
param_20000,real_001,0.756047566048991,0.4057933140459391,0.05717797320447944,0.07125761536155022,2.344287158746208,422.3960353550983,0,1,0,1,0,1,0,1,0,1,0,0,0,1
param_20000,real_002,0.7535893490860985,0.3689987869603259,0.04408001916002173,0.062113936297417544,2.6170595685115647,405.24621253973123,0,1,0,1,0,1,0,1,0,1,0,1,0,1
param_20000,real_003,0.7659699200824064,0.40589933491891467,0.06703656331489481,0.0793962451683686,2.645942364277532,254.61462008515105,0,1,0,1,0,1,0,1,0,1,0,1,0,1
param_20000,real_004,0.76143938407938,0.3875284492930966,0.04575903134574306,0.06225902683620376,2.366791077934773,535.9420149125632,0,1,0,1,0,1,0,1,0,1,0,1,1,1
param_20000,real_005,0.8146053720217408,0.4566928124115368,0.18802178540939965,0.20140703655974573,1.5939015786224535,155.68447596192314,0,1,0,1,0,1,0,1,0,1,0,1,0,1
param_20001,real_001,0.7599042474551037,0.41726736775417195,0.0599023960576487,0.07606322101602304,2.119323423885187,422.9969667543517,0,1,0,1,0,1,0,1,0,1,0,0,0,1
param_20001,real_002,0.757062855358525,0.3759975040744926,0.04748198417052128,0.06734323267549108,2.364604001322751,405.71315804761156,0,1,0,1,0,1,0,1,0,1,0,1,0,1
param_20001,real_003,0.7696966601322336,0.41126372945129935,0.07071540600394771,0.08477613614860671,2.4145525684715388,255.14274195748786,0,1,0,1,0,1,0,1,0,1,0,1,0,1
param_20001,real_004,0.7646882041506602,0.3975856095178276,0.04794142106104635,0.06682017864364084,2.13818309829989,536.473295165209,0,1,0,1,0,1,0,1,0,1,0,1,0,1
param_20001,real_005,0.8207118236019325,0.4780341863324107,0.19481030617607586,0.21178580879591435,1.4112354484341696,156.32136272765507,0,1,0,1,0,1,0,1,0,1,0,1,0,1
param_20002,real_001,0.7582898340401101,0.4316854260944752,0.06237569808846091,0.07980330598386688,2.0139062221429844,418.1847480178101,0,1,0,1,0,1,0,1,0,1,0,0,0,1
param_20002,real_002,0.7541938953904227,0.39259980123771016,0.049094172857615526,0.07035820460581452,2.2528673620269353,401.49806102419683,0,1,0,1,0,1,0,1,0,1,0,1,1,1
param_20002,real_003,0.7682020733217734,0.4336835134487986,0.07326964027997052,0.08886831146279128,2.294787480209475,250.7900104625207,0,1,0,1,0,1,0,1,0,1,0,1,0,1
param_20002,real_004,0.7622012583983243,0.4098639327177453,0.05011005902223323,0.07006406627365801,2.040772101609214,531.3516989429123,0,1,0,1,0,1,0,1,0,1,0,1,1,1
param_20002,real_005,0.820218638764982,0.4872466510303626,0.1939586933719,0.21237103557321213,1.3292219362502475,151.19295409486398,0,1,0,1,0,1,0,1,0,1,0,1,0,1
param_20003,real_001,0.7826574314420958,0.49018123131424984,0.07574331199254786,0.10497535193956761,1.2173399790136412,424.99208947171076,1,1,1,1,1,1,1,1,0,1,0,0,0,1
param_20003,real_002,0.7843731311348244,0.4531569693918124,0.06793997958383068,0.10009846239247681,1.398282237510865,406.90321061772886,1,1,1,1,1,1,1,1,0,1,0,1,0,1
param_20003,real_003,0.8007749848207668,0.481999243200473,0.09340803908230226,0.11993895305432035,1.436374279538905,255.82982185184778,1,1,1,1,1,1,1,1,0,1,0,1,0,1
param_20003,real_004,0.7889998627957098,0.4786323259705509,0.060519605579853246,0.09441766765864534,1.2360492224156756,536.5418561999529,1,1,1,1,1,1,1,1,0,1,0,1,0,1
param_20003,real_005,0.8545355716609686,0.5721474553444715,0.22043888865867525,0.2564318524088188,0.711382646010619,157.06800264442305,1,1,1,1,1,1,1,1,0,1,0,1,0,1
param_20004,real_001,0.7969602724946742,0.5593783529972343,0.1012554511494223,0.1413785144074495,0.8328956245181187,385.53432531280043,1,1,1,1,1,1,1,1,0,1,0,0,1,1
param_20004,real_002,0.7890324285486494,0.5290074642444319,0.08292475957953473,0.12683745489325032,1.0016353129226607,373.2434652565621,1,1,1,1,1,1,1,1,0,1,0,1,1,1
param_20004,real_003,0.8092043505708045,0.5648861840610985,0.11228812693651662,0.14944940788291197,0.9917175881616727,220.58800863004632,1,1,1,1,1,1,1,1,0,1,0,1,1,1
param_20004,real_004,0.8001801605887496,0.5501467098853661,0.08234489178749353,0.12628406539596,0.8606929744861627,495.77398830690873,1,1,1,1,1,1,1,1,0,1,0,1,1,1
param_20004,real_005,0.8778583887741306,0.6347734219857081,0.23404474626617908,0.2826919155500457,0.41913343465778874,115.65721843944283,1,1,1,1,1,1,1,1,0,1,0,1,1,1
param_20005,real_001,0.7950895795777356,0.6317392698826921,0.10741335060578529,0.15697630135941606,0.07657151874533415,434.50475150235036,1,1,1,1,1,1,1,1,1,1,1,0,1,1
param_20005,real_002,0.817936867824221,0.6483860063270018,0.12018583831050077,0.1779000384033211,0.0019863043091768486,414.3331218872935,1,1,1,1,1,1,1,1,1,1,1,1,1,1
param_20005,real_003,0.831830197381819,0.6563461114223361,0.14230509461139917,0.19386790912144927,0.009204719555145914,256.8902408970994,1,1,1,1,1,1,1,1,1,1,1,1,1,1
param_20005,real_004,0.7936633676299546,0.630041493819893,0.08730409650583955,0.14079159808401243,0.07531881139788883,542.2456312691479,1,1,1,1,1,1,1,1,1,1,1,1,1,1
param_20005,real_005,0.8591749771440437,0.690420979602022,0.22926397153125566,0.2775934396749627,0.28531248481314087,159.9662141452944,1,1,1,1,1,1,1,1,1,1,1,1,1,1
param_20006,real_001,0.7975117215801488,0.4810425572379543,0.15729963485123313,0.1687554202358882,1.6669925120725724,134.32889600601038,0,1,0,1,1,1,0,1,0,1,0,1,0,1
param_20006,real_002,0.782038891502428,0.46233844629750975,0.19033991506358813,0.1969837244123225,1.5936880107910816,202.73637087879212,0,1,1,1,0,1,0,1,0,1,0,1,1,1
param_20006,real_003,0.7637229503560566,0.4347149282176587,0.11228174956515817,0.13134725878160045,1.6237026403088444,71.29284941845692,1,1,0,1,1,1,0,1,0,0,0,1,1,1
param_20006,real_004,0.7160191162265994,0.4521884751867046,0.09212890239761608,0.1106997187891064,2.207735075534922,134.31369796695762,0,1,0,1,0,1,0,1,0,1,0,1,0,1
param_20006,real_005,0.7227661617686099,0.38287731428850885,0.05649931561125774,0.07691261080372522,2.239319214776134,271.4283501785522,1,1,0,1,1,1,0,1,0,1,0,1,0,1
param_20007,real_001,0.8053334574507681,0.4968225443487166,0.16413017173179212,0.1780830845763196,1.4795782968281377,132.73812675398938,1,1,0,1,1,1,1,1,0,1,0,1,0,1
param_20007,real_002,0.7893412214437948,0.47510164987316406,0.19773086818281949,0.20669310027448407,1.4125950254631339,205.2976542800405,1,1,1,1,0,1,1,1,0,1,0,1,1,1
param_20007,real_003,0.7708541106921614,0.4478934397714993,0.11816268006074923,0.13943339046463138,1.4596973665066202,72.58929480641795,1,1,0,1,1,1,0,1,0,0,0,1,1,1
param_20007,real_004,0.7224130079327478,0.4658637007143613,0.096796821935549,0.11713956418039363,1.9889584677911702,137.47483316940213,1,1,1,1,0,1,1,1,0,1,0,1,0,1
param_20007,real_005,0.7281560895063531,0.3922752669274011,0.05954262138543856,0.08183381721630426,2.0318592400847164,269.08627955104504,1,1,1,1,1,1,0,1,0,1,0,1,0,1
param_20008,real_001,0.8072764370160992,0.5290789879930728,0.17167657662065744,0.18838518352103809,1.401781784249168,137.79532786870539,1,1,0,1,1,1,1,1,0,1,0,1,0,1
param_20008,real_002,0.7921699187385717,0.5013233264013951,0.2086837387541499,0.22242305070720061,1.3489688128772637,201.07205372414953,1,1,1,1,0,1,1,1,0,1,0,1,1,1
param_20008,real_003,0.7721279567644259,0.464239470428913,0.12334416476647568,0.14695313814929076,1.3993045699687765,67.15332714511226,1,1,0,1,1,1,0,1,0,0,0,1,1,1
param_20008,real_004,0.7230485447561154,0.4876742721867511,0.09862803659101395,0.12085302468755725,1.9228827292110875,132.77253766240526,0,1,1,1,0,1,1,1,0,1,0,1,0,1
param_20008,real_005,0.7284961041375773,0.41486235127477256,0.06271170289241655,0.08691788033699765,1.958594619420254,273.7934802207037,1,1,1,1,1,1,0,1,0,1,0,1,0,1
param_20009,real_001,0.8386740718280409,0.5868973244732005,0.19575967957102047,0.22386625865232623,0.8782304589075989,128.52805485719452,1,1,1,1,1,1,1,1,0,1,0,1,0,1
param_20009,real_002,0.8237293242753019,0.5471036864233306,0.23259112820012443,0.25860131389123675,0.827665254888805,214.61134772212347,1,1,1,1,1,1,1,1,0,1,0,1,1,1
param_20009,real_003,0.8073601881212188,0.524854055792585,0.15216823355610726,0.18725501231725275,0.8749774715448282,73.35403013562247,1,1,1,1,1,1,1,1,0,0,0,1,1,1
param_20009,real_004,0.7545579039700863,0.5403153732203384,0.11635230529790856,0.14733227451735129,1.3113467141469732,148.91395693275587,1,1,1,1,1,1,1,1,0,1,0,1,0,1
param_20009,real_005,0.751213618709945,0.45086642325772536,0.07379934735080969,0.10600937018994955,1.358800664732558,259.4916076888673,1,1,1,1,1,1,1,1,0,1,0,1,0,1
param_20010,real_001,0.8650402932878845,0.6867809619984331,0.21835890024627225,0.2636705426483751,0.5042785937982445,166.76502214351572,1,1,1,1,1,1,1,1,0,1,0,1,1,1
param_20010,real_002,0.8593761645322965,0.684577791781519,0.28124518356408473,0.33171323759276095,0.5017860219376328,183.67318844173218,1,1,1,1,1,1,1,1,0,1,0,1,1,1
param_20010,real_003,0.8386826274102009,0.6177464360282336,0.19605872374030395,0.2515934736877892,0.5231895483725645,35.41202443766927,1,1,1,1,1,1,1,1,0,0,0,1,1,1
param_20010,real_004,0.7841675493916496,0.6217520181571107,0.13628065422386426,0.1806937508956834,0.9219354621622531,117.06215748485796,1,1,1,1,1,1,1,1,0,1,0,1,1,1
param_20010,real_005,0.7798189367616427,0.5678505149395232,0.10378894200693285,0.1542554677670577,0.9170300678730442,295.72602303226887,1,1,1,1,1,1,1,1,0,1,0,1,1,1
param_20011,real_001,0.8622692859470524,0.7153398025889728,0.2112627933357274,0.2582834537966695,0.13878419414509113,124.37396219498748,1,1,1,1,1,1,1,1,1,1,1,1,1,1
param_20011,real_002,0.8658230157438793,0.7133018355082129,0.29330958166550924,0.3450874181363483,0.1537406072216793,219.21260170055314,1,1,1,1,1,1,1,1,1,1,1,1,1,1
param_20011,real_003,0.8460481795849136,0.6749465601542975,0.21527390506088998,0.27119043484800015,0.14039102026288358,71.63024759316015,1,1,1,1,1,1,1,1,1,0,1,1,1,1
param_20011,real_004,0.7885267823529901,0.6573927412558457,0.15322170982992778,0.20997947569530936,0.5089823523195603,702.5008566081879,1,1,1,1,1,1,1,1,1,1,1,1,0,1
param_20011,real_005,0.797641990627266,0.6172925251789635,0.13107539923869854,0.19601806074895017,0.09890102680182397,240.2608046689693,1,1,1,1,1,1,1,1,1,1,1,1,1,1
param_20012,real_001,0.6856130685471784,0.395895070264398,0.0736505219759066,0.09594739709279551,1.8712340831529117,699.9430452981015,1,1,1,1,1,1,1,1,0,1,0,1,1,1
param_20012,real_002,0.7068532131838537,0.39930124101620457,0.10428397052613704,0.12456910802820956,1.3309143686502176,438.1938929483434,0,1,1,0,1,1,1,1,0,1,0,0,1,1
param_20012,real_003,0.7246236943290895,0.4061326482357677,0.09662529469789356,0.12455087035556019,1.278475241398401,729.9339150327767,1,1,0,1,1,1,1,1,0,1,0,1,1,1
param_20012,real_004,0.7419989844481676,0.40908517703602465,0.09732554623328213,0.11851012747785614,1.5849843032227169,299.52082284193597,1,1,0,1,1,1,1,1,0,1,0,1,0,1
param_20012,real_005,0.7088318113866687,0.3871755546936273,0.0665457900221627,0.09419817621355556,1.188382915073957,876.746816619124,1,0,1,0,1,1,1,1,0,0,0,1,1,1
param_20013,real_001,0.6909296865371496,0.4070544749462271,0.07585578749387484,0.10023900714094415,1.7427569888703882,701.9907495020276,1,1,1,1,1,1,1,1,0,1,0,1,1,1
param_20013,real_002,0.7124290808680529,0.41395399048203296,0.10773721970270335,0.13027537490377006,1.2032727272727273,442.0947589539263,0,1,1,0,1,1,1,1,0,1,0,0,1,1
param_20013,real_003,0.7301133206655516,0.4229869612245153,0.09958484281932693,0.12942310384179703,1.181092666199049,732.0888480472345,1,1,0,1,1,1,1,1,0,1,0,1,1,1
param_20013,real_004,0.7480630720831378,0.4168535431529699,0.09983433741031772,0.12277974997291405,1.480242333480821,302.12324742196313,1,1,0,1,1,1,1,1,0,1,0,1,0,1
param_20013,real_005,0.7122755871783423,0.3954922710659458,0.06613522806605383,0.09551757805858165,1.0730017789952613,881.1023320594416,1,0,1,0,1,1,1,1,0,0,0,1,0,1
param_20014,real_001,0.6927672101312757,0.42152586899373157,0.07933560812028896,0.10593875588154254,1.6535983178457574,697.2347188950333,1,1,1,1,1,1,1,1,0,1,0,1,1,1
param_20014,real_002,0.7159864750254394,0.43052067328263455,0.11556858853831978,0.1397196068873841,1.1429513045994566,437.4851529798906,0,1,1,0,1,1,1,1,0,1,0,0,1,1
param_20014,real_003,0.7327797056004043,0.43176840739069006,0.10457319748367269,0.1368822480291343,1.1205067588046311,727.1877727525036,1,1,0,1,1,1,1,1,0,1,0,1,1,1
param_20014,real_004,0.7490676163468337,0.4387334153573088,0.10555348890740479,0.1314082832562657,1.3881105703845713,298.03717568269315,1,1,0,1,1,1,1,1,0,1,0,1,0,1
param_20014,real_005,0.7133825525481987,0.40754526826587195,0.0715804771478191,0.10281408302912971,1.016709550940391,876.2271256782434,1,0,1,0,1,1,1,1,0,0,0,1,1,1
param_20015,real_001,0.7158149241545008,0.46544500769033803,0.08937154416319677,0.12457343195522697,1.1930908836101184,707.1402682723282,1,1,1,1,1,1,1,1,0,1,0,1,1,1
param_20015,real_002,0.7336984513305745,0.4683011768649984,0.12135727617342006,0.15437905005787728,0.769873199229901,458.4578127277411,1,1,1,0,1,1,1,1,0,1,0,0,1,1
param_20015,real_003,0.7522204487837449,0.4739214017143781,0.11269215509849304,0.15455529912777385,0.7725194127408384,737.5780761100417,1,1,1,1,1,1,1,1,0,1,0,1,1,1
param_20015,real_004,0.7701702356755328,0.47749531270265605,0.11563827983715826,0.14913044780171922,1.037522717740808,311.2442655160752,1,1,1,1,1,1,1,1,0,1,0,1,0,1
param_20015,real_005,0.7182792580648809,0.4305251300483052,0.06625551276919275,0.10172614250155533,0.6317615713489064,894.3254050229289,1,0,1,0,1,1,1,1,1,0,0,1,0,1
param_20016,real_001,0.7515780786031206,0.559592342286416,0.12346174564837942,0.17908456263044975,0.6685468135242624,674.107344426409,1,1,1,1,1,1,1,1,1,1,1,1,1,1
param_20016,real_002,0.7685967869260124,0.5736595885780675,0.17647666127708037,0.22826313882312896,0.39826499249981645,429.3438127981839,1,1,1,0,1,1,1,1,0,1,0,0,1,1
param_20016,real_003,0.7895858034533907,0.5764563944004941,0.15392249706101835,0.22169670315611273,0.32018756309497975,539.0380591566958,1,1,1,1,1,1,1,1,1,1,0,1,1,1
param_20016,real_004,0.7988643048743836,0.5933886066789444,0.1528657408410166,0.20949047799322948,0.5346481483431436,286.87453894497446,1,1,1,1,1,1,1,1,1,1,0,1,1,1
param_20016,real_005,0.7448953946271807,0.5384107441051494,0.10443144896299744,0.15476551723778068,0.2660327288810261,861.0436068948719,1,0,1,0,1,1,1,1,1,0,0,1,1,1
param_20017,real_001,0.7672171918689409,0.6078884961692156,0.14753935794859319,0.2113612216626906,0.10482134410234324,705.5029716343621,1,1,1,1,1,1,1,1,1,1,1,1,1,1
param_20017,real_002,0.7636506014670588,0.5984597868498662,0.15638898305091298,0.21412698519522663,0.10014041530526828,482.4909178902867,1,1,1,0,1,1,1,1,1,1,1,0,1,1
param_20017,real_003,0.7948236588169513,0.6174573054297959,0.15893627792988296,0.2289657287731398,0.06382010744846689,738.5783347350491,1,1,1,1,1,1,1,1,1,1,1,1,1,1
param_20017,real_004,0.8293985424416992,0.6576676943993113,0.19619710322685158,0.26326014593616004,0.009938386082183592,324.8772852059764,1,1,1,1,1,1,1,1,1,1,1,1,0,1
param_20017,real_005,0.7404979929086928,0.5720962369319119,0.09360668086528773,0.15010149465859077,0.1685872138910813,900.1682397285039,1,0,1,0,1,1,1,1,1,0,1,1,1,1
param_20018,real_001,0.7619966247681416,0.39326276485072215,0.07453381997016881,0.08752881245165471,2.2357332972436503,527.3573257677783,0,1,0,1,0,1,0,1,0,1,0,1,0,1
param_20018,real_002,0.7928792422332167,0.40995943721841804,0.1841015764765837,0.17982336997684883,1.9294598233642941,248.75065190624815,0,1,0,1,0,1,0,1,0,0,0,1,1,1
param_20018,real_003,0.7734131063056934,0.3789227406834316,0.07052967886044098,0.08304678013583913,2.180760556461157,515.7243759271385,0,1,0,1,0,1,0,1,0,0,0,1,1,1
param_20018,real_004,0.7360941283879143,0.3940889637477387,0.06931855235239341,0.08488207479603917,2.441936488169365,407.0872122760868,0,1,0,1,0,1,0,1,0,1,0,1,1,1
param_20018,real_005,0.7801701964401044,0.4010061468579009,0.10845068680104976,0.12420841044971176,2.086561593632664,251.54347251324316,0,1,0,1,0,1,0,1,0,1,0,1,1,1
param_20019,real_001,0.7678546165556314,0.41786886850120253,0.07845677626115127,0.09383275350630782,1.972379926235962,528.825801319848,0,1,0,1,0,1,0,1,0,1,0,1,0,1
param_20019,real_002,0.800492263390938,0.4305632194948367,0.1904244826400043,0.1891249700767113,1.705517851873709,250.20855240536525,0,1,0,1,0,1,0,1,0,0,0,1,1,1
param_20019,real_003,0.7798651784924618,0.4022616275580831,0.07489632912190922,0.08978897272667022,1.9383225380585007,516.4028215182183,0,1,0,1,0,1,0,1,0,0,0,1,1,1
param_20019,real_004,0.7425062895956052,0.4166223105063521,0.07370443271417511,0.09172115601317281,2.1717898274519447,408.43583868279245,0,1,0,1,0,1,0,1,0,1,0,1,1,1
param_20019,real_005,0.7873587684800514,0.4270308897721246,0.11432383936364796,0.13302502924300186,1.8413155062505173,253.2082494756371,0,1,0,1,0,1,0,1,0,1,0,1,0,1
param_20020,real_001,0.7674404455652487,0.44034756679594267,0.08160333859658322,0.09786402654214321,1.8839411362631178,523.7045342997108,0,1,0,1,0,1,0,1,0,1,0,1,0,1
param_20020,real_002,0.8017511277012693,0.4610238462322019,0.2013616190660664,0.20438199224394402,1.6317451205510907,245.0904608101699,0,1,0,1,0,1,0,1,0,0,0,1,1,1
param_20020,real_003,0.7795595658763524,0.4186089736389833,0.07939629350865235,0.09609515514967659,1.861412988891344,511.04964592881635,0,1,0,1,0,1,0,1,0,0,0,1,1,1
param_20020,real_004,0.7408523166603564,0.4313994281451618,0.07570515224085096,0.09483999796767327,2.0753656016531554,403.28346523678056,0,1,0,1,0,1,0,1,0,1,0,1,1,1
param_20021,real_001,0.7995583501296063,0.5185961685644496,0.0985083154322152,0.12810939482435302,1.0678804128466817,532.4109072693464,1,1,1,1,1,1,1,1,0,1,0,1,0,1
param_20021,real_002,0.8459193897206295,0.5356508523969779,0.23535084190710653,0.2544958372703374,0.8885684860968074,255.94521744448235,1,1,1,1,1,1,1,1,0,0,0,1,1,1
param_20021,real_003,0.815883219408969,0.5042654695624277,0.10063512616641981,0.13106834094028497,1.054964871532236,516.6880124142746,1,1,1,1,1,1,1,1,0,0,0,1,1,1
param_20021,real_004,0.7744063853318397,0.5074286401094469,0.0958123616935943,0.12826793084930632,1.2320493777309893,413.09450533353254,1,1,1,1,1,1,1,1,0,1,0,1,1,1
param_20021,real_005,0.8260636116763983,0.516307057486114,0.14083140580611206,0.1754635444388826,1.0039559156265967,260.2868138114528,1,1,1,1,1,1,1,1,0,1,0,1,0,1
param_20022,real_001,0.8180467097191795,0.5834424870552128,0.12907693990790478,0.1707228095884477,0.7573563640818327,490.63662717983595,1,1,1,1,1,1,1,1,0,1,0,1,1,1
param_20022,real_002,0.8717417000048368,0.6494669117941847,0.2690319341536977,0.31256447838045204,0.6292996217602113,213.53973753573547,1,1,1,1,1,1,1,1,0,0,0,1,1,1
param_20022,real_003,0.8378852538591984,0.5901773159659686,0.13613129465180965,0.18462470797921054,0.7670541241269802,473.5112453646973,1,1,1,1,1,1,1,1,0,0,0,1,1,1
param_20022,real_004,0.7835181654182496,0.5618280765303202,0.11648264185552559,0.15975886621798593,0.938007112090554,371.8277212715112,1,1,1,1,1,1,1,1,0,1,0,1,1,1
param_20022,real_005,0.8464183392727372,0.5975869582625907,0.17256423732691728,0.22011031707011391,0.7297859203911142,218.38390798918323,1,1,1,1,1,1,1,1,0,1,0,1,1,1
param_20023,real_001,0.8132968099197694,0.6560917865738564,0.13132934246482939,0.18002510134582622,0.1365119302723136,540.7843038745332,1,1,1,1,1,1,1,1,1,1,1,1,1,1
param_20023,real_002,0.8734784338663993,0.7031010850627167,0.26894106369258464,0.31849117727735804,0.21231422505307856,265.62614171981454,1,1,1,1,1,1,1,1,1,0,1,1,1,1
param_20023,real_003,0.8134298110856725,0.6466160935557818,0.12400665929681524,0.17498401970206381,0.13642040425351326,517.8144362626501,1,1,1,1,1,1,1,1,1,0,1,1,1,1
param_20023,real_004,0.7991503934757566,0.6490293587496869,0.1399133264264342,0.199676859061661,0.059609449048533304,428.99809599684295,1,1,1,1,1,1,1,1,1,1,1,1,1,1
param_20023,real_005,0.8531702770547213,0.6782289270339887,0.18802848841900158,0.24303030401080675,0.1615557034928817,276.5951226040967,1,1,1,1,1,1,1,1,1,1,1,1,1,1
param_20024,real_001,0.7173619874380939,0.3985446650289872,0.09698598555206198,0.11763187767493459,1.570776600158413,303.283349828009,0,1,0,1,0,1,0,1,0,1,0,1,1,1
param_20024,real_002,0.7854619606848442,0.45041085525671093,0.28272882742590083,0.2794725708989766,1.52300188936245,189.50809641812882,0,1,0,1,0,1,0,1,0,0,0,1,1,1
param_20024,real_003,0.7403648586232134,0.3828646593261306,0.10034532385632158,0.11607785257367886,1.7389879868947944,380.27689284424355,0,1,0,1,1,1,0,1,0,0,0,1,1,1
param_20024,real_004,0.6847342798656402,0.4245772045691861,0.07717319802404556,0.10162066457003088,1.761745410545819,135.0906784542969,0,1,0,1,0,1,0,1,0,1,0,1,1,1
param_20024,real_005,0.7400301343963102,0.40861048277915735,0.14365304371659876,0.1550381595363043,1.7205331640748969,396.02911515618564,0,1,0,0,0,1,0,1,0,1,0,1,1,1
param_20025,real_001,0.7266680240885054,0.42533234409208526,0.10330119998682605,0.12734078267071963,1.3244607383408644,304.55111995972015,0,1,0,1,1,1,1,1,0,1,0,1,1,1
param_20025,real_002,0.7959214059885195,0.48178868884497555,0.2970969047489654,0.2962318558979424,1.3099605760720894,201.10113042077205,0,1,0,1,0,1,0,1,0,0,0,1,1,1
param_20025,real_003,0.7499712362355347,0.40780311480205533,0.10977880557887529,0.12760170091323533,1.5053091124347922,383.938750988983,1,1,0,1,1,1,0,1,0,0,0,1,1,1
param_20025,real_004,0.6921288354118164,0.4481712619201772,0.08326967941842842,0.11068492322403006,1.525885323004565,140.17356681238618,0,1,0,1,1,1,0,1,0,1,0,1,1,1
param_20025,real_005,0.749772535164166,0.4408068871854329,0.1518407015248041,0.1666485884420694,1.4726174909622336,402.7542530235139,0,1,0,0,1,1,0,1,0,1,0,1,1,1
param_20026,real_001,0.727009705941395,0.4404531491145173,0.10709428989062277,0.13294904715898848,1.3031746836298512,301.5053251925283,0,1,0,1,1,1,1,1,0,1,0,1,1,1
param_20026,real_002,0.7984893460322325,0.51084763843673,0.3099868294946934,0.3161962366623443,1.2826419669654747,196.81135499114794,0,1,0,1,0,1,0,1,0,0,0,1,1,1
param_20026,real_003,0.7516248785682236,0.42189740408376536,0.1146354384502036,0.13472315279310704,1.469359102926429,379.22704830847346,1,1,0,1,1,1,0,1,0,0,0,1,1,1
param_20026,real_004,0.6915874225001951,0.4637908508578444,0.08541691446441671,0.11416197435385506,1.4943990983914484,136.16057213455318,0,1,0,1,1,1,0,1,0,1,0,1,1,1
param_20026,real_005,0.7512487172337278,0.45746436750068364,0.15587693437742126,0.1725923599197715,1.445856237992886,399.1721928726357,0,1,0,0,1,1,0,1,0,1,0,1,1,1
param_20027,real_001,0.7609556017372583,0.5095882015492633,0.1279134851225912,0.16772418859775004,0.6922141119221411,318.58888399153335,1,1,1,1,1,1,1,1,1,1,1,1,1,1
param_20027,real_002,0.8446130948982135,0.5965778317570762,0.3613691414801847,0.38184556975412554,0.6340172448137503,233.83472275632897,1,1,1,1,1,1,0,1,0,0,0,1,1,1
param_20027,real_003,0.78843515852505,0.5023828273413712,0.14208266887138005,0.17595150555722452,0.8342023646681204,390.0291887425253,1,1,1,1,1,1,0,1,0,0,0,1,1,1
param_20027,real_004,0.7218096703294846,0.5285199144201606,0.10586902299795467,0.14526555345173356,0.8675624536551689,162.1548984724596,1,1,1,1,1,1,1,1,1,1,1,1,1,1
param_20027,real_005,0.7877468665012348,0.5347268631146418,0.17904165460148794,0.21131709521816033,0.7876795173017836,434.6210828178105,1,1,1,0,1,1,0,1,0,1,0,1,1,1
param_20028,real_001,0.8002977042956045,0.6042079936304705,0.1699854866435054,0.22792965683251537,0.4686432734677167,291.3996539800315,1,1,1,1,1,1,1,1,1,1,1,1,1,1
param_20028,real_002,0.8748130054939404,0.7112714804891804,0.3864487152472076,0.4345111254707007,0.4385099080592229,208.2563156934195,1,1,1,1,1,1,1,1,0,0,0,1,1,1
param_20028,real_003,0.8192889415094627,0.5962005702755799,0.18351374298076464,0.2384718736073966,0.5623464267174252,359.658876952308,1,1,1,1,1,1,1,1,1,0,0,1,1,1
param_20028,real_004,0.7499942475042761,0.5914188975792434,0.13241440074772381,0.18741973203987147,0.6394909033771423,140.25674939698808,1,1,1,1,1,1,1,1,1,1,1,1,1,1
param_20028,real_005,0.8248742716425341,0.6218226721233373,0.22336140709240432,0.2726854425394381,0.5721866288453074,410.47407257471804,1,1,1,0,1,1,1,1,0,1,0,1,1,1
param_20029,real_001,0.8007169160951214,0.6566773369790515,0.17179921193032707,0.23393228463329563,0.15049729541092305,341.9102204367009,1,1,1,1,1,1,1,1,1,1,1,1,1,1
param_20029,real_002,0.8855794446031671,0.7387582723141951,0.37684516891733744,0.4315537156449308,0.25865819728747474,280.1274457111308,1,1,1,1,1,1,1,1,1,0,1,1,1,1
param_20029,real_003,0.8080487462203709,0.6501422111965597,0.17648637741033954,0.23168971555537682,0.15718988617906415,395.7370601500633,1,1,1,1,1,1,1,1,1,0,1,1,1,1
param_20029,real_004,0.7667440379058814,0.6486841639216873,0.15360942738324554,0.22091675713424264,0.07550298404501067,214.99860720671148,1,1,1,1,1,1,1,1,1,1,1,1,1,1
param_20029,real_005,0.8422475048547241,0.6854700216425136,0.24219754936351845,0.3064478752210213,0.19305930342014432,490.3102112717712,1,1,1,0,1,1,1,1,1,1,1,1,1,1
param_20030,real_001,0.7080144487067767,0.4282379460006991,0.1124255373370881,0.13724774007814067,1.4356030959213846,72.83362492592174,0,1,0,1,1,1,0,1,0,1,0,1,1,1
param_20030,real_002,0.7757319661426356,0.4634410708903382,0.3081039183788908,0.3112004274216303,1.4931869294880276,120.81515453093844,0,1,0,1,0,1,0,1,0,1,0,1,1,1
param_20030,real_003,0.7278850959966668,0.39702598292748237,0.12603692895020197,0.14469556111932036,1.5362049829691147,266.22372300856205,0,1,0,0,1,1,0,1,0,0,0,1,1,1
param_20030,real_004,0.6708106385867281,0.44081196646375553,0.09511603544930378,0.12402298457674028,1.4196647047152966,19.104424919777344,0,1,0,1,1,1,0,1,0,1,0,1,1,1
param_20030,real_005,0.7182833790029555,0.4120770230957185,0.15065273360438897,0.1595497214002529,1.7061346339822563,338.5460591455723,0,1,0,0,0,1,0,1,0,1,0,1,1,1
param_20031,real_001,0.7179794930223434,0.4536411959129923,0.12102984572142127,0.14917260583457673,1.1421578375732357,78.33699486632092,0,1,0,1,1,1,1,1,0,1,0,1,1,1
param_20031,real_002,0.7867547747161379,0.5006532419285911,0.32634364163973695,0.3292575646514797,1.2939100093317646,136.7517050423918,0,1,0,1,1,1,0,1,0,1,0,1,1,1
param_20031,real_003,0.7383395062599938,0.4229573808902559,0.1362442070485764,0.15616036904542346,1.32533291225854,271.89720491017295,0,1,0,0,1,1,0,1,0,0,0,1,1,1
param_20031,real_005,0.7278118847037299,0.44184947863051655,0.1577694776778796,0.1692367362836005,1.4926413632842757,346.6982019369303,1,1,0,0,1,1,0,1,0,1,0,1,1,1
param_20032,real_001,0.7192091297073401,0.4644170069331419,0.12493032384890776,0.15524111857686831,1.1244140358329415,75.62046276429496,0,1,0,1,1,1,1,1,0,1,0,1,1,1
param_20032,real_002,0.7895643584936032,0.5276725143456447,0.33752070720537697,0.34573238104601856,1.2666880487511527,134.11531256047238,0,1,0,1,1,1,0,1,0,1,0,1,1,1
param_20032,real_003,0.7417557443154184,0.43689956417775067,0.1416176353469493,0.16420844672717133,1.2888301730390632,268.8330517699055,0,1,0,0,1,1,0,1,0,0,0,1,1,1
param_20032,real_004,0.6796532229287483,0.480336493280969,0.10575487603854557,0.1384363909668685,1.2026880587580144,21.907250256801074,0,1,0,1,1,1,1,1,0,1,0,1,1,1
param_20032,real_005,0.7300510550992273,0.4560089408753184,0.16302567652471386,0.1766418768204644,1.4633049468950339,345.0578917541493,1,1,0,0,1,1,0,1,0,1,0,1,1,1
param_20033,real_002,0.8310018836371229,0.6126425096399484,0.3824644805298408,0.4019426818723331,0.7337360666043146,187.80271991267912,1,1,0,1,1,1,0,1,0,1,0,1,1,1
param_20033,real_003,0.7752069000798641,0.5064164866745253,0.1687207349849391,0.2001821633706963,0.8079472908823048,281.45896016554747,1,1,0,0,1,1,0,1,0,0,0,1,1,1
param_20033,real_004,0.7082430738963815,0.5380210944821705,0.12585379731092747,0.16561371263367503,0.8267843323264348,41.50296084496062,0,1,0,1,1,1,1,1,1,1,1,1,1,1
param_20033,real_005,0.7639957725119174,0.5357556867067061,0.1846732277582926,0.21145381236783278,0.8900782638062934,378.9984471988579,1,1,0,0,1,1,0,1,0,1,0,1,1,1
param_20034,real_001,0.7990051851258211,0.6229182437576074,0.18650423296667074,0.25063613315665384,0.41827702155242263,85.32263190715241,1,1,1,1,1,1,1,1,1,1,1,1,1,1
param_20034,real_002,0.8672305182592623,0.7226093972649168,0.4134862327038325,0.4633617139853115,0.44579976985040276,182.60767588375853,1,1,0,1,1,1,1,1,0,1,0,1,1,1
param_20034,real_003,0.813510364175155,0.5997934957084218,0.21426019908230556,0.26943021172562875,0.4989990612664985,266.8814526200191,1,1,1,0,1,1,0,1,1,0,0,1,1,1
param_20034,real_004,0.7536090855088,0.6133617641222202,0.15968769614300105,0.21998327591058126,0.5516433418150976,38.70436473766729,1,1,1,1,1,1,1,1,1,1,1,1,1,1
param_20034,real_005,0.8072778806021429,0.6298234501857961,0.23479577195214835,0.2834729935753495,0.559070758944793,379.27851950062825,1,1,1,0,1,1,0,1,0,1,0,1,1,1
param_20035,real_001,0.7983330454745489,0.6597411280051191,0.18797444915717043,0.2533318013958817,0.05294089799341282,130.01299932953168,1,1,1,1,1,1,1,1,1,1,1,1,1,1
param_20035,real_002,0.882594493485215,0.750250208837455,0.4171240123342255,0.47303525543026514,0.2088493346207128,265.6266101086974,1,1,1,1,1,1,1,1,1,1,1,1,1,1
param_20035,real_003,0.8107799145672846,0.654912218453431,0.21057857839917066,0.26563453478359467,0.12293367920907394,300.3956783195933,1,1,1,0,1,1,1,1,1,0,1,1,1,1
param_20035,real_004,0.7682679917374142,0.6598560106307235,0.17914364905671065,0.24945591030073128,0.010359540988484139,95.8835112076757,1,1,1,1,1,1,1,1,1,1,1,1,1,1
param_20035,real_005,0.8298225594822397,0.6894446675918161,0.2503728750061659,0.316141643295267,0.12237161480350178,455.03853079501937,1,1,1,0,1,1,1,1,1,1,1,1,1,1
param_20036,real_001,0.748817067694025,0.3441834092310602,0.05930612667240416,0.07538672651237516,2.350535134660935,259.67016064740886,0,1,0,1,0,1,0,1,0,1,0,1,1,1
param_20036,real_002,0.7168458251467222,0.38015347451893505,0.05347663745948536,0.0698385035971048,2.8711428890626745,432.0912432779745,0,1,0,1,0,1,0,1,0,1,0,1,1,1
param_20036,real_003,0.7778316420523178,0.37982375385532025,0.10084405851679204,0.1070391285893097,2.0250078359378496,62.79159004914398,0,1,0,1,0,1,0,1,0,0,0,1,1,1
param_20036,real_004,0.7603928323459686,0.3534106710566797,0.07727778062892508,0.09586929618697425,2.0135488047141803,505.76882195529294,0,1,0,1,0,1,0,1,0,1,0,1,0,1
param_20036,real_005,0.7686282888302017,0.400254914444438,0.09540762446440589,0.11016020731113992,2.2250349199527237,279.6336663878907,0,1,0,1,0,1,0,1,0,1,0,1,0,1
param_20037,real_001,0.7547680681357938,0.36734729684426953,0.06265884377936506,0.08093236676193573,2.1104120856747293,260.9308666731136,0,1,0,1,0,1,0,1,0,1,0,1,1,1
param_20037,real_002,0.7231568782354313,0.40062340939548746,0.05696922558024722,0.07532029258860061,2.5641431804155523,433.15804664104695,0,1,0,1,0,1,0,1,0,1,0,1,1,1
param_20037,real_003,0.786208178100086,0.4120442531534381,0.10737963546796284,0.11622923957741266,1.8085181566858592,62.795947472612156,0,1,0,1,0,1,0,1,0,0,0,1,1,1
param_20037,real_004,0.7668172344321204,0.3754230462964142,0.08250660084648016,0.1037864559287678,1.7806153972896157,507.0742967619163,0,1,0,1,0,1,0,1,0,1,0,1,0,1
param_20037,real_005,0.777469246948087,0.42959133856902937,0.10177215553068994,0.1187670293335982,1.9680015821220211,277.8283496685288,0,1,0,1,0,1,0,1,0,1,0,1,0,1
param_20038,real_001,0.7542868723802435,0.38940939185386136,0.0673532190009052,0.08696608799284013,2.0116902574616566,255.5640131215728,0,1,0,1,0,1,0,1,0,1,0,1,1,1
param_20038,real_002,0.7217875574225856,0.42097467227892515,0.059118272596741475,0.07866326231818845,2.468320221007747,428.5424652234338,0,1,0,1,0,1,0,1,0,1,0,1,1,1
param_20038,real_003,0.7861273097860453,0.43122907042236913,0.11362426936899699,0.12390682951754405,1.7163161915483898,61.51345762675475,0,1,0,1,0,1,0,1,0,0,0,1,1,1
param_20038,real_004,0.765777575786979,0.39236388046012605,0.08530236040952827,0.1081562012962419,1.6946490230125941,502.1309617239998,0,1,0,1,0,1,0,1,0,1,0,1,0,1
param_20038,real_005,0.7762942773736081,0.4460072966359543,0.1050104809571138,0.12466269186358467,1.8727819145881588,282.9162517402515,0,1,0,1,0,1,0,1,0,1,0,1,1,1
param_20039,real_001,0.789556867239842,0.4650183172523945,0.08422342421628792,0.11579628546214173,1.2197021431166,263.3061858815105,1,1,1,1,1,1,1,1,0,1,0,1,1,1
param_20039,real_002,0.7545558472276969,0.4792076488619388,0.07616303047664871,0.10513574344267812,1.5353108171388434,433.71527619186617,1,1,1,1,1,1,1,1,0,1,0,1,1,1
param_20039,real_003,0.8212778852175623,0.5027544184512399,0.13244400927108868,0.1579196564709955,0.9693193412039062,64.32713419771008,1,1,1,1,1,1,1,1,0,0,0,1,1,1
param_20039,real_004,0.8025234745987236,0.4587097162941369,0.11047803968825758,0.150764976791894,0.9534675097304415,510.27452853316873,1,1,1,1,1,1,1,1,0,1,0,1,0,1
param_20040,real_001,0.8138745818349057,0.5671120665182475,0.12635217367092724,0.17327171831424387,0.8767244450450229,219.11130189833256,1,1,1,1,1,1,1,1,0,1,0,1,1,1
param_20040,real_002,0.7650477160619775,0.5592485513069235,0.09631066450217406,0.13614933176160876,1.1779680193090964,396.88159030678764,1,1,1,1,1,1,1,1,0,1,0,1,1,1
param_20040,real_003,0.840536992627861,0.5958587974266479,0.18423696083318652,0.22210735182045618,0.6957842288238764,61.88198809677048,1,1,1,1,1,1,1,1,0,0,0,1,1,1
param_20040,real_004,0.8110149724767556,0.5519013153490905,0.1322132903117635,0.18281077899798437,0.6716813392271214,470.2298729854258,1,1,1,1,1,1,1,1,0,1,0,1,1,1
param_20040,real_005,0.8257615831346868,0.5917746523813038,0.14591944290626316,0.18857503229636946,0.7883980599878452,316.355107406381,1,1,1,1,1,1,1,1,0,1,0,1,1,1
param_20041,real_001,0.8076946846384101,0.6358515036321668,0.13337760197370677,0.1912564322133358,0.06437902292339068,265.4457563719563,1,1,1,1,1,1,1,1,1,1,1,1,1,1
param_20041,real_002,0.7998823821567556,0.6576196661756107,0.1292892255043697,0.18948328687465923,0.05527537185250155,435.3819548284335,1,1,1,1,1,1,1,1,1,1,1,1,1,1
param_20041,real_003,0.8281641801422501,0.6539824155955192,0.1631047969713331,0.21113631644181627,0.18249857815317222,68.0593348577223,1,1,1,1,1,1,1,1,1,0,1,1,1,1
param_20041,real_004,0.8582228818003008,0.6831046949229068,0.18911793030744192,0.265347917329412,0.1831437560503388,516.037086656791,1,1,1,1,1,1,1,1,1,1,1,1,1,1
param_20041,real_005,0.8465821168381794,0.6816456523850336,0.1706766985122166,0.2217799168404558,0.09003983580614454,266.07811467507486,1,1,1,1,1,1,1,1,1,1,1,1,1,1
param_20042,real_001,0.7091232971951642,0.40602364683002845,0.08025138275286604,0.09933182817794262,2.933944825327,594.0717612176538,0,1,0,1,0,1,0,1,0,1,0,1,1,1
param_20042,real_002,0.7133103534435736,0.37760197921223293,0.07217457118213734,0.0908926744714061,2.440506384467378,528.6215206804641,0,1,0,1,0,1,0,1,0,1,0,1,1,1
param_20042,real_003,0.707585942007827,0.4131724014020123,0.07221095172824893,0.0919519094731616,2.6577401082177885,268.480727888295,0,1,0,1,0,1,0,1,0,1,0,1,1,1
param_20042,real_004,0.696562609547002,0.3394981966318028,0.051693616466257516,0.07783506835874901,1.8237236576140252,557.3430828232448,0,1,0,1,1,1,0,1,0,1,0,1,1,1
param_20042,real_005,0.7027969689146686,0.37219476540933016,0.06851809145055887,0.08275460993694797,2.4627519355709158,260.2231780990001,0,1,0,1,0,1,0,1,0,1,0,1,1,1
param_20043,real_001,0.7179365297496539,0.4290555586014469,0.08768414160944182,0.10977914199424278,2.4834452179678435,583.3494577152617,0,1,0,1,0,1,0,1,0,1,0,1,1,1
param_20043,real_002,0.7221491124415327,0.408131074064061,0.07806779176535321,0.09939188230990052,2.0959548262700194,532.6599343579785,0,1,0,1,0,1,0,1,0,1,0,1,1,1
param_20043,real_003,0.7176440496544274,0.4373409596843599,0.07825393022722288,0.10106446155878154,2.2907697573590933,267.8206603843695,0,1,0,1,0,1,0,1,0,1,0,1,1,1
param_20043,real_004,0.7048392210071341,0.36372939726039677,0.056431698683393795,0.08626490994520479,1.5320878647571874,563.277939738977,0,1,1,1,1,1,0,1,0,1,0,1,1,1
param_20043,real_005,0.7112258895886431,0.3969019184877635,0.0732913304760269,0.0900157657197934,2.1472852129947553,264.0967944336069,0,1,0,1,0,1,0,1,0,1,0,1,1,1
param_20044,real_001,0.7165006985813441,0.4396263528485239,0.08903089703485316,0.11259673863220908,2.4550965885737774,587.4550861405648,0,1,0,1,0,1,0,1,0,1,0,1,1,1
param_20044,real_002,0.7216912210251593,0.4181194182709674,0.0807591709035233,0.10286738327375648,2.063049910457058,527.4723962105847,0,1,0,1,0,1,0,1,0,1,0,1,1,1
param_20044,real_003,0.7168958689500219,0.4498493122845087,0.07999675317099011,0.10422488332886762,2.241033804663358,268.8966976569874,0,1,0,1,0,1,0,1,0,1,0,1,1,1
param_20044,real_004,0.7036529083164897,0.3740874733971864,0.05917556811633755,0.09012836963435973,1.491796619748159,558.1354413259181,0,1,1,1,1,1,0,1,0,1,0,1,1,1
param_20044,real_005,0.7097066018788556,0.40962106674736876,0.07617859292235277,0.09430020306100738,2.1033167773499266,258.26460423026,0,1,0,1,0,1,0,1,0,1,0,1,1,1
param_20045,real_001,0.7529306646594444,0.5125868698558184,0.11654387877484154,0.1520103370171201,1.243192037251998,554.957849884393,1,1,0,1,1,1,0,1,1,1,0,1,1,1
param_20045,real_002,0.7520394638777474,0.4900558133662124,0.10054564306649627,0.13498788857291202,1.1881301016506056,544.5799148484198,1,1,1,1,1,1,1,1,0,1,0,1,1,1
param_20045,real_003,0.7534378817809794,0.511255537552286,0.10168787402734134,0.13786134324888985,1.2795289592581371,266.2283321944241,1,1,1,1,1,1,1,1,1,1,0,1,1,1
param_20045,real_004,0.7308166159834184,0.4375763918108683,0.07123865981542624,0.11877848116630879,0.8178339517625232,577.053648809196,1,1,1,1,1,1,1,1,0,1,0,1,1,1
param_20045,real_005,0.7444892156997776,0.4698355967076153,0.09478083658988075,0.12204281851203418,1.3346208209132766,266.88874915638945,1,1,1,1,1,1,1,1,0,1,0,1,1,1
param_20046,real_001,0.7745869709678973,0.5773283290392653,0.1313291423168619,0.17876022025316565,1.0509551809110205,574.8441236242345,1,1,1,1,1,1,1,1,0,1,0,1,1,1
param_20046,real_002,0.7866730527111946,0.5724939965550747,0.13083097534217894,0.1811637995425679,0.893220237020995,511.76881898122446,1,1,1,1,1,1,1,1,0,1,0,1,1,1
param_20046,real_003,0.7741723736355045,0.5773283540394756,0.12259861398211656,0.17004100588791682,0.9989719539805018,273.33363474897357,1,1,1,1,1,1,1,1,1,1,0,1,1,1
param_20046,real_004,0.7611649119516715,0.5271309682878261,0.10155887949719773,0.1653177121600868,0.5792460432943073,539.5759112152032,1,1,1,1,1,1,1,1,0,1,0,1,1,1
param_20046,real_005,0.7707720339459125,0.5602276915362742,0.12355475172807673,0.16232380261468665,1.0195264266518171,226.47338933858333,1,1,1,1,1,1,1,1,0,1,0,1,1,1
param_20047,real_001,0.810856600151057,0.6710293126877624,0.17445850477253078,0.23880573662455212,0.0630461448967462,489.67842321894045,1,1,1,1,1,1,1,1,1,1,1,1,1,1
param_20047,real_002,0.8123137391895829,0.670394109525932,0.1663997201974541,0.22968589524968316,0.021338922543007476,568.6885392657584,1,1,1,1,1,1,1,1,1,1,1,1,1,1
param_20047,real_003,0.8192817971027114,0.6761151381449361,0.17495138182361195,0.24145683445937624,0.02865651414101787,265.316217656907,1,1,1,1,1,1,1,1,1,1,1,1,1,1
param_20047,real_004,0.7836773495578359,0.6200954243986725,0.12896336847751877,0.20693596289132501,0.10492726776753598,582.0726807288715,1,1,1,1,1,1,1,1,1,1,1,1,1,1
param_20047,real_005,0.8215456245579311,0.6608574142425222,0.18443816539450558,0.24606360480307424,0.03382992699825242,258.37016454984166,1,1,1,1,1,1,1,1,1,1,1,1,1,1
param_20048,real_001,0.7048988099151433,0.3773567608092209,0.1077839357960262,0.12307335705389946,1.951338869587323,676.7863120986165,0,1,0,1,0,1,0,1,0,0,0,1,1,1
param_20048,real_002,0.7027675520772767,0.4011536171625544,0.11299054409349527,0.12308252229004132,2.422120712895013,232.25392798965078,0,1,0,1,0,1,0,1,0,1,0,0,1,1
param_20048,real_003,0.7264177501188334,0.38038618831786436,0.15602320739758582,0.15618363643661076,1.735899095788001,395.7897110125586,0,1,0,1,0,1,0,1,0,1,0,1,1,1
param_20048,real_004,0.7233828341287227,0.4362721417476919,0.1436250836577018,0.1581926893225218,1.637616328732635,536.6445643606958,0,0,0,1,0,1,0,1,0,1,0,1,1,1
param_20048,real_005,0.6726762330709414,0.37285069030086115,0.06577545215306549,0.0830587706904467,2.449892777397033,439.6195283807183,0,0,0,1,0,1,0,1,0,1,0,1,1,1
param_20049,real_001,0.7138649634298844,0.4088663192795194,0.11446617931475028,0.1325695468256008,1.6848140296781653,680.1568626380486,0,1,0,1,0,1,1,1,0,0,0,1,1,1
param_20049,real_002,0.7097011931827565,0.42485064699628944,0.12058090503880363,0.1327068629022352,2.0395078150981045,239.03251428238076,0,1,0,1,0,1,0,1,0,1,0,0,1,1
param_20049,real_003,0.7365112825353095,0.41267623075604204,0.1674849006172777,0.16865447397896943,1.5173215486598137,402.07925087219337,0,1,0,1,0,1,0,1,0,1,0,1,1,1
param_20049,real_004,0.7359732709267331,0.46888141984291076,0.1585475413409798,0.17584336715248733,1.2708043040718378,539.1261204662177,1,0,0,1,1,1,0,1,0,1,0,1,1,1
param_20049,real_005,0.6821740323852441,0.39765303148930964,0.07055029088690848,0.09100110198886929,2.113134900051869,443.47438942519955,0,0,0,1,1,1,0,1,0,1,0,1,1,1
param_20050,real_001,0.7161410698685178,0.4312942743506452,0.11987723219362667,0.13995940678240368,1.6416936875438497,675.5339924150787,0,1,0,1,0,1,1,1,0,0,0,1,1,1
param_20050,real_002,0.7105105858886699,0.43690987533283526,0.12366128010422482,0.13811972776087303,2.0063153739885533,237.31596098542497,0,1,0,1,0,1,0,1,0,1,0,0,1,1
param_20050,real_003,0.7383304522141898,0.4300827413359585,0.1756990055096923,0.17846293542727676,1.4904290303571768,397.52780629086874,0,1,0,1,0,1,0,1,0,1,0,1,1,1
param_20050,real_004,0.7375193188457152,0.48259341706396514,0.16227398436302362,0.1823650381451259,1.249688440669517,537.3940759360357,1,0,0,1,1,1,0,1,0,1,0,1,1,1
param_20050,real_005,0.6819973974206913,0.408238531464563,0.07378226486349737,0.09606842292603371,2.075705613371176,439.3270749828571,0,0,0,1,1,1,0,1,0,1,0,1,1,1
param_20051,real_001,0.7482872964150462,0.5128435033166255,0.14263551562654345,0.17452400978616353,0.9501252817088705,692.9791487421114,1,1,0,1,1,1,1,1,0,0,0,1,1,1
param_20051,real_002,0.7464735180225394,0.5084837513665134,0.1473615055075686,0.1743771738282164,1.1316820598936468,255.81913229961378,1,1,1,1,1,1,0,1,0,1,0,0,1,1
param_20051,real_003,0.7801644840364369,0.5187702626219935,0.20514728908568017,0.22214061432288598,0.8682390520056469,417.8697792652494,1,1,1,1,1,1,0,1,0,1,0,1,1,1
param_20051,real_004,0.778380158469658,0.5562824374319001,0.20329324538930332,0.24352891967417334,0.5658295078466958,559.0272872453351,1,0,1,1,1,1,1,1,0,1,0,1,1,1
param_20051,real_005,0.714772855683907,0.4770571226088902,0.09054493026177678,0.12786474950036905,1.2467640918580376,449.60126657824185,0,0,1,1,1,1,1,1,0,1,0,1,1,1
param_20052,real_001,0.7980106857858493,0.6216748838181456,0.19112061665067956,0.24222576198757342,0.6591439596036586,662.2283371549655,1,1,1,1,1,1,1,1,0,0,0,1,1,1
param_20052,real_002,0.7831336339052599,0.5932674419471947,0.17953352866982614,0.23273666233298906,0.7703870142951226,250.11016500192497,1,1,1,1,1,1,1,1,0,1,0,0,1,1
param_20052,real_003,0.8231138010081408,0.6277681522953048,0.253230026207444,0.2934284134626306,0.5684100894257359,390.10411917373165,1,1,1,1,1,1,1,1,0,1,0,1,1,1
param_20052,real_004,0.8113334163557405,0.6297263882195426,0.23277260145081166,0.2966458971591667,0.328980303768221,558.0654365791428,1,0,1,1,1,1,1,1,1,1,0,1,1,1
param_20052,real_005,0.75147504636681,0.5634145828673073,0.12147851945273735,0.17519663905369456,0.8969063392694342,423.9321355662406,0,0,1,1,1,1,1,1,0,1,0,1,1,1
param_20053,real_001,0.8144400089502096,0.6767314122971146,0.21122513068079887,0.28481860904938755,0.016400965842499893,702.0692895993187,1,1,1,1,1,1,1,1,1,0,1,1,1,1
param_20053,real_002,0.7942420976287141,0.6516373233865029,0.20629399205794616,0.2672508573492804,0.07152338511966842,300.5738489023163,1,1,1,1,1,1,1,1,1,1,1,0,1,1
param_20053,real_003,0.8338937228337473,0.6938229870473333,0.2695640950571687,0.3218777697365189,0.20599500618166833,423.0463311643804,1,1,1,1,1,1,1,1,1,1,1,1,1,1
param_20053,real_004,0.8193695904600413,0.6747214417879012,0.235059513661439,0.30228220637356,0.23266520616028513,612.8565814466617,1,0,1,1,1,1,1,1,1,1,1,1,1,1
param_20053,real_005,0.791540802307862,0.648406828882497,0.1640183000198849,0.2484375575095104,0.028302384121670597,439.4559603266986,1,0,1,1,1,1,1,1,1,1,1,1,1,1
param_20054,real_001,0.8171457997376018,0.49325071387614705,0.20562689786747856,0.20679601488216878,1.8353303663129066,54.21658243535853,0,1,0,1,0,1,0,1,0,1,0,1,0,1
param_20054,real_002,0.7874448138932031,0.4280433215050124,0.1727464509072534,0.1822896158376751,1.924079772079772,228.56243531062714,0,1,0,1,0,1,0,1,0,1,0,1,1,1
param_20054,real_003,0.7748320971208073,0.40925016523752483,0.07136371649972034,0.08674345339250188,2.2641353601642895,459.9216833409585,0,1,0,1,0,1,0,1,0,0,0,1,1,1
param_20054,real_004,0.7324438081239789,0.4156482996031557,0.0645158942294107,0.08225023561235309,2.567095979392989,323.81252628014533,0,1,0,1,0,1,0,1,0,1,0,1,0,1
param_20054,real_005,0.7500040080562493,0.3708180287409794,0.06041174399357411,0.07533351937236811,2.4856889131771296,362.79191716554453,0,1,0,1,0,1,0,1,0,1,0,1,0,1
param_20055,real_001,0.8235351962860638,0.5104893041208604,0.2105276871146631,0.21462377045797776,1.6313225451156486,54.62690104946319,0,1,0,1,0,1,0,1,0,1,0,1,0,1
param_20055,real_002,0.7926522506715774,0.43798612907282364,0.17893885353606717,0.1910978733682919,1.7284404840390464,229.4058926533664,0,1,0,1,0,1,0,1,0,1,0,1,1,1
param_20055,real_003,0.7800233105568392,0.422524391636284,0.07464906911492539,0.09238924695795721,2.043985095443286,460.29733077601963,1,1,0,1,1,1,0,1,0,0,0,1,1,1
param_20055,real_004,0.7366480066230665,0.4279218989428159,0.06825871644171481,0.08825439972662932,2.309497090606816,324.8827783213376,0,1,0,1,0,1,0,1,0,1,0,1,0,1
param_20055,real_005,0.7542555057273223,0.37192159875067027,0.06407390619375214,0.08122807836186333,2.239603834677163,363.86031289326843,0,1,0,1,0,1,0,1,0,1,0,1,0,1
param_20056,real_001,0.8244720403382388,0.5404352690007708,0.20939604807436057,0.21661866653597084,1.5425706099058534,52.01800918557996,0,1,0,1,0,1,0,1,0,1,0,1,0,1
param_20056,real_002,0.793663367208874,0.46983395713802056,0.18579255966957076,0.20186459470066254,1.6422951765045104,225.7734366292988,0,1,0,1,0,1,0,1,0,1,0,1,1,1
param_20056,real_003,0.7801924590278425,0.4456739052389256,0.07964966408050227,0.09961960326581472,1.9395919187858077,455.1074325986675,1,1,0,1,1,1,0,1,0,0,0,1,1,1
param_20056,real_004,0.7350819749769778,0.44403299562137377,0.07024472351281762,0.09119692857113262,2.1997146932952925,319.88922799671894,0,1,0,1,0,1,0,1,0,1,0,1,1,1
param_20056,real_005,0.7536721574699037,0.39601411848568596,0.06755989060587632,0.08604415576904159,2.1331818740022106,358.8323993735372,0,1,0,1,0,1,0,1,0,1,0,1,1,1
param_20057,real_001,0.8604679747112501,0.6034161386297342,0.2231768994599951,0.24786289627510033,0.8394906344858222,55.26057307326041,1,1,1,1,1,1,1,1,0,1,0,1,0,1
param_20057,real_002,0.8278530630686661,0.5235523685179655,0.21641481964303352,0.24671874361211155,0.9224106928794055,232.5987555123258,1,1,1,1,1,1,1,1,0,1,0,1,0,1
param_20057,real_003,0.8058082958312134,0.5091350558920112,0.09300234808304898,0.12748716804210558,1.1448896972541658,459.60589541889425,1,1,1,1,1,1,1,1,0,0,0,1,0,1
param_20057,real_004,0.7669363973133356,0.5082179025617064,0.09028964431297061,0.12344999637706816,1.288545274260997,327.8217079981763,1,1,1,1,1,1,1,1,0,1,0,1,1,1
param_20057,real_005,0.7872618180750951,0.4559836260726399,0.08771489711509084,0.11964659565874083,1.268437976971978,367.29274255961957,1,1,1,1,1,1,1,1,0,1,0,1,0,1
param_20058,real_001,0.8769786061139303,0.6648552473302246,0.22991136421359662,0.2665393143605695,0.5308687615526803,47.52146412448344,1,1,1,1,1,1,1,1,0,1,0,1,1,1
param_20058,real_002,0.8477143197136165,0.6457953830451282,0.24419604751988558,0.2877166928571491,0.6320938338824786,204.35371804552884,1,1,1,1,1,1,1,1,0,1,0,1,1,1
param_20058,real_003,0.8226974568509788,0.5961180271949407,0.12167657033777063,0.17428737742764178,0.7999532255880651,417.4655967803212,1,1,1,1,1,1,1,1,0,0,0,1,1,1
param_20058,real_004,0.7776710130622319,0.554856037230886,0.11139269855104919,0.15444344873254567,1.0028548790763774,289.50903581983107,1,1,1,1,1,1,1,1,0,1,0,1,1,1
param_20058,real_005,0.804375164827617,0.5502687421129193,0.11964286112853265,0.16352543196528846,0.945639878493626,326.6691892214896,1,1,1,1,1,1,1,1,0,1,0,1,1,1
param_20059,real_001,0.8547281702578959,0.6948374827619959,0.18946952537425496,0.22850054835329842,0.24737827375002272,57.99956731283763,1,1,1,1,1,1,1,1,1,1,1,1,1,1
param_20059,real_002,0.8549695177228921,0.6983874527756301,0.25507602575275784,0.3006032087468658,0.2051521929036535,237.04332841994636,1,1,1,1,1,1,1,1,1,1,1,1,1,1
param_20059,real_003,0.7920056381839715,0.6330074225372434,0.10468460512167907,0.1570930619064559,0.10719409965381868,459.55275170145524,1,1,1,1,1,1,1,1,1,0,1,1,1,1
param_20059,real_004,0.8022788911250747,0.6507640995211023,0.14478256685149649,0.20569739518138497,0.024872179530355448,346.1761071931505,1,1,1,1,1,1,1,1,1,1,1,1,1,1
param_20060,real_001,0.7902995141475797,0.4740382970424676,0.16117779472132363,0.17193970049952306,1.620574021106618,71.49336694589009,0,1,0,1,1,1,0,1,0,1,0,1,0,1
param_20060,real_002,0.8003459239265602,0.4951797148910262,0.26966740545677204,0.2743829495368362,1.195088649675479,198.54962841742892,1,1,1,0,0,1,0,1,0,1,0,0,1,1
param_20060,real_003,0.7554272106042795,0.4384363841447327,0.0798707093130954,0.09985706652040366,1.7300187014753385,557.6049979923783,1,1,0,1,1,0,0,1,0,0,0,1,0,1
param_20060,real_004,0.7105586969192855,0.45394237296250867,0.08458860576915773,0.10504397014316064,1.924717879503618,348.30059388986194,0,1,0,1,1,1,0,1,0,1,0,1,0,1
param_20060,real_005,0.7133999587351387,0.39332466934746985,0.06851888643583112,0.08990657750725345,2.222242632051596,456.1970916155912,1,1,0,1,0,1,0,1,0,1,0,1,0,1
param_20061,real_001,0.7993812388974366,0.49560402382273333,0.1675256712599652,0.1816171925850647,1.4128223755902651,73.53744013952708,0,1,0,1,1,1,1,1,0,1,0,1,0,1
param_20061,real_002,0.8069458159259866,0.5074485729097137,0.27759452647662936,0.285039542287468,1.0350204545871475,200.39888568906505,1,1,1,0,0,1,1,1,0,1,0,0,1,1
param_20061,real_003,0.7582848416458957,0.4502832460903696,0.08422120142523534,0.1068534305060486,1.5426922603233808,559.4726138450905,1,1,0,1,1,0,0,1,0,0,0,1,0,1
param_20061,real_004,0.7153789233202125,0.4637182332401414,0.0890314330073494,0.11221003505195647,1.7266562975131508,351.64368390877877,0,1,0,1,1,1,0,1,0,1,0,1,0,1
param_20061,real_005,0.7188798904261661,0.40270137516044285,0.07309529060838256,0.09681678401410125,1.969734020540988,458.54302952229943,1,1,0,1,1,1,0,1,0,1,0,1,0,1
param_20062,real_001,0.8019366164328909,0.5268184666115407,0.1738943782354951,0.19058940290161788,1.3360295410585545,68.68595217421047,0,1,0,1,1,1,1,1,0,1,0,1,0,1
param_20062,real_002,0.8097372013217037,0.5383248042243334,0.2904522247020834,0.3052621529454233,0.9735100515922434,198.0072705393605,1,1,1,0,0,1,1,1,0,1,0,0,1,1
param_20062,real_003,0.7629439581106681,0.4703809070768191,0.08882442515827589,0.11349872084950459,1.4659841310468391,553.8730190441873,1,1,0,1,1,0,0,1,0,0,0,1,0,1
param_20062,real_004,0.7157490983978947,0.4799834946470574,0.09200882397537184,0.11640818647852962,1.6769727021601497,347.35838688822764,0,1,0,1,1,1,0,1,0,1,0,1,0,1
param_20062,real_005,0.7198607640316693,0.42466633501796175,0.07611479942917374,0.10101166232437997,1.9083523690221798,453.93769495751,1,1,0,1,1,1,0,1,0,1,0,1,0,1
param_20063,real_001,0.833568507080484,0.5885796348768696,0.19147035844953464,0.22500748586074057,0.7976022948690192,78.7134828411568,1,1,1,1,1,1,1,1,0,1,0,1,0,1
param_20063,real_002,0.8360159949155862,0.5872654348811825,0.3147116259212997,0.3405352123460906,0.5148506739133404,208.9386272398737,1,1,1,0,1,1,1,1,0,1,0,0,1,1
param_20063,real_003,0.7767302455707151,0.51378553660915,0.09818217791139333,0.1323424694907333,0.8331367251417482,563.5958210110557,1,1,1,1,1,0,0,1,0,0,0,1,0,1
param_20063,real_004,0.7433192015257036,0.5358812685177878,0.11073686155647072,0.14457927746823784,1.0208009532690914,369.64835188593406,1,1,1,1,1,1,1,1,1,1,0,1,0,1
param_20063,real_005,0.7451709310534608,0.4693654450339878,0.09402332745909242,0.12940784195296037,1.2096460412322076,470.6889295062998,1,1,1,1,1,1,0,1,0,1,0,1,0,1
param_20064,real_001,0.8619399815773986,0.680631314084462,0.21842444469877265,0.2663917369148727,0.43494415761163074,40.90470518130685,1,1,1,1,1,1,1,1,1,1,1,1,1,1
param_20064,real_002,0.8595336357338417,0.6999701111983414,0.337561464835723,0.3833289588140196,0.29768143746198117,192.40236423990225,1,1,1,0,1,1,1,1,0,1,0,0,1,1
param_20064,real_003,0.7990038669397085,0.5949375289595317,0.13080199303772003,0.18162422978017492,0.5485063432196126,523.3443885783404,1,1,1,1,1,0,0,1,1,0,0,1,1,1
param_20064,real_004,0.7760483939365802,0.600705433221408,0.14401104334289339,0.19308679789759256,0.7145086317732772,339.2484086462014,1,1,1,1,1,1,1,1,1,1,1,1,1,1
param_20064,real_005,0.778460056820472,0.5727440710500245,0.12591734455236314,0.17816815828327265,0.8692074542397765,434.35849930381715,1,1,1,1,1,1,1,1,0,1,0,1,1,1
param_20065,real_002,0.8639373119896828,0.7236865137333501,0.3310661624276849,0.3790788382070078,0.27027240374431805,218.5697178825297,1,1,1,0,1,1,1,1,1,1,1,0,1,1
param_20065,real_003,0.7823216199508134,0.626601096004607,0.1173721838714133,0.17117269652681621,0.07316244139885972,557.6826114331587,1,1,1,1,1,0,1,1,1,0,0,1,1,1
param_20065,real_004,0.7834633483162761,0.6541858926876359,0.1589780700692698,0.2219592268708119,0.015894841745405,414.0854896299909,1,1,1,1,1,1,1,1,1,1,1,1,1,1
param_20065,real_005,0.8064295523766257,0.6344847420408061,0.1675710992035047,0.23965692770955793,0.05357393109063124,497.96895113731216,1,1,1,1,1,1,1,1,1,1,0,1,1,1
param_20066,real_001,0.7005273224528082,0.4178746014820357,0.08045119583006982,0.11533751207871697,0.9659939392045988,826.8685937641153,1,1,1,1,1,1,1,1,0,1,0,1,1,1
param_20066,real_002,0.7010114537002794,0.4271047801508297,0.07251777617484127,0.1086203917598323,1.3973524720893142,135.199034909219,0,1,1,1,0,1,1,1,0,1,1,1,1,1
param_20066,real_003,0.6828359116174266,0.4329302740414184,0.066358128054373,0.08814197076777941,1.9454209654821042,106.96558733856436,1,1,1,1,0,1,1,1,0,1,1,1,0,1
param_20066,real_004,0.6610108022466932,0.3841209179945993,0.040381427233200796,0.06425732085787804,2.272734283125446,250.2567672776792,1,1,0,1,1,1,0,1,0,1,0,1,1,1
param_20066,real_005,0.8111639421950412,0.5765938454575721,0.3140566366117074,0.334949737900782,0.7465512158031128,13.59600646514229,1,1,0,1,1,1,0,1,0,1,0,1,0,0
param_20067,real_001,0.705906265619538,0.42790836133930343,0.08546726056799053,0.1232845653672878,0.7984481723871852,829.1458429083234,1,1,1,1,1,1,1,1,1,1,0,1,1,1
param_20067,real_002,0.7087104535019862,0.43819547589957936,0.07876734105975286,0.11797450888438082,1.2168571639259642,130.5721249492051,1,1,1,1,1,1,1,1,0,1,1,1,1,1
param_20067,real_003,0.6886527604156772,0.4389029285765428,0.07004047479739244,0.09359340698419132,1.8009750632125607,107.43499050769296,1,1,1,1,0,1,1,1,0,1,1,1,0,1
param_20067,real_004,0.6669552058551338,0.3966106240887735,0.043131663617279284,0.07027631820566077,1.9962758352895493,255.0677732425822,1,1,0,1,1,1,0,1,0,1,0,1,1,1
param_20067,real_005,0.8220251350263602,0.605057348231676,0.33080295424597994,0.35762012333962623,0.604919435334379,14.955663770909824,1,1,0,1,1,1,0,1,1,1,0,1,0,0
param_20068,real_001,0.7062797802941932,0.44124231560899646,0.08997847106185693,0.13054133592102565,0.7749869547435373,824.2192457953695,1,1,1,1,1,1,1,1,1,1,0,1,1,1
param_20068,real_002,0.7099771383080935,0.45923496982503564,0.08256365842248202,0.12406917858811871,1.1748075698825164,134.02502066067206,1,1,1,1,1,1,1,1,0,1,1,1,1,1
param_20068,real_003,0.6890382687316982,0.4488032566921793,0.07284630437946457,0.09808214102078905,1.7381258973106581,103.5295465213708,1,1,1,1,0,1,1,1,0,1,1,1,0,1
param_20068,real_004,0.6675750285909374,0.40469108171736307,0.046104854521655865,0.07461315823228447,1.9404326814819948,250.01804397027155,1,1,0,1,1,1,0,1,0,1,0,1,1,1
param_20068,real_005,0.8256069982321492,0.6185358601223035,0.33335502555445023,0.362079497646359,0.5878029512174477,12.779419737672464,1,1,0,1,1,1,0,1,1,1,0,1,0,0
param_20069,real_001,0.7248076484110142,0.4758830348550681,0.09910034057612652,0.14786790211385412,0.4109120667234653,837.5444365650796,1,1,1,1,1,1,1,1,1,1,0,1,1,1
param_20069,real_002,0.738488444416989,0.4988499716917436,0.1046470265109262,0.154466045975096,0.6836811272780223,104.74998143941852,1,1,1,1,1,1,1,1,0,1,1,1,1,1
param_20069,real_003,0.7107396216006455,0.47201751304356926,0.08801702795565002,0.1197743798860961,1.2529715510522215,107.93963341248896,1,1,1,1,1,1,1,1,0,1,1,1,0,1
param_20069,real_004,0.6873933827166142,0.4404684819728263,0.057144385457039065,0.09632559488067435,1.1705941771407382,277.51386178589564,1,1,1,1,1,1,1,1,0,1,0,1,1,1
param_20069,real_005,0.8567602783201109,0.6903600441474239,0.3633296935095844,0.4092120993861762,0.21369263285024154,34.79548364868369,1,1,1,1,1,1,1,1,1,1,1,1,0,0
param_20070,real_001,0.7657317304818876,0.5923643160473729,0.1382151088026304,0.2092001582836832,0.2015637828652168,805.3014354699699,1,1,1,1,1,1,1,1,1,1,0,1,1,1
param_20070,real_002,0.7781275262499321,0.6109231231555545,0.14457335601827365,0.2156125401889487,0.4274291574868951,110.30106733541041,1,1,1,1,1,1,1,1,0,1,1,1,1,1
param_20070,real_003,0.7414309510153302,0.5591727082853386,0.11852798512935417,0.16650549849591306,0.858789248932429,87.88102273808676,1,1,1,1,1,1,1,1,0,1,1,1,1,1
param_20070,real_004,0.7231520828383087,0.5339259250415876,0.08831927322965172,0.14451930931816334,0.8424737076310277,245.93823492841494,1,1,1,1,1,1,1,1,0,1,0,1,1,1
param_20070,real_005,0.881985696265295,0.7383660449699215,0.3426152977948197,0.3952838241937342,0.052074180703295884,10.004540393015276,1,1,1,1,1,1,1,1,1,1,1,1,1,0
param_20071,real_001,0.7650730096794609,0.6142376658123256,0.14098143612458158,0.21597105526996244,0.24080251419057902,846.226659042487,1,1,1,1,1,1,1,1,1,1,1,1,1,1
param_20071,real_002,0.7870671552537876,0.6405146569086885,0.16766938495248954,0.23763128612479023,0.044654887504766747,57.303180861631056,1,1,1,1,1,1,1,1,1,1,1,1,1,1
param_20071,real_004,0.7386847231829549,0.5863590216369904,0.10976089605990275,0.18095164337828543,0.11350890426683284,307.68651456772255,1,1,1,1,1,1,1,1,1,1,1,1,1,1
param_20071,real_005,0.8603968541416289,0.7338243939244649,0.28527143423169926,0.3315842900651191,0.2784138992178484,73.38773415013868,1,1,1,1,1,1,1,1,1,1,1,1,1,0
param_20072,real_001,0.7651744787106778,0.38693174665428876,0.06579403754774937,0.07697251769625167,2.4109670485467976,464.4310563463772,0,1,0,1,0,1,0,1,0,1,0,1,0,1
param_20072,real_002,0.7632270152339775,0.41952990926475126,0.1292931501216071,0.13732179529559138,2.0739700158901964,388.5014317431854,0,1,0,1,0,1,0,1,0,0,0,1,1,1
param_20072,real_003,0.7701709321365382,0.34985483317285004,0.054491930461775466,0.07206924633766766,1.9763430912575166,502.1095615105491,0,0,0,1,1,1,0,1,0,0,0,1,1,1
param_20072,real_004,0.7346166874766391,0.3881605394138888,0.05772486095262964,0.07570142956188464,2.2337552934747964,167.7887312114909,0,1,0,1,0,1,0,1,0,1,0,1,1,1
param_20072,real_005,0.7759361375960566,0.38487127401825644,0.10632291300996294,0.12014640193532217,1.872391269714832,456.083658021932,0,1,0,1,0,1,0,1,0,1,0,1,1,1
param_20073,real_001,0.7715588388798399,0.41012755897951114,0.06997886145508195,0.08334792581783025,2.144751544283516,465.55732702729813,0,1,0,1,0,1,0,1,0,1,0,1,0,1
param_20073,real_002,0.7695921649129651,0.4408801013424383,0.13421724192557472,0.1445964278250943,1.8440755971278204,390.0348461227021,0,1,0,1,0,1,0,1,0,0,0,1,1,1
param_20073,real_003,0.7744465054609883,0.3646494308474751,0.056680293513438375,0.07679504642409818,1.7672694505314466,502.4092760417541,1,0,0,1,1,1,0,1,0,0,0,1,1,1
param_20073,real_004,0.7388086802889567,0.40334059596038424,0.06118926817459684,0.0817833277688618,1.9826333473330533,169.0830656681976,0,1,0,1,0,1,0,1,0,1,0,1,1,1
param_20073,real_005,0.7820553241260687,0.4040186848029099,0.1125259594809579,0.12934705335492272,1.6419794435954869,457.8267616419782,0,1,0,1,0,1,0,1,0,1,0,1,1,1
param_20074,real_001,0.7708945009196236,0.43374351900939173,0.07304607943651599,0.08728123646889603,2.040274748792369,460.3567241291009,0,1,0,1,0,1,0,1,0,1,0,1,0,1
param_20074,real_002,0.7702624129159855,0.47350206421362495,0.13717589087942414,0.15016498873497022,1.7615235021516054,385.2784373651651,0,1,0,1,0,1,0,1,0,0,0,1,1,1
param_20074,real_003,0.774338404998163,0.3819618455857024,0.061926459819404416,0.08372091217222706,1.6724748323806886,496.9497074692731,1,0,0,1,1,1,0,1,0,0,0,1,1,1
param_20074,real_004,0.7369589841795832,0.4145219510390328,0.0630262423741685,0.0846849218934858,1.891080442924605,164.28604509395657,0,1,0,1,0,1,0,1,0,1,0,1,1,1
param_20074,real_005,0.7814624558723509,0.41948283721606444,0.11541503932751461,0.13336227161284425,1.5707302169263673,452.99236010521724,0,1,0,1,0,1,0,1,0,1,0,1,1,1
param_20075,real_001,0.8038375363057259,0.515128830834152,0.09266601035907328,0.11977582313100366,1.1635047718504337,468.0287349294917,1,1,1,1,1,1,1,1,0,1,0,1,0,1
param_20075,real_002,0.8076664244597258,0.5538807156020381,0.1623530252529868,0.18964792813796486,0.9761495869481539,397.6152180617968,1,1,1,1,1,1,1,1,0,0,0,1,1,1
param_20075,real_003,0.7952213254502756,0.453947002011674,0.06986193472544268,0.1043902402283932,0.9352773520860486,500.5687055117622,1,0,1,1,1,1,1,1,0,0,0,1,0,1
param_20075,real_004,0.767769412100823,0.48779624402856053,0.08065209429336935,0.11598150128596885,1.0875540139333901,174.63122136003847,1,1,1,1,1,1,1,1,0,1,0,1,1,1
param_20075,real_005,0.8179396808649326,0.4901760033421415,0.14439835041010132,0.17828198686741284,0.8425893482831114,466.08973638944144,1,1,1,1,1,1,1,1,0,1,0,1,0,1
param_20076,real_001,0.8191013487755217,0.579696155575851,0.11984674563565324,0.15794675299517563,0.8206617925276763,425.3207137287447,1,1,1,1,1,1,1,1,0,1,0,1,1,1
param_20076,real_002,0.8305248990560423,0.6470154581633267,0.17849932726554826,0.22215018056529023,0.7183887329745874,358.0702772916786,1,1,1,1,1,1,1,1,0,0,0,1,1,1
param_20076,real_003,0.8208496914095471,0.5561620908888013,0.1154690071960459,0.16451613878578264,0.6291656619242826,456.52340856498313,1,0,1,1,1,1,1,1,0,0,0,1,1,1
param_20076,real_004,0.7783262146694504,0.5427157176697769,0.10249861259909233,0.14844931028572753,0.8119920903234037,136.4789794715332,1,1,1,1,1,1,1,1,0,1,0,1,1,1
param_20076,real_005,0.8398947681388554,0.5767525412044967,0.1770430761626677,0.2241396483946748,0.6218195836545876,425.26600704422424,1,1,1,1,1,1,1,1,0,1,0,1,1,1
param_20077,real_001,0.8174356575084737,0.6559770914275453,0.12566100738727704,0.17046103746558258,0.10630407170417236,471.6320696267401,1,1,1,1,1,1,1,1,1,1,1,1,1,1
param_20077,real_002,0.8076760364645214,0.6762549626947043,0.15213224908834808,0.20066148060637964,0.18626512634498735,414.5371206790076,1,1,1,1,1,1,1,1,1,0,1,1,1,1
param_20077,real_003,0.7914925582077792,0.6153296555269486,0.09956304504367644,0.15099092726004615,0.18335932117344164,496.3546072613515,1,0,1,1,1,1,1,1,1,0,1,1,1,1
param_20077,real_004,0.7886817883795936,0.6332693565011497,0.12607579418677795,0.18643369885424615,0.132654681355187,194.63615964061844,1,1,1,1,1,1,1,1,1,1,1,1,1,1
param_20077,real_005,0.8552469318085205,0.6684745434937888,0.2124361299876364,0.27180982281693233,0.22431595250387196,485.43741796817847,1,1,1,1,1,1,1,1,1,1,1,1,1,1
param_20078,real_001,0.7410013788223617,0.40694268155732416,0.10724042764506123,0.11256709950996215,2.2929146325372742,78.29033509184478,0,1,0,1,0,1,0,1,0,1,0,1,1,1
param_20078,real_002,0.7100923744478558,0.38168529725637834,0.06392518356697484,0.08672467800419095,1.892165412618898,761.7612619958043,0,1,0,0,0,1,1,1,0,1,0,1,1,1
param_20078,real_003,0.7312832580587227,0.3760244703249236,0.07092001458779691,0.09312759449274227,1.24562300077603,596.7600122171019,0,0,1,1,0,1,0,1,0,1,0,0,1,1
param_20078,real_004,0.7238500564500303,0.3860493371466946,0.07725256709290602,0.09491998820765922,2.3108338622659472,289.3871088108165,0,1,0,1,0,1,0,1,0,1,0,1,1,1
param_20078,real_005,0.7171662842043554,0.3733278778257078,0.06784933343472653,0.09494424763397229,1.133223092961392,471.4316181354693,1,1,0,0,1,1,0,1,0,0,0,0,0,1
param_20079,real_001,0.7485070520633567,0.4249248469531757,0.11191043350952307,0.11974114831086047,2.003670792128859,80.28246018082746,1,1,0,1,0,1,0,1,0,1,0,1,1,1
param_20079,real_002,0.7171325793570068,0.3994526396792989,0.0690047234492277,0.09655144565912482,1.5688397312341253,768.4466269634673,0,1,0,0,0,1,1,1,0,1,0,1,1,1
param_20079,real_003,0.7394848130283617,0.3975045540101572,0.07786164398057306,0.10432550219398838,0.9872866451148222,594.7269259966047,1,0,1,1,0,1,1,1,0,1,0,0,1,1
param_20079,real_004,0.7322499978230654,0.4124563180855956,0.08492119007728725,0.1048176507161778,1.9602390621951868,287.7300412142736,0,1,0,1,0,1,0,1,0,1,0,1,1,1
param_20079,real_005,0.7256236412964815,0.39675163589203777,0.07097319189634434,0.10128766550311885,0.9668881854791932,476.0477053848896,1,1,0,0,1,1,0,1,0,0,0,0,0,1
param_20080,real_001,0.7495217144396977,0.4496580458787905,0.12104733823955888,0.1295293310599738,1.9495932397029567,78.07932059576262,1,1,0,1,0,1,0,1,0,1,0,1,1,1
param_20080,real_002,0.716741470637075,0.4119843126232756,0.07231610253317663,0.10114665512684576,1.5271850854185864,763.754326689626,0,1,1,0,0,1,1,1,0,1,0,1,1,1
param_20080,real_003,0.7388484193749023,0.40460152650607834,0.08226129784804163,0.11022697920159398,0.9623062800813748,589.3222673180554,1,0,1,1,0,1,1,1,0,1,0,0,1,1
param_20080,real_004,0.7311419650180235,0.4294273881795219,0.0871883193761555,0.10856042972137966,1.919797788972852,292.02575331357343,0,1,0,1,0,1,0,1,0,1,0,1,1,1
param_20080,real_005,0.7256834878124196,0.4089902727986554,0.07532995929411795,0.10813453941210356,0.9272827657881489,471.21800422395546,1,1,0,0,1,1,0,1,0,0,0,0,0,1
param_20081,real_001,0.779319031272789,0.505635062101656,0.13215449874054422,0.15418066425877996,1.132712356862075,90.85628574193814,1,1,0,1,1,1,1,1,0,1,0,1,1,1
param_20081,real_002,0.7488600395848044,0.4706840772901269,0.09096288187234851,0.13618377125866962,0.7403678346086723,784.6010258866881,1,1,1,0,1,1,1,1,0,1,1,1,1,1
param_20081,real_003,0.7586717384621052,0.45691489884483966,0.09556097993536049,0.1326863461456508,0.4221857281565036,586.1463656694029,1,0,1,1,1,1,1,1,0,1,0,0,1,1
param_20081,real_004,0.7698943259871746,0.5101383451947052,0.11720168507097135,0.1500932358400434,1.1306723171774677,284.24841603275286,1,1,1,1,1,1,1,1,0,1,0,1,1,1
param_20081,real_005,0.7458110396054788,0.46529694849241915,0.07876093946930586,0.12254274416452772,0.4093311008989111,491.70722034763276,1,1,1,0,1,1,1,1,0,0,0,0,0,1
param_20082,real_001,0.8032280159059952,0.6006312916021419,0.18662601542328006,0.22265506119738201,0.8986889153754469,75.20872198229986,1,1,0,1,1,1,1,1,0,1,0,1,1,1
param_20082,real_002,0.7834909726121136,0.5700995553982219,0.12654974083073195,0.1882380571900513,0.5095641864354749,752.1356717218019,1,1,1,0,1,1,1,1,0,1,1,1,1,1
param_20082,real_003,0.7946237500871959,0.562929269429982,0.1354882336391946,0.19031113498528307,0.25722430035287014,547.1132073118691,1,0,1,1,1,1,1,1,0,1,1,0,1,1
param_20082,real_004,0.7908443630406115,0.5845278766704757,0.13464453108041755,0.1790197368504803,0.8938799128619407,317.05823585776227,1,1,1,1,1,1,1,1,0,1,0,1,1,1
param_20082,real_005,0.7725042635853201,0.5506636602332073,0.11554098408590789,0.1746960595854215,0.22890543297058305,456.8468791710939,1,1,1,0,1,1,1,1,1,0,1,0,1,1
param_20083,real_001,0.819096230209172,0.6449114692050268,0.19059950768846068,0.24249283772029365,0.043898358255777474,118.87049500480799,1,1,1,1,1,1,1,1,1,1,1,1,1,1
param_20083,real_002,0.7838248340539177,0.628478249022393,0.14838755256123096,0.2186641171033117,0.1665604928025809,799.9607581538371,1,1,1,0,1,1,1,1,1,1,1,1,1,1
param_20083,real_003,0.7974810595751919,0.6257045064373202,0.14884949934860092,0.21408818874893462,0.3036851402982622,567.0419739190969,1,0,1,1,1,1,1,1,1,1,1,0,1,1
param_20083,real_004,0.8378439179641636,0.6925851977728129,0.19768215315865525,0.26013642101301754,0.026618939547699443,269.76174625108314,1,1,1,1,1,1,1,1,1,1,1,1,1,1
param_20083,real_005,0.7489963555224313,0.5977367743672426,0.09911111853733898,0.15601593184034937,0.2973577801327326,501.16827428506326,1,1,1,0,1,1,1,1,1,0,1,0,1,1
param_20084,real_001,0.704321274567815,0.4164273330833958,0.08465524600353604,0.10340752796652791,1.9110698066568303,266.8949309245217,0,1,0,1,0,1,1,1,0,1,0,1,1,1
param_20084,real_002,0.7051869668582372,0.4057227583869006,0.0924393915869328,0.11040855562043884,2.1014085762681645,275.29925854932674,0,1,0,1,0,1,0,1,0,0,0,1,1,1
param_20084,real_003,0.716805454356446,0.3688727541264532,0.10491525301943132,0.12948725964724045,1.1186757533012694,633.7621994676796,0,0,1,0,0,1,0,1,0,0,0,1,1,1
param_20084,real_004,0.7168867457333031,0.41580578242733146,0.09126758629613191,0.12366732722056821,0.6593117892377506,549.9736015502082,0,1,0,1,1,0,1,0,0,0,0,0,1,1
param_20084,real_005,0.7496046074880968,0.4150073506561855,0.10959653412384564,0.12830715454911573,1.5816722956484393,170.23452462146125,1,1,0,1,0,1,0,1,0,1,0,1,1,1
param_20085,real_001,0.7122994828794026,0.43470636213281044,0.08998568027204308,0.11257586817322691,1.6296930986134912,260.58995012617163,0,1,0,1,0,1,1,1,0,1,0,1,1,1
param_20085,real_003,0.7260401579037891,0.39486174538424734,0.11054198390828994,0.13920243846396407,0.9378983367013835,637.0878146647748,0,0,1,0,0,1,1,1,0,0,0,1,1,1
param_20085,real_004,0.7231269353607186,0.4366351392548315,0.09472766998963744,0.1313814596298977,0.5269573450100593,556.3735657951779,0,1,0,1,1,0,1,0,1,0,0,0,1,1
param_20085,real_005,0.761719017611971,0.44403939672394116,0.11948360917486961,0.14238240943184338,1.2811578202894551,172.95918103964163,1,1,0,1,1,1,0,1,0,1,0,1,1,1
param_20086,real_001,0.7123386368924417,0.451225686605415,0.09337597273900423,0.11757688205155194,1.5963017397545887,262.7559424223427,0,1,0,1,0,1,1,1,0,1,0,1,1,1
param_20086,real_003,0.7288057132751417,0.4136649698048506,0.11764452949783577,0.14861319538544784,0.9075927286081528,631.7870797619394,0,0,1,0,0,1,1,1,0,0,0,1,1,1
param_20086,real_004,0.7236170006746748,0.456062378509977,0.09698979823363374,0.1353727009449959,0.49595031055900624,552.0922012103126,0,1,0,1,1,0,1,0,1,0,0,0,1,1
param_20086,real_005,0.7626773767447639,0.45372153321674047,0.1244750423085855,0.14972980184769896,1.22920670240383,166.62143493790919,1,1,0,1,1,1,0,1,0,1,0,1,1,1
param_20087,real_001,0.747510937399941,0.5140799864376142,0.1141408548233336,0.15091605568012578,0.8827845183358326,245.19093764624995,1,1,1,1,1,1,1,1,0,1,1,1,1,1
param_20087,real_002,0.7419755054449287,0.5111348124346624,0.14050394239274955,0.17510350171871575,0.9838332572992701,309.63776845548915,0,1,1,1,0,1,1,1,0,0,1,1,1,1
param_20087,real_003,0.7546920072252924,0.4868450657594021,0.12580829004502003,0.1720674362050122,0.432042180715418,649.700136130094,1,0,1,0,1,1,1,1,0,0,1,1,1,1
param_20087,real_004,0.7441189249915824,0.5014302125257883,0.11860035264900076,0.16143286465042586,0.12167012332186634,575.8457305295316,1,1,1,1,1,0,1,0,1,0,1,0,0,1
param_20087,real_005,0.7942147248452096,0.5235498652125227,0.15249219637526276,0.19109473408407956,0.6771636566558441,179.56982300640416,1,1,1,1,1,1,1,1,0,1,0,1,1,1
param_20088,real_001,0.7852864177093334,0.6110680230574412,0.1531781910259262,0.21091198392927646,0.6376336667816488,256.66367439927745,1,1,1,1,1,1,1,1,0,1,1,1,1,1
param_20088,real_002,0.7783238335501901,0.598235274444933,0.16211298726607992,0.21594614993304884,0.6786373451391485,305.78090159469593,0,1,1,1,0,1,1,1,0,0,1,1,1,1
param_20088,real_003,0.7886082861863618,0.5839278799429468,0.17626750882410705,0.24000304279348192,0.2465876706164692,616.3295417676391,1,0,1,0,1,1,1,1,0,0,1,1,1,1
param_20088,real_004,0.7614646685597524,0.5829471619833047,0.1369338456709221,0.19370804488578755,0.0969283685957685,549.5412453602065,1,1,1,1,1,0,1,0,1,0,1,0,1,1
param_20088,real_005,0.8194420119075007,0.6023886006071455,0.1817651608832529,0.23941386773674414,0.40462255833961785,143.84290328635916,1,1,1,1,1,1,1,1,1,1,0,1,1,1
param_20089,real_001,0.7941595396689514,0.6568760658951388,0.17881873670676002,0.24381542781489077,0.08022037900345098,219.1726052858632,1,1,1,1,1,1,1,1,1,1,1,1,1,1
param_20089,real_002,0.8008686644183548,0.6644405836399107,0.1984615887467717,0.2715142662213209,0.05216194861455467,335.930995239676,1,1,1,1,1,1,1,1,0,0,1,1,1,1
param_20089,real_003,0.790067280833264,0.6301751169695352,0.16405155672831678,0.23570186091406892,0.15030875557191348,650.6914431809907,1,0,1,0,1,1,1,1,0,0,1,1,1,1
param_20089,real_004,0.7771274769988089,0.6404660699570112,0.15906207058972652,0.2231165523241243,0.461543506125734,607.0285897433367,1,1,1,1,1,0,1,0,1,0,1,0,1,1
param_20089,real_005,0.8300614537788624,0.6629910126137435,0.19983835971435454,0.2606899545376645,0.16829559748427672,188.73495060761311,1,1,1,1,1,1,1,1,1,1,1,1,1,1
param_20090,real_001,0.7853456377465163,0.39036795046178396,0.07699164757557833,0.09024860602607161,2.0837456067694924,252.88847345251673,0,1,0,1,0,1,0,1,0,0,0,1,1,1
param_20090,real_002,0.7936233067143457,0.38441633238718664,0.09154925500727941,0.10443081276529004,1.9526169026169027,120.2720083937618,0,1,0,1,0,1,0,1,0,1,0,1,0,1
param_20090,real_003,0.767422785144468,0.3727183534788397,0.05629389524206154,0.06937541571789682,2.4823173157685336,105.48068842257699,0,1,0,1,0,1,0,1,0,1,0,1,0,1
param_20090,real_004,0.7875950512966514,0.36563827985453945,0.09272180587379696,0.10507045971931836,1.915318002715879,222.83194348534198,0,1,0,0,0,1,0,1,0,1,0,1,1,1
param_20090,real_005,0.754373019463784,0.3455133441023453,0.06232070693243012,0.07722963124919349,2.324186226875613,289.42693735050864,0,0,0,1,0,1,0,1,0,1,0,1,1,1
param_20091,real_001,0.7926856056104897,0.41664560876003315,0.08189817530399045,0.09792571289411761,1.8319388195629382,251.24354495905413,0,1,0,1,0,1,0,1,0,0,0,1,1,1
param_20091,real_002,0.8028582306289123,0.41221212823533454,0.09695075571145162,0.11223066002049883,1.725276683363361,120.56079060343109,0,1,1,1,0,1,0,1,0,1,0,1,0,1
param_20091,real_003,0.7728063425966561,0.3883731214150605,0.05979593992370866,0.07501037850891762,2.2222813081627226,104.37550687271803,0,1,1,1,0,1,0,1,0,1,0,1,0,1
param_20091,real_004,0.795036351018059,0.3889763335212582,0.09657451287405296,0.1118888976523133,1.6830362630608482,224.29774914482718,0,1,0,0,0,1,0,1,0,1,0,1,1,1
param_20091,real_005,0.7596427684764464,0.3635349462695375,0.06531931943870042,0.08283192803091331,2.032672257715439,290.76501314280085,0,0,0,1,0,1,0,1,0,1,0,1,1,1
param_20092,real_001,0.79207833445879,0.4344268462811264,0.08605485812216339,0.10397571822911038,1.747935368043088,256.33273080768737,0,1,0,1,0,1,0,1,0,0,0,1,1,1
param_20092,real_002,0.8030347769038809,0.43930564117167914,0.10280776854571508,0.12101576358891279,1.6345193209439415,117.88222013189613,0,1,1,1,0,1,0,1,0,1,0,1,0,1
param_20092,real_003,0.7712196458930903,0.4124792072035089,0.06283391387492865,0.07935020023455948,2.1122239342578326,109.5415901331753,0,1,1,1,0,1,0,1,0,1,0,1,0,1
param_20092,real_004,0.7960897882272487,0.41618129218646216,0.1056072181814638,0.1226110901263477,1.614526143464633,218.84477395254515,0,1,0,0,0,1,0,1,0,1,0,1,1,1
param_20092,real_005,0.7592630933564126,0.3868946800443547,0.07134803991979949,0.09028308945760935,1.9517125438010168,285.38574367906114,0,0,0,1,0,1,0,1,0,1,0,1,1,1
param_20093,real_001,0.8263486163121445,0.5172577175918109,0.1019271614292124,0.13357451063807482,1.006671716583149,245.19640855646745,1,1,1,1,1,1,1,1,0,0,0,1,1,1
param_20093,real_002,0.8384390387098536,0.5135302145438712,0.12146604672888195,0.1521878999562834,0.9150377718109601,120.20638302433045,1,1,1,1,1,1,1,1,0,1,0,1,0,1
param_20093,real_003,0.8008942737019257,0.47610263693181415,0.0781118561678667,0.10670214894556418,1.2983792142617474,102.25528907380193,1,1,1,1,1,1,1,1,0,1,0,1,0,1
param_20093,real_004,0.8259749435453316,0.4923099388999706,0.11830361070235565,0.14919190212156752,0.8589192181578162,226.32234224113955,1,1,1,0,1,1,1,1,0,1,0,1,1,1
param_20093,real_005,0.7855739114477046,0.45220074153597645,0.08298201512722768,0.11374352588621818,1.1029929577464788,293.52695365442827,1,0,1,1,1,1,1,1,0,1,0,1,1,1
param_20094,real_001,0.8434607871078649,0.5964843141653033,0.13811208585663584,0.18544672787726774,0.6823066777392409,287.56013659944307,1,1,1,1,1,1,1,1,0,0,0,1,1,1
param_20094,real_002,0.8583392869762622,0.6167702833559098,0.16165501760084158,0.2072895957313074,0.567386304115142,104.54843630979019,1,1,1,1,1,1,1,1,0,1,0,1,1,1
param_20094,real_003,0.8149912348008042,0.5691025981019863,0.1067076778425448,0.14756097020712775,0.8871520291313305,144.9654343406962,1,1,1,1,1,1,1,1,0,1,0,1,1,1
param_20094,real_004,0.8539030932813928,0.6120687562441453,0.18913045460809358,0.2346015728729984,0.5957960153536831,182.31791288609227,1,1,1,0,1,1,1,1,0,1,0,1,1,1
param_20094,real_005,0.806388609693895,0.5545008666832364,0.12229624377387928,0.17040247744092962,0.8194973343488196,249.80071039654675,1,0,1,1,1,1,1,1,0,1,0,1,1,1
param_20095,real_001,0.826199070808686,0.6575178033688523,0.13167196637348572,0.181538289457481,0.17019661703050457,234.02142663352072,1,1,1,1,1,1,1,1,1,0,1,1,1,1
param_20095,real_002,0.8372889137195473,0.6631974205857017,0.14854573842031044,0.19194798886227157,0.1746799772161765,118.83049722113766,1,1,1,1,1,1,1,1,1,1,1,1,1,1
param_20095,real_003,0.8206986160896118,0.6418558696873023,0.12444302736816243,0.17675413143106855,0.029261349632769756,97.10560076118911,1,1,1,1,1,1,1,1,1,1,1,1,1,1
param_20095,real_004,0.8186616992325445,0.6332635709824874,0.15255766233136384,0.19817343287250086,0.20159122085048012,225.0612601005838,1,1,1,0,1,1,1,1,1,1,1,1,1,1
param_20095,real_005,0.7998757796195722,0.6316048143377492,0.12361696895668248,0.18239179032072855,0.11821548291844662,295.70409885990625,1,0,1,1,1,1,1,1,1,1,1,1,1,1
param_20096,real_001,0.7127650584077746,0.35351896498097707,0.058454470274331954,0.0761143897719692,2.573315419124177,682.8907845345541,0,1,0,1,0,1,0,1,0,1,0,1,1,1
param_20096,real_002,0.7554915917881381,0.4741792571297795,0.15018239016000737,0.1546020162750479,2.5016003110885108,125.17489409776337,0,1,0,1,1,1,0,1,0,1,0,0,1,1
param_20096,real_003,0.6799905765882811,0.3909184359650934,0.06757902011521853,0.09249709139256558,1.9244545571315852,247.64555271996676,0,1,0,1,1,1,0,1,0,1,0,1,0,1
param_20096,real_004,0.7616718177526107,0.4248369459623254,0.13149716582193358,0.15003720340825258,1.7258035227891775,239.46486258101774,0,1,0,1,0,1,1,1,0,0,0,1,1,1
param_20096,real_005,0.7674909837478657,0.38242188740078215,0.16017612353444932,0.16731630421284455,1.761543065904353,309.941146186602,0,1,0,1,0,1,0,1,0,1,0,1,1,1
param_20097,real_001,0.7215600399023145,0.381999481332455,0.06636172151193773,0.08662819182236364,2.1804730729472808,684.892764614056,0,1,0,1,0,1,0,1,0,1,0,1,1,1
param_20097,real_002,0.7668474052158522,0.5089841444504802,0.1665961541294871,0.1751818530953932,1.9733807467614934,123.29474500272389,0,1,0,1,1,1,0,1,0,1,0,0,1,1
param_20097,real_003,0.6885748939749448,0.41348836401364963,0.07329657077641613,0.10104873209674844,1.676305625524769,249.14734422018722,0,1,0,1,1,1,0,1,0,1,0,1,1,1
param_20097,real_004,0.7753668785734884,0.46252726337362526,0.1442874300568108,0.1667162929980516,1.4166681573439708,239.0681694003962,0,1,0,1,0,1,1,1,0,0,0,1,1,1
param_20097,real_005,0.7785578831849752,0.41098426822529227,0.1740101576739962,0.1841465851648876,1.4467201872611233,313.2025566444837,0,1,0,1,1,1,0,1,0,1,0,1,1,1
param_20098,real_001,0.7211959374393033,0.40143975302845836,0.06962677183150068,0.09104961202753054,2.152739547125836,679.1465478572584,0,1,0,1,0,1,0,1,0,1,0,1,1,1
param_20098,real_002,0.767660357985471,0.5245753620461006,0.17057403393391868,0.18109009142694305,1.9240645451366338,123.41348771389613,0,1,0,1,1,1,0,1,0,1,0,0,1,1
param_20098,real_003,0.6876439339384076,0.4325685127302464,0.07473529277241825,0.10423308721060145,1.6313234711398759,243.69110805135085,0,1,0,1,1,1,0,1,0,1,0,1,1,1
param_20098,real_004,0.7741393151211269,0.47602871145864667,0.14487334582275543,0.16890025392743988,1.4003944422728403,239.35206806534015,0,1,0,1,0,1,1,1,0,0,0,1,1,1
param_20098,real_005,0.7795064374984138,0.4210049721508335,0.18091108151608623,0.19451084712734457,1.3914846459085546,308.1937337434929,0,1,0,1,1,1,0,1,0,1,0,1,1,1
param_20099,real_001,0.7583306092246511,0.477486298849362,0.09428865298723631,0.12989224487097056,1.1120248734790568,691.9806075762033,1,1,1,1,1,1,0,1,0,1,0,1,1,1
param_20099,real_002,0.8144037200398547,0.6313609971832348,0.2274680254081078,0.25830835645514116,0.6850484374775087,126.79334791842751,1,1,0,1,1,1,0,1,1,1,0,0,1,1
param_20099,real_003,0.7260355620900795,0.4991904191172931,0.09447850511482392,0.1343291497774242,1.0083168466549894,252.09166887081653,1,1,1,1,1,1,0,1,0,1,0,1,1,1
param_20099,real_004,0.8140097965521553,0.5604808804604621,0.18421115714182826,0.2219979990925551,0.712997831792765,240.1310374231359,1,1,1,1,1,1,1,1,0,0,0,1,1,1
param_20099,real_005,0.8301485941675888,0.5228670852763575,0.24788192123206007,0.27332770756895697,0.6726968132321502,322.12024224716464,1,1,1,1,1,1,1,1,0,1,0,1,1,1
param_20100,real_001,0.7867730614186825,0.5759034045571619,0.12723942313103465,0.17597501155648554,0.9113365896439578,655.6035772007128,1,1,1,1,1,1,1,1,0,1,0,1,1,1
param_20100,real_002,0.8376888798261259,0.6862934518293713,0.2432491839604014,0.2893058524554505,0.4748711746103741,127.70135985133723,1,1,1,1,1,1,0,1,1,1,0,0,1,1
param_20100,real_003,0.746890189391283,0.5803821622941158,0.10878111621025159,0.16331897051572622,0.7745092581252158,214.36728818083364,1,1,1,1,1,1,1,1,1,1,0,1,1,1
param_20100,real_004,0.8281903610746891,0.615511168970144,0.1899454491390168,0.23684702190595666,0.5538622561648877,241.19143833622297,1,1,1,1,1,1,1,1,0,0,0,1,1,1
param_20100,real_005,0.8602122969523534,0.6235117911944077,0.289573685811594,0.33906263355321664,0.4913058986134023,285.38590022602295,1,1,1,1,1,1,1,1,1,1,0,1,1,1
param_20101,real_001,0.7957302056651208,0.6401568239015981,0.14205414574672137,0.2035587813761601,0.025762547883954136,698.4090335101932,1,1,1,1,1,1,1,1,1,1,1,1,1,1
param_20101,real_002,0.8060331636509125,0.6959570032125035,0.19444721321380898,0.23894755993473,0.24361451232513812,166.61324108637015,1,1,1,1,1,1,1,1,1,1,1,0,1,1
param_20101,real_003,0.7832774043249562,0.6581031047614111,0.1524992334416786,0.22497406130785677,0.04465211631489663,248.87872708082486,1,1,1,1,1,1,1,1,1,1,1,1,1,1
param_20101,real_004,0.849731277764755,0.6999934137967575,0.21274890939789617,0.27292669145499177,0.19257594683273468,244.2451441379237,1,1,1,1,1,1,1,1,1,0,1,1,1,1
param_20101,real_005,0.8870092918053298,0.728071465671348,0.3270603375777319,0.397791640084363,0.20605985081800865,341.4080995621435,1,1,1,1,1,1,1,1,1,1,1,1,1,1
param_20102,real_001,0.7119176266251729,0.40307814433474903,0.10334574144082403,0.12337226848766024,1.7059505479576125,432.691189743847,0,1,0,1,1,1,0,1,0,1,0,1,0,1
param_20102,real_002,0.7557014825582161,0.47099983432491654,0.2427196501621814,0.23919995242560518,1.7528269837418102,72.94014404967392,0,1,0,1,0,1,0,1,0,1,0,1,1,1
param_20102,real_003,0.7314173492403095,0.38588712834943933,0.07554527205607149,0.10685237125677567,1.0332928761673579,485.3881684094612,1,0,0,1,1,0,0,1,1,0,0,1,1,1
param_20102,real_004,0.6947660695550318,0.4335782692647418,0.09514897116412457,0.11891846980993007,1.4061454383225518,87.199519221448,0,1,0,1,1,1,0,1,0,1,0,1,1,1
param_20102,real_005,0.729856370243795,0.4063242946036166,0.1303540924580119,0.14465998209512548,1.6260327749121286,532.8828564988066,0,1,0,1,0,0,0,1,0,0,0,1,1,1
param_20103,real_001,0.7230960452350778,0.42822780906847846,0.11258475257471767,0.13766379366529546,1.3734032411820782,441.8491059907774,0,1,0,1,1,1,1,1,0,1,0,1,0,1
param_20103,real_002,0.7651915326083801,0.5107195249395163,0.26041075690748466,0.25701141986688814,1.4582647135303806,68.56757196006794,0,1,0,1,0,1,0,1,0,1,0,1,1,1
param_20103,real_003,0.7374805098765473,0.4050333673197591,0.08135841617533038,0.11449510087717385,0.8074052984895709,488.63681488157334,1,0,0,1,1,0,0,1,1,0,0,1,1,1
param_20103,real_004,0.7024794799600805,0.4566588691012817,0.10288386605149523,0.12931767537911448,1.1889807721576784,75.23744852959895,0,1,0,1,1,1,0,1,0,1,0,1,1,1
param_20103,real_005,0.7377801433368539,0.43122169867658505,0.14186271583034726,0.15915047306051852,1.3657242726431582,533.3924969505277,0,1,0,1,0,0,0,1,0,0,0,1,1,1
param_20104,real_001,0.7246147072595026,0.4430211752700122,0.11647803500610192,0.1434537785940391,1.3402002099227672,437.58210547409874,0,1,0,1,1,1,1,1,0,1,0,1,0,1
param_20104,real_002,0.7675334773296407,0.5384168627080778,0.2667199402238773,0.26640227769525565,1.4307171476934284,68.7688872489738,0,1,0,1,0,1,0,1,0,1,0,1,1,1
param_20104,real_003,0.7386286265340216,0.42019697816910684,0.08680453656939525,0.12152424311882216,0.7726357557498714,482.23070775677377,1,0,0,1,1,0,0,1,1,0,0,1,1,1
param_20104,real_004,0.7032212183727347,0.4731525613494666,0.1066780596668498,0.13541305537329199,1.1599058886348845,76.98875639646845,0,1,0,1,1,1,0,1,0,1,0,1,1,1
param_20104,real_005,0.7384789951665853,0.43987318014228294,0.14490403258686477,0.1642886027253269,1.3416028980788017,532.4651655081938,0,1,0,1,0,0,0,1,0,0,0,1,1,1
param_20105,real_001,0.7584005507009601,0.5033273552934898,0.13881169854009257,0.17721773953153266,0.7768975484423509,457.65182852586224,1,1,1,1,1,1,1,1,1,1,1,1,0,1
param_20105,real_002,0.805697520953549,0.6316067585557215,0.3052609372729329,0.3121108538919436,0.8554488804566494,88.03007156735696,1,1,0,1,1,1,0,1,0,1,0,1,1,1
param_20105,real_003,0.7537375410788079,0.47712676212043653,0.09784781990687202,0.13542681829318437,0.3642831289870153,489.071671133566,1,0,1,1,1,0,0,1,1,0,0,1,1,1
param_20105,real_004,0.7280129823527665,0.5270831128254749,0.1295989949232367,0.16772358782931782,0.6778705312005807,64.6101007820734,0,1,0,1,1,1,1,1,1,1,0,1,1,1
param_20105,real_005,0.7665788896793585,0.5211831976609819,0.17281056192077682,0.209767974672816,0.6887365701872835,556.6529827367194,1,1,1,1,1,0,0,1,0,0,0,1,1,1
param_20106,real_001,0.8036878370714845,0.610939256493117,0.17577105999391324,0.23312576998223825,0.5072343860357179,431.4741113247894,1,1,1,1,1,1,1,1,1,1,1,1,1,1
param_20106,real_002,0.8348822844640105,0.7073126973766476,0.3267743394706865,0.3564771704940708,0.5912361662435303,84.46957819442977,1,1,0,1,1,1,1,1,0,1,0,1,1,1
param_20106,real_003,0.7785662090603808,0.5664448706818426,0.1320973030406749,0.18271929503345521,0.1992702108832039,458.24646709256,1,0,1,1,1,0,0,1,1,0,0,1,1,1
param_20106,real_004,0.7749752062756095,0.623587059247315,0.16779780503321629,0.2240338857494783,0.46632153699759843,65.16158132291915,1,1,0,1,1,1,1,1,1,1,1,1,1,1
param_20106,real_005,0.7930471305281946,0.5980584294097363,0.2008729092595001,0.25269818543136524,0.47543022748839475,555.7861477934118,1,1,1,1,1,0,0,1,0,0,0,1,1,1
param_20107,real_001,0.8206755520023417,0.6729080445068664,0.2106805114146508,0.2726105942018224,0.04745447125439984,460.73493710880314,1,1,1,1,1,1,1,1,1,1,1,1,1,1
param_20107,real_002,0.8373276852096763,0.7233454835988927,0.2824910409655702,0.3282133973828507,0.19426115984232395,179.8945148907685,1,1,1,1,1,1,1,1,1,1,1,1,1,1
param_20107,real_003,0.7751437597488429,0.6338491630108467,0.13121695448143164,0.1899780812710494,0.23398512666467677,484.1325264807685,1,0,1,1,1,0,1,1,1,0,1,1,1,1
param_20107,real_004,0.7925439712461985,0.6732958685532693,0.19595656908868744,0.25875375843272563,0.10627412261017861,115.17465425632142,1,1,1,1,1,1,1,1,1,1,1,1,1,1
param_20107,real_005,0.821987730044139,0.6764571406064788,0.22374985407900017,0.2922220510916571,0.23332133909056987,630.2338081717271,1,1,1,1,1,0,1,1,1,0,1,1,1,1
param_20108,real_001,0.7445615267663592,0.37522032740222305,0.06636588980670846,0.08401994692597042,2.4445699011452406,541.3342860258631,0,1,0,1,0,1,0,1,0,1,0,1,0,1
param_20108,real_002,0.7548375411264787,0.3985780728547467,0.0681348586998833,0.08494646816579139,2.0093300564354633,522.9401184498993,0,1,0,0,0,1,0,1,0,1,0,1,0,1
param_20108,real_003,0.7788328858511683,0.3974163566641746,0.05684422630227793,0.07018711188922815,2.448939619073349,118.26574591916079,1,1,0,1,1,1,0,1,0,0,0,1,0,1
param_20108,real_004,0.790652001718707,0.4145532104111723,0.10060333503512109,0.11519848525572625,1.8314071583666036,373.4036551633423,0,1,0,1,0,1,0,1,0,1,0,0,1,1
param_20108,real_005,0.7711836051711373,0.41737290629591506,0.09728207006541414,0.11073490955829135,1.913296554303614,410.64183121376544,0,1,0,1,0,1,0,1,0,0,0,1,1,1
param_20109,real_001,0.7484842936092849,0.38883948517070005,0.07036156555985758,0.09032671259708291,2.1841012205252732,541.8733041359718,0,1,0,1,0,1,0,1,0,1,0,1,0,1
param_20109,real_002,0.7584725840144341,0.40934325838834973,0.07030333477573965,0.08941370246769771,1.8241148080126426,523.9823850334529,0,1,0,0,0,1,0,1,0,1,0,1,0,1
param_20109,real_003,0.7826841954836863,0.40671244406952317,0.05938375881628131,0.07465438447658686,2.234555128584097,118.55083506631509,1,1,0,1,1,1,0,1,0,0,0,1,0,1
param_20109,real_004,0.7957411988763694,0.4323644320826267,0.10567664889589548,0.12270980403369723,1.6302296831283754,374.3319459107141,0,1,0,1,0,1,0,1,0,1,0,0,1,1
param_20109,real_005,0.7755886362620394,0.4319465007930796,0.10293076624407597,0.11901393774959208,1.680049891400185,411.9023227108646,0,1,0,1,0,1,0,1,0,0,0,1,1,1
param_20110,real_001,0.7478869262622645,0.4106155902451994,0.0727294705103112,0.09358590681263942,2.0754860611048245,536.5655461940446,0,1,0,1,0,1,0,1,0,1,0,1,0,1
param_20110,real_002,0.7585895642801396,0.43338920754375815,0.0746931294185313,0.09509339493655178,1.7237749994850775,519.0735139208683,0,1,0,0,0,1,0,1,0,1,0,1,0,1
param_20110,real_003,0.7817425361583662,0.426673357407326,0.0638590502853365,0.08082513044686697,2.1191082154128065,117.07562087720818,1,1,0,1,1,1,0,1,0,0,0,1,0,1
param_20110,real_004,0.7952632094065542,0.44767635930818267,0.10830534395334766,0.1264787327189559,1.5413776483161843,368.9482876362099,0,1,0,1,0,1,0,1,0,1,0,0,1,1
param_20110,real_005,0.7744220756984032,0.4465577220126875,0.10550227373291321,0.12259737065879615,1.6291084764355934,407.5837790718817,0,1,0,1,0,1,0,1,0,0,0,1,1,1
param_20111,real_001,0.7809325205954074,0.48596818192309066,0.09286356675102846,0.12707575073828206,1.1917189607647645,542.0335461011997,1,1,1,1,1,1,1,1,0,1,0,1,0,1
param_20111,real_002,0.776958627815511,0.4868063724424897,0.07995044858063814,0.11168176252251148,1.007986880864891,529.1383630660767,1,1,1,0,1,1,1,1,0,1,0,1,0,1
param_20111,real_003,0.8103388480895923,0.4851643747744911,0.07879799831156412,0.1090891535375941,1.2713053018621754,119.86131914894158,1,1,1,1,1,1,0,1,0,0,0,1,0,1
param_20111,real_004,0.8312502587591477,0.5371122780540244,0.13192819931971073,0.16594166913484365,0.8275415172247506,377.7093653520237,1,1,1,1,1,1,1,1,0,1,0,0,1,1
param_20111,real_005,0.8080755717582785,0.5206990287660035,0.1319924150503658,0.16515139380429578,0.8378828769042458,419.09683987861854,1,1,1,1,1,1,1,1,0,0,0,1,1,1
param_20112,real_001,0.7996338499974323,0.5690776752176763,0.1181014210412939,0.16254563667646038,0.8408679482285137,498.344792413164,1,1,1,1,1,1,1,1,0,1,0,1,1,1
param_20112,real_002,0.7988534216532939,0.5729954455503311,0.11738391519232218,0.16164267978694738,0.6684582387080494,488.07167787179105,1,1,1,0,1,1,1,1,0,1,0,1,1,1
param_20112,real_003,0.8229447340920818,0.5757232289641788,0.10500780094843913,0.1508868406728479,0.8754361265838281,115.33362078508901,1,1,1,1,1,1,1,1,0,0,0,1,1,1
param_20112,real_004,0.85105731090816,0.6003233706626587,0.16153000818238086,0.20692126366599065,0.564598116372081,333.5092194179552,1,1,1,1,1,1,1,1,0,1,0,0,1,1
param_20112,real_005,0.8191862285894211,0.5737618881642113,0.15651216804144014,0.20012560121948808,0.6574016198316333,383.6517150147855,1,1,1,1,1,1,1,1,0,0,0,1,1,1
param_20113,real_001,0.8043961147004646,0.652007743986887,0.13564339840371878,0.18745591926461877,0.10512200378343431,540.3872761273467,1,1,1,1,1,1,1,1,1,1,1,1,1,1
param_20113,real_002,0.7711446758989456,0.6127550091383239,0.10183250718505382,0.15256402477269812,0.17700580020412734,547.2540486849398,1,1,1,0,1,1,1,1,1,1,1,1,1,1
param_20113,real_003,0.8225567545166453,0.6481884695800847,0.11519735604648533,0.16488077392323175,0.06010147799571756,127.33660575468684,1,1,1,1,1,1,1,1,1,0,1,1,1,1
param_20113,real_004,0.8239726431041148,0.6600692395771275,0.15311059999765536,0.1988652280514405,0.25642880792671713,387.2252105589703,1,1,1,1,1,1,1,1,1,1,1,0,1,1
param_20113,real_005,0.8285670199024383,0.6594717523325122,0.1724751589783186,0.22731428229999412,0.22675295183376662,445.19458055141,1,1,1,1,1,1,1,1,1,0,1,1,1,1
param_20114,real_001,0.7312507537224078,0.3984947221833771,0.06454821525738087,0.08714007642495687,2.082705659583421,435.238702926306,0,1,1,1,0,1,1,1,0,1,0,1,0,1
param_20114,real_002,0.7470520990734374,0.41213531866856057,0.08492944553324795,0.10238741674351372,1.662966421870357,170.25343594522613,1,1,1,0,0,1,0,0,0,1,0,0,0,1
param_20114,real_003,0.7672602669617686,0.43684773394102805,0.06888382206088792,0.09170247848707895,1.7354931720796123,251.152468945794,1,1,0,1,1,1,0,1,0,0,0,1,0,1
param_20114,real_004,0.7865919707911158,0.4478957104341185,0.13703423352718022,0.14735101057850378,1.735981093979442,285.033923806806,0,1,0,1,0,1,0,1,0,1,0,1,1,1
param_20114,real_005,0.7565491935849267,0.433183410627385,0.09742315026693588,0.111461516404134,1.9946143489132526,402.43004217830924,0,1,0,0,0,1,0,1,0,0,0,1,1,1
param_20115,real_001,0.7368351123692177,0.4177673757015248,0.06881076347706584,0.09472261637518248,1.803156686435814,435.7711546485641,0,1,1,1,1,1,1,1,0,1,0,1,0,1
param_20115,real_002,0.7505067190709586,0.42145347540523576,0.0866349552561641,0.10645565241730232,1.5064527728943584,172.9515980078928,1,1,1,0,0,1,0,0,0,1,0,0,0,1
param_20115,real_003,0.7713051593573574,0.44698585778235705,0.07176723222487105,0.09768519859635755,1.5193353864311137,252.61399836230822,1,1,0,1,1,1,0,1,0,0,0,1,0,1
param_20115,real_004,0.7921540441225282,0.4639571091632348,0.14424528024929054,0.15744592507467467,1.5065161642914198,288.2907938325784,0,1,0,1,0,1,0,1,0,1,0,1,1,1
param_20115,real_005,0.762016491580603,0.4485295020190567,0.10586816560698402,0.1226754778242371,1.6421722528638099,403.764161919928,1,1,0,0,0,1,0,1,0,0,0,1,1,1
param_20116,real_001,0.7362649528185184,0.4354768246861605,0.07092779448569816,0.09799383418202183,1.716974484497849,430.51427614443696,0,1,1,1,1,1,1,1,0,1,0,1,0,1
param_20116,real_002,0.751786077093351,0.441702264685777,0.0930510380975111,0.11527914218553356,1.3529312478901767,166.99866425865423,1,1,1,0,0,1,0,0,0,1,0,0,0,1
param_20116,real_003,0.7714112749731292,0.4623420632653066,0.07553662510627086,0.1041022428133611,1.4137528931606564,248.42735655111,1,1,0,1,1,1,0,1,0,0,0,1,0,1
param_20116,real_004,0.7928293969135161,0.48346783143574,0.14770965812320744,0.16243588174003762,1.4530960707673317,283.52877825884127,0,1,0,1,0,1,0,1,0,1,0,1,1,1
param_20116,real_005,0.7608713274389324,0.4600450860657149,0.1083485377620723,0.12611747580708385,1.6061265483762972,401.4598854410093,1,1,0,0,0,1,0,1,0,0,0,1,1,1
param_20117,real_001,0.7672040880369256,0.5090765507164224,0.08807141197605746,0.1333153909037224,0.8621921150962101,435.3135235796963,0,1,1,1,1,1,1,1,0,1,1,1,0,1
param_20117,real_002,0.7618922933433823,0.4882426980115299,0.09461939292566462,0.12654553574373917,0.8449627222328426,192.32777083126905,1,1,1,0,1,1,1,0,0,1,0,0,0,1
param_20117,real_003,0.7788670839648728,0.48254765338064654,0.08482747251796333,0.1191652272798423,0.7639251129761137,258.26604770449393,1,1,1,1,1,1,0,1,1,0,0,1,0,1
param_20117,real_004,0.8306121673679746,0.5596846053771313,0.17977657265039576,0.2096517587939354,0.7229944515084962,306.1556779747034,1,1,0,1,1,1,1,1,0,1,0,1,1,1
param_20117,real_005,0.7834849795823894,0.5194320453114512,0.13672266174526265,0.1688637049135466,0.7916768560208295,414.2449069315338,1,1,0,0,1,1,0,1,0,0,0,1,1,1
param_20118,real_001,0.7871407806651664,0.589016804654532,0.11091506666359083,0.16724951187795145,0.6040396299742734,394.6454940584565,1,1,1,1,1,1,1,1,0,1,1,1,1,1
param_20118,real_002,0.7880464576880635,0.5898601258940609,0.13339222408762985,0.1792027754160914,0.5232377437292086,163.58583579521252,1,1,1,0,1,1,1,0,0,1,0,0,1,1
param_20118,real_003,0.8005995429303461,0.5831548419180076,0.11441621023228377,0.16323200387291734,0.43125340485270086,225.094749436788,1,1,1,1,1,1,0,1,1,0,0,1,1,1
param_20118,real_004,0.857820041879493,0.6375755653362147,0.20983075178507826,0.2527708082215891,0.5307838455416057,270.63346440521497,1,1,0,1,1,1,1,1,0,1,0,1,1,1
param_20118,real_005,0.8009844804912347,0.5851950553444049,0.15779913344795016,0.20158290927951583,0.661934244235696,395.5850656440463,1,1,0,0,1,1,0,1,0,0,0,1,1,1
param_20119,real_001,0.7893206654822268,0.6438522100060432,0.12393050722544352,0.18489636003511245,0.12163466438064637,424.7948121525666,1,1,1,1,1,1,1,1,1,1,1,1,1,1
param_20119,real_002,0.767524581542216,0.6128057670529998,0.11486186999168434,0.16857215043173002,0.16549380088330762,241.85065888555732,1,1,1,0,1,1,1,0,1,1,1,0,1,1
param_20119,real_004,0.8366917421728113,0.6801068791953003,0.19882048234454988,0.24513783999520158,0.24653898889822637,346.54159049336647,1,1,1,1,1,1,1,1,1,1,1,1,1,1
param_20119,real_005,0.8251107734888563,0.6611799032189767,0.17687790160849026,0.23755874744816924,0.15640895390971588,464.48876738831103,1,1,1,0,1,1,1,1,1,0,1,1,1,1
param_20120,real_001,0.7360516689685536,0.43121474694617956,0.12903084722721297,0.1326218295289915,3.7372043512496718,162.52157156352035,0,1,0,1,0,1,0,1,0,1,0,1,1,1
param_20120,real_002,0.7479776758789838,0.4889834432495542,0.08701346667352264,0.10702897592388994,1.9839285714285715,171.9236824503073,1,1,0,1,1,1,1,1,1,0,0,1,0,1
param_20120,real_003,0.7166976016620873,0.3567956132094075,0.040145746026207775,0.05722629364729831,2.3430098964850417,92.21306552125367,1,1,0,0,0,1,0,1,0,1,0,1,0,1
param_20120,real_004,0.705695631943069,0.32186072584543335,0.06836729684100312,0.08385995263666032,2.295605555670551,105.7001635371561,1,1,0,1,1,1,0,1,0,1,0,1,0,1
param_20120,real_005,0.7987323262880628,0.4670166397497355,0.2587621625623405,0.2541709245647168,1.5420749163340188,446.19927241295267,0,1,1,1,0,1,1,1,0,1,0,1,1,1
param_20121,real_001,0.7413042416107274,0.44400571106637654,0.1354227996354643,0.14201381795024395,3.16081354542893,162.4589401236052,0,1,1,1,0,1,0,1,0,1,0,1,1,1
param_20121,real_002,0.7525988003946824,0.5020426143013836,0.09138077485901394,0.11335625793314293,1.716314735148271,173.0549244429815,1,1,1,1,1,1,1,1,1,0,0,1,0,1
param_20121,real_003,0.7207059387161918,0.36500927899163477,0.04250270030604244,0.06224601634435076,2.078931377684652,94.88340378976918,1,1,0,0,0,1,0,1,0,1,0,1,0,1
param_20121,real_004,0.7114749147500392,0.3356010874872456,0.07404588696793023,0.09218565409368917,1.9885873033750048,107.39103521408884,1,1,0,1,1,1,0,1,0,1,0,1,0,1
param_20121,real_005,0.806147261969636,0.4840766753023872,0.2654418104732853,0.265328282812061,1.3614502959023147,446.8291385847962,0,1,1,1,0,1,1,1,0,1,0,1,1,1
param_20122,real_001,0.7402377515475398,0.45975112132576895,0.13581242611418223,0.14463435685333037,3.108612621727583,162.4213372008519,0,1,1,1,0,1,0,1,0,1,0,1,1,1
param_20122,real_002,0.7526109022906756,0.5222939038258672,0.09408542557982233,0.11852397413518945,1.6849255039439088,171.04146002721606,1,1,1,1,1,1,1,1,1,0,0,1,0,1
param_20122,real_003,0.7196113743945729,0.37937551209430453,0.045684321055897426,0.06687598749392178,1.9747752854482143,89.7469792015859,1,1,0,0,0,1,0,1,0,1,0,1,0,1
param_20122,real_004,0.7115719164104946,0.35400058475135654,0.07940238687723045,0.09903411753005831,1.9280735632183907,102.38075050456021,1,1,0,1,1,1,0,1,0,1,0,1,0,1
param_20122,real_005,0.8095666494971409,0.5141746095506783,0.2803584666657586,0.2876415079892254,1.2929987270412802,441.55781274174467,0,1,1,1,0,1,1,1,0,1,0,1,1,1
param_20123,real_001,0.7736946648884819,0.5282696329760975,0.16722978173183747,0.18886128543087882,1.615515908798145,162.01865566031768,0,1,1,1,0,1,1,1,0,1,0,1,1,1
param_20123,real_002,0.7663542408637454,0.5688147267336178,0.10170250195061058,0.13609421029666985,0.924465746094159,188.16909171477153,1,1,1,1,1,1,1,1,1,0,0,1,0,1
param_20123,real_003,0.7362968413053469,0.41833914098112,0.05275690398156017,0.08515810105449577,1.1417931114900812,106.90494489051721,1,1,1,0,1,1,0,1,0,1,0,1,0,1
param_20123,real_004,0.7491074507142619,0.43172530223569977,0.10829118140428744,0.13881676637504634,1.1465512592352909,106.47716411639689,1,1,0,1,1,1,1,1,0,1,0,1,1,1
param_20123,real_005,0.846622039020102,0.5840108361383526,0.31352985936899525,0.3390784750996491,0.6890639232706425,448.9589665966566,1,1,1,1,0,1,1,1,0,1,1,1,1,1
param_20124,real_001,0.7792439115715797,0.5906363590130207,0.1629287907481885,0.19508920430518983,1.2843601895734598,162.61643321854947,1,1,1,1,0,1,1,1,0,1,0,1,1,1
param_20124,real_002,0.7844826274046794,0.6285405717652979,0.1179996143638755,0.16612451121788802,0.6525878345304337,167.0318825592417,1,1,1,1,1,1,1,1,1,0,0,1,1,1
param_20124,real_003,0.7522385024223438,0.5105650808728016,0.08554993377578061,0.12873291348480406,0.783644683976063,68.17996479414224,1,1,1,0,1,1,1,1,0,1,0,1,1,1
param_20124,real_004,0.7767367995627881,0.5473117007642709,0.1503665094262986,0.19448099107435762,0.9083543090015582,74.49634429421698,1,1,1,1,1,1,1,1,0,1,0,1,1,1
param_20124,real_005,0.8887025327870292,0.701929067629435,0.3649335280848979,0.4227058918237204,0.3916824864244404,408.9301873987656,1,1,1,1,0,1,1,1,0,1,1,1,1,1
param_20125,real_001,0.8362135185718854,0.7007374082271063,0.21262847451040404,0.2700477454710542,0.1479434628975265,164.83824778382058,1,1,1,1,1,1,1,1,1,1,1,1,1,1
param_20125,real_002,0.766943732852711,0.6510731458001692,0.10787801881194448,0.16360209018877886,0.018877659953028255,241.38565672206937,1,1,1,1,1,1,1,1,1,0,1,1,0,1
param_20125,real_003,0.7685329852153153,0.5721938789082396,0.09728518020678059,0.15820670955976324,0.03196128968825277,118.7659952898472,1,1,1,0,1,1,1,1,1,1,0,1,0,1
param_20125,real_004,0.8034163345634445,0.6324739806008196,0.18559995252550696,0.24666574356122534,0.013037253841504151,95.47210305930739,1,1,1,1,1,1,1,1,1,1,1,1,1,1
param_20125,real_005,0.8915701670938584,0.7596740445031704,0.3510145320091723,0.42484916980666215,0.15588640897588668,461.36756977938444,1,1,1,1,1,1,1,1,1,1,1,1,1,1
param_20126,real_001,0.7522715516518602,0.370422382129608,0.02693814986926653,0.047332078197648834,3.0532615200478754,326.99362571469663,0,1,0,1,0,1,0,1,0,1,0,1,0,1
param_20126,real_002,0.7530715480527516,0.3608636499990929,0.05808416347564876,0.07716053920138478,1.7834411667946046,200.2265210430359,0,0,0,1,0,1,0,1,0,0,0,1,1,1
param_20126,real_003,0.7478536162896972,0.31409794677154723,0.04732599620410343,0.06332963300021335,2.427548817123545,549.7775038266445,0,1,0,0,0,1,0,1,0,0,0,1,0,1
param_20126,real_004,0.7456839262448165,0.32628004655256965,0.03505020457482336,0.05167168601921193,1.8988384324433205,150.83159054451525,0,1,0,0,0,1,0,1,0,1,0,1,0,1
param_20127,real_001,0.755186054490399,0.3761540752036001,0.02912484832932221,0.05128726532775029,2.7699471216629914,326.08267497093846,0,1,0,1,0,1,0,1,0,1,0,1,0,1
param_20127,real_002,0.7580430171544323,0.3697211646919735,0.06128710104215565,0.08282373776415247,1.5751476168252745,200.44928502729707,0,0,0,1,0,1,0,1,0,0,0,1,1,1
param_20127,real_003,0.7520033303298643,0.33418188952259953,0.05065818188587862,0.06956643274516133,2.124005305039788,550.1619032814643,0,1,0,0,0,1,0,1,0,0,0,1,0,1
param_20127,real_004,0.7475825599939887,0.3338362167097533,0.036803487277215496,0.05540369923368257,1.6973843142155025,149.6633706000588,0,1,0,0,1,1,0,1,0,1,0,1,0,1
param_20127,real_005,0.8139432713855307,0.45786643288514073,0.20271301684125465,0.1980228879089836,1.3541376251425674,411.4727499430276,0,1,0,1,0,1,0,1,0,0,0,1,0,1
param_20128,real_001,0.7519185098442287,0.390470269310607,0.03044843237934452,0.05364801788110716,2.638012602003925,330.9996944603427,0,1,0,1,0,1,0,1,0,1,0,1,0,1
param_20128,real_002,0.758160768429218,0.39343625326707077,0.0664973832385012,0.08975366584853253,1.4878656002509214,197.4785684352912,0,0,0,1,0,1,0,1,0,0,0,1,1,1
param_20128,real_003,0.7515892692748336,0.3531634234505172,0.05482335656253654,0.07529011249075064,2.0206213287002566,544.5602546086296,0,1,0,0,0,1,0,1,0,0,0,1,0,1
param_20128,real_004,0.7466611638062133,0.35567801571203467,0.0406827494457365,0.06083117706292099,1.607145732689211,154.68200262735712,0,1,0,0,1,1,0,1,0,1,0,1,0,1
param_20128,real_005,0.8157833200644592,0.4842991050569198,0.21440832281188452,0.21424968101425113,1.2947171209750474,405.8931529415604,0,1,0,1,0,1,0,1,0,0,0,1,0,1
param_20129,real_001,0.7773944224569165,0.4421814883246864,0.04380092525851635,0.0777106978253552,1.6533570395371264,323.08324627296827,1,1,1,1,1,1,1,1,0,1,0,1,0,1
param_20129,real_002,0.7824233324709314,0.4417819426420058,0.08154224495999408,0.11740809430466696,0.7969953556864522,200.6754880153683,1,0,1,1,1,1,1,1,0,0,0,1,0,1
param_20129,real_003,0.7769584903665389,0.44272636782142855,0.06539419395664564,0.10041644621991962,1.159635035416944,548.7931705145072,1,1,1,0,1,1,1,1,0,0,0,1,0,1
param_20129,real_004,0.7688060525444221,0.42023373971459926,0.05051537083236151,0.08118788689176323,0.896272546263762,144.99136237535197,1,1,1,0,1,1,1,1,0,1,0,1,0,1
param_20129,real_005,0.8568690542447835,0.5723163520528289,0.24980131600684616,0.269905784556756,0.6125667327362954,411.8943565810779,1,1,1,1,1,1,1,1,0,0,0,1,0,1
param_20130,real_001,0.7778334839868816,0.5120675224292303,0.05694875300031523,0.10146993298959929,1.1965573157041287,364.31632054836115,1,1,1,1,1,1,1,1,0,1,0,1,1,1
param_20130,real_002,0.809689850221698,0.5617900403091989,0.12791787794663584,0.1831808242844219,0.505772219783349,179.04864038921303,1,0,1,1,1,1,1,1,0,0,0,1,1,1
param_20130,real_003,0.797505232538411,0.5333793597967126,0.10260849879636329,0.15084232856647298,0.8353545889834236,501.7199342349978,1,1,1,0,1,1,1,1,0,0,0,1,1,1
param_20130,real_004,0.7903156717113741,0.5294342681685085,0.08949307822531191,0.13333908418779855,0.5965855161787366,187.70838035473895,1,1,1,0,1,1,1,1,0,1,0,1,1,1
param_20130,real_005,0.8873582751435528,0.6728170533566937,0.2933436010394769,0.33326632810883894,0.3814091838631716,366.4036099002857,1,1,1,1,1,1,1,1,0,0,0,1,1,1
param_20131,real_001,0.8242373843497957,0.6401972217908001,0.11027571463747526,0.17657235951404085,0.07159895820655746,311.81323266527545,1,1,1,1,1,1,1,1,1,1,1,1,1,1
param_20131,real_002,0.788688508584575,0.609710819753162,0.13479269873919394,0.1936075216320872,0.2445683877189014,203.7207732197258,1,0,1,1,1,1,1,1,1,0,1,1,1,1
param_20131,real_003,0.7782422255657876,0.6070976689180861,0.0924636856807128,0.14730158143788696,0.0951666966127843,541.9520327335737,1,1,1,0,1,1,1,1,1,0,1,1,1,1
param_20131,real_004,0.7916316121302451,0.612522782256738,0.10326338856747544,0.157943615323934,0.20398856897028547,129.85416941076446,1,1,1,0,1,1,1,1,1,1,1,1,1,1
param_20131,real_005,0.8483371703144459,0.6913527505174176,0.23690066629783607,0.2755083295761128,0.3325608551154226,410.48743980534704,1,1,1,1,1,1,1,1,1,0,1,1,1,1
param_20132,real_002,0.747089471401245,0.39317619023351247,0.08256820247094616,0.10083812608977848,1.719566617082214,208.03855307067698,0,1,0,0,0,1,0,0,0,1,0,0,1,1
param_20132,real_003,0.7669763077316056,0.43508817745462314,0.08021899348849053,0.10366984539951296,1.618815344941327,436.52614866665454,1,1,0,1,1,1,0,1,0,0,0,1,0,1
param_20132,real_004,0.7520072341583993,0.4191729754148842,0.08418259353674688,0.09759305467463922,2.301899985533105,259.26389634631477,0,1,0,1,0,1,0,1,0,1,0,1,1,1
param_20132,real_005,0.7486531994879232,0.4221056085588248,0.09600563361385611,0.11231322078669338,2.038705647176412,370.4955087314395,0,1,0,1,0,1,0,1,0,0,0,1,1,1
param_20133,real_001,0.7397360187344466,0.4084682606364543,0.08129747617279676,0.10541416833906729,1.8779507785032648,289.908104221521,0,1,1,1,1,1,1,1,0,1,0,1,0,1
param_20133,real_002,0.7525280143313141,0.4118215538358627,0.08635536632575169,0.10754850214328357,1.5008064351483228,212.4425616822428,0,1,0,0,0,1,0,0,0,1,0,0,1,1
param_20133,real_003,0.7743991545075533,0.4531050686735613,0.0838083104298625,0.11123700684622516,1.3645963069258678,438.2279096519579,1,1,0,1,1,1,0,1,0,0,0,1,0,1
param_20133,real_004,0.7570044852564273,0.43354483610654115,0.08974756713528934,0.10589998532155771,1.994336817247562,264.1889254561381,0,1,0,1,0,1,0,1,0,1,0,1,1,1
param_20133,real_005,0.7546562353937867,0.43581349974271083,0.10684502234045005,0.12706096119192017,1.6277929037555643,369.99588061293304,0,1,0,1,0,1,0,1,0,0,0,1,1,1
param_20134,real_001,0.7400165028718945,0.4274748555701992,0.0837955361783137,0.1096989448358163,1.7963286221071006,284.65001544445636,0,1,1,1,1,1,1,1,0,1,0,1,0,1
param_20134,real_002,0.7529815624381859,0.4317086082761294,0.09087430600194026,0.11377679172251742,1.4511145795813822,209.59719386447586,0,1,0,0,0,1,0,0,0,1,0,0,1,1
param_20134,real_003,0.7746672106266795,0.46792686226121377,0.0876398423490042,0.11707393098495622,1.278912393013708,433.7816644937442,1,1,0,1,1,1,0,1,0,0,0,1,0,1
param_20134,real_004,0.7569455477189042,0.4496953016557858,0.09265802021603425,0.10977142028265911,1.9474193964960613,260.30618266906174,0,1,0,1,0,1,0,1,0,1,0,1,1,1
param_20134,real_005,0.7535686304996407,0.44580180708683237,0.10874554182505376,0.13034326841302035,1.609467201682295,368.66228879838724,0,1,0,1,0,1,0,1,0,0,0,1,1,1
param_20135,real_001,0.7787383470841621,0.5124874532538712,0.11188735986904415,0.15672448811892814,0.8826294639472287,290.522935265999,0,1,1,1,1,1,1,1,0,1,1,1,0,1
param_20135,real_002,0.7691167102087607,0.49692502597693694,0.09728844895572092,0.12899118942648932,0.7522637865674845,240.37676422503802,1,1,1,0,1,1,1,0,0,1,0,0,1,1
param_20135,real_003,0.7921088056939947,0.5080058702252791,0.09919052630884095,0.1373786796698527,0.5916916758805876,444.36907400008033,1,1,1,1,1,1,0,1,1,0,0,1,1,1
param_20135,real_004,0.7948955627507669,0.5227916693365152,0.11717442660571517,0.14909986345830117,1.01852807216662,292.70621540261845,1,1,0,1,1,1,0,1,0,1,0,1,1,1
param_20136,real_001,0.8028852839303541,0.5958565578275526,0.13771027203177555,0.19526109687399956,0.6469703837182308,250.37645406697175,1,1,1,1,1,1,1,1,0,1,1,1,1,1
param_20136,real_002,0.7923226248775211,0.5866653496628077,0.1318661204079192,0.1758647814284126,0.5676166830903902,217.58447070693802,1,1,1,0,1,1,1,0,0,1,0,0,1,1
param_20136,real_003,0.8110411944239578,0.594423220406141,0.12910781858398543,0.17816946407910877,0.36631587730368487,408.654283490447,1,1,1,1,1,1,0,1,1,0,0,1,1,1
param_20136,real_004,0.8195959038782299,0.6038805620683335,0.14434426952626012,0.18705165130613605,0.8205179335832602,264.44854901005493,1,1,0,1,1,1,1,1,0,1,0,1,1,1
param_20136,real_005,0.7955818826760657,0.5713330362552607,0.15703667047220032,0.2046139675997787,0.6202435514815604,369.92348830604396,1,1,0,1,1,1,0,1,0,0,0,1,1,1
param_20137,real_001,0.8075955973191777,0.6610138569735201,0.1607179906901603,0.21731112616030276,0.11688865968381555,282.35174299384846,1,1,1,1,1,1,1,1,1,1,1,1,1,1
param_20137,real_002,0.7687287291019048,0.6146616059107043,0.10717588916895364,0.15904909359894767,0.20608727777093636,312.18429567463915,1,1,1,0,1,1,1,0,1,1,1,0,1,1
param_20137,real_003,0.8101391556056334,0.6420895085066138,0.14876792923773036,0.20391024497467408,0.1882753150830927,466.00895282340196,1,1,1,1,1,1,1,1,1,0,1,1,1,1
param_20137,real_004,0.8071989563134139,0.659120336773795,0.1442775850841662,0.19657234743589982,0.12355358148584301,361.35127992066475,1,1,1,1,1,1,1,1,1,1,1,1,1,1
param_20137,real_005,0.8255913113500681,0.6637557772468077,0.1845489844866068,0.24985039153231076,0.18672507189192805,453.0487943755199,1,1,1,1,1,1,1,1,1,0,1,1,1,1
param_20138,real_001,0.7259309200541928,0.40829837524904095,0.08381562950222687,0.10354297297729419,2.0858007796300906,317.31068201868857,0,1,0,1,1,1,0,1,0,1,0,1,1,1
param_20138,real_002,0.7453732076393353,0.4146424527516088,0.09819108463044067,0.11763908819138878,1.6473484099250566,145.54223748905605,0,1,0,0,0,1,0,0,0,1,0,0,1,1
param_20138,real_003,0.7592186074679808,0.4519485920105009,0.09023773893797844,0.11956079441172117,1.238591134616433,531.6680151352548,1,1,0,1,1,1,0,1,0,0,0,1,0,1
param_20138,real_004,0.7425211796933376,0.4562552966300489,0.11071122126935914,0.11879495497677016,2.378951068263413,256.97014748846976,0,1,0,1,0,1,0,1,0,1,0,1,1,1
param_20138,real_005,0.7387830334874641,0.4430116621836793,0.10148419490753392,0.12225188281769435,2.0952571542925758,324.24430444395506,0,1,0,0,0,1,0,1,0,0,0,1,1,1
param_20139,real_001,0.7356324794517848,0.43474317007597757,0.09187615429013908,0.11548686883656252,1.6906888446935455,317.34154243448523,0,1,1,1,1,1,1,1,0,1,0,1,1,1
param_20139,real_002,0.7513393832431597,0.4347083188441735,0.10334552611068978,0.12548618159634406,1.4286175124498477,147.11567403012208,1,1,0,0,0,1,0,0,0,1,0,0,1,1
param_20139,real_003,0.7635437576179795,0.4662878670544112,0.09264952925254295,0.12432854408458834,1.021466200580966,533.8582265723843,1,1,0,1,1,1,0,1,0,0,0,1,0,1
param_20139,real_004,0.7469232674276474,0.4659165312835219,0.11800525868652273,0.12890622057705936,2.0472988271521078,266.87960177294855,0,1,0,1,0,1,0,1,0,1,0,1,1,1
param_20139,real_005,0.7453214690673465,0.4599108837765186,0.11725986436953537,0.1401889179323689,1.6256418961931842,314.0993060787771,0,1,0,0,0,1,0,1,0,0,0,1,1,1
param_20140,real_001,0.7364265048656242,0.4485260633375478,0.09424429716032395,0.11976865921495872,1.6499172023290183,313.979407647165,0,1,1,1,1,1,1,1,0,1,0,1,1,1
param_20140,real_002,0.7520983275723109,0.4540804526913665,0.1074013747648493,0.13133862560006962,1.3810907509537647,147.18098200833938,1,1,0,0,0,1,0,0,0,1,0,0,1,1
param_20140,real_003,0.7646893513275178,0.4816517152849552,0.09703274270109154,0.13110922007619955,0.9578776703967447,529.0267119741914,1,1,0,1,1,1,0,1,0,0,0,1,1,1
param_20140,real_004,0.7472896664616475,0.48111152105698934,0.12145591348098819,0.13365060550728333,1.9966156792020129,264.5674789566235,0,1,0,1,0,1,0,1,0,1,0,1,1,1
param_20140,real_005,0.7453701565585683,0.470438430881541,0.11950096326493737,0.14374437880560836,1.5979130361754392,314.25348467275006,0,1,0,0,0,1,0,1,0,0,0,1,1,1
param_20141,real_001,0.7717231202893021,0.5242405674752131,0.12257205504655325,0.16902221181866006,0.7422587480537117,323.00007543605614,0,1,1,1,1,1,1,1,1,1,1,1,1,1
param_20141,real_002,0.7691737422276346,0.5152195377080215,0.11532637207435795,0.14773692445777853,0.7414882389509752,167.83460938111568,1,1,0,0,1,1,1,0,0,1,0,0,1,1
param_20141,real_003,0.7727483746354626,0.5095303729943128,0.10050390751364055,0.14006668878112874,0.4040283144684198,542.6819305015256,1,1,1,1,1,1,0,1,1,0,0,1,1,1
param_20141,real_004,0.7810801186687145,0.5288633496580853,0.14448365160701535,0.17176384307386658,1.1279586383543883,311.72451364017684,1,1,0,1,1,1,0,1,0,1,0,1,1,1
param_20142,real_001,0.8013422522326524,0.6134742074922328,0.14982479900749313,0.20915306764215508,0.5331410322447718,286.936099877835,1,1,1,1,1,1,1,1,1,1,1,1,1,1
param_20142,real_002,0.7899354609909558,0.595281247484143,0.14579609239846636,0.19036711031517647,0.5366177239734153,160.9828200544321,1,1,0,0,1,1,1,0,0,1,0,0,1,1
param_20142,real_003,0.7965421820508517,0.6003202502592928,0.13400806464942983,0.1854692941199934,0.1918718854322899,505.3227244660238,1,1,1,1,1,1,0,1,1,0,0,1,1,1
param_20142,real_004,0.8125142431888013,0.6150235657580654,0.1741384368655498,0.21644730154257347,0.8602211472011058,299.7130643719125,1,1,0,1,1,1,1,1,0,1,0,1,1,1
param_20142,real_005,0.7957335455835443,0.5965306942348164,0.17227267461161172,0.22154600252789095,0.5971293595270671,297.8340765740636,1,1,0,0,1,1,0,1,0,0,0,1,1,1
param_20143,real_001,0.8026682621820573,0.6614729511617901,0.1691424801803614,0.2269510822085859,0.09351606517435664,316.17550901496026,1,1,1,1,1,1,1,1,1,1,1,1,1,1
param_20143,real_002,0.7711718179525908,0.6143423587453047,0.11897753612743754,0.1696654355186996,0.17273657534905124,239.88947803180514,1,1,1,0,1,1,1,0,1,1,1,0,1,1
param_20143,real_003,0.7942908843441971,0.6346363194190547,0.14695881093793478,0.2068895121601245,0.21161576077216518,575.1839818748778,1,1,1,1,1,1,1,1,1,0,1,1,1,1
param_20143,real_004,0.815438035891148,0.6644986237993167,0.1848902943322739,0.24275258371864655,0.09865521906267162,424.84959140664927,1,1,1,1,1,1,1,1,1,1,1,1,1,1
param_20143,real_005,0.8220615796128503,0.6736358710495922,0.19379056554535823,0.26046307314743555,0.12559007264606947,346.89646600914847,1,1,1,0,1,1,1,1,1,0,1,1,1,1
param_20144,real_001,0.7321374425894887,0.35376807445470404,0.04416754785577642,0.06289728889824774,2.46521092946153,56.04940732485986,0,1,0,0,0,1,0,1,0,1,0,1,1,1
param_20144,real_002,0.7591642088016985,0.36330669583551845,0.06940734341674101,0.08598620932163112,1.8391532685308887,663.2374594690996,0,1,0,0,0,1,0,0,0,1,0,0,1,1
param_20144,real_003,0.7405670898508728,0.37242573629025616,0.04196811819881798,0.0593664639144205,2.681465790220786,563.1204213861727,1,1,0,1,0,1,0,1,0,1,0,1,0,1
param_20144,real_004,0.7703844727497795,0.36700550528116055,0.050811466328433356,0.06601077697008062,2.8550509773510027,148.2840985490468,0,1,0,1,0,1,0,1,0,1,0,1,0,1
param_20144,real_005,0.7406224515249725,0.3572048095681852,0.047864057889951274,0.06836923112172051,2.711622611180568,288.2833356397897,0,1,0,1,0,1,1,1,0,1,0,1,0,1
param_20145,real_001,0.7341671457302112,0.3579729667427969,0.04652972990501742,0.06735241363405811,2.221541993495313,56.453831902408105,0,1,0,0,0,1,0,1,0,1,0,1,1,1
param_20145,real_002,0.7625491255761144,0.37295965708423395,0.07301346976859195,0.09188919342827781,1.6050723871922223,664.7364970275772,0,1,0,0,0,1,0,0,0,1,0,0,1,1
param_20145,real_003,0.7444907120710232,0.38032881542961017,0.04492901991553826,0.06442303440308858,2.4163137095957037,563.3084560485644,1,1,0,1,1,1,0,1,0,1,0,1,0,1
param_20145,real_004,0.7743451235747277,0.3748591958540611,0.0535174793278977,0.07088544896009559,2.582006993748013,148.83624132265342,0,1,0,1,0,1,0,1,0,1,0,1,0,1
param_20145,real_005,0.7445534707686021,0.36480588152552756,0.05130938526062748,0.07398794629711512,2.4599583766909467,288.99733030438995,0,1,1,1,0,1,1,1,0,1,0,1,0,1
param_20146,real_001,0.733026922878492,0.37795108067676536,0.05040238573054198,0.0726962375598283,2.1431682429069188,55.85310813557469,0,1,0,0,0,1,0,1,0,1,0,1,1,1
param_20146,real_002,0.7619498028260007,0.387491301910108,0.07684143565953375,0.09701587736342375,1.5550143028895982,660.2837880569444,0,1,0,0,0,1,0,0,0,1,0,0,1,1
param_20146,real_003,0.7421330167701983,0.3988412024206481,0.046793981392286,0.06758884044413511,2.299046948081176,558.1172430307445,1,1,0,1,1,1,0,1,0,1,0,1,0,1
param_20146,real_004,0.7723207615612712,0.3964666460689039,0.05688677304981539,0.07522683228149082,2.3948018559061603,144.50176886230645,0,1,0,1,0,1,0,1,0,1,0,1,0,1
param_20146,real_005,0.7427400579891121,0.3793123083515688,0.05380929244176372,0.0779620220588005,2.3403857745629897,283.97551371100184,0,1,1,1,0,1,1,1,0,1,0,1,0,1
param_20147,real_001,0.7606857769204869,0.43456202986424103,0.06334136246408835,0.09706889800230625,1.2789624060150375,59.51554718842134,1,1,1,0,1,1,1,1,0,1,0,1,1,1
param_20147,real_002,0.7909536784335245,0.45391640938829736,0.09375239763698925,0.1273951932572613,0.7682949573201349,672.6890104929871,1,1,1,0,1,1,1,0,0,1,0,0,1,1
param_20147,real_003,0.7730042414767473,0.46930671664249685,0.06358136860504929,0.09546049184013708,1.4196294010420405,561.1274239402289,1,1,1,1,1,1,1,1,0,1,0,1,0,1
param_20147,real_004,0.8049125867732679,0.46286699846355256,0.07148075779467652,0.10195218498150392,1.5209862180060856,150.5380023677393,1,1,1,1,1,1,1,1,0,1,0,1,0,1
param_20147,real_005,0.7742282557534398,0.44191581768597293,0.07532006251189122,0.11164572195821582,1.4200267838947276,289.52353385680954,1,1,1,1,1,1,1,1,0,1,0,1,0,1
param_20148,real_001,0.7745828687241963,0.5242724011305814,0.0944869395164801,0.14106895131659158,1.0108402881897913,65.74030619732095,1,1,1,0,1,1,1,1,0,1,0,1,1,1
param_20148,real_002,0.8112196955655887,0.5432620517687996,0.13052967442328822,0.176385690524799,0.5712592101573056,636.9123991664601,1,1,1,0,1,1,1,0,0,1,0,0,1,1
param_20148,real_003,0.7847949823152908,0.5422649220912086,0.0844418379127079,0.12857635158164799,1.00726328824538,518.5242886791233,1,1,1,1,1,1,1,1,0,1,0,1,1,1
param_20148,real_004,0.8100531427582354,0.560428297065554,0.08984807220989895,0.13302494750491436,1.1025414557080124,126.42309041263557,1,1,1,1,1,1,1,1,0,1,0,1,1,1
param_20148,real_005,0.7889465264340035,0.5414386683061415,0.09945886629228148,0.14985127896651274,0.9739616727220917,247.37422922320246,1,1,1,1,1,1,1,1,0,1,0,1,1,1
param_20149,real_001,0.7896389052531306,0.62277872085591,0.11862724404844333,0.17696987270777767,0.05086645832420009,77.23641088641229,1,1,1,0,1,1,1,1,1,1,1,1,1,1
param_20149,real_002,0.8062868464612635,0.6226504382298367,0.13766329870639113,0.19532344218731099,0.24765003173983105,703.1619464719596,1,1,1,0,1,1,1,0,1,1,1,0,1,1
param_20149,real_003,0.8036251272681533,0.6375472655459342,0.1110861402668914,0.17063764186934838,0.034785864674576915,557.799765777215,1,1,1,1,1,1,1,1,1,1,1,1,1,1
param_20149,real_004,0.8233422497911752,0.6517864770463356,0.11695666330234256,0.17272751330443684,0.0344010869299126,156.5927679674053,1,1,1,1,1,1,1,1,1,1,1,1,1,1
param_20149,real_005,0.8263352876555335,0.6536759904424692,0.16107834459325357,0.2253783807967981,0.007912780393490753,286.44525073008293,1,1,1,1,1,1,1,1,1,1,1,1,1,1
param_20150,real_001,0.68649370718693,0.35087027966970796,0.032332495023267585,0.05861687781546783,2.0847934670577977,87.06563665576338,0,1,0,1,0,1,1,1,0,1,0,1,1,1
param_20150,real_002,0.792896607210288,0.4717170495199688,0.18795846537405786,0.20823338620634002,1.8701980067612065,107.64154673552983,0,1,0,1,1,1,1,1,0,1,0,1,0,1
param_20150,real_003,0.7571028208371712,0.4096812037165191,0.10544639748309875,0.11881642958652959,2.1443481820042294,267.09377633997764,0,1,0,1,0,1,0,1,0,1,0,1,0,1
param_20150,real_004,0.7723009036338905,0.43714433625512955,0.12013771792731083,0.13202155441293092,2.23836087795214,387.39948017293585,0,0,0,1,0,1,0,1,0,0,0,1,1,1
param_20150,real_005,0.7581178943230147,0.3590119240420119,0.09212301786333046,0.11106507242550247,1.4434532941743743,777.700255498863,1,0,0,1,1,1,0,1,0,0,0,1,0,1
param_20151,real_001,0.6911137218951323,0.3616192676589931,0.03891971461764832,0.06831115907331782,1.7224923905818144,85.80863224950275,0,1,0,1,0,1,1,1,0,1,1,1,1,1
param_20151,real_002,0.8022069775553643,0.4945899390771104,0.20064834560486985,0.2256128028533425,1.5652651611764012,109.33024628435749,0,1,1,1,1,1,1,1,0,1,0,1,0,1
param_20151,real_003,0.765702391443312,0.4318757572524827,0.11711288317973823,0.13340796801279675,1.7424882489438924,268.65545552250626,0,1,0,1,0,1,0,1,0,1,0,1,1,1
param_20151,real_004,0.7805970137536591,0.4610606809288592,0.13295473645280464,0.14964066440224935,1.766260660446681,385.4085417138591,0,0,0,1,0,1,1,1,0,0,0,1,1,1
param_20151,real_005,0.7643905965388627,0.37928499913053604,0.09545056540455599,0.11779134713194518,1.2913369643407666,779.313259029874,1,0,0,1,1,1,0,1,0,0,0,1,0,1
param_20152,real_001,0.6887714458850789,0.37671412947555216,0.04057365185211223,0.07125036287182636,1.6778045423262216,85.55230496362222,0,1,0,1,0,1,1,1,0,1,0,1,1,1
param_20152,real_002,0.8020202097551631,0.5070755035970006,0.20046355096074955,0.22764782289348193,1.4988341869887623,107.58122399781246,0,1,1,1,1,1,1,1,0,1,0,1,0,1
param_20152,real_003,0.7657310412956068,0.4519590516812044,0.12279305908514926,0.14114484977146302,1.7001816016090292,265.06361969534447,0,1,0,1,0,1,0,1,0,1,0,1,1,1
param_20152,real_004,0.7806776615523089,0.4777076202409524,0.1347121592249908,0.1538524130960592,1.7253581379022882,387.6872056578296,0,0,0,1,0,1,1,1,0,0,0,1,1,1
param_20152,real_005,0.7660126225774755,0.40161874724954927,0.10115576906209117,0.1270687618340961,1.1975715046027084,774.1124945888132,1,0,0,1,1,1,0,1,0,0,0,1,0,1
param_20153,real_001,0.7264283068192183,0.45452448673972634,0.06764648137437526,0.11179937067360202,0.890207318702406,78.22768648674915,1,1,1,1,1,1,1,1,1,1,1,1,1,1
param_20153,real_002,0.8511501924330872,0.6099948702233376,0.26298817949292924,0.3105131096278351,0.6886308747368557,115.55269367469674,1,1,1,1,1,1,1,1,0,1,1,1,0,1
param_20153,real_003,0.8066119753036023,0.5379352383773223,0.1637533159041886,0.19636015176092805,0.81316217350257,281.46877058734725,1,1,1,1,1,1,1,1,0,1,1,1,1,1
param_20153,real_004,0.8227172408851396,0.5691858331826686,0.18172956231469184,0.21553686102120653,0.7528784287165594,368.65846915541374,0,0,0,1,0,1,1,1,0,0,1,1,1,1
param_20153,real_005,0.7815464129957221,0.4586889491152185,0.10970262238764787,0.14761477316647714,0.6933744455920773,782.8933418731589,1,0,1,1,1,1,1,1,0,0,0,1,0,1
param_20154,real_001,0.750877494280972,0.5477372101088622,0.09011124607630437,0.1509981236966601,0.6634495142206689,78.66864110693533,1,1,1,1,1,1,1,1,1,1,1,1,1,1
param_20154,real_002,0.8767411344291424,0.6854344565451828,0.2671880298462441,0.33050432481540887,0.40979912230572657,102.01824451501443,1,1,1,1,1,1,1,1,0,1,1,1,1,1
param_20154,real_003,0.8421093915730344,0.6470887448973568,0.21108643096025348,0.2643759453141184,0.5972716351707249,254.7628876891812,1,1,1,1,1,1,1,1,0,1,1,1,1,1
param_20154,real_004,0.8420700810216459,0.6266576210270884,0.1979232781349592,0.24243661705669875,0.5794291526285678,382.6232731643728,0,0,1,1,0,1,1,1,0,0,1,1,1,1
param_20154,real_005,0.8129738184956562,0.5727437766997009,0.14505193029931032,0.20294155407639486,0.2623277511690841,739.1637874907494,1,0,1,1,1,1,1,1,1,0,0,1,1,1
param_20155,real_002,0.8758052820902523,0.7455038003837656,0.30189876970116314,0.3558928143133457,0.2022489734406365,115.90662984409417,1,1,1,1,1,1,1,1,1,1,1,1,1,1
param_20155,real_003,0.8457796798426813,0.6881353060226371,0.23270526982564765,0.2977480936515901,0.1584619972370479,340.30856604872133,1,1,1,1,1,1,1,1,1,1,1,1,1,1
param_20155,real_004,0.8420781112633944,0.6970817495582057,0.19774927863001274,0.2423188799159427,0.20620315525140415,281.326797452988,1,0,1,1,1,1,1,1,1,0,1,1,1,1
param_20155,real_005,0.802253605521259,0.606122868252715,0.12213573717422471,0.1886636108085786,0.24725193107546048,778.8490686798102,1,0,1,1,1,1,1,1,1,0,1,1,0,1
param_20156,real_001,0.7264119899980801,0.4092797682107442,0.059836169335527406,0.08817194448368891,1.8629465664573253,145.0393071187101,1,1,0,0,1,1,0,1,0,1,0,1,1,1
param_20156,real_002,0.7253753106608571,0.44777529716375836,0.0900431335205158,0.11207345680205563,2.020190854332574,284.6782963208766,0,1,0,1,0,0,0,1,0,1,0,1,1,1
param_20156,real_003,0.7485881087863153,0.4083811057709038,0.10266815591950024,0.1150177988364994,2.168218470174188,201.40851335082607,0,1,0,1,0,1,0,1,0,1,0,0,1,1
param_20156,real_005,0.7864156992130212,0.503387203908593,0.17056500538913405,0.20226466405847876,0.5792935694953578,534.9908415187925,1,1,0,0,1,0,0,1,0,0,0,1,1,1
param_20157,real_001,0.7307345060670801,0.416191159613806,0.06575673540042627,0.09688698124899713,1.5421717587259796,148.4924501766265,1,1,0,0,1,1,0,1,0,1,0,1,1,1
param_20157,real_002,0.7314686226918623,0.45843858741831456,0.10094681439569776,0.1273574136449677,1.5929383509906838,276.05030026737546,0,1,0,1,0,0,0,1,0,1,0,1,1,1
param_20157,real_003,0.756471536101498,0.4261939788814981,0.1141157498319464,0.12908380469032374,1.750077339520495,199.5180923988999,0,1,1,1,0,1,0,1,0,1,0,0,1,1
param_20157,real_004,0.7177485580418298,0.35967245221472366,0.07335411503654482,0.08136332412048766,2.7386691512382786,278.4261879309613,0,1,0,0,0,0,0,1,0,0,0,1,1,1
param_20157,real_005,0.7932681203160423,0.5288785806094684,0.17952216655905484,0.2133537514866766,0.4685802577294955,530.7314173369786,1,1,0,0,1,0,0,1,1,0,0,1,1,1
param_20158,real_001,0.729256161978283,0.43745217549243065,0.06779516533586026,0.10068248359996092,1.4907563326287128,144.58072220571756,1,1,0,0,1,1,0,1,0,1,0,1,1,1
param_20158,real_002,0.7310682750097333,0.46774723598807433,0.10395462048127041,0.13231358093684567,1.5542518077576173,276.3318302246381,0,1,0,1,0,0,0,1,0,1,0,1,1,1
param_20158,real_003,0.7570272213102734,0.44106956962909877,0.11714780397411852,0.133972645759376,1.7101482413017797,195.59978932504194,0,1,1,1,0,1,0,1,0,1,0,0,1,1
param_20158,real_004,0.7174964191380749,0.37401305259354617,0.07775146208737639,0.08648309745717116,2.7036055616756483,275.81315665533987,0,1,0,0,0,0,0,1,0,0,0,1,1,1
param_20158,real_005,0.7957000993053138,0.5452467075391515,0.1835583345885853,0.22043874830673968,0.4340867022352191,528.8862776743188,1,1,0,0,1,0,0,1,1,0,0,1,1,1
param_20159,real_001,0.7571715018941042,0.49829632099787835,0.0896041269666374,0.13600635185837148,0.7808389369196286,169.72929348751993,1,1,1,0,1,1,1,1,0,1,0,1,1,1
param_20159,real_002,0.7626636031400839,0.5383004677388444,0.14351713786719933,0.18480252648745904,0.6633038465361296,235.91737199347122,0,1,0,1,0,0,1,1,1,1,1,1,1,1
param_20159,real_003,0.7907500552310475,0.502774033070388,0.16019720767561718,0.18807984903435707,0.8780484584406153,188.18613624217818,1,1,1,1,1,1,1,1,0,1,0,0,1,1
param_20159,real_004,0.7516896654961535,0.4737261734967605,0.1039459742484576,0.129811910974874,1.218332590280874,283.39673415255976,0,1,1,0,0,0,1,1,0,0,0,1,1,1
param_20159,real_005,0.8156310935601425,0.6041876742917318,0.20782158368164097,0.25007356065227976,0.11075503295061624,522.0714941377503,1,1,0,0,1,0,0,1,1,0,0,1,1,1
param_20160,real_001,0.7798360088623957,0.6109054003505276,0.1119703287626034,0.17510012235553118,0.526743458256926,147.6004101115429,1,1,1,0,1,1,1,1,1,1,0,1,1,1
param_20160,real_002,0.7950136971604546,0.6126606593040602,0.1775743972169895,0.23406703447063135,0.5012896135644919,235.98530478759335,0,1,1,1,1,0,1,1,1,1,1,1,1,1
param_20160,real_003,0.8206472610751436,0.5989137632848562,0.18760813266342247,0.2312353878945019,0.6574684783368681,158.83882332180588,1,1,1,1,1,1,1,1,0,1,0,0,1,1
param_20160,real_004,0.7750029769575666,0.569850679586046,0.1401657602838798,0.17844199804520003,0.9276173061426889,259.15981177286335,0,1,1,0,0,0,1,1,0,0,0,1,1,1
param_20160,real_005,0.839441753014019,0.6748463105977978,0.2382380577991186,0.2945643954065795,0.07135374697824336,515.4689580276591,1,1,0,0,1,0,0,1,1,0,1,1,1,1
param_20161,real_001,0.799462656906818,0.6740481566954692,0.1576820518298914,0.2366540209982401,0.18079352360302609,230.2417132602645,1,1,1,0,1,1,1,1,1,1,1,1,1,1
param_20161,real_002,0.8091428980575448,0.6791004668968971,0.2057526313833098,0.2758210487218543,0.10199153480322777,242.53400742289088,1,1,1,1,1,0,1,1,1,1,1,1,1,1
param_20161,real_003,0.8532261296603032,0.6837570762796638,0.2353557586285377,0.2976693372754709,0.08514716476278687,177.38612581881327,1,1,1,1,1,1,1,1,1,1,1,0,1,1
param_20161,real_004,0.7835329491212452,0.6276363324137831,0.15590859755416797,0.2153333433564026,0.11826790853286834,296.0936947445967,1,1,1,0,1,0,1,1,1,0,1,1,1,1
param_20161,real_005,0.806395757588539,0.6796879518865757,0.20657927170066606,0.2556400193281252,0.422406826169489,585.8939408032975,1,1,1,0,1,0,1,1,1,0,1,1,1,1
