param_folder,realization,global_ssim,plume_ssim,iou_0.001,iou_0.0001,area_rel_err_1e-3_d365,centroid_err_m_d365,exceed_w500_+400_true,exceed_w500_+400_pred,exceed_w500_-400_true,exceed_w500_-400_pred,exceed_w1000_+400_true,exceed_w1000_+400_pred,exceed_w1000_-400_true,exceed_w1000_-400_pred,exceed_w1500_+600_true,exceed_w1500_+600_pred,exceed_w1500_-600_true,exceed_w1500_-600_pred,exceed_w1900_+0_true,exceed_w1900_+0_pred
param_20000,real_001,0.8201103909756895,0.41856164759663295,0.08711044018182562,0.11769600312438405,0.43546401723304173,474.08766040970676,0,0,0,0,0,0,0,0,0,1,0,0,0,1
param_20000,real_002,0.7827634072794099,0.30777915159987757,0.010484032887071974,0.03263451602398914,0.48901282022796455,594.2925757206272,0,1,0,1,0,1,0,0,0,0,0,1,0,1
param_20000,real_003,0.79055161569256,0.3259870262250719,0.020298860215541014,0.04365482314366048,0.6743109993036994,107.33166174040579,0,1,0,1,0,1,0,0,0,1,0,1,0,1
param_20000,real_004,0.7533964232353706,0.3039324333068536,0.006109418560449946,0.016896052176199498,0.531147249622323,497.76001057976487,0,1,0,1,0,1,0,0,0,1,0,0,1,1
param_20000,real_005,0.8607757678610638,0.40235510987003287,0.1361792216477404,0.15768913094582013,0.014573595555163594,545.4329443836382,0,1,0,0,0,0,0,0,0,0,0,0,0,1
param_20001,real_001,0.8160335116533564,0.4333443850077495,0.08365500974587184,0.11381668826982386,0.6575909789851359,415.0488342818594,0,0,0,0,0,0,0,1,0,1,0,0,0,1
param_20001,real_002,0.7799682491287363,0.32598751755776123,0.013080903254149345,0.03935969254767736,0.576161541005291,570.9977165277569,0,1,0,1,0,1,0,0,0,0,0,1,0,1
param_20001,real_003,0.7877968990291648,0.3441527233743454,0.0259877103572811,0.0516838629553708,0.8125078884261012,125.97591524645358,0,1,0,1,0,1,0,0,0,1,0,1,0,1
param_20001,real_004,0.7502502424030077,0.3160684352423077,0.006873507504093063,0.02405018902746099,0.5562941334824294,556.5589851147057,0,1,0,1,0,1,0,0,0,1,0,0,0,1
param_20001,real_005,0.8573240555565615,0.4227932463636877,0.13858958069208988,0.1623397093834592,0.025495982948024267,554.5283238420353,0,1,0,0,0,0,0,0,0,0,0,0,0,1
param_20002,real_001,0.8171719116474628,0.45121037911171963,0.10512543940815913,0.13889139121383468,0.5379647788276778,601.9981348923089,0,0,0,0,0,0,0,0,0,1,0,0,0,1
param_20002,real_002,0.7684159589381645,0.3353970200844245,0.014173894519847708,0.041225837129851124,0.4932462134835951,526.7591263553352,0,1,0,1,0,1,0,0,0,0,0,1,1,1
param_20002,real_003,0.7782261440821475,0.3615911346278097,0.03412091183982558,0.06321324729890383,0.6613282994357164,281.20106591026536,0,1,0,1,0,0,0,0,0,1,0,1,0,1
param_20002,real_004,0.7414134676462182,0.32598814794247366,0.010007641249315458,0.029596863162740576,0.48894417914041494,616.5937505219141,0,1,0,1,0,0,0,0,0,1,0,0,1,1
param_20002,real_005,0.8534157728019928,0.44676378495422037,0.14909728635748484,0.1771898961706445,0.0031676895664224905,548.7251166530589,0,1,0,0,0,0,0,0,0,0,0,0,0,1
param_20003,real_001,0.7875218045212529,0.4989944208695711,0.08332411293778903,0.11564438485727342,1.159452605806226,84.78168253147103,1,1,1,1,1,1,1,1,0,1,0,0,0,1
param_20003,real_002,0.7719888864058627,0.4371112179609797,0.05106923678077752,0.09320353035753183,0.8501598432504899,464.0403013277723,1,1,1,1,1,1,1,0,0,1,0,1,0,1
param_20003,real_003,0.7730098704018041,0.4312661760586859,0.06050112495892538,0.09912905215728106,1.2390880163304514,124.22282012751255,1,1,1,1,1,1,1,0,0,1,0,1,0,1
param_20003,real_004,0.7207250188929598,0.38909993288885664,0.03202401178675352,0.06307863668829099,0.7749136837135184,550.3396361157108,1,1,1,1,1,1,1,0,0,1,0,0,0,1
param_20003,real_005,0.8270132068279884,0.5054811783138371,0.14991419724118044,0.1820880233842644,0.07361989962906393,543.6444722971429,1,1,1,1,1,0,1,0,0,0,0,0,0,1
param_20004,real_001,0.8119113123132814,0.6024921630428417,0.19452065397549906,0.23735456920976128,0.685331534309946,444.86291961542184,1,1,1,1,1,1,1,1,0,1,0,0,1,1
param_20004,real_002,0.7538565610868859,0.4969471145702484,0.08978091570382124,0.15522515350309218,0.7344153448911841,132.9775093576616,1,1,1,1,1,1,1,0,0,1,0,1,1,1
param_20004,real_003,0.7677793452237235,0.5300650721685286,0.12923607936986073,0.1842651918070022,0.8157009987975165,438.5272999045366,1,1,1,1,1,1,1,0,0,1,0,1,1,1
param_20004,real_004,0.7119204909886531,0.4720030679491752,0.08180211065356623,0.13527346197916099,0.7240011786950863,623.0774295137326,1,1,1,1,1,1,1,0,0,1,0,1,1,1
param_20004,real_005,0.8520377279330966,0.6696527865241787,0.22397231560463848,0.28777695168935025,0.09160213263853707,471.3597675214577,1,1,1,1,1,0,1,0,0,0,0,0,1,1
param_20005,real_001,0.7948463432122493,0.6894366388980289,0.19396328552204822,0.26680919275210474,0.4053507808279872,121.60891651384821,1,1,1,1,1,1,1,1,1,1,1,1,1,1
param_20005,real_002,0.7781524021351727,0.650416717014614,0.1822837203147319,0.2557602503220653,0.3971443810271155,139.91341771415372,1,1,1,1,1,1,1,1,1,1,1,1,1,1
param_20005,real_003,0.7633004885171357,0.623272490154396,0.16833582654164062,0.24236472703659204,0.43275000152598136,88.92233059974097,1,1,1,1,1,1,1,1,1,1,1,1,1,1
param_20005,real_004,0.7160584480672944,0.5878284584535733,0.1567482890300497,0.23144096624163757,0.37383610958569774,266.54359997250504,1,1,1,1,1,1,1,1,1,1,1,1,1,1
param_20005,real_005,0.8178359888539645,0.7291199906315888,0.2442388788229218,0.3254507217646628,0.08440856295864314,441.6730641318526,1,1,1,1,1,1,1,1,1,1,1,1,1,1
param_20006,real_001,0.830033460576282,0.503583659659175,0.12860180330760898,0.1652353579987324,0.562532991847348,107.17107121150875,0,1,0,1,1,0,0,1,0,0,0,0,0,1
param_20006,real_002,0.8730135099645788,0.5089716021778926,0.20315049142420094,0.2364301735400836,0.36183845116242164,395.56214834794565,0,1,1,0,0,1,0,0,0,0,0,0,1,1
param_20006,real_003,0.830746072539965,0.4709213973708811,0.1315149847220469,0.1584036136354222,0.7664267561642772,168.97609712238662,1,1,0,1,1,1,0,1,0,0,0,1,1,1
param_20006,real_004,0.8048418073110257,0.5010380447249768,0.10271579492148138,0.13358802154607402,0.7133604148336734,316.3400542665844,0,1,0,0,0,1,0,0,0,1,0,0,0,0
param_20006,real_005,0.7849719492866107,0.39992824021726014,0.031011280295464655,0.06441991604366516,0.8894497630790059,134.86223972823456,1,1,0,1,1,1,0,1,0,0,0,0,0,1
param_20007,real_001,0.8241673511705379,0.5072637539690337,0.12332268313182543,0.16178467189965662,0.5570844315186767,115.58070210732163,1,1,0,1,1,0,1,1,0,0,0,0,0,1
param_20007,real_002,0.8674495932927009,0.5244470768538535,0.20290622054663776,0.23911091514114066,0.38655989371909366,327.36391768455155,1,1,1,0,0,1,1,1,0,0,0,0,1,1
param_20007,real_003,0.838183349542649,0.48300679355420156,0.13826710439295112,0.1675495193992494,0.7984686454241234,154.95169567618913,1,1,0,1,1,1,0,1,0,0,0,1,1,1
param_20007,real_004,0.8076413460513479,0.5150563665886095,0.10803948704292526,0.14241497986362842,0.7816288440405379,327.6629030055609,1,1,1,1,0,1,1,1,0,1,0,0,0,0
param_20007,real_005,0.784366594351466,0.41441379030395065,0.03640223761235621,0.07472679002235051,0.9786217258295169,137.12662941818738,1,1,1,1,1,1,0,0,0,0,0,0,0,1
param_20008,real_001,0.8270262547773269,0.5410864180396274,0.15428569416223184,0.19084653862009102,0.5417891790059334,115.20687962703903,1,1,0,1,1,0,1,1,0,0,0,0,0,1
param_20008,real_002,0.8667778881322041,0.5437973845098738,0.22132089608907915,0.26009436702024014,0.3843237999425122,394.04457578005264,1,1,1,0,0,1,1,0,0,0,0,0,1,1
param_20008,real_003,0.8285587977855223,0.49257493149494075,0.14655792611500545,0.17856049319558728,0.7736126880499574,165.73056229710153,1,1,0,1,1,1,0,1,0,0,0,1,1,1
param_20008,real_004,0.8035817334836175,0.534286086913785,0.13511017409926038,0.17132284279284243,0.7290575692963752,347.23396064968745,0,1,1,1,0,1,1,1,0,1,0,0,0,0
param_20008,real_005,0.7763228912763179,0.43495024147917577,0.03651550033299324,0.07914337660536704,0.8831322534489764,133.9905400889032,1,1,1,1,1,1,0,0,0,0,0,0,0,1
param_20009,real_001,0.7939035786597397,0.5384347037161404,0.10453496873381823,0.1428948420733092,0.7250271929945339,172.25390575007748,1,1,1,1,1,0,1,1,0,1,0,1,0,1
param_20009,real_002,0.8898223319661243,0.6011553557034242,0.2714456354589957,0.31411431199537454,0.4435358745334843,261.4027993218782,1,1,1,1,1,1,1,1,0,1,0,1,1,1
param_20009,real_003,0.8354045616929183,0.531590044572865,0.15139522840826086,0.18958065989588033,0.7772940899197294,124.03976305601283,1,1,1,1,1,1,1,1,0,1,0,1,1,1
param_20009,real_004,0.8126130882199115,0.581655169011301,0.132648450633262,0.17227128917321025,0.9784450199633107,318.2718181632436,1,1,1,1,1,1,1,1,0,1,0,1,0,1
param_20009,real_005,0.7694536810171779,0.4739941956315844,0.06014384019842064,0.09722378896967204,1.165422640340253,196.26069799014715,1,1,1,1,1,1,1,0,0,1,0,1,0,1
param_20010,real_001,0.8340293939326687,0.6848001829674053,0.25877136030880815,0.3024316527797913,0.45281416787967005,148.49030474993396,1,1,1,1,1,1,1,1,0,1,0,1,1,1
param_20010,real_002,0.8742519695478057,0.710735241194446,0.3201286612904262,0.3750053233417095,0.3651180152759433,379.36576971806414,1,1,1,1,1,1,1,1,0,1,0,1,1,1
param_20010,real_003,0.8219564954261598,0.6164360991799578,0.21756143557685625,0.26268174643501757,0.633123099448136,164.59954155797766,1,1,1,1,1,1,1,1,0,1,0,1,1,1
param_20010,real_004,0.8212571618040444,0.6848771760542707,0.24894193439293505,0.28517957319498344,0.7732427066859585,250.00642594034164,1,1,1,1,1,1,1,1,0,1,0,1,1,1
param_20010,real_005,0.7525369865367185,0.5623564851250211,0.10230338850971274,0.15817939732939318,0.785805033822065,107.76083083995609,1,1,1,1,1,1,1,1,0,0,0,1,1,1
param_20011,real_001,0.784368084026044,0.6785393092812692,0.1823323523465387,0.25021978424174895,0.38173702784774965,167.34683091153465,1,1,1,1,1,1,1,1,1,1,1,1,1,1
param_20011,real_002,0.9197965839036598,0.8164067986852491,0.41113400874061823,0.48348895978888473,0.17181745810869412,171.35080143813596,1,1,1,1,1,1,1,1,1,1,1,1,1,1
param_20011,real_003,0.8299792806160232,0.6797705689998709,0.2239362087138477,0.291835623465631,0.39634022322223067,65.86154122475679,1,1,1,1,1,1,1,1,1,1,1,1,1,1
param_20011,real_004,0.8221067964400004,0.7408492323398217,0.22620234418097557,0.2942146728437226,0.8677304589805911,655.3888720473611,1,1,1,1,1,1,1,1,1,1,1,1,0,1
param_20011,real_005,0.7718827546423548,0.6441652180766702,0.14010327765059505,0.208426529289553,0.48930223403208345,66.88990000282598,1,1,1,1,1,1,1,1,1,1,1,1,1,1
param_20012,real_001,0.7770835239179192,0.4401496331318501,0.07782298505268669,0.1082715447954031,0.9950093574547723,569.612773572834,1,1,1,1,1,0,1,1,0,1,0,1,1,1
param_20012,real_002,0.7680763049950673,0.4374772260475181,0.09832846930700509,0.1181360109996342,0.6471575707765751,64.03903219278209,0,0,1,0,1,1,1,1,0,1,0,0,1,1
param_20012,real_003,0.7872148912350718,0.45795172785538496,0.09254431150023117,0.13701513084027878,0.5794375783628873,341.5652012564015,1,1,0,0,1,1,1,1,0,1,0,1,1,1
param_20012,real_004,0.7840695864386791,0.428897545409997,0.08432648635554689,0.11798445287652325,0.6882460403327362,702.0447954085835,1,1,0,1,1,1,1,0,0,0,0,0,0,1
param_20012,real_005,0.7287643743120134,0.3787890424153324,0.020241032273856364,0.03369707169139529,0.24560412165530995,902.8354784880667,1,0,1,0,1,0,1,0,0,0,0,0,1,1
param_20013,real_001,0.7765855640521531,0.45104157133464434,0.08239690812133688,0.11207657384082284,1.0640785207256156,517.2606509886019,1,1,1,1,1,0,1,1,0,1,0,1,1,1
param_20013,real_002,0.7691568096501706,0.44398184437889077,0.09976872848675931,0.12132357583773698,0.6732892561983471,33.56710595219075,0,0,1,0,1,1,1,1,0,1,0,0,1,1
param_20013,real_003,0.7902536812242451,0.4760921895104991,0.10790275221578177,0.1511109151696569,0.6399345335515548,344.53024927354943,1,1,0,0,1,1,1,1,0,1,0,1,1,1
param_20013,real_004,0.7841139450693007,0.4321937081830642,0.0878962283146838,0.12207886257637426,0.7976072972329056,586.9399023017212,1,1,0,1,1,1,1,0,0,0,0,0,0,1
param_20013,real_005,0.7242871421780266,0.3847118869077864,0.020783994409729903,0.03472836775597916,0.3452510272516885,841.3717269402375,1,0,1,0,1,0,1,0,0,0,0,0,0,1
param_20014,real_001,0.7703667671073459,0.46566325984682144,0.09442302873958448,0.12822297930451843,0.9795157023672251,566.1982700702571,1,1,1,1,1,0,1,1,0,1,0,1,1,1
param_20014,real_002,0.7637639214688644,0.4592662955764412,0.1068940698169524,0.13259069409918978,0.6952719322219185,84.0257890012112,0,0,1,0,1,1,1,1,0,1,0,0,1,1
param_20014,real_003,0.7916391682274296,0.491849479382157,0.13372159707634942,0.17779775054710348,0.6360701945808329,476.5128910892329,1,1,0,0,1,1,1,1,0,1,0,1,1,1
param_20014,real_004,0.7665114480526322,0.43871704402573214,0.08899422107681795,0.1270049229620924,0.7381081125366629,686.0427080070074,1,1,0,1,1,1,1,0,0,0,0,0,0,1
param_20014,real_005,0.715951775170766,0.39632363525957637,0.026203802870861864,0.04349796815367794,0.3331342277767567,829.872983666851,1,0,1,0,1,0,1,0,0,0,0,0,1,1
param_20015,real_001,0.774612069591296,0.5035588049045356,0.10137839912372665,0.13988501687287494,1.030285193749562,310.90786601791604,1,1,1,1,1,1,1,1,0,1,0,1,1,1
param_20015,real_002,0.7676912007656871,0.48059034807310413,0.10226586666275836,0.13228069564021788,0.7672044081524265,24.166015740401704,1,1,1,0,1,1,1,1,0,1,0,0,1,1
param_20015,real_003,0.7952583758610312,0.5228020276253269,0.14887143988012608,0.1897909446052244,0.693462371584561,342.9266692725306,1,1,1,1,1,1,1,1,0,1,0,1,1,1
param_20015,real_004,0.7823754016335148,0.48548200988721407,0.11346158668094737,0.1500747939188076,0.9417726827904376,281.94781166825356,1,1,1,1,1,1,1,1,0,0,0,1,0,1
param_20015,real_005,0.7077076695330804,0.416502713874599,0.024278429377248036,0.04660901576888442,0.3919201933205279,539.2238191313397,1,0,1,0,1,0,1,0,1,0,0,1,0,1
param_20016,real_001,0.7641337164578732,0.5827330986466344,0.17031284826245366,0.22355397757359174,0.6579483297258681,385.7803670927235,1,1,1,1,1,1,1,1,1,1,1,1,1,1
param_20016,real_002,0.7769635433443104,0.5964029159897588,0.1752660665436561,0.2221454042738847,0.6197039787687111,178.55605327559863,1,1,1,0,1,1,1,1,0,1,0,1,1,1
param_20016,real_003,0.8176793437786349,0.6638141726911574,0.2588756497389852,0.3051013766681876,0.3756073628893019,272.7493074028107,1,1,1,1,1,1,1,1,1,1,0,1,1,1
param_20016,real_004,0.7588010891886102,0.572644926256039,0.15448763587901337,0.20671358582708982,0.5614990154682055,537.6799684017699,1,1,1,1,1,1,1,0,1,1,0,0,1,1
param_20016,real_005,0.7099038386646639,0.5310424048368318,0.07966229355577896,0.13247875945018328,0.30821298771224737,465.74452909182344,1,0,1,0,1,1,1,1,1,0,0,1,1,1
param_20017,real_001,0.7714997218344779,0.6393243640366569,0.18512956186988616,0.24740855329005407,0.5025310468014205,119.21598714245953,1,1,1,1,1,1,1,1,1,1,1,1,1,1
param_20017,real_002,0.779676684226565,0.6276672955517152,0.1731746110575487,0.23904030659519698,0.4440904058542381,157.33800477131737,1,1,1,1,1,1,1,1,1,1,1,1,1,1
param_20017,real_003,0.822695034722538,0.7240569322295888,0.270744021655794,0.34181021731930167,0.32296092113978336,296.86649853229636,1,1,1,1,1,1,1,1,1,1,1,1,1,1
param_20017,real_004,0.8053942198708267,0.6612894855744131,0.20990204462148834,0.27410585107341123,0.38178890949479305,239.2234262933677,1,1,1,1,1,1,1,1,1,1,1,1,0,1
param_20017,real_005,0.7089760851399299,0.5770081673121925,0.11157279720759374,0.18445631767564438,0.31021310181531175,126.0630319966461,1,1,1,1,1,1,1,1,1,1,1,1,1,1
param_20018,real_001,0.827477252676077,0.3712395625288402,0.07674413865877418,0.10667183982611374,0.5524202643569269,718.3752419680985,0,0,0,1,0,0,0,0,0,0,0,0,0,1
param_20018,real_002,0.8311517438873639,0.4338710781279749,0.12770042718229418,0.15165208065928934,0.668385860015062,273.4993292404565,0,1,0,0,0,0,0,0,0,0,0,0,1,1
param_20018,real_003,0.8211987772325152,0.372025876478826,0.0573466575117801,0.07427160178731855,0.6010539713730657,145.6302728867824,0,0,0,0,0,1,0,0,0,0,0,0,1,1
param_20018,real_004,0.8265903495877716,0.40978594116303235,0.12001514883590918,0.1338149397020291,0.38511830635118305,151.88866754654464,0,0,0,0,0,0,0,0,0,1,0,1,1,0
param_20018,real_005,0.8243900313060111,0.3527419818353455,0.0642191677119111,0.09468641431794309,0.19666344402725003,808.9612804987905,0,1,0,1,0,1,0,0,0,0,0,0,1,1
param_20019,real_001,0.8273294904918584,0.4047940111659095,0.08394574766059382,0.11022483327090349,0.7067465086403382,596.7147691053506,0,0,0,1,0,0,0,0,0,0,0,0,0,1
param_20019,real_002,0.831770982623651,0.4552903914771707,0.12932974547412995,0.15062524112426723,0.822176790456519,219.5116124854663,0,1,0,1,0,1,0,0,0,0,0,0,1,1
param_20019,real_003,0.8197330123778914,0.39200291702058143,0.058745817090061776,0.07796525289224548,0.7074755559222741,62.00590212545583,0,0,0,0,0,1,0,0,0,0,0,0,1,1
param_20019,real_004,0.8286624467567243,0.4420218078308875,0.11849804633998978,0.13908977721455196,0.45276445755973604,135.25705193246372,0,0,0,1,0,1,0,0,0,1,0,1,1,0
param_20019,real_005,0.8276147785953997,0.38623778133911413,0.0707267571332652,0.10473138362723883,0.2969409719347628,785.8745073533112,0,1,0,1,0,1,0,0,0,0,0,0,0,1
param_20020,real_001,0.8189730740130752,0.41405063390037966,0.09059897253099904,0.1259441084117644,0.5689960194604158,673.2482734125269,0,0,0,1,0,0,0,0,0,0,0,0,0,1
param_20020,real_002,0.829622537241282,0.4857902149712927,0.16139192835328917,0.1820941889880686,0.6523290142693128,300.9068146659771,0,1,0,0,0,1,0,0,0,0,0,0,1,1
param_20020,real_003,0.8115391148441143,0.4082586248273576,0.06356216036785796,0.08592008867873582,0.64530644221691,136.86592658697992,0,0,0,0,0,1,0,0,0,0,0,0,1,1
param_20020,real_004,0.8179833477691996,0.45904200015552915,0.12680907573938552,0.15065796389160918,0.4602209505642982,124.92865490900108,0,0,0,1,0,1,0,0,0,1,0,1,1,0
param_20021,real_001,0.7926349550051113,0.4849258270765981,0.0859939942647096,0.12581194757354883,0.9231678486997635,290.29345104879275,1,1,1,1,1,1,1,0,0,1,0,1,0,1
param_20021,real_002,0.830184650479223,0.5518563768922753,0.19159965121198383,0.21594030102542783,0.7992055318522878,214.18037569161086,1,1,1,1,1,1,1,1,0,0,0,1,1,1
param_20021,real_003,0.7862172491328913,0.4490844225378374,0.07384473875954269,0.1025631385541678,0.7483301354646047,228.64147084215125,1,1,1,0,1,1,1,0,0,0,0,1,1,1
param_20021,real_004,0.8187438899785917,0.5304507876705664,0.13480718584801094,0.17214033546514326,0.8386282681741488,148.34187835422733,1,1,1,1,1,1,1,1,0,1,0,1,1,1
param_20021,real_005,0.801881460057656,0.48780180378150506,0.08954151053600876,0.13408550083210802,0.676899496387125,587.7821223327109,1,1,1,1,1,1,1,0,0,0,0,1,0,1
param_20022,real_001,0.8058553527228627,0.5798468037626838,0.17851955020106902,0.23044922899544187,0.5901629302952346,488.95457803009714,1,1,1,1,1,1,1,1,0,1,0,0,1,1
param_20022,real_002,0.8565599406778506,0.6814478638100464,0.3087215755920816,0.34504577240819145,0.5061559160256899,394.78856938409825,1,1,1,1,1,1,1,1,0,1,0,1,1,1
param_20022,real_003,0.7817907108525844,0.5394493053566733,0.1251109732930577,0.17540842445619875,0.6393048095173115,14.430176064008446,1,1,1,0,1,1,1,1,0,0,0,1,1,1
param_20022,real_004,0.8250096166700054,0.6434768095887808,0.2312432410603418,0.27343369897551995,0.6972979064409496,89.75128886161316,1,1,1,1,1,1,1,1,0,1,0,1,1,1
param_20022,real_005,0.8098117174100572,0.5858600723354097,0.1894769047731577,0.24099559385079478,0.579652986908257,556.0254180697821,1,1,1,1,1,1,1,1,0,0,0,1,1,1
param_20023,real_001,0.7743030188836655,0.6663907238707699,0.19011194640163645,0.26225171025613675,0.39377723737750703,64.18144072265767,1,1,1,1,1,1,1,1,1,1,1,1,1,1
param_20023,real_002,0.8709616486133871,0.7909847344239129,0.35170899861006627,0.4245649693017068,0.3305352036621136,121.55490568059048,1,1,1,1,1,1,1,1,1,1,1,1,1,1
param_20023,real_003,0.7720206759441328,0.6221222828016537,0.167221045798196,0.23548375037029662,0.33701938816339894,134.99196886711798,1,1,1,1,1,1,1,1,1,1,1,1,1,1
param_20023,real_004,0.8186463419723664,0.7061119890080026,0.23669417644549617,0.3053281057921019,0.31751403504508224,75.24481061913573,1,1,1,1,1,1,1,1,1,1,1,1,1,1
param_20023,real_005,0.7884542057896986,0.6816085399186802,0.1975596952229298,0.27115269878801007,0.34537326012471525,219.40879563158398,1,1,1,1,1,1,1,1,1,1,1,1,1,1
param_20024,real_001,0.7987344442250556,0.4251159528404988,0.11235797247690986,0.14202401708392037,0.34479312035605175,650.1816698150874,0,0,0,0,0,0,0,0,0,0,0,0,1,1
param_20024,real_002,0.8189088215966162,0.5108215157132078,0.19004982254008948,0.20580994954009926,0.7941254009402874,222.39363797021613,0,1,0,0,0,0,0,0,0,0,0,0,1,1
param_20024,real_003,0.8072004951880228,0.4339432408245291,0.07805474108209498,0.10992077727530879,0.3749747198964527,313.2420967417124,0,0,0,0,1,1,0,0,0,0,0,0,1,1
param_20024,real_004,0.7851791529384563,0.4243614257143452,0.10028825118254099,0.13696521629557798,0.3804473181706464,166.47605050569285,0,0,0,0,0,0,0,0,0,1,0,1,1,1
param_20024,real_005,0.798721738430644,0.3837891621240956,0.08647708126923076,0.11966304387097651,0.2267851475721993,719.2922635593369,0,1,0,1,0,1,0,0,0,0,0,0,1,1
param_20025,real_001,0.7957534623704725,0.45349239263979624,0.11753097316944805,0.14578453761756485,0.4123284167448205,521.667360862818,0,1,0,0,1,0,1,0,0,0,0,0,1,1
param_20025,real_002,0.8180937333124629,0.5332772083027315,0.1762106148498715,0.1934343913864642,1.063359884141926,120.72946374795114,0,1,0,0,0,1,0,0,0,0,0,0,1,1
param_20025,real_003,0.8049267019699627,0.4548471860891613,0.09002057243722696,0.12142342356853247,0.5353694180324836,128.33311093665964,1,0,0,0,1,1,0,0,0,0,0,0,1,1
param_20025,real_004,0.7856124021643326,0.4501728044407585,0.11252735273562146,0.15492332617049015,0.5283752939549039,161.6007332373938,0,0,0,0,1,1,0,0,0,1,0,1,1,1
param_20025,real_005,0.7921315166109452,0.4114703267098333,0.09161583421370235,0.12644687220144493,0.41891008383970463,663.7256978476094,0,1,0,1,1,1,0,0,0,0,0,0,1,1
param_20026,real_001,0.7930951177637392,0.47145840511464804,0.13478980009994398,0.1644085364189814,0.4250595569973136,542.0892642353068,0,0,0,0,1,0,1,0,0,0,0,0,1,1
param_20026,real_002,0.8136516875347296,0.5594064648414102,0.19696002586269215,0.2098664750522456,0.9824889189242909,177.33876464042962,0,1,0,0,0,1,0,0,0,0,0,0,1,1
param_20026,real_003,0.8017524200830567,0.4732678833315752,0.10068474299032973,0.13556612695843304,0.5316437232199835,135.69816118393584,1,0,0,0,1,1,0,0,0,0,0,0,1,1
param_20026,real_004,0.7764471093688095,0.47404355571546797,0.11786923156426614,0.16378375860711372,0.5164611864348895,156.55470509642305,0,0,0,1,1,1,0,0,0,1,0,1,1,1
param_20026,real_005,0.7900066469937596,0.44441815801807016,0.10183358499154554,0.13839525638871106,0.4042759591425256,695.0960170682343,0,1,0,1,1,0,0,0,0,0,0,0,1,1
param_20027,real_001,0.7722086957909754,0.5100429038841958,0.11001833816876211,0.1499490275751053,0.6050945925815582,208.39589067841231,1,1,1,1,1,1,1,0,1,1,1,1,1,1
param_20027,real_002,0.8189076462505986,0.6083707369056912,0.18164086419896047,0.2097669496626564,1.0665319712017303,9.271099744931108,1,1,1,1,1,1,0,1,0,1,0,1,1,1
param_20027,real_003,0.7844082237035087,0.50573830652681,0.10813533433568395,0.1466317719713926,0.597315708926419,236.80509537553039,1,1,1,0,1,1,0,0,0,1,0,0,1,1
param_20027,real_004,0.7703525501973065,0.5200267291867476,0.1365409729776941,0.17466860510232357,0.693011838707203,99.29638051149125,1,1,1,1,1,1,1,1,1,1,1,1,1,1
param_20027,real_005,0.7690806950895159,0.510093279530204,0.10212124537147055,0.14389948722352838,0.6857456658649501,305.34246781879625,1,1,1,1,1,1,0,0,0,0,0,1,1,1
param_20028,real_001,0.7888802056416568,0.623137156922428,0.20329109717864838,0.25516140198422266,0.5454809898835368,278.74686137584735,1,1,1,1,1,1,1,1,1,1,1,1,1,1
param_20028,real_002,0.8382467061795303,0.7166036251242537,0.2966347395914663,0.33487824817784295,0.7754716035774232,132.55631310617295,1,1,1,1,1,1,1,1,0,1,0,1,1,1
param_20028,real_003,0.7881404811896923,0.5966657952849137,0.1732172431050267,0.22870807785256414,0.6371690603910711,95.78894326961776,1,1,1,1,1,1,1,1,1,1,0,1,1,1
param_20028,real_004,0.7934786145420231,0.6524707674512197,0.222001294382618,0.2721283025824416,0.647437120506403,63.438989746296016,1,1,1,1,1,1,1,1,1,1,1,1,1,1
param_20028,real_005,0.7857043212092033,0.6277895343351916,0.1882253682700044,0.23688806034300874,0.7460629921259843,420.61063434883727,1,1,1,1,1,1,1,1,0,0,0,1,1,1
param_20029,real_001,0.7741452701807312,0.676852835127018,0.20027215581707597,0.271639176339481,0.38584016751003314,71.0855348979903,1,1,1,1,1,1,1,1,1,1,1,1,1,1
param_20029,real_002,0.8751233247443124,0.8047905285210885,0.3720409412435458,0.43429298641925157,0.3353538483387235,63.05646503700568,1,1,1,1,1,1,1,1,1,1,1,1,1,1
param_20029,real_003,0.7896203049849909,0.6580260974251708,0.20119501493177125,0.2676182749526267,0.29823076587985636,250.26121439172326,1,1,1,1,1,1,1,1,1,1,1,1,1,1
param_20029,real_004,0.7902772352263696,0.6959107617005802,0.22922906817248445,0.3022340521753225,0.34922503433392194,53.751012520603545,1,1,1,1,1,1,1,1,1,1,1,1,1,1
param_20029,real_005,0.7863273746671762,0.6930425596352981,0.19978739577141366,0.27317446913496984,0.33304047693755884,103.96094171121057,1,1,1,1,1,1,1,1,1,1,1,1,1,1
param_20030,real_001,0.7821233454461094,0.44559021107648616,0.12416497377026009,0.15461576974337018,0.13514218627706756,624.3817615506738,0,0,0,0,1,0,0,0,0,0,0,0,1,1
param_20030,real_002,0.8060209709580232,0.5104921574265702,0.22894880945912294,0.24181392028709608,0.6294483397274772,200.41118728921458,0,1,0,0,0,0,0,0,0,0,0,0,1,1
param_20030,real_003,0.7950870766053751,0.44010866678477834,0.09440148086797569,0.1324294378265105,0.14945080179111334,562.8088852032326,0,0,0,0,1,1,0,0,0,0,0,0,1,1
param_20030,real_004,0.7749214222145633,0.4461059001775649,0.11721942796648277,0.15694984472468965,0.15632233317902255,172.21217161066215,0,0,0,0,1,0,0,0,0,1,0,1,1,0
param_20030,real_005,0.7824773461324698,0.40178892675166544,0.10649192673937959,0.1360737822845428,0.19886053063112308,601.0313604375467,0,1,0,1,0,0,0,0,0,0,0,0,1,1
param_20031,real_001,0.7790805155179408,0.4729514888276634,0.13467495786670775,0.16670742086558238,0.20262807667008306,512.089748023244,0,0,0,0,1,0,1,0,0,0,0,0,1,1
param_20031,real_002,0.804041003971793,0.5385111335031445,0.2236458907918067,0.23102235368816973,0.906459203959914,149.39883046065927,0,1,0,0,1,1,0,0,0,0,0,0,1,1
param_20031,real_003,0.7928556239128546,0.4575292060699773,0.11271651301201896,0.15123214418698694,0.3696685790480201,378.265107245785,0,0,0,0,1,1,0,0,0,0,0,0,1,1
param_20031,real_005,0.7690866149314953,0.4211349002521258,0.1077463659732274,0.13926199604405912,0.3606893880712626,556.9156234711817,1,1,0,1,1,0,0,0,0,0,0,0,1,1
param_20032,real_001,0.773946963251344,0.48403807545617356,0.14971268163439233,0.1844885091842064,0.22669417600922373,524.0743577239346,0,0,0,0,1,0,1,0,0,0,0,0,1,1
param_20032,real_002,0.7998646480225193,0.5668995160497317,0.24717006536998404,0.24907733357507564,0.9038407569257908,151.71042432387551,0,1,0,0,1,1,0,0,0,0,0,0,1,1
param_20032,real_003,0.7908460672236575,0.4776796521214773,0.12457071605613601,0.16446165537266308,0.40353331261009223,337.1227890180799,0,0,0,0,1,1,0,0,0,0,0,0,1,1
param_20032,real_004,0.7678517687895041,0.49545209643089344,0.14294792045887578,0.1911226418440792,0.30262484573011045,167.40050469615838,0,0,0,1,1,1,1,0,0,1,0,1,1,1
param_20032,real_005,0.7670660751608542,0.45706450831712486,0.11866838623269388,0.15255214011176818,0.39760788441297484,581.0473370638367,1,1,0,1,1,0,0,0,0,0,0,0,1,1
param_20033,real_002,0.811388619757993,0.6249373020398686,0.2226195377979739,0.24158660057131212,1.1149323070790083,44.24081242511174,1,1,0,1,1,1,0,1,0,1,0,1,1,1
param_20033,real_003,0.7815039258851406,0.5188074669766579,0.137687758567651,0.17618233604618522,0.6118977464942434,97.23874609877457,1,1,0,0,1,1,0,0,0,1,0,0,1,1
param_20033,real_004,0.7574728732084247,0.5308207328846846,0.15681328205653522,0.1968693019107358,0.6018174101904785,114.67114138005415,0,1,0,1,1,1,1,1,1,1,1,1,1,1
param_20033,real_005,0.7508881219388056,0.5160424997566289,0.11351133940625976,0.15545682149133425,0.779128672745694,251.91094733409687,1,1,0,1,1,1,0,0,0,0,0,1,1,1
param_20034,real_001,0.7794816514645967,0.6367872029758375,0.21759126143885446,0.27148398671479995,0.5205396208070004,199.82237538631045,1,1,1,1,1,1,1,1,1,1,1,1,1,1
param_20034,real_002,0.8217349154601308,0.7133857779511277,0.3114696309539962,0.3495949435254475,0.8880194348548779,60.13880344257863,1,1,0,1,1,1,1,1,0,1,0,1,1,1
param_20034,real_003,0.7861476942052087,0.6169468287690532,0.2003005100755731,0.25501558040032113,0.64157345306898,94.57264452686817,1,1,1,1,1,1,0,1,1,1,0,1,1,1
param_20034,real_004,0.7947017747636717,0.6752430200693005,0.25091225913412346,0.30651557191012535,0.5953668363019508,78.28736059933252,1,1,1,1,1,1,1,1,1,1,1,1,1,1
param_20034,real_005,0.768895500064722,0.6377425563348423,0.19310024203240775,0.24087874330489126,0.8147331702235896,316.9965655904497,1,1,1,1,1,1,0,1,0,0,0,1,1,1
param_20035,real_001,0.7775831305861439,0.6818252170496559,0.22056433214840343,0.2889137790599886,0.43316448333930735,78.57176646826989,1,1,1,1,1,1,1,1,1,1,1,1,1,1
param_20035,real_002,0.8624583575454947,0.7919478382926823,0.3578622907245469,0.42175335698822347,0.39808712200719254,2.803227852592212,1,1,1,1,1,1,1,1,1,1,1,1,1,1
param_20035,real_003,0.7946067006541143,0.6757913622566515,0.22865452492334115,0.2917640721541378,0.33937954127347564,273.94425511609876,1,1,1,1,1,1,1,1,1,1,1,1,1,1
param_20035,real_004,0.791219113404293,0.7044862180026059,0.24729204000464663,0.32192082224113977,0.39641473326886795,4.558999070951905,1,1,1,1,1,1,1,1,1,1,1,1,1,1
param_20035,real_005,0.7810879182263031,0.6970362305583231,0.20854974694535472,0.2786215760935772,0.4056985845583222,169.62082469184284,1,1,1,1,1,1,1,1,1,1,1,1,1,1
param_20036,real_001,0.8044743765891834,0.3258236445129396,0.021679495971676763,0.04941022755708902,0.2454162645846127,242.81701382830323,0,0,0,1,0,1,0,0,0,1,0,0,1,1
param_20036,real_002,0.7997654559055172,0.3670507174613056,0.048711208877682655,0.07932491012352816,0.694559267120992,528.8317560090577,0,1,0,1,0,1,0,1,0,1,0,0,1,0
param_20036,real_003,0.8614893974651765,0.4144861088704065,0.10710770495116177,0.1333990030736861,0.6537858774011552,513.6180151871529,0,1,0,0,0,1,0,0,0,0,0,0,1,1
param_20036,real_004,0.8127294007475062,0.33471889661131643,0.0409094453481907,0.08569900211353192,0.4483828485971295,205.29242886312744,0,1,0,1,0,1,0,1,0,0,0,0,0,1
param_20036,real_005,0.8467642913010045,0.41030329630317264,0.10327400332266311,0.1442789093350482,0.554356935639841,454.414793288443,0,1,0,1,0,1,0,0,0,0,0,0,0,1
param_20037,real_001,0.8016968084014549,0.3484323082643393,0.02772836457778261,0.054209480611844135,0.4659988598420067,158.19668040564935,0,0,0,1,0,1,0,1,0,1,0,0,1,1
param_20037,real_002,0.8030527874916763,0.40084129442473915,0.06482222751513488,0.09379453444312937,0.9344373585681959,451.83690345924686,0,1,0,1,0,1,0,1,0,1,0,0,1,0
param_20037,real_003,0.8617543914260927,0.43785380516802536,0.10569543215419719,0.13423096424860972,0.7219231328857386,540.4997780496426,0,1,0,0,0,1,0,0,0,0,0,0,1,1
param_20037,real_004,0.8159013569553711,0.3714569893462085,0.06343414654959362,0.10374535103155039,0.8218478395188862,268.68233573934424,0,1,0,1,0,1,0,1,0,0,0,0,0,1
param_20037,real_005,0.8527476775762398,0.4514898398449859,0.1178028968513505,0.15444414054096614,0.7238999307821615,378.099213624769,0,1,0,1,0,1,0,0,0,0,0,0,0,1
param_20038,real_001,0.7923189486178274,0.35859616246816856,0.02386108226317395,0.05618295622497028,0.3683121081890943,256.69128806146205,0,0,0,1,0,1,0,1,0,1,0,0,1,1
param_20038,real_002,0.787108423059754,0.40431123039076894,0.05710583097683095,0.09217083277565095,0.9027085460332712,456.5128096025305,0,1,0,1,0,1,0,1,0,1,0,0,1,0
param_20038,real_003,0.85727979024707,0.45918683194588444,0.11875957077656521,0.1492178801449979,0.6776165011459129,509.78053863490027,0,1,0,0,0,1,0,0,0,0,0,0,1,1
param_20038,real_004,0.806016131464354,0.3782220699681378,0.06515431244158208,0.11165878110494575,0.7738857952617608,160.8190567663675,0,1,0,1,0,1,0,1,0,0,0,0,0,1
param_20038,real_005,0.8428774436048974,0.45735186101868597,0.12458093094851368,0.16130492214721553,0.712314082808522,363.6705296713495,0,1,0,1,0,1,0,0,0,0,0,0,1,1
param_20039,real_001,0.768325575378276,0.4137777412798359,0.05172111852505965,0.08162295952015829,0.8937014166363967,79.45240438537114,1,0,1,1,1,1,1,1,0,1,0,1,1,1
param_20039,real_002,0.794866645009737,0.4834069333364097,0.10171538883217102,0.12749896960308804,1.337099040037462,295.4735702577755,1,1,1,1,1,1,1,1,0,1,0,1,1,0
param_20039,real_003,0.8464730312232706,0.5140243571253106,0.11624575432380473,0.14804648649259627,0.8776563183209445,525.239245032034,1,1,1,1,1,1,1,1,0,0,0,0,1,1
param_20039,real_004,0.8120113459903319,0.46796603031706935,0.10365057038288832,0.13749858910328056,1.1680147005628463,279.35529964959136,1,1,1,1,1,1,1,1,0,1,0,1,0,1
param_20040,real_001,0.7731959024185642,0.5186718903375566,0.09437273455229345,0.14969198470026904,0.678377946758719,308.887385617315,1,0,1,1,1,1,1,1,0,1,0,1,1,1
param_20040,real_002,0.7645024104813544,0.5376146118817114,0.13516393223664178,0.1737450860877732,1.1219263840699956,278.58703914569105,1,1,1,1,1,1,1,1,0,1,0,1,1,1
param_20040,real_003,0.8435231794754189,0.600256199792735,0.18690897002329154,0.23546864953446206,0.6773221883354041,376.69296387374095,1,1,1,1,1,1,1,1,0,0,0,0,1,1
param_20040,real_004,0.8001116090402713,0.5498847840885448,0.16776204075664392,0.21590394243975933,0.8282381783737602,287.4817649060541,1,1,1,1,1,1,1,1,0,1,0,1,1,1
param_20040,real_005,0.8480073041764647,0.6235086809022861,0.21912409688928391,0.26630390044258573,0.7107737407199971,225.38014674766043,1,1,1,1,1,1,1,1,0,1,0,1,1,1
param_20041,real_001,0.7523941276603051,0.597356612357027,0.15775299300955947,0.22652947837847973,0.40647832291175445,81.77434209614088,1,1,1,1,1,1,1,1,1,1,1,1,1,1
param_20041,real_002,0.798665441219168,0.6554742619763588,0.18306759790808882,0.2559637146795158,0.45017602845691873,259.4713817504158,1,1,1,1,1,1,1,1,1,1,1,1,1,1
param_20041,real_003,0.8437584571524319,0.69396711016535,0.194495599155292,0.2637604384644869,0.38190200752671255,428.83683932253814,1,1,1,1,1,1,1,1,1,1,1,1,1,1
param_20041,real_004,0.8179790956619083,0.6744005399727722,0.2001193654883844,0.2715869378866788,0.3913419651500484,161.40579235398906,1,1,1,1,1,1,1,1,1,1,1,1,1,1
param_20041,real_005,0.8759084704576106,0.7413000180604195,0.2405721518165998,0.31739840214649456,0.334287290740752,325.81119490248045,1,1,1,1,1,1,1,1,1,1,1,1,1,1
param_20042,real_001,0.7930602508356647,0.4062420684262765,0.08677794475891867,0.11401199017816649,0.879776306245174,567.6139115828549,0,0,0,0,0,1,0,0,0,1,0,0,1,1
param_20042,real_002,0.8152448791091635,0.3626115010785236,0.06082776057306715,0.08733203947885596,0.2664859191883855,909.3957633154615,0,0,0,1,0,1,0,1,0,0,0,0,1,1
param_20042,real_003,0.7757504734283824,0.41569509761952295,0.025767576535358928,0.060311531193429774,0.5998266824484274,218.3280947670318,0,1,0,0,0,0,0,1,0,0,0,1,1,1
param_20042,real_004,0.7898946733905007,0.3541094385424215,0.058417183919130686,0.08816358776367521,0.06708427562191047,1099.1462718964108,0,0,0,0,1,0,0,0,0,0,0,0,1,1
param_20042,real_005,0.8063174421312946,0.3899497612740708,0.07405427110145678,0.09484701015088916,0.4812877514166511,662.3004360689521,0,0,0,0,0,1,0,1,0,1,0,0,1,1
param_20043,real_001,0.791347411575356,0.4351210175049276,0.10052807034803735,0.13029627755053974,1.0185231228244653,511.5671777856845,0,0,0,0,0,1,0,1,0,1,0,1,1,1
param_20043,real_002,0.8222753012534075,0.39530173940731855,0.08732249841984402,0.11990652479563488,0.5059418407901468,752.9404109152734,0,0,0,1,0,1,0,1,0,0,0,0,1,1
param_20043,real_003,0.764516709648884,0.4340048006018049,0.03249149984970794,0.07048264665389257,0.9277021373697422,314.9409040825508,0,1,0,1,0,0,0,1,0,0,0,1,1,1
param_20043,real_004,0.7838042778655168,0.37391597119030556,0.06423628374388393,0.09909467698006562,0.10335235634040416,1019.3620213485608,0,0,1,1,1,1,0,0,0,0,0,0,1,1
param_20043,real_005,0.805156715261367,0.4186802533752399,0.08367554407075786,0.10673016393659708,0.5902350677281817,564.4056012983062,0,0,0,0,0,1,0,1,0,1,0,1,1,1
param_20044,real_001,0.787120100945005,0.44747567063956706,0.10667097400794802,0.1394801161780156,0.9886148787505138,468.4049712502333,0,0,0,0,0,1,0,1,0,1,0,1,1,1
param_20044,real_002,0.8123583214149264,0.40608532009779835,0.09108342527787315,0.12510662898913386,0.48113758467647744,760.8121368311793,0,0,0,1,0,1,0,1,0,0,0,0,1,1
param_20044,real_003,0.7546493795398335,0.4404782651142801,0.033127507525415954,0.07467948198886051,0.8406405094109936,263.7003504833391,0,1,0,1,0,1,0,1,0,0,0,1,1,1
param_20044,real_004,0.7770376166445507,0.3923163277831071,0.07558015028478735,0.11185845200284755,0.15412464899422496,1019.4735272161195,0,0,1,1,1,1,0,0,0,0,0,0,1,1
param_20044,real_005,0.7991852044139526,0.42674878745420836,0.09229468353671548,0.11644849914092627,0.5726510035902301,596.5945358144345,0,0,0,0,0,1,0,1,0,1,0,1,1,1
param_20045,real_001,0.7919495181858086,0.5353743851666141,0.12500375147819903,0.162358372075584,0.9329544089981188,282.50212180108275,1,1,0,0,1,1,0,1,1,1,0,1,1,1
param_20045,real_002,0.8304519393666467,0.5004537872986251,0.16538183737309886,0.20108758642423422,0.6629677527011806,252.75366622638177,1,1,1,1,1,1,1,1,0,0,0,1,1,1
param_20045,real_003,0.7690295376837862,0.5101492686396705,0.08112838802958051,0.11343700139027643,1.3942595202655532,354.98987159694644,1,1,1,1,1,1,1,1,1,1,0,1,1,1
param_20045,real_004,0.751560127482405,0.42878803091479084,0.0752112586177957,0.11859094310399892,0.34704184704184704,719.7604172735477,1,0,1,1,1,1,1,1,0,1,0,1,1,1
param_20045,real_005,0.7923027164144041,0.47717347743152366,0.09349495804743027,0.12159308352886658,0.900303679135704,359.704466421835,1,1,1,1,1,1,1,1,0,1,0,1,1,1
param_20046,real_001,0.7875992203718178,0.5953361924584609,0.17224591040154225,0.21971332694868956,0.8765950179325152,249.43999228122323,1,1,1,1,1,1,1,1,0,1,0,1,1,1
param_20046,real_002,0.8219020104705423,0.5955277478638498,0.21337943560986147,0.26103064904800877,0.6314263370029477,299.62237201582184,1,1,1,1,1,1,1,1,0,1,0,1,1,1
param_20046,real_003,0.7394279626173147,0.5521202884055862,0.11473925592127152,0.16055382521657915,1.1512960310493,254.99406204762008,1,1,1,1,1,1,1,1,1,1,0,1,1,1
param_20046,real_004,0.7543641067620634,0.5397883235135157,0.14056356701792538,0.19871802312885226,0.6679053524658055,579.9160521737836,1,1,1,1,1,1,1,1,0,1,0,1,1,1
param_20046,real_005,0.7934402537029562,0.5652595326932999,0.15764374820681318,0.1972402199115801,0.999866837759969,371.8957595534838,1,1,1,1,1,1,1,1,0,1,0,1,1,1
param_20047,real_001,0.8111915974945403,0.6940126319437975,0.19883809147326914,0.26317847327583155,0.42842419413988897,159.56908095173088,1,1,1,1,1,1,1,1,1,1,1,1,1,1
param_20047,real_002,0.8517053672278359,0.722592844728322,0.262690589383412,0.3331929844579226,0.28781734728147973,119.63329633404169,1,1,1,1,1,1,1,1,1,1,1,1,1,1
param_20047,real_003,0.8191582154284808,0.6985207652618246,0.18627642316407228,0.2672175561847974,0.41413150730530096,431.4373632629457,1,1,1,1,1,1,1,1,1,1,1,1,1,1
param_20047,real_004,0.7449611730270053,0.6035505245193034,0.17953664543533343,0.25672118523830273,0.4280639206257573,239.0717171909942,1,1,1,1,1,1,1,1,1,1,1,1,1,1
param_20047,real_005,0.8091918411991992,0.6645684660046376,0.18151004393927728,0.2558467531202353,0.44850835987754545,65.56134735601611,1,1,1,1,1,1,1,1,1,1,1,1,1,1
param_20048,real_001,0.7848931949229287,0.37480752118725597,0.062077058406902655,0.08435357031491489,0.16729514447928143,744.3881248778846,0,1,0,0,0,1,0,0,0,0,0,0,1,1
param_20048,real_002,0.8001395662060886,0.3887489745341315,0.14273828283936904,0.16589334821954743,0.9070690429833758,153.75316356071914,0,0,0,1,0,0,0,1,0,0,0,0,1,1
param_20048,real_003,0.7778809929054339,0.3917789820041815,0.11416543841699632,0.13719715221396242,0.6296489652724121,455.1561142149032,0,0,0,0,0,0,0,1,0,1,0,1,1,1
param_20048,real_004,0.8355084122764445,0.47452779011807467,0.2016854567436,0.23391619611597425,0.49157038169311695,115.37579847439518,0,1,0,0,0,0,0,1,0,0,0,0,1,1
param_20048,real_005,0.7593022799772107,0.38815589750213325,0.07117123013272803,0.09821050605875933,0.7977140583202529,632.9176763822179,0,0,0,1,0,0,0,1,0,0,0,1,1,1
param_20049,real_001,0.7806802310446491,0.3964041908447009,0.06924000927667197,0.10068476382903022,0.321988822509154,628.1938457272983,0,1,0,0,0,1,1,0,0,1,0,0,1,1
param_20049,real_002,0.7978079644659068,0.422756767641937,0.1527590926247147,0.1755708471178021,0.9675867420463363,194.86463523832586,0,0,0,1,0,1,0,1,0,0,0,0,1,1
param_20049,real_003,0.7768505290844377,0.42416303231817887,0.14068548984183088,0.15608743027295033,0.9833989816504948,390.24328894231695,0,1,0,1,0,0,0,1,0,1,0,1,1,1
param_20049,real_004,0.8355726845609449,0.49979671100912476,0.2097320010592626,0.24469134701431133,0.6821489394643133,110.36268775612797,1,1,0,0,1,1,0,1,0,1,0,1,1,1
param_20049,real_005,0.7517290294380371,0.401254751591202,0.07645563388750125,0.10411313579147333,1.056816821609544,498.0870355872943,0,0,0,1,1,0,0,1,0,0,0,1,1,1
param_20050,real_001,0.7735409191579994,0.41173868054657836,0.07615163677196246,0.11289495230927875,0.33915467318960124,615.0477891052055,0,1,0,0,0,1,1,0,0,1,0,0,1,1
param_20050,real_002,0.7929723248734706,0.44321837948272025,0.1621705000535767,0.18610645993492916,0.9926759204438305,204.47296860654944,0,0,0,1,0,0,0,1,0,0,0,0,1,1
param_20050,real_003,0.7699620205970277,0.43540533912379054,0.1495042470948202,0.16529412684282604,0.9274621248122873,392.966844473337,0,1,0,1,0,1,0,1,0,1,0,1,1,1
param_20050,real_004,0.8318033586601464,0.5116105036048585,0.2302596173795119,0.26313091826548696,0.689073374618939,98.00040522154609,1,1,0,0,1,1,0,1,0,0,0,1,1,1
param_20050,real_005,0.7435708599686108,0.41150974347927066,0.08292793406608279,0.11181258386134822,1.1136471144749291,463.29777701307506,0,1,0,1,1,0,0,1,0,0,0,1,1,1
param_20051,real_001,0.7826686303562047,0.4719117843200202,0.12567083728413136,0.17402380240036014,0.5594843152899677,484.9701035010218,1,1,0,1,1,1,1,1,0,1,0,0,1,1
param_20051,real_002,0.7972256850972392,0.523985442300669,0.16961355199446015,0.20123418857631847,1.0859221942345367,255.89194130315403,1,1,1,1,1,1,0,1,0,1,0,1,1,1
param_20051,real_003,0.7708707598426553,0.49890196607481846,0.1410872961183161,0.1646168394315243,1.3015528968870762,138.19936450490098,1,1,1,1,1,1,0,1,0,1,0,1,1,1
param_20051,real_004,0.8397577704104175,0.5797349978471555,0.2488371838496868,0.2954492579970917,0.5533388491512757,88.57896407122475,1,1,1,1,1,1,1,1,0,1,0,1,1,1
param_20051,real_005,0.7528087528436123,0.46511921518372157,0.1121692339676516,0.14258923309795676,1.2189475199769635,260.21508833148334,0,1,1,1,1,1,1,1,0,1,0,1,1,1
param_20052,real_001,0.7825206503391824,0.587689971743785,0.2036352843322404,0.2573973220742646,0.5972989710365854,458.4225178416423,1,1,1,1,1,1,1,1,0,1,0,0,1,1
param_20052,real_002,0.8009023918467767,0.6179838239268061,0.22185072188536367,0.26931415268877457,0.9934012577641756,234.29643377035805,1,1,1,1,1,1,1,1,0,1,0,1,1,1
param_20052,real_003,0.7860317697330741,0.6116062407384363,0.21883381000690216,0.25265090549121755,1.0053990638430321,158.08614290818272,1,1,1,1,1,1,1,1,0,1,0,1,1,1
param_20052,real_004,0.8470989257447754,0.6850110724754461,0.31172927686604174,0.3661920883274491,0.541289599166393,65.89282482100104,1,1,1,1,1,1,1,1,1,1,0,1,1,1
param_20052,real_005,0.7449823872340482,0.5462810920178396,0.15058496280812336,0.1931273826505337,1.215790433355619,184.71537582917915,0,1,1,1,1,1,1,1,0,1,0,1,1,1
param_20053,real_001,0.8266570251326222,0.7043711765938605,0.26990141675888824,0.3359359765396595,0.2848529349468363,259.3503755814311,1,1,1,1,1,1,1,1,1,1,1,1,1,1
param_20053,real_002,0.8383008887073524,0.7136750099579028,0.27713077430781063,0.3462464000824062,0.4163607796394371,260.26887671352625,1,1,1,1,1,1,1,1,1,1,1,1,1,1
param_20053,real_003,0.8241657981887126,0.7053856047967157,0.23344525208771727,0.30950298638554874,0.3962388790574774,160.0746793043643,1,1,1,1,1,1,1,1,1,1,1,1,1,1
param_20053,real_004,0.8782057940931901,0.769443902252934,0.353452982695936,0.4242283803517802,0.2271523395350358,44.906362275701056,1,1,1,1,1,1,1,1,1,1,1,1,1,1
param_20053,real_005,0.8058780755460194,0.6671713082697421,0.21447105331259736,0.2836621545897362,0.5262068874626039,128.20221235435744,1,1,1,1,1,1,1,1,1,1,1,1,1,1
param_20054,real_001,0.8668134507820784,0.4851885109593412,0.1685690133682785,0.2066583299033644,0.46413328768686524,270.87701014683853,0,0,0,1,0,0,0,0,0,0,0,0,0,1
param_20054,real_002,0.8250869302886781,0.4560346116423339,0.09507638379056495,0.11459583229000367,0.7666780626780627,225.2782500028744,0,1,0,0,0,1,0,0,0,0,0,0,1,1
param_20054,real_003,0.8291305297725571,0.38984061375453405,0.06322814469229936,0.08023912207947523,0.6700149556909752,97.32232235333225,0,0,0,0,0,1,0,0,0,0,0,0,1,1
param_20054,real_004,0.8403714719178285,0.40990042425183676,0.12835433455449438,0.14538463880752864,0.3874342031582484,152.97282767141164,0,0,0,0,0,0,0,0,0,1,0,0,0,0
param_20054,real_005,0.7939027888899879,0.30949331004481845,0.011539481012998516,0.037363427364715956,0.3726119725846483,470.24406361784327,0,1,0,1,0,1,0,0,0,0,0,1,0,1
param_20055,real_001,0.8629105280874024,0.4996808545742383,0.1667611946054689,0.196816923246346,0.5536727950521054,239.79444464621497,0,0,0,1,0,0,0,0,0,0,0,0,0,1
param_20055,real_002,0.8201689857795229,0.46705822991282253,0.09456648135014432,0.11673780672245737,0.8752472299610812,212.67279311507087,0,1,0,0,0,1,0,0,0,0,0,0,1,1
param_20055,real_003,0.825465742681321,0.40253413983601993,0.06555620729781127,0.08668665314916713,0.8430233768396511,217.9416669726853,1,0,0,0,1,1,0,0,0,0,0,1,1,1
param_20055,real_004,0.8398439306637999,0.4323588925704948,0.13177294565901346,0.15250212347479056,0.557190357439734,150.03001264575568,0,0,0,1,0,1,0,1,0,1,0,0,0,0
param_20055,real_005,0.7904185133219707,0.3194324232921627,0.015634689825153505,0.047951993953268046,0.5020633610564409,356.6687817341575,0,1,0,1,0,1,0,0,0,0,0,1,0,1
param_20056,real_001,0.8609486995638025,0.5237361869253511,0.19265200570388707,0.22316914185356354,0.4343225542365943,326.85086836882726,0,0,0,1,0,0,0,0,0,0,0,0,0,1
param_20056,real_002,0.8109357236656767,0.49049822466902576,0.10507173247605996,0.12842337640408602,0.7789265559995057,223.86822031579305,0,1,0,0,0,1,0,0,0,0,0,0,1,1
param_20056,real_003,0.8193493309261665,0.42775225723260746,0.06707272992252182,0.09368585440115386,0.7152276610714645,242.25567734408946,1,0,0,0,1,1,0,0,0,0,0,1,1,1
param_20056,real_004,0.8319218660878218,0.44730561223219867,0.14328830137945647,0.16905408320373305,0.5228747664302505,163.22660988911198,0,0,0,1,0,1,0,1,0,1,0,0,1,0
param_20056,real_005,0.782068523485342,0.3311495816067497,0.01768643051427613,0.053270318870746285,0.4047238937328585,481.44360307267254,0,1,0,1,0,1,0,0,0,0,0,1,1,1
param_20057,real_001,0.8325192040421889,0.5531454009793015,0.16582027743238453,0.19623200582632375,0.682786703190938,199.02277481416138,1,1,1,1,1,1,1,1,0,1,0,0,0,1
param_20057,real_002,0.7978572662849962,0.5305253282697854,0.12815769479615516,0.15533703255844358,0.9669743466794534,186.59711000982983,1,1,1,1,1,1,1,0,0,1,0,1,0,1
param_20057,real_003,0.790357097953128,0.4441366065269319,0.08163342476342159,0.11112235524856258,0.938922788077916,187.99396943594078,1,1,1,1,1,1,1,1,0,1,0,1,0,1
param_20057,real_004,0.8391765594351603,0.5272138180447201,0.15810647042166504,0.19617035201240296,0.6905743888944774,139.99562487498827,1,1,1,1,1,1,1,1,0,1,0,1,1,1
param_20057,real_005,0.7641274888045677,0.41907941868688275,0.0414205629416048,0.08241612117801775,0.955233169835366,239.64852913916732,1,1,1,1,1,1,1,0,0,1,0,1,0,1
param_20058,real_001,0.8603498886703912,0.673918380727989,0.27475344225675835,0.3179133174762089,0.40333949476278497,380.46996836831727,1,1,1,1,1,1,1,1,0,1,0,0,1,1
param_20058,real_002,0.7946399719370466,0.6370300217752423,0.20066775897151146,0.23375185274075394,0.7549200452885876,281.8803903141858,1,1,1,1,1,1,1,0,0,1,0,1,1,1
param_20058,real_003,0.7874094681400697,0.5561721352292401,0.13231334721189988,0.17980466732524505,0.7498799867062198,185.4625316312071,1,1,1,1,1,1,1,1,0,1,0,1,1,1
param_20058,real_004,0.839867720751621,0.6397188153622843,0.2454754036509619,0.2910219088183124,0.6617785770880233,106.2223992539688,1,1,1,1,1,1,1,1,0,1,0,1,1,1
param_20058,real_005,0.761437639226921,0.48499150931550716,0.11536272399790767,0.16827988059443247,0.8235234306485848,495.07515133469735,1,1,1,1,1,1,1,1,0,1,0,1,1,1
param_20059,real_001,0.8210123186180249,0.7152201596857601,0.24062498106888217,0.3034976208382016,0.34462599128817484,77.12353442663851,1,1,1,1,1,1,1,1,1,1,1,1,1,1
param_20059,real_002,0.824025939859443,0.7222292184124879,0.23973320004593301,0.30981022757020343,0.3620784724330419,117.69948443550817,1,1,1,1,1,1,1,1,1,1,1,1,1,1
param_20059,real_003,0.7736500071188464,0.6072262153783261,0.16622244045679152,0.23456871502082188,0.3749748148509955,127.16869222883957,1,1,1,1,1,1,1,1,1,1,1,1,1,1
param_20059,real_004,0.8463726461982854,0.7237249808471877,0.2715622783424458,0.34296198458215943,0.2583351192480789,108.16255729367364,1,1,1,1,1,1,1,1,1,1,1,1,1,1
param_20060,real_001,0.8508487481397505,0.4729314199296467,0.16067977067578113,0.1964741770918357,0.3274681921294013,620.613383361055,0,0,0,0,1,0,0,0,0,0,0,0,0,1
param_20060,real_002,0.8316027056685924,0.5458072926103946,0.1706639452429065,0.1859777278915881,0.6380402089599494,301.3482366398774,1,1,1,0,0,1,0,0,0,1,0,0,1,1
param_20060,real_003,0.8096103573549243,0.4518312036130031,0.07336493824364218,0.10017173981113002,0.7658726410639062,354.9528952213756,1,0,0,0,1,1,0,0,0,1,0,1,0,1
param_20060,real_004,0.8281052505606613,0.46946041016004947,0.14509324885429614,0.18068326012538538,0.5303865331983654,187.567177569421,0,0,0,0,1,0,0,0,0,1,0,0,0,1
param_20060,real_005,0.7923376047482698,0.39912643555321303,0.026971691132852672,0.06889031127529167,0.4735080414727733,708.764619281617,1,1,0,1,0,1,0,0,0,0,0,1,0,1
param_20061,real_001,0.8465330637216293,0.49774069734379184,0.16897006439728418,0.20094224914987383,0.4032509989102797,522.4628964730813,0,1,0,1,1,0,1,1,0,0,0,0,0,1
param_20061,real_002,0.8259760927321286,0.5508132491094422,0.1620436527527428,0.17775122058251036,0.8457559024783988,264.96854429138955,1,1,1,0,0,1,1,0,0,1,0,0,1,1
param_20061,real_003,0.8044284281294025,0.46170457884570626,0.08330163324364152,0.11001688903719144,0.8538803948132379,245.92834903819963,1,0,0,0,1,1,0,0,0,1,0,1,0,1
param_20061,real_004,0.825130149311123,0.4804898685502932,0.1522934638533411,0.1875028033966161,0.5741598364236906,168.20770128307936,0,0,0,1,1,1,0,0,0,1,0,0,0,0
param_20061,real_005,0.7872947378468163,0.4117399108611582,0.037337953088344894,0.08214750976971202,0.5725706331590233,633.099798202844,1,1,0,1,1,1,0,0,0,0,0,1,0,1
param_20062,real_001,0.8391132490436494,0.5156978257640057,0.1764089849410016,0.2076497546322063,0.393282925971514,535.6990080291121,0,0,0,1,1,0,1,1,0,0,0,0,0,1
param_20062,real_002,0.8190389420493963,0.564268640975062,0.1797515621302233,0.1952716413151229,0.6883650595979363,294.49800408095746,1,1,1,0,0,1,1,0,0,1,0,0,1,1
param_20062,real_003,0.8002755076538337,0.4801658433048149,0.09285683080030155,0.1228236265696387,0.8133947615391178,222.6725269097148,1,0,0,0,1,1,0,0,0,1,0,1,0,1
param_20062,real_004,0.8190607656331299,0.5032105052323343,0.16217236262558488,0.20020973387167687,0.5593054578522039,178.23887025009813,0,0,0,1,1,1,0,0,0,1,0,0,0,1
param_20062,real_005,0.7794467819076398,0.4356181892760318,0.041866060299698485,0.08897238407210549,0.6303146415149952,609.7639842758837,1,1,0,1,1,1,0,0,0,0,0,1,0,1
param_20063,real_001,0.8140142871713753,0.5562718955807516,0.14380803444844628,0.18373455576900832,0.6555937432344663,227.46177220297457,1,1,1,1,1,1,1,1,0,1,0,0,0,1
param_20063,real_002,0.8206529633480408,0.5978184629028467,0.17905263941798683,0.20332108812988686,0.8690136421363122,182.87457972813925,1,1,1,0,1,1,1,1,0,1,0,1,1,1
param_20063,real_003,0.7879592116011674,0.49243628654794674,0.09696202252685193,0.13045128957997856,0.8060555323008232,99.94985993407309,1,1,1,1,1,1,0,1,0,1,0,1,0,1
param_20063,real_004,0.8145944136707479,0.5394051745409492,0.16046542451803003,0.19950986922160216,0.5718448865402549,104.38576216617994,1,1,1,1,1,1,1,1,1,1,0,1,0,1
param_20063,real_005,0.7605793343397952,0.4696280429786219,0.06230218925125529,0.10537258693132101,0.9093339304958782,381.63426705621,1,1,1,1,1,1,0,0,0,1,0,1,0,1
param_20064,real_001,0.8210623189836328,0.6510803476331354,0.23044934401601436,0.2785532963361607,0.47273768119072823,348.2085593455574,1,1,1,1,1,1,1,1,1,1,1,1,1,1
param_20064,real_002,0.817018483587568,0.6774098644108917,0.25431565460748246,0.2954765044479719,0.6618080576482148,335.72429810246325,1,1,1,1,1,1,1,1,0,1,0,1,1,1
param_20064,real_003,0.7758862450543245,0.5919370672972739,0.14696108340690867,0.19936214784733297,0.686182067546717,122.63329257582383,1,1,1,1,1,1,0,1,1,1,0,1,1,1
param_20064,real_004,0.8245242904395634,0.6648102817290703,0.24558431398099137,0.29668330684829347,0.503159305941693,79.9541968979018,1,1,1,1,1,1,1,1,1,1,1,1,1,1
param_20064,real_005,0.7539317993388072,0.5622793579534958,0.1264705605755416,0.17914084215826215,0.8765243541474272,374.82341887256945,1,1,1,1,1,1,1,1,0,1,0,1,1,1
param_20065,real_002,0.8660616562258424,0.7639584723941184,0.3346628840691558,0.40292334411141817,0.29280277863659987,155.72936981700926,1,1,1,1,1,1,1,1,1,1,1,1,1,1
param_20065,real_003,0.7815411591945279,0.6183526869066154,0.16816816077041608,0.23684805529068462,0.41071783591039396,139.44901907195012,1,1,1,1,1,1,1,1,1,1,0,1,1,1
param_20065,real_004,0.8288480083942676,0.717050220585891,0.2590264267109075,0.3317198826403297,0.25108173228545116,114.7753860534285,1,1,1,1,1,1,1,1,1,1,1,1,1,1
param_20065,real_005,0.759895553834921,0.6345636493640555,0.1550927191898994,0.22435758204795905,0.5368404193554845,129.86633058998058,1,1,1,1,1,1,1,1,1,1,0,1,1,1
param_20066,real_001,0.7308648500552242,0.42635781112691384,0.024485629230816007,0.04870709879991474,0.13379049642288107,560.5368115503079,1,0,1,0,1,0,1,0,0,0,0,1,1,1
param_20066,real_002,0.7618474435860714,0.45423614391592726,0.04989040937553496,0.08202198932587228,0.6269537480063796,68.06408719792265,0,0,1,1,0,1,1,1,0,1,1,1,1,1
param_20066,real_003,0.7597200695490701,0.4181760458098588,0.03860252368143092,0.06489719569939383,0.1364794293720545,444.1144379768633,1,1,1,1,0,1,1,1,0,0,1,1,0,1
param_20066,real_004,0.7378421535802666,0.40071092964462546,0.024561236492753134,0.04139271522236225,0.7412619768271288,474.1835687951557,1,1,0,1,1,1,0,0,0,0,0,1,1,1
param_20066,real_005,0.8156025054786876,0.5404429911024548,0.20710094906610632,0.23090515892549335,0.40584702760579117,205.42261432484406,1,0,0,1,1,0,0,0,0,0,0,1,0,0
param_20067,real_001,0.7308531929272577,0.4346600957922655,0.028705244768656796,0.05927893430842415,0.25203623788974305,484.0234145560239,1,0,1,0,1,0,1,0,1,1,0,1,1,1
param_20067,real_002,0.7627895408101559,0.4665823149013048,0.05814485745995091,0.0944443632096688,0.6670894476808495,29.039328049040787,1,1,1,1,1,1,1,1,0,1,1,1,1,1
param_20067,real_003,0.7515114724178876,0.4242194305849321,0.04112407470051779,0.07164236957230986,0.2546368495162536,426.187473101573,1,1,1,1,0,1,1,1,0,0,1,1,0,1
param_20067,real_004,0.7342179873491628,0.4139383209429203,0.02792322482003873,0.04676634735644668,0.8867042024815998,304.24590294883905,1,1,0,1,1,1,0,1,0,0,0,1,1,1
param_20067,real_005,0.8200599974340548,0.5597229114360146,0.21282047440889962,0.2402065730257749,0.4490517610152574,147.34043535490784,1,0,0,1,1,1,0,0,1,0,0,1,0,0
param_20068,real_001,0.7199904370415272,0.4499992415203105,0.031166476064739136,0.07022263971485,0.2849366071050813,458.3294541837518,1,0,1,0,1,0,1,1,1,1,0,1,1,1
param_20068,real_002,0.7497432855678919,0.4804300193236078,0.061870687121063896,0.10162823998065719,0.7009086173968401,23.500936445312057,1,1,1,1,1,1,1,1,0,1,1,1,1,1
param_20068,real_003,0.7312536391222413,0.42659370136682995,0.04135133601469176,0.07308561704848864,0.23301215162144961,408.4324639806408,1,1,1,1,0,1,1,1,0,0,1,1,0,1
param_20068,real_004,0.7240786529013512,0.4192339595746516,0.032451999558633066,0.055119384671854836,0.9314776644206952,281.4432955150182,1,1,0,1,1,1,0,1,0,0,0,1,1,1
param_20068,real_005,0.8186788295893211,0.5819213803590876,0.22865865278050418,0.2580642579450816,0.4184324126061564,134.9579904826283,1,0,0,1,1,1,0,0,1,0,0,1,0,0
param_20069,real_001,0.7199664595339306,0.47076487923497246,0.05595772717318087,0.09754500987275665,0.548114434330299,269.5601487516186,1,0,1,0,1,1,1,1,1,1,0,1,1,1
param_20069,real_002,0.7591388734738225,0.5182622185121449,0.09165235763187438,0.14005603145503864,0.7675549133595438,150.11632672727222,1,1,1,1,1,1,1,1,0,1,1,1,1,1
param_20069,real_003,0.7256385809682867,0.45666647634039736,0.056149740928512465,0.09478120799937238,0.6814716484801248,350.77991419150436,1,1,1,1,1,0,1,1,0,1,1,1,0,1
param_20069,real_004,0.723478033860745,0.45404247449715585,0.04420107474103984,0.08015222154563206,0.8785561763991356,146.57976551533434,1,1,1,1,1,1,1,1,0,0,0,1,1,1
param_20069,real_005,0.8238339657116356,0.617874215499293,0.22436869306875237,0.26051294531641817,0.4322377501725328,70.03980073138754,1,1,1,1,1,1,1,1,1,1,1,1,0,0
param_20070,real_001,0.7237862297721539,0.5722530698511369,0.11402522764443379,0.17754032533454134,0.6705649857751131,195.53929266705094,1,1,1,1,1,1,1,1,1,1,0,1,1,1
param_20070,real_002,0.7545008521570806,0.6114180866137079,0.14543997376555826,0.2097775475593321,0.7293265213097319,86.97566018482095,1,1,1,1,1,1,1,1,0,1,1,1,1,1
param_20070,real_003,0.695738993480458,0.5267637663822426,0.10019863758367506,0.15457530775670414,0.8956744536548605,298.53363869051714,1,1,1,1,1,1,1,1,0,1,1,1,1,1
param_20070,real_004,0.7120439416057807,0.5296671390636739,0.10053738978382729,0.15331725027141818,1.054028240554826,96.13791760775578,1,1,1,1,1,1,1,1,0,1,0,1,1,1
param_20070,real_005,0.8436241813533392,0.7190606282572476,0.30341970186457845,0.3591624380721155,0.33744929053485634,76.61534510016017,1,1,1,1,1,1,1,1,1,1,1,1,1,1
param_20071,real_001,0.7283364908400438,0.5930267866977694,0.14741643663762102,0.22142821034051363,0.34072469975087316,113.3289563966052,1,1,1,1,1,1,1,1,1,1,1,1,1,1
param_20071,real_002,0.7822127367632226,0.6559451066784976,0.19144633463413438,0.26815828169683215,0.43676115418838185,145.63154479466547,1,1,1,1,1,1,1,1,1,1,1,1,1,1
param_20071,real_004,0.7211567507291172,0.5770938361194154,0.1396365200277299,0.21096664104522705,0.5184415073300318,46.685701453105764,1,1,1,1,1,1,1,1,1,1,1,1,1,1
param_20071,real_005,0.8447709506560792,0.7515368892271107,0.27960127258693385,0.3414465610345481,0.36442492627259904,278.7058719716415,1,1,1,1,1,1,1,1,1,1,1,1,1,1
param_20072,real_001,0.8320156495885442,0.38668185234806557,0.059694902370411064,0.08585806042983592,0.8868537193295374,394.2219962471437,0,1,0,1,0,0,0,0,0,0,0,0,0,1
param_20072,real_002,0.8154761129253768,0.4557447743692852,0.09170857453368308,0.12011863315466491,0.7485894572001013,220.32376821954895,0,1,0,0,0,0,0,0,0,0,0,0,1,1
param_20072,real_003,0.821373100489545,0.35668791941876193,0.02607817625899364,0.048106679930224765,0.2600938346659618,554.6251543409238,0,0,0,0,1,0,0,0,0,0,0,0,1,1
param_20072,real_004,0.8298789266393106,0.4060389432346977,0.12049828552073308,0.1364977598536339,0.2847775602203907,139.06645311760158,0,0,0,0,0,0,0,0,0,1,0,0,1,0
param_20072,real_005,0.8154599835571265,0.3266482824956762,0.03594331537716104,0.0676821352609159,0.1842099273993491,852.0495461367066,0,1,0,1,0,1,0,0,0,0,0,0,1,1
param_20073,real_001,0.8317324707142031,0.411155164076983,0.062330234073117365,0.08783015153480556,1.0051230156220352,175.83728718660677,0,1,0,1,0,0,0,0,0,0,0,0,0,1
param_20073,real_002,0.8145151185264333,0.47853980855389794,0.09652270593564133,0.12583702227623098,0.862591353631773,129.16519899243875,0,1,0,0,0,0,0,0,0,0,0,0,1,1
param_20073,real_003,0.8137961384008193,0.36702204586838505,0.028377936559940746,0.05037081419852234,0.3885395973704151,454.8545977953687,1,0,0,0,1,0,0,0,0,0,0,0,1,1
param_20073,real_004,0.82855811164357,0.4298101666303419,0.1182131929215648,0.1396440036493816,0.43030239395212094,129.98119275845391,0,0,0,0,0,0,0,0,0,1,0,0,1,1
param_20073,real_005,0.8170307503779156,0.3518878971130971,0.0501308000313597,0.0900882608828057,0.2551338678277616,788.0742919897779,0,1,0,1,0,1,0,0,0,0,0,0,1,1
param_20074,real_001,0.8224370056606635,0.4311621116538842,0.0757870777551507,0.10424150821340328,0.9775798463200375,385.41519629346635,0,1,0,1,0,0,0,0,0,0,0,0,0,1
param_20074,real_002,0.803740944701484,0.5016571117622471,0.10641960115011065,0.13756439410089466,0.828512909632572,171.13363960405633,0,1,0,0,0,0,0,0,0,0,0,0,1,1
param_20074,real_003,0.8068719801866148,0.3860748836652666,0.032309174857137385,0.05676327711638971,0.33715709736753624,520.8486597481275,1,0,0,0,1,0,0,0,0,0,0,0,1,1
param_20074,real_004,0.820319590624074,0.4467646853568734,0.12761900525746261,0.153523783566124,0.3822056668295066,129.52583003564231,0,0,0,0,0,0,0,0,0,1,0,0,1,1
param_20074,real_005,0.8055944205865796,0.3647009024555875,0.05093574886528506,0.09372050312995092,0.19814645075873308,842.993981232736,0,1,0,1,0,1,0,0,0,0,0,0,1,1
param_20075,real_001,0.8096344036679093,0.5040746003746315,0.07725607919697768,0.10909964377497448,1.112522843964842,165.65287769158672,1,1,1,1,1,0,1,1,0,1,0,0,0,1
param_20075,real_002,0.7936797843915617,0.5531762383552483,0.12680021034576194,0.15521395207556457,0.9805910046486839,37.61708950821149,1,1,1,1,1,1,1,0,0,1,0,1,1,1
param_20075,real_003,0.7659441469833489,0.4243742483290529,0.04190718005351386,0.06974343698717077,0.5599461480070466,93.71410260667179,1,0,1,0,1,1,1,0,0,0,0,1,0,1
param_20075,real_004,0.8124469111572665,0.5056737812001529,0.1301849565148493,0.1660598948194825,0.5955054528351803,102.89822376792948,1,1,1,1,1,1,1,0,0,1,0,1,1,1
param_20075,real_005,0.8030997098899715,0.45886161896833744,0.11691188045960507,0.16104798657433958,0.5959180098107919,548.6868401461229,1,1,1,1,1,1,1,0,0,0,0,1,0,1
param_20076,real_001,0.8061160285779855,0.5838052315544852,0.16650659113818983,0.20863574857968664,0.8270575742411113,219.54867329090393,1,1,1,1,1,1,1,1,0,1,0,1,1,1
param_20076,real_002,0.7907636091040373,0.6543185102210917,0.21586968665431525,0.24429964321379416,0.8142717371713999,294.0142495094117,1,1,1,1,1,1,1,0,0,1,0,1,1,1
param_20076,real_003,0.7709834285800916,0.5264306968398249,0.08682514354871211,0.13893722186741086,0.3968290330359296,191.39834997776126,1,0,1,0,1,1,1,1,0,0,0,1,1,1
param_20076,real_004,0.822856563759155,0.6345196223947912,0.2241701709130404,0.2683621289894929,0.620743764750909,103.61187564397616,1,1,1,1,1,1,1,1,0,1,0,1,1,1
param_20076,real_005,0.787223497259947,0.53921273348794,0.16305752731782963,0.2166615071651633,0.619159599074788,659.9130138828259,1,1,1,1,1,1,1,1,0,0,0,1,1,1
param_20077,real_001,0.8049004341448379,0.6837303593420658,0.17867695751970786,0.251635728835087,0.3938696767081266,139.28760606274534,1,1,1,1,1,1,1,1,1,1,1,1,1,1
param_20077,real_002,0.7948721446033755,0.7206585060536729,0.21658487070910898,0.27981166851470657,0.41863626665041,69.05280109084842,1,1,1,1,1,1,1,1,1,1,1,1,1,1
param_20077,real_003,0.7376842303326926,0.5941382352969593,0.13433783303851146,0.2046044000933589,0.2989870786041508,59.507338612956474,1,1,1,1,1,1,1,1,1,1,1,1,1,1
param_20077,real_004,0.8072723889383355,0.691960776592718,0.2329959547716097,0.30293337769880513,0.2736510417938885,161.42270403257416,1,1,1,1,1,1,1,1,1,1,1,1,1,1
param_20077,real_005,0.8171150132276618,0.7025814906813121,0.25669378251471864,0.3307609324605293,0.24195491309585268,265.3895561600843,1,1,1,1,1,1,1,1,1,1,1,1,1,1
param_20078,real_001,0.8133271059157056,0.4398098266609138,0.12815401585389685,0.1385139688461159,0.7144522144522144,162.7555987300673,0,0,0,1,0,0,0,1,0,0,0,0,1,1
param_20078,real_002,0.8098549074988496,0.4253063370840715,0.08384329355737907,0.11863513665568537,0.5277749609588902,393.57029159449417,0,0,0,0,0,1,1,1,0,1,0,0,1,1
param_20078,real_003,0.780562313522762,0.37942119782943856,0.035078208712200895,0.06335964857092041,0.1831998940056404,370.5581139941153,0,0,1,0,0,0,0,0,0,1,0,0,1,1
param_20078,real_004,0.8078495411442631,0.37604185795790324,0.06107972770052113,0.10057357658308551,0.5245953665503015,288.01048942188646,0,1,0,1,0,1,0,1,0,0,0,0,1,1
param_20078,real_005,0.7828093552073756,0.38008586030791136,0.026213679217983687,0.045097021780152825,0.014019699475159969,889.0804356201195,1,0,0,0,1,0,0,0,0,0,0,0,0,1
param_20079,real_001,0.8160242535514344,0.4649417065304406,0.1304198079038978,0.1427862247297549,0.8403506308547128,138.7628198423484,1,0,0,1,0,0,0,1,0,0,0,0,1,1
param_20079,real_002,0.8150425702342473,0.4552691556294794,0.10884859710864475,0.143255261994546,0.6606020211481995,358.8339804824914,0,1,0,0,0,1,1,1,0,1,0,1,1,1
param_20079,real_003,0.7731131983422534,0.39766546211602927,0.041051962891260604,0.0736316264301819,0.27403226076615134,373.58102380338755,1,0,1,0,0,0,1,1,0,1,0,0,1,1
param_20079,real_004,0.808830825063556,0.4082738105696885,0.08497890105739725,0.11972518581499277,0.7280756202670828,346.9091328781539,0,1,0,1,0,1,0,1,0,0,0,0,1,1
param_20079,real_005,0.7711512331761635,0.3828221571604476,0.02839247151797756,0.04732694416075225,0.16110107555393513,742.9439203779359,1,0,0,0,1,0,0,0,0,0,0,0,0,1
param_20080,real_001,0.8088791311741949,0.48421694780545643,0.1311783180773203,0.14672847116544616,0.8687336261744835,85.32632226521939,1,0,0,1,0,0,0,1,0,0,0,0,1,1
param_20080,real_002,0.8036153839647033,0.4694334200661672,0.11909846234874606,0.15262992805802716,0.6542673849861771,357.4336281346422,0,1,1,0,0,1,1,1,0,1,0,0,1,1
param_20080,real_003,0.7673910921244689,0.40373626228777937,0.04856226645125571,0.08308808188520843,0.25934073204214286,349.0313834118229,1,0,1,0,0,0,1,1,0,1,0,0,1,1
param_20080,real_004,0.8027571712257313,0.42375415313502196,0.09272556467758837,0.1289152876663151,0.7534284914637559,334.83209980726383,0,1,0,1,0,1,0,1,0,0,0,0,1,1
param_20080,real_005,0.7659003519932236,0.39776543280401816,0.03790488865682701,0.060908018638641724,0.20218898686283107,749.5008181797226,1,0,0,0,1,0,0,0,0,0,0,0,0,1
param_20081,real_001,0.8178942564082315,0.5448935434380365,0.14505764916707378,0.17414083133145553,0.8283626730473423,121.14006911713082,1,1,0,1,1,1,1,1,0,1,0,0,1,1
param_20081,real_002,0.815031468038556,0.5442336934398985,0.14786187314190477,0.18474292722764107,0.6997766631274485,215.20962197894536,1,1,1,1,1,1,1,1,0,1,1,1,1,1
param_20081,real_003,0.753765333841508,0.46232944778228796,0.07381171680935522,0.1212165991579516,0.5702983589657529,193.84563531114398,1,0,1,1,1,0,1,1,0,1,0,1,1,1
param_20081,real_004,0.8151748690544293,0.523938118552841,0.13817911600853253,0.1687821740888142,0.8980738055424363,288.23672658348977,1,1,1,1,1,1,1,1,0,1,0,0,1,1
param_20081,real_005,0.7377908867412019,0.44628934736519194,0.045083855994895485,0.0756282382569817,0.2518376022704333,194.9018769567081,1,0,1,0,1,1,1,0,0,0,0,0,0,1
param_20082,real_001,0.7985433167589078,0.6060375590835114,0.18259581153047658,0.22323317423181077,0.9089468211903735,71.1591121131775,1,1,0,1,1,1,1,1,0,1,0,1,1,1
param_20082,real_002,0.8061226869208765,0.6257580348835542,0.20935679700837834,0.2567762508855376,0.6239956810314713,225.4199704599057,1,1,1,1,1,1,1,1,0,1,1,1,1,1
param_20082,real_003,0.7606287517675513,0.5517755058289451,0.13370674852509545,0.19308102353025056,0.5726668715362037,188.96487099179228,1,0,1,1,1,1,1,1,0,1,1,1,1,1
param_20082,real_004,0.815312603845433,0.6063131380603874,0.18625059387719234,0.23297106971730486,0.8461922483434692,235.18067112234394,1,1,1,1,1,1,1,1,0,1,0,0,1,1
param_20082,real_005,0.7478292842033761,0.5330415261539859,0.11292236766860432,0.17043969938555972,0.33951147788811,186.7294108874969,1,0,1,0,1,1,1,1,1,1,1,0,1,1
param_20083,real_001,0.837516138196263,0.7099085647762058,0.23839742604365263,0.30617382451249014,0.5043117571194534,122.85659599066341,1,1,1,1,1,1,1,1,1,1,1,1,1,1
param_20083,real_002,0.8317877134311056,0.7273613232028082,0.2470994289076572,0.3174485957112204,0.3021571801780214,103.14801364697036,1,1,1,1,1,1,1,1,1,1,1,1,1,1
param_20083,real_003,0.7845483511450925,0.6515690369898942,0.19523500426036744,0.2715776053190265,0.32453180113506314,85.25948792670711,1,1,1,1,1,1,1,1,1,1,1,1,1,1
param_20083,real_004,0.8385429961071713,0.7103432166971735,0.2212208022711713,0.29621502034150315,0.38482449828096266,259.3656476030785,1,1,1,1,1,1,1,1,1,1,1,1,1,1
param_20083,real_005,0.7247029341625051,0.5973950037093043,0.12717002892195756,0.20189876223561398,0.17269449591796862,34.295643690178636,1,1,1,1,1,1,1,1,1,1,1,1,1,1
param_20084,real_001,0.7745881311711806,0.41126467109919124,0.04387679428807617,0.07319179047241765,0.2691858125586832,472.12045237730166,0,0,0,0,0,0,1,1,0,1,0,1,1,1
param_20084,real_002,0.8015356243077996,0.40700148152036425,0.1131460767721813,0.14009900112849533,0.5638762592493537,370.3915948878137,0,0,0,0,0,1,0,0,0,0,0,0,1,1
param_20084,real_003,0.8087029350401856,0.3696513059390471,0.08898018961503945,0.11341608090809824,0.2629968899236927,831.8089284414253,0,0,1,0,0,0,0,0,0,0,0,0,1,1
param_20084,real_004,0.7949090413309398,0.3882087120465171,0.06313706590757567,0.09564426133660571,0.30469769065422275,887.9335915823675,0,0,0,1,1,0,1,0,0,0,0,0,1,1
param_20084,real_005,0.857491770703221,0.46667526353798067,0.19017957408957092,0.2263016606154939,0.18684965738047363,99.66734618504933,1,1,0,0,0,0,0,1,0,0,0,0,1,1
param_20085,real_001,0.7704169915418284,0.4351751797638022,0.06112994305957957,0.09426922903938788,0.4709802496062038,455.99744759396526,0,0,0,0,0,1,1,1,0,1,0,1,1,1
param_20085,real_003,0.7989572581723159,0.38678881270415016,0.09106451076319441,0.11972849428704252,0.19979791699051763,800.7701345329109,0,0,1,0,0,0,1,0,0,0,0,0,1,1
param_20085,real_004,0.7842561328986183,0.4014547087371638,0.0731300200867605,0.10734278442054558,0.21498250181744408,828.6374578180965,0,0,0,1,1,0,1,0,1,0,0,0,1,1
param_20085,real_005,0.8526629267415321,0.4826672727982482,0.19006155055756854,0.22669080517125006,0.2513153128288282,96.12762229581031,1,1,0,0,1,0,0,1,0,0,0,0,1,1
param_20086,real_001,0.7639217338397032,0.4523208572097386,0.06120101214150307,0.09936365371319511,0.42726526984995045,464.1894961227773,0,0,0,0,0,1,1,1,0,1,0,1,1,1
param_20086,real_003,0.788348251295471,0.4046763813542606,0.09471104124409345,0.12854950933775877,0.14522891418778308,772.9665645223064,0,0,1,0,0,0,1,0,0,0,0,0,1,1
param_20086,real_004,0.7738799619230993,0.42623641357680064,0.07895141874014451,0.11465719709278006,0.21061697722567288,837.0626356372189,0,0,0,1,1,0,1,0,1,0,0,0,1,1
param_20086,real_005,0.8470656429104559,0.4943784148441173,0.20564925639132361,0.2447729312471563,0.23406156232089276,95.81663036166944,1,1,0,0,1,0,0,1,0,0,0,0,1,1
param_20087,real_001,0.7613332915061762,0.5029086729072553,0.08836395173942076,0.1282400284693031,0.6814435672768283,395.46781926627,1,1,1,0,1,1,1,1,0,1,1,1,1,1
param_20087,real_002,0.7731030189912381,0.530544781611938,0.1480533052746307,0.1787592052846871,0.8771954835766423,80.57981050060084,0,1,1,1,0,1,1,1,0,0,1,1,1,1
param_20087,real_003,0.7769550721223419,0.46257304222055773,0.10380851229137324,0.14371466969779012,0.02415741953270384,689.1118080193107,1,0,1,0,1,1,1,1,0,0,1,1,1,1
param_20087,real_004,0.759595662846611,0.45990052511474844,0.09848295811492813,0.13490075316089561,0.013847319332844847,711.0220528356681,1,1,1,1,1,0,1,0,1,0,1,0,0,1
param_20087,real_005,0.8401857454853292,0.5333232351751138,0.19849174879410486,0.23824509043766404,0.42822899756493504,122.80604849555223,1,1,1,1,1,1,1,1,0,0,0,1,1,1
param_20088,real_001,0.7604149586665077,0.5977994745570588,0.14805966322151218,0.2101750048100283,0.7619545532942394,325.01816324392473,1,1,1,1,1,1,1,1,0,1,1,1,1,1
param_20088,real_002,0.808133043251563,0.6421959510921639,0.21684217151246543,0.2616783421560884,0.8414417892082946,72.52869315186689,0,1,1,1,0,1,1,1,0,0,1,1,1,1
param_20088,real_003,0.7734593154797952,0.5842805770978493,0.19554139382242536,0.2543913390923487,0.2680365981700915,489.8917848380289,1,1,1,0,1,1,1,1,0,0,1,1,1,1
param_20088,real_004,0.7624782343919057,0.5983963083670433,0.1625331889208924,0.21858175725137172,0.13249410070791506,522.4658990362464,1,1,1,1,1,0,1,0,1,0,1,0,1,1
param_20088,real_005,0.8388997946558817,0.6397726144492895,0.26372221265802076,0.3103369155821391,0.44665257522810076,100.75547397740387,1,1,1,1,1,1,1,1,1,1,0,1,1,1
param_20089,real_001,0.7866687297053709,0.6606085170798179,0.18398008431411889,0.2570928789617568,0.32092995095961735,237.66648078493182,1,1,1,1,1,1,1,1,1,1,1,1,1,1
param_20089,real_002,0.8297650533158228,0.7208883737770513,0.23325517326371098,0.30361032117628567,0.4699956406833229,276.5823245596616,1,1,1,1,1,1,1,1,0,1,1,1,1,1
param_20089,real_003,0.7858973549838448,0.648779149592436,0.2067579567219823,0.2807060678609622,0.28237162447688763,284.2240899396502,1,1,1,1,1,1,1,1,0,1,1,1,1,1
param_20089,real_004,0.792214039869044,0.6849597469458887,0.21306078185519478,0.2929091439161626,0.08005484842161743,289.4274287364755,1,1,1,1,1,1,1,1,1,1,1,1,1,1
param_20089,real_005,0.8345188605553983,0.6940483270770145,0.25970382015611204,0.3251750110430256,0.2686603773584906,166.74390721174154,1,1,1,1,1,1,1,1,1,1,1,1,1,1
param_20090,real_001,0.8054596794619777,0.33328785795530036,0.04010956444271545,0.06251555785338289,0.4989142844350921,735.8966732037154,0,0,0,0,0,0,0,0,0,0,0,0,1,1
param_20090,real_002,0.8740936826482,0.4504368891788342,0.14285528524702662,0.16773451766782613,0.5064135564135565,249.85374610653395,0,0,0,1,0,0,0,1,0,0,0,0,0,0
param_20090,real_003,0.8416965108827941,0.40384162157351816,0.07142116987732694,0.09671248698338719,0.9280093718226426,630.7768427998317,0,1,0,0,0,1,0,1,0,0,0,0,0,1
param_20090,real_004,0.8200712118023661,0.3384381335989996,0.07340508570676206,0.08594513847365676,0.24498564145945104,723.3128345423947,0,0,0,0,0,0,0,0,0,0,0,0,1,1
param_20090,real_005,0.8051702751312189,0.33256104863847924,0.08488112108022769,0.0962034193572571,0.7026848240151463,374.49627189730967,0,0,0,1,0,1,0,1,0,1,0,0,1,1
param_20091,real_001,0.8048593509486116,0.3643772641262316,0.052128757414738255,0.0754334669761876,0.6383652324075406,686.3135187225738,0,0,0,0,0,1,0,0,0,0,0,0,1,1
param_20091,real_002,0.8763238690887603,0.4798329261909655,0.13613097542290611,0.16320777924341762,0.6433308915242828,246.58682830485918,0,0,1,1,0,0,0,1,0,0,0,0,0,0
param_20091,real_003,0.8423184457250942,0.4277181046884617,0.0800335904818439,0.10288232526600995,1.0629742498926227,545.648183512168,0,1,1,0,0,1,0,1,0,0,0,1,0,1
param_20091,real_004,0.8165427624793644,0.3530680271885768,0.07438743927798899,0.0905115891229049,0.3936078672403196,650.6736209028287,0,0,0,0,0,0,0,0,0,1,0,0,1,1
param_20091,real_005,0.7990327439360815,0.3485201720550107,0.07981044114696,0.09529933851155006,0.8297088631302937,384.2058378135806,0,0,0,1,0,1,0,1,0,1,0,0,1,1
param_20092,real_001,0.8010596570608977,0.39093519526523435,0.0702618417918087,0.09845328856289248,0.5787751845202473,691.5995705500668,0,0,0,0,0,1,0,0,0,0,0,0,1,1
param_20092,real_002,0.8692334891866602,0.4972207208131205,0.1435137351322201,0.17397477597960836,0.6087772014775402,237.78427267610923,0,0,1,1,0,0,0,1,0,0,0,0,0,0
param_20092,real_003,0.8348445496634431,0.45731134234292115,0.08685464496166817,0.1113157441339487,1.0144996246691163,552.9662909203645,0,1,1,0,0,1,0,1,0,0,0,1,0,1
param_20092,real_004,0.8132389025741277,0.3816881516843057,0.08693750433922412,0.10467710293913637,0.3084309928327577,672.5211282005098,0,0,0,0,0,0,0,0,0,0,0,0,1,1
param_20092,real_005,0.79047673336082,0.36913588028656436,0.08658204954778076,0.10404167091971953,0.7871827591095988,374.88426156393905,0,0,0,1,0,1,0,1,0,1,0,0,1,1
param_20093,real_001,0.7763202549607046,0.45217267954284096,0.07612021511747996,0.11024840655795114,0.9026045915394476,490.2300397070576,1,0,1,0,1,1,1,1,0,1,0,1,1,1
param_20093,real_002,0.8640796118681745,0.5631380948947613,0.14800632328412505,0.18386912331495708,0.7748020979701999,276.0632655933858,1,1,1,1,1,1,1,1,0,0,0,1,0,0
param_20093,real_003,0.8323767992119941,0.513799369566021,0.09234754647281092,0.12024744967557668,1.146833559455556,313.0992716792066,1,1,1,0,1,1,1,1,0,1,0,1,0,1
param_20093,real_004,0.776775556861084,0.4033247915820439,0.08056650969794489,0.11310190549305768,0.6400232792516573,512.6587787501508,1,1,1,0,1,1,1,1,0,1,0,1,1,1
param_20093,real_005,0.7724908309833729,0.4114400778824776,0.08526344446610397,0.11359695431268042,1.0573193257908104,323.27702734264165,1,1,1,1,1,1,1,1,0,1,0,1,1,1
param_20094,real_001,0.788384479299695,0.5528367073621546,0.16080437008671133,0.20921721777853616,0.6065409603829808,471.8101890052322,1,1,1,1,1,1,1,1,0,1,0,1,1,1
param_20094,real_002,0.8578332395870106,0.6379676706094333,0.20938891630061618,0.2613848004153569,0.5771446790098153,239.60638495582793,1,1,1,1,1,1,1,1,0,0,0,1,1,1
param_20094,real_003,0.8153550553278843,0.5980392967465208,0.1478128579545978,0.1959576686989633,0.787600019165349,250.1890969150423,1,1,1,1,1,1,1,1,0,1,0,1,1,1
param_20094,real_004,0.7859800976298119,0.5324354263479399,0.14653650732809836,0.1891518203639458,0.5610796319990251,460.08172058277273,1,1,1,0,1,1,1,1,0,1,0,1,1,1
param_20094,real_005,0.769397021077059,0.5177616551902431,0.14416315331763058,0.1829416856832636,0.9436155469266977,318.3654970329275,1,1,1,1,1,1,1,1,0,1,0,1,1,1
param_20095,real_001,0.7644873775274604,0.6417641374780257,0.18320578956609868,0.2531487379150005,0.3774757842995518,79.02912283003901,1,1,1,1,1,1,1,1,1,1,1,1,1,1
param_20095,real_002,0.8582802235258421,0.7223730286160371,0.22279906992181112,0.2937752288071004,0.39430404412866865,356.43953917231363,1,1,1,1,1,1,1,1,1,1,1,1,1,1
param_20095,real_003,0.8283987885257698,0.6828196012110723,0.17238164073914558,0.2403360932166186,0.4483474638931335,218.78086942925293,1,1,1,1,1,1,1,1,1,1,1,1,1,1
param_20095,real_004,0.758723713206783,0.6011599742815819,0.18021976259571862,0.25023886168852455,0.3633348574912361,198.36288259735343,1,1,1,1,1,1,1,1,1,1,1,1,1,1
param_20095,real_005,0.7635152972097022,0.5985949891252025,0.17535964962976777,0.24764068725619431,0.42290005203732167,27.913253254810062,1,1,1,1,1,1,1,1,1,1,1,1,1,1
param_20096,real_001,0.761933277236458,0.34472094583909096,0.03136357029896738,0.05318995334056906,0.38316671600664953,887.836050996844,0,1,0,0,0,1,0,0,0,0,0,0,1,1
param_20096,real_002,0.8244107275758605,0.5003161412361754,0.17604551181350636,0.17618126314994279,0.6803565552929915,172.7083904593765,0,0,0,0,1,0,0,0,0,0,0,0,1,1
param_20096,real_003,0.7608291202353658,0.36349531907994,0.01803275265192008,0.04001360483640584,0.36726792300493605,451.0990687985051,0,0,0,1,1,0,0,0,0,1,0,0,0,1
param_20096,real_004,0.8161838953612084,0.39889634121293244,0.07060863102060139,0.10212257023718921,0.4793495147589936,447.7207200671978,0,0,0,1,0,0,1,1,0,0,0,1,1,1
param_20096,real_005,0.868434085726768,0.43270854370231343,0.184598755159603,0.21350260747670954,0.46500443765609195,335.37280886854893,0,1,0,0,0,1,0,0,0,1,0,1,1,0
param_20097,real_001,0.7525606271735409,0.364324680344627,0.037950995342622064,0.06402083448287793,0.5015302916675112,840.0327888334548,0,1,0,0,0,1,0,0,0,0,0,0,1,1
param_20097,real_002,0.820383022751043,0.5229177124880738,0.1692264624334572,0.17414785429169816,0.7069342138684277,129.5717398629011,0,0,0,0,1,1,0,0,0,0,0,0,1,1
param_20097,real_003,0.7577098478417998,0.3866973931670781,0.029019290576071048,0.05562221163437513,0.5801175482787574,378.8660386923585,0,0,0,1,1,0,0,0,0,1,0,1,1,1
param_20097,real_004,0.8189439734116702,0.4344959660221137,0.09159036950078894,0.13029598626288608,0.6059961003881724,394.565107215911,0,0,0,1,0,0,1,1,0,0,0,1,1,1
param_20097,real_005,0.8688726893572565,0.46291239010069046,0.21043983579219297,0.23686160972853176,0.535705795219721,284.98493984796073,0,1,0,0,1,1,0,1,0,1,0,1,1,0
param_20098,real_001,0.7461602421748106,0.38419506839497436,0.04058962117527035,0.06838280252315537,0.5093126519459122,861.0448060216002,0,1,0,0,0,1,0,0,0,0,0,0,1,1
param_20098,real_002,0.8195510410427529,0.542221497559538,0.19324357722187416,0.2001728503080104,0.7084977768896438,133.77110591865494,0,0,0,0,1,0,0,0,0,0,0,0,1,1
param_20098,real_003,0.7499251636369337,0.3991934165177397,0.03175585685739745,0.06208585855977677,0.5238079513934751,405.46182931990563,0,0,0,1,1,0,0,0,0,1,0,1,1,1
param_20098,real_004,0.8115752133173061,0.45688107507147424,0.0951249152874508,0.13635939885749243,0.6214064887530649,401.78268400153695,0,0,0,1,0,0,1,1,0,0,0,1,1,1
param_20098,real_005,0.8677304304708864,0.47763647583456115,0.22127511854241116,0.24868532910736849,0.5497622707610911,274.0268249306859,0,1,0,0,1,1,0,1,0,1,0,1,1,1
param_20099,real_001,0.7326520481433403,0.4447574336237381,0.05165580401038964,0.0876685364834475,0.7902444276946269,518.614538487911,1,0,1,0,1,1,0,0,0,1,0,1,1,1
param_20099,real_002,0.8019335488759257,0.5936972553770218,0.18322802283275152,0.20513982049583543,0.6611391803774237,121.93621526888407,1,1,0,0,1,1,0,1,1,1,0,0,1,1
param_20099,real_003,0.7432018974906793,0.45323894455656083,0.05020683590321506,0.088870934651285,0.8951195231674585,166.4983975404546,1,1,1,1,1,0,0,1,0,1,0,1,1,1
param_20099,real_004,0.8169608837915671,0.5241343556952269,0.14961969761720187,0.18552963047179538,0.7325877743542927,366.999917599853,1,1,1,1,1,1,1,1,0,0,0,1,1,1
param_20099,real_005,0.8675723820192823,0.5686208347870455,0.26271286961338963,0.2975628008724574,0.557303061747534,177.14134303846498,1,1,1,1,1,1,1,1,0,1,0,1,1,0
param_20100,real_001,0.7332011917537646,0.5364674552393006,0.10972314775966999,0.15896412880325245,1.0644603335079235,475.44898560511143,1,1,1,1,1,1,1,1,0,1,0,1,1,1
param_20100,real_002,0.8196785349340301,0.6652873135394876,0.2627884482731875,0.3007175757539078,0.6690352899673684,71.69433492281686,1,1,1,1,1,1,0,1,1,1,0,0,1,1
param_20100,real_003,0.7411497510390626,0.5453448092588293,0.11142273571000681,0.16586447779158628,0.877033391602552,256.80487611881165,1,1,1,1,1,1,1,1,1,1,0,1,1,1
param_20100,real_004,0.8130640692261274,0.6122792193135226,0.1916066010309948,0.24062885662153527,0.7804218807508281,331.5581560053223,1,1,1,1,1,1,1,1,0,0,0,1,1,1
param_20100,real_005,0.8837931049204635,0.6829945487006417,0.3305500051093113,0.37190748969326654,0.5022626956172812,147.32079533777724,1,1,1,1,1,1,1,1,1,1,0,1,1,1
param_20101,real_001,0.730666044391128,0.6152329486807206,0.1645657072285548,0.23463793580243875,0.4900440597748637,55.62345954204637,1,1,1,1,1,1,1,1,1,1,1,1,1,1
param_20101,real_002,0.8233292277918985,0.7188515932718864,0.27316183416578615,0.335653837027089,0.3957096242690531,303.85654651342793,1,1,1,1,1,1,1,1,1,1,1,1,1,1
param_20101,real_003,0.7613317082673179,0.6386165048886844,0.16287109710525247,0.23773113438370064,0.3720530142726123,85.19689997372254,1,1,1,1,1,1,1,1,1,1,1,1,1,1
param_20101,real_004,0.8524411534299645,0.7210828008802451,0.24720508805156455,0.32521761712943786,0.3508824355579993,389.10829483199456,1,1,1,1,1,1,1,1,1,1,1,1,1,1
param_20101,real_005,0.909234587720759,0.8172070947480947,0.3971054962976538,0.46851787539522166,0.22809890872839264,88.83708400614961,1,1,1,1,1,1,1,1,1,1,1,1,1,1
param_20102,real_001,0.7869435671583451,0.39915182262261273,0.09649627653319598,0.12872195234712502,0.279956525677022,681.5121152409477,0,1,0,1,1,0,0,0,0,0,0,1,0,0
param_20102,real_002,0.8015912354099295,0.48275468505940894,0.18685788377906504,0.21095500128448155,0.5392865809269595,257.3722153932045,0,0,0,0,0,0,0,0,0,1,0,0,1,1
param_20102,real_003,0.7775877682971191,0.37182838471569013,0.04109915160454174,0.05923514118394975,0.23272984727419843,528.5473552922396,1,0,0,0,1,0,0,0,1,0,0,0,1,1
param_20102,real_004,0.8147163593442502,0.4336375263626174,0.13920563285650428,0.16951098033198672,0.03204699234143803,176.75302668519652,0,1,0,0,1,0,0,0,0,1,0,0,1,0
param_20102,real_005,0.793137492078311,0.34557775431931803,0.04992836481705569,0.07219685013390316,0.026817912082895877,713.3582885845959,0,0,0,1,0,0,0,0,0,0,0,0,1,0
param_20103,real_001,0.7785355080223502,0.42295553113553697,0.10753914900243347,0.1418607688977887,0.49415316174134094,505.5941434555524,0,1,0,1,1,0,1,1,0,1,0,1,0,0
param_20103,real_002,0.7921212733639389,0.5068461389521618,0.19864703790260155,0.21733899443936708,0.6363656063101326,238.97432890383465,0,1,0,0,0,0,0,0,0,1,0,0,1,1
param_20103,real_003,0.7685769669340785,0.3858280764267097,0.0485136737779227,0.06830473988383455,0.15555322464636778,458.70617557674393,1,0,0,0,1,0,0,0,1,0,0,0,1,1
param_20103,real_004,0.8036453674864059,0.45078061210677317,0.14602226125982865,0.17655277860468246,0.11891837045304653,172.35155035417574,0,1,0,0,1,0,0,0,0,1,0,0,1,0
param_20103,real_005,0.7801354750424145,0.3474569911278704,0.06275980796594945,0.08882612500885269,0.10710393749357458,684.3005760043208,0,1,0,1,0,0,0,0,0,0,0,0,1,1
param_20104,real_001,0.777207114672843,0.4408757791148475,0.12206101466604347,0.15777977614716224,0.49024799085112714,514.1388732793156,0,1,0,1,1,0,1,1,0,1,0,1,0,0
param_20104,real_002,0.7878866794356912,0.549390532514938,0.21128294914788237,0.22934183711182637,0.6386835508131388,173.14308025990957,0,1,0,0,0,0,0,0,0,1,0,0,1,1
param_20104,real_003,0.7617075484059975,0.396803922545428,0.05363334163157436,0.07510035552980523,0.13275038577412007,453.5174929571926,1,0,0,0,1,0,0,0,1,0,0,0,1,1
param_20104,real_004,0.8007461310368613,0.4850575141192606,0.15836868350044284,0.1941661513769705,0.15468304159922575,177.69527217477122,0,1,0,0,1,1,0,0,0,1,0,0,1,0
param_20104,real_005,0.7722633479945407,0.37458628915261705,0.06952680942515806,0.09973979373771806,0.1571963529794855,694.355621929687,0,1,0,1,0,0,0,0,0,0,0,0,1,1
param_20105,real_001,0.7660795474668676,0.4871900676527041,0.1256951483583998,0.16996667034751198,0.6723524723738834,121.09032162684174,1,1,1,1,1,1,1,1,1,1,1,1,0,0
param_20105,real_002,0.7802066772041611,0.6018590467686529,0.20041529680509332,0.21650400203396433,1.2024173631442077,73.77074689267508,1,1,0,1,1,1,0,0,0,1,0,1,1,1
param_20105,real_003,0.748989359594588,0.4565985588457184,0.05704065453143388,0.08836003133224234,0.12037958648147311,246.61456746096434,1,0,1,0,1,0,0,0,1,1,0,1,1,1
param_20105,real_004,0.7761343271217014,0.5174867654893489,0.16152957105585852,0.19989023821259516,0.5215435667435772,147.31026545874715,0,1,0,1,1,1,1,0,1,1,0,1,1,1
param_20105,real_005,0.7579808127077929,0.4405048100682257,0.11469560324156287,0.1522996371082084,0.26955028474138437,515.0053622809421,1,1,1,1,1,0,0,0,0,0,0,1,1,1
param_20106,real_001,0.7911995715483215,0.6127069187733558,0.21317296977882275,0.2679525028296559,0.5612753506205227,228.2725522964805,1,1,1,1,1,1,1,1,1,1,1,1,1,1
param_20106,real_002,0.7757722816862569,0.673590373383379,0.25068333400684123,0.27746714435338815,1.167940751546435,127.75588104239785,1,1,0,1,1,1,1,1,0,1,0,1,1,1
param_20106,real_003,0.7483587945080907,0.5446850331152492,0.11471130982558841,0.1684179365182911,0.2545512393489565,208.82394960748414,1,0,1,1,1,0,0,1,1,0,0,1,1,1
param_20106,real_004,0.8070438228846551,0.667641047386475,0.2571794509220612,0.3089228650059607,0.5384929086048303,120.14734020925859,1,1,0,1,1,1,1,1,1,1,1,1,1,1
param_20106,real_005,0.7505477188285115,0.5643755208473817,0.1760621875410666,0.2295878755003232,0.6556641276191941,483.6321739178044,1,1,1,1,1,0,0,1,0,0,0,1,1,1
param_20107,real_001,0.8211895470487108,0.7028811747357306,0.24145932155419864,0.3180663499502861,0.3668507371320716,32.44346487056098,1,1,1,1,1,1,1,1,1,1,1,1,1,1
param_20107,real_002,0.7929158736089817,0.7193771244590568,0.2341943285161868,0.29565721648423077,0.5646862459604389,209.71151367332482,1,1,1,1,1,1,1,1,1,1,1,1,1,1
param_20107,real_003,0.7558490463566837,0.6327842628167679,0.16636567674218042,0.23883009310217873,0.257247734388396,151.4702020444341,1,1,1,1,1,1,1,1,1,1,1,1,1,1
param_20107,real_004,0.7871063861556656,0.6867772048554329,0.23183472071672287,0.30546325987109246,0.4163277706047655,30.445251814407936,1,1,1,1,1,1,1,1,1,1,1,1,1,1
param_20107,real_005,0.7963075484384339,0.69062701097104,0.24579105963386236,0.32285362580774446,0.2737486006716776,249.9115287442325,1,1,1,1,1,1,1,1,1,1,1,1,1,1
param_20108,real_001,0.8228316973700437,0.37360659023934234,0.049127490703463665,0.08717573058842404,0.8072677834873379,349.69771970591574,0,1,0,1,0,0,0,0,0,1,0,0,0,1
param_20108,real_002,0.8127151226532842,0.396486754976712,0.021972036335158027,0.048843964024529354,0.5318359730566176,802.9682416296772,0,0,0,1,0,0,0,0,0,1,0,0,0,1
param_20108,real_003,0.8424818381981393,0.355715950304774,0.04803671287603405,0.065513489137134,0.5788869377279481,274.2180528417601,1,0,0,0,1,0,0,1,0,0,0,0,0,1
param_20108,real_004,0.8862998441187285,0.4936331223470859,0.21151816019668057,0.23488859817239494,0.46298241927575823,104.57663277654815,0,0,0,0,0,0,0,0,0,1,0,0,1,1
param_20108,real_005,0.8217432916265155,0.3276869085173566,0.043003756772451475,0.07767601095418558,0.0016129786338772267,976.231428950588,0,0,0,0,0,0,0,0,0,0,0,0,1,1
param_20109,real_001,0.8201619758851182,0.393612191673878,0.057337398292538276,0.09475097559802904,1.035167316335442,315.0027455153018,0,1,0,1,0,0,0,1,0,1,0,0,0,1
param_20109,real_002,0.8050342263020173,0.39915219761183884,0.02109745798327924,0.048762875605264176,0.6089992739076582,681.1199349982502,0,0,0,1,0,0,0,0,0,1,0,0,0,1
param_20109,real_003,0.840040733243978,0.3742843094577833,0.05119220436029742,0.07040981372962611,0.7729192179384317,186.47997479211506,1,0,0,1,1,0,0,1,0,0,0,0,0,1
param_20109,real_004,0.8818055744981598,0.5138157686171617,0.19632050362776832,0.22111326330509953,0.5599800464137766,73.3281013236734,0,0,0,1,0,0,0,0,0,1,0,0,1,1
param_20109,real_005,0.8144051872703176,0.33993698192525856,0.05171235188496873,0.08795321160128253,0.14470656545020538,962.3991798750797,0,1,0,0,0,0,0,0,0,0,0,0,1,1
param_20110,real_001,0.8143680117592651,0.4195227762078563,0.07102761994612863,0.11164372284841445,0.9961526591914412,210.43530989296383,0,1,0,1,0,0,0,0,0,1,0,0,0,1
param_20110,real_002,0.7973450658035119,0.42100365356162606,0.030679190194460526,0.06416219304873523,0.6190603695083521,746.6559249156375,0,0,0,1,0,0,0,0,0,1,0,0,0,1
param_20110,real_003,0.8324687503814705,0.3845753817350001,0.06062596718868637,0.08308249212729925,0.6851267433574264,244.08767096768375,1,0,0,1,1,0,0,1,0,0,0,0,0,1
param_20110,real_004,0.8728409105309882,0.5355496508018157,0.20837896917395693,0.23155703194983807,0.5237955531339717,96.25953866963016,0,0,0,0,0,0,0,0,0,1,0,0,1,1
param_20110,real_005,0.8059892807857036,0.3557027337913298,0.04713366764369406,0.09083456191795887,0.031053542044639466,992.322091207536,0,1,0,0,0,0,0,0,0,0,0,0,1,1
param_20111,real_001,0.8006379033815219,0.48290251453563776,0.08757011902097184,0.12391776260916154,1.1941381737141517,183.77798268235384,1,1,1,1,1,1,1,1,0,1,0,1,0,1
param_20111,real_002,0.765814145114784,0.46478030712982765,0.04571844592046641,0.08325245969345346,0.8899450332533633,364.9848317758666,1,0,1,1,1,1,1,0,0,1,0,1,0,1
param_20111,real_003,0.8148413457070149,0.4635762800313506,0.06714567989385309,0.09598740787200084,0.9557585102597557,132.8583048047272,1,0,1,1,1,1,0,1,0,1,0,1,0,1
param_20111,real_004,0.8648315059896441,0.5876053898379003,0.1861635548614104,0.21932537216442813,0.6465836824497423,30.11734758669315,1,1,1,1,1,0,1,1,0,1,0,0,1,1
param_20111,real_005,0.7960249745775941,0.45669903602055045,0.10792116850469295,0.15283058309754854,0.5927974162721763,625.5787803934838,1,1,1,1,1,1,1,0,0,1,0,1,1,1
param_20112,real_001,0.7913634725746619,0.5636122153084256,0.1541285605749329,0.19738295549559276,0.9182665665061636,142.63621126060625,1,1,1,1,1,1,1,1,0,1,0,1,1,1
param_20112,real_002,0.7611799700344487,0.5634550869391588,0.11516665008757972,0.16296857433053602,0.8040878122634368,385.7680348604268,1,0,1,1,1,1,1,0,0,1,0,1,1,1
param_20112,real_003,0.7972024784520455,0.5235086525572406,0.125880327535743,0.17219590205366692,0.5743894227826406,66.43617530731176,1,0,1,1,1,1,1,1,0,0,0,1,1,1
param_20112,real_004,0.8618588102195737,0.6965642060224444,0.26398339893581,0.3101332148279887,0.5006708811766224,210.02536292313982,1,1,1,1,1,1,1,1,0,1,0,1,1,1
param_20112,real_005,0.7877996854802123,0.5333680373263996,0.15699043002277574,0.21128927682204016,0.6144720918170574,774.9446105584743,1,1,1,1,1,1,1,1,0,1,0,1,1,1
param_20113,real_001,0.8008839241090251,0.6665850992777552,0.18159200265064468,0.2528980612405813,0.4054560475084409,155.88399820855503,1,1,1,1,1,1,1,1,1,1,1,1,1,1
param_20113,real_002,0.7398212911760079,0.6266157743276751,0.14981506028903838,0.21963162936361866,0.412598640810535,105.70371591575807,1,1,1,1,1,1,1,1,1,1,1,1,1,1
param_20113,real_003,0.8111643994787852,0.6558454731608715,0.16199087998957742,0.23162552703974643,0.4119982084900393,218.5065586254905,1,1,1,1,1,1,1,1,1,1,1,1,1,1
param_20113,real_004,0.8293555135202078,0.7339424929842727,0.24438547559299204,0.31021891225643605,0.33019608324033994,81.76822036435368,1,1,1,1,1,1,1,1,1,1,1,1,1,1
param_20113,real_005,0.7959552112416176,0.6615436951556951,0.22809300325081774,0.29890533879210396,0.27017887833419163,185.84650860839264,1,1,1,1,1,1,1,1,1,1,1,1,1,1
param_20114,real_001,0.8020543964550704,0.380362568399004,0.04196438047930575,0.06974158133827184,0.8205554386703134,170.66477724832876,0,1,1,1,0,0,1,0,0,0,0,1,0,1
param_20114,real_002,0.8084511909001795,0.42429681187591906,0.042074238411412834,0.0706735229830106,0.5393725856433332,547.4009134628088,1,0,1,1,0,0,0,0,0,1,0,0,0,1
param_20114,real_003,0.8210764318511913,0.40468141236263,0.0375872401565748,0.05701199909653958,0.4841816507148292,331.7084826212126,1,0,0,1,1,0,0,1,0,0,0,0,0,1
param_20114,real_004,0.8917318034875273,0.507484691784696,0.24244561108579293,0.26653388987116444,0.28583883994126286,163.6687832462453,0,0,0,0,0,0,0,0,0,0,0,0,1,1
param_20114,real_005,0.8182902086812548,0.40496791238939855,0.06946694435654463,0.0892397555803392,0.2288901711867667,670.7890799638958,0,0,0,0,0,0,0,0,0,0,0,0,1,0
param_20115,real_001,0.7989253674759408,0.40672224532643,0.051490935926915365,0.08121816771566293,0.9394107518653148,22.357239260746926,0,1,1,1,1,0,1,1,0,1,0,1,0,1
param_20115,real_002,0.800275718271694,0.4333516836379268,0.044430913560856405,0.07428669893120574,0.6944422247083267,461.8468534242367,1,0,1,1,0,0,0,0,0,1,0,0,0,1
param_20115,real_003,0.8152379918680375,0.41777233423445476,0.04227525696429226,0.06350479144634887,0.5983919449720619,264.4667288711168,1,0,0,1,1,0,0,1,0,0,0,0,0,1
param_20115,real_004,0.8884413249147716,0.5309493969249534,0.24027243469495108,0.2636885482891919,0.3783999663681843,182.5023450452133,0,0,0,0,0,0,0,0,0,1,0,0,1,1
param_20115,real_005,0.8078939030145825,0.40867970650932817,0.07719842014933297,0.09980982759613784,0.26450997030123036,628.0738348129203,1,0,0,0,0,0,0,0,0,0,0,0,1,1
param_20116,real_001,0.7929063987268157,0.42437584773605197,0.059591299212946064,0.09360418808109275,0.9705162438807299,37.97224727373501,0,1,1,1,1,0,1,1,0,1,0,1,0,1
param_20116,real_002,0.7932801657884656,0.45809470524630647,0.05342424114292401,0.08760000335249339,0.6328157233412101,429.99040232461766,1,0,1,1,0,0,0,0,0,1,0,0,0,1
param_20116,real_003,0.8058907602459164,0.4242930927036862,0.04449708296073283,0.06713417516318622,0.5249916076255764,287.1602737451898,1,0,0,1,1,0,0,1,0,0,0,0,0,1
param_20116,real_004,0.8844448899712465,0.5536950817999656,0.25459191776325374,0.27756585518426696,0.3341904957827607,154.84024739503332,0,0,0,0,0,0,0,0,0,1,0,0,1,1
param_20116,real_005,0.8024344533475117,0.4286942479256372,0.08622723567676235,0.11047678814696318,0.2435135587546033,669.5043944229702,1,0,0,0,0,0,0,0,0,0,0,0,1,1
param_20117,real_001,0.7825877152165306,0.49687862047900394,0.08108580051475783,0.12324615179852123,0.9312040873389085,121.21267794767029,0,1,1,1,1,0,1,1,0,1,1,1,0,1
param_20117,real_002,0.7698720872030157,0.5004213645767597,0.07300246843499864,0.10379449047357159,1.009558401835213,219.31452198562627,1,0,1,1,1,1,1,0,0,1,0,1,0,1
param_20117,real_003,0.8004182294797917,0.4805454308901686,0.05939376413767539,0.09316560145737887,0.8059264041316979,271.704774842467,1,0,1,1,1,1,0,1,1,0,0,1,0,1
param_20117,real_004,0.8751314508227749,0.5997104741841944,0.22806080386015737,0.2602925078477183,0.5787047740145648,213.14859185209247,1,1,0,1,1,1,1,1,0,1,0,1,1,1
param_20117,real_005,0.7653057797350286,0.4705782173263986,0.09880139795066314,0.1269359443519337,0.36950673935871803,372.22801745567267,1,1,0,0,1,0,0,0,0,0,0,1,1,1
param_20118,real_001,0.7751575696407409,0.5814240007292676,0.14520812404787153,0.19743045804386633,0.8212819530351962,51.5642035763627,1,1,1,1,1,1,1,1,0,1,1,1,1,1
param_20118,real_002,0.7581392307281339,0.5918164028106059,0.12371567873223172,0.1671276066973343,0.8347861981885729,222.4589058570987,1,1,1,1,1,1,1,1,0,1,0,1,1,1
param_20118,real_003,0.778657002634317,0.5500817983156117,0.10442232116723804,0.15591302121865225,0.472970707790303,209.7883098944743,1,0,1,1,1,1,0,1,1,0,0,1,1,1
param_20118,real_004,0.877826608334816,0.7084016913426154,0.31159647787848493,0.35961198868162286,0.47485172918431795,171.73013471189503,1,1,0,1,1,1,1,1,0,1,0,1,1,1
param_20118,real_005,0.778022531410223,0.586929358992908,0.18097136395705932,0.22046573122319038,0.51774658411614,477.68203321478074,1,1,0,1,1,0,0,1,0,0,0,1,1,1
param_20119,real_001,0.7931216751925573,0.666981577902036,0.18424819319706134,0.25826983044462204,0.38299632518239207,127.55258480322097,1,1,1,1,1,1,1,1,1,1,1,1,1,1
param_20119,real_002,0.7556080074632368,0.6416466722641003,0.149876313093427,0.21406116348590756,0.4824535731389347,108.49445567413116,1,1,1,1,1,1,1,1,1,1,1,1,1,1
param_20119,real_004,0.8630413470796937,0.7507357807276818,0.2825245811984784,0.34507417134044466,0.26485659945786444,61.421719659943896,1,1,1,1,1,1,1,1,1,1,1,1,1,1
param_20119,real_005,0.7672745332581279,0.6372655990661302,0.19816356830823093,0.26591337109818275,0.3594568051745741,160.4748919996895,1,1,1,1,1,1,1,1,1,1,1,1,1,1
param_20120,real_001,0.7967448964238467,0.3680634415258685,0.03618916530161945,0.05989489368314425,1.3651900026247485,563.6384373711702,0,1,0,1,0,1,0,1,0,0,0,1,1,1
param_20120,real_002,0.8265447499840951,0.5207905414969072,0.10421073089260523,0.14208857390345694,0.5636183261183261,364.80971746010005,1,0,0,1,1,1,1,1,1,1,0,1,0,1
param_20120,real_003,0.7893716354247831,0.37552831106233336,0.02973274805226305,0.04449125440028403,0.6068479126379251,109.52264103298005,1,0,0,0,0,1,0,1,0,1,0,0,0,1
param_20120,real_004,0.7767631433874184,0.33625894687831576,0.03559063718283006,0.06280196710190808,0.6231500072447269,762.8886236443961,1,0,0,0,1,1,0,1,0,0,0,1,0,1
param_20120,real_005,0.8643852624928132,0.4348607963871612,0.11052797205232856,0.14173139673775176,0.23368009354461514,506.5066044306277,0,0,1,0,0,0,1,1,0,0,0,1,1,1
param_20121,real_001,0.7790007492538864,0.3874074208757458,0.05474108597769744,0.07859454148723134,1.6683060529214375,319.9405325167746,0,1,1,1,0,1,0,1,0,0,0,1,1,1
param_20121,real_002,0.827908435403156,0.5443778873769827,0.11309496813485617,0.14903875606306258,0.8092837673639618,322.41667115954846,1,0,1,1,1,1,1,1,1,1,0,1,0,1
param_20121,real_003,0.7793232454951624,0.37734522052219754,0.029970592280868527,0.04671174250420619,0.712812991094814,132.6586724100183,1,0,0,0,0,1,0,1,0,1,0,0,0,1
param_20121,real_004,0.7743797400551581,0.36208203313013987,0.05168936566367183,0.07972516167450755,0.7241055674437812,632.3521611284914,1,0,0,0,1,1,0,1,0,0,0,1,0,1
param_20121,real_005,0.864525571978577,0.45176216950541226,0.11571334471722881,0.15267920499624532,0.3427597572851899,527.331453663749,0,0,1,0,0,0,1,1,0,0,0,1,1,1
param_20122,real_001,0.7698596604308193,0.39369726654811243,0.05601210214773165,0.08276103762960743,1.5689389148855444,329.09104284832205,0,1,1,1,0,1,0,1,0,0,0,1,1,1
param_20122,real_002,0.8235838177131269,0.5710353355815441,0.1302312918663755,0.16517312027602546,0.7996883825104684,345.0965931311209,1,0,1,1,1,1,1,1,1,1,0,1,0,1
param_20122,real_003,0.7725462180589139,0.3947174351950927,0.03703723562626508,0.0544983710703994,0.6822819661511054,126.1603433835295,1,0,0,0,0,1,0,1,0,1,0,0,0,1
param_20122,real_004,0.7576027046806657,0.36989420109638416,0.05330714066940659,0.08517555234853841,0.7169655172413794,643.2103276901071,1,0,0,0,1,1,0,1,0,0,0,1,0,1
param_20122,real_005,0.8576369066071189,0.4717060469698458,0.13136304002965185,0.17232298540735894,0.4065466448445172,501.9420113939643,0,0,1,0,0,0,1,1,0,0,0,1,1,1
param_20123,real_001,0.7805401974654853,0.5042186470920776,0.11635540630363664,0.14478815233646203,1.43844196831122,94.79011297485332,0,1,1,1,0,1,1,1,0,1,0,1,1,1
param_20123,real_002,0.8193324826819048,0.6146593570438802,0.11785933282924445,0.15448079838764672,0.9305848000837589,259.1324662825907,1,1,1,1,1,1,1,1,1,1,0,1,0,1
param_20123,real_003,0.7505978380705982,0.42324329315465237,0.04176361508959687,0.06802735386294179,0.856588977801099,141.9735516007005,1,0,1,0,1,1,0,1,0,1,0,0,0,1
param_20123,real_004,0.7564072661841413,0.4256735705236568,0.0864410106160595,0.12068070757693272,0.7586555573531791,498.88560333640635,1,1,0,1,1,1,1,1,0,0,0,1,1,1
param_20123,real_005,0.8652791013858936,0.5390519307515018,0.17293655999342758,0.22616551253267012,0.5050099126614156,510.8576295992867,1,1,1,1,0,1,1,1,0,1,1,1,1,1
param_20124,real_001,0.7419744816475936,0.5433225233438693,0.13220477351536603,0.17159991497648083,1.396051021699692,128.3352657448024,1,1,1,1,0,1,1,1,0,1,0,1,1,1
param_20124,real_002,0.8242512777259722,0.6927220205561372,0.203713155353277,0.24950985310648122,0.7602669250671809,255.71175645871728,1,1,1,1,1,1,1,1,1,1,0,1,1,1
param_20124,real_003,0.7304413612309857,0.5116266996105021,0.08290798219832637,0.12621644193922557,0.8454292754573153,130.1691321909066,1,1,1,1,1,1,1,1,0,1,0,1,1,1
param_20124,real_004,0.7403921063963652,0.5152045292800254,0.13585385837388314,0.18056346343626078,0.9103440009588877,420.6584389737538,1,1,1,1,1,1,1,1,0,0,0,1,1,1
param_20124,real_005,0.8631957163013145,0.6663167058422088,0.2518760713948185,0.3096497411337857,0.4570328020837932,387.34557664846545,1,1,1,1,0,1,1,1,0,1,1,1,1,1
param_20125,real_001,0.8204830841859418,0.7199773829081287,0.22173323659377633,0.2903922824296702,0.520339222614841,178.4602071883489,1,1,1,1,1,1,1,1,1,1,1,1,1,1
param_20125,real_002,0.8167507816663463,0.7293360946469213,0.19199198897049782,0.26543250842985366,0.3530946789077883,183.4600792901375,1,1,1,1,1,1,1,1,1,1,1,1,0,1
param_20125,real_003,0.7243574231860045,0.5574421787646413,0.11607448561250129,0.18083465709046276,0.5696216755272454,228.564780741432,1,1,1,1,1,1,1,1,1,1,0,1,0,1
param_20125,real_004,0.7688931909788298,0.6090425527553553,0.18749713869350557,0.2615165838048901,0.42163967804536634,169.2135869363834,1,1,1,1,1,1,1,1,1,1,1,1,1,1
param_20125,real_005,0.9063647158365423,0.8062766824672779,0.3424136560277001,0.42133327172451746,0.1929869190911647,264.38762558415203,1,1,1,1,1,1,1,1,1,1,1,1,1,1
param_20126,real_001,0.8212620132665421,0.34608841897153353,0.028496934927620003,0.04730766040896801,0.48775491414629657,494.6838568480231,0,0,0,1,0,1,0,1,0,0,0,1,0,0
param_20126,real_002,0.838022327759959,0.3834645234065159,0.06477055126263659,0.09740070076487899,0.34856892203092443,232.955576082051,0,0,0,0,0,0,0,1,0,0,0,1,1,1
param_20126,real_003,0.8176042617712899,0.3251833532677439,0.028423197407632165,0.05248593064675859,0.5415414945550131,609.0004748413538,0,1,0,0,0,1,0,0,0,0,0,0,0,1
param_20126,real_004,0.8061711856563317,0.31436300786826005,0.02082317542595949,0.0396660709965549,0.8141268100534903,227.53696588284794,0,0,0,1,0,1,0,1,0,0,0,0,0,1
param_20127,real_001,0.8244563303230993,0.37774443774237654,0.0422261831824133,0.0649316850279319,0.6611076620068078,488.6993995652689,0,0,0,1,0,1,0,1,0,0,0,1,0,0
param_20127,real_002,0.835938939080071,0.39834611366944905,0.07223727091249908,0.10535592287364835,0.45250897875535173,178.2767319327533,0,0,0,0,0,1,0,1,0,0,0,1,1,1
param_20127,real_003,0.812918765342047,0.3389354595116377,0.03164777505168077,0.05874542873558896,0.6077693163343887,492.78603981465596,0,1,0,0,0,1,0,0,0,0,0,1,0,1
param_20127,real_004,0.800121961637357,0.32906260904548446,0.023218093144344486,0.043345832068618695,0.9115123495355908,179.15350968902257,0,0,0,1,1,1,0,1,0,0,0,0,0,1
param_20127,real_005,0.8559595958296471,0.45388401738745654,0.16111423429189117,0.19213073678831885,0.5278164998099101,280.7699614984693,0,1,0,0,0,1,0,1,0,0,0,1,0,1
param_20128,real_001,0.8123782518285526,0.3882998709712032,0.04624862194766162,0.07068668374539802,0.6329098233653548,460.2623830879186,0,0,0,1,0,1,0,1,0,0,0,1,0,0
param_20128,real_002,0.8309904550217277,0.4299126156533351,0.08680270831829494,0.1238006491148045,0.4457578608954756,175.0370327520142,0,0,0,0,0,0,0,1,0,0,0,1,1,1
param_20128,real_003,0.8112235663869827,0.36267218555504455,0.040502924415708616,0.06977425905013054,0.5291635641598411,561.1851661400705,0,1,0,0,0,1,0,0,0,0,0,1,0,1
param_20128,real_004,0.7915681968762194,0.3477871169441584,0.027230180163360408,0.049999478193660074,0.8131441223832528,193.0884663117386,0,0,0,1,1,1,0,1,0,0,0,0,0,1
param_20128,real_005,0.8515835256165194,0.4731376577888422,0.1769101470510517,0.21290616781284097,0.4764267479206127,297.0654484558432,0,1,0,0,0,1,0,1,0,0,0,1,0,1
param_20129,real_001,0.8227240019554372,0.48844642398247246,0.07873004336053736,0.10290299379052423,1.542264344262295,494.79365321980794,1,1,1,1,1,1,1,1,0,1,0,1,0,1
param_20129,real_002,0.802433739812351,0.4506191892359903,0.09342344954433662,0.13251848754722131,0.5875764612596285,384.8306614792049,1,0,1,1,1,1,1,1,0,1,0,1,0,1
param_20129,real_003,0.7897411326531718,0.422853124967906,0.05540786903450662,0.08686172299498587,0.8524910163701699,342.8515511859618,1,1,1,0,1,1,1,1,0,1,0,1,0,1
param_20129,real_004,0.7683908766361535,0.4131989522507844,0.03910262077467999,0.06730040604540678,0.9569424923869758,163.03627130508673,1,0,1,1,1,1,1,1,0,1,0,1,0,1
param_20129,real_005,0.8534671723811361,0.5538862346350037,0.2007127731706239,0.2344860722998196,0.6884358859358498,259.329294911312,1,1,1,1,1,1,1,1,0,0,0,1,0,1
param_20130,real_001,0.7914973238253968,0.5359348690713844,0.12261116430205947,0.16296469878207254,1.1507047524011476,360.90181300660424,1,1,1,1,1,1,1,1,0,1,0,1,1,1
param_20130,real_002,0.8246405573198726,0.6076397444382036,0.18933732314060298,0.2418665919151212,0.53944449058529,197.6252657809535,1,1,1,1,1,1,1,1,0,1,0,1,1,1
param_20130,real_003,0.7993937272083251,0.5359634024566006,0.12370958572602499,0.17250747268737576,0.7473702730894421,395.64430403678944,1,1,1,0,1,1,1,1,0,1,0,1,1,1
param_20130,real_004,0.7621542915193044,0.5084733994030045,0.08581933431005284,0.13589021084170094,0.7426194144838213,135.78286944118483,1,0,1,1,1,1,1,1,0,1,0,1,1,1
param_20130,real_005,0.8571283515502077,0.6575716144295045,0.26650621807405395,0.3193551947493999,0.4876742889012828,255.62429370144773,1,1,1,1,1,1,1,1,0,0,0,1,1,1
param_20131,real_001,0.8211762024563599,0.669893095472768,0.1656500853679152,0.23970634345326922,0.45294282306550154,332.2579950284848,1,1,1,1,1,1,1,1,1,1,1,1,1,1
param_20131,real_002,0.787977100596136,0.6596700865853454,0.21040561898156565,0.2833379003263967,0.28166406742937417,252.68810036834032,1,1,1,1,1,1,1,1,1,1,1,1,1,1
param_20131,real_003,0.7746563628773054,0.6141880549010577,0.1572154685492159,0.22830678071503221,0.3877423312123221,83.86403966795106,1,1,1,1,1,1,1,1,1,1,1,1,1,1
param_20131,real_004,0.7512652390596473,0.609925893215331,0.13406162846553052,0.20482086076664024,0.40041176289831915,93.57472507276265,1,1,1,1,1,1,1,1,1,1,1,1,1,1
param_20131,real_005,0.8726010440819272,0.7563687631897242,0.32301114315238316,0.39069673918841685,0.2213120153298003,65.75640955402322,1,1,1,1,1,1,1,1,1,1,1,1,1,1
param_20132,real_002,0.811694183071928,0.39723017831543395,0.057936393628759894,0.08887770759576993,0.47359072844741457,403.29357306197005,0,0,0,0,0,0,0,0,0,1,0,0,1,1
param_20132,real_003,0.8154182897406638,0.391734126938821,0.0423653119834553,0.05954279929885372,0.27141514903144554,465.4646351068394,1,0,0,1,1,0,0,1,0,0,0,0,0,1
param_20132,real_004,0.8794422602461848,0.4842265157182798,0.2318143996983784,0.25355303732151735,0.08892318078796355,337.0714081969604,0,0,0,0,0,0,0,0,0,1,0,0,1,1
param_20132,real_005,0.8224779764303611,0.396949278296635,0.08228360032070892,0.10274010697361874,0.1896551724137931,660.1798662936244,0,0,0,0,0,0,0,0,0,0,0,0,1,0
param_20133,real_001,0.7813650149595648,0.3667663227713258,0.04835623696333444,0.07825028210641444,1.0290731368079435,388.7223775721332,0,1,1,1,1,0,1,1,0,1,0,1,0,1
param_20133,real_002,0.8042854946102355,0.4180499922865193,0.060949256853283715,0.0937215003674722,0.6410649027173803,337.11624449496094,0,0,0,0,0,0,0,0,0,1,0,0,1,1
param_20133,real_003,0.8107234445864739,0.4107212267610659,0.048311085751470105,0.06852547002194702,0.3430443493799751,383.42520164081657,1,0,0,1,1,0,0,1,0,0,0,0,0,1
param_20133,real_004,0.879403475776564,0.5309156794789411,0.25139468446472546,0.27178578005702336,0.24533170070407137,324.9969793477583,0,0,0,0,0,0,0,0,0,1,0,0,1,1
param_20133,real_005,0.8125812961879402,0.3996351366449406,0.09063018510389721,0.11452215509873766,0.26334327326159296,627.6262007308862,0,0,0,0,0,0,0,0,0,0,0,0,1,1
param_20134,real_001,0.7749366012651838,0.382944016195302,0.05163450917524506,0.08616850428276678,1.0021022204703718,404.5268810990223,0,1,1,1,1,0,1,1,0,1,0,1,0,1
param_20134,real_002,0.7973393870831336,0.4368509783994518,0.07130033605714514,0.10411413937882755,0.6498179053107616,327.28557662590003,0,0,0,0,0,0,0,0,0,1,0,0,1,1
param_20134,real_003,0.8021334299878197,0.41554125068114267,0.05206803454200072,0.0741121689720181,0.301631758402338,404.68910424708383,1,0,0,1,1,0,0,1,0,0,0,0,0,1
param_20134,real_004,0.8710806638656022,0.5399598617574061,0.2548892270491551,0.2755053435401823,0.23221126942447592,319.21772319654497,0,0,0,0,0,0,0,0,0,1,0,0,1,1
param_20134,real_005,0.8082650834143139,0.42313751194375543,0.10175142253242037,0.12774448840509364,0.259146406883677,636.8459258236953,0,0,0,0,0,0,0,0,0,0,0,0,1,1
param_20135,real_001,0.7735331537512045,0.4752529090888432,0.09493388339778118,0.1377446447710348,0.9824601309171784,186.28192085335857,0,1,1,1,1,1,1,1,0,1,1,1,0,1
param_20135,real_002,0.7764563522176434,0.5219070386838203,0.08859605515436639,0.12123117766183418,0.8654316572491239,168.3286248538464,1,0,1,1,1,1,1,0,0,1,0,0,1,1
param_20135,real_003,0.7948762209788114,0.4882706187730708,0.06462036139053196,0.09849679555866159,0.5800031590586006,232.4323959534483,1,0,1,1,1,1,0,1,1,0,0,1,1,1
param_20135,real_004,0.8669683167014689,0.6260565163122151,0.26044511745410115,0.28398102693057925,0.5046946626770632,322.8972321577482,1,0,0,1,1,1,0,1,0,1,0,1,1,1
param_20136,real_001,0.7637012675301749,0.545720404899713,0.14211958189857302,0.19622220088520237,0.8219596051162431,131.524718611235,1,1,1,1,1,1,1,1,0,1,1,1,1,1
param_20136,real_002,0.7681679499541356,0.5852861925695965,0.13619799877409464,0.1782014744807256,0.8447638183237564,127.29911945541701,1,0,1,1,1,1,1,0,0,1,0,0,1,1
param_20136,real_003,0.7799578468396647,0.549001034907591,0.11791452033093616,0.1714188698608713,0.3506502988141303,225.9663805957193,1,0,1,1,1,1,0,1,1,0,0,1,1,1
param_20136,real_004,0.8689605349684579,0.7042553091379992,0.31332915181080034,0.3556809763587661,0.48485815319986175,229.36282115649448,1,0,0,1,1,1,1,1,0,1,0,1,1,1
param_20136,real_005,0.8038562973057582,0.6170636649423821,0.21671947518148302,0.25992272501409747,0.502691323811554,366.9728645823897,1,1,0,1,1,0,0,1,0,0,0,1,1,1
param_20137,real_001,0.7905231969971321,0.6581956446491359,0.1988008611832756,0.2745883813601017,0.3774059123053486,74.06760212125901,1,1,1,1,1,1,1,1,1,1,1,1,1,1
param_20137,real_002,0.7654068677789819,0.6634536727113225,0.15971902680413608,0.22561592704152808,0.4283001380526155,88.62560488482484,1,1,1,1,1,1,1,1,1,1,1,1,1,1
param_20137,real_003,0.8143671043103832,0.671303177578497,0.1619689034890237,0.23484771903576376,0.40258138872021115,313.2884323809025,1,1,1,1,1,1,1,1,1,1,1,1,1,1
param_20137,real_004,0.8591774441942485,0.7741547710335327,0.2876462611981154,0.3526954372466136,0.32125211202703396,110.21959627400469,1,1,1,1,1,1,1,1,1,1,1,1,1,1
param_20137,real_005,0.8131229135035318,0.6898436806697248,0.24789859977257528,0.32290273669459063,0.32659666956463584,105.35921595183987,1,1,1,1,1,1,1,1,1,1,1,1,1,1
param_20138,real_001,0.7793267161016653,0.35442109930281035,0.032364016172552364,0.060839913113203546,0.7493364850294435,177.19619389300442,0,0,0,1,1,0,0,1,0,0,0,1,1,1
param_20138,real_002,0.8087499190888172,0.40136752151538296,0.0707775317287928,0.10279133046161638,0.2394013318388607,324.45838440335336,0,0,0,0,0,0,0,0,0,0,0,0,1,1
param_20138,real_003,0.8084235920181694,0.4160988454203771,0.05085902771729869,0.06868041496407051,0.03587590643912546,453.53767236245733,1,0,0,1,1,0,0,0,0,0,0,0,0,1
param_20138,real_004,0.8836545812185541,0.5111286085619204,0.24652807365341917,0.27013212666968656,0.056965679997991514,347.7456789803088,0,0,0,0,0,0,0,0,0,0,0,0,1,1
param_20138,real_005,0.8171089322537654,0.4151120327593177,0.07885581716072719,0.0975708922695029,0.07436962177306383,575.7769410352462,0,0,0,0,0,0,0,0,0,0,0,0,1,0
param_20139,real_001,0.775868417585638,0.3895968413927722,0.05225403951978572,0.0829469859312098,0.9090218766949919,239.86826319299257,0,1,1,1,1,0,1,1,0,1,0,1,1,1
param_20139,real_002,0.7979058846842573,0.4293303571053292,0.07855083992535616,0.11110626629778012,0.5041835520877437,241.2930987664174,1,0,0,0,0,0,0,0,0,1,0,0,1,1
param_20139,real_003,0.8004389084995431,0.430183963183319,0.055049548994635475,0.07523896150910947,0.15628641294536622,400.48958887218134,1,0,0,1,1,0,0,0,0,0,0,0,0,1
param_20139,real_004,0.8779992949108757,0.5429870150292224,0.2711367908644172,0.29470901405911476,0.1270887107729928,315.8365325634711,0,0,0,0,0,0,0,0,0,0,0,0,1,1
param_20139,real_005,0.8013412914772444,0.40947081551441045,0.08578152296901187,0.10887868421494887,0.11719645206467767,519.6153299327992,0,0,0,0,0,0,0,0,0,0,0,0,1,0
param_20140,real_001,0.7699697518823921,0.40216592149138075,0.054584587199926454,0.09140970546092805,0.909937501112872,271.24252563498436,0,1,1,1,1,0,1,1,0,1,0,1,1,1
param_20140,real_002,0.7910252992464518,0.44873154640686386,0.0900457594656174,0.1201795241710864,0.5357884125007413,210.01801881596117,1,0,0,0,0,0,0,0,0,1,0,0,1,1
param_20140,real_003,0.7906640670711576,0.4368031403337582,0.05651164692262174,0.0792089038027861,0.14272316887080366,428.52647090219847,1,0,0,1,1,0,0,1,0,0,0,0,1,1
param_20140,real_004,0.8751547393999818,0.5639317266616655,0.2825255274926105,0.30875051372486967,0.10186360296573375,304.2384214482013,0,0,0,0,0,0,0,0,0,0,0,0,1,1
param_20140,real_005,0.8022754752943172,0.44173389929440526,0.10710771458540763,0.13120323433899758,0.12435700938503853,525.022063795827,0,0,0,0,0,0,0,0,0,0,0,0,1,0
param_20141,real_001,0.7650931207189638,0.4845507966891807,0.10258927586338591,0.1482464672291413,0.8109202870555731,156.7789416329524,0,1,1,1,1,1,1,1,1,1,1,1,1,1
param_20141,real_002,0.7729660300827657,0.5442132903316824,0.10961457515038348,0.14280143261029316,0.918952131735315,99.62032812961263,1,0,0,1,1,1,1,0,0,1,0,0,1,1
param_20141,real_003,0.7814049433512084,0.49555139399987136,0.07087930815045888,0.10526382680763029,0.4781771136112346,286.20910368480463,1,0,1,1,1,1,0,1,1,0,0,1,1,1
param_20141,real_004,0.8652450810751674,0.6146452336086031,0.2917604000714303,0.3122033081565417,0.5106961595016365,334.39127289328695,1,0,0,1,1,1,0,1,0,1,0,1,1,1
param_20142,real_001,0.7670276902950772,0.5671602509549628,0.1564244525849975,0.21376537410111748,0.7149479756876481,129.3426362233959,1,1,1,1,1,1,1,1,1,1,1,1,1,1
param_20142,real_002,0.7633872211617516,0.5926655524119413,0.14737376388071527,0.18968053589767464,0.8680971029837609,89.75434448124362,1,0,0,1,1,1,1,0,0,1,0,0,1,1
param_20142,real_003,0.7672176304371002,0.5654519617696322,0.12262486114955042,0.1751834589972802,0.34399342009773093,270.52930827342044,1,0,1,1,1,1,0,1,1,0,0,1,1,1
param_20142,real_004,0.8664202716847614,0.7131537518375463,0.3439121099932275,0.38317772284176,0.5430545957152729,192.33753338277378,1,1,0,1,1,1,1,1,0,1,0,1,1,1
param_20142,real_005,0.8016601597617685,0.6360221930221802,0.22745878227489194,0.2754659928245526,0.4557528977463407,293.6060003319134,1,1,0,0,1,0,0,1,0,0,0,1,1,1
param_20143,real_001,0.7935750703741298,0.6632227214385266,0.20771299570028778,0.28435378004599476,0.3974234810415715,78.02164268584725,1,1,1,1,1,1,1,1,1,1,1,1,1,1
param_20143,real_002,0.7684598158743586,0.669651994468222,0.17091191324998253,0.2348077047030506,0.49896641004333525,93.79833422045193,1,1,1,1,1,1,1,1,1,1,1,1,1,1
param_20143,real_003,0.8101836918921915,0.6741564775056613,0.1632246487805336,0.23724962125009688,0.4325507565477867,326.48152568297405,1,1,1,1,1,1,1,1,1,1,1,1,1,1
param_20143,real_004,0.8595820197253979,0.7676672716733003,0.3086115062410211,0.3760762815471764,0.3209258093464954,123.07353084369063,1,1,1,1,1,1,1,1,1,1,1,1,1,1
param_20143,real_005,0.8126411523841567,0.7003208877070558,0.25266586727145113,0.3289287131382887,0.3715973655199706,138.7623022425131,1,1,1,1,1,1,1,1,1,1,1,1,1,1
param_20144,real_001,0.7835532175855832,0.3223534446055534,0.009135147947083276,0.027360206292197868,0.6194809649022522,388.1408339107047,0,1,0,0,0,1,0,1,0,0,0,1,1,1
param_20144,real_002,0.8084359721008358,0.32187432902413626,0.03799218445494659,0.06733587530307103,0.19848435988390842,922.1806111462093,0,0,0,0,0,1,0,0,0,0,0,0,1,1
param_20144,real_003,0.792355356082863,0.3905787182989346,0.034305410372998335,0.05028078887944916,0.8133476010569762,262.5092319818971,1,0,0,1,0,1,0,0,0,1,0,1,0,0
param_20144,real_004,0.7928322347512854,0.3039208455265514,0.016561556397268494,0.04461056544689234,0.673722144926214,470.28835666382827,0,1,0,1,0,1,0,1,0,1,0,1,0,0
param_20144,real_005,0.8210528041186262,0.3211579118936013,0.02163315209944283,0.05639218315426444,0.30744329344525806,469.63049012922033,0,1,0,1,0,0,1,1,0,1,0,1,0,0
param_20145,real_001,0.7779295941219101,0.33542859640156153,0.017954911064853182,0.03828969612383244,0.8364475054737155,277.77870496670096,0,1,0,0,0,1,0,1,0,0,0,1,1,1
param_20145,real_002,0.8022355807760359,0.3383942949811422,0.04300762933060132,0.07739746223162641,0.3554263975483462,928.4252614006853,0,0,0,0,0,1,0,0,0,0,0,0,1,1
param_20145,real_003,0.7888560810739738,0.40588774995096094,0.03881661438762315,0.05655311380965112,1.105015705745263,221.70510770149752,1,0,0,1,1,1,0,0,0,1,0,1,0,1
param_20145,real_004,0.7939318910296197,0.3394580960199851,0.03201598753762226,0.06528281432266526,0.8938009960792624,309.13619437732757,0,1,0,1,0,1,0,1,0,1,0,1,0,0
param_20145,real_005,0.818574681793213,0.335975644069424,0.028250739443673668,0.06563040178781357,0.5271175858480749,433.0208440963871,0,1,1,1,0,1,1,1,0,1,0,1,0,0
param_20146,real_001,0.7645609688185918,0.34593190151070785,0.016621683683645597,0.03884386798359384,0.7759250041480007,315.7894540845449,0,1,0,0,0,1,0,1,0,0,0,1,1,1
param_20146,real_002,0.7955168358666195,0.35584499873317454,0.04900428367112616,0.08633254679350498,0.3387297375730691,950.3377390866515,0,0,0,0,0,1,0,0,0,0,0,0,1,1
param_20146,real_003,0.7790650804478241,0.42459922953468526,0.040543820083019586,0.06145007225747954,1.011056967846729,208.47072510165773,1,0,0,1,1,1,0,1,0,1,0,1,0,1
param_20146,real_004,0.7849969770859923,0.3495374700278117,0.03200091568349053,0.07304937082171885,0.6554923976138349,401.334134209779,0,1,0,1,0,1,0,1,0,1,0,1,0,0
param_20146,real_005,0.8048567671453631,0.3466618526609336,0.026079797888659245,0.06717458803656462,0.47283504118947156,417.3694497736446,0,1,1,1,0,1,1,1,0,1,0,1,0,0
param_20147,real_001,0.7588563318271274,0.40874890322278307,0.051269344128809034,0.08336344692374925,0.9883308270676692,158.53635597675492,1,1,1,0,1,1,1,1,0,1,0,1,1,1
param_20147,real_002,0.7831685188035225,0.44334890031685636,0.0872983640431319,0.13063957764094686,0.7174234273007675,764.0644388931305,1,1,1,1,1,1,1,1,0,1,0,1,1,1
param_20147,real_003,0.7762608289456624,0.4991163574529283,0.06384511802812778,0.09297652708832801,1.4994474027931277,120.03515198542352,1,1,1,1,1,1,1,1,0,1,0,1,0,1
param_20147,real_004,0.796708510577131,0.47739043824915994,0.07823285814344133,0.10596733909836308,1.588330051906211,209.14414701750258,1,1,1,1,1,1,1,1,0,1,0,1,0,1
param_20147,real_005,0.8058966616967409,0.4257441378985439,0.07087599853755588,0.11865901131368858,0.8104020495502052,674.0529953302938,1,1,1,1,1,1,1,1,0,1,0,1,0,1
param_20148,real_001,0.7376826781462653,0.4792620466135753,0.08545031120642729,0.13637385763937807,0.9724945931243117,146.0900939845641,1,1,1,0,1,1,1,1,0,1,0,1,1,1
param_20148,real_002,0.7874571698285239,0.5497118293884141,0.15563437284982254,0.20383016677640187,0.7253779670091528,626.8835341288864,1,1,1,1,1,1,1,1,0,1,0,1,1,1
param_20148,real_003,0.7505293851671295,0.5550763189829506,0.10494321845691086,0.15207619291575208,1.0741807963421603,71.40274059970515,1,1,1,1,1,1,1,1,0,1,0,1,1,1
param_20148,real_004,0.7708732341856915,0.5324207751033934,0.12447431425742213,0.17100203561499708,1.0214835732145744,166.183769664639,1,1,1,1,1,1,1,1,0,1,0,1,1,1
param_20148,real_005,0.7913247258383442,0.5263784604357901,0.11936725496911532,0.18274874206791522,0.7629004298164375,455.14765828773125,1,1,1,1,1,1,1,1,0,1,0,1,1,1
param_20149,real_001,0.7578720521944118,0.5942913814782205,0.16195136390518605,0.23543319371204782,0.4122738346495651,124.03373581319644,1,1,1,1,1,1,1,1,1,1,1,1,1,1
param_20149,real_002,0.776021860009364,0.6570873579780713,0.20430762056294505,0.2731841793770437,0.3699277308462327,284.66875881312126,1,1,1,1,1,1,1,1,1,1,1,1,1,1
param_20149,real_003,0.7786814297950929,0.662704903882862,0.1560528429614684,0.22915729758418052,0.45842822154427876,189.5410369662169,1,1,1,1,1,1,1,1,1,1,1,1,1,1
param_20149,real_004,0.8037273695412623,0.6677072779244966,0.17829851933246263,0.2524303511418685,0.4563147200665867,226.08790045554065,1,1,1,1,1,1,1,1,1,1,1,1,1,1
param_20149,real_005,0.7906351563948146,0.647998884810687,0.19024654177386474,0.26469909405364617,0.3178896865321613,211.74317230717043,1,1,1,1,1,1,1,1,1,1,1,1,1,1
param_20150,real_001,0.788370411208563,0.38266175180766665,0.022891477742770006,0.04606810196300616,0.21957504162372155,276.3550608436822,0,1,0,0,0,1,1,0,0,0,0,1,1,0
param_20150,real_002,0.8218631106688785,0.4258808933937685,0.0954967429926939,0.12065234001125784,0.4701014180972033,92.42663964158481,0,0,0,1,1,0,1,1,0,0,0,1,0,1
param_20150,real_003,0.8485475127394797,0.4358072924849332,0.10470275677787627,0.1336463992494507,0.30763808354367056,124.34313271205102,0,0,0,0,0,0,0,0,0,0,0,0,0,1
param_20150,real_004,0.8215429831415482,0.4072652396075327,0.08025775386656826,0.10304818926267362,0.763020697565299,503.2759573524487,0,0,0,0,0,0,0,1,0,1,0,1,1,1
param_20150,real_005,0.7973438964829005,0.33554016150812854,0.02233316882664303,0.05157887871321502,0.031034936220575987,1092.5839340440652,1,1,0,0,1,0,0,1,0,0,0,0,0,1
param_20151,real_001,0.7811207739633746,0.40258995343992987,0.035120891906241854,0.06311198494914085,0.4219990903684008,150.5904453700793,0,1,0,0,0,1,1,0,0,1,1,1,1,1
param_20151,real_002,0.8221926072528325,0.4516251597215323,0.09902536782227696,0.1284360005810917,0.5166473738939356,123.4130429991728,0,0,1,1,1,0,1,1,0,0,0,1,0,1
param_20151,real_003,0.8440390042688911,0.45913501131861456,0.1054278968125532,0.13473741952736468,0.48612681224093135,46.23282453774418,0,0,0,1,0,0,0,1,0,0,0,0,1,1
param_20151,real_004,0.8185942507897848,0.430084958653001,0.09408114021722085,0.12223155638818126,0.8947872364114098,436.3336524453626,0,0,0,1,0,1,1,1,0,1,0,1,1,1
param_20151,real_005,0.7836042199116566,0.3395760570335866,0.03087974112569456,0.05822348130534504,0.22513616277874832,1099.391605959688,1,1,0,0,1,0,0,1,0,0,0,1,0,1
param_20152,real_001,0.7697878354065455,0.4104916553555833,0.03507873487088719,0.06586586239565967,0.4419476944253269,243.57385503095196,0,1,0,0,0,1,1,1,0,1,0,1,1,1
param_20152,real_002,0.8174357993963569,0.47026553715103864,0.11448326035776919,0.1500369359494025,0.5455431541931045,130.95297764410992,0,0,1,1,1,0,1,1,0,0,0,1,0,1
param_20152,real_003,0.8388714215076648,0.4744191329431369,0.10962105101486108,0.1419823185136261,0.4440256976040304,82.78656262223117,0,0,0,1,0,0,0,1,0,0,0,0,1,1
param_20152,real_004,0.8104918213874843,0.4364682233059744,0.10086531866289235,0.13227761081321548,0.8186165895180221,430.25851516791136,0,0,0,1,0,1,1,1,0,1,0,1,1,1
param_20152,real_005,0.7714734636579353,0.3562605849649735,0.03393049636173733,0.06334238774511398,0.2933512053773827,1097.9825753486607,1,1,0,0,1,0,0,1,0,0,0,1,0,1
param_20153,real_001,0.7672948991697962,0.49111889704525025,0.0785306117415441,0.1179481841756693,0.8124901320184121,159.22603098476543,1,1,1,1,1,1,1,1,1,1,1,1,1,1
param_20153,real_002,0.8155798236431925,0.543413109292437,0.124276914637553,0.16913859572945772,0.6183213008046081,181.83766048056796,1,1,1,1,1,0,1,1,0,1,1,1,0,1
param_20153,real_003,0.823091345586163,0.5346028503131249,0.10610035668957753,0.1473785352259842,0.7939394734081612,265.5616960146972,1,1,1,1,1,1,1,1,0,1,1,1,1,1
param_20153,real_004,0.8155868218634054,0.5246238719727492,0.14972355882308078,0.18157634587496635,0.8732785867479399,306.31089640582485,0,1,0,1,0,1,1,1,0,1,1,1,1,1
param_20153,real_005,0.748486784172921,0.3860353262407628,0.052226512168928776,0.08888718290288841,0.4482350082021994,943.20970820092,1,1,1,0,1,0,1,1,0,0,0,1,0,1
param_20154,real_001,0.7515985415677673,0.5526838609119021,0.11597610507489016,0.1710446425894825,0.9253535126815661,108.84156344506732,1,1,1,1,1,1,1,1,1,1,1,1,1,1
param_20154,real_002,0.8138709683784593,0.6502199182924836,0.20613833098589007,0.25593971084707634,0.5919799877079672,203.48643275943635,1,1,1,1,1,1,1,1,0,1,1,1,1,1
param_20154,real_003,0.8336345572202117,0.6337701866153505,0.18204322618550023,0.24331173558582403,0.6917594603335951,71.32678275126322,1,1,1,1,1,1,1,1,0,1,1,1,1,1
param_20154,real_004,0.810024718759113,0.5985524070829734,0.21041597819302812,0.2534986101874003,0.7816159176149006,174.6579058782976,0,1,1,1,0,1,1,1,0,1,1,1,1,1
param_20154,real_005,0.7287730591542443,0.49882118826446414,0.09588226016976405,0.1469291802152032,0.5384580545081921,833.6835584857342,1,1,1,1,1,0,1,1,1,1,0,1,1,1
param_20155,real_002,0.833019067780541,0.7420525377202262,0.23251390538238007,0.2976045248636402,0.3241731087207209,217.81713341226674,1,1,1,1,1,1,1,1,1,1,1,1,1,1
param_20155,real_003,0.8272981384934026,0.688811171592957,0.20507900501919088,0.2767824982959539,0.39437185440337885,394.08990200166414,1,1,1,1,1,1,1,1,1,1,1,1,1,1
param_20155,real_004,0.8429787542370595,0.7120872851453426,0.24680223578455882,0.31898091001172196,0.40147986274848085,248.5206528879429,1,1,1,1,1,1,1,1,1,1,1,1,1,1
param_20155,real_005,0.7588892568842508,0.6062884585321777,0.16711138111865437,0.2415383753380521,0.36592529573813,538.7965983598746,1,1,1,1,1,1,1,1,1,1,1,1,0,1
param_20156,real_001,0.7934529557754508,0.3769833243965912,0.023449346175595808,0.0531199132373865,0.14601050138988983,207.7594456494737,1,1,0,0,1,1,0,1,0,0,0,1,1,1
param_20156,real_002,0.8117718950143781,0.4653202787973806,0.07895519472171576,0.11072493525772258,0.3485234732781375,279.29021445788743,0,0,0,1,0,0,0,0,0,1,0,1,1,1
param_20156,real_003,0.83443572606666,0.3738223055551255,0.06494505812147965,0.1027520928486548,0.24945427005835968,429.28910126774696,0,0,0,1,0,0,0,1,0,0,0,0,1,1
param_20156,real_005,0.8248691434419895,0.5011023362551884,0.16550881596218978,0.19494389178454688,0.34194388296961187,510.6929371990608,1,0,0,0,1,0,0,0,0,0,0,0,1,1
param_20157,real_001,0.7759650014921547,0.3887603159611257,0.029641872323661486,0.0613564315513616,0.3116669409247984,300.5933824466448,1,1,0,0,1,1,0,1,0,0,0,1,1,1
param_20157,real_002,0.8021679171972645,0.46754751328226674,0.09668043238330264,0.13415151699347783,0.401154345257694,231.88790565211477,0,0,0,1,0,0,0,0,0,1,0,1,1,1
param_20157,real_003,0.831913211069733,0.40195782146863157,0.10040249647700239,0.1449311016823931,0.4459010054137664,366.8151310016622,0,0,1,1,0,1,0,1,0,0,0,0,1,1
param_20157,real_004,0.8035826636149221,0.374383398595389,0.0900517476279955,0.10233642416568925,1.2003185861986054,625.6915243588213,0,0,0,0,0,0,0,1,0,0,0,1,1,1
param_20157,real_005,0.819298860100927,0.5136804041348901,0.17706940074506455,0.20765831013259942,0.2617913633539878,487.02185765550615,1,0,0,0,1,0,0,0,1,0,0,0,1,1
param_20158,real_001,0.7575954226525038,0.41596118317873026,0.03161001232656005,0.06501699394416942,0.307029486582351,185.23490496229854,1,1,0,0,1,1,0,1,0,0,0,1,1,1
param_20158,real_002,0.7886488531198138,0.47496202963077444,0.0966452626035558,0.14126459417125292,0.4156220784919772,301.0321178216327,0,0,0,1,0,0,0,0,0,1,0,1,1,1
param_20158,real_003,0.8234876819561571,0.4192628935949721,0.10389833947213171,0.15193168875199775,0.47195228840364317,351.6624335544196,0,1,1,1,0,1,0,1,0,0,0,0,1,1
param_20158,real_004,0.8027630335873849,0.4000386702364277,0.10311279379982331,0.11915262095260504,1.2643284604162324,628.4198633558672,0,0,0,0,0,0,0,1,0,0,0,1,1,1
param_20158,real_005,0.8141709290444611,0.5290357405418894,0.19613299604039103,0.22713205086059862,0.19398341862527027,460.8257780650164,1,0,0,0,1,0,0,0,1,0,0,0,1,1
param_20159,real_001,0.7742383363653684,0.4817014833300245,0.07487472310277145,0.12727157198850259,0.5234710214537304,323.73487907330525,1,1,1,0,1,1,1,1,0,1,0,1,1,1
param_20159,real_002,0.7888600211279463,0.5405453096618215,0.1632580594154387,0.20711437468869776,0.48369943345591887,141.98747744119333,0,0,0,1,0,0,1,1,1,1,1,1,1,1
param_20159,real_003,0.8354528982370786,0.5122064744341587,0.17655912836754203,0.2152143419326759,0.754063510926256,243.83774970466473,1,1,1,1,1,1,1,1,0,1,0,1,1,1
param_20159,real_004,0.7789821935808489,0.47277785860092775,0.0962578986754555,0.13121333153066572,1.136335265269728,278.18406922194197,0,0,1,1,0,0,1,1,0,1,0,1,1,1
param_20159,real_005,0.8104549336861715,0.588011602261364,0.22014767697592588,0.25743290401208124,0.00878281507897305,458.4228306032578,1,0,0,0,1,0,0,0,1,0,0,1,1,1
param_20160,real_001,0.7302543800366668,0.5706782673508467,0.10966149857833322,0.17479189030972964,0.6714030021192722,155.61850606529535,1,1,1,1,1,1,1,1,1,1,0,1,1,1
param_20160,real_002,0.7831388956547604,0.6157966954635427,0.22057057632667515,0.27605714391784925,0.592325117186624,235.01320603946877,0,0,1,1,1,1,1,1,1,1,1,1,1,1
param_20160,real_003,0.8179507767806926,0.6085635238230782,0.2052695320030615,0.25245513690703486,0.7651781760551891,170.96732793804568,1,1,1,1,1,1,1,1,0,1,0,1,1,1
param_20160,real_004,0.7968965528575732,0.5790142990276147,0.1765698322586962,0.21264644134524716,1.106288353065146,269.9441795986097,0,1,1,1,0,1,1,1,0,1,0,1,1,1
param_20160,real_005,0.8247833160543757,0.6901292080093804,0.27427127348053354,0.32500051028382826,0.09520547945205479,302.89464412073596,1,0,0,0,1,0,0,1,1,0,1,1,1,1
param_20161,real_001,0.8594101095421363,0.7668852806047123,0.3079089120803665,0.40384816518643957,0.16122646178501568,217.8740704419339,1,1,1,1,1,1,1,1,1,1,1,1,1,1
param_20161,real_002,0.8430453520489788,0.7459990230264306,0.2871210470472002,0.35659232450213624,0.44599915482187535,172.92278731401512,1,1,1,1,1,1,1,1,1,1,1,1,1,1
param_20161,real_003,0.8584070785376063,0.7145020996647734,0.2725784003770909,0.3472365358418121,0.35410234640321087,62.10641025484147,1,1,1,1,1,1,1,1,1,1,1,1,1,1
param_20161,real_004,0.7998853121707056,0.6521259844104467,0.21270652415375466,0.2768808548141365,0.49344334339868723,45.42477334833015,1,1,1,1,1,1,1,1,1,1,1,1,1,1
param_20161,real_005,0.874175767695061,0.8083885438298053,0.3291940985763183,0.4143099324058601,0.1382838097744031,264.83960489745004,1,1,1,1,1,1,1,1,1,1,1,1,1,1
