param_folder,realization,global_ssim,plume_ssim,iou_0.001,iou_0.0001,area_rel_err_1e-3_d365,centroid_err_m_d365,exceed_w500_+400_true,exceed_w500_+400_pred,exceed_w500_-400_true,exceed_w500_-400_pred,exceed_w1000_+400_true,exceed_w1000_+400_pred,exceed_w1000_-400_true,exceed_w1000_-400_pred,exceed_w1500_+600_true,exceed_w1500_+600_pred,exceed_w1500_-600_true,exceed_w1500_-600_pred,exceed_w1900_+0_true,exceed_w1900_+0_pred
param_20000,real_001,0.978522014933636,0.8850339919989771,0.8625248608179588,0.8766054171995651,0.01842001143007869,10.922988609247708,0,0,0,0,0,0,0,0,0,0,0,0,0,1
param_20000,real_002,0.9784104776578552,0.889219645269267,0.8636468300956288,0.879349496039719,0.0077987868553780525,22.428928429608852,0,0,0,0,0,0,0,0,0,0,0,0,0,1
param_20000,real_003,0.977705676034004,0.8942774460333827,0.8491088514808961,0.8613995829826134,0.003032276903034523,49.84506653272418,0,0,0,0,0,0,0,0,0,0,0,0,0,1
param_20000,real_004,0.9777064868749088,0.8901033056426535,0.8545285319253172,0.8688531915853176,0.007909002043899405,30.689134983425312,0,0,0,0,0,0,0,0,0,0,0,0,1,1
param_20000,real_005,0.9784291101798924,0.8993088427379843,0.8450367757911883,0.8625788801175142,0.015433459740717876,34.58261688106021,0,0,0,0,0,0,0,0,0,0,0,0,0,1
param_20001,real_001,0.9823503179670235,0.9154931316630244,0.8776195818176603,0.8876555307498297,0.02247052793439262,10.437686104776143,0,0,0,0,0,0,0,0,0,0,0,0,0,1
param_20001,real_002,0.9818079555647324,0.9172837890748837,0.8805112808604221,0.8891631517627404,0.030733300264550265,21.694819378260565,0,0,0,0,0,0,0,0,0,0,0,0,0,1
param_20001,real_003,0.9812222432235993,0.9193904629349031,0.8633088922837411,0.8689543631613746,0.04907652825108334,49.09639510383421,0,0,0,0,0,0,0,0,0,0,0,0,0,1
param_20001,real_004,0.9816721452433375,0.9185490518182536,0.8709423042521712,0.8799662695708189,0.03271831190076826,29.815821932195846,0,0,0,0,0,0,0,0,0,0,0,0,0,1
param_20001,real_005,0.9817220098182259,0.9231637894293176,0.8651823796193547,0.8776634909053332,0.022114281029676996,33.82991657621771,0,0,0,0,0,0,0,0,0,0,0,0,0,1
param_20002,real_001,0.9836734979859284,0.9154214743227395,0.8820567727015868,0.8920928024901131,0.018700104989996236,9.59990540431919,0,0,0,0,0,0,0,0,0,0,0,0,0,1
param_20002,real_002,0.9826997803765437,0.9159291696376144,0.8839143159126156,0.8903141084814026,0.027554649722255523,20.727043090641935,0,0,0,0,0,0,0,0,0,0,0,0,1,1
param_20002,real_003,0.9820619850618465,0.9207350507914821,0.8634764397669187,0.8701042547814996,0.04382332643202209,48.36077002977476,0,0,0,0,0,0,0,0,0,0,0,0,0,1
param_20002,real_004,0.9827225566357152,0.9196834472835127,0.8729354199164006,0.8808546244809209,0.03184317187688109,29.08805744706571,0,0,0,0,0,0,0,0,0,0,0,0,1,1
param_20002,real_005,0.9827642885630109,0.9232139918416215,0.8678348274533465,0.8795256046542289,0.01811522470797862,32.909893065363,0,0,0,0,0,0,0,0,0,0,0,0,0,1
param_20003,real_001,0.9919983657586158,0.9733652046698722,0.9070143734044029,0.9072643961426826,0.05240760172554506,6.164408623428437,1,1,1,1,1,1,1,1,0,0,0,0,0,1
param_20003,real_002,0.9917966338096353,0.9737479113694043,0.9060048982370613,0.9052374069213185,0.0638341755182015,16.38253219581191,1,1,1,1,1,1,1,1,0,0,0,0,0,1
param_20003,real_003,0.9902522197439186,0.9709533583026357,0.8900088532379518,0.888944056427846,0.08387367915465899,44.594362738465286,1,1,1,1,1,1,1,1,0,0,0,0,0,1
param_20003,real_004,0.992031731695249,0.9739425447652806,0.9063764833689107,0.9077791717032688,0.065482338359843,24.45697886330339,1,1,1,1,1,1,1,1,0,0,0,0,0,1
param_20003,real_005,0.9913293832191752,0.9740568120807486,0.9009120110337893,0.9017854817799913,0.05043275874609063,28.164380571351046,1,1,1,1,1,1,1,1,0,0,0,0,0,1
param_20004,real_001,0.9905015127042384,0.963653578151251,0.9177555466517133,0.9197293452658184,0.03894805319969159,8.895959350352587,1,1,1,1,1,1,1,1,0,0,0,0,1,1
param_20004,real_002,0.9891253081063225,0.9610076822194327,0.9134397054068302,0.9117109422731952,0.060383622279601624,18.723729905872453,1,1,1,1,1,1,1,1,0,0,0,0,1,1
param_20004,real_003,0.9888529566564536,0.9611570698221206,0.9099441227914616,0.9083527042551819,0.05819774718397998,46.25148644369753,1,1,1,1,1,1,1,1,0,0,0,0,1,1
param_20004,real_004,0.9893453060397489,0.9632713317280838,0.9151485977618702,0.9139773784697762,0.05887336394666405,27.668474733006953,1,1,1,1,1,1,1,1,0,0,0,0,1,1
param_20004,real_005,0.9903307819020009,0.9659215421488113,0.9144705452046591,0.916110907131218,0.0402764710139683,30.131570563235496,1,1,1,1,1,1,1,1,0,0,0,0,1,1
param_20005,real_001,0.9973801517620535,0.995377418879362,0.9318966002614246,0.9396698354185682,0.011871741492222067,9.87570310485619,1,1,1,1,1,1,1,1,1,1,1,1,1,1
param_20005,real_002,0.9973188542011759,0.9952901916841844,0.9347155506822193,0.9400774726394776,0.0019127374829110394,19.09008333648616,1,1,1,1,1,1,1,1,1,1,1,1,1,1
param_20005,real_003,0.996595748866704,0.994698647799998,0.9274003473454284,0.9341184419157079,0.006250419644873618,43.40285555849819,1,1,1,1,1,1,1,1,1,1,1,1,1,1
param_20005,real_004,0.9970732556028002,0.9953908053966114,0.9327951570160998,0.9387422571676973,0.006620294099701019,28.02863834920936,1,1,1,1,1,1,1,1,1,1,1,1,1,1
param_20005,real_005,0.9969374482135339,0.9951298765020005,0.9278854197379955,0.9342539227226755,0.011001360742576663,26.398777392380968,1,1,1,1,1,1,1,1,1,1,1,1,1,1
param_20006,real_001,0.951927403629814,0.7415867229457818,0.7738052690967647,0.7800372212299148,0.12694285323271226,10.408249809877429,0,0,0,0,1,0,0,0,0,0,0,0,0,1
param_20006,real_002,0.9527068348088423,0.7492625333324925,0.7451820304613856,0.7537058902599851,0.11417916369118464,15.621670924921196,0,0,1,0,0,0,0,0,0,0,0,0,1,1
param_20006,real_003,0.9513791996254478,0.7564608559795266,0.7472757703767049,0.7576902815687737,0.13368382253089414,45.14412143550737,1,0,0,0,1,0,0,0,0,0,0,0,1,1
param_20006,real_004,0.9474127270096128,0.7265680389492054,0.7355966149045572,0.7397975894969138,0.16404275632265675,39.78432349789655,0,0,0,0,0,0,0,0,0,0,0,0,0,1
param_20006,real_005,0.9489689684520792,0.7425501067359572,0.7623538721328432,0.7700294088661406,0.13633110917706218,23.33508552488022,1,0,0,0,1,0,0,0,0,0,0,0,0,1
param_20007,real_001,0.9576587377682853,0.787492560171318,0.7901975939977508,0.7962653486149476,0.09350177224393347,10.661795140104086,1,0,0,0,1,0,1,0,0,0,0,0,0,1
param_20007,real_002,0.9571101336277817,0.7831921893840358,0.7604977947699209,0.7675979698388835,0.07980293748616134,17.32300068326419,1,0,1,0,0,0,1,0,0,0,0,0,1,1
param_20007,real_003,0.9563239885583877,0.788600688403647,0.7621006939544602,0.7730736577603552,0.09299068820020369,45.12227234682832,1,0,0,0,1,0,0,0,0,0,0,0,1,1
param_20007,real_004,0.953225084848993,0.7622130733012007,0.7519265161772521,0.7561068277718619,0.1300912278253589,37.86426006555721,1,0,1,0,0,0,1,0,0,0,0,0,0,1
param_20007,real_005,0.9548923387445123,0.781980703375653,0.7816685938937065,0.7893700916457331,0.09724308962221458,23.361774693166673,1,0,1,0,1,0,0,0,0,0,0,0,0,1
param_20008,real_001,0.9607973924831988,0.799059902808234,0.7987216815035347,0.8042209060681849,0.0945824603412152,9.797887797030992,1,0,0,0,1,0,1,0,0,0,0,0,0,1
param_20008,real_002,0.9595046410548173,0.7934607955216143,0.7716701231826038,0.7754095211705867,0.07615334866340903,16.741574166804053,1,0,1,0,0,0,1,0,0,0,0,0,1,1
param_20008,real_003,0.9588326352360791,0.8009010414787525,0.770369377259474,0.7795229254460665,0.08769159806982685,43.94782138012875,1,0,0,0,1,0,0,0,0,0,0,0,1,1
param_20008,real_004,0.9566885137122381,0.779561776123407,0.7658490001910043,0.7706664225146495,0.12281449893390192,38.44913622269472,0,0,1,0,0,0,1,0,0,0,0,0,0,1
param_20008,real_005,0.9578996238762731,0.795746584548262,0.7981639467345333,0.804255470677884,0.09160763809153698,22.833494803090378,1,0,1,0,1,0,0,0,0,0,0,0,0,1
param_20009,real_001,0.9773053422819299,0.9032633705823323,0.8455925729170353,0.8514428985520246,0.005741508212972779,8.233389100235826,1,1,1,1,1,1,1,1,0,0,0,0,0,1
param_20009,real_002,0.9749111171186321,0.889564547660175,0.8133378750604362,0.818217232705914,0.009379237080834766,23.557164399931608,1,1,1,1,1,1,1,1,0,0,0,0,1,1
param_20009,real_003,0.9759663507853759,0.8992225523063299,0.8200603020126722,0.8286318996618778,0.001122956842411723,39.699729263335804,1,1,1,1,1,1,1,1,0,0,0,0,1,1
param_20009,real_004,0.9730954886811206,0.8788011989160823,0.8093650137902952,0.8160103376639813,0.025952303873961368,31.55589701877028,1,1,1,1,1,1,1,1,0,0,0,0,0,1
param_20009,real_005,0.9775143843245278,0.9031588155809619,0.8458319170445456,0.852090276565168,0.016984480184773117,21.086537791607924,1,1,1,1,1,1,1,1,0,0,0,0,0,1
param_20010,real_001,0.9792240501409687,0.9154273182823794,0.8500322390181408,0.8579563097355845,0.04899430991134048,14.4649456195938,1,1,1,1,1,1,1,1,0,0,0,0,1,1
param_20010,real_002,0.9778876718247578,0.9088441159530143,0.8258656806982727,0.8349531263014249,0.00946419341871016,30.592367110814482,1,1,1,1,1,1,1,1,0,0,0,0,1,1
param_20010,real_003,0.9783731937368272,0.9119190032822451,0.8368673204905721,0.8466636957283861,0.02870818785899313,45.71022862985857,1,1,1,1,1,1,1,1,0,0,0,0,1,1
param_20010,real_004,0.9769901065775568,0.9063636234833511,0.831162437785389,0.8404875432655401,0.032706349473400856,21.80204616923344,1,1,1,1,1,1,1,1,0,0,0,0,1,1
param_20010,real_005,0.978055336540036,0.9113938298447646,0.8642240700106963,0.8705979046656457,0.012910757820279504,27.238584349057255,1,1,1,1,1,1,1,1,0,0,0,0,1,1
param_20011,real_001,0.9923178761356942,0.9784900553487685,0.9015535831204231,0.9065020276228479,0.027828809889076184,6.758232692437037,1,1,1,1,1,1,1,1,1,1,1,1,1,1
param_20011,real_002,0.991262029449414,0.9738174217980615,0.8742090419442681,0.881272865210939,0.05370630456872504,28.39161171897709,1,1,1,1,1,1,1,1,1,1,1,1,1,1
param_20011,real_003,0.9927752958547639,0.978620258622984,0.8945141055429491,0.9031074376423617,0.034786311748404644,33.533617762287676,1,1,1,1,1,1,1,1,1,1,1,1,1,1
param_20011,real_004,0.9695600152146631,0.950817585427426,0.8659160328642552,0.8733041790072658,0.43369791116277434,820.7533092488673,1,1,1,1,1,1,1,1,1,1,1,1,0,1
param_20011,real_005,0.9916550778937503,0.9778758809186467,0.8973315080956011,0.9025089122369778,0.06816914345700882,26.04422937727413,1,1,1,1,1,1,1,1,1,1,1,1,1,1
param_20012,real_001,0.9324369823214731,0.701040154416398,0.695051397127936,0.7050936720620427,0.1806539209570291,77.2113637762244,1,0,1,0,1,0,1,0,0,0,0,0,1,1
param_20012,real_002,0.9302593534137834,0.6912249290192131,0.6937407917298561,0.7023217110633263,0.21912322730690542,14.34509102523192,0,0,1,0,1,0,1,0,0,0,0,0,1,1
param_20012,real_003,0.9171980846143971,0.6501797294502373,0.6387262498758,0.6441431073927076,0.27285753830622184,50.07541262009764,1,0,0,0,1,0,1,0,0,0,0,0,1,1
param_20012,real_004,0.9283966240257684,0.6668308454114328,0.681432129835717,0.6873315389646517,0.20796012841205372,60.21459849570099,1,0,0,0,1,0,1,0,0,0,0,0,0,1
param_20012,real_005,0.9113064162400285,0.6347934469886195,0.6562854918845145,0.658313767505252,0.25783613096227354,46.90657191316112,1,0,1,0,1,0,1,0,0,0,0,0,1,1
param_20013,real_001,0.9396184796460662,0.7395105017317427,0.7217819276041275,0.7307554152301513,0.12591359214792744,78.28389468629949,1,0,1,0,1,0,1,0,0,0,0,0,1,1
param_20013,real_002,0.937617611067548,0.7277448230630849,0.7146998768733833,0.723547040043127,0.17568595041322313,12.669499673548419,0,0,1,0,1,0,1,0,0,0,0,0,1,1
param_20013,real_003,0.9243168870689142,0.6874868868527158,0.6548369309308728,0.6617360237820481,0.2226482737121035,49.902691195090085,1,0,0,0,1,0,1,0,0,0,0,0,1,1
param_20013,real_004,0.9350766688854967,0.7060324716529196,0.7000983367282552,0.7073478334717204,0.15130526530751165,60.786275456380494,1,0,0,0,1,0,1,0,0,0,0,0,0,1
param_20013,real_005,0.9178624404368931,0.6736520451071865,0.6797790864989719,0.6817096053246883,0.2148648435901069,48.963124144910054,1,0,1,0,1,0,1,0,0,0,0,0,0,1
param_20014,real_001,0.9429409236056442,0.7530514200535526,0.7275447555566075,0.7342459304814759,0.1279759886047616,77.50078615796376,1,0,1,0,1,0,1,0,0,0,0,0,1,1
param_20014,real_002,0.9420934985729097,0.7462413558000948,0.729214883735765,0.7384931936482019,0.17327138562448757,12.252060372257558,0,0,1,0,1,0,1,0,0,0,0,0,1,1
param_20014,real_003,0.9288142309881638,0.7140975640412587,0.6764843680885985,0.6829580442308321,0.22069164090440685,48.77833321025166,1,0,0,0,1,0,1,0,0,0,0,0,1,1
param_20014,real_004,0.9385727043519845,0.723018983223685,0.707727883344671,0.7128653967304993,0.15736780874666143,60.09069668784907,1,0,0,0,1,0,1,0,0,0,0,0,0,1
param_20014,real_005,0.9207725606401453,0.6861563571284166,0.6902328043323014,0.6902215748738069,0.21238436561906512,48.1785375105119,1,0,1,0,1,0,1,0,0,0,0,0,1,1
param_20015,real_001,0.96647612580404,0.8651655140350281,0.797954841297177,0.807664650945058,0.012010370681802256,79.43478994577795,1,1,1,1,1,1,1,1,0,0,0,0,1,1
param_20015,real_002,0.963491948592648,0.8493830371422167,0.7919011486897406,0.8057122592529892,0.04120029210648609,7.021710085898682,1,1,1,1,1,1,1,1,0,0,0,0,1,1
param_20015,real_003,0.9562085911373336,0.8204047952321184,0.7318295102324913,0.7416335384477293,0.08526405127750403,45.98964164789474,1,1,1,1,1,1,1,1,0,0,0,0,1,1
param_20015,real_004,0.9637789997218199,0.8513521257705062,0.7882860032960431,0.7964226561857831,0.009534461065287292,59.91775706778049,1,1,1,1,1,1,1,1,0,0,0,0,0,1
param_20015,real_005,0.9529148260015997,0.823747014867619,0.7657009592976602,0.7689893399156937,0.10512423322386764,52.19230329650759,1,1,1,1,1,1,1,1,1,0,0,0,0,1
param_20016,real_001,0.9644168872262222,0.8818658432816424,0.7916414298740344,0.7984892370652327,0.08045891221597876,86.87126883931454,1,1,1,1,1,1,1,1,1,0,1,0,1,1
param_20016,real_002,0.9655367527829326,0.8763356310397412,0.8147501498158733,0.8263576719039456,0.09535198413947195,19.696188975972778,1,1,1,1,1,1,1,1,0,0,0,0,1,1
param_20016,real_003,0.9366088714136366,0.8366432714783208,0.7410882181299016,0.7452446685656348,0.18633657574699738,377.6558093109627,1,1,1,1,1,1,1,1,1,0,0,0,1,1
param_20016,real_004,0.9625304046610672,0.8713309828947312,0.7730860263065834,0.7815336107432335,0.09190367383040782,68.95183159448648,1,1,1,1,1,1,1,1,1,0,0,0,1,1
param_20016,real_005,0.9502201193601546,0.8455233676645793,0.7667247792149735,0.7609500212038237,0.17080745341614906,62.2828244975513,1,1,1,1,1,1,1,1,1,0,0,0,1,1
param_20017,real_001,0.9837006679628224,0.9592578022577031,0.854801647497443,0.8572443155631801,0.14942001256698273,75.70000408590943,1,1,1,1,1,1,1,1,1,1,1,1,1,1
param_20017,real_002,0.9829519059879678,0.952413079305474,0.8403918715561354,0.8491791448652521,0.0990535468366052,22.79189186344206,1,1,1,1,1,1,1,1,1,1,1,1,1,1
param_20017,real_003,0.9828669023084043,0.9514921114122683,0.8194133087859876,0.8336273986267544,0.08923708912335164,41.73504240767211,1,1,1,1,1,1,1,1,1,1,1,1,1,1
param_20017,real_004,0.9851048790265655,0.9587990035791595,0.8636577116884729,0.8717490980548956,0.10595963507170175,53.23096470252581,1,1,1,1,1,1,1,1,1,1,1,1,0,1
param_20017,real_005,0.9862592535204346,0.96075046643085,0.8743025723067018,0.8857121825170344,0.0279715864246251,49.40893635372183,1,1,1,1,1,1,1,1,1,1,1,1,1,1
param_20018,real_001,0.970868538127002,0.8469969754770992,0.8696266905141757,0.8849190416170878,0.00726304867595976,3.731987895655508,0,0,0,0,0,0,0,0,0,0,0,0,0,1
param_20018,real_002,0.971853642933223,0.8552360189081812,0.8596193888772053,0.8709295426265343,0.019101303087701683,14.499817629574574,0,0,0,0,0,0,0,0,0,0,0,0,1,1
param_20018,real_003,0.969361821038563,0.8549864906356568,0.8560048142745722,0.8617579663534228,0.0028358975504097538,32.38202171421888,0,0,0,0,0,0,0,0,0,0,0,0,1,1
param_20018,real_004,0.9683383245896422,0.8486455657797665,0.8791232148159053,0.8916199705613039,0.006938267212239815,21.1240632636852,0,0,0,0,0,0,0,0,0,0,0,0,1,1
param_20018,real_005,0.9698863500799646,0.8422331849611813,0.8520901649110312,0.8698704439083421,0.004024552015648538,15.230305444916246,0,0,0,0,0,0,0,0,0,0,0,0,1,1
param_20019,real_001,0.9767693961747544,0.8922959373391858,0.886183714535131,0.8962374995995154,0.033338858729435164,3.8842578248321153,0,0,0,0,0,0,0,0,0,0,0,0,0,1
param_20019,real_002,0.9776500117992883,0.8959503280016538,0.8731720657234223,0.878842776715977,0.05111073641613624,14.617707332872467,0,0,0,0,0,0,0,0,0,0,0,0,1,1
param_20019,real_003,0.9762237967586671,0.8941690671967046,0.8672703959908898,0.8673020854482704,0.02873468377408309,31.73652831899155,0,0,0,0,0,0,0,0,0,0,0,0,1,1
param_20019,real_004,0.9752144584664357,0.8949253935965866,0.890026299487483,0.8966281597216031,0.021988606090413542,21.246635275825646,0,0,0,0,0,0,0,0,0,0,0,0,1,1
param_20019,real_005,0.9766228940471936,0.8925152596882328,0.872276504940736,0.8842842438109223,0.032183955625465686,15.17521329737594,0,0,0,0,0,0,0,0,0,0,0,0,0,1
param_20020,real_001,0.9771032921969379,0.8856505425353757,0.8887029137760767,0.8957665535987325,0.03383458646616541,2.997197612810973,0,0,0,0,0,0,0,0,0,0,0,0,0,1
param_20020,real_002,0.9781550563814089,0.8944965175497477,0.8782054368206892,0.8829971156654784,0.05430949647367558,13.685492740922157,0,0,0,0,0,0,0,0,0,0,0,0,1,1
param_20020,real_003,0.9767364047147008,0.897635974560189,0.8679646805662209,0.8686291081789652,0.033024647958056284,30.665908459126918,0,0,0,0,0,0,0,0,0,0,0,0,1,1
param_20020,real_004,0.9751246079564733,0.8884920372571062,0.8915602539668004,0.8981073385447803,0.021797011603878556,21.887073891142204,0,0,0,0,0,0,0,0,0,0,0,0,1,1
param_20021,real_001,0.9908924373251771,0.9690465162327218,0.9165229256046687,0.9197952903696465,0.04093870725941302,0.9801151892606202,1,1,1,1,1,1,1,1,0,0,0,0,0,1
param_20021,real_002,0.9903970510190253,0.9657181460833446,0.8986935960399793,0.8971677061543651,0.06240988671472709,13.689640243456253,1,1,1,1,1,1,1,1,0,0,0,0,1,1
param_20021,real_003,0.9893008411548516,0.9638049144248255,0.8947934863121461,0.8929737170714774,0.04176464647921866,25.606699548363526,1,1,1,1,1,1,1,1,0,0,0,0,1,1
param_20021,real_004,0.990608043206864,0.9684464272354475,0.9156255463278553,0.9186495539709982,0.041374039196458184,22.163907228060282,1,1,1,1,1,1,1,1,0,0,0,0,1,1
param_20021,real_005,0.9912497770412615,0.972286033403233,0.9096026721084772,0.9142612942029875,0.054112838478943145,11.360941747924894,1,1,1,1,1,1,1,1,0,0,0,0,0,1
param_20022,real_001,0.9856969503857382,0.9428018009557472,0.9079780417719538,0.9059892056717349,0.05648658581403895,2.288745858989421,1,1,1,1,1,1,1,1,0,0,0,0,1,1
param_20022,real_002,0.9863635572612546,0.9479760130365574,0.9015248648703341,0.8964840524967077,0.09462341025055213,15.609790187394779,1,1,1,1,1,1,1,1,0,0,0,0,1,1
param_20022,real_003,0.9869284010125386,0.9551120561663624,0.903797773239862,0.9024804084400698,0.06984158489536167,27.143828731518923,1,1,1,1,1,1,1,1,0,0,0,0,1,1
param_20022,real_004,0.9835651902717872,0.9412402678823301,0.9004027703827774,0.8976912725684575,0.0798482420114194,19.083749073476916,1,1,1,1,1,1,1,1,0,0,0,0,1,1
param_20022,real_005,0.9861099071469647,0.9511676054340097,0.9145473438246884,0.9120796588197062,0.08666507062485038,12.559075568546696,1,1,1,1,1,1,1,1,0,0,0,0,1,1
param_20023,real_001,0.9973482926346962,0.9944185075730632,0.941562926339818,0.9475389993166093,0.0200262441913659,5.969846846247398,1,1,1,1,1,1,1,1,1,1,1,1,1,1
param_20023,real_002,0.9969132232809147,0.9938190233902374,0.9271574661259779,0.9316115618382191,0.0009879361339175043,17.92801227508956,1,1,1,1,1,1,1,1,1,1,1,1,1,1
param_20023,real_003,0.9971599632606734,0.9943442426538064,0.9374937208929959,0.9413541654342756,0.012980005577582967,21.263152849145058,1,1,1,1,1,1,1,1,1,1,1,1,1,1
param_20023,real_004,0.9977362567465283,0.9951608132283103,0.9459350543745713,0.951162930291823,0.010833110554839964,10.88891459207009,1,1,1,1,1,1,1,1,1,1,1,1,1,1
param_20023,real_005,0.9974237568432769,0.9954705346470457,0.939234357295626,0.9460282159294171,0.005667763981604197,14.144921364685562,1,1,1,1,1,1,1,1,1,1,1,1,1,1
param_20024,real_001,0.9293490036448994,0.6534051023837142,0.6889630429796526,0.687689340960614,0.1578470938784747,133.5565967233804,0,0,0,0,0,0,0,0,0,0,0,0,1,1
param_20024,real_002,0.9374418466619134,0.6600073947265278,0.6444471504101386,0.65477341099873,0.01893756316182609,166.9859738487561,0,0,0,0,0,0,0,0,0,0,0,0,1,1
param_20024,real_003,0.9307835169179323,0.6688745532892297,0.6407582588927485,0.6456463721550879,0.09687335679326943,64.7012921826992,0,0,0,0,1,0,0,0,0,0,0,0,1,1
param_20024,real_004,0.9183045373465795,0.6180837898055832,0.5793351707395198,0.5877104372958524,0.15572949161514757,232.37552287684002,0,0,0,0,0,0,0,0,0,0,0,0,1,1
param_20024,real_005,0.9306823494655498,0.6249004493253402,0.6592422382883246,0.669985143375238,0.05519940759547234,172.47772911583297,0,0,0,0,0,0,0,0,0,0,0,0,1,1
param_20025,real_001,0.9343655955168348,0.7013348325643033,0.6947970527740904,0.6941492757272704,0.1496120726404638,133.69127493494864,0,0,0,0,1,0,1,0,0,0,0,0,1,1
param_20025,real_002,0.9424255624977178,0.7065221096220705,0.6505714389431034,0.6619720632173284,0.003117708584761445,157.10658827902196,0,0,0,0,0,0,0,0,0,0,0,0,1,1
param_20025,real_003,0.9370449996592564,0.7078970950286609,0.6463981918557629,0.652022737188884,0.07745384586925154,62.52391718363897,1,0,0,0,1,0,0,0,0,0,0,0,1,1
param_20025,real_004,0.9244489814143292,0.668681826442059,0.5885702918612572,0.5975880435618568,0.13765735233088947,228.70907681250412,0,0,0,0,1,0,0,0,0,0,0,0,1,1
param_20025,real_005,0.9391599547915449,0.695285046579997,0.6758208499578153,0.6902448126387674,0.04101607568648565,167.19097323112894,0,0,0,0,1,0,0,0,0,0,0,0,1,1
param_20026,real_001,0.9382902929496386,0.7172960449403475,0.7101717718728676,0.7110317252495867,0.13114366330444185,132.25325548363406,0,0,0,0,1,0,1,0,0,0,0,0,1,1
param_20026,real_002,0.944930198922758,0.7241127876227789,0.6688691150968923,0.6806915224581879,0.022142275049194013,156.82877045956673,0,0,0,0,0,0,0,0,0,0,0,0,1,1
param_20026,real_003,0.9392649825803935,0.7310718369998057,0.6629315653172846,0.669788775113268,0.062357553104202754,62.68120671405378,1,0,0,0,1,0,0,0,0,0,0,0,1,1
param_20026,real_004,0.9275510496468767,0.6889287667473483,0.6040958034461487,0.6147680210752317,0.12187083774461255,228.2247673718822,0,0,0,0,1,0,0,0,0,0,0,0,1,1
param_20026,real_005,0.9411167931305655,0.7102837016932573,0.6912585954713036,0.7062984857578217,0.02183630380613623,166.1528201889736,0,0,0,0,1,0,0,0,0,0,0,0,1,1
param_20027,real_001,0.9596955590192414,0.8450174581318782,0.7477803201609181,0.7489755233598386,0.10358011817865832,125.22752773162742,1,1,1,1,1,1,1,1,1,0,1,0,1,1
param_20027,real_002,0.9606055403931469,0.8415730152921281,0.6941436534411598,0.7092703178525283,0.027460800774024643,131.38891492692593,1,1,1,1,1,1,0,1,0,0,0,0,1,1
param_20027,real_003,0.9590244275322015,0.8401327121584913,0.6981357223031206,0.7117400702823494,0.022007936400449638,61.87830389715147,1,1,1,1,1,1,0,1,0,0,0,0,1,1
param_20027,real_004,0.9488116361204668,0.8196780015031614,0.6554837828571475,0.6711977779264635,0.07678539466618937,212.49836589283277,1,1,1,1,1,1,1,1,1,0,1,0,1,1
param_20027,real_005,0.9643046232638157,0.8721643512321272,0.7645073458273554,0.7815726905800094,0.003934435345966161,140.59128999096737,1,1,1,1,1,1,0,1,0,0,0,0,1,1
param_20028,real_001,0.9654713133165813,0.8787439268277768,0.7821339181200148,0.7912518563592333,0.07086911085014921,107.49816810596955,1,1,1,1,1,1,1,1,1,0,1,0,1,1
param_20028,real_002,0.9656031783092903,0.8737432488074509,0.7452468653959184,0.7669642013498329,0.08025402710624546,111.54137528412315,1,1,1,1,1,1,1,1,0,0,0,0,1,1
param_20028,real_003,0.965475865063865,0.8803754532854599,0.7468065414090235,0.7633243350499498,0.005121993424467901,48.97327743280065,1,1,1,1,1,1,1,1,1,0,0,0,1,1
param_20028,real_004,0.9563649617136754,0.8669828271936004,0.6991096170704556,0.7191477694260756,0.032076678750603264,189.23257205256607,1,1,1,1,1,1,1,1,1,0,1,0,1,1
param_20028,real_005,0.9653409735529656,0.884429763504892,0.7983446991975975,0.8116065456947043,0.05444563994718052,120.12169168390793,1,1,1,1,1,1,1,1,0,0,0,0,1,1
param_20029,real_001,0.9861405468461125,0.9626415685624472,0.845534173908278,0.8634695933082499,0.014563651319889324,106.0574985971226,1,1,1,1,1,1,1,1,1,1,1,1,1,1
param_20029,real_002,0.9837272201384123,0.9544447933378087,0.7885683103306519,0.8100176867346163,0.05095829218067148,93.41681886859972,1,1,1,1,1,1,1,1,1,1,1,1,1,1
param_20029,real_003,0.9855995374134889,0.9610515334217743,0.8156636733200222,0.8363513154549124,0.013155683890199202,63.78238427417806,1,1,1,1,1,1,1,1,1,1,1,1,1,1
param_20029,real_004,0.9803925820775838,0.9531562279893288,0.7860698335327239,0.811098054433244,0.030365743289854245,164.14426648785928,1,1,1,1,1,1,1,1,1,1,1,1,1,1
param_20029,real_005,0.9885035073618421,0.973577655614769,0.8722242537111223,0.8892032677127115,0.02168183244430499,85.73910390823151,1,1,1,1,1,1,1,1,1,1,1,1,1,1
param_20030,real_001,0.8988015510562453,0.6010263691677895,0.5733082987855304,0.5669918359772549,0.223306374467345,234.99642327673035,0,0,0,0,1,0,0,0,0,0,0,0,1,1
param_20030,real_002,0.9101475208523583,0.5505521561834654,0.48993464718628377,0.5053050703133777,0.015390042774617453,322.108098910781,0,0,0,0,0,0,0,0,0,0,0,0,1,1
param_20030,real_003,0.9012158654837432,0.5638943470087873,0.5008255092803595,0.5060411873609333,0.14547054996364192,160.81264044983675,0,0,0,0,1,0,0,0,0,0,0,0,1,1
param_20030,real_004,0.888859141778763,0.5566336101653172,0.4513757757769438,0.4585719899596789,0.2616890417300443,353.22784309684914,0,0,0,0,1,0,0,0,0,0,0,0,1,1
param_20030,real_005,0.9040401117356395,0.5393283268709813,0.5247650274876184,0.5368763056516221,0.061178152461842494,287.739118098242,0,0,0,0,0,0,0,0,0,0,0,0,1,1
param_20031,real_001,0.9035289200744391,0.6381989863042284,0.5786862908895464,0.5727179479829461,0.2371081978247235,230.94999189394017,0,0,0,0,1,0,1,0,0,0,0,0,1,1
param_20031,real_002,0.9130836859873369,0.5952730961679117,0.5003235624084852,0.5165829326692662,0.011705278532884326,307.77430127599337,0,0,0,0,1,0,0,0,0,0,0,0,1,1
param_20031,real_003,0.9064670981608939,0.5988091983004956,0.5103736358025668,0.5166631448077507,0.1250241240767058,156.18447053367709,0,0,0,0,1,0,0,0,0,0,0,0,1,1
param_20031,real_005,0.9114559830668643,0.6015220538637017,0.5455777291985793,0.5604316185493119,0.0342563903950426,280.7987791100911,1,0,0,0,1,0,0,0,0,0,0,0,1,1
param_20032,real_001,0.9098704621819125,0.668899786341571,0.598294089832947,0.5942058471668795,0.21985223842104465,229.1626591718454,0,0,0,0,1,0,1,0,0,0,0,0,1,1
param_20032,real_002,0.9154559517287444,0.6209413779700226,0.5203589450963736,0.5390785817721531,0.030850338772401075,305.88551420659064,0,0,0,0,1,0,0,0,0,0,0,0,1,1
param_20032,real_003,0.9086090699725027,0.6219619688617635,0.5264914521413553,0.535182584169373,0.11192277138811177,154.86125194154937,0,0,0,0,1,0,0,0,0,0,0,0,1,1
param_20032,real_004,0.8987331614267612,0.6326955788756525,0.4880468708589312,0.5019303321027396,0.22601667619878993,344.52753845409114,0,0,0,0,1,0,1,0,0,0,0,0,1,1
param_20032,real_005,0.9157632069185929,0.6312941100486128,0.5645716556328602,0.581875343298983,0.015883647497847098,277.8722256825005,1,0,0,0,1,0,0,0,0,0,0,0,1,1
param_20033,real_002,0.9276773251931715,0.7411378374212564,0.5574931831191516,0.5786001361991059,0.10718940218641235,263.681640575927,1,1,0,1,1,1,0,1,0,0,0,0,1,1
param_20033,real_003,0.9282398186175184,0.7398266441553636,0.5702365650260292,0.5831084916891491,0.014950619304850766,151.85625550508234,1,1,0,1,1,1,0,1,0,0,0,0,1,1
param_20033,real_004,0.9148345530109814,0.7299604362694894,0.5395295736912251,0.5586865040178602,0.09863444591457174,326.4429895874332,0,1,0,1,1,1,1,1,1,0,1,0,1,1
param_20033,real_005,0.9358559853243069,0.7845358046033263,0.6406257112902922,0.6643825955053403,0.06033508068660705,252.9431830504572,1,1,0,1,1,1,0,1,0,0,0,0,1,1
param_20034,real_001,0.939734374527014,0.8364150949282785,0.6943621074185615,0.7044875235911777,0.1265495867768595,184.5638548040477,1,1,1,1,1,1,1,1,1,0,1,0,1,1
param_20034,real_002,0.9416917799117499,0.820642194494136,0.6285783314444756,0.6578311456225714,0.10268507863444572,223.79667190461186,1,1,0,1,1,1,1,1,0,0,0,0,1,1
param_20034,real_003,0.9426282575357687,0.8212882279519621,0.6299508330765244,0.6509795774005204,0.024610651797731205,122.8966852555415,1,1,1,1,1,1,0,1,1,0,0,0,1,1
param_20034,real_004,0.9302460585734607,0.8272957172283981,0.6131752944736727,0.6343466714562529,0.08565521628498728,285.1141398120508,1,1,1,1,1,1,1,1,1,0,1,0,1,1
param_20034,real_005,0.9434535710056922,0.8370503654994879,0.7025813207777545,0.7198192958631487,0.04456045153944914,207.98617536083958,1,1,1,1,1,1,0,1,0,0,0,0,1,1
param_20035,real_001,0.9682490932794251,0.9268945306630646,0.75386078713721,0.7776442881955705,0.10105300176514746,189.0644787377583,1,1,1,1,1,1,1,1,1,1,1,1,1,1
param_20035,real_002,0.9609482190668635,0.9062080885522659,0.6773066926794437,0.7062153945029012,0.1390859605670067,193.10298839890325,1,1,1,1,1,1,1,1,1,1,1,1,1,1
param_20035,real_003,0.9657684414054829,0.9181887736067383,0.7038535396699085,0.7343290939516236,0.0773654327196686,141.09340292303156,1,1,1,1,1,1,1,1,1,1,1,1,1,1
param_20035,real_004,0.9564832528027852,0.9082729135373302,0.6811575812011772,0.713402169038624,0.10090409310062684,270.32158644678674,1,1,1,1,1,1,1,1,1,1,1,1,1,1
param_20035,real_005,0.9710522191842582,0.9403551826031549,0.7802151652382698,0.803431481690027,0.11002399978182016,174.8174895019076,1,1,1,1,1,1,1,1,1,1,1,1,1,1
param_20036,real_001,0.9698931580472165,0.8459204516998837,0.8365777070247156,0.849864007707329,0.020615843495043425,37.29451169274701,0,0,0,0,0,0,0,0,0,0,0,0,1,1
param_20036,real_002,0.967152419905346,0.8478398801235153,0.8673471835346243,0.8856521694798952,0.0022120433471120547,22.980989686218777,0,0,0,0,0,0,0,0,0,0,0,0,1,1
param_20036,real_003,0.9682340699695555,0.8483509296573551,0.8690786370119615,0.8820403102180022,0.00022388393856624726,15.831585406662686,0,0,0,0,0,0,0,0,0,0,0,0,1,1
param_20036,real_004,0.9679148131657956,0.8467849969652531,0.8536605423210603,0.8647785611841017,0.003236534898774581,15.351137289804193,0,0,0,0,0,0,0,0,0,0,0,0,0,1
param_20036,real_005,0.9668179988562666,0.8243358854890016,0.8361581067291048,0.8579010551523604,0.04037820994950038,7.112541902970257,0,0,0,0,0,0,0,0,0,0,0,0,0,1
param_20037,real_001,0.9773039670593764,0.8956629856114279,0.8544168293991041,0.8627816824877803,0.015371772945679615,37.16579846863776,0,0,0,0,0,0,0,0,0,0,0,0,1,1
param_20037,real_002,0.975405432211346,0.8995902973123195,0.8886141253247328,0.9001179354374074,0.025941164369471303,22.782833421667373,0,0,0,0,0,0,0,0,0,0,0,0,1,1
param_20037,real_003,0.9773066857458383,0.9054490745434779,0.8904397658039273,0.8989349600595776,0.03662516369078551,14.919100724513672,0,0,0,0,0,0,0,0,0,0,0,0,1,1
param_20037,real_004,0.9763333914471367,0.8982378391253172,0.8691389416898706,0.8755734170562377,0.027124438769205422,15.47901912126047,0,0,0,0,0,0,0,0,0,0,0,0,0,1
param_20037,real_005,0.9759618431549681,0.8827674443403976,0.8566462132461244,0.874174279256668,0.013724908533570652,6.647232121031074,0,0,0,0,0,0,0,0,0,0,0,0,0,1
param_20038,real_001,0.9780946455815731,0.8953025013328147,0.8548493247140827,0.8621946169806303,0.01377991562512321,36.211911564879,0,0,0,0,0,0,0,0,0,0,0,0,1,1
param_20038,real_002,0.9755264106428299,0.898056997786907,0.8898449518720551,0.8992923453291382,0.0294676996376594,22.2679432292871,0,0,0,0,0,0,0,0,0,0,0,0,1,1
param_20038,real_003,0.9768680741779687,0.9010338869442523,0.8905363123628669,0.8947958330037755,0.03383458646616541,14.67791501464758,0,0,0,0,0,0,0,0,0,0,0,0,1,1
param_20038,real_004,0.9763006336874405,0.8979227272688611,0.8727748734096749,0.8788221570842529,0.02638564557012554,14.42278328878407,0,0,0,0,0,0,0,0,0,0,0,0,0,1
param_20038,real_005,0.9766099445275432,0.8849387071053583,0.8644818482708534,0.8811445027200197,0.015619915392124959,7.518750197732917,0,0,0,0,0,0,0,0,0,0,0,0,1,1
param_20039,real_001,0.9898530895814965,0.9675646598905981,0.8814130679803077,0.881171771586901,0.049211768979295314,33.52802202465404,1,1,1,1,1,1,1,1,0,0,0,0,1,1
param_20039,real_002,0.9908110424018497,0.9727027087927496,0.9254836428102116,0.9264274020710995,0.05671973776633107,19.72877213101626,1,1,1,1,1,1,1,1,0,0,0,0,1,1
param_20039,real_003,0.9916672139005432,0.975752775326622,0.9206458053299452,0.9218829849489545,0.0524996356216295,11.699163381391958,1,1,1,1,1,1,1,1,0,0,0,0,1,1
param_20039,real_004,0.9909423548280841,0.9700405063383779,0.9015800477486609,0.8984825201887823,0.044839610492960806,12.695356460865854,1,1,1,1,1,1,1,1,0,0,0,0,0,1
param_20040,real_001,0.9880624396681439,0.9551019717051286,0.8998279815281862,0.9010323787136814,0.0594326990405759,34.46783295678712,1,1,1,1,1,1,1,1,0,0,0,0,1,1
param_20040,real_002,0.9858342381680518,0.9567061738786097,0.9203775429633658,0.9149047628192934,0.0841378790164429,21.444853092106243,1,1,1,1,1,1,1,1,0,0,0,0,1,1
param_20040,real_003,0.9862955294253779,0.9555665776973433,0.9147101335947384,0.9100537401415514,0.08238261982755375,13.925023330381034,1,1,1,1,1,1,1,1,0,0,0,0,1,1
param_20040,real_004,0.9862343963145801,0.9581455347474344,0.910329647986711,0.909166551316676,0.06782808959548307,13.658496448731164,1,1,1,1,1,1,1,1,0,0,0,0,1,1
param_20040,real_005,0.9872887442964329,0.9525220060360335,0.9115431287235084,0.91650763945683,0.027694031006828174,8.260630592811113,1,1,1,1,1,1,1,1,0,0,0,0,1,1
param_20041,real_001,0.9962571416488847,0.9929621800562539,0.9146681181778252,0.920648301928392,0.0029274327394768593,31.008891034364943,1,1,1,1,1,1,1,1,1,1,1,1,1,1
param_20041,real_002,0.997368907713424,0.9952685254533552,0.9503638690732944,0.9532205751852585,0.008362874441155332,20.335729121990006,1,1,1,1,1,1,1,1,1,1,1,1,1,1
param_20041,real_003,0.997510823431368,0.9956035381979791,0.9446874070400962,0.9484705502401185,0.014962668957756024,11.764993445954746,1,1,1,1,1,1,1,1,1,1,1,1,1,1
param_20041,real_004,0.9972572126817678,0.9946437569465872,0.9283020050662791,0.9330083954219356,0.01497458857696031,16.017830920433703,1,1,1,1,1,1,1,1,1,1,1,1,1,1
param_20041,real_005,0.9972222219329855,0.9941447491460316,0.9281606597866445,0.9361448236507103,0.012866298422938634,9.281407101747574,1,1,1,1,1,1,1,1,1,1,1,1,1,1
param_20042,real_001,0.9270024844459764,0.611934875077897,0.5512131306415221,0.5747919564671521,0.04490254346350937,262.4797165051459,0,0,0,0,0,0,0,0,0,0,0,0,1,1
param_20042,real_002,0.9421464970996394,0.6831184529193886,0.7148467592334616,0.7244236213550694,0.02361378345285989,123.91567598490266,0,0,0,0,0,0,0,0,0,0,0,0,1,1
param_20042,real_003,0.9334760800912659,0.683198157735047,0.7004527091450803,0.7070502741103931,0.056137977680081164,89.28572546152219,0,0,0,0,0,0,0,0,0,0,0,0,1,1
param_20042,real_004,0.9359032912231889,0.6901514531410479,0.701535291191072,0.7158521809690406,0.10629015149999,57.27466386395274,0,0,0,0,1,0,0,0,0,0,0,0,1,1
param_20042,real_005,0.9467096597987422,0.7180965879633507,0.7239424761756554,0.7468215172796168,0.07308466695726176,20.435728386704064,0,0,0,0,0,0,0,0,0,0,0,0,1,1
param_20043,real_001,0.9332152409660904,0.663070709536554,0.5619615096966338,0.5867270384980375,0.03329603845516327,253.23689817280726,0,0,0,0,0,0,0,0,0,0,0,0,1,1
param_20043,real_002,0.9491509123206943,0.7431148995131238,0.7324141888238246,0.7450910992265805,0.018789595876126393,121.04602492388932,0,0,0,0,0,0,0,0,0,0,0,0,1,1
param_20043,real_003,0.9425606442321448,0.7370626255432043,0.7164871572335325,0.7221711278250139,0.05166577926523161,86.6650551469306,0,0,0,0,0,0,0,0,0,0,0,0,1,1
param_20043,real_004,0.9450623105661801,0.7511006847832585,0.718277560193808,0.7310594533262299,0.10500340978428628,53.39511528289034,0,0,1,0,1,0,0,0,0,0,0,0,1,1
param_20043,real_005,0.9552775753834374,0.7711357855143653,0.7384454160005567,0.7593023359907558,0.059144247821001396,19.53649555041051,0,0,0,0,0,0,0,0,0,0,0,0,1,1
param_20044,real_001,0.9344449240729508,0.6749362332837028,0.5773891066560368,0.6042707652401873,0.05682285244554049,252.8479245742539,0,0,0,0,0,0,0,0,0,0,0,0,1,1
param_20044,real_002,0.9512823694594147,0.7537845636376826,0.7427888274696446,0.7548132001943941,0.0010316904150120688,122.0621737292957,0,0,0,0,0,0,0,0,0,0,0,0,1,1
param_20044,real_003,0.9441794524009671,0.7469546675865253,0.7249552221330895,0.7328758697727327,0.03689484034085588,86.79977193890808,0,0,0,0,0,0,0,0,0,0,0,0,1,1
param_20044,real_004,0.9464486456927564,0.7624840612272712,0.7357295079645997,0.7498557837197855,0.09180015188174417,53.732588971479075,0,0,1,0,1,0,0,0,0,0,0,0,1,1
param_20044,real_005,0.9565456931409599,0.7873643318679275,0.7557939373677282,0.7776486346775487,0.04338039697155719,19.581360870056624,0,0,0,0,0,0,0,0,0,0,0,0,1,1
param_20045,real_001,0.9524500994120895,0.8125157034559599,0.6239969159581266,0.6496213163102386,0.03651816568599981,231.03469150132324,1,1,0,1,1,1,0,1,1,0,0,0,1,1
param_20045,real_002,0.9709316910305289,0.8894038156710984,0.8046239712232434,0.8153801419812896,0.00415780178827194,115.33582186868247,1,1,1,1,1,1,1,1,0,0,0,0,1,1
param_20045,real_003,0.9687892606432849,0.8793659418314468,0.7791219913901728,0.788650204881469,0.04880329833897546,81.00970912412615,1,1,1,1,1,1,1,1,1,0,0,0,1,1
param_20045,real_004,0.9673816997244893,0.8822869058241095,0.7727135145665623,0.7835843998023782,0.06962481962481963,45.82599192698312,1,1,1,1,1,1,1,1,0,0,0,0,1,1
param_20045,real_005,0.974536386381385,0.8946354502782513,0.7928671421088989,0.8053319792567124,0.010565794813664162,20.02646483313829,1,1,1,1,1,1,1,1,0,0,0,0,1,1
param_20046,real_001,0.9567824097341535,0.855055898964144,0.6742843527135726,0.6978725880947347,0.05205309000414766,205.50351119083922,1,1,1,1,1,1,1,1,0,0,0,0,1,1
param_20046,real_002,0.9707813876756702,0.8926402838613692,0.8159818891464772,0.8275374868949349,0.03761053961378812,104.67068850020453,1,1,1,1,1,1,1,1,0,0,0,0,1,1
param_20046,real_003,0.9670352640271861,0.8852058257190418,0.7977884364405756,0.8062665513419536,0.0038234071062237212,69.54249094977423,1,1,1,1,1,1,1,1,1,0,0,0,1,1
param_20046,real_004,0.9687679670983224,0.8915324250813481,0.8223457372878664,0.8329729794384771,0.034709319245147856,37.23405693323524,1,1,1,1,1,1,1,1,0,0,0,0,1,1
param_20046,real_005,0.973991273875162,0.908251987911512,0.8346704904014133,0.8467916090230817,0.04400406750115004,13.966527562144895,1,1,1,1,1,1,1,1,0,0,0,0,1,1
param_20047,real_001,0.9787956319810402,0.9492469470040242,0.7680985570175867,0.7960496992185984,0.02940804532291311,170.80717855807592,1,1,1,1,1,1,1,1,1,1,1,1,1,1
param_20047,real_002,0.9878318325231571,0.9713505240653553,0.8702780697049599,0.8797306304377558,0.012557063425920167,96.32885169203688,1,1,1,1,1,1,1,1,1,1,1,1,1,1
param_20047,real_003,0.9885083507631051,0.9709884359251216,0.8733768187308978,0.8836215407737273,0.032270527955110144,68.07099717838517,1,1,1,1,1,1,1,1,1,1,1,1,1,1
param_20047,real_004,0.9871042468293129,0.9695875205661106,0.840621289867411,0.8585048303766102,0.03281038868764789,46.81577924200254,1,1,1,1,1,1,1,1,1,1,1,1,1,1
param_20047,real_005,0.9894936203392127,0.9736727718450742,0.8661176607860323,0.8840056630492641,0.008917615854641002,28.956691154086055,1,1,1,1,1,1,1,1,1,1,1,1,1,1
param_20048,real_001,0.9313229286404403,0.6812325636912091,0.7037117100971573,0.7136470700475915,0.05397847640030506,109.17580884380158,0,0,0,0,0,0,0,0,0,0,0,0,1,1
param_20048,real_002,0.9294285034951296,0.6568389830585799,0.6517511363582574,0.6657180805204725,0.11467225800009985,239.69221865732055,0,0,0,0,0,0,0,0,0,0,0,0,1,1
param_20048,real_003,0.9265046007456416,0.6225603097989576,0.6511127315741263,0.6594738597398954,0.06747133877670349,104.7784430470442,0,0,0,0,0,0,0,0,0,0,0,0,1,1
param_20048,real_004,0.9067350539517105,0.5840255935646774,0.4959558031287527,0.5164560310822125,0.003821426965786989,301.95663055042246,0,0,0,0,0,0,0,0,0,0,0,0,1,1
param_20048,real_005,0.9224492203432798,0.6009500965137211,0.6201804195992441,0.6243466766384419,0.012756173590078041,125.43772666836547,0,0,0,0,0,0,0,0,0,0,0,0,1,1
param_20049,real_001,0.9384821879330322,0.7360394649060976,0.721728451582988,0.7320385716526618,0.038909231065715935,107.19618128702452,0,0,0,0,0,0,1,0,0,0,0,0,1,1
param_20049,real_002,0.9337326163384851,0.7094462459561963,0.6709912254800026,0.6812487360498095,0.10566456047001441,234.50375805281925,0,0,0,0,0,0,0,0,0,0,0,0,1,1
param_20049,real_003,0.9327279879473016,0.6777328590375139,0.6661859679916311,0.6735932916274646,0.04177154385627822,99.51561376830703,0,0,0,0,0,0,0,0,0,0,0,0,1,1
param_20049,real_004,0.9121535593002627,0.632523705987432,0.513810939864911,0.534490640185125,0.034854466635702124,300.94932337902065,1,0,0,0,1,0,0,0,0,0,0,0,1,1
param_20049,real_005,0.9268564378712388,0.6540069514006588,0.6360864016338063,0.6411719579392419,0.005087180305629813,122.82532433027029,0,0,0,0,1,0,0,0,0,0,0,0,1,1
param_20050,real_001,0.9412126502382522,0.7531295474622794,0.7364355907513156,0.7481572493178666,0.02487816902743804,107.34239376935845,0,0,0,0,0,0,1,0,0,0,0,0,1,1
param_20050,real_002,0.9360975091240307,0.7213815033065254,0.6799048220049316,0.6897959002405212,0.12766703944915905,232.06270403312345,0,0,0,0,0,0,0,0,0,0,0,0,1,1
param_20050,real_003,0.9350552311396174,0.6956217339485121,0.6746051185402584,0.6846191833620102,0.02246849278613112,99.76308690802226,0,0,0,0,0,0,0,0,0,0,0,0,1,1
param_20050,real_004,0.9159442813977832,0.6531458345628536,0.5324137939316391,0.5560785833661537,0.014034549533140326,298.358672340435,1,0,0,0,1,0,0,0,0,0,0,0,1,1
param_20050,real_005,0.9296104195135974,0.6786915817193847,0.6504602754800523,0.658997924989103,0.013580100914538,122.63317844009572,0,0,0,0,1,0,0,0,0,0,0,0,1,1
param_20051,real_001,0.9557360917340313,0.8649853358652981,0.7833184309968171,0.7924417295052935,0.010820420218648078,100.3818248335051,1,1,0,1,1,1,1,1,0,0,0,0,1,1
param_20051,real_002,0.9489106301669753,0.8370938072517281,0.7216027423259778,0.7310031997534396,0.12280374413036042,223.56163372584928,1,1,1,1,1,1,0,1,0,0,0,0,1,1
param_20051,real_003,0.9536025819842159,0.819176875483099,0.7148122871517104,0.7298314764210364,0.029731772355868637,89.20518208808376,1,1,1,1,1,1,0,1,0,0,0,0,1,1
param_20051,real_004,0.9289078741326837,0.7639094316647247,0.5811840864630594,0.599507841460488,0.036351019536671296,284.7194871946716,1,1,1,1,1,1,1,1,0,0,0,0,1,1
param_20051,real_005,0.9414863112325952,0.7945203586284832,0.6844681142046722,0.6953242611385749,0.03969476639550788,122.4524533434783,0,1,1,1,1,1,1,1,0,0,0,0,1,1
param_20052,real_001,0.9623810118571607,0.8868451453898047,0.8178863671690797,0.8262439136427362,0.02706983612804878,85.92177853474118,1,1,1,1,1,1,1,1,0,0,0,0,1,1
param_20052,real_002,0.948467225219166,0.8550726545472246,0.743405773822071,0.751783294910609,0.11366365784682136,187.15290233096894,1,1,1,1,1,1,1,1,0,0,0,0,1,1
param_20052,real_003,0.9551180216783794,0.8534850461492678,0.7537038769099381,0.7726277455580761,0.032418325691642824,71.71181819463106,1,1,1,1,1,1,1,1,0,0,0,0,1,1
param_20052,real_004,0.9403540668425472,0.8338310343702088,0.6508041133726142,0.6777582850332473,0.02321867461009616,240.8273620677242,1,1,1,1,1,1,1,1,1,0,0,0,1,1
param_20052,real_005,0.9539913717211832,0.859426757724819,0.7473702260546885,0.7628099870152849,0.04833161125630584,103.62442717437789,0,1,1,1,1,1,1,1,0,0,0,0,1,1
param_20053,real_001,0.9766029643992219,0.9556983233344586,0.8344115210501346,0.8509601099537253,0.1494443581524732,96.60544467274894,1,1,1,1,1,1,1,1,1,1,1,1,1,1
param_20053,real_002,0.9706907156267242,0.9383396898760649,0.7915183916341406,0.8028528018619514,0.10258164136044103,182.51140626136487,1,1,1,1,1,1,1,1,1,1,1,1,1,1
param_20053,real_003,0.9769722541637914,0.9457012402495178,0.8178557338262494,0.8379512672612285,0.013326949649705462,88.21099363972041,1,1,1,1,1,1,1,1,1,1,1,1,1,1
param_20053,real_004,0.9650773416043995,0.9240315228748096,0.7182548861688158,0.7514887011826494,0.06467645423928327,224.3159004269341,1,1,1,1,1,1,1,1,1,1,1,1,1,1
param_20053,real_005,0.9696455098370449,0.9349259158805165,0.7568098311182538,0.7801200229992878,0.07282180370863371,138.55848388817543,1,1,1,1,1,1,1,1,1,1,1,1,1,1
param_20054,real_001,0.9770897369462417,0.8915166950010206,0.8713419380423053,0.8871528803434101,0.01919433983795504,27.9258846056548,0,0,0,0,0,0,0,0,0,0,0,0,0,1
param_20054,real_002,0.9758287381761815,0.8733495634132104,0.8508278813062212,0.8567279110512197,0.0178005698005698,21.178719125365415,0,0,0,0,0,0,0,0,0,0,0,0,1,1
param_20054,real_003,0.9727576954734769,0.8729152108956698,0.8291702330571517,0.8315588237659266,0.0031920355365075113,55.645640878193994,0,0,0,0,0,0,0,0,0,0,0,0,1,1
param_20054,real_004,0.9752720197878737,0.8801923930031534,0.8759658385863115,0.8881635280765835,0.00024638817336767834,18.94370622638067,0,0,0,0,0,0,0,0,0,0,0,0,0,1
param_20054,real_005,0.9772776572579365,0.891911800168345,0.8571535231898855,0.8679151746380067,0.016827196757519865,18.28277778296104,0,0,0,0,0,0,0,0,0,0,0,0,0,1
param_20055,real_001,0.980736024386807,0.9177565642735851,0.8870591136304528,0.8971548151383018,0.056320427010082184,27.289226775216658,0,0,0,0,0,0,0,0,0,0,0,0,0,1
param_20055,real_002,0.9790192246277458,0.897893683967636,0.8563411767214574,0.8559995586872097,0.06061121626507305,21.024991130314127,0,0,0,0,0,0,0,0,0,0,0,0,1,1
param_20055,real_003,0.9763436821741233,0.8977259872787748,0.8380406172809081,0.837496692924922,0.03813568142550844,54.72750468764921,1,0,0,0,1,0,0,0,0,0,0,0,1,1
param_20055,real_004,0.9785099425873364,0.9065765913646949,0.8857815298457143,0.8919565794521845,0.0363881961762261,19.275153382982193,0,0,0,0,0,0,0,0,0,0,0,0,0,1
param_20055,real_005,0.9805082646596094,0.9220471690494864,0.891910490588181,0.898050311613053,0.05540388970012486,17.97685683872526,0,0,0,0,0,0,0,0,0,0,0,0,0,1
param_20056,real_001,0.9809868258269322,0.9133117502023683,0.8911615690314718,0.8979310062322523,0.05249693000409333,26.47303040102426,0,0,0,0,0,0,0,0,0,0,0,0,0,1
param_20056,real_002,0.9797264759830001,0.8965869271844978,0.8612893803093148,0.8603593948783272,0.05913004077933847,20.224592523631717,0,0,0,0,0,0,0,0,0,0,0,0,1,1
param_20056,real_003,0.9770216351446831,0.9011286848098794,0.8376188021551624,0.8377666558395712,0.033772238415921196,53.61137341390144,1,0,0,0,1,0,0,0,0,0,0,0,1,1
param_20056,real_004,0.9786167137397177,0.9010140643826703,0.8870716155563642,0.8933438197373061,0.03323220349199333,19.69395268840659,0,0,0,0,0,0,0,0,0,0,0,0,1,1
param_20056,real_005,0.9810342209319355,0.9184705422071527,0.8968047315023847,0.9015169126300394,0.05254001391788448,17.233386304622492,0,0,0,0,0,0,0,0,0,0,0,0,1,1
param_20057,real_001,0.9907228144421066,0.9709543090300441,0.9166705564654672,0.9174087281099286,0.06925297993632931,22.863495425563812,1,1,1,1,1,1,1,1,0,0,0,0,0,1
param_20057,real_002,0.9891517265544425,0.9595167070214571,0.8773597145392534,0.8745281548096383,0.08205466315032367,20.071773304331025,1,1,1,1,1,1,1,1,0,0,0,0,0,1
param_20057,real_003,0.986553561374955,0.9578643196576891,0.8644314669955654,0.8622951205209425,0.05919971837596808,47.58094922785304,1,1,1,1,1,1,1,1,0,0,0,0,0,1
param_20057,real_004,0.9901578241455473,0.9649697055622766,0.9064827165744644,0.9074707513241498,0.03772256312242229,20.813901692277256,1,1,1,1,1,1,1,1,0,0,0,0,1,1
param_20057,real_005,0.991165555094851,0.9747060426243976,0.9203042781785904,0.9165310869591957,0.07007690825837619,13.021491406038407,1,1,1,1,1,1,1,1,0,0,0,0,0,1
param_20058,real_001,0.987222501327458,0.9511420982146559,0.9053873083209193,0.9019576754287432,0.06273567467652495,24.689718988250043,1,1,1,1,1,1,1,1,0,0,0,0,1,1
param_20058,real_002,0.9867517566460239,0.9469306964677038,0.8838400994336838,0.8796574773578872,0.09711603292327656,22.410008736188356,1,1,1,1,1,1,1,1,0,0,0,0,1,1
param_20058,real_003,0.9863015361520298,0.9554630941741838,0.8760224769973491,0.8776237915700755,0.061545278861658524,48.3136340262307,1,1,1,1,1,1,1,1,0,0,0,0,1,1
param_20058,real_004,0.9846520036390128,0.943734091543982,0.8969193123901137,0.8929363111864016,0.08461509438708135,16.23107056292546,1,1,1,1,1,1,1,1,0,0,0,0,1,1
param_20058,real_005,0.9859835793653577,0.9518723697802011,0.9144125739155362,0.9084795480354478,0.09611205022941319,16.945895398639767,1,1,1,1,1,1,1,1,0,0,0,0,1,1
param_20059,real_001,0.996730942197722,0.9942625386440241,0.9319935528523046,0.9363769545751971,0.01367962535516742,22.162771108480012,1,1,1,1,1,1,1,1,1,1,1,1,1,1
param_20059,real_002,0.9962281387151748,0.9924339913507325,0.9124483832430357,0.9171534339591885,0.008661334390701766,26.052428439937042,1,1,1,1,1,1,1,1,1,1,1,1,1,1
param_20059,real_003,0.9961788270459075,0.993115046159179,0.91340464771867,0.9209287830443964,0.005995591835737879,41.807216824318076,1,1,1,1,1,1,1,1,1,1,1,1,1,1
param_20059,real_004,0.9973678465036344,0.9942810289175579,0.9350772478236006,0.9400964592295609,0.0031227994979028256,6.037879728710057,1,1,1,1,1,1,1,1,1,1,1,1,1,1
param_20060,real_001,0.9489130108449167,0.7453956895105687,0.7636566555259933,0.7681057530754073,0.119124173981655,32.37879889228451,0,0,0,0,1,0,0,0,0,0,0,0,0,1
param_20060,real_002,0.938835953873223,0.7060707286800768,0.6627492949425541,0.6695739797606641,0.11635269906601235,25.242853924664004,1,0,1,0,0,0,0,0,0,0,0,0,1,1
param_20060,real_003,0.9307041608471988,0.6843069978025291,0.6459851753629848,0.6496214756566054,0.15643122957477756,96.58512459690228,1,0,0,0,1,0,0,0,0,0,0,0,0,1
param_20060,real_004,0.9361711061042556,0.6833843243646028,0.656673797877355,0.6584875060867427,0.1628988115322611,138.95761939701114,0,0,0,0,1,0,0,0,0,0,0,0,0,1
param_20060,real_005,0.948433629596982,0.7631600368673063,0.7739373156069839,0.7776131835279915,0.08857865948240673,38.960017283862086,1,0,0,0,0,0,0,0,0,0,0,0,0,1
param_20061,real_001,0.9532597121983294,0.778919338530311,0.7798415300467636,0.7830331665259139,0.09424264438794043,33.02814086326653,0,0,0,0,1,0,1,0,0,0,0,0,0,1
param_20061,real_002,0.942490573286526,0.7342493459234108,0.6711714048708062,0.678605416048151,0.08512043440773422,22.396077315793306,1,0,1,0,0,0,1,0,0,0,0,0,1,1
param_20061,real_003,0.9303832259916791,0.7079175307844472,0.6605948803599567,0.6665962584776898,0.12256100779421855,97.15266609564863,1,0,0,0,1,0,0,0,0,0,0,0,0,1
param_20061,real_004,0.9399908576180097,0.7176865981709614,0.6647891540185124,0.6695619711204315,0.1284493455200014,136.5892878067015,0,0,0,0,1,0,0,0,0,0,0,0,0,1
param_20061,real_005,0.9525358261817622,0.7970900953582079,0.7899132165618366,0.792318805497587,0.06190512019863813,37.75302323134678,1,0,0,0,1,0,0,0,0,0,0,0,0,1
param_20062,real_001,0.9552280609615268,0.7879729054924638,0.7881813471844302,0.7921590735512127,0.09574468085106383,32.42234776899539,0,0,0,0,1,0,1,0,0,0,0,0,0,1
param_20062,real_002,0.9451424132800789,0.7506090104817504,0.6842233570967388,0.6919013740803308,0.08512720156555773,22.459252515389636,1,0,1,0,0,0,1,0,0,0,0,0,1,1
param_20062,real_003,0.9340248567728315,0.7196342765866423,0.662621774210314,0.6674346105481925,0.12251514375906493,95.76182122999838,1,0,0,0,1,0,0,0,0,0,0,0,0,1
param_20062,real_004,0.9430877849285383,0.7307483319567991,0.6769829343516627,0.6799177108849868,0.11766724430794571,136.6330202662109,0,0,0,0,1,0,0,0,0,0,0,0,0,1
param_20062,real_005,0.9535269499400464,0.8009847195380041,0.8012788870709072,0.8032789836312859,0.052667452656399674,37.63459610477694,1,0,0,0,1,0,0,0,0,0,0,0,0,1
param_20063,real_001,0.9704484055406727,0.8782218197482724,0.829335598401856,0.8309768420990153,0.022894565923360033,32.01991419255942,1,1,1,1,1,1,1,1,0,0,0,0,0,1
param_20063,real_002,0.9622899152253275,0.8418343616724484,0.7281062945661634,0.7379714721840374,0.013887940569992763,9.885409323237198,1,1,1,1,1,1,1,1,0,0,0,0,1,1
param_20063,real_003,0.9519547859952695,0.8297222432387088,0.715976751266561,0.721059652830214,0.08403414640333853,94.76356677352724,1,1,1,1,1,1,0,1,0,0,0,0,0,1
param_20063,real_004,0.9586612448594138,0.8384525326404773,0.7189739670721929,0.727277237305595,0.06470832038130764,122.25024549966507,1,1,1,1,1,1,1,1,1,0,0,0,0,1
param_20063,real_005,0.9689904769405203,0.8922685416095996,0.8389010051222582,0.8406617481921128,0.010678945821495053,27.225898312566216,1,1,1,1,1,1,0,1,0,0,0,0,0,1
param_20064,real_001,0.971377618933872,0.8950042409859189,0.8300569031377723,0.8309432614176714,0.0684906353286816,38.16518819958795,1,1,1,1,1,1,1,1,1,0,1,0,1,1
param_20064,real_002,0.9673502465515701,0.881257277595164,0.7565033095411993,0.7711734990954774,0.008855458331383652,6.561531969832892,1,1,1,1,1,1,1,1,0,0,0,0,1,1
param_20064,real_003,0.9609900279282476,0.8698973563702965,0.725375730057503,0.7361313881430728,0.07593648208469056,98.24622899284704,1,1,1,1,1,1,0,1,1,0,0,0,1,1
param_20064,real_004,0.9657266718669402,0.8738020055895815,0.7404897747904537,0.7551388401015415,0.05230711750420325,109.13238474099323,1,1,1,1,1,1,1,1,1,0,1,0,1,1
param_20064,real_005,0.9685348287179794,0.8980999063043855,0.8492362445374745,0.8512573433215394,0.02106272643318889,28.678114204900467,1,1,1,1,1,1,1,1,0,0,0,0,1,1
param_20065,real_002,0.9811409032292336,0.9492396475017418,0.8107857442864428,0.822223391389285,0.07096574725195208,18.381245300566672,1,1,1,1,1,1,1,1,1,1,1,1,1,1
param_20065,real_003,0.9850489861789572,0.9603848332286254,0.8076493783909976,0.8259605638474392,0.044110384987846876,86.09597887202565,1,1,1,1,1,1,1,1,1,1,0,1,1,1
param_20065,real_004,0.9848937385359012,0.9562081141009311,0.8127632280576218,0.830065083623733,0.026888773952643462,78.29916037034509,1,1,1,1,1,1,1,1,1,1,1,1,1,1
param_20065,real_005,0.9872238130815909,0.9680886124046633,0.8680257402061607,0.8725453004427134,0.08646037010590661,19.8887002496628,1,1,1,1,1,1,1,1,1,1,0,1,1,1
param_20066,real_001,0.914222344342241,0.6624204414157344,0.5931886776457301,0.5953567882473996,0.30244618700990344,25.060631563931985,1,0,1,0,1,0,1,0,0,0,0,0,1,1
param_20066,real_002,0.8991338970702784,0.6417449855734365,0.5681034204967832,0.5679870475152755,0.2877830940988836,180.71968928823236,0,0,1,0,0,0,1,0,0,0,1,0,1,1
param_20066,real_003,0.9163481212439913,0.6701481170559653,0.625018883155496,0.6251110079766284,0.28900776971086484,79.87562076769854,1,0,1,0,0,0,1,0,0,0,1,0,0,1
param_20066,real_004,0.9229282827926163,0.672062404023832,0.66006883509469,0.6618124389837793,0.13909506275182665,17.873958860059506,1,0,0,0,1,0,0,0,0,0,0,0,1,1
param_20066,real_005,0.8931323079446688,0.6292111415722003,0.5091340436971489,0.5133188745766586,0.30704653724997283,189.7130912003087,1,0,0,0,1,0,0,0,0,0,0,0,0,1
param_20067,real_001,0.9188763514733393,0.6907706983160061,0.6128053324360101,0.6149140222856382,0.2873738961447229,24.479880832074205,1,0,1,0,1,0,1,0,1,0,0,0,1,1
param_20067,real_002,0.9037650543936115,0.6700604028347341,0.5798922538734527,0.582572921773503,0.2644937688960991,176.9894005178677,1,0,1,0,1,0,1,0,0,0,1,0,1,1
param_20067,real_003,0.9209962299827517,0.698708307807897,0.6417162999800397,0.640849086689909,0.24491649885687464,78.88575352208642,1,0,1,0,0,0,1,0,0,0,1,0,0,1
param_20067,real_004,0.9233071099926695,0.7009143993181484,0.6776817256757504,0.6756898180885248,0.11977337310482376,20.20857107240861,1,0,0,0,1,0,0,0,0,0,0,0,1,1
param_20067,real_005,0.8973479477881031,0.6535101189781233,0.5299781195261851,0.5394598188903926,0.28887779837444744,185.38797349601822,1,0,0,0,1,0,0,0,1,0,0,0,0,1
param_20068,real_001,0.9201849853126189,0.6994425370986684,0.6163921219900594,0.6178799416500013,0.27475425557420285,25.21428674643172,1,0,1,0,1,0,1,0,1,0,0,0,1,1
param_20068,real_002,0.9069806463731893,0.6943060915272858,0.5956665591812486,0.598327830347158,0.2559609931130274,178.39833930499012,1,0,1,0,1,0,1,0,0,0,1,0,1,1
param_20068,real_003,0.923619958475805,0.7146944998446702,0.6519955828489651,0.6500294718545745,0.23885854683776622,79.70594859144099,1,0,1,0,0,0,1,0,0,0,1,0,0,1
param_20068,real_004,0.9242303490872282,0.7073959418475658,0.6811045555422979,0.6788295090240004,0.10926160081755669,18.574610026822103,1,0,0,0,1,0,0,0,0,0,0,0,1,1
param_20068,real_005,0.9016675438244437,0.6742640823146874,0.5461860213443571,0.5565575015770375,0.27453940129221566,185.2463849371436,1,0,0,0,1,0,0,0,1,0,0,0,0,1
param_20069,real_001,0.9432097628608518,0.807749476137062,0.6933802123755314,0.698294209005286,0.19048473162638446,24.439895060311546,1,1,1,1,1,1,1,1,1,0,0,0,1,1
param_20069,real_002,0.933575883896163,0.7874200731411689,0.6555689844275899,0.6651233955433078,0.19114665591361718,153.20561613699314,1,1,1,1,1,1,1,1,0,0,1,0,1,1
param_20069,real_003,0.9435081478451639,0.8105371139442183,0.7026879340408995,0.7052194184797059,0.12056703039750584,79.17970614661064,1,1,1,1,1,1,1,1,0,0,1,0,0,1
param_20069,real_004,0.9394060750196986,0.8034346709622249,0.7348848948926384,0.7335886196747178,0.0766791545730031,32.87274510953432,1,1,1,1,1,1,1,1,0,0,0,0,1,1
param_20069,real_005,0.9261796668214584,0.7726433927796852,0.6157181066101574,0.6240624824906224,0.22131642512077296,167.17962048134206,1,1,1,1,1,1,1,1,1,0,1,0,0,1
param_20070,real_001,0.9308543975672962,0.818951861629937,0.6911317523973242,0.6865908643166541,0.1766654573921677,17.307454863782482,1,1,1,1,1,1,1,1,1,0,0,0,1,1
param_20070,real_002,0.934349720425695,0.8383291382866598,0.6943326694378185,0.6961020497138538,0.18102826103471853,127.96017948589142,1,1,1,1,1,1,1,1,0,0,1,0,1,1
param_20070,real_003,0.9420743640467509,0.8404877938049835,0.7065499837171619,0.7117460814180758,0.13347400150715902,82.78933276103693,1,1,1,1,1,1,1,1,0,0,1,0,1,1
param_20070,real_004,0.9413607956604116,0.8365037438207059,0.7322111497183366,0.7328358783742351,0.06399166458643107,39.24174575766515,1,1,1,1,1,1,1,1,0,0,0,0,1,1
param_20070,real_005,0.9248622211381022,0.8187459406807769,0.6629347539167739,0.6730437936305662,0.19387373576863398,148.07342321595203,1,1,1,1,1,1,1,1,1,0,1,0,1,1
param_20071,real_001,0.9802356966158635,0.9455219459715835,0.8206893131881193,0.8355195372305974,0.017939546022113777,26.80210362332894,1,1,1,1,1,1,1,1,1,1,1,1,1,1
param_20071,real_002,0.9735885126211212,0.9289451630364508,0.7778907168736956,0.7915206185852659,0.034733697724672684,84.99308727472499,1,1,1,1,1,1,1,1,1,1,1,1,1,1
param_20071,real_004,0.9781771529147498,0.9459915463771396,0.8267347347549725,0.8389344934799164,0.06788888524482634,55.71535079463043,1,1,1,1,1,1,1,1,1,1,1,1,1,1
param_20071,real_005,0.9719593091871331,0.9334457753271876,0.773258770519417,0.795513681483092,0.043755609693550454,130.69152201612386,1,1,1,1,1,1,1,1,1,1,1,1,1,1
param_20072,real_001,0.9722571952369353,0.8665807820466775,0.8722917387039593,0.8873494078487448,0.021152043173035148,18.212568350648773,0,0,0,0,0,0,0,0,0,0,0,0,0,1
param_20072,real_002,0.971067395637381,0.8572524678003153,0.8540371458866036,0.864306099394351,0.028395090159592844,7.648453397906829,0,0,0,0,0,0,0,0,0,0,0,0,1,1
param_20072,real_003,0.9679041301606293,0.8537890226340416,0.820474142001713,0.8257536391486313,0.016365999251084826,59.596868846055116,0,0,0,0,1,0,0,0,0,0,0,0,1,1
param_20072,real_004,0.9690422195800745,0.8622017854093342,0.8750757242429792,0.8849533085982061,0.016711443012613268,26.115300274750727,0,0,0,0,0,0,0,0,0,0,0,0,1,1
param_20072,real_005,0.9710923543697997,0.8593575287095235,0.86433012444169,0.8806366171571669,0.016318077334486446,21.86479714066428,0,0,0,0,0,0,0,0,0,0,0,0,1,1
param_20073,real_001,0.9779443414879511,0.906192833116084,0.8916277024769894,0.9015127281946859,0.0513988151708726,17.971857315278054,0,0,0,0,0,0,0,0,0,0,0,0,0,1
param_20073,real_002,0.9760941041575643,0.8923375381126897,0.8626595691961784,0.865794939792967,0.06259987641957684,7.969372286690184,0,0,0,0,0,0,0,0,0,0,0,0,1,1
param_20073,real_003,0.9732693722151137,0.8873294617398078,0.8344951070692125,0.836632243398792,0.021339777591185567,58.64367230924405,1,0,0,0,1,0,0,0,0,0,0,0,1,1
param_20073,real_004,0.9744500405618421,0.9006370579752242,0.8837084923670563,0.8892324521949615,0.04727005459890802,26.318051998176255,0,0,0,0,0,0,0,0,0,0,0,0,1,1
param_20073,real_005,0.976588852921508,0.9019718595878846,0.8829848063257397,0.8930150228442697,0.04395972451905968,21.496736966829985,0,0,0,0,0,0,0,0,0,0,0,0,1,1
param_20074,real_001,0.9781747816262597,0.9013140768618126,0.892989523355135,0.8999123000634386,0.04814218453824674,17.059994561717712,0,0,0,0,0,0,0,0,0,0,0,0,0,1
param_20074,real_002,0.9765368999911374,0.8908348373125407,0.8703780578105466,0.8731543864779467,0.06390681893412777,7.121713518462446,0,0,0,0,0,0,0,0,0,0,0,0,1,1
param_20074,real_003,0.9738612386178689,0.8917805126722572,0.8342273972612972,0.8359793500370745,0.01708826961492059,57.47120892365224,1,0,0,0,1,0,0,0,0,0,0,0,1,1
param_20074,real_004,0.9739420705929809,0.8929297476894993,0.885948620852658,0.8913557939997776,0.04675541442761765,26.772080631898216,0,0,0,0,0,0,0,0,0,0,0,0,1,1
param_20074,real_005,0.9768197110081835,0.8965636911494761,0.8888064955012059,0.895977507195567,0.047459008045625826,21.299977434224612,0,0,0,0,0,0,0,0,0,0,0,0,1,1
param_20075,real_001,0.9907392071994506,0.9724080758493071,0.9229019140398317,0.9255428858173929,0.04737040582484843,14.241223520821277,1,1,1,1,1,1,1,1,0,0,0,0,0,1
param_20075,real_002,0.9889691650579927,0.9596928493767354,0.8815709343519026,0.8807575626960457,0.06907884996891007,7.3311006357647726,1,1,1,1,1,1,1,1,0,0,0,0,1,1
param_20075,real_003,0.9856381826551965,0.95527730606535,0.8666468733052208,0.863806633450557,0.03424471147648988,50.723952909307506,1,1,1,1,1,1,1,1,0,0,0,0,0,1
param_20075,real_004,0.9894235187129482,0.9674684649590297,0.9060309603008005,0.9079975535435978,0.0613480701960669,25.979684530392177,1,1,1,1,1,1,1,1,0,0,0,0,1,1
param_20075,real_005,0.9908187803253106,0.9733181511829271,0.9193171884649075,0.9200667129279385,0.054251343144125205,15.634153867275815,1,1,1,1,1,1,1,1,0,0,0,0,0,1
param_20076,real_001,0.9857787364683317,0.9484077707246092,0.910300656999451,0.9077487874279072,0.05263093654261617,16.098057475922285,1,1,1,1,1,1,1,1,0,0,0,0,1,1
param_20076,real_002,0.984340486645922,0.9428934944800865,0.8864078855326193,0.8809187185891915,0.1102371327789078,7.876386648216165,1,1,1,1,1,1,1,1,0,0,0,0,1,1
param_20076,real_003,0.985428517649936,0.9533768186528312,0.8741977106822961,0.8765388767885353,0.0397998553170967,51.39608110281104,1,1,1,1,1,1,1,1,0,0,0,0,1,1
param_20076,real_004,0.9808181255187681,0.937947305379267,0.8886233930544831,0.8844577320086183,0.10022325700070167,23.112620802507067,1,1,1,1,1,1,1,1,0,0,0,0,1,1
param_20076,real_005,0.9841891092255005,0.9467472802584456,0.9097401144840808,0.9049352688320041,0.1082112567463377,14.438172623173909,1,1,1,1,1,1,1,1,0,0,0,0,1,1
param_20077,real_001,0.9969470556847722,0.9944858061801427,0.9402136456146833,0.9442693643509642,0.024582404678026217,14.770690787359245,1,1,1,1,1,1,1,1,1,1,1,1,1,1
param_20077,real_002,0.9963010677767045,0.9919215991552578,0.9109240096547958,0.9166551841855327,0.007498399731764562,16.78306869535293,1,1,1,1,1,1,1,1,1,1,1,1,1,1
param_20077,real_003,0.9955319277244888,0.9918709094384753,0.9092201054368918,0.9155421992975525,0.01605806771343269,42.46000136461238,1,1,1,1,1,1,1,1,1,1,1,1,1,1
param_20077,real_004,0.9971619340307663,0.9913898440718866,0.9384013213899911,0.943136279705883,0.005807420796795232,11.12918920350343,1,1,1,1,1,1,1,1,1,1,1,1,1,1
param_20077,real_005,0.9974149916918407,0.9954354507261869,0.9416969314588399,0.9470391870494902,0.0005961599921331465,9.149116109439543,1,1,1,1,1,1,1,1,1,1,1,1,1,1
param_20078,real_001,0.9361254101697029,0.6310301214285522,0.5761735497472817,0.5919024102279592,0.01798830100716893,94.52958534195744,0,0,0,0,0,0,0,0,0,0,0,0,1,1
param_20078,real_002,0.9390268274374687,0.7124584185336579,0.7043863031698772,0.7072213510825178,0.09432737745147748,130.78687301738253,0,0,0,0,0,0,1,0,0,0,0,0,1,1
param_20078,real_003,0.9347070505634634,0.7044220938507754,0.6650899531820322,0.6854018771892634,0.1547706925595745,55.47934627506021,0,0,1,0,0,0,0,0,0,0,0,0,1,1
param_20078,real_004,0.9405924248973833,0.7078388107728066,0.7391176455128584,0.7492365623141977,0.11424944462075531,29.788141208313906,0,0,0,0,0,0,0,0,0,0,0,0,1,1
param_20078,real_005,0.9294880332611506,0.6832234872595209,0.6617087614034332,0.6769067820606233,0.19735423107340572,44.85389639391127,1,0,0,0,1,0,0,0,0,0,0,0,0,1
param_20079,real_001,0.9408702212479999,0.6699196979635798,0.584065833124508,0.6018737413788977,0.0003610615208713618,92.89807075483593,1,0,0,0,0,0,0,0,0,0,0,0,1,1
param_20079,real_002,0.943633740574916,0.7570534023744662,0.7086858065602298,0.7147196715852746,0.10163385153027218,126.51121026151353,0,0,0,0,0,0,1,0,0,0,0,0,1,1
param_20079,real_003,0.9390893905044689,0.7459051093123766,0.6795282129511991,0.6955131349262758,0.16465385839433175,52.77977252123601,1,0,1,0,0,0,1,0,0,0,0,0,1,1
param_20079,real_004,0.9491729302402743,0.7672544376057019,0.7649971003410398,0.7747744979822144,0.11555855072977814,29.20843177034317,0,0,0,0,0,0,0,0,0,0,0,0,1,1
param_20079,real_005,0.9413526775540749,0.7368435377065241,0.685788676734528,0.6994304929094483,0.17351386287930262,41.7068560847187,1,0,0,0,1,0,0,0,0,0,0,0,0,1
param_20080,real_001,0.9417128484186381,0.6891155388850724,0.6037345305211247,0.6222025887041748,0.012961175566805209,92.80365743011883,1,0,0,0,0,0,0,0,0,0,0,0,1,1
param_20080,real_002,0.9464634742885534,0.765796339596444,0.7186269929987874,0.7253933127538735,0.08866165733323882,126.76253688840193,0,0,1,0,0,0,1,0,0,0,0,0,1,1
param_20080,real_003,0.9408591056690776,0.7574858040724136,0.6951592875297036,0.7106419126264797,0.1494517126742859,52.27200757959017,1,0,1,0,0,0,1,0,0,0,0,0,1,1
param_20080,real_004,0.9500440099523816,0.7747949278978481,0.7673233637230321,0.7775459067304149,0.10045829834872656,29.621187459211914,0,0,0,0,0,0,0,0,0,0,0,0,1,1
param_20080,real_005,0.942739701634225,0.7449230642873672,0.692463009925321,0.7070263771274518,0.16492099835988372,42.16200583098683,1,0,0,0,1,0,0,0,0,0,0,0,0,1
param_20081,real_001,0.9577196546188641,0.8082292994971738,0.6479745196278958,0.6675691000773659,0.02848515923204011,84.1759701400288,1,1,0,1,1,1,1,1,0,0,0,0,1,1
param_20081,real_002,0.9650332275734448,0.8806298613727379,0.7532113760228186,0.7587338509797378,0.11871026007151661,120.4635712394653,1,1,1,1,1,1,1,1,0,0,1,0,1,1
param_20081,real_003,0.9544477075727826,0.8592263166723743,0.7335310832926855,0.746114220868387,0.13438739915850545,44.33432964410451,1,1,1,1,1,1,1,1,0,0,0,0,1,1
param_20081,real_004,0.9675436768894576,0.897959517546574,0.8336251290662693,0.8422402859655368,0.07823489615909932,28.727940171888527,1,1,1,1,1,1,1,1,0,0,0,0,1,1
param_20081,real_005,0.9665634411019228,0.8684260818202787,0.7621436299302357,0.772905194299803,0.14250768883664042,32.57221578804249,1,1,1,1,1,1,1,1,0,0,0,0,0,1
param_20082,real_001,0.9571889273812968,0.8498237559879875,0.6830738442550895,0.7059893005795597,0.09351304744756929,74.8362358219843,1,1,0,1,1,1,1,1,0,0,0,0,1,1
param_20082,real_002,0.9649957472381798,0.8868795474560688,0.7693736356085112,0.7725401897591724,0.08707802724761028,107.90923348182615,1,1,1,1,1,1,1,1,0,0,1,0,1,1
param_20082,real_003,0.9531838258364295,0.8683743311401579,0.7661035849436176,0.768644354435716,0.08612997912450063,46.86573340503554,1,1,1,1,1,1,1,1,0,0,1,0,1,1
param_20082,real_004,0.9668563901875575,0.8983534558129707,0.8393325045759765,0.8460769682021326,0.021500862303712443,25.683945535329453,1,1,1,1,1,1,1,1,0,0,0,0,1,1
param_20082,real_005,0.9630303154982778,0.8713703191554727,0.7727479226734979,0.7828660635941245,0.10702341137123746,22.248732304367913,1,1,1,1,1,1,1,1,1,0,1,0,1,1
param_20083,real_001,0.9803919646910657,0.9452608508690532,0.7491412307366561,0.7722609602823531,0.13496462058628741,68.32472350517136,1,1,1,1,1,1,1,1,1,1,1,1,1,1
param_20083,real_002,0.9857328421054613,0.9681776438761054,0.8353998046070004,0.8500262317871242,0.04849710408350526,116.00160351180983,1,1,1,1,1,1,1,1,1,1,1,1,1,1
param_20083,real_003,0.9815604329969736,0.9604008965950699,0.8182239892261566,0.8361852910707492,0.04449870001819388,34.44722847686488,1,1,1,1,1,1,1,1,1,1,1,1,1,1
param_20083,real_004,0.986122381291784,0.9706204247137236,0.8663884982588942,0.8741685321978507,0.0013161860127559337,33.645888339647115,1,1,1,1,1,1,1,1,1,1,1,1,1,1
param_20083,real_005,0.9872348402048466,0.9675088568816396,0.8569605520947063,0.8698525839304196,0.03614921467518397,31.335003839569783,1,1,1,1,1,1,1,1,1,1,1,1,1,1
param_20084,real_001,0.9242834436016214,0.6773199640152273,0.6516922956062484,0.6557768994949239,0.14430796941767107,122.67953301651062,0,0,0,0,0,0,1,0,0,0,0,0,1,1
param_20084,real_002,0.9142957732694857,0.6015764829564539,0.5529438037875233,0.562908062613835,0.004724971026121066,276.4528965038867,0,0,0,0,0,0,0,0,0,0,0,0,1,1
param_20084,real_003,0.9033514697054494,0.5905184857696986,0.5284900888845778,0.5412509644069776,0.24107340119984363,61.10864870426156,0,0,1,0,0,0,0,0,0,0,0,0,1,1
param_20084,real_004,0.9025034032659082,0.6207235095123252,0.5429786750644751,0.5568814825964047,0.17958516286674872,201.8177706026308,0,0,0,0,1,0,1,0,0,0,0,0,1,1
param_20084,real_005,0.9146315276224226,0.6372974536714763,0.557004933728011,0.5769716185899799,0.12820412705230072,23.543058743946325,1,0,0,0,0,0,0,0,0,0,0,0,1,1
param_20085,real_001,0.9299550418269902,0.7201668163222428,0.6693646919273024,0.6707353109759238,0.13674681068356095,115.35401910149987,0,0,0,0,0,0,1,0,0,0,0,0,1,1
param_20085,real_003,0.9067144996374215,0.6209435097000686,0.5401269709609862,0.5524022031577263,0.2247629410850303,63.15195249115365,0,0,1,0,0,0,1,0,0,0,0,0,1,1
param_20085,real_004,0.9080211469779066,0.6691471032454313,0.5603930244819998,0.5753298041482711,0.1568581041099596,195.8187609443599,0,0,0,0,1,0,1,0,1,0,0,0,1,1
param_20085,real_005,0.918875821693263,0.6703601811090409,0.5669056034804841,0.5849471368649348,0.13972503493125873,23.519061239615972,1,0,0,0,1,0,0,0,0,0,0,0,1,1
param_20086,real_001,0.9324331359530942,0.7328533273559453,0.6828023089686214,0.6847202698838555,0.121150493898896,115.12043630884176,0,0,0,0,0,0,1,0,0,0,0,0,1,1
param_20086,real_003,0.9085698885257492,0.6499942673514272,0.5602953815253207,0.5740487817109967,0.2131074794956543,63.22139571718846,0,0,1,0,0,0,1,0,0,0,0,0,1,1
param_20086,real_004,0.9102892980448122,0.681408552687484,0.5725742244089147,0.5895211767586118,0.14824016563146997,195.98303040996942,0,0,0,0,1,0,1,0,1,0,0,0,1,1
param_20086,real_005,0.921254139937716,0.6956688325602398,0.5928147350687909,0.6113598751483172,0.13312093321196183,24.929167451336944,1,0,0,0,1,0,0,0,0,0,0,0,1,1
param_20087,real_001,0.952273705893538,0.8371850251745463,0.7282231819088953,0.727374452328877,0.10505769063936844,99.03285524318115,1,1,1,1,1,1,1,1,0,0,1,0,1,1
param_20087,real_002,0.9195655874997901,0.7661248463881973,0.6026809503577196,0.6033698816766974,0.02948220802919708,248.55628934878763,0,1,1,1,0,1,1,1,0,0,1,0,1,1
param_20087,real_003,0.9251700440235343,0.7456874536217576,0.5729511990189544,0.5823225491903746,0.17049187860408482,77.55551554809917,1,1,1,1,1,1,1,1,0,0,1,0,1,1
param_20087,real_004,0.9351210842764662,0.8102802868704115,0.6358011875797559,0.6540763604147025,0.10319047205076937,175.11358413852122,1,1,1,1,1,1,1,1,1,0,1,0,0,1
param_20087,real_005,0.9405147820695577,0.7878924400153603,0.620923134356341,0.6372481253577942,0.08416193181818182,30.596138674318105,1,1,1,1,1,1,1,1,0,0,0,0,1,1
param_20088,real_001,0.9486439576457358,0.8617236039970715,0.7441236890726038,0.7384982075419816,0.07035831321145222,83.39756324822733,1,1,1,1,1,1,1,1,0,0,1,0,1,1
param_20088,real_002,0.9264505660892772,0.8153427861292849,0.6315033465276464,0.6385284271485583,0.04033921613568645,209.78391575489275,0,1,1,1,0,1,1,1,0,0,1,0,1,1
param_20088,real_003,0.9278279766088192,0.8196625525948336,0.6353747879384247,0.6505042652711593,0.1376331183440828,73.90043057129714,1,1,1,1,1,1,1,1,0,0,1,0,1,1
param_20088,real_004,0.9305620630210346,0.8474913536674558,0.6631428297841174,0.6802652822561427,0.13769347678278607,159.4546826977663,1,1,1,1,1,1,1,1,1,0,1,0,1,1
param_20088,real_005,0.9393383156865902,0.8397253761739931,0.6951807544049597,0.7114840598626608,0.08397506027807577,20.168238109171778,1,1,1,1,1,1,1,1,1,0,0,0,1,1
param_20089,real_001,0.9740431001783426,0.9439409600312655,0.7874641304837663,0.7979358909581517,0.014318580856087667,93.9678662685167,1,1,1,1,1,1,1,1,1,1,1,1,1,1
param_20089,real_002,0.9515591025383879,0.9124458634318379,0.6722024898478608,0.6901340326560075,0.10893523690161568,233.58680768114002,1,1,1,1,1,1,1,1,0,1,1,1,1,1
param_20089,real_003,0.9560228854095807,0.9045759630823695,0.6391923109481557,0.6645742689963812,0.1096457149088728,130.9970749577975,1,1,1,1,1,1,1,1,0,1,1,1,1,1
param_20089,real_004,0.9705288525825627,0.9408366211372373,0.7766864544594237,0.8014130315478851,0.02939159984499359,131.65030340813865,1,1,1,1,1,1,1,1,1,1,1,1,1,1
param_20089,real_005,0.9730811547094912,0.9333919922111612,0.7403610917556912,0.7716432448868932,0.023930817610062893,40.4958672320158,1,1,1,1,1,1,1,1,1,1,1,1,1,1
param_20090,real_001,0.967181812073841,0.8458508294949385,0.8557344491751406,0.872041997682981,0.0003357883190436749,10.33040646667006,0,0,0,0,0,0,0,0,0,0,0,0,1,1
param_20090,real_002,0.9663726339116643,0.8420787346796251,0.7997390986106195,0.8150598164365982,0.042127842127842124,37.46784565740502,0,0,0,0,0,0,0,0,0,0,0,0,0,1
param_20090,real_003,0.9692679336289568,0.8549421156747283,0.8279238021967213,0.8454184729566084,0.012952566199549091,32.975357092635754,0,0,0,0,0,0,0,0,0,0,0,0,0,1
param_20090,real_004,0.9698005165542298,0.8561739732255547,0.8324617640498593,0.8495818113419014,0.00589924534182231,40.00274565450961,0,0,0,0,0,0,0,0,0,0,0,0,1,1
param_20090,real_005,0.9718130837170967,0.874631892409306,0.8677094981111896,0.8816077330152073,0.0186363740048815,19.980431591745766,0,0,0,0,0,0,0,0,0,0,0,0,1,1
param_20091,real_001,0.9748262147602744,0.8931681551465739,0.8782187257173129,0.8886950420205447,0.02524515346504122,10.605693913069658,0,0,0,0,0,0,0,0,0,0,0,0,1,1
param_20091,real_002,0.9751784652464763,0.8944540129660135,0.8193062361745279,0.8326844215919764,0.012631412223564117,36.64840943733409,0,0,1,0,0,0,0,0,0,0,0,0,0,1
param_20091,real_003,0.9766798455545761,0.9037890342867182,0.8485178756803714,0.8618323954484088,0.0200028633955781,32.762192167938636,0,0,1,0,0,0,0,0,0,0,0,0,0,1
param_20091,real_004,0.9759755998412534,0.8965450887510633,0.854857404775762,0.8668504166237792,0.021737348903913132,39.95431895621213,0,0,0,0,0,0,0,0,0,0,0,0,1,1
param_20091,real_005,0.97790151158969,0.9114517698068074,0.8865068071010552,0.8951793115036195,0.03783322581316463,19.90199849470091,0,0,0,0,0,0,0,0,0,0,0,0,1,1
param_20092,real_001,0.9748123958528917,0.8896911170923409,0.8782887264172372,0.887067003738851,0.0258328346299621,9.689267078078093,0,0,0,0,0,0,0,0,0,0,0,0,1,1
param_20092,real_002,0.9760924438550357,0.8939681715605826,0.8210209769109893,0.8345666999501853,0.01577063675859825,35.824466755778765,0,0,1,0,0,0,0,0,0,0,0,0,0,1
param_20092,real_003,0.9772660353809876,0.8981323566218484,0.8487653080293808,0.8622975749053207,0.015862668405041285,32.27001157545044,0,0,1,0,0,0,0,0,0,0,0,0,0,1
param_20092,real_004,0.9761649969592743,0.8971910672961705,0.853391154764473,0.8656303292020595,0.026672522909221584,38.745815693916285,0,0,0,0,0,0,0,0,0,0,0,0,1,1
param_20092,real_005,0.9784542640072417,0.9117213837831286,0.8870615655475986,0.8928885933768229,0.04160337039962731,19.04217959745435,0,0,0,0,0,0,0,0,0,0,0,0,1,1
param_20093,real_001,0.9903832776261356,0.9690233832360569,0.9132133966779312,0.9144815025251954,0.05191702598764713,9.629119257220484,1,1,1,1,1,1,1,1,0,0,0,0,1,1
param_20093,real_002,0.9885194777113506,0.9651451763006947,0.8540139709980947,0.8614670337646172,0.00463278565366797,29.852245975595192,1,1,1,1,1,1,1,1,0,0,0,0,0,1
param_20093,real_003,0.9889762026245649,0.9693702192213567,0.8820376218855566,0.8870949885435003,0.053466964272688815,31.781091750709432,1,1,1,1,1,1,1,1,0,0,0,0,0,1
param_20093,real_004,0.9898030795919955,0.9677505698071672,0.8970123617591984,0.9028236349734962,0.025025195531519256,34.260961898286496,1,1,1,1,1,1,1,1,0,0,0,0,1,1
param_20093,real_005,0.9903927866575306,0.9722914055225657,0.9187015016088671,0.918854718303473,0.042080350958208265,17.471192807129043,1,1,1,1,1,1,1,1,0,0,0,0,1,1
param_20094,real_001,0.985709992718196,0.9516464118250089,0.9097446861033059,0.908384098799909,0.05320941820135802,12.113168561417393,1,1,1,1,1,1,1,1,0,0,0,0,1,1
param_20094,real_002,0.9872325816219505,0.9577112056971253,0.8811349522047013,0.8933804586480963,0.018002322880371662,31.517898310570178,1,1,1,1,1,1,1,1,0,0,0,0,1,1
param_20094,real_003,0.986006508088892,0.9510166751617694,0.8883585089717602,0.8913977644782419,0.033024292079919505,32.68814036840499,1,1,1,1,1,1,1,1,0,0,0,0,1,1
param_20094,real_004,0.9855901068049306,0.9519760690395814,0.8988166763366304,0.9013079266991777,0.05088649241454944,34.45143402141116,1,1,1,1,1,1,1,1,0,0,0,0,1,1
param_20094,real_005,0.9874525501100868,0.959567147357589,0.9162398653892059,0.9139124564193479,0.0767607656099784,18.424846035650354,1,1,1,1,1,1,1,1,0,0,0,0,1,1
param_20095,real_001,0.9969280888784214,0.9941240831911411,0.9313519822361562,0.9367477288381844,0.01929425087947569,16.615962149772386,1,1,1,1,1,1,1,1,1,1,1,1,1,1
param_20095,real_002,0.9957815898907776,0.9919574300779854,0.8970629278481275,0.9063440998147558,0.02386305722936715,23.694158020419515,1,1,1,1,1,1,1,1,1,1,1,1,1,1
param_20095,real_003,0.995953871703938,0.9933690354501229,0.9174784605008852,0.9263037885549088,0.0031362448858875142,38.3461785289669,1,1,1,1,1,1,1,1,1,1,1,1,1,1
param_20095,real_004,0.99700551325046,0.9944683817313318,0.9353325652920478,0.9411412139960816,0.007437890565462582,23.611971985954913,1,1,1,1,1,1,1,1,1,1,1,1,1,1
param_20095,real_005,0.9969966099222263,0.9944801579799984,0.938882822089454,0.9425838475091353,0.014891145184127407,16.28756909414531,1,1,1,1,1,1,1,1,1,1,1,1,1,1
param_20096,real_001,0.9442754744921257,0.7490862432638893,0.7491934303303414,0.7604301739287466,0.016919818732493794,82.63149057369084,0,0,0,0,0,0,0,0,0,0,0,0,1,1
param_20096,real_002,0.9131457747047907,0.5873728569653209,0.4584152179459023,0.4750816381361651,0.3357662050192935,364.4063083406138,0,0,0,0,1,0,0,0,0,0,0,0,1,1
param_20096,real_003,0.9315435363349112,0.6920660647200294,0.7064315433168125,0.7146149574751423,0.1805787474539883,15.532317882852137,0,0,0,0,1,0,0,0,0,0,0,0,0,1
param_20096,real_004,0.9322237245258965,0.6744212069464848,0.6925949263032334,0.6995919961504655,0.09900530637774146,153.28879912842348,0,0,0,0,0,0,1,0,0,0,0,0,1,1
param_20096,real_005,0.9507410942179705,0.7580024070007745,0.7871458705893098,0.7961552113436801,0.07828850956676092,73.21946077451935,0,0,0,0,0,0,0,0,0,0,0,0,1,1
param_20097,real_001,0.9514691698943902,0.8003409993501872,0.7680136043883141,0.7783747671340726,0.010823519873522914,81.56039511870432,0,0,0,0,0,0,0,0,0,0,0,0,1,1
param_20097,real_002,0.9149770441294034,0.6297671512818143,0.47279813755294187,0.49285772806032907,0.2667259334518669,359.5525094613413,0,0,0,0,1,0,0,0,0,0,0,0,1,1
param_20097,real_003,0.9388854895896014,0.7414850042869824,0.724707589043559,0.7307414027167547,0.16253568429890847,14.962442074234891,0,0,0,0,1,0,0,0,0,0,0,0,1,1
param_20097,real_004,0.9396431648668154,0.7346882543411308,0.6970203017782268,0.704084504848708,0.10790118598286318,151.90971863690913,0,0,0,0,0,0,1,0,0,0,0,0,1,1
param_20097,real_005,0.9576891653302069,0.8045409219201548,0.8007532094422342,0.8066796750625558,0.0879980981292175,71.24095314994418,0,0,0,0,1,0,0,0,0,0,0,0,1,1
param_20098,real_001,0.9515917208329104,0.8007345010509281,0.7722611143060862,0.7817253658336308,0.03323220349199333,82.2121703255042,0,0,0,0,0,0,0,0,0,0,0,0,1,1
param_20098,real_002,0.9159237633004709,0.6421421143027761,0.48575111620108347,0.5092612727230967,0.2845331468251986,355.49108314146815,0,0,0,0,1,0,0,0,0,0,0,0,1,1
param_20098,real_003,0.9405935003901501,0.7475778666445676,0.7337447451966902,0.7390236121410758,0.15095429929996038,13.939157451050896,0,0,0,0,1,0,0,0,0,0,0,0,1,1
param_20098,real_004,0.9425206274719171,0.7477231274518098,0.7130460803864669,0.7241396257262832,0.08629757293628514,152.08744721569877,0,0,0,0,0,0,1,0,0,0,0,0,1,1
param_20098,real_005,0.9587264441690325,0.8109406293517587,0.8109399971897399,0.8151428868946834,0.08081006685017696,71.90018470633544,0,0,0,0,1,0,0,0,0,0,0,0,1,1
param_20099,real_001,0.971077095957471,0.9179861338997661,0.8312801638691806,0.8420493169782937,0.02804996231291052,76.58722785537628,1,1,1,1,1,1,0,1,0,0,0,0,1,1
param_20099,real_002,0.9324558324677501,0.7906928574023878,0.5706078870914711,0.5967341289221852,0.039455312288580846,335.7284253883381,1,1,0,1,1,1,0,1,1,0,0,0,1,1
param_20099,real_003,0.9614955869790198,0.8766793056783841,0.7872052020705859,0.7906910682789723,0.09003616568166639,12.84524032077256,1,1,1,1,1,1,0,1,0,0,0,0,1,1
param_20099,real_004,0.9662155031626594,0.8884969804733616,0.7508721123786967,0.7651867258984345,0.08438256812101386,152.57676748908122,1,1,1,1,1,1,1,1,0,0,0,0,1,1
param_20099,real_005,0.9760673114892618,0.9164455387069103,0.847019380713279,0.8555999209811859,0.09720329553552452,67.6306818217114,1,1,1,1,1,1,1,1,0,0,0,0,1,1
param_20100,real_001,0.9689454292111667,0.9062472843104424,0.8269636919061516,0.8363345144238398,0.050476874916257596,72.18173209442296,1,1,1,1,1,1,1,1,0,0,0,0,1,1
param_20100,real_002,0.9384169140479665,0.8361919275751688,0.6085822664583391,0.6333874643912027,0.08655554295649545,288.16585318119047,1,1,1,1,1,1,0,1,1,0,0,0,1,1
param_20100,real_003,0.96392217385531,0.8810049725746132,0.8027053559942374,0.8130314332356916,0.039771525280304636,16.714392442449174,1,1,1,1,1,1,1,1,1,0,0,0,1,1
param_20100,real_004,0.9637195899004871,0.8873894244785729,0.7897323991780254,0.8023423573915224,0.008085664335664336,136.81139741298398,1,1,1,1,1,1,1,1,0,0,0,0,1,1
param_20100,real_005,0.9723734869283405,0.9063469801954759,0.854882980602331,0.8614767756245049,0.038733336305675686,59.8688290163776,1,1,1,1,1,1,1,1,1,0,0,0,1,1
param_20101,real_001,0.9891899555678895,0.9798199048293762,0.9010669676711749,0.9098922245812711,0.06426582295030528,63.45105748013904,1,1,1,1,1,1,1,1,1,1,1,1,1,1
param_20101,real_002,0.9680990098162365,0.9393091679925989,0.7340503872410724,0.7589353332487494,0.051949730236164504,244.17407613920503,1,1,1,1,1,1,1,1,1,1,1,1,1,1
param_20101,real_003,0.9866163163003512,0.9702816520548526,0.8673975391788729,0.8852036779645596,0.024085407887401617,18.088715920452795,1,1,1,1,1,1,1,1,1,1,1,1,1,1
param_20101,real_004,0.985281120052117,0.9713518582755143,0.8457762430668742,0.8637199094898925,0.0269900371142893,129.4579745246854,1,1,1,1,1,1,1,1,1,1,1,1,1,1
param_20101,real_005,0.9907919416762581,0.9790017510995894,0.9057727224301381,0.909587301001322,0.03390715586966455,51.76705976049853,1,1,1,1,1,1,1,1,1,1,1,1,1,1
param_20102,real_001,0.9122541722904303,0.6342279791625939,0.6623680785268661,0.6558003823364448,0.1910877637895118,153.29377909734532,0,0,0,0,1,0,0,0,0,0,0,0,0,1
param_20102,real_002,0.905115743377846,0.5242196968078272,0.44816366318096795,0.4694788631558006,0.08362048046590634,403.75872993972786,0,0,0,0,0,0,0,0,0,0,0,0,1,1
param_20102,real_003,0.9005036220462724,0.6082959536381464,0.5429616813432119,0.5502855705892211,0.24722699841542767,83.04332693084582,1,0,0,0,1,0,0,0,1,0,0,0,1,1
param_20102,real_004,0.9030070923228776,0.5787484373522961,0.479391305333695,0.4934936706844596,0.16990110788906237,373.6402830254917,0,0,0,0,1,0,0,0,0,0,0,0,1,1
param_20102,real_005,0.9125961989455412,0.5719794414494643,0.5727425787592638,0.5784570499472254,0.019217601679828365,313.592698995379,0,0,0,0,0,0,0,0,0,0,0,0,1,1
param_20103,real_001,0.9180558600636123,0.6793363891020747,0.6660654969255008,0.6580352866815182,0.20764219891960597,145.7649531083485,0,0,0,0,1,0,1,0,0,0,0,0,0,1
param_20103,real_002,0.9062209851793114,0.5675919499433982,0.4571951116034721,0.47852259617714876,0.08067521886105573,388.00514539000176,0,0,0,0,0,0,0,0,0,0,0,0,1,1
param_20103,real_003,0.9056815288047045,0.6451902288345783,0.557158489120377,0.5625777028528206,0.25271217933349316,82.91022245240475,1,0,0,0,1,0,0,0,1,0,0,0,1,1
param_20103,real_004,0.9063187387032161,0.6202963641489141,0.4948843020151855,0.5088248436825761,0.1566299697292544,357.2183551818473,0,0,0,0,1,0,0,0,0,0,0,0,1,1
param_20103,real_005,0.9166195046707147,0.6236802858676911,0.5840870203092108,0.5907301267661889,0.025413796648504162,312.5128841644799,0,0,0,0,0,0,0,0,0,0,0,0,1,1
param_20104,real_001,0.9212914207101184,0.6971110106359909,0.6787377693227488,0.6716934514956229,0.1943822160951232,145.557763692112,0,0,0,0,1,0,1,0,0,0,0,0,0,1
param_20104,real_002,0.9068921182460851,0.5884328774697765,0.47637394755845575,0.49993387253392085,0.1018619699599323,385.2035045143301,0,0,0,0,0,0,0,0,0,0,0,0,1,1
param_20104,real_003,0.9058841007177278,0.6633335152857814,0.5706417912487333,0.5764037876247088,0.24425012859137335,83.77443361558068,1,0,0,0,1,0,0,0,1,0,0,0,1,1
param_20104,real_004,0.9080047195574679,0.6488781937913057,0.515885887546504,0.5335944045182438,0.14190124981227786,355.68310498282784,0,0,0,0,1,0,0,0,0,0,0,0,1,1
param_20104,real_005,0.9183149052831451,0.6378472834840754,0.5990760109862149,0.6076130495754222,0.046584988603060894,309.042105922632,0,0,0,0,0,0,0,0,0,0,0,0,1,1
param_20105,real_001,0.9454272909155164,0.8214545024808014,0.716101088312909,0.715157336280893,0.14103890851562406,134.78569373418284,1,1,1,1,1,1,1,1,1,0,1,0,0,1
param_20105,real_002,0.9146737089903532,0.7118588278107039,0.5141242292427861,0.5324170039064665,0.1810732568979899,328.2144752536405,1,1,0,1,1,1,0,1,0,0,0,0,1,1
param_20105,real_003,0.9266669179037847,0.7739086168974495,0.6088498896186348,0.6147225481125513,0.18323304528796996,87.38298008676205,1,1,1,1,1,1,0,1,1,0,0,0,1,1
param_20105,real_004,0.9190143779467516,0.745089471986594,0.5555946175329729,0.5719820072866721,0.06395665361781556,312.62091210602694,0,1,0,1,1,1,1,1,1,0,0,0,1,1
param_20105,real_005,0.9358669160888374,0.8004571558045979,0.6658481697069562,0.6830299729117848,0.059883755063699876,282.7389894572196,1,1,1,1,1,1,0,1,0,0,0,0,1,1
param_20106,real_001,0.946028262596219,0.8472240309905494,0.7526720390507186,0.7576257115148725,0.12984562607204117,117.97180338013881,1,1,1,1,1,1,1,1,1,0,1,0,1,1
param_20106,real_002,0.9227234680749647,0.7943251052687024,0.5743618206620038,0.5980371600838441,0.20966995357187942,286.00302718418453,1,1,0,1,1,1,1,1,0,0,0,0,1,1
param_20106,real_003,0.930338091395491,0.828992532126037,0.6436466784062165,0.6532208328869783,0.14253755828867434,85.89045065246444,1,1,1,1,1,1,0,1,1,0,0,0,1,1
param_20106,real_004,0.931853687062635,0.8282903732969674,0.6081747408534373,0.6295728082442562,0.02305269835515882,279.461856134646,1,1,0,1,1,1,1,1,1,0,1,0,1,1
param_20106,real_005,0.939707438530724,0.831809639362762,0.6993882148569028,0.7115067365368334,0.10590905593598522,237.86430482897634,1,1,1,1,1,1,0,1,0,0,0,0,1,1
param_20107,real_001,0.9744559910105534,0.9468445503900602,0.8137916822076522,0.829821574931195,0.03813829515890425,129.00164816240905,1,1,1,1,1,1,1,1,1,1,1,1,1,1
param_20107,real_002,0.9480024657319324,0.8859912868785612,0.6386785839849904,0.6668473921225972,0.15632657409709153,224.65955962150557,1,1,1,1,1,1,1,1,1,1,1,1,1,1
param_20107,real_003,0.9665040682815426,0.9307135852823505,0.7124742827332873,0.7387044897679026,0.03392543010103961,120.5783603651034,1,1,1,1,1,1,1,1,1,1,1,1,1,1
param_20107,real_004,0.9568382178792629,0.9036935906397064,0.6668360451620415,0.6955567704107279,0.12408774243438996,236.9536958939575,1,1,1,1,1,1,1,1,1,1,1,1,1,1
param_20107,real_005,0.968600372498816,0.9384596504605107,0.7684229795121305,0.7840400966803444,0.08484594061517138,180.7630841316834,1,1,1,1,1,1,1,1,1,1,1,1,1,1
param_20108,real_001,0.9768724634439445,0.9069272144473384,0.8671611560167559,0.8843198740165568,0.029011221973869163,34.17995960155018,0,0,0,0,0,0,0,0,0,0,0,0,0,1
param_20108,real_002,0.977890792500305,0.8870422812389771,0.8484946284473555,0.8528005374960321,0.016202439468414345,18.049804996146218,0,0,0,0,0,0,0,0,0,0,0,0,0,1
param_20108,real_003,0.9690262373488315,0.8615669105457503,0.7653132284790622,0.7702212243302269,0.00535818812193255,95.770234576095,1,0,0,0,1,0,0,0,0,0,0,0,0,1
param_20108,real_004,0.9751013426488274,0.9019034843819587,0.8703916101107907,0.8766614140204929,0.042609325021596506,23.060650741025718,0,0,0,0,0,0,0,0,0,0,0,0,1,1
param_20108,real_005,0.9724116183149227,0.8915588768148638,0.8684386874148338,0.8833952976718524,0.04390107064378886,44.63234868379836,0,0,0,0,0,0,0,0,0,0,0,0,1,1
param_20109,real_001,0.9808944796672631,0.9304320984963179,0.8868112588159073,0.8980763164422362,0.062282999978699384,33.3002601018826,0,0,0,0,0,0,0,0,0,0,0,0,0,1
param_20109,real_002,0.9800650378384654,0.9075106692955798,0.8501616599476786,0.8490148841624735,0.06502797591081877,17.9213349561693,0,0,0,0,0,0,0,0,0,0,0,0,0,1
param_20109,real_003,0.9708264124915447,0.8823150742179849,0.7759923254663417,0.7783459932023298,0.05297495882775221,94.91527676318466,1,0,0,0,1,0,0,0,0,0,0,0,0,1
param_20109,real_004,0.9778303361499477,0.9214520100475653,0.8780406288413719,0.8794584377942758,0.08163619407031471,22.75364673593681,0,0,0,0,0,0,0,0,0,0,0,0,1,1
param_20109,real_005,0.9759028532999546,0.9183263507569772,0.884638862510434,0.8955957879285235,0.0724715597514032,44.48379378306652,0,0,0,0,0,0,0,0,0,0,0,0,1,1
param_20110,real_001,0.980986250411871,0.92721639627543,0.88693635399797,0.8973496208761784,0.05801872235366732,32.438183329672576,0,0,0,0,0,0,0,0,0,0,0,0,0,1
param_20110,real_002,0.9813897794622874,0.9091419045487047,0.8575760495408822,0.8584319533268421,0.05919548515993491,17.055927206742428,0,0,0,0,0,0,0,0,0,0,0,0,0,1
param_20110,real_003,0.9717519262190377,0.8874702715991415,0.776528904523018,0.7804238445059862,0.04703247480403135,93.63391234690602,1,0,0,0,1,0,0,0,0,0,0,0,0,1
param_20110,real_004,0.977491249778474,0.9205166875140246,0.8797064727502986,0.8809970527614255,0.0776629853936587,21.60721476136834,0,0,0,0,0,0,0,0,0,0,0,0,1,1
param_20110,real_005,0.97517958426312,0.9104622444326583,0.886016588464874,0.8927954960793785,0.0848698367157504,44.621887283126576,0,0,0,0,0,0,0,0,0,0,0,0,1,1
param_20111,real_001,0.9908854442844887,0.9768864775341056,0.9191701847117131,0.9212266178457409,0.0587648818251129,27.563289643279152,1,1,1,1,1,1,1,1,0,0,0,0,0,1
param_20111,real_002,0.988679448989134,0.9600590893847919,0.8626718441313366,0.8587687569013372,0.09648030611315254,16.777330808132813,1,1,1,1,1,1,1,1,0,0,0,0,0,1
param_20111,real_003,0.9781759658147366,0.940096118504982,0.8035574480213566,0.8017099819793525,0.07063219072470645,87.51499354245426,1,1,1,1,1,1,0,1,0,0,0,0,0,1
param_20111,real_004,0.9886503428267279,0.9694437277776476,0.8984316458261479,0.8938301765197311,0.08821845143012146,19.92384585623508,1,1,1,1,1,1,1,1,0,0,0,0,1,1
param_20111,real_005,0.9892162455682485,0.974611571724187,0.9202013897341036,0.9238768427728455,0.06493238360689584,39.535743304271364,1,1,1,1,1,1,1,1,0,0,0,0,1,1
param_20112,real_001,0.9872221446144067,0.9590654401265861,0.9090473654832485,0.9064120194507862,0.06204204278167063,29.03993998777164,1,1,1,1,1,1,1,1,0,0,0,0,1,1
param_20112,real_002,0.98682260455622,0.9526614577403015,0.8818414847788887,0.8780371610731555,0.08807721423164269,18.747529155629294,1,1,1,1,1,1,1,1,0,0,0,0,1,1
param_20112,real_003,0.9815559750276571,0.9468972403269825,0.8211394705671786,0.8242542106500129,0.055775234131113426,86.34912319071239,1,1,1,1,1,1,1,1,0,0,0,0,1,1
param_20112,real_004,0.9826081335970293,0.955490338141927,0.8944321936231406,0.8866171311576277,0.11264352986711391,20.20902232901272,1,1,1,1,1,1,1,1,0,0,0,0,1,1
param_20112,real_005,0.97931123325441,0.9452798718192901,0.8886396602423698,0.8819840018876289,0.14692857047863497,36.198006684225035,1,1,1,1,1,1,1,1,0,0,0,0,1,1
param_20113,real_001,0.9967603279596193,0.9950027012920504,0.931491198126309,0.9355415938055615,0.025376547496467998,24.498693169335258,1,1,1,1,1,1,1,1,1,1,1,1,1,1
param_20113,real_002,0.9954899677189617,0.9911875254620992,0.8923450980972286,0.8985148850634554,0.01319982076622439,29.89281476756628,1,1,1,1,1,1,1,1,1,1,1,1,1,1
param_20113,real_003,0.9917328974736991,0.9868141052478332,0.8559446234444367,0.8667452724913973,0.0011411673037161562,79.32307006738479,1,1,1,1,1,1,1,1,1,1,1,1,1,1
param_20113,real_004,0.9963220576303354,0.9936017873656249,0.9261150659398205,0.9291260553946188,0.0017719842544790122,25.34933573949353,1,1,1,1,1,1,1,1,1,1,1,1,1,1
param_20113,real_005,0.9976213805642682,0.9962206875099124,0.946665056133852,0.9508987368318118,0.010138300314572721,9.503233644118708,1,1,1,1,1,1,1,1,1,1,1,1,1,1
param_20114,real_001,0.9562797666889972,0.8017261167224331,0.7665980674763698,0.7741380688721857,0.060467073427309066,29.942573196875756,0,0,1,0,0,0,1,0,0,0,0,0,0,1
param_20114,real_002,0.9487949446504991,0.7261855087162621,0.6589372454628538,0.6645425846841553,0.05217132911661077,32.28619126392114,1,0,1,0,0,0,0,0,0,0,0,0,0,1
param_20114,real_003,0.9231441135647235,0.6732967302060598,0.5525863480397673,0.5536851276634469,0.10584277762204157,170.63317045181435,1,0,0,0,1,0,0,0,0,0,0,0,0,1
param_20114,real_004,0.9479070404414255,0.7857135330792809,0.7210744405050373,0.7265458549727539,0.02459618208516887,49.45432655378984,0,0,0,0,0,0,0,0,0,0,0,0,1,1
param_20114,real_005,0.9462052940250817,0.7821313149737885,0.7311684288870262,0.7385129094568648,0.07366801307943835,198.35550519227417,0,0,0,0,0,0,0,0,0,0,0,0,1,1
param_20115,real_001,0.960023526011528,0.8288356381077633,0.7747398303124261,0.782642490251975,0.04589630763344175,29.11889028752871,0,0,1,0,1,0,1,0,0,0,0,0,0,1
param_20115,real_002,0.9509905587915222,0.7516611893801333,0.6650368822348512,0.671495932336962,0.003695860636087582,31.8648801997058,1,0,1,0,0,0,0,0,0,0,0,0,0,1
param_20115,real_003,0.9221654411270142,0.6975393531628907,0.5651066483305714,0.5652936680987476,0.08032898740479835,171.20371524972282,1,0,0,0,1,0,0,0,0,0,0,0,0,1
param_20115,real_004,0.9484243502877499,0.8066893401507607,0.7275699410568793,0.7321195293982546,0.048282675410938745,47.803054544800716,0,0,0,0,0,0,0,0,0,0,0,0,1,1
param_20115,real_005,0.948071532564265,0.8145050014561726,0.7448245733468986,0.7506420525863272,0.05793381417055579,195.45158390150252,1,0,0,0,0,0,0,0,0,0,0,0,1,1
param_20116,real_001,0.9604405860861989,0.8334043199493288,0.7871362345399381,0.7953044714574803,0.04641373683429758,28.351486864944512,0,0,1,0,1,0,1,0,0,0,0,0,0,1
param_20116,real_002,0.9545456247714881,0.7751994939651329,0.6837887170996774,0.6920023048209561,0.03557630996586775,33.83844499130716,1,0,1,0,0,0,0,0,0,0,0,0,0,1
param_20116,real_003,0.9223718964997724,0.7031249286886069,0.5627648190932591,0.5634174733001922,0.09141504266859839,169.644429329976,1,0,0,0,1,0,0,0,0,0,0,0,0,1
param_20116,real_004,0.9492475711196073,0.8155485623865758,0.7344267245491823,0.739201264735565,0.05790989508331619,48.03949213713843,0,0,0,0,0,0,0,0,0,0,0,0,1,1
param_20116,real_005,0.9471212208822135,0.8030783282065669,0.7442016039188115,0.7495996004535604,0.07601690659524607,194.56052958170827,1,0,0,0,0,0,0,0,0,0,0,0,1,1
param_20117,real_001,0.971107158372904,0.9104967399799417,0.7999708341821141,0.8023769770667678,0.08222973488218398,23.947213927575163,0,1,1,1,1,1,1,1,0,0,1,0,0,1
param_20117,real_002,0.9630577805414792,0.8510707916111258,0.70404944756564,0.7123133683305319,0.06189432819140332,28.110539392219138,1,1,1,1,1,1,1,1,0,0,0,0,0,1
param_20117,real_003,0.9255336608199385,0.7858626296116061,0.601898145469741,0.6019342702127,0.06763072950290511,170.9248319389494,1,1,1,1,1,1,0,1,1,0,0,0,0,1
param_20117,real_004,0.9599258748711301,0.8862482405523074,0.7583553305986874,0.7600752671920274,0.04340538666050168,36.98223192939534,1,1,0,1,1,1,1,1,0,0,0,0,1,1
param_20117,real_005,0.9581866779377247,0.898494689775056,0.7805843460665762,0.7839070606924902,0.03876749572047125,174.12162890609338,1,1,0,1,1,1,0,1,0,0,0,0,1,1
param_20118,real_001,0.9716392207925424,0.910463231374768,0.8150378599173707,0.8151911895502926,0.05587607422409546,28.039739882074805,1,1,1,1,1,1,1,1,0,0,1,0,1,1
param_20118,real_002,0.9705689072511103,0.8966048858996837,0.7566771405372198,0.7731915907252278,0.04704611125950028,16.382328971763826,1,1,1,1,1,1,1,1,0,0,0,0,1,1
param_20118,real_003,0.9353328128134808,0.831364912160004,0.6086053216357997,0.6186858869974844,0.09649876377655785,167.11834378509363,1,1,1,1,1,1,0,1,1,0,0,0,1,1
param_20118,real_004,0.9602653815640366,0.8981489577464247,0.7713359750909338,0.7713399486073148,0.10710159439266734,27.484774419327096,1,1,0,1,1,1,1,1,0,0,0,0,1,1
param_20118,real_005,0.9539422146375349,0.8831186837791687,0.7675376008175988,0.7675435607738355,0.15073921861656703,157.82279822569816,1,1,0,1,1,1,0,1,0,0,0,0,1,1
param_20119,real_001,0.9887243600853207,0.9760821181667011,0.8467000552285917,0.8576489759044255,0.024015202834345457,26.71659132979085,1,1,1,1,1,1,1,1,1,1,1,1,1,1
param_20119,real_002,0.97037540029205,0.9376582531963712,0.7689626435694215,0.7867313086206328,0.08288325440323524,50.378491360665976,1,1,1,1,1,1,1,1,1,1,1,1,1,1
param_20119,real_004,0.980134287694117,0.961689045834007,0.8170101252553807,0.8240592555477407,0.028699064215893796,24.75429923772287,1,1,1,1,1,1,1,1,1,1,1,1,1,1
param_20119,real_005,0.9842461417568782,0.9718118912437059,0.8255564652949146,0.8391695042996633,0.10267872261166988,96.41556134413187,1,1,1,1,1,1,1,1,1,1,1,1,1,1
param_20120,real_001,0.9398521536803968,0.7206235867431977,0.6911016236741987,0.6899390670658369,0.3023418589051883,105.3865515918919,0,0,0,0,0,0,0,0,0,0,0,0,1,1
param_20120,real_002,0.9206336736970322,0.6479415904445069,0.5487054547439871,0.5535853832667518,0.1945165945165945,54.68287665531242,1,0,0,0,1,0,1,0,1,0,0,0,0,1
param_20120,real_003,0.9323789757016502,0.6790920436895352,0.6149361011452508,0.6218288643085665,0.01594812876805824,123.35295067758298,1,0,0,0,0,0,0,0,0,0,0,0,0,1
param_20120,real_004,0.9409344445292942,0.7509757842604675,0.7095081082999525,0.7121277438054568,0.07565564778207862,90.34628113378174,1,0,0,0,1,0,0,0,0,0,0,0,0,1
param_20120,real_005,0.9349722583277176,0.7435798777406936,0.6714350992267094,0.6735160622718485,0.09971372122091851,97.02193486053102,0,0,1,0,0,0,1,0,0,0,0,0,1,1
param_20121,real_001,0.9414401102893336,0.7529448032878967,0.6898256732240325,0.6906994670929995,0.27746612361996975,108.82653136509062,0,0,1,0,0,0,0,0,0,0,0,0,1,1
param_20121,real_002,0.9218593855927294,0.6706911667117866,0.5609123295687003,0.564837377134001,0.18112705658270664,56.06131375786265,1,0,1,0,1,0,1,0,1,0,0,0,0,1
param_20121,real_003,0.933282296065066,0.7053471407292793,0.6296655053772667,0.6369124679138323,0.04496595075955998,124.53300888302903,1,0,0,0,0,0,0,0,0,0,0,0,0,1
param_20121,real_004,0.9439768840529043,0.7777386170822337,0.7228478064709449,0.7268603057317269,0.0638773135112813,90.86701810023555,1,0,0,0,1,0,0,0,0,0,0,0,0,1
param_20121,real_005,0.9385040901048063,0.7727798154755087,0.6820457068607502,0.6869104506934627,0.06601618098733987,96.67829888470044,0,0,1,0,0,0,1,0,0,0,0,0,1,1
param_20122,real_001,0.9411370650751908,0.7528294368896534,0.6949270434513896,0.6954949445156889,0.300746174275958,106.86690895036305,0,0,1,0,0,0,0,0,0,0,0,0,1,1
param_20122,real_002,0.9221673230294859,0.6915845554653088,0.5755716261660447,0.5812711461660119,0.165368260460285,55.73279847768295,1,0,1,0,1,0,1,0,1,0,0,0,0,1
param_20122,real_003,0.9332612193779336,0.7100919518843906,0.6326775075707471,0.6392976997833189,0.041076200502064945,123.87437779578163,1,0,0,0,0,0,0,0,0,0,0,0,0,1
param_20122,real_004,0.9454177440356561,0.7859325731225016,0.7249226330393346,0.7274209783610772,0.05425287356321839,89.33857089258119,1,0,0,0,1,0,0,0,0,0,0,0,0,1
param_20122,real_005,0.937231889044321,0.7802149486424489,0.6939844291665951,0.6979351652334025,0.06482996908528824,97.71867955646235,0,0,1,0,0,0,1,0,0,0,0,0,1,1
param_20123,real_001,0.9522141460925837,0.8553845029618309,0.7172609743232014,0.7226595203650359,0.16275924256086566,111.09202735863931,0,1,1,1,0,1,1,1,0,0,0,0,1,1
param_20123,real_002,0.9320279092063372,0.7668575410161322,0.6017722628090333,0.606112026155697,0.15994462605134888,64.38582993689755,1,1,1,1,1,1,1,1,1,0,0,0,0,1
param_20123,real_003,0.9413521958447177,0.8198732748609484,0.6868097757277758,0.6981714178762506,0.052545658606264666,130.0454712354653,1,1,1,1,1,1,0,1,0,0,0,0,0,1
param_20123,real_004,0.9536939230178804,0.8666223040697587,0.7723513484833866,0.7743224926254441,0.02642506606266516,84.10381774778708,1,1,0,1,1,1,1,1,0,0,0,0,1,1
param_20123,real_005,0.9563581236478161,0.8751706483838604,0.7321829684141502,0.7390043737689563,0.032684991694797196,97.90021464211569,1,1,1,1,0,1,1,1,0,0,1,0,1,1
param_20124,real_001,0.9456454061629175,0.8574756011261205,0.7226122366613028,0.729296171897919,0.21283417947600095,87.58863489494286,1,1,1,1,0,1,1,1,0,0,0,0,1,1
param_20124,real_002,0.9373630587281752,0.8374331468790921,0.6474418822815031,0.661071031047064,0.13847736831064003,67.22697717101815,1,1,1,1,1,1,1,1,1,0,0,0,1,1
param_20124,real_003,0.949531798109993,0.8424643352781084,0.7016766198527713,0.7147411923897942,0.0468300498889334,136.88188275438375,1,1,1,1,1,1,1,1,0,0,0,0,1,1
param_20124,real_004,0.9604887635599829,0.888688875452895,0.7752849902511079,0.7763403648352302,0.03369291621718806,86.50022006460574,1,1,1,1,1,1,1,1,0,0,0,0,1,1
param_20124,real_005,0.9460610671662668,0.8755614287995362,0.7342080106965176,0.7408244427363148,0.048154606860624255,105.02652313918368,1,1,1,1,0,1,1,1,0,0,1,0,1,1
param_20125,real_001,0.9773708046737604,0.9552106277835519,0.7786190226581656,0.7903257925234921,0.150565371024735,75.29638031773514,1,1,1,1,1,1,1,1,1,1,1,1,1,1
param_20125,real_002,0.9667355624661654,0.9176512799435459,0.6744532345017885,0.7071454609294742,0.034440016131710674,110.2786370052025,1,1,1,1,1,1,1,1,1,1,1,1,0,1
param_20125,real_003,0.9737349928856797,0.9457719654392229,0.7771196108269102,0.7921307703797159,0.14336580261392926,136.77061635367653,1,1,1,1,1,1,1,1,1,1,0,1,0,1
param_20125,real_004,0.9827359385045376,0.9610293045832051,0.8264778430322243,0.8344824878882758,0.03588585244806414,70.05934157689744,1,1,1,1,1,1,1,1,1,1,1,1,1,1
param_20125,real_005,0.9794036889352103,0.9641591090804595,0.8187220666819097,0.8374544800036635,0.0898860608657232,94.6983285753825,1,1,1,1,1,1,1,1,1,1,1,1,1,1
param_20126,real_001,0.9768173916318769,0.9000536539873883,0.862318283525279,0.8708707886268846,0.027850665193573633,39.5153946956478,0,0,0,0,0,0,0,0,0,0,0,0,0,1
param_20126,real_002,0.9734901389716736,0.8725744077467474,0.8393734564905518,0.8514867837911098,0.020594363417041343,6.917814627204084,0,0,0,0,0,0,0,0,0,0,0,0,1,1
param_20126,real_003,0.9683045332290819,0.8695020334053374,0.8342528788193332,0.8389865614050632,0.04806609087495306,63.86044265377304,0,0,0,0,0,0,0,0,0,0,0,0,0,1
param_20126,real_004,0.9757410359753144,0.9009552285648742,0.8448743412905599,0.8558041199881568,0.0005595219444506613,44.988120827016125,0,0,0,0,0,0,0,0,0,0,0,0,0,1
param_20127,real_001,0.9799278569149696,0.923451304164271,0.8763381089446175,0.8808520483568856,0.06765001819699856,39.015895456661404,0,0,0,0,0,0,0,0,0,0,0,0,0,1
param_20127,real_002,0.9780959000991887,0.9075820842830598,0.8507678278705497,0.8612886296830854,0.011931091857232717,7.290470276521036,0,0,0,0,0,0,0,0,0,0,0,0,1,1
param_20127,real_003,0.9730610318985736,0.9008285742094667,0.844855647469162,0.8461989346042911,0.06680499700521947,62.89530110030124,0,0,0,0,0,0,0,0,0,0,0,0,0,1
param_20127,real_004,0.9795689820189638,0.926937832309619,0.8634486164012497,0.8716745070868073,0.0385896955308426,44.494838096448355,0,0,0,0,1,0,0,0,0,0,0,0,0,1
param_20127,real_005,0.9740558911241188,0.8964141046186613,0.83860020514714,0.8412206710474089,0.053330798800321044,41.77709771416598,0,0,0,0,0,0,0,0,0,0,0,0,0,1
param_20128,real_001,0.9807980047363438,0.9259103785731304,0.8752459445555965,0.8795983433086337,0.06239024894122508,38.27505394312117,0,0,0,0,0,0,0,0,0,0,0,0,0,1
param_20128,real_002,0.9791536725356658,0.9005644888971805,0.8558614582610169,0.866131176634258,0.008096134242923233,8.068259627157165,0,0,0,0,0,0,0,0,0,0,0,0,1,1
param_20128,real_003,0.9731971406988191,0.9013958495729777,0.8430314423323189,0.8444149057112637,0.06364275668073137,61.55185043918354,0,0,0,0,0,0,0,0,0,0,0,0,0,1
param_20128,real_004,0.9799394812872619,0.9255608993440224,0.8625466627645733,0.8692119505741899,0.03512479871175524,43.790785909758796,0,0,0,0,1,0,0,0,0,0,0,0,0,1
param_20128,real_005,0.9738682575821365,0.8947592137816018,0.8360724679687302,0.8377006418368717,0.05873754426418513,40.43791402828401,0,0,0,0,0,0,0,0,0,0,0,0,0,1
param_20129,real_001,0.9879373618436144,0.9684748270057753,0.8951269894167335,0.8903997361137741,0.08805448408871745,36.485020723071436,1,1,1,1,1,1,1,1,0,0,0,0,0,1
param_20129,real_002,0.9906052105126142,0.9711306647426932,0.8831270800279661,0.8901548522329296,0.022485274127775262,12.905527725303383,1,1,1,1,1,1,1,1,0,0,0,0,0,1
param_20129,real_003,0.9865294694154482,0.9647388437515031,0.8752926841626671,0.8744469586023602,0.06786152640373837,55.120667520138824,1,1,1,1,1,1,1,1,0,0,0,0,0,1
param_20129,real_004,0.9898841728583133,0.9729203367818178,0.8983766793869721,0.89748901344528,0.05721480440384165,37.65675946362646,1,1,1,1,1,1,1,1,0,0,0,0,0,1
param_20129,real_005,0.9856839088953392,0.9570324715844084,0.8681357527204774,0.8667046920645655,0.04474891129790651,36.00737135453578,1,1,1,1,1,1,1,1,0,0,0,0,0,1
param_20130,real_001,0.9856880884666605,0.9599665707907576,0.9048724902335423,0.9011795754008789,0.0757265810153424,37.67314237279766,1,1,1,1,1,1,1,1,0,0,0,0,1,1
param_20130,real_002,0.9885001198402286,0.9511292971109357,0.8932517714934067,0.901288777861362,0.023231256599788808,10.354619131097616,1,1,1,1,1,1,1,1,0,0,0,0,1,1
param_20130,real_003,0.9828888113891171,0.9517447708421624,0.8811082712285048,0.8783040147654078,0.08382450892913247,52.48380759863668,1,1,1,1,1,1,1,1,0,0,0,0,1,1
param_20130,real_004,0.9851407164758773,0.9572820999565999,0.9076514647293068,0.9096378440221327,0.06306317411402157,41.15031487275416,1,1,1,1,1,1,1,1,0,0,0,0,1,1
param_20130,real_005,0.9828506208424035,0.9488663164583063,0.8687866978638297,0.8663650153236984,0.06886038297081241,35.060396964708325,1,1,1,1,1,1,1,1,0,0,0,0,1,1
param_20131,real_001,0.9955690193531397,0.9932224020512608,0.9121631283835941,0.9166077143835584,0.009292164642309472,45.86561052789826,1,1,1,1,1,1,1,1,1,1,1,1,1,1
param_20131,real_002,0.9967652688671342,0.9945721889604284,0.9145257004352167,0.9255448456879424,0.030911082274788986,20.085981582794087,1,1,1,1,1,1,1,1,1,1,1,1,1,1
param_20131,real_003,0.9955276382727587,0.9926381634482866,0.9238983392310406,0.9282825638179942,0.008698830862262315,42.85217661777178,1,1,1,1,1,1,1,1,1,1,1,1,1,1
param_20131,real_004,0.9965605657593618,0.9935819910694788,0.9240517779885914,0.9265891603398745,0.0005531143410257198,30.53352344319515,1,1,1,1,1,1,1,1,1,1,1,1,1,1
param_20131,real_005,0.9950316833478005,0.9906133889130113,0.9059459443347333,0.9095978392720626,0.025090571573999222,31.58396946129826,1,1,1,1,1,1,1,1,1,1,1,1,1,1
param_20132,real_002,0.9441699961334818,0.7092672583017047,0.6479889461394747,0.660096358967297,0.00854776758952954,120.9234230254851,0,0,0,0,0,0,0,0,0,0,0,0,1,1
param_20132,real_003,0.9284770462243845,0.6844696855369579,0.5865462530034717,0.5932640642630775,0.10729064630270076,125.77468332950298,1,0,0,0,1,0,0,0,0,0,0,0,0,1
param_20132,real_004,0.9390536088746672,0.7236971709391803,0.6437197691710443,0.6520308462203785,0.0767227660703091,117.48728092351931,0,0,0,0,0,0,0,0,0,0,0,0,1,1
param_20132,real_005,0.9300681351618978,0.7136297196205947,0.6742083985563532,0.6755924475272902,0.11584207896051973,295.16345622817136,0,0,0,0,0,0,0,0,0,0,0,0,1,1
param_20133,real_001,0.9646920921964154,0.8616445446578896,0.8270103305470312,0.8326455104104745,0.03660703936947031,14.537136060135833,0,0,1,0,1,0,1,0,0,0,0,0,0,1
param_20133,real_002,0.9466058514392246,0.7418189259558403,0.6519162685866944,0.6642522056455415,0.018170310936893898,117.29619597033863,0,0,0,0,0,0,0,0,0,0,0,0,1,1
param_20133,real_003,0.9291543530605526,0.7150997508739104,0.602386457117126,0.6079820595393334,0.09981769282142922,126.81962833231697,1,0,0,0,1,0,0,0,0,0,0,0,0,1
param_20133,real_004,0.9401111067106099,0.7536011153301998,0.6500256372140469,0.65697739597857,0.09045786504569904,114.04774009109505,0,0,0,0,0,0,0,0,0,0,0,0,1,1
param_20133,real_005,0.9330180533019667,0.7610615562682359,0.6814508500003125,0.6854976783710721,0.0776394831237305,291.93530215506337,0,0,0,0,0,0,0,0,0,0,0,0,1,1
param_20134,real_001,0.9648493500679163,0.8618994287716305,0.8310076087445438,0.8368102726044561,0.03476171706364848,14.302725752589463,0,0,1,0,1,0,1,0,0,0,0,0,0,1
param_20134,real_002,0.9483904606031673,0.7554558645264656,0.6684609900792688,0.6812196843255452,0.029035098251090567,117.01819841344528,0,0,0,0,0,0,0,0,0,0,0,0,1,1
param_20134,real_003,0.9298294072111986,0.7203202412800154,0.603057997930183,0.6089740766687445,0.10540324264143065,125.25887781194541,1,0,0,0,1,0,0,0,0,0,0,0,0,1
param_20134,real_004,0.9394452127293288,0.7617750670905911,0.6635529421481423,0.6728573173996231,0.10681847531315915,113.59303391990814,0,0,0,0,0,0,0,0,0,0,0,0,1,1
param_20134,real_005,0.9326065333264539,0.7504339343845094,0.6845953215627648,0.6884562981995529,0.10346973370813038,289.75266115547123,0,0,0,0,0,0,0,0,0,0,0,0,1,1
param_20135,real_001,0.9749924992194339,0.9344022365711219,0.8456574213912603,0.843818059348798,0.08747188313493567,14.580817862980007,0,1,1,1,1,1,1,1,0,0,1,0,0,1
param_20135,real_002,0.9601922661543297,0.8497050588031426,0.6899994970211516,0.7025280730730371,0.033001931192332454,94.62185312124404,1,1,1,1,1,1,1,1,0,0,0,0,1,1
param_20135,real_003,0.9357795311449567,0.8117008185625032,0.6416271187396068,0.6432852736871522,0.12260792437699719,128.9827426436054,1,1,1,1,1,1,0,1,1,0,0,0,1,1
param_20135,real_004,0.9513619253165402,0.8540525663751164,0.6886735504451879,0.696857278005395,0.06439868519965214,91.78498897881204,1,1,0,1,1,1,0,1,0,0,0,0,1,1
param_20136,real_001,0.9746819160535335,0.9269424155552644,0.8444529809068715,0.842519038594819,0.04660778049238865,10.354341854333063,1,1,1,1,1,1,1,1,0,0,1,0,1,1
param_20136,real_002,0.9612766478930177,0.8792678203411236,0.7273429603872357,0.7431461594266108,0.10368701928614392,80.315245755342,1,1,1,1,1,1,1,1,0,0,0,0,1,1
param_20136,real_003,0.9434184437555391,0.8442581305324117,0.6521816198001165,0.6628019606587223,0.10052253361007103,124.21357398777106,1,1,1,1,1,1,0,1,1,0,0,0,1,1
param_20136,real_004,0.9516212464964946,0.8674496315423109,0.7143631764464969,0.7211257701098804,0.14648640025524448,75.73420154767737,1,1,0,1,1,1,1,1,0,0,0,0,1,1
param_20136,real_005,0.947589440368277,0.8713584910689162,0.7257563755430511,0.7306405705294273,0.14902206352590067,237.40958717050202,1,1,0,1,1,1,0,1,0,0,0,0,1,1
param_20137,real_001,0.9899591450473194,0.980770232217253,0.8727072092766179,0.8800773629569286,0.034937966437264004,24.765716293141242,1,1,1,1,1,1,1,1,1,1,1,1,1,1
param_20137,real_002,0.9812131622772288,0.9496960727932072,0.7659757442978207,0.7838959357547414,0.05519512084464868,52.35937417376576,1,1,1,1,1,1,1,1,1,1,1,1,1,1
param_20137,real_003,0.9687067421168767,0.9370403016813991,0.7101511208711065,0.7319745287190176,0.008792584239029408,150.7497455587792,1,1,1,1,1,1,1,1,1,1,1,1,1,1
param_20137,real_004,0.9789115560984416,0.9551049683156125,0.770043073621681,0.7853934088658403,0.0419653371563156,45.01523854472901,1,1,1,1,1,1,1,1,1,1,1,1,1,1
param_20137,real_005,0.9805854031890766,0.9681760153178273,0.806385558511282,0.8242807192737532,0.08877817160436033,167.69833620937533,1,1,1,1,1,1,1,1,1,1,1,1,1,1
param_20138,real_001,0.947177559154233,0.7837565845286827,0.7644523971844096,0.7682664567086107,0.0740648585883719,55.1453700403195,0,0,0,0,1,0,0,0,0,0,0,0,1,1
param_20138,real_002,0.9266892094488322,0.633330947839073,0.5483848729478435,0.5644287020892444,0.01857102041713369,211.13595327736664,0,0,0,0,0,0,0,0,0,0,0,0,1,1
param_20138,real_003,0.9086798304727062,0.639226401908726,0.5242546199416034,0.5282166517522107,0.18841211856859857,136.05356182947753,1,0,0,0,1,0,0,0,0,0,0,0,0,1
param_20138,real_004,0.9200271576491024,0.668280384303534,0.5504442375846079,0.5562384568119962,0.12113680299264393,242.65397856929954,0,0,0,0,0,0,0,0,0,0,0,0,1,1
param_20138,real_005,0.9118924032739314,0.6581318894134343,0.5832407822492455,0.5815043308800243,0.11707024214528718,387.83307059912545,0,0,0,0,0,0,0,0,0,0,0,0,1,1
param_20139,real_001,0.9501368415450702,0.8139995007529106,0.7690210475562526,0.771628234902549,0.09833664798408967,56.579368176591096,0,0,1,0,1,0,1,0,0,0,0,0,1,1
param_20139,real_002,0.927867680402725,0.6661183773940802,0.5544647618606011,0.5722568533044613,0.005483981531885724,202.0788120729669,1,0,0,0,0,0,0,0,0,0,0,0,1,1
param_20139,real_003,0.9082199301005116,0.6705816338118789,0.5391538080469188,0.5426219311851829,0.1815436627115028,138.43292491761602,1,0,0,0,1,0,0,0,0,0,0,0,0,1
param_20139,real_004,0.9202965749998091,0.6933065501703074,0.556987344894144,0.5633688399673401,0.12917176108318615,234.20327575544565,0,0,0,0,0,0,0,0,0,0,0,0,1,1
param_20139,real_005,0.9111001012328837,0.6964652761283386,0.5874303481538334,0.5897766098908239,0.05824810083605653,389.9490746751991,0,0,0,0,0,0,0,0,0,0,0,0,1,1
param_20140,real_001,0.9505869615377369,0.8199801519199541,0.7786197541565041,0.7809617908085237,0.08432898274603372,55.2522211704191,0,0,1,0,1,0,1,0,0,0,0,0,1,1
param_20140,real_002,0.9298460277816183,0.6849584500156594,0.5711391428173662,0.591017924007096,0.016525331593824744,201.22876447146479,1,0,0,0,0,0,0,0,0,0,0,0,1,1
param_20140,real_003,0.9085469623884996,0.6719425001512819,0.5382913969591522,0.5418032584874268,0.18258837741607326,136.25675951556548,1,0,0,0,1,0,0,0,0,0,0,0,1,1
param_20140,real_004,0.9189302109636163,0.7002610427508,0.5719771878954699,0.5801090139074012,0.144991427871663,232.2079474778634,0,0,0,0,0,0,0,0,0,0,0,0,1,1
param_20140,real_005,0.9123054549675653,0.6953217068341071,0.5954013433057287,0.5972507928770127,0.07969934283734699,385.1796754388083,0,0,0,0,0,0,0,0,0,0,0,0,1,1
param_20141,real_001,0.9598453705056967,0.8958240266400016,0.7821860325811489,0.7781519370590674,0.15461431297486508,54.31055098514466,0,1,1,1,1,1,1,1,1,0,1,0,1,1
param_20141,real_002,0.9390539427795289,0.7856650403144179,0.6031558222470348,0.6208393531618435,0.04399369659818705,159.11512584594738,1,1,0,1,1,1,1,1,0,0,0,0,1,1
param_20141,real_003,0.9127602050257023,0.760075562587132,0.5756186348647795,0.5774890334480917,0.17687423770930935,147.53838474708647,1,1,1,1,1,1,0,1,1,0,0,0,1,1
param_20141,real_004,0.9260508532318614,0.7850852190455341,0.5990996471335625,0.609283866397095,0.14174585355827155,195.52139514770602,1,1,0,1,1,1,0,1,0,0,0,0,1,1
param_20142,real_001,0.9611304857126544,0.9036746781317834,0.7976706693981478,0.7947536038851761,0.1115586690017513,45.34843170213448,1,1,1,1,1,1,1,1,1,0,1,0,1,1
param_20142,real_002,0.9427911359529934,0.8351764306945715,0.6530848802143686,0.6750242805135044,0.10013904657422408,138.23457965805463,1,1,0,1,1,1,1,1,0,0,0,0,1,1
param_20142,real_003,0.9208990120473886,0.8010004916950908,0.5843083047632696,0.5951111615016771,0.16550389472156368,137.19341556872357,1,1,1,1,1,1,0,1,1,0,0,0,1,1
param_20142,real_004,0.9326054301572875,0.8214494979611224,0.6354696847451042,0.6470684325210216,0.19199723565998617,163.0217706224833,1,1,0,1,1,1,1,1,0,0,0,0,1,1
param_20142,real_005,0.9337420683238875,0.8475563326726339,0.6641526006411076,0.6754367810015199,0.11316054418256448,323.7258483605381,1,1,0,1,1,1,0,1,0,0,0,0,1,1
param_20143,real_001,0.9811570352502024,0.9641921674738237,0.8240796502284639,0.8334104015342858,0.00834475407339729,53.69311324557594,1,1,1,1,1,1,1,1,1,1,1,1,1,1
param_20143,real_002,0.9652900235211286,0.9163918040448383,0.69620105297538,0.7190651677272952,0.1180970956465603,85.0786701204713,1,1,1,1,1,1,1,1,1,1,1,1,1,1
param_20143,real_003,0.9513300956546175,0.9047647849054828,0.6498503563124193,0.6729304365049716,0.04204536726490694,183.50985011903023,1,1,1,1,1,1,1,1,1,1,1,1,1,1
param_20143,real_004,0.9596920002966308,0.9218314133161438,0.6940635770462488,0.7124021395356156,0.0903240064828085,94.48985791492099,1,1,1,1,1,1,1,1,1,1,1,1,1,1
param_20143,real_005,0.9623461041829374,0.9381786330899391,0.732234153977335,0.7482093372899976,0.15050032506996072,264.1994165364373,1,1,1,1,1,1,1,1,1,1,1,1,1,1
param_20144,real_001,0.9720624621717054,0.8865627728025313,0.8585629382594191,0.8645337740789332,0.021058648679547272,23.790798106341263,0,0,0,0,0,0,0,0,0,0,0,0,1,1
param_20144,real_002,0.9715355022163995,0.8703482222433467,0.8545234102044735,0.8645881668296233,0.028608283042336573,65.2906442599213,0,0,0,0,0,0,0,0,0,0,0,0,1,1
param_20144,real_003,0.972921488259864,0.8864390353590231,0.8269621105224284,0.8403522884965717,0.024786530104168942,49.79080101897835,1,0,0,0,0,0,0,0,0,0,0,0,0,1
param_20144,real_004,0.9779052575986263,0.9058998368753667,0.860484529457944,0.8757369041825589,0.018543439089478368,36.70868292164916,0,0,0,0,0,0,0,0,0,0,0,0,0,1
param_20144,real_005,0.974037642194538,0.9005217434203152,0.8336388956969514,0.8448069930182791,0.0030362564743704233,51.5967524904425,0,0,0,0,0,0,1,0,0,0,0,0,0,1
param_20145,real_001,0.9758498767835471,0.9121547425212627,0.8666611591382838,0.8652823431012194,0.06011521374062028,23.530417428668585,0,0,0,0,0,0,0,0,0,0,0,0,1,1
param_20145,real_002,0.9753576896329786,0.9027792579562195,0.8612863887555762,0.8670740016612645,0.05402092359716792,65.16079021144232,0,0,0,0,0,0,0,0,0,0,0,0,1,1
param_20145,real_003,0.9769086028757971,0.9152685223155512,0.8452361984210599,0.85477056390193,0.010659641301043672,48.68516554602409,1,0,0,0,1,0,0,0,0,0,0,0,0,1
param_20145,real_004,0.9816709296214253,0.93238140311057,0.8784606425824226,0.8871545914161062,0.05692487019179824,36.29090708512465,0,0,0,0,0,0,0,0,0,0,0,0,0,1
param_20145,real_005,0.978694335595213,0.9275098868815459,0.8538791056081442,0.8626413286229138,0.03789802289281998,50.871325880149875,0,0,1,0,0,0,1,0,0,0,0,0,0,1
param_20146,real_001,0.9757026596989964,0.910772262887277,0.8691326382590571,0.8690577016550968,0.0665546706487473,22.40242253158671,0,0,0,0,0,0,0,0,0,0,0,0,1,1
param_20146,real_002,0.975465421179868,0.8952212112768905,0.8628502786228823,0.8689259406565907,0.06597985158160939,65.18458905545509,0,0,0,0,0,0,0,0,0,0,0,0,1,1
param_20146,real_003,0.9777571737207859,0.913872013092478,0.8443226834330666,0.85239355927206,0.006379772598289595,47.691872490591855,1,0,0,0,1,0,0,0,0,0,0,0,0,1
param_20146,real_004,0.9822879597399182,0.9311146391509996,0.8808654850724167,0.8871445810905031,0.032900154658846686,34.11095767959694,0,0,0,0,0,0,0,0,0,0,0,0,0,1
param_20146,real_005,0.9793229939198844,0.927852834836337,0.8510883347095606,0.858623839979477,0.03325296363271047,50.98825112230631,0,0,1,0,0,0,1,0,0,0,0,0,0,1
param_20147,real_001,0.9874285207879488,0.963679908706304,0.8761580161551906,0.8688094952951091,0.08589473684210526,21.051801923053066,1,1,1,1,1,1,1,1,0,0,0,0,1,1
param_20147,real_002,0.9892584460955401,0.9699404572479742,0.8875494051065553,0.8945047320200534,0.03596585610788322,61.93448177346895,1,1,1,1,1,1,1,1,0,0,0,0,1,1
param_20147,real_003,0.9863862125064218,0.9671003509383601,0.8720519206017349,0.8715700588112463,0.03647141565357179,40.2710908340629,1,1,1,1,1,1,1,1,0,0,0,0,0,1
param_20147,real_004,0.9904038998628915,0.9763021381554283,0.9041298837858553,0.9038042347554263,0.07708370622277907,34.74427659326721,1,1,1,1,1,1,1,1,0,0,0,0,0,1
param_20147,real_005,0.9897920248910198,0.9760055107892488,0.8942206700227645,0.8978330908793407,0.05115141634399837,47.85593236686842,1,1,1,1,1,1,1,1,0,0,0,0,0,1
param_20148,real_001,0.9807985713592393,0.9481572614193482,0.8844059484014976,0.8762854215415743,0.14428065333634083,21.37235788742407,1,1,1,1,1,1,1,1,0,0,0,0,1,1
param_20148,real_002,0.9825206613902694,0.9469714805427032,0.8723762386888206,0.8728379818173576,0.0993677179206078,54.59650203416096,1,1,1,1,1,1,1,1,0,0,0,0,1,1
param_20148,real_003,0.9861050909721821,0.9588959685739131,0.8813938703467571,0.885088776027121,0.026874166507906267,41.624551313013676,1,1,1,1,1,1,1,1,0,0,0,0,1,1
param_20148,real_004,0.9865791312667124,0.956216880916313,0.884248588155852,0.8765662675333491,0.07282272009155709,35.58523574528636,1,1,1,1,1,1,1,1,0,0,0,0,1,1
param_20148,real_005,0.9873229266002782,0.9641731675359683,0.8945009561929902,0.8991135966940837,0.023972358766118116,51.63817998436844,1,1,1,1,1,1,1,1,0,0,0,0,1,1
param_20149,real_001,0.9955971017581514,0.9910734341710795,0.8968475141401558,0.9010364028054741,0.019615088336788312,34.91312417750926,1,1,1,1,1,1,1,1,1,1,1,1,1,1
param_20149,real_002,0.9976386857155736,0.9954866045389135,0.9239766472560418,0.9341300395824303,0.006268616631671468,34.345952643852755,1,1,1,1,1,1,1,1,1,1,1,1,1,1
param_20149,real_003,0.995033403979008,0.9926460660020718,0.906598347951823,0.9143810829196987,0.0006506620179116204,35.166349803646085,1,1,1,1,1,1,1,1,1,1,1,1,1,1
param_20149,real_004,0.9961298865016412,0.9935638239528202,0.9151860251170735,0.9219277848960223,0.0036169796078239368,36.618735415201,1,1,1,1,1,1,1,1,1,1,1,1,1,1
param_20149,real_005,0.9961830500480805,0.9947046128343519,0.9291653669803859,0.9345520897855608,0.028476461566921477,40.65425320651364,1,1,1,1,1,1,1,1,1,1,1,1,1,1
param_20150,real_001,0.9338051989192954,0.6989005359087216,0.6397804145497349,0.6442814373110655,0.11488147149766115,190.47653760379774,0,0,0,0,0,0,1,0,0,0,0,0,1,1
param_20150,real_002,0.9404951958671868,0.7497093056015433,0.6919745409771239,0.6932597642888743,0.019712868244281513,114.10330738226448,0,0,0,0,1,0,1,0,0,0,0,0,0,1
param_20150,real_003,0.9563361951769802,0.8012110929506164,0.7713289328815375,0.783172501614442,0.015439889032903564,172.45140551303666,0,0,0,0,0,0,0,0,0,0,0,0,0,1
param_20150,real_004,0.9247366439264175,0.68843475676762,0.6572617553372369,0.656428615387727,0.1640686095615453,246.39928452678174,0,0,0,0,0,0,0,0,0,0,0,0,1,1
param_20150,real_005,0.9464890109978481,0.7788028141352293,0.7400735896267114,0.7426725387001251,0.02125980800420813,131.19409816313694,1,0,0,0,1,0,0,0,0,0,0,0,0,1
param_20151,real_001,0.9344828628314624,0.7455622935792934,0.6447396257218907,0.650489268603517,0.12761081761886436,190.730765599832,0,0,0,0,0,0,1,0,0,0,1,0,1,1
param_20151,real_002,0.9433653640974327,0.7877983951454038,0.6978842326243592,0.7003650414898598,0.021542506229276618,112.76641504914375,0,0,1,0,1,0,1,0,0,0,0,0,0,1
param_20151,real_003,0.9612911373590758,0.850659070411588,0.7743809101657544,0.7865869424106193,0.010908153348803079,172.27042944018294,0,0,0,0,0,0,0,0,0,0,0,0,1,1
param_20151,real_004,0.9270152403270273,0.7308430066930758,0.6625235016704447,0.6631338471078148,0.11049010220668463,245.78619485811458,0,0,0,0,0,0,1,0,0,0,0,0,1,1
param_20151,real_005,0.9484525205022186,0.8091151615062102,0.7524317255116479,0.7478170576451347,0.024992292672901036,131.50877290546256,1,0,0,0,1,0,0,0,0,0,0,0,0,1
param_20152,real_001,0.93655818014756,0.7511933682503775,0.6549286304346253,0.6599390378691109,0.1151927047487956,190.1261664534889,0,0,0,0,0,0,1,0,0,0,0,0,1,1
param_20152,real_002,0.9464858131366037,0.8006246250485826,0.709717265103602,0.7142464754152705,0.017181408149224066,112.82042415872509,0,0,1,0,1,0,1,0,0,0,0,0,0,1
param_20152,real_003,0.9636532135487963,0.8492834796628482,0.787527704275726,0.8011890468505711,0.004178789713147566,171.4750488210315,0,0,0,0,0,0,0,0,0,0,0,0,1,1
param_20152,real_004,0.9264302881056081,0.7247844121058132,0.6620118078705438,0.6628168100803491,0.12816181471162494,243.69489087743202,0,0,0,0,0,0,1,0,0,0,0,0,1,1
param_20152,real_005,0.9495638503425775,0.8101220924877366,0.7459586864383503,0.7428173051975534,0.013679998423054937,130.41932573154276,1,0,0,0,1,0,0,0,0,0,0,0,0,1
param_20153,real_001,0.9548216740504946,0.8784893801468613,0.683485741539405,0.6930799095338283,0.12297023209492694,190.23532161162248,1,1,1,1,1,1,1,1,1,0,1,0,1,1
param_20153,real_002,0.9560996179716998,0.8768785328771671,0.7228659812679803,0.7279620558616979,0.06737785584212634,107.60687944943575,1,1,1,1,1,1,1,1,0,0,1,0,0,1
param_20153,real_003,0.9749060924024612,0.9335658867773655,0.8005628544665774,0.8145321712651596,0.053131228364628136,165.08432207358555,1,1,1,1,1,1,1,1,0,0,1,0,1,1
param_20153,real_004,0.9493148539290699,0.8643064234578037,0.7003069988140628,0.7091265208290649,0.018907325883282537,235.55522846402627,0,1,0,1,0,1,1,1,0,0,1,0,1,1
param_20153,real_005,0.9564823118269823,0.8895536804574248,0.7656533493353124,0.751413864262082,0.09684671000668327,128.729887256901,1,1,1,1,1,1,1,1,0,0,0,0,0,1
param_20154,real_001,0.9594483742268413,0.899262726768927,0.7089568508605362,0.7256579176078879,0.07823772725815244,170.9579164289072,1,1,1,1,1,1,1,1,1,0,1,0,1,1
param_20154,real_002,0.9623268962799996,0.9056448449014323,0.7578245792273287,0.7688853158234933,0.07010771702446546,97.12298261723005,1,1,1,1,1,1,1,1,0,0,1,0,1,1
param_20154,real_003,0.9758862843733435,0.9318367268940427,0.8339476898696668,0.8448204460932551,0.0038234071062237212,147.16579311151867,1,1,1,1,1,1,1,1,0,0,1,0,1,1
param_20154,real_004,0.9464036566011217,0.8586642059329574,0.6938300714930721,0.698954006284075,0.09644650689720934,204.81887393379026,0,1,1,1,0,1,1,1,0,0,1,0,1,1
param_20154,real_005,0.9547080228991582,0.8844249725417371,0.7667257725271058,0.7601272186330852,0.023506233228030842,128.45004417796534,1,1,1,1,1,1,1,1,1,0,0,0,1,1
param_20155,real_002,0.9804858637768501,0.9634892310756308,0.7658232655112016,0.7866952786039982,0.006662721099226954,106.83175670383511,1,1,1,1,1,1,1,1,1,1,1,1,1,1
param_20155,real_003,0.989189021010946,0.9797011203360952,0.8357231753915412,0.8466869672741575,0.009201725932192043,110.59033669748803,1,1,1,1,1,1,1,1,1,1,1,1,1,1
param_20155,real_004,0.9816156870271484,0.9663488891035285,0.818252909392281,0.8319046889676079,0.04028089277384809,155.3182142651684,1,1,1,1,1,1,1,1,1,1,1,1,1,1
param_20155,real_005,0.9765734479431117,0.9623747295016307,0.797772297758132,0.803666315153424,0.09926132987630314,120.31935975036589,1,1,1,1,1,1,1,1,1,1,1,1,0,1
param_20156,real_001,0.9189358945201248,0.5880331353104806,0.45118461297237744,0.4737163549185137,0.0804900648615258,275.1531683314461,1,0,0,0,1,0,0,0,0,0,0,0,1,1
param_20156,real_002,0.9002940400465674,0.6059377202691638,0.44332404115711255,0.45331804206201154,0.00742211293342658,516.4251798332376,0,0,0,0,0,0,0,0,0,0,0,0,1,1
param_20156,real_003,0.9512044515805659,0.7760319368222893,0.7898568487626799,0.7939059923030836,0.005301376575934423,18.740353737001076,0,0,0,0,0,0,0,0,0,0,0,0,1,1
param_20156,real_005,0.8826107533080154,0.6391750000892723,0.49832710144894315,0.49458766043868996,0.23505430127787866,279.57669578613394,1,0,0,0,1,0,0,0,0,0,0,0,1,1
param_20157,real_001,0.9187310694821399,0.6324936877274553,0.47002172431332484,0.49387272128733334,0.08816484742105937,269.63988837691534,1,0,0,0,1,0,0,0,0,0,0,0,1,1
param_20157,real_002,0.8985953941167008,0.6410236807618566,0.45432806544444276,0.46576966598225444,0.0340880478782127,503.2735311826554,0,0,0,0,0,0,0,0,0,0,0,0,1,1
param_20157,real_003,0.9551006200973403,0.8146605958816715,0.79514581682868,0.7944629894042872,0.03575019334880124,20.76043660839877,0,0,1,0,0,0,0,0,0,0,0,0,1,1
param_20157,real_004,0.9318054650846364,0.723528994269968,0.6867047385947659,0.686533307121526,0.4988879538350565,41.00271622207458,0,0,0,0,0,0,0,0,0,0,0,0,1,1
param_20157,real_005,0.8840773885238623,0.6732213450618381,0.5102657251030407,0.5082812891655727,0.20561015626244444,279.0764623398351,1,0,0,0,1,0,0,0,1,0,0,0,1,1
param_20158,real_001,0.9198111904833287,0.6596795405218129,0.48668515757834974,0.5138865373582884,0.0787682275805238,268.1253657787888,1,0,0,0,1,0,0,0,0,0,0,0,1,1
param_20158,real_002,0.899540314337998,0.6466068135807199,0.46452403303090833,0.4777304850901763,0.018850285234579208,499.70475450976943,0,0,0,0,0,0,0,0,0,0,0,0,1,1
param_20158,real_003,0.957581948200976,0.8162914887389309,0.7998117956437798,0.800510821374782,0.020140238557981784,20.435053864040942,0,0,1,0,0,0,0,0,0,0,0,0,1,1
param_20158,real_004,0.9302867615413984,0.7243351500624138,0.6797160245912296,0.6787208694746196,0.5310983416202697,42.08865549790316,0,0,0,0,0,0,0,0,0,0,0,0,1,1
param_20158,real_005,0.884637563928458,0.6792048678499621,0.5141757554831907,0.5148971687578547,0.20009643951531367,278.0044702546978,1,0,0,0,1,0,0,0,1,0,0,0,1,1
param_20159,real_001,0.9424600177870361,0.8139264716797305,0.5671686702786833,0.600448938880532,0.07509446045469101,242.44889203586055,1,1,1,1,1,1,1,1,0,0,0,0,1,1
param_20159,real_002,0.9132512964767706,0.774109732416707,0.5289842486996654,0.5492395786835182,0.10282278103568233,437.8115741291225,0,1,0,1,0,1,1,1,1,0,1,0,1,1
param_20159,real_003,0.9683668515502659,0.9029585884391282,0.8062435877227331,0.809491629960641,0.04651746220373671,36.937410514803474,1,1,1,1,1,1,1,1,0,0,0,0,1,1
param_20159,real_004,0.9478602789434518,0.8540592141131349,0.7433280504447191,0.7518157128876081,0.2877753009362461,43.6196438860792,0,1,1,1,0,1,1,1,0,0,0,0,1,1
param_20159,real_005,0.8899145989295256,0.7641857516375701,0.566311384507151,0.5663636775348072,0.13000734913195908,278.5470516174919,1,1,0,1,1,1,0,1,1,0,0,0,1,1
param_20160,real_001,0.936389551740296,0.8484793116358287,0.6140743079435915,0.6483559496038513,0.053014747059921596,217.0752613271669,1,1,1,1,1,1,1,1,1,0,0,0,1,1
param_20160,real_002,0.9162459996560368,0.8106309492778755,0.5553908283890853,0.5768070635016591,0.032890752910041045,394.5640030345987,0,1,1,1,1,1,1,1,1,0,1,0,1,1
param_20160,real_003,0.9608678671824312,0.8899059011899411,0.8158044070071496,0.8198661618784701,0.004975878061854709,23.81443054956474,1,1,1,1,1,1,1,1,0,0,0,0,1,1
param_20160,real_004,0.9461835287992193,0.8590882681205335,0.7239523285905486,0.7303471850813855,0.3364067439409905,51.306349753392766,0,1,1,1,0,1,1,1,0,0,0,0,1,1
param_20160,real_005,0.915268565914525,0.8373183396248892,0.6103311847684293,0.6233724751327258,0.13133561643835617,251.20291753958836,1,1,0,1,1,1,0,1,1,0,1,0,1,1
param_20161,real_001,0.9713365384500828,0.9452953934147194,0.7372027857751056,0.7586430233688486,0.040766185100516134,172.88796635458846,1,1,1,1,1,1,1,1,1,1,1,1,1,1
param_20161,real_002,0.9554368051175234,0.9229162877254059,0.6899300754663018,0.715021647258946,0.09205733795721789,271.9494813182933,1,1,1,1,1,1,1,1,1,1,1,1,1,1
param_20161,real_003,0.9744355028626925,0.956120649522213,0.8338396310651882,0.832198554575632,0.04716604919213749,57.471134558959264,1,1,1,1,1,1,1,1,1,1,1,1,1,1
param_20161,real_004,0.975139638143633,0.9532402786505666,0.8310094395725964,0.8394871545198518,0.15400700321807795,50.70637798118036,1,1,1,1,1,1,1,1,1,1,1,1,1,1
param_20161,real_005,0.9526937907626865,0.9257627063115033,0.6870647612614785,0.7233762969361826,0.01994725004855251,241.1753800639146,1,1,1,1,1,1,1,1,1,1,1,1,1,1
