param_folder,realization,global_ssim,plume_ssim,iou_0.001,iou_0.0001,area_rel_err_1e-3_d365,centroid_err_m_d365,exceed_w500_+400_true,exceed_w500_+400_pred,exceed_w500_-400_true,exceed_w500_-400_pred,exceed_w1000_+400_true,exceed_w1000_+400_pred,exceed_w1000_-400_true,exceed_w1000_-400_pred,exceed_w1500_+600_true,exceed_w1500_+600_pred,exceed_w1500_-600_true,exceed_w1500_-600_pred,exceed_w1900_+0_true,exceed_w1900_+0_pred
param_20000,real_001,0.9711860350836833,0.8449406402552113,0.7758554375537727,0.7908114743854298,0.10605794170659867,49.21609512602491,0,0,0,0,0,0,0,0,0,0,0,0,0,0
param_20000,real_002,0.9704306507344519,0.8231698473507685,0.7442525450245643,0.763461099646322,0.09638500677672363,57.71590309239941,0,0,0,0,0,0,0,0,0,0,0,0,0,0
param_20000,real_003,0.9681664892040769,0.8286466922916247,0.7356109783311073,0.7514674537276709,0.08652096763325172,74.13835002572428,0,0,0,0,0,0,0,0,0,0,0,0,0,0
param_20000,real_004,0.9700983665770033,0.8452124940463718,0.7616949384804839,0.7763627985478077,0.09648538167599752,57.49695380190999,0,0,0,0,0,0,0,0,0,0,0,0,1,0
param_20000,real_005,0.9695456241890077,0.8379765468467362,0.7280123988144455,0.7420624319162954,0.10333803686392098,65.07830298589614,0,0,0,0,0,0,0,0,0,0,0,0,0,0
param_20001,real_001,0.9756851580199049,0.8803576775085888,0.7955696659302623,0.8057718911335684,0.05277293695540748,48.105952730463954,0,0,0,0,0,0,0,0,0,0,0,0,0,1
param_20001,real_002,0.9744220615355573,0.8577765459336648,0.7627411842970219,0.7771096095721063,0.0451182208994709,57.875824443015524,0,0,0,0,0,0,0,0,0,0,0,0,0,1
param_20001,real_003,0.9716880066276937,0.85661086987964,0.7497891911665563,0.7614807126421218,0.028124868526231646,77.5979266185085,0,0,0,0,0,0,0,0,0,0,0,0,0,1
param_20001,real_004,0.9744199063267337,0.8754697918421482,0.7778681562766652,0.7882413447364794,0.04327928599532004,59.7650073920445,0,0,0,0,0,0,0,0,0,0,0,0,0,1
param_20001,real_005,0.9734340515681161,0.8676544119014086,0.7427209787151381,0.7551568034714063,0.05310296769962289,66.79902382286107,0,0,0,0,0,0,0,0,0,0,0,0,0,1
param_20002,real_001,0.9764808867769024,0.8815210356610437,0.7998686078466634,0.8108609309611226,0.05665497910104792,38.8106007995484,0,0,0,0,0,0,0,0,0,0,0,0,0,1
param_20002,real_002,0.9747930524843466,0.8614517864607463,0.7704552752633788,0.7856111149901271,0.048455421012668344,46.49845893295765,0,0,0,0,0,0,0,0,0,0,0,0,1,1
param_20002,real_003,0.9725707364039567,0.8646554281676175,0.7562434942087127,0.768031568267181,0.03339016766126741,63.27467759686199,0,0,0,0,0,0,0,0,0,0,0,0,0,1
param_20002,real_004,0.9750847498507152,0.8803224335723395,0.7840511705756661,0.7947209515792373,0.04448412857658814,46.1737676614236,0,0,0,0,0,0,0,0,0,0,0,0,1,1
param_20002,real_005,0.973868336586822,0.8699259377328055,0.7486930373667385,0.7618648795812456,0.0571965947337161,53.71044291886973,0,0,0,0,0,0,0,0,0,0,0,0,0,1
param_20003,real_001,0.9855771244865508,0.9482349070266785,0.8303444916178779,0.8330836397039849,0.01791127433834674,45.25728075669348,1,1,1,1,1,1,1,1,0,0,0,0,0,1
param_20003,real_002,0.9842227534332787,0.9370325960852582,0.8041553285341421,0.8084851262499363,0.028963302346823025,55.13793586129451,1,1,1,1,1,1,1,1,0,0,0,0,0,1
param_20003,real_003,0.9808607728914513,0.9294808270089417,0.780823034102112,0.7829372810514181,0.0483459414024976,77.83242769247737,1,1,1,1,1,1,1,1,0,0,0,0,0,1
param_20003,real_004,0.9842790831680319,0.9432761489023389,0.8129165776902981,0.8152028054757442,0.030557440906542332,57.87835422476451,1,1,1,1,1,1,1,1,0,0,0,0,0,1
param_20003,real_005,0.9826572911188695,0.9361288161457187,0.7842556923523499,0.7893063976415691,0.016001163720997892,64.52646032248097,1,1,1,1,1,1,1,1,0,0,0,0,0,1
param_20004,real_001,0.9879387416268324,0.9538340484595206,0.861019406550342,0.8736614800679954,0.0013010794140323825,35.6074383526006,1,1,1,1,1,1,1,1,0,0,0,0,1,1
param_20004,real_002,0.9866050307795519,0.9468216264554303,0.8426157942469276,0.8568427273657077,0.019304069838927827,42.531593507851504,1,1,1,1,1,1,1,1,0,0,0,0,1,1
param_20004,real_003,0.985590582620396,0.9440793585662989,0.823610635582454,0.8369283277043503,0.01720287614419986,61.4630922587414,1,1,1,1,1,1,1,1,0,0,0,0,1,1
param_20004,real_004,0.9869838813555143,0.9520671653669688,0.8513008572506493,0.8627318385297437,0.017852319328143802,43.91016164579965,1,1,1,1,1,1,1,1,0,0,0,0,1,1
param_20004,real_005,0.9863611126556228,0.9493699995484929,0.8234258646358275,0.8403640647515485,2.4124870328821983e-05,50.22518510972774,1,1,1,1,1,1,1,1,0,0,0,0,1,1
param_20005,real_001,0.9928797498599292,0.9868383618777158,0.8717789663115372,0.8820241857516362,0.03401897293655659,48.95551423697964,1,1,1,1,1,1,1,1,1,1,1,1,1,1
param_20005,real_002,0.9924793792960704,0.9854602157470883,0.8580729619444821,0.8712821660037205,0.024283183236572522,57.91184732402783,1,1,1,1,1,1,1,1,1,1,1,1,1,1
param_20005,real_003,0.9911055721680654,0.9837677326608459,0.8398807380143117,0.8537428171245685,0.02852364355517033,78.92350728626677,1,1,1,1,1,1,1,1,1,1,1,1,1,1
param_20005,real_004,0.9920210947664263,0.9854739626293281,0.856752269107919,0.8683225884897654,0.028885227896760023,60.86439849395766,1,1,1,1,1,1,1,1,1,1,1,1,1,1
param_20005,real_005,0.9914573098189563,0.9838299131330264,0.8434873742241794,0.8575536725465536,0.03316810030616708,62.49892193509416,1,1,1,1,1,1,1,1,1,1,1,1,1,1
param_20006,real_001,0.9460774808740576,0.7128229127345398,0.7144251519857789,0.7250522937756232,0.2048915912334552,48.225094255986996,0,0,0,0,1,0,0,0,0,0,0,0,0,0
param_20006,real_002,0.9436230106598615,0.7105364851506188,0.677302200512391,0.6896452067193769,0.1932674759977783,46.586749126592046,0,0,1,0,0,0,0,0,0,0,0,0,1,0
param_20006,real_003,0.9434797947920149,0.7258825793100722,0.7198368905307879,0.7300923098721469,0.21103070983762393,75.75268930700236,1,0,0,0,1,0,0,0,0,0,0,0,1,0
param_20006,real_004,0.9426541044225811,0.6990219879849835,0.6948189623883749,0.7032489968993039,0.2386791216608323,45.121724588274226,0,0,0,0,0,0,0,0,0,0,0,0,0,0
param_20006,real_005,0.9402984878097866,0.6945270974853334,0.6774026928405749,0.691795248191852,0.21344164007349387,62.51196719431537,1,0,0,0,1,0,0,0,0,0,0,0,0,0
param_20007,real_001,0.9515479542287271,0.7586156982866332,0.7346897329704295,0.7425626507947172,0.1602108515859311,47.97396247889865,1,0,0,0,1,0,1,0,0,0,0,0,0,1
param_20007,real_002,0.9494314374768311,0.751153487779714,0.7005179371862146,0.7113417216305303,0.14752011218540115,49.47893866208054,1,0,1,0,0,0,1,0,0,0,0,0,1,1
param_20007,real_003,0.9490196485841281,0.7625352615086897,0.7420819173323681,0.7509321233878156,0.15973737814636985,78.3515733154815,1,0,0,0,1,0,0,0,0,0,0,0,1,1
param_20007,real_004,0.9490010397869953,0.7367343268506191,0.7193697215989262,0.7252296925798909,0.19410769418618848,35.820320853930674,1,0,1,0,0,0,1,0,0,0,0,0,0,1
param_20007,real_005,0.9466731857785315,0.7378925107332166,0.7021791428734855,0.7162386484337702,0.1636768459352316,60.797525708130095,1,0,1,0,1,0,0,0,0,0,0,0,0,1
param_20008,real_001,0.9532120056455975,0.7671417173259907,0.7424057287680433,0.7495871850376598,0.1615578287585612,38.168473894038286,1,0,0,0,1,0,1,0,0,0,0,0,0,1
param_20008,real_002,0.9503056898593091,0.7568184906667874,0.7067847413438528,0.7184229554584689,0.14449195171026158,37.102494724569965,1,0,1,0,0,0,1,0,0,0,0,0,1,1
param_20008,real_003,0.9502381613572227,0.7695115199037936,0.7448104707655362,0.7517075473975029,0.1551766959977292,64.86238440396554,1,0,0,0,1,0,0,0,0,0,0,0,1,1
param_20008,real_004,0.9511983373773318,0.7534506108369093,0.732109255179695,0.7373799771889753,0.18770149253731344,42.70382330688514,0,0,1,0,0,0,1,0,0,0,0,0,0,1
param_20008,real_005,0.9483038550834357,0.7490308578745846,0.7143072648086043,0.7300826201494053,0.15880305947607357,52.914228566368784,1,0,1,0,1,0,0,0,0,0,0,0,0,1
param_20009,real_001,0.9728335900636169,0.8882027830150416,0.7979076581041586,0.8064146008375174,0.03833179583912762,47.34123634810924,1,1,1,1,1,1,1,1,0,0,0,0,0,1
param_20009,real_002,0.9675796909025058,0.86672485033396,0.7668296631072999,0.7738919310463366,0.023706685676744804,58.148228553178825,1,1,1,1,1,1,1,1,0,0,0,0,1,1
param_20009,real_003,0.9692421217283146,0.8832679396060322,0.8087851891364533,0.8142555403191465,0.03169233755250863,76.81056234156534,1,1,1,1,1,1,1,1,0,0,0,0,1,1
param_20009,real_004,0.9697962102929384,0.8646128627440892,0.791415065329494,0.7976678360803457,0.05788011222617891,24.771938033866473,1,1,1,1,1,1,1,1,0,0,0,0,0,1
param_20009,real_005,0.9701626521351833,0.8750932800900589,0.7811443221831733,0.7936149720237273,0.016350730924147256,60.01290431061687,1,1,1,1,1,1,1,1,0,0,0,0,0,1
param_20010,real_001,0.9752836499586995,0.9014004064567619,0.8114439101709496,0.8231045475312526,0.08583653125137841,38.947876927340175,1,1,1,1,1,1,1,1,0,0,0,0,1,1
param_20010,real_002,0.971171646502749,0.8880375020293773,0.7814750521072742,0.7950473536628873,0.047837822316659964,46.83972419926495,1,1,1,1,1,1,1,1,0,0,0,0,1,1
param_20010,real_003,0.9734391172233068,0.8958796292063225,0.8082279501788566,0.8170449180872265,0.06633629913278523,65.81597641744345,1,1,1,1,1,1,1,1,0,0,0,0,1,1
param_20010,real_004,0.9741765248073093,0.894875068348363,0.81518999187845,0.8289223277444612,0.07017957086936527,28.755252168800304,1,1,1,1,1,1,1,1,0,0,0,0,1,1
param_20010,real_005,0.9721474978405592,0.8909294429413532,0.8052202276223235,0.8215865775297884,0.0511508658677563,53.6826068290205,1,1,1,1,1,1,1,1,0,0,0,0,1,1
param_20011,real_001,0.990077335635434,0.975334202756878,0.886556729814279,0.8988861070429439,0.004791757419648099,46.46491850718243,1,1,1,1,1,1,1,1,1,1,1,1,1,1
param_20011,real_002,0.9875282219967589,0.9661794248964587,0.8507560181425727,0.8641434165463424,0.030089251619667717,65.84406584763161,1,1,1,1,1,1,1,1,1,1,1,1,1,1
param_20011,real_003,0.9894863114387057,0.9745164751196288,0.878645744192129,0.8886507846429756,0.011593318587445656,72.45746696457913,1,1,1,1,1,1,1,1,1,1,1,1,1,1
param_20011,real_004,0.968221489788324,0.9481215108302162,0.8606427035108649,0.8707770700664886,0.40156398605093524,799.2440836886844,1,1,1,1,1,1,1,1,1,1,1,1,0,1
param_20011,real_005,0.9885070382831248,0.9713497978117764,0.8665645327504072,0.8814768164991389,0.044227930321818716,64.24392477911613,1,1,1,1,1,1,1,1,1,1,1,1,1,1
param_20012,real_001,0.9232157202634435,0.6579056256947647,0.6309632301528499,0.6436723883497341,0.2538071997357895,93.85334837050003,1,0,1,0,1,0,1,0,0,0,0,0,1,0
param_20012,real_002,0.9236572401486203,0.6776368040506412,0.6497565238573045,0.6672129935041178,0.288841869655691,46.73586592463138,0,0,1,0,1,0,1,0,0,0,0,0,1,0
param_20012,real_003,0.9121686356553337,0.6261382580001336,0.5880624588454008,0.5957969765971636,0.3377786462149708,89.20831938812466,1,0,0,0,1,0,1,0,0,0,0,0,1,0
param_20012,real_004,0.9192826036053792,0.6263445412689184,0.6146210736866435,0.6223669141979538,0.27867544030790514,98.4163491943084,1,0,0,0,1,0,1,0,0,0,0,0,0,0
param_20012,real_005,0.9029837814429179,0.6039072585605151,0.5907905807042323,0.5980928738075185,0.3240983879009473,84.65313046476786,1,0,1,0,1,0,1,0,0,0,0,0,1,0
param_20013,real_001,0.9305970849712107,0.6986760392025094,0.6544748077909963,0.666309422866674,0.19023749014109193,100.80884375860734,1,0,1,0,1,0,1,0,0,0,0,0,1,1
param_20013,real_002,0.9320223718159797,0.7181692901025799,0.6770818716491653,0.6943711287092917,0.23634710743801654,43.27152466517759,0,0,1,0,1,0,1,0,0,0,0,0,1,1
param_20013,real_003,0.9193953377949104,0.6642231254660811,0.6111005738492914,0.6185972247576189,0.27985347985347986,87.43933065795927,1,0,0,0,1,0,1,0,0,0,0,0,1,1
param_20013,real_004,0.9259682998927805,0.6657632270550823,0.6377882143292503,0.6453429152235369,0.21376059358088562,98.4987705747483,1,0,0,0,1,0,1,0,0,0,0,0,0,1
param_20013,real_005,0.9093305736843155,0.6417873752665004,0.6168910032388198,0.6239036486460335,0.27264283127882993,86.40565678202864,1,0,1,0,1,0,1,0,0,0,0,0,0,1
param_20014,real_001,0.9325424777525836,0.709196014067401,0.6586219866639834,0.6704864979613484,0.1924811775079699,85.75000176384458,1,0,1,0,1,0,1,0,0,0,0,0,1,1
param_20014,real_002,0.9343871029113641,0.7280920037403824,0.6855377764166775,0.700492934469327,0.23442599231548317,38.59790871277036,0,0,1,0,1,0,1,0,0,0,0,0,1,1
param_20014,real_003,0.9222292973184116,0.6848146512490181,0.6248777506235691,0.6330519620224382,0.2783384857852943,78.56826723809053,1,0,0,0,1,0,1,0,0,0,0,0,1,1
param_20014,real_004,0.9263082520851382,0.6748241085119218,0.6366108567501512,0.6435678097076358,0.2196988317029609,88.4875735895457,1,0,0,0,1,0,1,0,0,0,0,0,0,1
param_20014,real_005,0.910718807743996,0.6532538008473872,0.6254556030265614,0.6324072134437191,0.27064571463579,75.74509480705346,1,0,1,0,1,0,1,0,0,0,0,0,1,1
param_20015,real_001,0.9582402148161105,0.8328281865545957,0.7223035362308727,0.7370620899352744,0.021161796650550065,107.62005192562101,1,1,1,1,1,1,1,1,0,0,0,0,1,1
param_20015,real_002,0.9593409259975213,0.8437882889501013,0.7698206481451902,0.78899918036042,0.07262829449644825,45.67880809078026,1,1,1,1,1,1,1,1,0,0,0,0,1,1
param_20015,real_003,0.9521705252333531,0.8016576655596391,0.6981159168334234,0.712039304174088,0.11524771037330732,84.03007957641448,1,1,1,1,1,1,1,1,0,0,0,0,1,1
param_20015,real_004,0.9549953575642277,0.8173032193031073,0.7211833293890387,0.7312764384993499,0.023556549699426815,99.07214846620289,1,1,1,1,1,1,1,1,0,0,0,0,0,1
param_20015,real_005,0.9428916989118794,0.7924551847390744,0.6996357819462118,0.7090326916406547,0.13445690563231924,91.22611486739746,1,1,1,1,1,1,1,1,1,0,0,0,0,1
param_20016,real_001,0.9568815300385753,0.8558479184977039,0.7255052710979768,0.7400366120531318,0.11608218623050102,96.41399661211692,1,1,1,1,1,1,1,1,1,0,1,0,1,1
param_20016,real_002,0.9603668631095492,0.8641255937693312,0.7790456652228197,0.795248097810671,0.1303982964618015,43.20128705249036,1,1,1,1,1,1,1,1,0,0,0,0,1,1
param_20016,real_003,0.9290484155314239,0.8099817969075838,0.6881992798236013,0.6968866445274975,0.21785812002905908,387.24454036111,1,1,1,1,1,1,1,1,1,0,0,0,1,1
param_20016,real_004,0.9521401247773343,0.8395352810623006,0.6994939350656718,0.7153395833828976,0.12708357464014572,93.91530952620661,1,1,1,1,1,1,1,1,1,0,0,0,1,1
param_20016,real_005,0.9424610106181831,0.8266328094951537,0.7124546749107432,0.7174375375513588,0.20293060015768322,85.95627183169256,1,1,1,1,1,1,1,1,1,0,0,0,1,1
param_20017,real_001,0.9802658959137064,0.9510546498623964,0.814282619890632,0.8281888780459152,0.12365769798292867,106.2717130286951,1,1,1,1,1,1,1,1,1,1,1,1,1,1
param_20017,real_002,0.9816466993549275,0.9519515501507767,0.8422472710575559,0.8572405484507655,0.07442011179218534,58.54720257008744,1,1,1,1,1,1,1,1,1,1,1,1,1,1
param_20017,real_003,0.9811298844881088,0.9457770227501057,0.8094043032577943,0.8292562006500122,0.06482367345300301,78.34005708870625,1,1,1,1,1,1,1,1,1,1,1,1,1,1
param_20017,real_004,0.9814142867147991,0.9519739993844812,0.8296161835651199,0.8438714584100754,0.0811714116855856,93.01918504725737,1,1,1,1,1,1,1,1,1,1,1,1,0,1
param_20017,real_005,0.9818151062139202,0.9533788150008398,0.8263690872827906,0.8498951753635048,0.004931333859510655,88.92622396559477,1,1,1,1,1,1,1,1,1,1,1,1,1,1
param_20018,real_001,0.9662638612153843,0.8109774339150532,0.7665772944025406,0.7846908187867004,0.08266792980556684,42.90915198539341,0,0,0,0,0,0,0,0,0,0,0,0,0,0
param_20018,real_002,0.9642378048146911,0.8121570514397563,0.7623700306470323,0.7792263815462971,0.07188662452360849,50.96032650397583,0,0,0,0,0,0,0,0,0,0,0,0,1,0
param_20018,real_003,0.9596880739391057,0.8010143128003138,0.7679116717919746,0.7799174014884668,0.09186521671169863,65.94333992180324,0,0,0,0,0,0,0,0,0,0,0,0,1,0
param_20018,real_004,0.9656802495598201,0.8259403471419863,0.7985989067195518,0.8185978277972599,0.09560131649172746,40.294874841895876,0,0,0,0,0,0,0,0,0,0,0,0,1,0
param_20018,real_005,0.9633200082829153,0.7895484644775599,0.7299963231074572,0.7510700744321138,0.08561728533848956,53.93193960864795,0,0,0,0,0,0,0,0,0,0,0,0,1,0
param_20019,real_001,0.9718529106908145,0.8569576155506361,0.7857173974874395,0.8000721543289205,0.04270440512204219,41.58844838425789,0,0,0,0,0,0,0,0,0,0,0,0,0,1
param_20019,real_002,0.9704500557151906,0.8588138090391674,0.7836071736059196,0.7956701336517917,0.026240357459006027,51.214944589921636,0,0,0,0,0,0,0,0,0,0,0,0,1,1
param_20019,real_003,0.9673573905962266,0.8484696059543297,0.7879175620298944,0.7950897237121566,0.04696975947852634,66.90965746935473,0,0,0,0,0,0,0,0,0,0,0,0,1,1
param_20019,real_004,0.9727563796594982,0.8757746756650897,0.8217971139761308,0.8387961051456281,0.05321939423746875,34.439426396217755,0,0,0,0,0,0,0,0,0,0,0,0,1,1
param_20019,real_005,0.9699437107970361,0.8407255370000777,0.7484973143334435,0.7658936901939589,0.04377431906614786,51.50665012249224,0,0,0,0,0,0,0,0,0,0,0,0,0,1
param_20020,real_001,0.971915414056945,0.8542470764959327,0.793828741478409,0.8084975640675034,0.042640022516183505,33.18652295198325,0,0,0,0,0,0,0,0,0,0,0,0,0,1
param_20020,real_002,0.9709091454563615,0.8626895514082483,0.7865717552691079,0.8000752259868433,0.0236796785304248,40.509220446906305,0,0,0,0,0,0,0,0,0,0,0,0,1,1
param_20020,real_003,0.9676538370648065,0.8538634882176767,0.7868778362741696,0.7946885331084185,0.04339004841204475,54.6452940469591,0,0,0,0,0,0,0,0,0,0,0,0,1,1
param_20020,real_004,0.972344673382009,0.8729945350515256,0.8265992757953186,0.8430831084290622,0.05378715625496741,34.99683144681457,0,0,0,0,0,0,0,0,0,0,0,0,1,1
param_20021,real_001,0.9855604569515627,0.9438689727622456,0.8272110170453328,0.8325060846890845,0.006818312863979704,39.38163173847104,1,1,1,1,1,1,1,1,0,0,0,0,0,1
param_20021,real_002,0.9834218746346629,0.9431259546242959,0.8224950589281154,0.8224974422038004,0.02758569957334118,52.24893299790102,1,1,1,1,1,1,1,1,0,0,0,0,1,1
param_20021,real_003,0.9815300894488171,0.9375554530931726,0.829145042671052,0.8305706355037367,0.0076171790469870305,64.00187604768072,1,1,1,1,1,1,1,1,0,0,0,0,1,1
param_20021,real_004,0.9870670474037354,0.9544213349481508,0.8697058900742151,0.875983796707058,0.007239375279408159,28.081618931994164,1,1,1,1,1,1,1,1,0,0,0,0,1,1
param_20021,real_005,0.9835920382356264,0.9354571793678906,0.7954447508534082,0.8034224639036889,0.019560616013429677,48.94358311064278,1,1,1,1,1,1,1,1,0,0,0,0,0,1
param_20022,real_001,0.9846058616101797,0.9363393900656343,0.8627897723595995,0.8776169364735454,0.015558005635183144,29.46655421795365,1,1,1,1,1,1,1,1,0,0,0,0,1,1
param_20022,real_002,0.9836418517293475,0.9395213394140743,0.8502381876995225,0.8591379287229993,0.05221739903028457,38.923293370615454,1,1,1,1,1,1,1,1,0,0,0,0,1,1
param_20022,real_003,0.9835796839384833,0.9412538388022377,0.8469488229394585,0.8577930450591507,0.028395628388185237,50.744262993619216,1,1,1,1,1,1,1,1,0,0,0,0,1,1
param_20022,real_004,0.983367393437325,0.939411245894796,0.8864790804090582,0.8952576261446317,0.03801462486226585,28.685593751426794,1,1,1,1,1,1,1,1,0,0,0,0,1,1
param_20022,real_005,0.9834790030322186,0.9403852698588813,0.8389724044392808,0.8560741126326767,0.044567367665032824,40.48196748544577,1,1,1,1,1,1,1,1,0,0,0,0,1,1
param_20023,real_001,0.9929092914054405,0.9861649685633991,0.8751866242352264,0.8876877898234039,0.0419907061854429,40.939280791236556,1,1,1,1,1,1,1,1,1,1,1,1,1,1
param_20023,real_002,0.9924359639482517,0.9858328228571724,0.8715138222068507,0.8826724215305378,0.023379109752954604,57.34356848163713,1,1,1,1,1,1,1,1,1,1,1,1,1,1
param_20023,real_003,0.9920018864641388,0.9854927024812307,0.8714512935046034,0.881325720202494,0.03510239714815758,60.86116329269735,1,1,1,1,1,1,1,1,1,1,1,1,1,1
param_20023,real_004,0.9943367599090351,0.9893101527882411,0.9070925345647538,0.9145213119974487,0.033003621163146764,30.14084228278388,1,1,1,1,1,1,1,1,1,1,1,1,1,1
param_20023,real_005,0.9923416958165794,0.9845666227278724,0.8537217111907384,0.8682548886307346,0.027954047137718114,52.525206278168625,1,1,1,1,1,1,1,1,1,1,1,1,1,1
param_20024,real_001,0.9293131737347745,0.6505182308639046,0.66931905529106,0.673856455817881,0.2330366235431675,125.49212214920468,0,0,0,0,0,0,0,0,0,0,0,0,1,0
param_20024,real_002,0.9333280694390166,0.6547850963486799,0.6599874906043788,0.6670864626164967,0.10652928511797531,158.36476144292496,0,0,0,0,0,0,0,0,0,0,0,0,1,0
param_20024,real_003,0.9231481570972483,0.6546990363078439,0.6474270875055914,0.6530726480485667,0.17750677506775067,71.3610095475171,0,0,0,0,1,0,0,0,0,0,0,0,1,0
param_20024,real_004,0.9191719353834468,0.6296104019404498,0.6139179710940857,0.6201910679726265,0.23110808613616168,221.0265338489016,0,0,0,0,0,0,0,0,0,0,0,0,1,0
param_20024,real_005,0.9271799604290805,0.6081745361072907,0.6189848632569117,0.6399148377417773,0.13955358087379668,171.92151229062202,0,0,0,0,0,0,0,0,0,0,0,0,1,0
param_20025,real_001,0.9354815684215007,0.7030439310011747,0.6888727866885893,0.691039753852707,0.21219200272828034,116.92591236572768,0,0,0,0,1,0,1,0,0,0,0,0,1,1
param_20025,real_002,0.940315907347647,0.7123853298810553,0.6777289458386339,0.6837487068221749,0.070701585002816,140.75025162046478,0,0,0,0,0,0,0,0,0,0,0,0,1,1
param_20025,real_003,0.9304732974371585,0.7020934651883812,0.6631866177999841,0.6669292591414334,0.14534388989603758,60.920817548370046,1,0,0,0,1,0,0,0,0,0,0,0,1,1
param_20025,real_004,0.9268410613426268,0.6871363165629033,0.6311517903879954,0.6381673556434265,0.20111702863466593,209.21601243939293,0,0,0,0,1,0,0,0,0,0,0,0,1,1
param_20025,real_005,0.9367136744739234,0.6834892381805221,0.6491463777144011,0.6705569457851897,0.1115875701869087,157.81451962158565,0,0,0,0,1,0,0,0,0,0,0,0,1,1
param_20026,real_001,0.9384448731160997,0.7162001393736038,0.6991494503466856,0.7048446524429818,0.19541453359690472,128.4684719982622,0,0,0,0,1,0,1,0,0,0,0,0,1,1
param_20026,real_002,0.9422400384118784,0.7275728259469367,0.6896580763625166,0.6973656270988264,0.053467432569418216,153.39584579132838,0,0,0,0,0,0,0,0,0,0,0,0,1,1
param_20026,real_003,0.93156316679366,0.7168922913563547,0.6710957657906769,0.6748097267463209,0.1317166560306318,69.39822587031875,1,0,0,0,1,0,0,0,0,0,0,0,1,1
param_20026,real_004,0.9293204572844996,0.7051935786024954,0.6458600653915701,0.6527855613516722,0.18682763566818072,222.32179333196623,0,0,0,0,1,0,0,0,0,0,0,0,1,1
param_20026,real_005,0.9373486600368013,0.6957745888177286,0.6633857967434686,0.6875705983544109,0.09419283662716603,168.59906769905737,0,0,0,0,1,0,0,0,0,0,0,0,1,1
param_20027,real_001,0.963334230129314,0.8516626280601776,0.7559618870064486,0.7605470417464096,0.13296340433983814,99.36488631439056,1,1,1,1,1,1,1,1,1,0,1,0,1,1
param_20027,real_002,0.9611152509483081,0.8539210232641536,0.7282231082762629,0.7366284643830631,0.006217808258159984,108.77230501167455,1,1,1,1,1,1,0,1,0,0,0,0,1,1
param_20027,real_003,0.9545069768303468,0.8427379227722921,0.7225105240524691,0.7307151721712237,0.05406503514498151,50.66238399095362,1,1,1,1,1,1,0,1,0,0,0,0,1,1
param_20027,real_004,0.955312934608963,0.8453227235929244,0.7128996413763649,0.7276381398174925,0.10704697128538188,184.37708553718383,1,1,1,1,1,1,1,1,1,0,1,0,1,1
param_20027,real_005,0.9614484895169152,0.8603398229133332,0.7473388368658825,0.7664575778609408,0.028973015056514062,123.33670282593926,1,1,1,1,1,1,0,1,0,0,0,0,1,1
param_20028,real_001,0.9641556576147423,0.8750653710324998,0.7845733166223008,0.7942959325839076,0.10686389640052145,100.96302799857247,1,1,1,1,1,1,1,1,1,0,1,0,1,1
param_20028,real_002,0.9635834089269208,0.8741037473739639,0.7659353972689473,0.7813840274769183,0.038404689731192224,107.58516126027416,1,1,1,1,1,1,1,1,0,0,0,0,1,1
param_20028,real_003,0.9619942016309929,0.8757230736723737,0.7487449272333643,0.7612071355553849,0.043663840341466226,55.2859024314842,1,1,1,1,1,1,1,1,1,0,0,0,1,1
param_20028,real_004,0.9575704800703403,0.870622262674489,0.7401346814750132,0.7536746577314435,0.06957429376311743,180.51838845337923,1,1,1,1,1,1,1,1,1,0,1,0,1,1
param_20028,real_005,0.9608337566756188,0.8718924086567604,0.7815139211869426,0.7973486555069048,0.01359612657113513,121.30207231733733,1,1,1,1,1,1,1,1,0,0,0,0,1,1
param_20029,real_001,0.9852207352625217,0.9621297201379129,0.8708039735250728,0.8834867795126472,0.008176084951516813,73.77576374493923,1,1,1,1,1,1,1,1,1,1,1,1,1,1
param_20029,real_002,0.9832358048034477,0.9563307819760358,0.8200942883225971,0.8384714579473553,0.02740283130313535,71.60217943913241,1,1,1,1,1,1,1,1,1,1,1,1,1,1
param_20029,real_003,0.9828516690050315,0.9597879240608426,0.8285073481386038,0.8457964589043732,0.009552495161521181,47.60480206604619,1,1,1,1,1,1,1,1,1,1,1,1,1,1
param_20029,real_004,0.9811348681272714,0.9573259128873158,0.8317511240675814,0.8476922006379571,0.007271829729062636,131.05429039645196,1,1,1,1,1,1,1,1,1,1,1,1,1,1
param_20029,real_005,0.9853738690804764,0.9665636573131401,0.8591175139963109,0.8779688922572896,0.0012174458738625667,62.211656957250945,1,1,1,1,1,1,1,1,1,1,1,1,1,1
param_20030,real_001,0.8999978035690103,0.6064461498155126,0.5847179254081896,0.5777301611750747,0.29265153491607965,224.8701945607543,0,0,0,0,1,0,0,0,0,0,0,0,1,0
param_20030,real_002,0.9092982003985125,0.5558928420370757,0.5098248066155336,0.5196805724974553,0.10329849627375755,309.96804302383225,0,0,0,0,0,0,0,0,0,0,0,0,1,0
param_20030,real_003,0.8967267000625019,0.5662662538076958,0.5202702443714299,0.521064827037906,0.2217650885988748,154.0432297720471,0,0,0,0,1,0,0,0,0,0,0,0,1,0
param_20030,real_004,0.8892909740985476,0.5661367428176223,0.4833237983966465,0.48727700095297016,0.3276073011044243,341.6543974991763,0,0,0,0,1,0,0,0,0,0,0,0,1,0
param_20030,real_005,0.9024013507029324,0.5352469329538695,0.5151370569354841,0.5314203656507224,0.1449985283605937,283.37109545083314,0,0,0,0,0,0,0,0,0,0,0,0,1,0
param_20031,real_001,0.9057518566372214,0.6465197719781495,0.598850213688609,0.5913276546658853,0.29324930014838385,212.63824289757838,0,0,0,0,1,0,1,0,0,0,0,0,1,1
param_20031,real_002,0.9137762179092377,0.6093002421849111,0.5280560200147231,0.5386057161006362,0.06274597314074735,288.2274140437063,0,0,0,0,1,0,0,0,0,0,0,0,1,1
param_20031,real_003,0.9027276792651371,0.6065862159113549,0.5340661793302943,0.5354962809487938,0.18941347790234575,140.8173080242152,0,0,0,0,1,0,0,0,0,0,0,0,1,1
param_20031,real_005,0.9111014639596412,0.6018255605787981,0.547229879152727,0.564722070950192,0.10532532920216886,267.81564389242277,1,0,0,0,1,0,0,0,0,0,0,0,1,1
param_20032,real_001,0.9109155487869566,0.6733192740947753,0.6127451105881433,0.6083009779800357,0.2775611754175706,224.33561875457525,0,0,0,0,1,0,1,0,0,0,0,0,1,1
param_20032,real_002,0.915891319634243,0.633697583271681,0.5420958608981296,0.5557318371855693,0.0454035200256585,299.99542407512473,0,0,0,0,1,0,0,0,0,0,0,0,1,1
param_20032,real_003,0.9039289730082052,0.6232665286119867,0.545345885069992,0.5483172494331231,0.17761544572237764,152.36452295057958,0,0,0,0,1,0,0,0,0,0,0,0,1,1
param_20032,real_004,0.9006579313443784,0.6477759841354659,0.525044488851953,0.5341250916631541,0.28326961861473166,338.48753793122916,0,0,0,0,1,0,1,0,0,0,0,0,1,1
param_20032,real_005,0.9137997223393419,0.6265868280138129,0.5632180999588234,0.583776543205489,0.08868050904219692,277.6983310258828,1,0,0,0,1,0,0,0,0,0,0,0,1,1
param_20033,real_002,0.9314868106587108,0.7622881859637167,0.5940236685799659,0.6106524841812098,0.07089741034329433,237.34474937465853,1,1,0,1,1,1,0,1,0,0,0,0,1,1
param_20033,real_003,0.92606824790298,0.7525053307896653,0.5999279384019266,0.6073503115233535,0.047239046215965516,127.27678408582764,1,1,0,1,1,1,0,1,0,0,0,0,1,1
param_20033,real_004,0.9229929890091165,0.7589214382942672,0.591748765254419,0.6089786455240938,0.12817984372269517,298.03766416349123,0,1,0,1,1,1,1,1,1,0,1,0,1,1
param_20033,real_005,0.9356941376297514,0.784128228628152,0.6567753999809132,0.6813314735717182,0.02557890254467498,231.4775397188863,1,1,0,1,1,1,0,1,0,0,0,0,1,1
param_20034,real_001,0.9364519582703569,0.8304875168740571,0.7037383084024911,0.7033381631679347,0.16038729541403338,177.2055211434428,1,1,1,1,1,1,1,1,1,0,1,0,1,1
param_20034,real_002,0.940896221575413,0.8236393072427356,0.6429522305330049,0.6680986344797892,0.059966756169287816,216.97292295585174,1,1,0,1,1,1,1,1,0,0,0,0,1,1
param_20034,real_003,0.9405958251025349,0.8232939914764543,0.6416713466144449,0.6580438969204273,0.06239750274268523,118.47173557569158,1,1,1,1,1,1,0,1,1,0,0,0,1,1
param_20034,real_004,0.9300518815620962,0.8283031368083924,0.6419299924545061,0.6573923366973502,0.12107718405428329,276.0406921787294,1,1,1,1,1,1,1,1,1,0,1,0,1,1
param_20034,real_005,0.9382739617320206,0.8250782215380381,0.7007084587111128,0.7168198769947118,0.004093893074295681,206.14716004377857,1,1,1,1,1,1,0,1,0,0,0,0,1,1
param_20035,real_001,0.969150145615478,0.9293566583603714,0.785995472442833,0.8069227321672798,0.07637475230449808,155.9317168171978,1,1,1,1,1,1,1,1,1,1,1,1,1,1
param_20035,real_002,0.962912366587539,0.9128227566086362,0.7109035681301406,0.7360995304787444,0.1135552663616137,164.08148225446328,1,1,1,1,1,1,1,1,1,1,1,1,1,1
param_20035,real_003,0.9650634498211423,0.9215928020970853,0.7281678366422187,0.7562204174285173,0.05321810024220125,112.44303495432824,1,1,1,1,1,1,1,1,1,1,1,1,1,1
param_20035,real_004,0.9587524127685596,0.9138548725192457,0.7213641031912461,0.7475558854571623,0.07622918117701155,236.90581244513479,1,1,1,1,1,1,1,1,1,1,1,1,1,1
param_20035,real_005,0.9693472778953168,0.9360388087353877,0.7905486742282224,0.8125321084873124,0.08514468050290452,146.92050256575706,1,1,1,1,1,1,1,1,1,1,1,1,1,1
param_20036,real_001,0.959711174188683,0.769804167343371,0.7086978325973315,0.7284894646768774,0.10805772436178612,65.89649505508525,0,0,0,0,0,0,0,0,0,0,0,0,1,0
param_20036,real_002,0.9644927984488036,0.8125686708056377,0.767990665261146,0.7886743730445319,0.09129706178080661,45.06629045499321,0,0,0,0,0,0,0,0,0,0,0,0,1,0
param_20036,real_003,0.9601178425211347,0.786285827850787,0.7536200723318544,0.7680637514678164,0.08948641024492902,53.787425159187386,0,0,0,0,0,0,0,0,0,0,0,0,1,0
param_20036,real_004,0.9612122598386209,0.7913694145500451,0.7445578172319497,0.7595328488089363,0.09223008414990737,53.74239081360824,0,0,0,0,0,0,0,0,0,0,0,0,0,0
param_20036,real_005,0.9630775379964497,0.787102524913478,0.751885562129191,0.7722827247627554,0.12605565703234126,32.08340615716244,0,0,0,0,0,0,0,0,0,0,0,0,0,0
param_20037,real_001,0.9672198635972875,0.8234297033176814,0.7276179682597284,0.743365524277048,0.05934929554523984,68.77322802142275,0,0,0,0,0,0,0,0,0,0,0,0,1,1
param_20037,real_002,0.9710701313671829,0.8613141352219329,0.7869909103602872,0.8019757234725929,0.04955770417609545,48.290006915919356,0,0,0,0,0,0,0,0,0,0,0,0,1,1
param_20037,real_003,0.9693230973854489,0.8472330387764789,0.7723800711588367,0.7840067398578187,0.03965993888877341,52.54674832640478,0,0,0,0,0,0,0,0,0,0,0,0,1,1
param_20037,real_004,0.9696250602344968,0.8471193413726708,0.7629863118243084,0.775282464201133,0.04846150677596078,53.1582487462304,0,0,0,0,0,0,0,0,0,0,0,0,0,1
param_20037,real_005,0.9714557842459552,0.8445876106881903,0.7709181510526915,0.7876433851712341,0.08630475625432611,31.56982188830879,0,0,0,0,0,0,0,0,0,0,0,0,0,1
param_20038,real_001,0.9677570507607149,0.8303973465643558,0.734103415635091,0.7501016923744337,0.06121121318456019,55.105866718733395,0,0,0,0,0,0,0,0,0,0,0,0,1,1
param_20038,real_002,0.9712197617915379,0.865405981901527,0.79382715958404,0.8093569058360423,0.046683882849878885,34.27638276629433,0,0,0,0,0,0,0,0,0,0,0,0,1,1
param_20038,real_003,0.9689453989620808,0.8497010912512796,0.7748811618371735,0.7863580037063559,0.042640022516183505,43.35769578097354,0,0,0,0,0,0,0,0,0,0,0,0,1,1
param_20038,real_004,0.9692347356081779,0.8525059441758559,0.7661153030743304,0.7793363989068677,0.04953795181925234,43.482285432572596,0,0,0,0,0,0,0,0,0,0,0,0,0,1
param_20038,real_005,0.9716344786851541,0.8505798913580916,0.779626430245269,0.7958115321454757,0.0884362856760016,22.710080371580354,0,0,0,0,0,0,0,0,0,0,0,0,1,1
param_20039,real_001,0.9802434171574174,0.9207114354585002,0.7632931162885042,0.7679041433841753,0.014820196149654921,69.30221477829161,1,1,1,1,1,1,1,1,0,0,0,0,1,1
param_20039,real_002,0.9851212520762381,0.9446455432377739,0.8214944852019136,0.826779474689088,0.022082065090142825,48.25326422269056,1,1,1,1,1,1,1,1,0,0,0,0,1,1
param_20039,real_003,0.9844218489048393,0.9401040745236229,0.8125040487374982,0.8181125328958241,0.0180002915026964,50.884408198544676,1,1,1,1,1,1,1,1,0,0,0,0,1,1
param_20039,real_004,0.9830924173675417,0.9344858773048695,0.8034084679359905,0.8086465172678072,0.01059135039717564,51.81502517882027,1,1,1,1,1,1,1,1,0,0,0,0,0,1
param_20040,real_001,0.9832058687892256,0.9328539933881901,0.8058155463882493,0.8216064951589418,0.01838998562706534,53.04826364037264,1,1,1,1,1,1,1,1,0,0,0,0,1,1
param_20040,real_002,0.984521438244614,0.9462818004191252,0.8597530326976306,0.8687090326890629,0.04213808015286368,31.73611909063394,1,1,1,1,1,1,1,1,0,0,0,0,1,1
param_20040,real_003,0.9838466237752843,0.9429394042407844,0.8441420509415455,0.8593533515461965,0.040450820186503006,40.52799369167406,1,1,1,1,1,1,1,1,0,0,0,0,1,1
param_20040,real_004,0.9833572454735006,0.9454602866612183,0.8343301551658701,0.8488962546194975,0.026460136448621274,40.26607462065741,1,1,1,1,1,1,1,1,0,0,0,0,1,1
param_20040,real_005,0.9855043807868114,0.9436367279312275,0.8504950148770104,0.8660452846440713,0.012119117699631778,19.744983054267628,1,1,1,1,1,1,1,1,0,0,0,0,1,1
param_20041,real_001,0.9904507009533887,0.9808208866303716,0.828488165765421,0.8441571034289536,0.0252751358071569,68.73592751871738,1,1,1,1,1,1,1,1,1,1,1,1,1,1
param_20041,real_002,0.9927722015456285,0.9861166505300654,0.8707655449053813,0.8817531951262247,0.030588751233417387,51.07256246489473,1,1,1,1,1,1,1,1,1,1,1,1,1,1
param_20041,real_003,0.9924508209642241,0.9853546940564938,0.8641446618262936,0.8744221050980837,0.037040622466389964,50.69809832867002,1,1,1,1,1,1,1,1,1,1,1,1,1,1
param_20041,real_004,0.9919850792719732,0.9841813776537626,0.8546145314782457,0.8670624850021152,0.037052274927395934,55.66723067233467,1,1,1,1,1,1,1,1,1,1,1,1,1,1
param_20041,real_005,0.9925988699571255,0.9841887635505182,0.8600065263665359,0.8725751050380495,0.03499123854796365,34.68903021863305,1,1,1,1,1,1,1,1,1,1,1,1,1,1
param_20042,real_001,0.9302750430597131,0.6365549775437613,0.5740715178010052,0.5966389600277285,0.04838898378454267,250.1267835945166,0,0,0,0,0,0,0,0,0,0,0,0,1,0
param_20042,real_002,0.9412006722288824,0.6657382073831848,0.7106333957530098,0.7279492946536915,0.11078800069966765,103.26321484141047,0,0,0,0,0,0,0,0,0,0,0,0,1,0
param_20042,real_003,0.9258928218931937,0.6464232078225786,0.6381436173534432,0.6514297041678699,0.1404083530605343,98.33882520122854,0,0,0,0,0,0,0,0,0,0,0,0,1,0
param_20042,real_004,0.932335714799986,0.6604473828944074,0.6539831662356341,0.6724702055368375,0.18608281465767407,64.30330608075887,0,0,0,0,1,0,0,0,0,0,0,0,1,0
param_20042,real_005,0.9425068991589769,0.6929306161264545,0.6879421161298273,0.7113184019019553,0.15584199929426906,50.10136900242229,0,0,0,0,0,0,0,0,0,0,0,0,1,0
param_20043,real_001,0.9372462851373892,0.6906974870165756,0.5881066490181989,0.6107550868432093,0.04274407425824631,233.12234502859158,0,0,0,0,0,0,0,0,0,0,0,0,1,1
param_20043,real_002,0.9484727764418355,0.7282040669636365,0.7325320296265052,0.7473104615303479,0.09099673395506237,93.58787984116066,0,0,0,0,0,0,0,0,0,0,0,0,1,1
param_20043,real_003,0.9336756329463651,0.6970041131885995,0.6633344999773101,0.6745631614883137,0.12145356355061991,87.53164144458822,0,0,0,0,0,0,0,0,0,0,0,0,1,1
param_20043,real_004,0.9407445596357225,0.7194697690644105,0.6726750724057642,0.6880705268892625,0.17086608520871469,54.05385999051025,0,0,1,0,1,0,0,0,0,0,0,0,1,1
param_20043,real_005,0.9503556334841319,0.745765396628742,0.7069493680042944,0.7260448849695581,0.12838169263856922,46.408555165444376,0,0,0,0,0,0,0,0,0,0,0,0,1,1
param_20044,real_001,0.9377042314188259,0.7011703726165237,0.6065002900814629,0.6303187783764381,0.021352240032881217,246.39984276105486,0,0,0,0,0,0,0,0,0,0,0,0,1,1
param_20044,real_002,0.9503902267351968,0.7413122667624684,0.747305348189657,0.7626142518448188,0.07301642918321265,108.44079028246149,0,0,0,0,0,0,0,0,0,0,0,0,1,1
param_20044,real_003,0.9340581964275119,0.7055897091259636,0.6669450526136912,0.6787342661997313,0.10813746605487405,96.06473073037881,0,0,0,0,0,0,0,0,0,0,0,0,1,1
param_20044,real_004,0.94168526556102,0.7339344253564605,0.6882020129439331,0.706540066540902,0.15898133267400172,61.39153682366797,0,0,1,0,1,0,0,0,0,0,0,0,1,1
param_20044,real_005,0.950500349449173,0.7620618461952884,0.7228969224018017,0.7440291028091595,0.11414327436426884,43.098573972364996,0,0,0,0,0,0,0,0,0,0,0,0,1,1
param_20045,real_001,0.9561394612488381,0.832020347525081,0.6539233979069854,0.6784567527256498,0.06809964108927404,203.4271040878627,1,1,0,1,1,1,0,1,1,0,0,0,1,1
param_20045,real_002,0.9726450262830849,0.8842079800894931,0.8011795776880654,0.811721348980525,0.028756970227914284,80.63514704272092,1,1,1,1,1,1,1,1,0,0,0,0,1,1
param_20045,real_003,0.9605277476250025,0.8483824627977569,0.7334254239799004,0.7442698664368591,0.07998208569885533,73.75049672881191,1,1,1,1,1,1,1,1,1,0,0,0,1,1
param_20045,real_004,0.9633024767767752,0.8597276495067231,0.7343092218089292,0.7509227630571569,0.10012110904968048,42.40063765897883,1,1,1,1,1,1,1,1,0,0,0,0,1,1
param_20045,real_005,0.9683181467668289,0.8758588527235812,0.7664087664294111,0.7798921074593368,0.022559021509439243,40.34421918260413,1,1,1,1,1,1,1,1,0,0,0,0,1,1
param_20046,real_001,0.9590072408491679,0.8655703778689292,0.7073869575765345,0.7269855573331456,0.011296264669285383,196.67565230421684,1,1,1,1,1,1,1,1,0,0,0,0,1,1
param_20046,real_002,0.972380048246681,0.8915550164676866,0.8354899913383886,0.8490506207626882,0.002586777356674487,87.53345507221583,1,1,1,1,1,1,1,1,0,0,0,0,1,1
param_20046,real_003,0.9591245780355447,0.8611044347705749,0.7431235912068521,0.7575221523610218,0.042415561613454694,77.86359063123807,1,1,1,1,1,1,1,1,1,0,0,0,1,1
param_20046,real_004,0.9652249243310987,0.8765702963876342,0.7811224039374914,0.7997604339372121,0.07210494504264511,44.57857066255567,1,1,1,1,1,1,1,1,0,0,0,0,1,1
param_20046,real_005,0.9691246466503779,0.8941480372855285,0.8062169341270313,0.8216540358162456,0.0035590635062828367,33.98630491430267,1,1,1,1,1,1,1,1,0,0,0,0,1,1
param_20047,real_001,0.9780964978229689,0.9505560670351545,0.7811169492093762,0.8033783821181026,0.006335596949808415,139.46936705964694,1,1,1,1,1,1,1,1,1,1,1,1,1,1
param_20047,real_002,0.9856233198894917,0.9663882900065823,0.8565548959083165,0.8667843547319659,0.010137698555844414,57.74529023912852,1,1,1,1,1,1,1,1,1,1,1,1,1,1
param_20047,real_003,0.9830853391020803,0.9603181902838522,0.8305528129885517,0.8450438350907931,0.053960554941331715,56.842052031461776,1,1,1,1,1,1,1,1,1,1,1,1,1,1
param_20047,real_004,0.9837725245918786,0.9625221588701578,0.8218317600359031,0.8425785774263379,0.009661682515716887,38.8297933516729,1,1,1,1,1,1,1,1,1,1,1,1,1,1
param_20047,real_005,0.9856031190990591,0.9666095519741499,0.8413243198468371,0.8621708336173671,0.013695574036661998,25.870968463438693,1,1,1,1,1,1,1,1,1,1,1,1,1,1
param_20048,real_001,0.9280139651181557,0.6698325305630859,0.6863513936010288,0.7022501738994464,0.13844165748665369,100.10528865037466,0,0,0,0,0,0,0,0,0,0,0,0,1,0
param_20048,real_002,0.9266627583068623,0.6391112681980841,0.6445594506959325,0.6617820817034874,0.015151515151515152,229.17671398499394,0,0,0,0,0,0,0,0,0,0,0,0,1,0
param_20048,real_003,0.9226969501467462,0.5848814776187504,0.5790831422356414,0.5986678562688724,0.15072984317246851,91.49879627975174,0,0,0,0,0,0,0,0,0,0,0,0,1,0
param_20048,real_004,0.902689240029456,0.5691538198317616,0.48495284959756674,0.5047310624269358,0.08580227487299374,298.76328684928586,0,0,0,0,0,0,0,0,0,0,0,0,1,0
param_20048,real_005,0.9206302830307819,0.6098438684109723,0.6306835576002544,0.6375760019619753,0.10089978555479406,114.32975887798918,0,0,0,0,0,0,0,0,0,0,0,0,1,0
param_20049,real_001,0.9351291591942353,0.7267971133076658,0.7132786039211753,0.725804383276311,0.10963576797070726,89.40507162198612,0,0,0,0,0,0,1,0,0,0,0,0,1,1
param_20049,real_002,0.9327209297241674,0.6994692141626601,0.6690953033260095,0.6808188844542323,0.024298858219709566,216.12649433922962,0,0,0,0,0,0,0,0,0,0,0,0,1,1
param_20049,real_003,0.9288777008732966,0.6384532915670146,0.5953587797730384,0.612720184646065,0.11228744355845903,78.43271706109425,0,0,0,0,0,0,0,0,0,0,0,0,1,1
param_20049,real_004,0.9095644801198801,0.6225699893837144,0.5121501339810058,0.531847736350574,0.10587939309490633,288.9776551510333,1,0,0,0,1,0,0,0,0,0,0,0,1,1
param_20049,real_005,0.9268900201567629,0.6696621446476294,0.6519216352320634,0.6591197336599081,0.07830267725332163,103.03490084187041,0,0,0,0,1,0,0,0,0,0,0,0,1,1
param_20050,real_001,0.9372595391281301,0.7395213849439135,0.7209668117550581,0.7338981954096578,0.09700968959174773,102.3416254545542,0,0,0,0,0,0,1,0,0,0,0,0,1,1
param_20050,real_002,0.9342448839837886,0.7088611012613178,0.6761103136076612,0.6847018045498955,0.04425147468368309,227.18603296456143,0,0,0,0,0,0,0,0,0,0,0,0,1,1
param_20050,real_003,0.9305378122093545,0.6547654846113484,0.6064092378642294,0.6263716642258239,0.09477826144809626,91.90211072384878,0,0,0,0,0,0,0,0,0,0,0,0,1,1
param_20050,real_004,0.9127615285532006,0.6429794835833124,0.5242789839606667,0.5469417228820748,0.08696819218896792,299.0519802600539,1,0,0,0,1,0,0,0,0,0,0,0,1,1
param_20050,real_005,0.9282432096145418,0.6864720096692105,0.6610772687038662,0.6709074013086577,0.0613962472406181,116.26554708030737,0,0,0,0,1,0,0,0,0,0,0,0,1,1
param_20051,real_001,0.9552749668195456,0.8589562893403607,0.7816663062063782,0.7926887022110778,0.022312742339618417,73.94110318114566,1,1,0,1,1,1,1,1,0,0,0,0,1,1
param_20051,real_002,0.9487603228160336,0.8307348328928045,0.7265875700044367,0.7344885590625624,0.08599993780514352,197.19261487818187,1,1,1,1,1,1,0,1,0,0,0,0,1,1
param_20051,real_003,0.9495030011554064,0.7847316231531195,0.6614869871818325,0.6836883728537788,0.004021275685541946,59.67417697107684,1,1,1,1,1,1,0,1,0,0,0,0,1,1
param_20051,real_004,0.9307570056518106,0.7653118918701078,0.598793978271294,0.6195851825209838,0.0679379737375894,264.2302552270001,1,1,1,1,1,1,1,1,0,0,0,0,1,1
param_20051,real_005,0.9422162910164276,0.801524369308789,0.7052051220042856,0.7161753984835655,0.005615146497732345,92.79425526668976,0,1,1,1,1,1,1,1,0,0,0,0,1,1
param_20052,real_001,0.9599832233509037,0.8763843858143495,0.7946672786460413,0.8055635251115014,0.012719131097560975,77.46573703641377,1,1,1,1,1,1,1,1,0,0,0,0,1,1
param_20052,real_002,0.9461641402078572,0.8493852141824676,0.7337545444417576,0.743268216769061,0.07052002221103061,180.76914935738222,1,1,1,1,1,1,1,1,0,0,0,0,1,1
param_20052,real_003,0.9500489000248475,0.8312455438712029,0.7034797407610885,0.7272805153273787,0.007577843487005136,61.925919314715955,1,1,1,1,1,1,1,1,0,0,0,0,1,1
param_20052,real_004,0.934339532790839,0.8197768641487158,0.6443740670807196,0.6674507554384914,0.06105945113318458,239.77594105565547,1,1,1,1,1,1,1,1,1,0,0,0,1,1
param_20052,real_005,0.9513958773962179,0.8557253319434918,0.7536849838169098,0.769153044872677,0.007718957029113232,94.05929721567696,0,1,1,1,1,1,1,1,0,0,0,0,1,1
param_20053,real_001,0.9758078354965487,0.9525828889577904,0.8366391786485878,0.8525141787946195,0.12368149790310509,65.79435928928406,1,1,1,1,1,1,1,1,1,1,1,1,1,1
param_20053,real_002,0.9693952962290803,0.9355982964771392,0.7932687700278853,0.8074544421997085,0.07786913001666013,152.07456436439313,1,1,1,1,1,1,1,1,1,1,1,1,1,1
param_20053,real_003,0.9723702780917745,0.9331336363489023,0.7803557990785062,0.8036034760701426,0.035441565052968416,52.83998386216442,1,1,1,1,1,1,1,1,1,1,1,1,1,1
param_20053,real_004,0.96374023120224,0.9208697818312966,0.7409603992881584,0.7660719860867654,0.040813523853121016,198.57609330769372,1,1,1,1,1,1,1,1,1,1,1,1,1,1
param_20053,real_005,0.9673301801018188,0.9314929741633202,0.7675740800630081,0.7885625523361977,0.04877630902645071,100.69198382924596,1,1,1,1,1,1,1,1,1,1,1,1,1,1
param_20054,real_001,0.971046046696155,0.8500782118265308,0.7614414201580161,0.7773583445298249,0.07180189432842633,57.55421233055931,0,0,0,0,0,0,0,0,0,0,0,0,0,0
param_20054,real_002,0.9675588555867718,0.8245318342737106,0.7381266523146488,0.7573322138670339,0.07307122507122507,54.62910614814333,0,0,0,0,0,0,0,0,0,0,0,0,1,0
param_20054,real_003,0.9617808363459617,0.8131261731928987,0.7418651436797198,0.7519167420564719,0.09218955780262952,87.51395071311367,0,0,0,0,0,0,0,0,0,0,0,0,1,0
param_20054,real_004,0.9705922310337898,0.845875023037038,0.7865255868490962,0.804824033397889,0.08905812520998992,44.28422927479068,0,0,0,0,0,0,0,0,0,0,0,0,0,0
param_20054,real_005,0.9692085695403858,0.8313911337840628,0.7363643663090668,0.7532768514482296,0.07395769292073684,56.93881561723397,0,0,0,0,0,0,0,0,0,0,0,0,0,0
param_20055,real_001,0.9744985080966309,0.8795206035751012,0.7767365880787186,0.7895281861282273,0.021414047276116243,59.38627430687161,0,0,0,0,0,0,0,0,0,0,0,0,0,1
param_20055,real_002,0.9716947272746427,0.8571893079578419,0.758055357867096,0.7722152425844704,0.017439016609599966,55.753998791381825,0,0,0,0,0,0,0,0,0,0,0,0,1,1
param_20055,real_003,0.9662934990300747,0.8447147880043755,0.7582003326245328,0.7641524280565933,0.038260579945460976,89.0886821987244,1,0,0,0,1,0,0,0,0,0,0,0,1,1
param_20055,real_004,0.9747200930349025,0.8782107824250734,0.8080109581828557,0.822088266507404,0.03987946799667498,39.053210614512885,0,0,0,0,0,0,0,0,0,0,0,0,0,1
param_20055,real_005,0.9730123677158313,0.8677608694420732,0.7600463996330711,0.7735184941687963,0.02226313673205934,55.739936104656934,0,0,0,0,0,0,0,0,0,0,0,0,0,1
param_20056,real_001,0.9747243103480792,0.8775294890401684,0.7837351942613716,0.7973561187179915,0.02535816618911175,46.323433209979385,0,0,0,0,0,0,0,0,0,0,0,0,0,1
param_20056,real_002,0.9720876363450437,0.8586231153915699,0.7650305118717386,0.7802948862519602,0.019215718581373317,43.837822946127936,0,0,0,0,0,0,0,0,0,0,0,0,1,1
param_20056,real_003,0.9666177086906361,0.8507979441956265,0.7597798295510736,0.7650089926767528,0.042697758568700374,75.92825748410577,1,0,0,0,1,0,0,0,0,0,0,0,1,1
param_20056,real_004,0.9744439746534828,0.8761933017742166,0.8118448360818635,0.8265333474867078,0.04319784613529967,37.987212290524276,0,0,0,0,0,0,0,0,0,0,0,0,1,1
param_20056,real_005,0.9734523229500956,0.8715233844241742,0.768060560846926,0.7835952201712216,0.025318269270129763,46.596467072097305,0,0,0,0,0,0,0,0,0,0,0,0,1,1
param_20057,real_001,0.9846103676337179,0.9465462717924581,0.8184568723503047,0.8218430162465212,0.03420448656252314,58.28990696422469,1,1,1,1,1,1,1,1,0,0,0,0,0,1
param_20057,real_002,0.9819723430094254,0.9336740809041015,0.7996100625911967,0.8006430156030371,0.04658654998801247,57.40028098602242,1,1,1,1,1,1,1,1,0,0,0,0,0,1
param_20057,real_003,0.9774318095040532,0.9254843793510557,0.796351547558653,0.7974873353588336,0.024480755691152312,85.76608861006135,1,1,1,1,1,1,1,1,0,0,0,0,0,1
param_20057,real_004,0.9857376368087926,0.9471341615255686,0.8557191779149363,0.8599415265561328,0.0037075890611752197,33.16784219564567,1,1,1,1,1,1,1,1,0,0,0,0,1,1
param_20057,real_005,0.9835276444513587,0.9408700272006568,0.8040509695047102,0.8078785404812977,0.035001407761954866,52.147746919704694,1,1,1,1,1,1,1,1,0,0,0,0,0,1
param_20058,real_001,0.985838318969416,0.9438624271942198,0.8516834969287582,0.865423642448334,0.021565003080714726,43.62444136338244,1,1,1,1,1,1,1,1,0,0,0,0,1,1
param_20058,real_002,0.9835473494280607,0.9350084484815118,0.8320663847982427,0.8409435235186087,0.054613456816822926,43.23576467314956,1,1,1,1,1,1,1,1,0,0,0,0,1,1
param_20058,real_003,0.9820329000764013,0.9398744189470973,0.8179790413194901,0.828536286977611,0.0204207235262983,70.91488381973028,1,1,1,1,1,1,1,1,0,0,0,0,1,1
param_20058,real_004,0.9838607261233556,0.9395007073251207,0.8682987582193303,0.8779828123394126,0.04259680806912077,32.33433092367629,1,1,1,1,1,1,1,1,0,0,0,0,1,1
param_20058,real_005,0.9832851139794049,0.9405629085481173,0.8436136400579403,0.8560188789473622,0.05364836868795994,43.50484950585546,1,1,1,1,1,1,1,1,0,0,0,0,1,1
param_20059,real_001,0.9922498180194533,0.9861895127594006,0.8721056774223779,0.8842888485454127,0.03578633612620636,56.54479194863416,1,1,1,1,1,1,1,1,1,1,1,1,1,1
param_20059,real_002,0.9917830980284122,0.9842305398845239,0.8597702957981724,0.8727865505207602,0.01394611138302552,64.62839700252496,1,1,1,1,1,1,1,1,1,1,1,1,1,1
param_20059,real_003,0.9907308839004227,0.9838934505983089,0.851944059481142,0.8643512226713231,0.02827452728238505,81.56756061215057,1,1,1,1,1,1,1,1,1,1,1,1,1,1
param_20059,real_004,0.9940666683186068,0.9884220484344168,0.897559243418105,0.905810362367752,0.025466123748584025,38.783200861798804,1,1,1,1,1,1,1,1,1,1,1,1,1,1
param_20060,real_001,0.9426181271445196,0.7144000426287599,0.6989432370254391,0.7091375694134746,0.19777098333168952,63.479002637847216,0,0,0,0,1,0,0,0,0,0,0,0,0,0
param_20060,real_002,0.93099615538288,0.6724970300765277,0.6255089527308791,0.6376988336142756,0.1952469526674054,42.13501177980777,1,0,1,0,0,0,0,0,0,0,0,0,1,0
param_20060,real_003,0.9215337636961095,0.6572788450263745,0.6198153991891364,0.6264300270223039,0.2317471711657253,128.62387572987694,1,0,0,0,1,0,0,0,0,0,0,0,0,0
param_20060,real_004,0.934315770604969,0.6762957367118828,0.6784532296467439,0.6779175343026708,0.2376373111386046,130.9974080496379,0,0,0,0,1,0,0,0,0,0,0,0,0,0
param_20060,real_005,0.9399995870548663,0.7137240412925516,0.6729347547118862,0.6900105551339927,0.16995264919585273,71.61281611862502,1,0,0,0,0,0,0,0,0,0,0,0,0,0
param_20061,real_001,0.9471359670081998,0.7525330519135852,0.7219399541566677,0.7308461030008483,0.16089720305121685,66.1793230493488,0,0,0,0,1,0,1,0,0,0,0,0,0,1
param_20061,real_002,0.9364187602575295,0.7087005566983102,0.6456515826010496,0.6562715986680848,0.15244629524316194,36.094869754529064,1,0,1,0,0,0,1,0,0,0,0,0,1,1
param_20061,real_003,0.9220773773760941,0.6862720765969853,0.6439490537371907,0.6498892084677181,0.18713162200679134,131.80762569584437,1,0,0,0,1,0,0,0,0,0,0,0,0,1
param_20061,real_004,0.9397751433536928,0.7163399004412239,0.6954043043396233,0.6944177937840955,0.19258663777284563,120.21939325638535,0,0,0,0,1,0,0,0,0,0,0,0,0,1
param_20061,real_005,0.9448544857287168,0.7528130477993122,0.7006722109710856,0.7155994039504872,0.13093939279936798,65.4845586169618,1,0,0,0,1,0,0,0,0,0,0,0,0,1
param_20062,real_001,0.9485006913198148,0.7567745221900906,0.7260238806171893,0.7338301070089382,0.16263407772111835,53.38154429111138,0,0,0,0,1,0,1,0,0,0,0,0,0,1
param_20062,real_002,0.9374177185383242,0.7210426258364909,0.6522250795625238,0.6641612367655231,0.15280199252801993,36.49153872664708,1,0,1,0,0,0,1,0,0,0,0,0,1,1
param_20062,real_003,0.9239393583900362,0.6902952313361194,0.6391729206392702,0.6447594057729492,0.18742428120467536,118.16779683425915,1,0,0,0,1,0,0,0,0,0,0,0,0,1
param_20062,real_004,0.9417160728350553,0.7260668652122837,0.7043033326411282,0.7010474940839211,0.18293498961961463,133.1459284669509,0,0,0,0,1,0,0,0,0,0,0,0,0,1
param_20062,real_005,0.9448139407562518,0.7573928543595566,0.7118429724156343,0.7277377677261144,0.12274334978999336,63.79048348137691,1,0,0,0,1,0,0,0,0,0,0,0,0,1
param_20063,real_001,0.9665936194850802,0.8664455654347332,0.7938874587180738,0.8009748030355506,0.05492260229486902,68.27112943995223,1,1,1,1,1,1,1,1,0,0,0,0,0,1
param_20063,real_002,0.9571825279140469,0.8273606667185155,0.7114986090559927,0.7219860302046252,0.04621120048068388,40.08104488628906,1,1,1,1,1,1,1,1,0,0,0,0,1,1
param_20063,real_003,0.9424700964653226,0.8095969751827041,0.7069201792256927,0.7109836381531265,0.11405811991831247,133.09425525149373,1,1,1,1,1,1,0,1,0,0,0,0,0,1
param_20063,real_004,0.9601579204030716,0.8433941967669637,0.7565307397092382,0.7603947593532063,0.09536576520567817,97.8438704957409,1,1,1,1,1,1,1,1,1,0,0,0,0,1
param_20063,real_005,0.9619915539982018,0.8648214291535026,0.7746314753860841,0.7827478287874478,0.0224495794202858,56.19589444970568,1,1,1,1,1,1,0,1,0,0,0,0,0,1
param_20064,real_001,0.9684715386147116,0.881982669249048,0.7899337649483794,0.7984241903675334,0.10457756367328422,57.24670787328492,1,1,1,1,1,1,1,1,1,0,1,0,1,1
param_20064,real_002,0.9610824279267153,0.8639564079756891,0.7348298755059879,0.7496221614355414,0.030227878901314866,33.98618945401933,1,1,1,1,1,1,1,1,0,0,0,0,1,1
param_20064,real_003,0.9528341832889207,0.8503969502672594,0.6989852902881013,0.7083178243337721,0.11173495628321618,120.44437759825881,1,1,1,1,1,1,0,1,1,0,0,0,1,1
param_20064,real_004,0.9655610233015239,0.8721541444814567,0.7666486047896595,0.7782974739379697,0.0890209997692333,103.97602552861166,1,1,1,1,1,1,1,1,1,0,1,0,1,1
param_20064,real_005,0.9622183997741974,0.8791515727226308,0.7919074161078526,0.8042232505977682,0.01849352371480666,55.57318653556475,1,1,1,1,1,1,1,1,0,0,0,0,1,1
param_20065,real_002,0.9790767034056341,0.9456251335398653,0.8170204825208109,0.83060137826077,0.046961852950656836,58.01322454290037,1,1,1,1,1,1,1,1,1,1,1,1,1,1
param_20065,real_003,0.9797547925886123,0.9532882540733596,0.7893147734926754,0.8086605521910273,0.02070840842188973,125.86477276785259,1,1,1,1,1,1,1,1,1,1,0,1,1,1
param_20065,real_004,0.9856099046911595,0.958487540628348,0.8465617508482849,0.8613321095576104,0.0038727908062216954,52.342252789761204,1,1,1,1,1,1,1,1,1,1,1,1,1,1
param_20065,real_005,0.9838904210193655,0.9605723807715967,0.8359478803323319,0.846991530118898,0.06210918991785064,56.424330879734114,1,1,1,1,1,1,1,1,1,1,0,1,1,1
param_20066,real_001,0.9082714011649707,0.6311490254886503,0.5365200627639027,0.5402553404540577,0.36472554594020434,29.16796960117249,1,0,1,0,1,0,1,0,0,0,0,0,1,0
param_20066,real_002,0.8963691220339862,0.626269938282524,0.5542505205558217,0.5522951828162612,0.35137161084529506,151.55136905866146,0,0,1,0,0,0,1,0,0,0,1,0,1,0
param_20066,real_003,0.914022829630136,0.6477401078807447,0.5952362062202509,0.6001665485350776,0.35248694433830086,53.2303419696916,1,0,1,0,0,0,1,0,0,0,1,0,0,0
param_20066,real_004,0.9198226465579542,0.6524083622513973,0.610800975406184,0.621292783961482,0.21595882092113128,56.91474948665195,1,0,0,0,1,0,0,0,0,0,0,0,1,0
param_20066,real_005,0.8889832420903475,0.6163502810843999,0.48364990925339574,0.4885543499103768,0.3689151653399128,196.9282532312962,1,0,0,0,1,0,0,0,0,0,0,0,0,0
param_20067,real_001,0.9125295654036348,0.6563855350791306,0.5553030606398406,0.5577132094137598,0.33981595267354464,21.330697680364192,1,0,1,0,1,0,1,0,1,0,0,0,1,1
param_20067,real_002,0.9012216731719158,0.6554714220327378,0.5719919354951074,0.5701438624170069,0.31861957082811004,143.3976267075448,1,0,1,0,1,0,1,0,0,0,1,0,1,1
param_20067,real_003,0.9191324462141339,0.6779056430129848,0.6165280226103941,0.6192111840898521,0.3004829893863461,60.83616758035264,1,0,1,0,0,0,1,0,0,0,1,0,0,1
param_20067,real_004,0.9192248458013688,0.6790353473460794,0.6282021208826423,0.6342733413199042,0.18454912896905942,57.61570537620689,1,0,0,0,1,0,0,0,0,0,0,0,1,1
param_20067,real_005,0.8941987255833768,0.642755342057229,0.5127532526149104,0.5214828922746441,0.34120918294595753,183.57183387873587,1,0,0,0,1,0,0,0,1,0,0,0,0,1
param_20068,real_001,0.9110600537861496,0.6624791678392639,0.5598404792071318,0.5614159392122567,0.3284019913407703,24.14335807703209,1,0,1,0,1,0,1,0,1,0,0,0,1,1
param_20068,real_002,0.9025613987010377,0.6750508003446457,0.5817669616077414,0.5822233535526595,0.31099890039932865,158.29012355646444,1,0,1,0,1,0,1,0,0,0,1,0,1,1
param_20068,real_003,0.9206224417961785,0.6924892524441069,0.6267172488901356,0.6281251464952621,0.29516155292097745,54.58701287202701,1,0,1,0,0,0,1,0,0,0,1,0,0,1
param_20068,real_004,0.9196681647852425,0.685626405770238,0.63498190833574,0.640951053245798,0.17515112673860703,48.710353551789865,1,0,0,0,1,0,0,0,0,0,0,0,1,1
param_20068,real_005,0.8972067314490958,0.6601522269178989,0.5233525216337221,0.5335716454422069,0.3282030302175324,193.59233329409304,1,0,0,0,1,0,0,0,1,0,0,0,0,1
param_20069,real_001,0.9340265094792727,0.770705410009342,0.6309203772198784,0.6366900337828204,0.2170194161696785,15.003533797229373,1,1,1,1,1,1,1,1,1,0,0,0,1,1
param_20069,real_002,0.9325794579509369,0.776818018241567,0.6499516367024679,0.6571877645841403,0.21765964358121354,114.92319911591915,1,1,1,1,1,1,1,1,0,0,1,0,1,1
param_20069,real_003,0.9425397106798605,0.797895468133092,0.6890631877333411,0.6919963059204837,0.14939351130163678,66.36009605053279,1,1,1,1,1,1,1,1,0,0,1,0,0,1
param_20069,real_004,0.932433081878895,0.7807727859668762,0.6839511727565093,0.6909314922149893,0.1069442135815571,72.04652914638841,1,1,1,1,1,1,1,1,0,0,0,0,1,1
param_20069,real_005,0.9242826436247421,0.7607973252281279,0.610010401522948,0.6187011465131298,0.2468404934437543,157.6961131754233,1,1,1,1,1,1,1,1,1,0,1,0,0,1
param_20070,real_001,0.9225113421273644,0.7976022278513476,0.6360909030796238,0.6361947103085592,0.20856166345254235,10.643128403900157,1,1,1,1,1,1,1,1,1,0,0,0,1,1
param_20070,real_002,0.9294626048303778,0.8232152571317602,0.6694969259647305,0.6732995065530113,0.2127554508850566,105.90038806145812,1,1,1,1,1,1,1,1,0,0,1,0,1,1
param_20070,real_003,0.9409958865954338,0.8285339888941546,0.6928304157980615,0.7018624667986767,0.16704345641798543,62.05769873726639,1,1,1,1,1,1,1,1,0,0,1,0,1,1
param_20070,real_004,0.937109947276992,0.8248730957956504,0.6996322985088094,0.708943491562924,0.10025288429186971,63.518852034870214,1,1,1,1,1,1,1,1,0,0,0,0,1,1
param_20070,real_005,0.9180322788878592,0.8030600921763486,0.637909435786759,0.6493611621758106,0.22510328840365668,154.90283075749073,1,1,1,1,1,1,1,1,1,0,1,0,1,1
param_20071,real_001,0.9740576691793698,0.9321060949635077,0.7636469460196045,0.7841300989782377,0.039950777842790705,19.027557721633897,1,1,1,1,1,1,1,1,1,1,1,1,1,1
param_20071,real_002,0.9728312245403548,0.9261192309724636,0.7849430335654928,0.7998236214407791,0.011541883818482267,45.18570274850355,1,1,1,1,1,1,1,1,1,1,1,1,1,1
param_20071,real_004,0.9741264330866852,0.9397772976528137,0.7895389269285481,0.8140903468471009,0.04395395362566003,95.52563816798725,1,1,1,1,1,1,1,1,1,1,1,1,1,1
param_20071,real_005,0.9698309348336229,0.9284118782571383,0.7773862322566418,0.7979485550244217,0.020361584818566484,117.60561476880659,1,1,1,1,1,1,1,1,1,1,1,1,1,1
param_20072,real_001,0.9671599776952092,0.8259169576858312,0.7607962008381456,0.7779253908654441,0.07001897967117147,51.88301565791963,0,0,0,0,0,0,0,0,0,0,0,0,0,0
param_20072,real_002,0.9641307936708248,0.8205427584732035,0.7690616871415269,0.7850371734282541,0.06342261013748474,46.62201436202497,0,0,0,0,0,0,0,0,0,0,0,0,1,0
param_20072,real_003,0.956197023003771,0.7894786837214276,0.7285347656107045,0.7391412110371739,0.10418731690125334,92.57911877173936,0,0,0,0,1,0,0,0,0,0,0,0,1,0
param_20072,real_004,0.965028210824244,0.8372004755597889,0.7940398823808442,0.8130666100600831,0.07406311188015118,46.76908900491209,0,0,0,0,0,0,0,0,0,0,0,0,1,0
param_20072,real_005,0.9650496911651287,0.8102399539181228,0.7398522907509097,0.7617252037869077,0.07442135688113066,54.13254550536094,0,0,0,0,0,0,0,0,0,0,0,0,1,0
param_20073,real_001,0.9723984259462594,0.8662025587038339,0.7768417317332136,0.7910752486867321,0.02597347838003078,52.76033831518495,0,0,0,0,0,0,0,0,0,0,0,0,0,1
param_20073,real_002,0.9698083964675515,0.862713096145649,0.7880237179531759,0.7993586762568294,0.015596701681119894,44.98822292554843,0,0,0,0,0,0,0,0,0,0,0,0,1,1
param_20073,real_003,0.9623260380700003,0.8303797288652564,0.7479030654150892,0.7544591848678058,0.053820475537078374,93.79163635364972,1,0,0,0,1,0,0,0,0,0,0,0,1,1
param_20073,real_004,0.9712281231320365,0.8813590466880038,0.8183450474460333,0.8331140340012386,0.02979840403191936,40.469995792852956,0,0,0,0,0,0,0,0,0,0,0,0,1,1
param_20073,real_005,0.9709041796768694,0.8557832684895951,0.7609027251833147,0.7794329743475307,0.03286512737853509,49.27367821373154,0,0,0,0,0,0,0,0,0,0,0,0,1,1
param_20074,real_001,0.9725510038792897,0.8668556319413375,0.7845918220547747,0.7988161103880619,0.029390783278641745,40.99206556678175,0,0,0,0,0,0,0,0,0,0,0,0,0,1
param_20074,real_002,0.9702558238505692,0.8657602859461317,0.7931303372880154,0.804803008886789,0.014792287322078781,37.21507923221539,0,0,0,0,0,0,0,0,0,0,0,0,1,1
param_20074,real_003,0.9625722535066938,0.8374145238593185,0.7470488392822665,0.7536368393503201,0.05814758410632701,80.9013809203502,1,0,0,0,1,0,0,0,0,0,0,0,1,1
param_20074,real_004,0.970515451124976,0.8770418170169867,0.8215267513336194,0.8367184477879529,0.03067497150301254,41.89725203560105,0,0,0,0,0,0,0,0,0,0,0,0,1,1
param_20074,real_005,0.970901115833578,0.8580131489712696,0.7706751764095867,0.7895600128461808,0.0300234239739281,46.39637231884727,0,0,0,0,0,0,0,0,0,0,0,0,1,1
param_20075,real_001,0.9847494932541068,0.9457411361520178,0.818093117326723,0.824697314048872,0.013039190090795695,51.47587026416403,1,1,1,1,1,1,1,1,0,0,0,0,0,1
param_20075,real_002,0.9829466783626271,0.9425753618257146,0.8290725399518792,0.8297023288297695,0.0340360643117283,45.797996484663166,1,1,1,1,1,1,1,1,0,0,0,0,1,1
param_20075,real_003,0.9755725779471048,0.9202119178157142,0.7879990967596902,0.7903345559411099,0.0003437361252345283,89.41664399690829,1,1,1,1,1,1,1,1,0,0,0,0,0,1
param_20075,real_004,0.985705513769157,0.9560396552667624,0.8706200032306886,0.8770621575714901,0.02655868779211617,33.85103761983328,1,1,1,1,1,1,1,1,0,0,0,0,1,1
param_20075,real_005,0.984092619114211,0.9413511625281558,0.810714321045565,0.8165028989488498,0.019694580705442652,43.45049653745256,1,1,1,1,1,1,1,1,0,0,0,0,0,1
param_20076,real_001,0.9845317994392281,0.9415187131310799,0.8558551077014414,0.8724872519795683,0.01185172527432289,37.961037494777806,1,1,1,1,1,1,1,1,0,0,0,0,1,1
param_20076,real_002,0.9823117877843979,0.9380840666421081,0.8530440722507422,0.860334651631498,0.06722624166430649,34.96013041929066,1,1,1,1,1,1,1,1,0,0,0,0,1,1
param_20076,real_003,0.9800908247484382,0.9341791240669934,0.8063062146143973,0.8187344085448269,0.0004822763443453099,75.18791588673,1,1,1,1,1,1,1,1,0,0,0,0,1,1
param_20076,real_004,0.980234419121053,0.93632909212694,0.8773585312139274,0.8843281228542976,0.057600306181029536,35.55878327416349,1,1,1,1,1,1,1,1,0,0,0,0,1,1
param_20076,real_005,0.9820836376818393,0.9380801238223287,0.8492095455920915,0.8614044469602455,0.06527884862503212,39.297262525509645,1,1,1,1,1,1,1,1,0,0,0,0,1,1
param_20077,real_001,0.9922831295219603,0.9859523080867076,0.8718307492984979,0.884361180689563,0.046444748004888924,49.20916493047096,1,1,1,1,1,1,1,1,1,1,1,1,1,1
param_20077,real_002,0.992449818620065,0.9858327738464971,0.8767220048876743,0.8860368970209067,0.029743652269332763,56.40373105669823,1,1,1,1,1,1,1,1,1,1,1,1,1,1
param_20077,real_003,0.9894973199673528,0.9811266250534125,0.8410793358133617,0.8543076767264465,0.03811146970301338,82.22995159214393,1,1,1,1,1,1,1,1,1,1,1,1,1,1
param_20077,real_004,0.9941671282034453,0.9872394004471032,0.914601577509501,0.9212292689024821,0.028090573780502698,36.64584572348473,1,1,1,1,1,1,1,1,1,1,1,1,1,1
param_20077,real_005,0.9926210767945736,0.9853868812940669,0.865057246756876,0.879080076255837,0.021830518474813775,46.22729350818987,1,1,1,1,1,1,1,1,1,1,1,1,1,1
param_20078,real_001,0.930077991139029,0.6261892432261367,0.5660772589943612,0.581008363456926,0.10566477547609623,109.5542999294586,0,0,0,0,0,0,0,0,0,0,0,0,1,0
param_20078,real_002,0.9416805148781857,0.7159618421511488,0.680746094188825,0.6932097737471254,0.17518810716531122,112.20208363602454,0,0,0,0,0,0,1,0,0,0,0,0,1,0
param_20078,real_003,0.9264463309416804,0.655744613666483,0.5908519347181128,0.6152480880733018,0.23023489107186795,62.04436863248513,0,0,1,0,0,0,0,0,0,0,0,0,1,0
param_20078,real_004,0.9347281070639558,0.6678642210272905,0.6457892023976461,0.6643309278208355,0.19333148206918438,58.41716741408089,0,0,0,0,0,0,0,0,0,0,0,0,1,0
param_20078,real_005,0.9234568366297593,0.6489287748087442,0.6081319115346795,0.6241106042333233,0.2690164641598965,39.44564037021448,1,0,0,0,1,0,0,0,0,0,0,0,0,0
param_20079,real_001,0.9368419071108071,0.6769686099913944,0.5866947668951908,0.6018121770436217,0.07325537079012297,99.84845418274165,1,0,0,0,0,0,0,0,0,0,0,0,1,1
param_20079,real_002,0.9461102842911124,0.7588792771621847,0.6921229198164904,0.7027041410059494,0.16774449228108732,99.61319717001076,0,0,0,0,0,0,1,0,0,0,0,0,1,1
param_20079,real_003,0.9304804481030058,0.6981747763644216,0.6082197553495713,0.6284460244239063,0.22612686554664077,65.59162046307974,1,0,1,0,0,0,1,0,0,0,0,0,1,1
param_20079,real_004,0.9429304476679299,0.7267469201582222,0.6743220362469653,0.6929340171372363,0.18064447479028853,51.82753639271559,0,0,0,0,0,0,0,0,0,0,0,0,1,1
param_20079,real_005,0.9343659288469932,0.700324317626812,0.6307867680805326,0.6467607998650625,0.23433486352562935,28.092224357711274,1,0,0,0,1,0,0,0,0,0,0,0,0,1
param_20080,real_001,0.9370840767618509,0.6929356301279681,0.6017413584249948,0.6185490872441644,0.06196938956408691,106.59327910553782,1,0,0,0,0,0,0,0,0,0,0,0,1,1
param_20080,real_002,0.948462480882078,0.768497158255031,0.7028254987460458,0.716109179179746,0.15607499822783016,113.92510121087992,0,0,1,0,0,0,1,0,0,0,0,0,1,1
param_20080,real_003,0.9311742810895278,0.7085084102549689,0.6218174627748883,0.6418910391372077,0.21236830353450986,50.63208164087684,1,0,1,0,0,0,1,0,0,0,0,0,1,1
param_20080,real_004,0.943159621798473,0.7347984329493407,0.6781261095107426,0.6963119901385127,0.16699902043101036,51.551579942906464,0,0,0,0,0,0,0,0,0,0,0,0,1,1
param_20080,real_005,0.9348250772208339,0.708389499201421,0.6380856307864775,0.6542393442861342,0.22669329825757945,38.05252424650329,1,0,0,0,1,0,0,0,0,0,0,0,0,1
param_20081,real_001,0.9569978582213142,0.825990284698877,0.6640364262528635,0.684146139220604,0.0052270267190793595,86.17891955810481,1,1,0,1,1,1,1,1,0,0,0,0,1,1
param_20081,real_002,0.9658170139308366,0.8755269577245296,0.7446718390212331,0.7533610092917122,0.1475976030949853,84.17016766116186,1,1,1,1,1,1,1,1,0,0,1,0,1,1
param_20081,real_003,0.945560825816136,0.8170548282313306,0.6681403271553912,0.6837391706738895,0.16276086930462821,59.343655062429875,1,1,1,1,1,1,1,1,0,0,0,0,1,1
param_20081,real_004,0.9610298525399856,0.8665055381170492,0.7474780936677355,0.7624167148394261,0.1084489603145224,38.785352206726095,1,1,1,1,1,1,1,1,0,0,0,0,1,1
param_20081,real_005,0.9602351085314496,0.8362479554697354,0.70413570945766,0.7177195770724648,0.17061498818472207,15.183932813065454,1,1,1,1,1,1,1,1,0,0,0,0,0,1
param_20082,real_001,0.95502477735576,0.8535975601581732,0.690839815306532,0.7146841441860154,0.05115005198691451,89.15205562805824,1,1,0,1,1,1,1,1,0,0,0,0,1,1
param_20082,real_002,0.9651865557941526,0.8835570301551925,0.7680664861925129,0.7747640256305107,0.12244487492986969,89.88946925191335,1,1,1,1,1,1,1,1,0,0,1,0,1,1
param_20082,real_003,0.9448477486171977,0.8388376047684283,0.7059597701279072,0.7154929549613374,0.12153355445114392,45.97787030677195,1,1,1,1,1,1,1,1,0,0,1,0,1,1
param_20082,real_004,0.960959717216379,0.8792836446364085,0.7639039417068321,0.7824819014714205,0.05940818734682763,42.87388183891929,1,1,1,1,1,1,1,1,0,0,0,0,1,1
param_20082,real_005,0.9576387883207813,0.8516755312745725,0.7254788499470279,0.7398602512255944,0.14161756940058193,20.532731027709552,1,1,1,1,1,1,1,1,1,0,1,0,1,1
param_20083,real_001,0.980373960704044,0.9507272159302077,0.7784395095570212,0.8029111881659962,0.1095262992784691,77.09528442505342,1,1,1,1,1,1,1,1,1,1,1,1,1,1
param_20083,real_002,0.9827702426379594,0.961556990111797,0.8212586655421802,0.8331960424732057,0.06982343968253041,76.18348192663261,1,1,1,1,1,1,1,1,1,1,1,1,1,1
param_20083,real_003,0.9749193320124613,0.9437309286405231,0.7631876682774393,0.7852577397698499,0.06591465311320699,42.00671160606496,1,1,1,1,1,1,1,1,1,1,1,1,1,1
param_20083,real_004,0.9806460628797627,0.9581532873989944,0.8195052243738058,0.8336208740075186,0.021126630625311366,6.3827801539668005,1,1,1,1,1,1,1,1,1,1,1,1,1,1
param_20083,real_005,0.98240217141497,0.9550597506762005,0.8059355506159508,0.8240541718318118,0.05775230742817223,8.95652488695073,1,1,1,1,1,1,1,1,1,1,1,1,1,1
param_20084,real_001,0.9210678573041278,0.6500948101161822,0.5956229749129274,0.6143607925826385,0.2207063061682028,112.23362081552511,0,0,0,0,0,0,1,0,0,0,0,0,1,0
param_20084,real_002,0.9197730007577042,0.5925283667723088,0.5298915206926441,0.5464703770368478,0.09358562895604886,255.16246722190274,0,0,0,0,0,0,0,0,0,0,0,0,1,0
param_20084,real_003,0.9008704843786155,0.5580035074664353,0.501247428312673,0.5169171989432471,0.30883227681378633,26.74367235913632,0,0,1,0,0,0,0,0,0,0,0,0,1,0
param_20084,real_004,0.9039153960019413,0.6461408538069222,0.5933119201550747,0.6017606183715205,0.2528338630559791,202.52154588577793,0,0,0,0,1,0,1,0,0,0,0,0,1,0
param_20084,real_005,0.9123337299859506,0.6149708521365349,0.5295776168414114,0.5521863010502186,0.20604025535404016,17.577125337985763,1,0,0,0,0,0,0,0,0,0,0,0,1,0
param_20085,real_001,0.9259510518524587,0.6928332727935193,0.6253946817964867,0.6368277695132784,0.20027349362136712,96.15158203161863,0,0,0,0,0,0,1,0,0,0,0,0,1,1
param_20085,real_003,0.9040668996340534,0.5871765461328424,0.513572508505005,0.5288622883967572,0.2818125291465879,38.03005178304237,0,0,1,0,0,0,1,0,0,0,0,0,1,1
param_20085,real_004,0.9099591775238625,0.7004645545042858,0.6144038010185721,0.6240693502875138,0.21890479974302185,187.5505100651387,0,0,0,0,1,0,1,0,1,0,0,0,1,1
param_20085,real_005,0.9166494927957423,0.6466453179586038,0.5385621297977977,0.5600319243378932,0.2030325507581377,14.29890772884365,1,0,0,0,1,0,0,0,0,0,0,0,1,1
param_20086,real_001,0.9273026692767167,0.7031611810941238,0.6316832062238934,0.6444037892546856,0.18616057695594218,109.01931692479776,0,0,0,0,0,0,1,0,0,0,0,0,1,1
param_20086,real_003,0.9046697121419635,0.6159624296977908,0.533691092707474,0.5512266622143986,0.2713153384747215,34.39242181721943,0,0,1,0,0,0,1,0,0,0,0,0,1,1
param_20086,real_004,0.9108218054177629,0.7068378216342281,0.6229465961395891,0.6343942043290698,0.2112463768115942,199.4386487130494,0,0,0,0,1,0,1,0,1,0,0,0,1,1
param_20086,real_005,0.9176990210105538,0.6724025955578301,0.5625933381111686,0.5850638104343939,0.19724554128316646,11.373916365563135,1,0,0,0,1,0,0,0,0,0,0,0,1,1
param_20087,real_001,0.9482583110711018,0.813865408802083,0.7037950013006977,0.7087750245024,0.13439254421296584,69.56930574693897,1,1,1,1,1,1,1,1,0,0,1,0,1,1
param_20087,real_002,0.923298463018314,0.7520938448436079,0.581775806520475,0.5889385032147174,0.004262659671532847,212.5396126176761,0,1,1,1,0,1,1,1,0,0,1,0,1,1
param_20087,real_003,0.9220839064693083,0.7164498365157265,0.5589734683458032,0.5708353626400181,0.19768189859167873,62.497517125520936,1,1,1,1,1,1,1,1,0,0,1,0,1,1
param_20087,real_004,0.9365992917392765,0.8357130969732367,0.6886056772893185,0.7000246218915965,0.13258653022192968,156.7137641839253,1,1,1,1,1,1,1,1,1,0,1,0,0,1
param_20087,real_005,0.9380535075404107,0.7686010768159663,0.5990443731157243,0.6173153011120432,0.11418171672077922,17.21560618249207,1,1,1,1,1,1,1,1,0,0,0,0,1,1
param_20088,real_001,0.9447696292584371,0.8481044160355622,0.7159933993858513,0.7188252374108548,0.10637288720248361,71.37737043154459,1,1,1,1,1,1,1,1,0,0,1,0,1,1
param_20088,real_002,0.9268155372392486,0.8037773707145771,0.6122397878941634,0.6259580465171344,3.618948816000579e-05,191.162399568359,0,1,1,1,0,1,1,1,0,0,1,0,1,1
param_20088,real_003,0.9234337101576046,0.8012191700193486,0.6245256786711707,0.643405580979894,0.17104144792760362,53.571926207089646,1,1,1,1,1,1,1,1,0,0,1,0,1,1
param_20088,real_004,0.9278792412002229,0.848274462613067,0.7006206888711182,0.7067666891627945,0.17109946806383233,159.8323925343499,1,1,1,1,1,1,1,1,1,0,1,0,1,1
param_20088,real_005,0.9368550827751094,0.8277554465530405,0.6711943109983092,0.6897073634064759,0.11946211775202609,9.811415826763119,1,1,1,1,1,1,1,1,1,0,0,0,1,1
param_20089,real_001,0.9700049811697893,0.933524053907841,0.7737886424181245,0.7848471154414586,0.03641097051522674,54.53367413030003,1,1,1,1,1,1,1,1,1,1,1,1,1,1
param_20089,real_002,0.949027625148045,0.9033080166926177,0.6560664284364003,0.6767306904117819,0.08408032040977577,193.79865350417424,1,1,1,1,1,1,1,1,0,1,1,1,1,1
param_20089,real_003,0.9513764252571923,0.8902530531587328,0.6253056233427015,0.6511768944343994,0.08477487424855847,116.7750350581403,1,1,1,1,1,1,1,1,0,1,1,1,1,1
param_20089,real_004,0.9692793400870666,0.9409295205164022,0.8060469629104768,0.8227659040557722,0.05114615315825558,100.51006784335954,1,1,1,1,1,1,1,1,1,1,1,1,1,1
param_20089,real_005,0.9712220340858836,0.9278556569020533,0.7281974914919362,0.7623164055850133,0.0009811320754716981,32.26897317338586,1,1,1,1,1,1,1,1,1,1,1,1,1,1
param_20090,real_001,0.9614525032972004,0.8092685280632143,0.7636428412366315,0.7797822499958031,0.08958832352085246,47.873040432710674,0,0,0,0,0,0,0,0,0,0,0,0,1,0
param_20090,real_002,0.9577953881333781,0.771099662153222,0.6797317657759465,0.699264523055518,0.12764907764907765,64.42560793572876,0,0,0,0,0,0,0,0,0,0,0,0,0,0
param_20090,real_003,0.9646304728155473,0.8157825902688,0.734888860651952,0.7550622701005519,0.10107864373811945,51.52007160050732,0,0,0,0,0,0,0,0,0,0,0,0,0,0
param_20090,real_004,0.9606673511480537,0.8015065856793643,0.7370105371001193,0.7519562188908749,0.09465506110727721,75.52087470955065,0,0,0,0,0,0,0,0,0,0,0,0,1,0
param_20090,real_005,0.9674510086597177,0.8292504868729077,0.7593798713009009,0.7758557578976409,0.07231004356851206,48.69426606060593,0,0,0,0,0,0,0,0,0,0,0,0,1,0
param_20091,real_001,0.9688470600090464,0.8565170541850184,0.7840929075459576,0.7950670939587018,0.050202495734226915,47.723010048523605,0,0,0,0,0,0,0,0,0,0,0,0,1,1
param_20091,real_002,0.9662004409655772,0.8227403271004872,0.6977560067723837,0.714442004165493,0.0852917301866994,66.94609439603597,0,0,1,0,0,0,0,0,0,0,0,0,0,1
param_20091,real_003,0.9710913367274414,0.860804903176684,0.752066697424008,0.7691240995323906,0.055059006401734396,55.732196666253856,0,0,1,0,0,0,0,0,0,0,0,0,0,1
param_20091,real_004,0.96680764705807,0.845819596297462,0.7587845335188409,0.7698511826426134,0.053452161442327395,76.36645552946256,0,0,0,0,0,0,0,0,0,0,0,0,1,1
param_20091,real_005,0.9723712714792104,0.8675718718370429,0.7767534355645518,0.7901692776888222,0.0385407778910786,50.792462679991736,0,0,0,0,0,0,0,0,0,0,0,0,1,1
param_20092,real_001,0.968864789020508,0.8584504635231082,0.7890296377950277,0.8011315346185063,0.05004987033712348,37.6671883205755,0,0,0,0,0,0,0,0,0,0,0,0,1,1
param_20092,real_002,0.9667613384820001,0.8313394945360382,0.706068605618892,0.7246719058819596,0.0885758579111562,53.14049974223867,0,0,1,0,0,0,0,0,0,0,0,0,0,1
param_20092,real_003,0.971619117977748,0.8633209040040905,0.7602527199740898,0.777628317980498,0.0592825253842203,41.06677795190828,0,0,1,0,0,0,0,0,0,0,0,0,0,1
param_20092,real_004,0.9670622266795518,0.8502077545999233,0.7580752574771953,0.7712062641353035,0.04927229531434047,64.47709047236903,0,0,0,0,0,0,0,0,0,0,0,0,1,1
param_20092,real_005,0.9728108190280156,0.8715770080638606,0.781404736954667,0.7967214703966436,0.03544590954203885,37.76775987676359,0,0,0,0,0,0,0,0,0,0,0,0,1,1
param_20093,real_001,0.9837434758502637,0.9417173202781206,0.8202858030141782,0.8239262867899352,0.017436778930194616,48.00570414673792,1,1,1,1,1,1,1,1,0,0,0,0,1,1
param_20093,real_002,0.9786234266850968,0.9142315104244452,0.7424892633814021,0.7554333660288424,0.028297555614296248,64.23092808474851,1,1,1,1,1,1,1,1,0,0,0,0,0,1
param_20093,real_003,0.9817320896986564,0.9360418937694377,0.7897272383629069,0.7959057234568911,0.01893591258552526,57.64296226667863,1,1,1,1,1,1,1,1,0,0,0,0,0,1
param_20093,real_004,0.9820168547440091,0.9351534608037475,0.801540658093056,0.8068151078298658,0.008573578049369047,73.13073770684123,1,1,1,1,1,1,1,1,0,0,0,0,1,1
param_20093,real_005,0.9825880008216363,0.9409544988504159,0.81792740473885,0.8212199535755029,0.007922535211267605,51.03498289103079,1,1,1,1,1,1,1,1,0,0,0,0,1,1
param_20094,real_001,0.9841764788086753,0.9444305189438255,0.8550122237735251,0.867476806438078,0.012407796394900103,35.85554422673928,1,1,1,1,1,1,1,1,0,0,0,0,1,1
param_20094,real_002,0.9831956573482636,0.9375382253652329,0.7901585512758875,0.8171583172453708,0.056045182300562504,48.677775681717215,1,1,1,1,1,1,1,1,0,0,0,0,1,1
param_20094,real_003,0.9838725115095008,0.9406434624886311,0.8349934095290443,0.8496837051997407,0.006995352402855637,40.25310753348356,1,1,1,1,1,1,1,1,0,0,0,0,1,1
param_20094,real_004,0.9813782315831099,0.9358958116533914,0.8243825440197081,0.839101980857992,0.0101748613903613,58.96578640385634,1,1,1,1,1,1,1,1,0,0,0,0,1,1
param_20094,real_005,0.9852522537127608,0.9475252628322302,0.8499790735564597,0.8610110794998476,0.035046758143658,35.16982313103415,1,1,1,1,1,1,1,1,0,0,0,0,1,1
param_20095,real_001,0.9921439349429866,0.9855135549077016,0.8578522322969663,0.870595734276393,0.04127511927136042,52.89497638933666,1,1,1,1,1,1,1,1,1,1,1,1,1,1
param_20095,real_002,0.9894307095924333,0.9773554420771522,0.8182303123781018,0.8347039451653663,0.045741523518302005,58.48591021093131,1,1,1,1,1,1,1,1,1,1,1,1,1,1
param_20095,real_003,0.9910683540205716,0.9830556657311184,0.8452464405002564,0.8588447289290916,0.0193473653078326,63.667080432496235,1,1,1,1,1,1,1,1,1,1,1,1,1,1
param_20095,real_004,0.9916655130223988,0.9844832765696195,0.8547419340614067,0.8660716385923856,0.029684499314128945,62.76285529264267,1,1,1,1,1,1,1,1,1,1,1,1,1,1
param_20095,real_005,0.9917424870840609,0.9843438866513585,0.8628414567002882,0.8742689857566058,0.03697070177774013,51.45998380264516,1,1,1,1,1,1,1,1,1,1,1,1,1,1
param_20096,real_001,0.933717353315813,0.693031001023993,0.6447388876400716,0.6626249476048633,0.07387334046865393,102.62318444227596,0,0,0,0,0,0,0,0,0,0,0,0,1,0
param_20096,real_002,0.9083557768123164,0.5887760665034897,0.4832475967429211,0.49480107961135916,0.21650563847925577,356.8980599988264,0,0,0,0,1,0,0,0,0,0,0,0,1,0
param_20096,real_003,0.9258330874691261,0.6474518551948952,0.6296795059257447,0.6451221964942614,0.25373873791217866,43.38368002311909,0,0,0,0,1,0,0,0,0,0,0,0,0,0
param_20096,real_004,0.9325128582563836,0.6645965280005693,0.6814208420430383,0.692232330536137,0.1794483788309828,139.9570206996143,0,0,0,0,0,0,1,0,0,0,0,0,1,0
param_20096,real_005,0.9445825058420739,0.7226207181194596,0.7009559737816204,0.7207372128685569,0.160581229746744,66.32407306530438,0,0,0,0,0,0,0,0,0,0,0,0,1,0
param_20097,real_001,0.9419729904247619,0.7535838479337528,0.6734476514208377,0.6902130268891866,0.063562843302187,93.3414043896873,0,0,0,0,0,0,0,0,0,0,0,0,1,1
param_20097,real_002,0.9120096699745776,0.6424928750815658,0.5060484080813686,0.5204651497555982,0.17350774701549404,343.5242719685316,0,0,0,0,1,0,0,0,0,0,0,0,1,1
param_20097,real_003,0.932273806873033,0.694421841998409,0.6522720430383672,0.6655948220682697,0.2241645675902603,45.75849365362656,0,0,0,0,1,0,0,0,0,0,0,0,1,1
param_20097,real_004,0.9407931533039284,0.7284811660119033,0.6956172506298757,0.7030388452228644,0.17355061445718475,130.4436360699949,0,0,0,0,0,0,1,0,0,0,0,0,1,1
param_20097,real_005,0.951348628942577,0.7745308250756747,0.7261912068023192,0.7415802137113797,0.15511219208894902,55.75543099537534,0,0,0,0,1,0,0,0,0,0,0,0,1,1
param_20098,real_001,0.941740717436965,0.7557488224119702,0.6723655205408758,0.6890695295410232,0.04319784613529967,98.94232114892341,0,0,0,0,0,0,0,0,0,0,0,0,1,1
param_20098,real_002,0.9125500016364171,0.652893863115727,0.5151875284230931,0.5323137466765315,0.18951391317380226,352.8168013759889,0,0,0,0,1,0,0,0,0,0,0,0,1,1
param_20098,real_003,0.9333446466147515,0.703581086426411,0.661146509520043,0.6747280189111095,0.21375974111742174,33.00337874858394,0,0,0,0,1,0,0,0,0,0,0,0,1,1
param_20098,real_004,0.9426242224334276,0.7406189587417942,0.7065779182105425,0.7179109068424105,0.15388578941757577,144.24827645015984,0,0,0,0,0,0,1,0,0,0,0,0,1,1
param_20098,real_005,0.9519533221872882,0.7801304328886927,0.7337188633058349,0.7493095345576977,0.14880420405390912,68.10193941161552,0,0,0,0,1,0,0,0,0,0,0,0,1,1
param_20099,real_001,0.964288071820669,0.8914099315931936,0.7490491341304696,0.7659985339336941,0.05990901259825562,80.0475030998291,1,1,1,1,1,1,0,1,0,0,0,0,1,1
param_20099,real_002,0.9364915188951751,0.8151861535327172,0.6087047264982464,0.6307014127989357,0.005383541333793957,311.4471621208358,1,1,0,1,1,1,0,1,1,0,0,0,1,1
param_20099,real_003,0.9544985579295608,0.837743428104067,0.7237587402320536,0.7356339461332579,0.1198634020943332,45.910559934507766,1,1,1,1,1,1,0,1,0,0,0,0,1,1
param_20099,real_004,0.9668848064372976,0.8794114508927451,0.7544050234905746,0.7669054353908851,0.1143951208997426,122.63374972960247,1,1,1,1,1,1,1,1,0,0,0,0,1,1
param_20099,real_005,0.9701492764470294,0.8994869092076574,0.7923394009093718,0.8044443997837305,0.12679560428569642,43.57655476801949,1,1,1,1,1,1,1,1,0,0,0,0,1,1
param_20100,real_001,0.961966247948921,0.8866887168360893,0.7525913133163671,0.7722410819935684,0.009781112586330803,86.77959869262708,1,1,1,1,1,1,1,1,0,0,0,0,1,1
param_20100,real_002,0.9351597771634899,0.8350842281575293,0.6261335474115058,0.6406465938965323,0.0444620831285986,283.5505273267214,1,1,1,1,1,1,0,1,1,0,0,0,1,1
param_20100,real_003,0.958803928410709,0.8588505762292056,0.7470662399337284,0.7686345550721687,0.07697103982719651,34.512728045762074,1,1,1,1,1,1,1,1,1,0,0,0,1,1
param_20100,real_004,0.9632589351310475,0.8825550559482507,0.7913119929008924,0.803921602897054,0.046512697828487305,125.6879395335252,1,1,1,1,1,1,1,1,0,0,0,0,1,1
param_20100,real_005,0.9687088790224727,0.8979933977282273,0.8124392772058406,0.8305336409888538,0.0759730705782692,53.303447243913816,1,1,1,1,1,1,1,1,1,0,0,0,1,1
param_20101,real_001,0.9851505942447271,0.9722427373776253,0.8519422026312877,0.8695858384450108,0.0404120961732059,56.71914926529682,1,1,1,1,1,1,1,1,1,1,1,1,1,1
param_20101,real_002,0.9676508806282709,0.9398592772982063,0.7491597878060539,0.7700615464952655,0.02837204794365651,214.83910057240067,1,1,1,1,1,1,1,1,1,1,1,1,1,1
param_20101,real_003,0.9817427187422159,0.9592601949699546,0.8176640573585782,0.8432585943466556,0.04595889056065411,40.27801021577925,1,1,1,1,1,1,1,1,1,1,1,1,1,1
param_20101,real_004,0.9817257372698903,0.9628529002790536,0.8248052985488716,0.8366071155777103,0.04879841741323564,94.17712517297792,1,1,1,1,1,1,1,1,1,1,1,1,1,1
param_20101,real_005,0.9863158799671801,0.9714867727317279,0.8678138985087175,0.8786788039024046,0.05556050059637192,25.129605984905893,1,1,1,1,1,1,1,1,1,1,1,1,1,1
param_20102,real_001,0.9120975111295987,0.6326987386563708,0.6393191672704924,0.641159402666519,0.2633094828366996,153.9057713785167,0,0,0,0,1,0,0,0,0,0,0,0,0,0
param_20102,real_002,0.9083049742583162,0.5431806673346142,0.4778538657873233,0.49335314927433627,0.013127881582140257,389.58691594957367,0,0,0,0,0,0,0,0,0,0,0,0,1,0
param_20102,real_003,0.8931462524083288,0.5944935763464845,0.5332689630976509,0.5402188603064648,0.31443646539226594,111.74856624760673,1,0,0,0,1,0,0,0,1,0,0,0,1,0
param_20102,real_004,0.9036985177674759,0.5982124966966855,0.5110952757945282,0.5231705071705478,0.24401442486430217,362.725299626554,0,0,0,0,1,0,0,0,0,0,0,0,1,0
param_20102,real_005,0.911679778962542,0.5668576855284208,0.5582800022790401,0.5708810610057631,0.07178070936230428,310.9371284474202,0,0,0,0,0,0,0,0,0,0,0,0,1,0
param_20103,real_001,0.9190795905703443,0.6833558533520008,0.6574408025402314,0.6563120560300927,0.2659517000317763,138.02707637769873,0,0,0,0,1,0,1,0,0,0,0,0,0,1
param_20103,real_002,0.9100037205919049,0.5938626390964512,0.4925480234522931,0.5085624724358386,0.0011484788073155934,366.66720781642084,0,0,0,0,0,0,0,0,0,0,0,0,1,1
param_20103,real_003,0.8990875486724653,0.6381951281105919,0.5605906980685325,0.5648029664774245,0.3077049868137137,105.2129525301605,1,0,0,0,1,0,0,0,1,0,0,0,1,1
param_20103,real_004,0.9081294614868757,0.6458739367526515,0.5352776678044207,0.5468591637590969,0.21869345373987453,338.2442303165593,0,0,0,0,1,0,0,0,0,0,0,0,1,1
param_20103,real_005,0.9171204936648506,0.6250563330816555,0.5828677547583849,0.5956519347089084,0.05004626297933587,300.73817638006767,0,0,0,0,0,0,0,0,0,0,0,0,1,1
param_20104,real_001,0.9211843549035612,0.6984410443086457,0.6658746518228575,0.6675991666734337,0.25397521658076544,149.17087647554177,0,0,0,0,1,0,1,0,0,0,0,0,0,1
param_20104,real_002,0.9104377719807837,0.6132471677515884,0.5063716364513488,0.5255452459702319,0.020355252726532536,377.7051526831564,0,0,0,0,0,0,0,0,0,0,0,0,1,1
param_20104,real_003,0.8978764951894265,0.6475082572725078,0.5655553009154348,0.567733305256332,0.30015430964802703,107.24025143839563,1,0,0,0,1,0,0,0,1,0,0,0,1,1
param_20104,real_004,0.9094682356697784,0.6726259559835498,0.553408302864764,0.5680728017134338,0.20537636202840026,350.3736734220518,0,0,0,0,1,0,0,0,0,0,0,0,1,1
param_20104,real_005,0.9177098376476261,0.6367471152231956,0.596882266970454,0.6140127835698305,0.03083279062194725,309.9352352642566,0,0,0,0,0,0,0,0,0,0,0,0,1,1
param_20105,real_001,0.9483087474081431,0.8297649368321126,0.7347448932672188,0.738413133598562,0.16919435225826404,118.19625320194544,1,1,1,1,1,1,1,1,1,0,1,0,0,1
param_20105,real_002,0.9192311115206457,0.7354442919346456,0.55613327114077,0.569523258677404,0.14235946418933285,300.3671134832996,1,1,0,1,1,1,0,1,0,0,0,0,1,1
param_20105,real_003,0.9185488489434939,0.7681470797828736,0.6227356512787682,0.6245143030254432,0.2100054291272678,101.17867436893525,1,1,1,1,1,1,0,1,1,0,0,0,1,1
param_20105,real_004,0.9260449390942912,0.7794167759919105,0.6117457347395963,0.6270352569315272,0.09463873694034687,285.6222080136929,0,1,0,1,1,1,1,1,1,0,0,0,1,1
param_20105,real_005,0.9368732949076799,0.8011329088711366,0.6729647381016979,0.6878437279942899,0.025142370692185757,261.6115617541305,1,1,1,1,1,1,0,1,0,0,0,0,1,1
param_20106,real_001,0.9425015720929976,0.8416853133717427,0.7577063670492241,0.7593608658132599,0.16355564524265967,120.07677254746348,1,1,1,1,1,1,1,1,1,0,1,0,1,1
param_20106,real_002,0.9237738790007306,0.7993387088531412,0.5962103345203338,0.6143722533327851,0.16280700770061576,277.32016149390813,1,1,0,1,1,1,1,1,0,0,0,0,1,1
param_20106,real_003,0.9226044993092718,0.8158580893991713,0.6312549680898316,0.6390957713277211,0.17575588852322102,106.90707707838001,1,1,1,1,1,1,0,1,1,0,0,0,1,1
param_20106,real_004,0.9326556095392351,0.8331855119037919,0.639173367343104,0.6553606751004836,0.060899904843898685,271.9534032293738,1,1,0,1,1,1,1,1,1,0,1,0,1,1
param_20106,real_005,0.9365478425103031,0.8249576278795658,0.7116016088406484,0.721920245655687,0.06306583570567567,236.15281637333806,1,1,1,1,1,1,0,1,0,0,0,0,1,1
param_20107,real_001,0.9730627566858892,0.9454166626090901,0.8403612827138137,0.8497385473768858,0.01487017293271438,100.77848543047706,1,1,1,1,1,1,1,1,1,1,1,1,1,1
param_20107,real_002,0.9502293463405372,0.8925357511404373,0.6641771190779968,0.6904055397251736,0.13040946056323022,194.70343262625207,1,1,1,1,1,1,1,1,1,1,1,1,1,1
param_20107,real_003,0.961738998519438,0.9247648843531279,0.7208017062614374,0.7443260854730274,0.010751732152950217,123.6484402083988,1,1,1,1,1,1,1,1,1,1,1,1,1,1
param_20107,real_004,0.9594692782487457,0.9114376038284131,0.7057619342144789,0.7312514495948672,0.09889320803960423,205.76317671653038,1,1,1,1,1,1,1,1,1,1,1,1,1,1
param_20107,real_005,0.9667926573528678,0.9340343013134327,0.7711198004202128,0.789541879122902,0.060530945146329763,151.48213416694838,1,1,1,1,1,1,1,1,1,1,1,1,1,1
param_20108,real_001,0.9720600113828485,0.860133214917756,0.7470415234218357,0.7687395978147006,0.06286148812129871,62.525139565862666,0,0,0,0,0,0,0,0,0,0,0,0,0,0
param_20108,real_002,0.9690940718734535,0.8351931972745971,0.74388260829433,0.7600420011381428,0.0745266703076643,55.272275202517235,0,0,0,0,0,0,0,0,0,0,0,0,0,0
param_20108,real_003,0.9549648262272651,0.7769972520744814,0.6642838662630867,0.6745127585964851,0.08440271961817282,128.0885985268465,1,0,0,0,1,0,0,0,0,0,0,0,0,0
param_20108,real_004,0.9672695051506941,0.8433058539411786,0.7534274419233108,0.7690005013730857,0.05047745791599542,58.712130656705966,0,0,0,0,0,0,0,0,0,0,0,0,1,0
param_20108,real_005,0.9660099340247007,0.8421930244453375,0.7471555211912553,0.7675898698747651,0.04930104259198653,63.09691010783415,0,0,0,0,0,0,0,0,0,0,0,0,1,0
param_20109,real_001,0.9755142160988022,0.8874710194315674,0.7658920305075775,0.7833070128940964,0.015890259228491705,64.59317650619425,0,0,0,0,0,0,0,0,0,0,0,0,0,1
param_20109,real_002,0.972226007409205,0.8638007856545171,0.7610207408949569,0.7716102417984733,0.013347285695980865,55.159037204755194,0,0,0,0,0,0,0,0,0,0,0,0,0,1
param_20109,real_003,0.957441775506721,0.805114489597704,0.6790807628808637,0.6858146217109262,0.02451332291710654,129.8329583072044,1,0,0,0,1,0,0,0,0,0,0,0,0,1
param_20109,real_004,0.9709726940244078,0.8710981773571178,0.7717878395599722,0.7831060246491824,0.0020387359836901123,59.14409641635188,0,0,0,0,0,0,0,0,0,0,0,0,1,1
param_20109,real_005,0.9702740773482599,0.8769951822644996,0.7711138399548357,0.7884123033173286,0.0064514741618459815,55.147410107414395,0,0,0,0,0,0,0,0,0,0,0,0,1,1
param_20110,real_001,0.9759986783324596,0.8902206126838763,0.772246007643718,0.7916419305189635,0.020244830778726467,51.06538121450811,0,0,0,0,0,0,0,0,0,0,0,0,0,1
param_20110,real_002,0.9732012723882866,0.8695947544234011,0.7676178018032331,0.7795368960045463,0.01915511523964491,44.80290876453202,0,0,0,0,0,0,0,0,0,0,0,0,0,1
param_20110,real_003,0.9580778241686068,0.8142871584392417,0.6812864285134778,0.6892298396663452,0.03041840578234755,116.37331245636163,1,0,0,0,1,0,0,0,0,0,0,0,0,1
param_20110,real_004,0.9710210775909034,0.8767928039691842,0.7754989989932097,0.7877968705587642,0.0020536893061463986,47.747832897766116,0,0,0,0,0,0,0,0,0,0,0,0,1,1
param_20110,real_005,0.9696449010289543,0.8750706137396018,0.77566048266466,0.7942145045476241,0.004620058225391334,59.27649231469619,0,0,0,0,0,0,0,0,0,0,0,0,1,1
param_20111,real_001,0.9845148708677087,0.9495424717331301,0.810194027585105,0.8187773774264131,0.024060172423904756,62.29657062175871,1,1,1,1,1,1,1,1,0,0,0,0,0,1
param_20111,real_002,0.9812333706157436,0.9332516494089417,0.7971160398027923,0.7980433453573513,0.06053934222114246,55.95514330814994,1,1,1,1,1,1,1,1,0,0,0,0,0,1
param_20111,real_003,0.965221973468875,0.8914661850252995,0.720648096594678,0.7224244952538936,0.035538488909975095,126.1730099257322,1,1,1,1,1,1,0,1,0,0,0,0,0,1
param_20111,real_004,0.9815204057054597,0.9406486094846243,0.8145227893602557,0.8172322169776618,0.052548298622622745,58.80567571804522,1,1,1,1,1,1,1,1,0,0,0,0,1,1
param_20111,real_005,0.9832050468752798,0.9494052870002517,0.8279777251046491,0.8350699440068741,0.030025512837528943,43.51927677269686,1,1,1,1,1,1,1,1,0,0,0,0,1,1
param_20112,real_001,0.9859729153079703,0.9511445423488476,0.8517387363957877,0.8673448135249686,0.02089824267576321,46.851061628438515,1,1,1,1,1,1,1,1,0,0,0,0,1,1
param_20112,real_002,0.9838407076071405,0.9433006711370608,0.8350202572338659,0.8456221767340597,0.04592480444107999,43.5932256372628,1,1,1,1,1,1,1,1,0,0,0,0,1,1
param_20112,real_003,0.9742781464529985,0.9211649128900536,0.7457658435747432,0.760589532581916,0.014874211911611679,109.39315113779215,1,1,1,1,1,1,1,1,0,0,0,0,1,1
param_20112,real_004,0.9805608707981979,0.9432512321426795,0.8412223189298271,0.8480803364661158,0.06953941426912656,44.760739841570974,1,1,1,1,1,1,1,1,0,0,0,0,1,1
param_20112,real_005,0.9774564400505303,0.9378282851987642,0.8466626289994567,0.8556857938847665,0.1024962430013432,48.50349741866686,1,1,1,1,1,1,1,1,0,0,0,0,1,1
param_20113,real_001,0.9920044369243647,0.9861359599900074,0.8669015572183192,0.87945247496918,0.04722109144895956,56.431009572111215,1,1,1,1,1,1,1,1,1,1,1,1,1,1
param_20113,real_002,0.9912917272375671,0.9836492434093135,0.8534845978603413,0.8664751850690853,0.009509347539269622,69.67412171003642,1,1,1,1,1,1,1,1,1,1,1,1,1,1
param_20113,real_003,0.984869838664026,0.9742990119251077,0.7951647576172669,0.8122164947005436,0.0235289065040401,119.02692336218755,1,1,1,1,1,1,1,1,1,1,1,1,1,1
param_20113,real_004,0.9923361025350407,0.9865097563942168,0.873227458808514,0.8844333636363824,0.024145584754803977,65.13161832705866,1,1,1,1,1,1,1,1,1,1,1,1,1,1
param_20113,real_005,0.9933688249050979,0.987997743150886,0.8833387960992358,0.8957837215701301,0.012502249163931476,38.13195203348317,1,1,1,1,1,1,1,1,1,1,1,1,1,1
param_20114,real_001,0.9504786172327221,0.7688888710868882,0.69121816932458,0.7108888908581636,0.14435093625078899,57.39216421894711,0,0,1,0,0,0,1,0,0,0,0,0,0,0
param_20114,real_002,0.9425065930902735,0.693717021089314,0.643771995765442,0.6500025320708347,0.13679585685783419,51.65692154849805,1,0,1,0,0,0,0,0,0,0,0,0,0,0
param_20114,real_003,0.9125109628027793,0.6107452696002994,0.48814546955899674,0.4910936958659752,0.18567538344479595,207.97451262634604,1,0,0,0,1,0,0,0,0,0,0,0,0,0
param_20114,real_004,0.9436858783076635,0.7489375293422563,0.6755691281712477,0.687346869897183,0.06688234214390602,54.17213311404363,0,0,0,0,0,0,0,0,0,0,0,0,1,0
param_20114,real_005,0.9413990021813242,0.7543046891219274,0.6631043547851756,0.6840026018803051,0.022191767647624542,198.5253040196299,0,0,0,0,0,0,0,0,0,0,0,0,1,0
param_20115,real_001,0.955277756458828,0.8043084769250757,0.7116781732929957,0.7293579455625996,0.11610866653912379,59.35289619805073,0,0,1,0,1,0,1,0,0,0,0,0,0,1
param_20115,real_002,0.9460326150251944,0.7283079454860247,0.6578890183026052,0.6636851619181708,0.07701374460604124,45.612879081992546,1,0,1,0,0,0,0,0,0,0,0,0,0,1
param_20115,real_003,0.9114371558137485,0.6383959174082927,0.5044270485107518,0.5053260946325716,0.14800745016320282,208.835880757717,1,0,0,0,1,0,0,0,0,0,0,0,0,1
param_20115,real_004,0.944738211799985,0.7764090930066085,0.6940097928614631,0.7006490857267987,0.028860301845545885,44.78515806505282,0,0,0,0,0,0,0,0,0,0,0,0,1,1
param_20115,real_005,0.9451678507970344,0.7976196559755587,0.6910537409077862,0.709442531647959,0.019919389053882054,186.39811962614218,1,0,0,0,0,0,0,0,0,0,0,0,1,1
param_20116,real_001,0.9559594261432035,0.8076714887668064,0.7191863765788554,0.7379151692606896,0.11695223260643821,45.75634661184378,0,0,1,0,1,0,1,0,0,0,0,0,0,1
param_20116,real_002,0.9482169772010368,0.7495381905545868,0.669860281037484,0.6798015259035668,0.10691646974982184,48.10207457502691,1,0,1,0,0,0,0,0,0,0,0,0,0,1
param_20116,real_003,0.9103769133709805,0.6410570371214475,0.4996537302164085,0.5015431022033255,0.15862471068393436,197.21931317345513,1,0,0,0,1,0,0,0,0,0,0,0,0,1
param_20116,real_004,0.9459268824291773,0.7879887156861254,0.6974558123145274,0.7070909613007931,0.020345607899609135,52.68097937268628,0,0,0,0,0,0,0,0,0,0,0,0,1,1
param_20116,real_005,0.9437999054810188,0.7875645175720513,0.6974481971156808,0.7145999566882492,0.0035780046869769,197.38795264960598,1,0,0,0,0,0,0,0,0,0,0,0,1,1
param_20117,real_001,0.9677249564620898,0.899231017766849,0.7672812331009317,0.7750936098396679,0.1123128542741669,56.338903310589714,0,1,1,1,1,1,1,1,0,0,1,0,0,1
param_20117,real_002,0.9585594264508438,0.8389685010915605,0.702509538535971,0.7091508388627967,0.02708704027763481,49.076985851722476,1,1,1,1,1,1,1,1,0,0,0,0,0,1
param_20117,real_003,0.9123634665124639,0.7394126095918895,0.5496310655435613,0.5506518912153716,0.09819238218205294,209.59868735385612,1,1,1,1,1,1,0,1,1,0,0,0,0,1
param_20117,real_004,0.9567193579635793,0.872111108730466,0.7364687099021733,0.7422431749186225,0.009204138249913304,34.53103463967801,1,1,0,1,1,1,1,1,0,0,0,0,1,1
param_20117,real_005,0.956609906555512,0.8930937330442771,0.75912633044218,0.7689140124747792,0.004718270351137132,155.28855249621725,1,1,0,1,1,1,0,1,0,0,0,0,1,1
param_20118,real_001,0.9697213970856842,0.9017486085302129,0.7838623239846418,0.7923221549010333,0.09245169412666265,42.833216774935046,1,1,1,1,1,1,1,1,0,0,1,0,1,1
param_20118,real_002,0.966593226631415,0.887509595590356,0.7501132928012407,0.7669539120551785,0.006483257654857587,41.57188886244156,1,1,1,1,1,1,1,1,0,0,0,0,1,1
param_20118,real_003,0.9246699910090044,0.7985874615795281,0.5506978084182103,0.564489521906292,0.1315006495411306,193.60911459808688,1,1,1,1,1,1,0,1,1,0,0,0,1,1
param_20118,real_004,0.9602869644275198,0.8889029734357169,0.7587781659960376,0.7660230828251042,0.064212174895376,36.240369115219906,1,1,0,1,1,1,1,1,0,0,0,0,1,1
param_20118,real_005,0.9521832532526951,0.8787776002899848,0.7644327554954897,0.7729829338769263,0.10615926558497012,157.58348010619778,1,1,0,1,1,1,0,1,0,0,0,0,1,1
param_20119,real_001,0.9856020639907718,0.9715877803614614,0.8351299822971506,0.8482982638806199,0.045890259035675104,44.28997759260079,1,1,1,1,1,1,1,1,1,1,1,1,1,1
param_20119,real_002,0.9686309965235675,0.9351967926999122,0.7727505154961062,0.7910960893326815,0.058612249241738947,84.82313737244196,1,1,1,1,1,1,1,1,1,1,1,1,1,1
param_20119,real_004,0.9795159561834618,0.9604706537625413,0.8136864794890993,0.8279677300752297,0.005642506460764677,53.949570648915724,1,1,1,1,1,1,1,1,1,1,1,1,1,1
param_20119,real_005,0.9823858350180714,0.9684093948916747,0.8312366034517886,0.8503046536848182,0.07796403535507468,74.47283233709078,1,1,1,1,1,1,1,1,1,1,1,1,1,1
param_20120,real_001,0.9431358704461438,0.747377841527338,0.7558643101688824,0.7595374237083671,0.18606550205605296,94.2385507557831,0,0,0,0,0,0,0,0,0,0,0,0,1,0
param_20120,real_002,0.9098800401549053,0.5913599459199269,0.47658046824106093,0.48638613424046107,0.2664321789321789,92.25134781937653,1,0,0,0,1,0,1,0,1,0,0,0,0,0
param_20120,real_003,0.9242983503690619,0.629652562706255,0.5624539397606181,0.572758622363649,0.07475827550904333,147.14169404795857,1,0,0,0,0,0,0,0,0,0,0,0,0,0
param_20120,real_004,0.9279562229810335,0.6729755457342264,0.6128342120630774,0.6193811450798044,0.15818343648444452,127.39060424613135,1,0,0,0,1,0,0,0,0,0,0,0,0,0
param_20120,real_005,0.9388726221029134,0.7681348951788752,0.710681854447242,0.7150864233987764,0.1800935446151365,68.94407985587954,0,0,1,0,0,0,1,0,0,0,0,0,1,0
param_20121,real_001,0.9460762697260624,0.7893279209978553,0.7644209885664022,0.765285001716402,0.1834575680729527,88.99615677366369,0,0,1,0,0,0,0,0,0,0,0,0,1,1
param_20121,real_002,0.9104800497670925,0.6145532756510367,0.49334557995805695,0.5027851171804802,0.24138780335621163,89.31961434253525,1,0,1,0,1,0,1,0,1,0,0,0,0,1
param_20121,real_003,0.9260801253860546,0.6593344426460388,0.5782199424024966,0.5891721095650916,0.03193294918805657,153.11375803907373,1,0,0,0,0,0,0,0,0,0,0,0,0,1
param_20121,real_004,0.931378003172271,0.7065161334050645,0.6338763298473339,0.6399547250922363,0.13276645267860496,128.30519156716556,1,0,0,0,1,0,0,0,0,0,0,0,0,1
param_20121,real_005,0.9410384875175675,0.7962248565950332,0.7281267623831276,0.7322595540540192,0.1347479211925987,77.14315634913984,0,0,1,0,0,0,1,0,0,0,0,0,1,1
param_20122,real_001,0.9462027424424907,0.786625078058493,0.7625699325823494,0.7632079796497862,0.2045276337422537,100.2792442832964,0,0,1,0,0,0,0,0,0,0,0,0,1,1
param_20122,real_002,0.9098819774905393,0.6359252173561611,0.5053638715994071,0.5156286548906697,0.22710747557373323,85.2859943697986,1,0,1,0,1,0,1,0,1,0,0,0,0,1
param_20122,real_003,0.9242991642447231,0.6634570443753889,0.5813602438756224,0.5920608243199856,0.03593408373147623,138.71182363735886,1,0,0,0,0,0,0,0,0,0,0,0,0,1
param_20122,real_004,0.9326569990775746,0.7137918658646614,0.629080414038731,0.6359182367386335,0.12421149425287356,116.61953295543965,1,0,0,0,1,0,0,0,0,0,0,0,0,1
param_20122,real_005,0.9399649591963215,0.7996063514792655,0.7352699743219958,0.7400971620114392,0.13400618294235314,72.36191203125041,0,0,1,0,0,0,1,0,0,0,0,0,1,1
param_20123,real_001,0.9576351002728954,0.8888520895885691,0.793988503450333,0.7953700343043546,0.12464575550689166,81.67112583791605,0,1,1,1,0,1,1,1,0,0,0,0,1,1
param_20123,real_002,0.9202633706089033,0.721555660744411,0.548568082752609,0.558853109871327,0.18748036900454856,95.83324269218042,1,1,1,1,1,1,1,1,1,0,0,0,0,1
param_20123,real_003,0.9335880966257242,0.7859049621584704,0.6404530098790551,0.6535690321418656,0.018044805923593803,163.33546385542888,1,1,1,1,1,1,0,1,0,0,0,0,0,1
param_20123,real_004,0.9439005354351526,0.8252187460102673,0.708956003185494,0.7141582279776116,0.058337377986302105,123.09738643256907,1,1,0,1,1,1,1,1,0,0,0,0,1,1
param_20123,real_005,0.9558195716164748,0.8874193088539978,0.7765588024534751,0.7770999018162137,0.06439211273643038,85.10818064256937,1,1,1,1,0,1,1,1,0,0,1,0,1,1
param_20124,real_001,0.9482668083374758,0.8701165431261654,0.7849985758641804,0.7864504842712071,0.16584865062511425,77.46022334341252,1,1,1,1,0,1,1,1,0,0,0,0,1,1
param_20124,real_002,0.9256337254787238,0.8044037981306386,0.5859116516565767,0.6060078073625635,0.17185299141883859,94.97354118299154,1,1,1,1,1,1,1,1,1,0,0,0,1,1
param_20124,real_003,0.9424509215247616,0.821637398940508,0.6587160642097006,0.6798904091845648,0.006275566561062355,152.50826091116213,1,1,1,1,1,1,1,1,0,0,0,0,1,1
param_20124,real_004,0.9520736729577546,0.8551506401848704,0.702453296921534,0.7130693144595422,0.006352630948100204,112.75035204114144,1,1,1,1,1,1,1,1,0,0,0,0,1,1
param_20124,real_005,0.9483103003129729,0.8834172476713031,0.7729038199732682,0.773431609410383,0.08502935852721734,83.60728606783097,1,1,1,1,0,1,1,1,0,0,1,0,1,1
param_20125,real_001,0.9790478370189944,0.9627763883624294,0.8417677765770601,0.847005503088628,0.1247773851590106,37.56032437940526,1,1,1,1,1,1,1,1,1,1,1,1,1,1
param_20125,real_002,0.9587673320353811,0.90111590138014,0.6435892832594434,0.6820877379966923,0.05608141769269091,140.74523124734245,1,1,1,1,1,1,1,1,1,1,1,1,0,1
param_20125,real_003,0.9697701182457856,0.9412268860620516,0.7450439265387196,0.7686904819843212,0.11773918295397884,171.55702307903863,1,1,1,1,1,1,1,1,1,1,0,1,0,1
param_20125,real_004,0.9790250941918647,0.9530741514923068,0.7967380577824374,0.8131216847843443,0.0126682149333503,106.71642028341515,1,1,1,1,1,1,1,1,1,1,1,1,1,1
param_20125,real_005,0.9779201386849878,0.9634790296602641,0.8387254626447378,0.8519533043954658,0.06545809958628446,91.72013301253152,1,1,1,1,1,1,1,1,1,1,1,1,1,1
param_20126,real_001,0.9715997681776503,0.8617422458156793,0.765747327939153,0.77864529436408,0.0639184274731851,63.82710550904576,0,0,0,0,0,0,0,0,0,0,0,0,0,0
param_20126,real_002,0.9676693417452192,0.8350670488252839,0.7839590659639271,0.7964775407074007,0.10803816207917535,32.27400822954932,0,0,0,0,0,0,0,0,0,0,0,0,1,0
param_20126,real_003,0.9626369939337777,0.7973090300842829,0.6998252248290351,0.718679894700116,0.045507885843034175,93.24178742400711,0,0,0,0,0,0,0,0,0,0,0,0,0,0
param_20126,real_004,0.9636808988232757,0.8232580289895931,0.7068601946112341,0.720953560535571,0.08979208164544214,83.65840091312913,0,0,0,0,0,0,0,0,0,0,0,0,0,0
param_20127,real_001,0.9744548793606262,0.8845197053033205,0.7771349930512416,0.7842854151986461,0.010918199139389009,67.13327339149546,0,0,0,0,0,0,0,0,0,0,0,0,0,1
param_20127,real_002,0.9730793673043362,0.8761017569001984,0.7981925940746794,0.807430243777354,0.06253677738774019,30.617996666309647,0,0,0,0,0,0,0,0,0,0,0,0,1,1
param_20127,real_003,0.966013759647839,0.8316514880982936,0.7155636255626169,0.7304942794940595,0.0117010353384102,95.55242287018868,0,0,0,0,0,0,0,0,0,0,0,0,0,1
param_20127,real_004,0.9684380790684094,0.8567369211325763,0.7258360899990521,0.7369854066299808,0.03783997667541339,82.26415230725146,0,0,0,0,1,0,0,0,0,0,0,0,0,1
param_20127,real_005,0.9657171617570722,0.8289912314803333,0.720015550710621,0.7304836358086597,0.024183669158957463,76.26548722059265,0,0,0,0,0,0,0,0,0,0,0,0,0,1
param_20128,real_001,0.9750767149348866,0.8912689175280414,0.7832652728848183,0.791809176109119,0.016196673897324657,52.937262781185666,0,0,0,0,0,0,0,0,0,0,0,0,0,1
param_20128,real_002,0.9739031858167784,0.8735681152090404,0.805066033583151,0.8156736132848414,0.0664745550066651,22.328314390026964,0,0,0,0,0,0,0,0,0,0,0,0,1,1
param_20128,real_003,0.9665211410965633,0.8380472851173589,0.7195316707153459,0.735130595124309,0.015036816414329445,81.39760844114234,0,0,0,0,0,0,0,0,0,0,0,0,0,1
param_20128,real_004,0.9682629859541712,0.8614536335982064,0.7293150610627586,0.7413874089850513,0.04144524959742351,73.02833859739808,0,0,0,0,1,0,0,0,0,0,0,0,0,1
param_20128,real_005,0.9653804346800239,0.8334786016145981,0.7258159064224668,0.7355207848728944,0.01957918142139504,63.0693434515944,0,0,0,0,0,0,0,0,0,0,0,0,0,1
param_20129,real_001,0.9808653297733031,0.9397535668808811,0.801023547415284,0.8011704692102658,0.05238970588235294,67.93393404391585,1,1,1,1,1,1,1,1,0,0,0,0,0,1
param_20129,real_002,0.9864023426582965,0.9509145232506545,0.8265795739298357,0.8290963255723526,0.011030244676030811,26.824804198721036,1,1,1,1,1,1,1,1,0,0,0,0,0,1
param_20129,real_003,0.9775322025967614,0.9227761074781574,0.7633450457404465,0.7726312734280854,0.032858642769471924,92.0381773921971,1,1,1,1,1,1,1,1,0,0,0,0,0,1
param_20129,real_004,0.9803115759067693,0.9315408631060115,0.7739178240664727,0.780435639872302,0.022560904193019444,76.48126180013057,1,1,1,1,1,1,1,1,0,0,0,0,0,1
param_20129,real_005,0.9767657505583898,0.9146167937921567,0.7650684522773133,0.7721696191708142,0.010503624184377667,74.16346062898326,1,1,1,1,1,1,1,1,0,0,0,0,0,1
param_20130,real_001,0.9842245172145792,0.9504943400299198,0.8407531149861545,0.8495710160921272,0.03405263814394412,51.52373548246068,1,1,1,1,1,1,1,1,0,0,0,0,1,1
param_20130,real_002,0.9872223272105208,0.9452640536735909,0.8680682183470448,0.8800993130926834,0.016409003001791583,17.688355975210655,1,1,1,1,1,1,1,1,0,0,0,0,1,1
param_20130,real_003,0.9794927343405138,0.929919037707201,0.7950006952835994,0.8099725485436471,0.04183685010870795,72.40262715417143,1,1,1,1,1,1,1,1,0,0,0,0,1,1
param_20130,real_004,0.9793386616459787,0.9359871458567759,0.8010843597814485,0.8187616652489149,0.021879815100154083,68.52153312116754,1,1,1,1,1,1,1,1,0,0,0,0,1,1
param_20130,real_005,0.9796434226076426,0.9317118591731196,0.7974888340240556,0.8117523704461926,0.027452438495383282,57.417330619813,1,1,1,1,1,1,1,1,0,0,0,0,1,1
param_20131,real_001,0.9900129795758639,0.9834161628272401,0.8453567946783536,0.8580650471463623,0.031497212959131514,73.84842797679991,1,1,1,1,1,1,1,1,1,1,1,1,1,1
param_20131,real_002,0.9924049126503499,0.9857522738467765,0.8629234263452843,0.8751600515236574,0.05263157894736842,32.32643643663679,1,1,1,1,1,1,1,1,1,1,1,1,1,1
param_20131,real_003,0.9903737157515389,0.9824213913252801,0.8431353406932128,0.8596658015323831,0.013909455331751351,80.97040944830722,1,1,1,1,1,1,1,1,1,1,1,1,1,1
param_20131,real_004,0.9908074785168626,0.9816417030909454,0.8437788092565317,0.8594122233379354,0.021872599330117076,69.24968159562609,1,1,1,1,1,1,1,1,1,1,1,1,1,1
param_20131,real_005,0.9898413470490196,0.9804185774307972,0.8348762894015312,0.8510449701144274,0.04694152519536513,71.3934464841045,1,1,1,1,1,1,1,1,1,1,1,1,1,1
param_20132,real_002,0.9419597576165961,0.7139088798872841,0.6762401020381579,0.6815443117709913,0.09706711662707311,108.72480343816862,0,0,0,0,0,0,0,0,0,0,0,0,1,0
param_20132,real_003,0.9178867750976769,0.6217510746239487,0.5251818634948664,0.5338425607827445,0.18699398276792675,164.7794568338131,1,0,0,0,1,0,0,0,0,0,0,0,0,0
param_20132,real_004,0.9363875647766258,0.6997932693524617,0.6199860888196518,0.6342337218661639,0.01940975068717751,109.66045944451422,0,0,0,0,0,0,0,0,0,0,0,0,1,0
param_20132,real_005,0.9287999016647823,0.7034069717359721,0.6316868317373233,0.6478869684546446,0.016216891554222887,290.7562446524902,0,0,0,0,0,0,0,0,0,0,0,0,1,0
param_20133,real_001,0.9608858317546495,0.8431924743975078,0.7571611290326896,0.7738526855043737,0.10750299424332574,45.83370356633211,0,0,1,0,1,0,1,0,0,0,0,0,0,1
param_20133,real_002,0.9456671557585115,0.7540477080498449,0.6882938556708932,0.6925681049036021,0.05675670157816296,97.38748351865644,0,0,0,0,0,0,0,0,0,0,0,0,1,1
param_20133,real_003,0.9183217643181343,0.6572114964698256,0.5477573658601318,0.55405722444932,0.16606198444071407,164.31893149780615,1,0,0,0,1,0,0,0,0,0,0,0,0,1
param_20133,real_004,0.9373912238409905,0.7343182715391451,0.6358176030194459,0.6462800287791913,0.010211221410766608,97.89327660195205,0,0,0,0,0,0,0,0,0,0,0,0,1,1
param_20133,real_005,0.9331689410805103,0.7585788185803218,0.6559862329139772,0.6728567352797805,0.0016638575565063314,278.3789619499747,0,0,0,0,0,0,0,0,0,0,0,0,1,1
param_20134,real_001,0.9610341782580302,0.8445372365621057,0.763971562596372,0.7826337643555843,0.10616213375377742,40.960177505247195,0,0,1,0,1,0,1,0,0,0,0,0,0,1
param_20134,real_002,0.9469341412990312,0.7640631080220456,0.6969506454126527,0.7040152494627832,0.04708448393164445,110.22956556201736,0,0,0,0,0,0,0,0,0,0,0,0,1,1
param_20134,real_003,0.9179382799514232,0.6586950989885993,0.5427171645126273,0.5501090207126287,0.1715781782756941,154.8596303601948,1,0,0,0,1,0,0,0,0,0,0,0,0,1
param_20134,real_004,0.9377630959426739,0.7486961140734052,0.646754932551716,0.6602203784595126,0.02494511643924067,110.1298565222286,0,0,0,0,0,0,0,0,0,0,0,0,1,1
param_20134,real_005,0.932445228952265,0.7489310780176537,0.6642901337706671,0.6814191518857053,0.021844087290517778,289.11763816999604,0,0,0,0,0,0,0,0,0,0,0,0,1,1
param_20135,real_001,0.9720852697177659,0.9249012632639051,0.8057764040070029,0.8131180207495505,0.11738317284605858,38.27623356911007,0,1,1,1,1,1,1,1,0,0,1,0,0,1
param_20135,real_002,0.9597907670060818,0.8575901528608603,0.7221958249881081,0.7262348994708655,0.0008583077033116372,70.640895481429,1,1,1,1,1,1,1,1,0,0,0,0,1,1
param_20135,real_003,0.9234473010444296,0.7708116528601682,0.5974817134765477,0.6008174122526294,0.15136750786727093,165.58445989409478,1,1,1,1,1,1,0,1,1,0,0,0,1,1
param_20135,real_004,0.9487356414509446,0.8473202488084659,0.6872510707695809,0.6982557310737373,0.029509308255825952,69.22592148734857,1,1,0,1,1,1,0,1,0,0,0,0,1,1
param_20136,real_001,0.9731009514944153,0.9233490865315023,0.8253570000535012,0.8334122503535165,0.08354245663685508,32.80316851175097,1,1,1,1,1,1,1,1,0,0,1,0,1,1
param_20136,real_002,0.9617212789662709,0.8843894734304841,0.7513264902898688,0.7634680339722455,0.06092988136525935,73.31233835752387,1,1,1,1,1,1,1,1,0,0,0,0,1,1
param_20136,real_003,0.9338611846530562,0.8139954246455801,0.5977401344548121,0.6130187678030022,0.13536853742738242,151.9605170613011,1,1,1,1,1,1,0,1,1,0,0,0,1,1
param_20136,real_004,0.952592713697724,0.865669303502628,0.7195414892522277,0.7327992322862916,0.10207120257371513,71.80769567381715,1,1,0,1,1,1,1,1,0,0,0,0,1,1
param_20136,real_005,0.9468927986461259,0.8698389473084931,0.7424737451288336,0.7541544041535647,0.1045086335536133,233.38434078149078,1,1,0,1,1,1,0,1,0,0,0,0,1,1
param_20137,real_001,0.9864464924329736,0.9757383726035251,0.861479452552826,0.8708893201080599,0.05656820728042253,15.080473538552084,1,1,1,1,1,1,1,1,1,1,1,1,1,1
param_20137,real_002,0.9803971220395961,0.9501378753563648,0.7777794070027011,0.7933532381599814,0.031544698585122724,58.125403338392076,1,1,1,1,1,1,1,1,1,1,1,1,1,1
param_20137,real_003,0.9612578920842697,0.9245182542119292,0.6811596381032509,0.7070676754492243,0.013817803279094841,183.57769214548068,1,1,1,1,1,1,1,1,1,1,1,1,1,1
param_20137,real_004,0.9784372529432755,0.9555638946929573,0.7744589045836416,0.795034469780127,0.0186114382264093,50.2063411944618,1,1,1,1,1,1,1,1,1,1,1,1,1,1
param_20137,real_005,0.9788137050563541,0.9647173402477459,0.8093265164979617,0.8302432288086069,0.06437504179763258,140.4022845362561,1,1,1,1,1,1,1,1,1,1,1,1,1,1
param_20138,real_001,0.9426751815815085,0.7678780733460505,0.7122656739634435,0.7274430349423935,0.1567346769511487,72.35365617788707,0,0,0,0,1,0,0,0,0,0,0,0,1,0
param_20138,real_002,0.9267628628335095,0.6456928985749854,0.5804274668597429,0.5884251087685232,0.10619546823146744,194.25269444486406,0,0,0,0,0,0,0,0,0,0,0,0,1,0
param_20138,real_003,0.8998210067171303,0.5862705522759196,0.473775538901425,0.47866526187717534,0.26087272595096594,174.85544790834587,1,0,0,0,1,0,0,0,0,0,0,0,0,0
param_20138,real_004,0.9217022534950635,0.6589947051422098,0.5428485872540926,0.5546373763657754,0.021038889307323443,226.23166007299434,0,0,0,0,0,0,0,0,0,0,0,0,1,0
param_20138,real_005,0.9119031204111917,0.6584131477941243,0.5689517795133124,0.5770126006943358,0.017335401240744445,383.5839989539703,0,0,0,0,0,0,0,0,0,0,0,0,1,0
param_20139,real_001,0.9468901626973579,0.8062453423553232,0.730862964643991,0.7428619240743874,0.16468992948833847,65.00963625963843,0,0,1,0,1,0,1,0,0,0,0,0,1,1
param_20139,real_002,0.9291961890492675,0.685396868060117,0.5929887568374508,0.6035220376496698,0.06850944575495474,178.34243903425823,1,0,0,0,0,0,0,0,0,0,0,0,1,1
param_20139,real_003,0.8990628023706051,0.6227717010665487,0.49526368188297243,0.4981840793932319,0.24177375149754649,173.80516802635725,1,0,0,0,1,0,0,0,0,0,0,0,0,1
param_20139,real_004,0.9212894096544219,0.6873135186572581,0.5562391270517116,0.5661178795621388,0.04607616718742925,210.57266256572285,0,0,0,0,0,0,0,0,0,0,0,0,1,1
param_20139,real_005,0.9127722585144243,0.7041477058349963,0.587713770208071,0.5974332347393306,0.019628230700674786,375.96926584044496,0,0,0,0,0,0,0,0,0,0,0,0,1,1
param_20140,real_001,0.9474925884134623,0.8109642888841703,0.7386383057091537,0.7521288734676135,0.15206281939424154,69.38305681105942,0,0,1,0,1,0,1,0,0,0,0,0,1,1
param_20140,real_002,0.9304271641480661,0.699596942880596,0.6019813699328663,0.6153924438361608,0.05866888058668881,191.30407455378537,1,0,0,0,0,0,0,0,0,0,0,0,1,1
param_20140,real_003,0.8982005524077488,0.6186057081368935,0.4877371118855355,0.49114672401402176,0.2430537894201424,166.42057575938296,1,0,0,0,1,0,0,0,0,0,0,0,1,1
param_20140,real_004,0.9211256461035601,0.7010063241153236,0.5702797422089193,0.5828290528996432,0.060294346848351256,222.54500524789756,0,0,0,0,0,0,0,0,0,0,0,0,1,1
param_20140,real_005,0.913653587329004,0.7034363197421416,0.5972348729926782,0.6095443943283976,0.0001679648953368746,384.3022400510714,0,0,0,0,0,0,0,0,0,0,0,0,1,1
param_20141,real_001,0.9587172126931551,0.8952415721046251,0.7742089517132148,0.7797909036710083,0.1823247755183273,53.58659575086136,0,1,1,1,1,1,1,1,1,0,1,0,1,1
param_20141,real_002,0.9409337361369667,0.799257713171124,0.6387917822563598,0.6485499296802202,0.009773164278795415,130.9065854058067,1,1,0,1,1,1,1,1,0,0,0,0,1,1
param_20141,real_003,0.9016264677084576,0.7247464381310649,0.5417115199722381,0.5436421753768503,0.2038550536310684,179.69479016823453,1,1,1,1,1,1,0,1,1,0,0,0,1,1
param_20141,real_004,0.9261094829720278,0.7887571825666722,0.6080930585311745,0.6213265648541072,0.10432115357250146,164.66432295023674,1,1,0,1,1,1,0,1,0,0,0,0,1,1
param_20142,real_001,0.9582244752671616,0.8976037856519922,0.7903398099291453,0.7933013101839009,0.14597712990625322,55.801296042289444,1,1,1,1,1,1,1,1,1,0,1,0,1,1
param_20142,real_002,0.9441620081688172,0.8407923220261724,0.6739215529001252,0.6916228862883652,0.05751935808957661,128.09251219481098,1,1,0,1,1,1,1,1,0,0,0,0,1,1
param_20142,real_003,0.9113125914420125,0.7723021215378375,0.5364441801240123,0.5505695988594674,0.19783250278194398,164.94804959409362,1,1,1,1,1,1,0,1,1,0,0,0,1,1
param_20142,real_004,0.9363646248102825,0.8275780186058798,0.6506372858050227,0.6666636513503253,0.14581893572909468,151.37260219250487,1,1,0,1,1,1,1,1,0,0,0,0,1,1
param_20142,real_005,0.9326381578885952,0.8468728035901399,0.6920339411579883,0.7045401528939466,0.070036399308155,318.51405037041286,1,1,0,1,1,1,0,1,0,0,0,0,1,1
param_20143,real_001,0.978560243590605,0.9613701269940362,0.8317503401936713,0.8407703089990083,0.03057103700319781,25.13248779361757,1,1,1,1,1,1,1,1,1,1,1,1,1,1
param_20143,real_002,0.9660002018042121,0.9189394819628657,0.7119266378870536,0.7310637051325745,0.0930368315145355,72.29211540706062,1,1,1,1,1,1,1,1,1,1,1,1,1,1
param_20143,real_003,0.9441569806064127,0.8922265910617954,0.6260953654243253,0.6525861060528969,0.0186896745948437,211.64802553199476,1,1,1,1,1,1,1,1,1,1,1,1,1,1
param_20143,real_004,0.9612529755307696,0.9255378932246343,0.7043235756054375,0.7271890224654162,0.06588622938962482,69.00892344624306,1,1,1,1,1,1,1,1,1,1,1,1,1,1
param_20143,real_005,0.9615801100734849,0.9366404327631253,0.742492642120913,0.760018019539212,0.1247137970998106,234.59111371140943,1,1,1,1,1,1,1,1,1,1,1,1,1,1
param_20144,real_001,0.9629396993526798,0.8191959068197499,0.730028230722631,0.7446222795112486,0.07010403566937236,61.147094502260906,0,0,0,0,0,0,0,0,0,0,0,0,1,0
param_20144,real_002,0.9663774987606429,0.8480918986855451,0.7827626986596532,0.7984081846743233,0.06322845165154098,71.03025710670894,0,0,0,0,0,0,0,0,0,0,0,0,1,0
param_20144,real_003,0.9644641555659323,0.8272131941150666,0.7229846213347573,0.7336098261709761,0.11185604158022319,81.39667919782498,1,0,0,0,0,0,0,0,0,0,0,0,0,0
param_20144,real_004,0.9727419558677406,0.8572790194061295,0.7595361726420761,0.7781497692904492,0.07239468102091554,54.10486280153595,0,0,0,0,0,0,0,0,0,0,0,0,0,0
param_20144,real_005,0.9706885631526887,0.8532718888312715,0.7437168054472122,0.7583802605921075,0.09204768708697982,58.00900031025496,0,0,0,0,0,0,1,0,0,0,0,0,0,0
param_20145,real_001,0.9671207191428748,0.8501257222474143,0.7463334916386589,0.757148667593606,0.0178985183768042,60.92690388763266,0,0,0,0,0,0,0,0,0,0,0,0,1,1
param_20145,real_002,0.9716379922786631,0.8881313762426035,0.803829719538493,0.8173826437489208,0.02354433055056536,61.90688687260668,0,0,0,0,0,0,0,0,0,0,0,0,1,1
param_20145,real_003,0.9686914319618961,0.8579423419115364,0.7359417124620988,0.7448690952056854,0.06371466207315837,82.80873650409275,1,0,0,0,1,0,0,0,0,0,0,0,0,1
param_20145,real_004,0.9764146424952678,0.8863024575053535,0.7751570261017487,0.7889682042864196,0.02085408498463495,58.488409773051764,0,0,0,0,0,0,0,0,0,0,0,0,0,1
param_20145,real_005,0.9740420505258611,0.87862984128993,0.7571006009889035,0.768272323451873,0.03848074921956295,64.25604774610602,0,0,1,0,0,0,1,0,0,0,0,0,0,1
param_20146,real_001,0.9668848509125367,0.8566599495056946,0.7519855610627032,0.7638778423110576,0.012340301974448315,50.415620037088445,0,0,0,0,0,0,0,0,0,0,0,0,1,1
param_20146,real_002,0.9713974550952686,0.8838939372320226,0.8062725002578692,0.8207742794175537,0.012872600638447826,70.82614545483986,0,0,0,0,0,0,0,0,0,0,0,0,1,1
param_20146,real_003,0.9689543896447493,0.8634500031461323,0.7415628768335337,0.7510339772987916,0.06806395428481966,69.7569497952894,1,0,0,0,1,0,0,0,0,0,0,0,0,1
param_20146,real_004,0.9771609788961163,0.8936770932046032,0.7844217839400719,0.7992433391696651,0.04350533271737602,42.142749331111816,0,0,0,0,0,0,0,0,0,0,0,0,0,1
param_20146,real_005,0.9747388539055811,0.8860167773194321,0.7638628032540313,0.7753144394727299,0.04317862165963432,49.45926204237644,0,0,1,0,0,0,1,0,0,0,0,0,0,1
param_20147,real_001,0.9789572704069803,0.9268209418900581,0.7873755767035664,0.7906641100493497,0.05030075187969925,60.19056638073672,1,1,1,1,1,1,1,1,0,0,0,0,1,1
param_20147,real_002,0.9868055076075466,0.9611747150364656,0.8543769058901775,0.8639442134098472,0.0020084642421634028,49.83571302221972,1,1,1,1,1,1,1,1,0,0,0,0,1,1
param_20147,real_003,0.9775261303792904,0.9280530980860582,0.7748799265551314,0.778916944720753,0.002497452311578706,78.26168851179878,1,1,1,1,1,1,1,1,0,0,0,0,0,1
param_20147,real_004,0.9836757513624036,0.9445230275707728,0.8050469366441513,0.8058257107120887,0.04177853350038781,61.00142266289441,1,1,1,1,1,1,1,1,0,0,0,0,0,1
param_20147,real_005,0.9824966068281035,0.9399096184703253,0.7892897868545771,0.793933842343209,0.016696264811202656,66.95469162511236,1,1,1,1,1,1,1,1,0,0,0,0,0,1
param_20148,real_001,0.9776179013605766,0.9330855755885531,0.8168013230908264,0.8248598381872495,0.09995090689559091,47.821179445644255,1,1,1,1,1,1,1,1,0,0,0,0,1,1
param_20148,real_002,0.9824172172056557,0.948216754192556,0.8602878963077363,0.872611333719145,0.05677791091961349,58.16682844655574,1,1,1,1,1,1,1,1,0,0,0,0,1,1
param_20148,real_003,0.9817691861526542,0.9424194903595674,0.810124946591442,0.8237327245991035,0.012907220422937703,64.07218782745262,1,1,1,1,1,1,1,1,0,0,0,0,1,1
param_20148,real_004,0.9853576694259485,0.9455198402467453,0.8449648706856374,0.849752576484829,0.03126127358901315,43.64778826422782,1,1,1,1,1,1,1,1,0,0,0,0,1,1
param_20148,real_005,0.9866054216452476,0.9535413083570972,0.831962202191243,0.8474233861552427,0.015696611336705375,49.74730807517682,1,1,1,1,1,1,1,1,0,0,0,0,1,1
param_20149,real_001,0.9910212153822545,0.9826873067500844,0.849482096502879,0.8638772270974302,0.00323786739148134,74.26533882829506,1,1,1,1,1,1,1,1,1,1,1,1,1,1
param_20149,real_002,0.9946355526241798,0.9906396549727711,0.8979958046181451,0.9097672118233088,0.028541432687142928,33.894463775296686,1,1,1,1,1,1,1,1,1,1,1,1,1,1
param_20149,real_003,0.9894763836205778,0.9810516150557518,0.8323053953368544,0.8458075921899877,0.02304939506847297,74.94131502493994,1,1,1,1,1,1,1,1,1,1,1,1,1,1
param_20149,real_004,0.9906821888528546,0.9829138951641826,0.8441859254254591,0.856197813258648,0.025949227643271563,65.89130761783031,1,1,1,1,1,1,1,1,1,1,1,1,1,1
param_20149,real_005,0.9913799022430416,0.984602036503428,0.8465216278036908,0.8601211339803808,0.05025152616409173,65.58506454058728,1,1,1,1,1,1,1,1,1,1,1,1,1,1
param_20150,real_001,0.9387425917246663,0.7248114029049526,0.6980617943722329,0.7011508200668033,0.19390707999682866,176.38981518850218,0,0,0,0,0,0,1,0,0,0,0,0,1,0
param_20150,real_002,0.9412140567331257,0.7427890063338225,0.7178267978992315,0.7202313951396019,0.10723536901260043,87.76595384436816,0,0,0,0,1,0,1,0,0,0,0,0,0,0
param_20150,real_003,0.9564037673623779,0.7880166383290872,0.7495187184192099,0.7644742728985449,0.07522113832230484,160.76128110667895,0,0,0,0,0,0,0,0,0,0,0,0,0,0
param_20150,real_004,0.929653470669225,0.7020728604961284,0.6719022742019868,0.6797881760560504,0.06013763620249205,228.9019116313983,0,0,0,0,0,0,0,0,0,0,0,0,1,0
param_20150,real_005,0.9367377791835747,0.712952800777682,0.6259298798387795,0.6357319190225554,0.10864419409985535,159.76360119511438,1,0,0,0,1,0,0,0,0,0,0,0,0,0
param_20151,real_001,0.9411667342407406,0.7767201655435824,0.7070590907861113,0.7110054312811765,0.19180981702410524,168.54957379500604,0,0,0,0,0,0,1,0,0,0,1,0,1,1
param_20151,real_002,0.9446387589172545,0.7854437386107772,0.7252949641971865,0.7250534352885771,0.09354705801565658,80.74969998193384,0,0,1,0,1,0,1,0,0,0,0,0,0,1
param_20151,real_003,0.9624603520851869,0.8413392363738006,0.7602792253361378,0.7731942066727565,0.08369528569445271,152.32081821550827,0,0,0,0,0,0,0,0,0,0,0,0,1,1
param_20151,real_004,0.9331407393761334,0.752425743906326,0.686257885472438,0.6945393424533628,0.028769289006657907,221.09171140453665,0,0,0,0,0,0,1,0,0,0,0,0,1,1
param_20151,real_005,0.9381160848067971,0.7436698058270257,0.6362389988027378,0.6400716345615518,0.05043674853560785,163.97196655762625,1,0,0,0,1,0,0,0,0,0,0,0,0,1
param_20152,real_001,0.9427397000093556,0.7816176333509237,0.7123542475938898,0.7186531935382271,0.18064349621472814,181.65613621971997,0,0,0,0,0,0,1,0,0,0,0,0,1,1
param_20152,real_002,0.9466023114597966,0.793995418699583,0.7341310148822602,0.7367085516471451,0.0898822719975537,94.50239329604734,0,0,1,0,1,0,1,0,0,0,0,0,0,1
param_20152,real_003,0.9641085117496492,0.8415315419533949,0.7709440790205541,0.7878525896608124,0.07010212649626058,165.0967687263073,0,0,0,0,0,0,0,0,0,0,0,0,1,1
param_20152,real_004,0.9322707323969055,0.7461230468667472,0.6866589661075957,0.6948250337315443,0.044709650527608974,232.982057524921,0,0,0,0,0,0,1,0,0,0,0,0,1,1
param_20152,real_005,0.9387523264658338,0.7485807554646887,0.6370985722608951,0.6419302357436328,0.06130373933098106,149.59138733952153,1,0,0,0,1,0,0,0,0,0,0,0,0,1
param_20153,real_001,0.9619591008107686,0.9008463113571239,0.7441249841874551,0.7501857558730326,0.15171793968689654,158.63287628833518,1,1,1,1,1,1,1,1,1,0,1,0,1,1
param_20153,real_002,0.957130420590197,0.8729891200463915,0.7402789727322044,0.7406030371840941,0.09794779733691511,69.47143123296435,1,1,1,1,1,1,1,1,0,0,1,0,0,1
param_20153,real_003,0.9750506830543426,0.9196892957211027,0.7827253559010237,0.7919510705477485,0.08416815273261302,136.22223844276436,1,1,1,1,1,1,1,1,0,0,1,0,1,1
param_20153,real_004,0.9546600243751187,0.8817560036377521,0.7409077131660528,0.7519586242325639,0.014490913195620273,202.8248453385877,0,1,0,1,0,1,1,1,0,0,1,0,1,1
param_20153,real_005,0.9456719695202298,0.8448373689448784,0.6660306221425245,0.6624399086130833,0.060893735949936204,165.9416573786729,1,1,1,1,1,1,1,1,0,0,0,0,0,1
param_20154,real_001,0.9634230048320677,0.9100418263654038,0.7673485416836258,0.7761580215155638,0.11394705058731737,157.96019823275304,1,1,1,1,1,1,1,1,1,0,1,0,1,1
param_20154,real_002,0.9633220690945338,0.9021793999678372,0.7737756312869309,0.7762484959684202,0.10613199918053115,74.74898244587783,1,1,1,1,1,1,1,1,0,0,1,0,1,1
param_20154,real_003,0.9752377131426744,0.9272293797378788,0.8303103440298025,0.8381166227236218,0.042415561613454694,137.7641220588327,1,1,1,1,1,1,1,1,0,0,1,0,1,1
param_20154,real_004,0.952586145372778,0.8770981666608827,0.7400270158396053,0.7488507638164269,0.053969868412688325,190.772005678632,0,1,1,1,0,1,1,1,0,0,1,0,1,1
param_20154,real_005,0.9490512676193441,0.8614977887348704,0.6858663845744839,0.6954515581141999,0.0613358696513695,148.02473713761253,1,1,1,1,1,1,1,1,1,0,0,0,1,1
param_20155,real_002,0.9768056849479089,0.9527945586068611,0.771326336627265,0.7858216709059137,0.028926703966515557,73.65168876915027,1,1,1,1,1,1,1,1,1,1,1,1,1,1
param_20155,real_003,0.9864483631700423,0.971102386488426,0.813849085194962,0.8282471227203202,0.03140880128045181,75.77690941631859,1,1,1,1,1,1,1,1,1,1,1,1,1,1
param_20155,real_004,0.98103018633455,0.9675228603044934,0.8307588862671197,0.8411458326595159,0.016964747829087353,117.00474987166962,1,1,1,1,1,1,1,1,1,1,1,1,1,1
param_20155,real_005,0.9722512937319031,0.9545280219051445,0.7524439609499746,0.7725648154059839,0.074623237724842,160.02995168763215,1,1,1,1,1,1,1,1,1,1,1,1,0,1
param_20156,real_001,0.9141014530720035,0.593326266381604,0.4677529997502651,0.48483298227101934,0.1625862246473798,281.78724443593916,1,0,0,0,1,0,0,0,0,0,0,0,1,0
param_20156,real_002,0.9042133248709192,0.6127798927710171,0.46846949340014077,0.4771344379740642,0.08252306720508945,501.8283680712343,0,0,0,0,0,0,0,0,0,0,0,0,1,0
param_20156,real_003,0.9487772935343354,0.7614843614870608,0.7361802913193052,0.7493314616629826,0.09411057156858378,21.234217678642903,0,0,0,0,0,0,0,0,0,0,0,0,1,0
param_20156,real_005,0.8772115458252059,0.6170369227078908,0.4742256784170017,0.4723543234586256,0.3033505772722601,283.1734580789458,1,0,0,0,1,0,0,0,0,0,0,0,1,0
param_20157,real_001,0.9157456281244478,0.6518183710974115,0.49924510825446644,0.5166088955596349,0.15526667032344177,266.7018492903349,1,0,0,0,1,0,0,0,0,0,0,0,1,1
param_20157,real_002,0.9037308849913379,0.6531834442847128,0.48059257644007775,0.4903312980999738,0.10516937498789487,481.033121998958,0,0,0,0,0,0,0,0,0,0,0,0,1,1
param_20157,real_003,0.9529605273166919,0.8027129011701956,0.7552996741123078,0.7636056120300201,0.1067092034029389,17.30892952910927,0,0,1,0,0,0,0,0,0,0,0,0,1,1
param_20157,real_004,0.9305542097660674,0.6759307996562641,0.6217531611753574,0.6283334733046108,0.3885849963933638,30.001730072847156,0,0,0,0,0,0,0,0,0,0,0,0,1,1
param_20157,real_005,0.8785229905454472,0.6529957785411633,0.4933430529237068,0.4917949380616836,0.2640691951130155,272.5381982565282,1,0,0,0,1,0,0,0,1,0,0,0,1,1
param_20158,real_001,0.9156251339039698,0.6699364826245301,0.5108349057509749,0.5307621133697793,0.14691340331768837,275.78563477675965,1,0,0,0,1,0,0,0,0,0,0,0,1,1
param_20158,real_002,0.9043568254755822,0.6600116355624909,0.4869530227425487,0.5005282245529541,0.09142769923492264,491.42688696537425,0,0,0,0,0,0,0,0,0,0,0,0,1,1
param_20158,real_003,0.954974720691849,0.8040261361407474,0.7607991852495125,0.7717120831893329,0.09262223238443656,15.239281743679705,0,0,1,0,0,0,0,0,0,0,0,0,1,1
param_20158,real_004,0.929255995024765,0.677245920155464,0.6219822019727139,0.6286095964213131,0.41784023580552,20.13661994439255,0,0,0,0,0,0,0,0,0,0,0,0,1,1
param_20158,real_005,0.8784902332654292,0.6620092091314036,0.4980557573745989,0.500982409898833,0.2592667485884055,283.1585225368958,1,0,0,0,1,0,0,0,1,0,0,0,1,1
param_20159,real_001,0.9401222882303081,0.8335704201949923,0.6004334782421256,0.6282329272323237,0.10541146333653538,229.08566797746022,1,1,1,1,1,1,1,1,0,0,0,0,1,1
param_20159,real_002,0.9210143806677538,0.7876654678232146,0.555370735508734,0.5745766246745186,0.132230891561475,406.7640896908494,0,1,0,1,0,1,1,1,1,0,1,0,1,1
param_20159,real_003,0.9665403751878394,0.8951747945122116,0.7899828119985395,0.7931758050740315,0.0777711758103915,6.126080056801857,1,1,1,1,1,1,1,1,0,0,0,0,1,1
param_20159,real_004,0.9456582531658567,0.8304747197471203,0.6905285015621334,0.7069356823679316,0.24556397681676326,39.549515000615884,0,1,1,1,0,1,1,1,0,0,0,0,1,1
param_20159,real_005,0.8853824938959606,0.7541776222777699,0.5574641627990576,0.5576975921828495,0.15852439068467405,260.3389875523379,1,1,0,1,1,1,0,1,1,0,0,0,1,1
param_20160,real_001,0.9282494406510192,0.8412082476671788,0.6274023765937905,0.6521937156796939,0.08970121556182675,220.46341425349408,1,1,1,1,1,1,1,1,1,0,0,0,1,1
param_20160,real_002,0.9213489861924336,0.8206077706294387,0.5765110111692759,0.5954381042007227,0.07035683046627941,382.52801469473644,0,1,1,1,1,1,1,1,1,0,1,0,1,1
param_20160,real_003,0.9590809040865734,0.8814359879808069,0.8087123848285768,0.8144169016865258,0.033957163166849234,14.239927746685217,1,1,1,1,1,1,1,1,0,0,0,0,1,1
param_20160,real_004,0.9458096236219136,0.8409256568717255,0.6881482747024223,0.7023703662507377,0.28463398004090995,40.29759196241472,0,1,1,1,0,1,1,1,0,0,0,0,1,1
param_20160,real_005,0.9075573142343462,0.8221006207316042,0.603616632854153,0.6154292425339635,0.16498791297340853,252.72386510071613,1,1,0,1,1,1,0,1,1,0,1,0,1,1
param_20161,real_001,0.9671780956397157,0.941036682740449,0.7402241265167849,0.7567695224820079,0.062265796233885604,150.50081851173317,1,1,1,1,1,1,1,1,1,1,1,1,1,1
param_20161,real_002,0.9569797895227964,0.9235125091837817,0.7023043512992716,0.7200018031091169,0.06758071115702202,234.3892457381379,1,1,1,1,1,1,1,1,1,1,1,1,1,1
param_20161,real_003,0.9709319278436347,0.9485932864531516,0.8232334726807093,0.8217064943306768,0.023695585057116393,19.768486744196434,1,1,1,1,1,1,1,1,1,1,1,1,1,1
param_20161,real_004,0.9723961142450176,0.9478061880523663,0.8087933820962602,0.8244443742733787,0.128141878960575,56.416213608128494,1,1,1,1,1,1,1,1,1,1,1,1,1,1
param_20161,real_005,0.9495812371373837,0.9219302832521652,0.6794513097198686,0.7148537796370317,0.0029131505253068204,222.73063762783426,1,1,1,1,1,1,1,1,1,1,1,1,1,1
