param_folder,realization,global_ssim,plume_ssim,iou_0.001,iou_0.0001,area_rel_err_1e-3_d365,centroid_err_m_d365,exceed_w500_+400_true,exceed_w500_+400_pred,exceed_w500_-400_true,exceed_w500_-400_pred,exceed_w1000_+400_true,exceed_w1000_+400_pred,exceed_w1000_-400_true,exceed_w1000_-400_pred,exceed_w1500_+600_true,exceed_w1500_+600_pred,exceed_w1500_-600_true,exceed_w1500_-600_pred,exceed_w1900_+0_true,exceed_w1900_+0_pred
param_20000,real_001,0.8287952109887254,0.3991155798144675,0.04727597597840523,0.07114066675330982,0.6361498219545435,424.9020495360893,0,0,0,0,0,0,0,0,0,1,0,0,0,1
param_20000,real_002,0.8138056911505811,0.3417250716968365,0.01978934208159159,0.050887458732475147,0.5009887350856533,688.3890768522865,0,1,0,1,0,1,0,0,0,0,0,0,0,1
param_20000,real_003,0.8213853034718869,0.3612841156405052,0.01987080854507062,0.0463326020502883,0.681476157319018,299.882126834632,0,1,0,1,0,1,0,1,0,1,0,0,0,0
param_20000,real_004,0.8010018795601203,0.3390679792538911,0.010409426346346284,0.025511702368276188,0.30911756864836043,856.2896963465033,0,0,0,1,0,0,0,0,0,0,0,0,1,1
param_20000,real_005,0.8513301260961138,0.3808373263693452,0.11888392617601912,0.1413160700843142,0.005445806508510451,622.4657104349793,0,0,0,0,0,0,0,0,0,0,0,0,0,1
param_20001,real_001,0.8231912460612267,0.4099366449087065,0.0498256599888684,0.07417028009193304,0.7920861096873398,365.09866095773083,0,1,0,0,0,0,0,0,0,1,0,0,0,1
param_20001,real_002,0.8077279538258572,0.3597341371814269,0.03250380832397048,0.06591963544670577,0.6705729166666666,650.168234836164,0,1,0,1,0,1,0,0,0,0,0,0,0,1
param_20001,real_003,0.8173628265192042,0.3750074459247476,0.02940775912600002,0.061386813800666885,0.9279944465480248,260.98766599377353,0,1,0,1,0,1,0,1,0,1,0,0,0,1
param_20001,real_004,0.7957823198535158,0.34931798659502095,0.012809317153822206,0.03160696973349146,0.4759478991944669,889.4471701098803,0,0,0,1,0,0,0,0,0,0,0,0,0,1
param_20001,real_005,0.8443819399674727,0.3951458107485213,0.11904225013226273,0.1428100684583841,0.040416461715035254,597.8831283503697,0,1,0,0,0,0,0,0,0,0,0,0,0,1
param_20002,real_001,0.8170341850052237,0.43084733682221044,0.05852921153476283,0.08580876465450231,0.7366137754798835,389.4657754966737,0,1,0,0,0,0,0,0,0,1,0,0,0,1
param_20002,real_002,0.7982636231744269,0.37301466842638414,0.03877767094388836,0.07457499984076345,0.6662670343284178,615.8983325455927,0,1,0,1,0,1,0,0,0,0,0,0,1,1
param_20002,real_003,0.7990028694477921,0.3794333335107346,0.026331081690824286,0.0615550771007559,0.7775139041123695,242.67313679412075,0,1,0,1,0,1,0,1,0,1,0,0,0,1
param_20002,real_004,0.7848345433584002,0.36335721293658935,0.017344571235648615,0.038693628269280855,0.4072795858581805,866.2630262897078,0,0,0,1,0,0,0,0,0,0,0,0,1,1
param_20002,real_005,0.8417115186027978,0.42122009407787153,0.12901077472035574,0.15636452693051278,0.013205305880023758,571.0940781264288,0,1,0,0,0,0,0,0,0,0,0,0,0,1
param_20003,real_001,0.7905978054814239,0.4696096506886448,0.06138704415571691,0.09192830844335076,1.0101579806459136,187.26192523873422,1,1,1,1,1,0,1,1,0,1,0,0,0,1
param_20003,real_002,0.7903358556594522,0.4521593976993432,0.07317962268179928,0.11231389244835206,0.9121377745694544,300.55435336363223,1,1,1,1,1,1,1,0,0,1,0,1,0,1
param_20003,real_003,0.8028099613138672,0.45550474532068724,0.07407567905846614,0.1065669459305239,1.2318984149855907,67.19901909118987,1,1,1,1,1,1,1,1,0,1,0,1,0,1
param_20003,real_004,0.7600936784210087,0.4175839199560778,0.024239057437632324,0.05328181275560015,0.5350576917401954,677.4844770486961,1,0,1,1,1,1,1,0,0,1,0,0,0,1
param_20003,real_005,0.805413626574331,0.46535862598678,0.1253481419531558,0.15368024609114886,0.18554076660120736,511.13670101192406,1,1,1,1,1,0,1,0,0,0,0,1,0,1
param_20004,real_001,0.7954101560437126,0.5676881495124443,0.12793518813031735,0.1770138629357412,0.7676970894371626,199.2789636009386,1,1,1,1,1,1,1,1,0,1,0,0,1,1
param_20004,real_002,0.7854613714611065,0.5322495388109527,0.13055286684011133,0.18355168179264114,0.7580228697897455,169.93181625033205,1,1,1,1,1,1,1,1,0,1,0,1,1,1
param_20004,real_003,0.7769950161562725,0.5196547489431583,0.11256107970470505,0.16063161957843325,0.9847235514981962,49.54318750311601,1,1,1,1,1,1,1,1,0,1,0,1,1,1
param_20004,real_004,0.7484260665348657,0.5049324049311212,0.0818253372421152,0.12975494141593763,0.7800137514426737,539.9203103731172,1,1,1,1,1,1,1,0,0,1,0,0,1,1
param_20004,real_005,0.8303552336507899,0.6299600855978429,0.20717010580642423,0.2642286767483623,0.25673687003932355,422.8616983139989,1,1,1,1,1,0,1,1,0,0,0,1,1,1
param_20005,real_001,0.7766976925793343,0.6523798861730445,0.15700733247452905,0.2276561348957549,0.3571840423401169,53.1734994622854,1,1,1,1,1,1,1,1,1,1,1,1,1,1
param_20005,real_002,0.7781710478045234,0.6480411231357932,0.19020786234985046,0.2646216927124201,0.33875071267862944,83.46637820103408,1,1,1,1,1,1,1,1,1,1,1,1,1,1
param_20005,real_003,0.7795055010351787,0.6344890263429256,0.17885302821078866,0.2507987953204545,0.38460223769906426,16.123097236284607,1,1,1,1,1,1,1,1,1,1,1,1,1,1
param_20005,real_004,0.7263750413583405,0.5993501803041412,0.12831840526423677,0.206086285097025,0.32303984379766915,386.94079481163556,1,1,1,1,1,1,1,1,1,1,1,1,1,1
param_20005,real_005,0.7848029223121848,0.6863074184409781,0.21582130840461444,0.2942366067083444,0.18630023812995092,363.70989285089934,1,1,1,1,1,1,1,1,1,1,1,1,1,1
param_20006,real_001,0.840765473297771,0.5191919925398012,0.1553542971382876,0.18211297625967365,0.8386478719036541,165.39597415651104,0,1,0,1,1,0,0,1,0,0,0,0,0,1
param_20006,real_002,0.8435046904979032,0.5074290936538091,0.17699316629952744,0.20330658595791287,0.5861302864397365,284.79857317729727,0,1,1,0,0,1,0,1,0,0,0,1,1,1
param_20006,real_003,0.8078882808793739,0.449777228704728,0.06942016082026474,0.10528933252430772,0.8435020466758493,80.18419332884152,1,1,0,1,1,1,0,1,0,0,0,1,1,0
param_20006,real_004,0.8083261804437464,0.5078727830581207,0.1198206927196917,0.15519124779809454,0.6549916696306558,598.2588920832966,0,1,0,1,0,1,0,1,0,1,0,0,0,0
param_20006,real_005,0.807330248170956,0.43361946217643416,0.04604185996824439,0.08078679854794972,0.6672662218354124,474.12037323548924,1,1,0,1,1,1,0,0,0,0,0,0,0,1
param_20007,real_001,0.8384046214086703,0.529664108599463,0.14659776768211888,0.17473026608458295,0.8583659002090339,200.77053246109702,1,1,0,1,1,0,1,1,0,0,0,0,0,1
param_20007,real_002,0.8470705528285124,0.5248130276813144,0.1765861031611578,0.20485276511951012,0.6529817698723153,257.4357811192259,1,1,1,0,0,1,1,1,0,0,0,1,1,1
param_20007,real_003,0.8125218008822511,0.4644031841944004,0.08494738599771243,0.11560317489524356,0.8997162810999564,60.318081974150246,1,1,0,1,1,1,0,1,0,0,0,1,1,0
param_20007,real_004,0.8092889952970327,0.5214452647676731,0.12773853481660727,0.16196425491909364,0.7263514102810096,555.3276898917015,1,1,1,1,0,1,1,1,0,1,0,1,0,0
param_20007,real_005,0.8049884928911424,0.44404957173812515,0.04807654670934897,0.08432295038500928,0.8142751117788679,439.28876781234356,1,1,1,1,1,1,0,0,0,0,0,0,0,1
param_20008,real_001,0.835893982302501,0.5554445545180726,0.16665309195115222,0.19491758098175344,0.8108878990087505,127.03988773348206,1,1,0,1,1,0,1,1,0,0,0,0,0,1
param_20008,real_002,0.8440178371419701,0.5408392538013951,0.18950951397613466,0.22082984312538012,0.6061547858580052,291.8339915209368,1,1,1,0,0,1,1,1,0,0,0,1,1,1
param_20008,real_003,0.8048485742008863,0.4754428076620199,0.09007012583354278,0.12389032949512468,0.8569578484246381,66.6022794232625,1,1,0,1,1,1,0,1,0,0,0,1,1,1
param_20008,real_004,0.8036770411513028,0.5383311561850295,0.14480667104997547,0.1829899870258916,0.7048017057569297,542.8938122692799,0,1,1,1,0,1,1,1,0,1,0,1,0,0
param_20008,real_005,0.7952070742271806,0.4644344673205713,0.05037119816941577,0.09366747302825608,0.7927434597516384,453.2827787140973,1,1,1,1,1,1,0,0,0,0,0,0,0,1
param_20009,real_001,0.828940316726988,0.5942264402869679,0.15498838332195164,0.19168988390414884,0.7739057401313525,132.5918816957687,1,1,1,1,1,1,1,1,0,1,0,1,0,1
param_20009,real_002,0.8553019412591941,0.5796697853859096,0.20247349813342908,0.23780508605437312,0.6827553430899764,235.85342577739053,1,1,1,1,1,1,1,1,0,0,0,1,1,1
param_20009,real_003,0.8140819209646973,0.5201330792142377,0.11535721153588628,0.15097153688602552,0.9549014986621563,75.04140824566475,1,1,1,1,1,1,1,1,0,1,0,1,1,1
param_20009,real_004,0.8089947570528886,0.580052829718865,0.1625031649641788,0.1947832581560687,0.9983273982950254,395.3230007253085,1,1,1,1,1,1,1,1,0,1,0,1,0,1
param_20009,real_005,0.7792102682591557,0.4831871731915054,0.058346007130471965,0.09722567114128725,1.0966678872207982,206.22757277660776,1,1,1,1,1,1,1,0,0,1,0,1,0,1
param_20010,real_001,0.8345135360823306,0.6931783978651356,0.2334672937295388,0.2786422249461195,0.5550482995897843,11.631769633047377,1,1,1,1,1,1,1,1,0,1,0,1,1,1
param_20010,real_002,0.8471185516625657,0.6850497551337911,0.24474105500632531,0.2913440142339985,0.6231436283236662,321.1127891755371,1,1,1,1,1,1,1,1,0,1,0,1,1,1
param_20010,real_003,0.8032201728831232,0.6048715929230177,0.17353092673968676,0.22223770339740098,0.7757179862597139,67.78289559551041,1,1,1,1,1,1,1,1,0,1,0,1,1,1
param_20010,real_004,0.8106292398727463,0.6704409690891245,0.25386768719650354,0.2875163347763084,0.7410859495048061,355.5424363617721,1,1,1,1,1,1,1,1,0,1,0,1,1,1
param_20010,real_005,0.7708598068766709,0.5863439614659872,0.126788525299546,0.17820201002167868,0.8931772138859321,200.37147773924102,1,1,1,1,1,1,1,1,0,1,0,1,1,1
param_20011,real_001,0.8248782575656867,0.7316582121072597,0.24252430323837185,0.3063293720450006,0.25985340631451354,70.66440624798713,1,1,1,1,1,1,1,1,1,1,1,1,1,1
param_20011,real_002,0.8843509307236972,0.7767172031151419,0.3147973578880591,0.3846506541312417,0.22565967884950197,188.69628517782073,1,1,1,1,1,1,1,1,1,1,1,1,1,1
param_20011,real_003,0.8067697559777938,0.6577624471166871,0.20775489066327762,0.2772258385375018,0.3724353596216917,43.27242141514436,1,1,1,1,1,1,1,1,1,1,1,1,1,1
param_20011,real_004,0.8097785327535847,0.7229518192108018,0.2621486749739597,0.31993108420729066,0.8880816513438303,644.4793889026546,1,1,1,1,1,1,1,1,1,1,1,1,0,1
param_20011,real_005,0.7524588438477732,0.6172817583687206,0.1458509173586695,0.21469663894951968,0.47561591706853,49.438176496354,1,1,1,1,1,1,1,1,1,1,1,1,1,1
param_20012,real_001,0.7876806416997058,0.44350940057318033,0.08235566366705273,0.10867519176481108,0.412975670617592,649.6380890934411,1,1,1,1,1,0,1,0,0,1,0,1,1,1
param_20012,real_002,0.7654938042566378,0.4191162922082345,0.0873492468600026,0.10961967986191753,0.5224264255862346,439.4977619662322,0,0,1,0,1,1,1,0,0,1,0,0,1,1
param_20012,real_003,0.795939382055447,0.4435267297310375,0.057792835963273996,0.09459330932229502,0.5894843111393353,534.6712290753785,1,0,0,0,1,1,1,1,0,1,0,1,1,1
param_20012,real_004,0.8035724813514511,0.42233652655278364,0.05780981688860833,0.10138872919417247,0.16647452155868112,1011.4427612896059,1,1,0,0,1,0,1,0,0,0,0,0,0,1
param_20012,real_005,0.7344569448057863,0.3772685726846663,0.018056763463813737,0.030665392295012295,0.007046701013794249,1017.1651602283316,1,0,1,0,1,0,1,0,0,0,0,0,1,1
param_20013,real_001,0.7867375998999959,0.453873901476796,0.08428422388944601,0.11395064357270958,0.5568837087021296,597.1851619945207,1,1,1,1,1,0,1,1,0,1,0,1,1,1
param_20013,real_002,0.7663153308930685,0.42740914306610445,0.090759927151003,0.11336956362064553,0.5682809917355371,351.2294593825066,0,0,1,0,1,1,1,1,0,1,0,0,1,1
param_20013,real_003,0.8001647801360461,0.4612611831914259,0.06501481311488141,0.10374588943365737,0.7013950588418674,463.85181674323866,1,1,0,0,1,1,1,1,0,1,0,1,1,1
param_20013,real_004,0.8023767940712618,0.4295962946931151,0.07155857489833835,0.11723498316325291,0.3770804261257275,875.3919042207624,1,1,0,1,1,0,1,0,0,0,0,0,0,1
param_20013,real_005,0.7287059792366857,0.3815671056502214,0.018826522416643267,0.032816366857177176,0.13484154347518065,966.5437469870519,1,0,1,0,1,0,1,0,0,0,0,0,0,1
param_20014,real_001,0.7781421388932305,0.46978157089004713,0.08878008636336951,0.1251309729506275,0.5415451400664723,586.5051602503216,1,1,1,1,1,0,1,1,0,1,0,1,1,1
param_20014,real_002,0.7628827640640538,0.44021115243038594,0.10136781011036353,0.12524750824274208,0.546115139141199,331.74717562767887,0,0,1,0,1,1,1,1,0,1,0,0,1,1
param_20014,real_003,0.7952974267712178,0.47138455331881873,0.07042249719404424,0.11512082339857053,0.6911711220221859,410.3841627304382,1,1,0,0,1,1,1,1,0,1,0,1,1,1
param_20014,real_004,0.7993211725597504,0.4458952072813311,0.07952086611637336,0.1324213102628676,0.31154041521243997,880.3860267095102,1,1,0,0,1,0,1,0,0,0,0,0,0,1
param_20014,real_005,0.7221671472825568,0.38977360360848823,0.022529392762654924,0.038655057254556174,0.1275960301415181,965.2490124791927,1,0,1,0,1,0,1,0,0,0,0,0,1,1
param_20015,real_001,0.7726272678550931,0.49361415524980073,0.09618404676634212,0.1374851796344761,0.8265012963352253,414.0287227072394,1,1,1,1,1,1,1,1,0,1,0,1,1,1
param_20015,real_002,0.7591965362052391,0.46133050658436664,0.09573379824859422,0.1253277892115582,0.6961694217619332,205.62842220123952,1,0,1,0,1,1,1,1,0,1,0,1,1,1
param_20015,real_003,0.8064464644008658,0.49899490087794923,0.10811618794492216,0.1498513996456596,0.7983608426332923,362.80689217946366,1,1,1,1,1,1,1,1,0,1,0,1,1,1
param_20015,real_004,0.801776233629623,0.4843480483102362,0.11844056016123812,0.16560635896964318,0.6883824968544666,481.19309281469754,1,1,1,1,1,1,1,0,0,0,0,1,0,1
param_20015,real_005,0.7038233394078602,0.4080819164113344,0.022409213090669705,0.04307910697167587,0.305793419666646,709.2219868924365,1,0,1,0,1,0,1,0,1,0,0,1,0,1
param_20016,real_001,0.7642954971034325,0.5978403964935621,0.16683496525790037,0.21722950332521623,0.6222717434185975,342.6245265689892,1,1,1,1,1,1,1,1,1,1,1,1,1,1
param_20016,real_002,0.7628747515227464,0.5737269672040729,0.16125571168785202,0.21178638238326872,0.6214138108275378,210.70836203573887,1,1,1,1,1,1,1,1,0,1,0,1,1,1
param_20016,real_003,0.7939230225801226,0.6090220855463273,0.16966348928444408,0.2286901708226688,0.5250917530733742,300.9839038544338,1,1,1,1,1,1,1,1,1,1,0,1,1,1
param_20016,real_004,0.8019055023659802,0.6032928434514241,0.18877148619453676,0.2438201840025935,0.5155577083048153,433.66595963276006,1,1,1,1,1,1,1,1,1,1,0,0,1,1
param_20016,real_005,0.7174110564791522,0.5358239270799323,0.07815879053597602,0.1319642094260981,0.2821471838163183,639.2575860712761,1,0,1,0,1,1,1,1,1,0,0,1,1,1
param_20017,real_001,0.7699042010367113,0.6379623163644381,0.1925586540186432,0.2563815297332726,0.3979426860866557,257.11549158074536,1,1,1,1,1,1,1,1,1,1,1,1,1,1
param_20017,real_002,0.7638131864884505,0.6037658905701891,0.17594147222666787,0.24317820823187103,0.41540652931169497,3.467795224948297,1,1,1,1,1,1,1,1,1,1,1,1,1,1
param_20017,real_003,0.8194047442308183,0.6581512686923109,0.22199798677879318,0.29532821378963015,0.2777669987355068,357.6917037407012,1,1,1,1,1,1,1,1,1,1,1,1,1,1
param_20017,real_004,0.8233872257049952,0.6781106487894238,0.23464058389562298,0.30019926373252764,0.25235212999381823,235.00200181520455,1,1,1,1,1,1,1,1,1,1,1,1,0,1
param_20017,real_005,0.7018142029808958,0.5694220273738764,0.10659080484273253,0.17471366014956552,0.22770007892659827,299.0302192026338,1,0,1,1,1,1,1,1,1,1,1,1,1,1
param_20018,real_001,0.8431420371822901,0.42432426382844035,0.08858839218496964,0.11491123762115896,0.7326205620968106,346.3012518496024,0,0,0,1,0,0,0,0,0,0,0,0,0,1
param_20018,real_002,0.8679044482905668,0.4625750561281541,0.18923932989055406,0.2136763711048235,0.4071749697619754,322.73245969246534,0,0,0,0,0,1,0,0,0,0,0,0,1,1
param_20018,real_003,0.8225459578932011,0.37000867519691,0.0517414607889288,0.06813876507693961,0.5768706875376817,45.52185285143486,0,0,0,0,0,1,0,0,0,0,0,0,1,1
param_20018,real_004,0.8096408556429799,0.4063280449427616,0.08020149425915533,0.09686717132811994,0.5012230919765166,166.92174887357194,0,0,0,0,0,0,0,0,0,1,0,0,1,0
param_20018,real_005,0.8249830672962541,0.35626999530808945,0.02579390744771872,0.055439025350113295,0.3382197540301729,970.8209015199805,0,1,0,1,0,1,0,0,0,0,0,0,1,1
param_20019,real_001,0.8379116912282302,0.4442433490137148,0.09126681455568794,0.11978597474942852,0.8212258091251916,294.2757820641561,0,1,0,1,0,0,0,0,0,0,0,0,0,1
param_20019,real_002,0.8705747546109268,0.4855326602607712,0.18987203370442635,0.2117843743075985,0.5763183408506513,318.38891895391373,0,1,0,0,0,1,0,1,0,0,0,0,1,1
param_20019,real_003,0.8189558955336014,0.38798041709820175,0.051851801203460016,0.06966388581516196,0.7312595404100829,110.05475569131019,0,0,0,0,0,1,0,0,0,0,0,0,1,1
param_20019,real_004,0.8094616781028995,0.43750439962290755,0.08549736199179357,0.10936484776440024,0.6777736792491496,153.93434178101552,0,0,0,1,0,1,0,0,0,1,0,1,1,0
param_20019,real_005,0.8208267911105827,0.3856715002813759,0.03503193284393889,0.06940987524352478,0.5243604603030052,909.9600022781469,0,1,0,1,0,1,0,0,0,0,0,0,0,1
param_20020,real_001,0.8290276154879943,0.4608537422148558,0.10526305140435464,0.13721865527926716,0.7652084757347916,386.0566637516806,0,1,0,1,0,0,0,0,0,0,0,0,0,1
param_20020,real_002,0.8662489557139503,0.5093615519165767,0.20671675096553238,0.230903262804957,0.5209734295555191,343.44767745480124,0,1,0,0,0,1,0,0,0,0,0,0,1,1
param_20020,real_003,0.8137345294476631,0.40755234291515285,0.05948936383071419,0.07947442925239209,0.6913280167132039,58.844072385163464,0,0,0,0,0,1,0,0,0,0,0,0,1,1
param_20020,real_004,0.7985432190557583,0.456147836915543,0.09075500569620944,0.11683807231354314,0.6341996502940709,152.89626978596974,0,0,0,1,0,1,0,0,0,1,0,1,1,0
param_20021,real_001,0.8114093177324557,0.5168115696025868,0.10675260223951362,0.147993596122393,0.8730755924580522,206.97967218966258,1,1,1,1,1,1,1,1,0,1,0,0,0,1
param_20021,real_002,0.8787625245520733,0.5621851962412725,0.2148510207863451,0.2511663909481566,0.703442695306753,311.78852452246764,1,1,1,1,1,1,1,1,0,0,0,1,1,1
param_20021,real_003,0.7837964255793678,0.43797199657494607,0.06046172630370584,0.0869132232048366,0.7561637116436084,245.42431613918205,1,1,1,0,1,1,1,1,0,1,0,1,1,1
param_20021,real_004,0.7997368571721951,0.5283787044410493,0.11117611341377609,0.14458511721815412,1.0180119118007585,119.45994221469735,1,1,1,1,1,1,1,1,0,1,0,1,1,1
param_20021,real_005,0.7969042930423887,0.4712609941277735,0.06395527483502737,0.10577473696023984,0.7620757608933655,768.4135623890779,1,1,1,1,1,1,1,0,0,1,0,1,0,1
param_20022,real_001,0.8129051667328224,0.6054340381408392,0.1880296301359533,0.2330895347906547,0.6970844052431704,229.1370132754753,1,1,1,1,1,1,1,1,0,1,0,0,1,1
param_20022,real_002,0.8676485660874385,0.6722988003644318,0.27065284838101006,0.3134044610327043,0.618193587693245,319.1741229171463,1,1,1,1,1,1,1,1,0,1,0,1,1,1
param_20022,real_003,0.7875311248212903,0.5411562058007174,0.11734413447908212,0.16694161672876803,0.7095681730781159,84.5123066299569,1,1,1,0,1,1,1,1,0,1,0,1,1,1
param_20022,real_004,0.7933835626811585,0.6145863790249226,0.18027750082265873,0.21889793354559692,0.8748998297105078,113.62871934549752,1,1,1,1,1,1,1,1,0,1,0,1,1,1
param_20022,real_005,0.7920340332979859,0.5684423194648943,0.13348775042963792,0.18316149633596737,0.8716404369794488,575.3524165521726,1,1,1,1,1,1,1,1,0,1,0,1,1,1
param_20023,real_001,0.791572003181162,0.686804839590851,0.2204957545738894,0.2868589837472006,0.2905159752485975,80.34598926295749,1,1,1,1,1,1,1,1,1,1,1,1,1,1
param_20023,real_002,0.9045460823697817,0.7890225848702831,0.3484626651102955,0.41960611900326,0.189561012726581,190.84743563173714,1,1,1,1,1,1,1,1,1,1,1,1,1,1
param_20023,real_003,0.7566603008577053,0.6010769688836841,0.14792801907787342,0.21999292263397544,0.33036872673481016,125.73851935218951,1,1,1,1,1,1,1,1,1,1,1,1,1,1
param_20023,real_004,0.7871750363437573,0.6846451560161205,0.2006035961632148,0.2684776302052756,0.3686660023817046,92.1611501894195,1,1,1,1,1,1,1,1,1,1,1,1,1,1
param_20023,real_005,0.7770424102571332,0.6628478731084353,0.18737325761699078,0.2623505054686396,0.3225250865738733,407.7021050275053,1,1,1,1,1,1,1,1,1,1,1,1,1,1
param_20024,real_001,0.7926358499218868,0.42754253776768897,0.08500096428388874,0.11387239353015319,0.3140157658507147,582.8429752524984,0,0,0,0,0,0,0,0,0,0,0,0,1,1
param_20024,real_002,0.8486503885255255,0.5159247843504147,0.2645973645654138,0.2797158227900846,0.3795860978074608,295.95356779781883,0,0,0,0,0,0,0,0,0,0,0,0,1,1
param_20024,real_003,0.8022310096818893,0.4204559710188141,0.06257772394384832,0.09089980635183359,0.2283298952392509,208.7179515452277,0,0,0,0,1,0,0,0,0,0,0,0,1,1
param_20024,real_004,0.761844083857226,0.41913689553683076,0.06264802155644855,0.09443574734536941,0.47125328493373414,219.16072518446825,0,0,0,0,0,1,0,0,0,1,0,1,1,1
param_20024,real_005,0.7970931296671451,0.3680825713937267,0.07282180359865617,0.09707013520389701,0.16437109912197187,918.5947915526247,0,0,0,1,0,0,0,0,0,0,0,0,1,1
param_20025,real_001,0.7900363441819627,0.461370059828346,0.09579641640896494,0.12916246554672683,0.3820786085770313,436.27507360155136,0,1,0,0,1,0,1,0,0,0,0,0,1,1
param_20025,real_002,0.8523619416431923,0.5427234465401676,0.26145928171218924,0.2721430650842957,0.6175677850189074,250.6116980659603,0,1,0,0,0,1,0,1,0,0,0,0,1,1
param_20025,real_003,0.7995117939316976,0.43795261453372974,0.0740821313131474,0.10244739163611805,0.49234155906618815,98.20394634843913,1,0,0,0,1,1,0,0,0,0,0,0,1,1
param_20025,real_004,0.7628292978161764,0.44559151368587036,0.07832512419208928,0.11588814319048062,0.6849495089223959,190.57222663389115,0,0,0,1,1,1,0,1,0,1,0,1,1,1
param_20025,real_005,0.795310056960413,0.4016676096752764,0.08100645944127072,0.1075423921411458,0.3146681024536574,862.3437413196735,0,0,0,1,1,0,0,0,0,0,0,0,1,1
param_20026,real_001,0.7811677607111218,0.4695709209858153,0.09575040518390225,0.13365701202032507,0.39976684069136803,452.04945917866394,0,0,0,0,1,0,1,0,0,0,0,0,1,1
param_20026,real_002,0.8536933854253654,0.567296197222124,0.28778283829706963,0.30245763206212806,0.5768321043111845,256.50105951034107,0,1,0,0,0,1,0,1,0,0,0,0,1,1
param_20026,real_003,0.799237342035327,0.4564033319064746,0.08455105476007092,0.11729797681231945,0.5028352630139484,88.48960586662835,1,0,0,0,1,1,0,0,0,0,0,0,1,1
param_20026,real_004,0.7545597537493625,0.47002882508724203,0.08151668971972495,0.12159071703172702,0.6989173867012739,187.9539049684503,0,0,0,1,1,1,0,1,0,1,0,1,1,1
param_20026,real_005,0.7905981849516457,0.42506777634226806,0.08566928917313867,0.11712719079151324,0.3042816654936945,856.0595526281317,0,0,0,1,1,0,0,0,0,0,0,0,1,1
param_20027,real_001,0.7707396764087261,0.5155938618568924,0.11443247638116592,0.16228534886036333,0.5432494165549432,121.28878709316196,1,1,1,1,1,1,1,1,1,1,1,0,1,1
param_20027,real_002,0.865232067536281,0.6136146661461077,0.27459795173383944,0.307919425385652,0.6354827694146439,171.6407674035253,1,1,1,1,1,1,0,1,0,0,0,1,1,1
param_20027,real_003,0.7806803688476529,0.4865451029117146,0.0897413945618774,0.12551817845908808,0.6881780137329523,162.91238929088223,1,1,1,0,1,1,0,1,0,1,0,0,1,1
param_20027,real_004,0.7628693509671274,0.5342545404312243,0.1218277860179605,0.15664319889232955,0.8698509294535784,121.21465041599629,1,1,1,1,1,1,1,1,1,1,1,1,1,1
param_20027,real_005,0.7795687309912307,0.5023623030698137,0.09960640693003198,0.14466421680578734,0.6059030432787889,640.0425011950713,1,1,1,1,1,0,0,0,0,1,0,1,1,1
param_20028,real_001,0.7766069248003472,0.6130126446102604,0.18812261087165014,0.243369884064526,0.5526239239810815,133.75755004997643,1,1,1,1,1,1,1,1,1,1,1,0,1,1
param_20028,real_002,0.8701019710246638,0.7224139398112228,0.3401974273524182,0.38602556492071366,0.6209133952952376,189.67748351527842,1,1,1,1,1,1,1,1,0,1,0,1,1,1
param_20028,real_003,0.7891960631644701,0.5904972699519636,0.15898413810431125,0.21344555744700833,0.7236430755032589,111.01109769883885,1,1,1,0,1,1,1,1,1,1,0,1,1,1
param_20028,real_004,0.768056862352311,0.6279398646738656,0.1818196722800685,0.23055182006139247,0.7858449589782153,145.01610768564944,1,1,1,1,1,1,1,1,1,1,1,1,1,1
param_20028,real_005,0.7779317797289879,0.601270314055369,0.16695055846539084,0.21841586299043417,0.8300484178608108,526.3634215216413,1,1,1,1,1,1,1,1,0,1,0,1,1,1
param_20029,real_001,0.7743020579631767,0.6649874970755488,0.21707996465026788,0.2863151361912221,0.2777438492409702,42.00515972310123,1,1,1,1,1,1,1,1,1,1,1,1,1,1
param_20029,real_002,0.9079834680333201,0.7997294423332667,0.36160068555149366,0.4356791724183205,0.20695754336360878,87.1575981692235,1,1,1,1,1,1,1,1,1,1,1,1,1,1
param_20029,real_003,0.7813212502837408,0.6359891626653547,0.1783946525272048,0.24963183893514113,0.3387370792390364,203.8982622956945,1,1,1,1,1,1,1,1,1,1,1,1,1,1
param_20029,real_004,0.7819489699957614,0.6893712635884797,0.21117145952091565,0.2820829506423776,0.3838500825912776,60.290477882865865,1,1,1,1,1,1,1,1,1,1,1,1,1,1
param_20029,real_005,0.7883258706522746,0.6888545974767035,0.21408222652379078,0.2856462419249929,0.3092061499843113,278.18260155650313,1,1,1,1,1,1,1,1,1,1,1,1,1,1
param_20030,real_001,0.7650152625086193,0.4302024327682345,0.07917631180581947,0.10679731951166793,0.07437168449430386,485.22303759946857,0,0,0,0,1,0,0,0,0,0,0,0,1,1
param_20030,real_002,0.8323811383429086,0.5177675449236553,0.2855220840303174,0.3019721297438483,0.298187590951184,259.8794412235542,0,0,0,0,0,0,0,0,0,0,0,0,1,1
param_20030,real_003,0.7894823889742973,0.42003770015102454,0.08064645141047981,0.11091480703255797,0.07545256228711393,500.7993300967281,0,0,0,0,1,0,0,0,0,0,0,0,1,1
param_20030,real_004,0.7511693069190558,0.4377696371855297,0.07395634353600716,0.10892462853915306,0.14641888763970637,287.8171965751661,0,0,0,0,1,0,0,0,0,1,0,1,1,0
param_20030,real_005,0.787624323005846,0.3741207803220895,0.09941234445070624,0.1258983987710608,0.012445864693268301,816.3436068169719,0,0,0,0,0,0,0,0,0,0,0,0,1,1
param_20031,real_001,0.7653288456774634,0.467084793317726,0.09475202200702122,0.1293967030773991,0.21313732388979822,347.1285784482569,0,0,0,0,1,0,1,0,0,1,0,0,1,1
param_20031,real_002,0.8313757105284126,0.5456214104842826,0.27756587175991704,0.2869600325037837,0.5776767963646692,213.68350045610492,0,1,0,0,1,0,0,0,0,0,0,0,1,1
param_20031,real_003,0.7849301370980983,0.44152558609742715,0.09518839254407173,0.12744300215996374,0.3168061476919838,318.4637690255525,0,0,0,0,1,1,0,0,0,0,0,0,1,1
param_20031,real_005,0.7799893382354499,0.4043557609486676,0.10794305944442945,0.13702411416834528,0.15828814872192098,763.3727957686544,1,0,0,1,1,0,0,0,0,0,0,0,1,1
param_20032,real_001,0.7577073298950097,0.4718195720767578,0.09333714316689352,0.13175219808984498,0.23035028899980278,319.9664030850163,0,0,0,0,1,0,1,0,0,1,0,0,1,1
param_20032,real_002,0.8309565116412375,0.5725759403627929,0.30413046187124676,0.3168302927222771,0.5868379906186104,223.53983961062923,0,1,0,0,1,0,0,1,0,0,0,0,1,1
param_20032,real_003,0.7880796625217866,0.4646670956937512,0.10757107319865422,0.14475471308176624,0.3571477912478845,215.9612190431616,0,0,0,0,1,1,0,0,0,0,0,0,1,1
param_20032,real_004,0.7437248715536662,0.4848930654617575,0.09660732205512318,0.1422259932764938,0.2837963938472653,213.76197462397312,0,0,0,1,1,1,1,1,0,1,0,1,1,0
param_20032,real_005,0.7768887843765309,0.4266610485222473,0.11258215367355019,0.14342539753641165,0.15843459955985073,755.9593452093093,1,0,0,1,1,0,0,0,0,0,0,0,1,1
param_20033,real_002,0.835119768162421,0.6210513997678283,0.26921444779046755,0.2920805424010076,0.7601999356035632,116.3161341972514,1,1,0,1,1,1,0,1,0,1,0,1,1,1
param_20033,real_003,0.7692665182908268,0.4970930100607548,0.11425105408216138,0.15121712377782484,0.6833906258525673,71.15265455926948,1,1,0,0,1,1,0,1,0,1,0,0,1,1
param_20033,real_004,0.7508854127059985,0.5422375644161325,0.14373770146661116,0.18183455748137603,0.7286117282871908,88.3150149865415,0,1,0,1,1,1,1,1,1,1,1,1,1,1
param_20033,real_005,0.7644591760961543,0.5043303277673901,0.12555347873132036,0.165427471583277,0.5841005535732641,552.226455725189,1,1,0,1,1,0,0,0,0,1,0,1,1,1
param_20034,real_001,0.7692901022117715,0.6281534753368371,0.20133336070251026,0.2603506500139487,0.5207117971155404,44.38048949281621,1,1,1,1,1,1,1,1,1,1,1,1,1,1
param_20034,real_002,0.8419432588628719,0.710190541541713,0.35037839503695933,0.3895388201099911,0.7407109065336913,109.29971795170798,1,1,0,1,1,1,1,1,0,1,0,1,1,1
param_20034,real_003,0.7842921714049274,0.6091988209811091,0.1914452189632111,0.24590975092466966,0.76062295712363,137.802282427803,1,1,1,0,1,1,0,1,1,1,0,1,1,1
param_20034,real_004,0.7714194414365426,0.6479748149980431,0.20921683860493873,0.26227537241645815,0.7020886344359627,137.33342354447026,1,1,1,1,1,1,1,1,1,1,1,1,1,1
param_20034,real_005,0.770924390951943,0.6164714080354043,0.19370635793698665,0.24591647287509105,0.8139943315326663,448.03941876477126,1,1,1,1,1,1,0,1,0,1,0,1,1,1
param_20035,real_001,0.7768632019361101,0.6771628770635371,0.2269187854741532,0.2952750999349201,0.3532797251509844,134.74386249249488,1,1,1,1,1,1,1,1,1,1,1,1,1,1
param_20035,real_002,0.8904518077143087,0.7887620505260555,0.36633474414101136,0.4387346569515354,0.2901291577459664,5.052343454728462,1,1,1,1,1,1,1,1,1,1,1,1,1,1
param_20035,real_003,0.7904759384080198,0.6545293619591742,0.2051921680568133,0.2733413476255875,0.4034040525695832,220.941612069808,1,1,1,1,1,1,1,1,1,1,1,1,1,1
param_20035,real_004,0.7852978274697499,0.6971554348210997,0.23097912327644798,0.3032398933238559,0.4298465678948899,107.44990416993267,1,1,1,1,1,1,1,1,1,1,1,1,1,1
param_20035,real_005,0.7898429206911811,0.695869524149578,0.22916623738247224,0.29711532835015575,0.384610139907819,220.92376346101503,1,1,1,1,1,1,1,1,1,1,1,1,1,1
param_20036,real_001,0.8325949462670321,0.3752334189959927,0.05464414199451498,0.07855708863714456,0.6719229756996228,668.8155014400206,0,0,0,1,0,1,0,1,0,1,0,1,1,1
param_20036,real_002,0.796253749651803,0.363560221075403,0.03534839327866176,0.0676529635182189,0.8912076862920344,388.5949612053932,0,1,0,1,0,1,0,1,0,0,0,0,1,0
param_20036,real_003,0.8537740267344379,0.39392086149521377,0.0914707631131571,0.11413375227596528,0.7452424663054672,583.5310963701776,0,1,0,0,0,1,0,0,0,0,0,0,1,1
param_20036,real_004,0.8146293629041468,0.3429069722608565,0.049533353696714154,0.08737000301553484,0.5494966630209147,628.874232883728,0,1,0,0,0,1,0,1,0,0,0,0,0,1
param_20036,real_005,0.8552525480543898,0.4105412760119594,0.1346539096092134,0.17278819594186615,0.6306006231868486,330.8453788421065,0,1,0,1,0,1,0,0,0,0,0,0,0,1
param_20037,real_001,0.8297444254727059,0.3976452407239707,0.05778243870321015,0.08420765293680418,0.7994339929961723,546.6955881868541,0,0,0,1,0,1,0,1,0,1,0,1,1,1
param_20037,real_002,0.8010273459037109,0.40085150713343715,0.060481840810748186,0.09276198463536708,1.1358156757868751,380.2597896397443,0,1,0,1,0,1,0,1,0,0,0,1,1,0
param_20037,real_003,0.8518495925513656,0.4227535547044765,0.09423081871228822,0.11771419083893077,0.8312373984077823,629.1214941425916,0,1,0,0,0,1,0,0,0,0,0,0,1,1
param_20037,real_004,0.8156061374280793,0.37626958386101,0.06749519752127425,0.10814390186154622,0.7756930427977098,543.9963311559928,0,1,0,0,0,1,0,1,0,0,0,0,0,1
param_20037,real_005,0.8601420180119815,0.45012032497197213,0.15987717537070553,0.19075791197203995,0.776703253238406,300.02250846057075,0,1,0,1,0,1,0,1,0,0,0,0,0,1
param_20038,real_001,0.8217390762111941,0.4163754532843191,0.06381237613040461,0.09355973394851662,0.7221346055277372,440.44485592178256,0,0,0,1,0,1,0,1,0,1,0,1,1,1
param_20038,real_002,0.7867581892961408,0.40669980520144117,0.0597896570836376,0.0967360023541589,1.1310832182251316,359.2272154904637,0,1,0,1,0,1,0,1,0,1,0,1,1,0
param_20038,real_003,0.8437037486339711,0.43514297545796365,0.10143912595165074,0.1254170981521883,0.816452896948253,639.7111058263847,0,1,0,0,0,1,0,1,0,0,0,0,1,1
param_20038,real_004,0.8029924782050282,0.3823936055176457,0.06562559251324297,0.11062389487896818,0.7492764904297148,643.6038694723723,0,1,0,0,0,1,0,1,0,1,0,0,0,1
param_20038,real_005,0.8517686782949676,0.458382563867003,0.17019033597594976,0.2034378310351849,0.740452900978159,252.0458664143777,0,1,0,1,0,1,0,1,0,0,0,0,1,1
param_20039,real_001,0.7981430138702744,0.44257526897092847,0.07396704220967737,0.10858681055428514,0.9742826007991282,60.50229816013291,1,0,1,1,1,1,1,1,0,1,0,1,1,1
param_20039,real_002,0.8001524761194099,0.49277684095359037,0.10646057703955002,0.13313889025097553,1.306719737766331,234.710950943266,1,1,1,1,1,1,1,1,0,1,0,1,1,0
param_20039,real_003,0.8462811553468239,0.5126648083946307,0.10601443805788836,0.1370382924672623,0.9427488704270515,603.447422656054,1,1,1,1,1,1,1,1,0,0,0,1,1,0
param_20039,real_004,0.8003374533977324,0.4669414623058144,0.1049130106350012,0.13666575950251464,1.1880832838973854,330.16332801355594,1,1,1,1,1,1,1,1,0,1,0,1,0,1
param_20040,real_001,0.8073638897932655,0.5691449766145729,0.14750915526619107,0.19741971174627784,0.7751679913516701,80.83363200387878,1,1,1,1,1,1,1,1,0,1,0,1,1,1
param_20040,real_002,0.768854353200339,0.5378934079372175,0.1442006340594407,0.18146190141975602,1.1316437873988032,204.3131997314323,1,1,1,1,1,1,1,1,0,1,0,1,1,1
param_20040,real_003,0.8329998077405782,0.5787846616592367,0.1574257673593076,0.2052592501500062,0.8021386347377537,512.5470506377969,1,1,1,1,1,1,1,1,0,1,0,1,1,1
param_20040,real_004,0.7866108812820947,0.5447030870906019,0.156963871783975,0.20019245644706654,0.9225759320480913,338.0443665793987,1,1,1,1,1,1,1,1,0,1,0,1,1,1
param_20040,real_005,0.8633019730517986,0.6359857692529234,0.27495952382931077,0.3177022621205447,0.6125933958554286,90.69158078708098,1,1,1,1,1,1,1,1,0,1,0,1,1,1
param_20041,real_001,0.7547816219022099,0.6001832642979158,0.16281242930032025,0.2323520801516092,0.36511455571002494,264.08532384178847,1,1,1,1,1,1,1,1,1,1,1,1,1,1
param_20041,real_002,0.8010693826924254,0.6560585782749345,0.19299037504248884,0.2681152836557455,0.42690250825323733,179.64740141835253,1,1,1,1,1,1,1,1,1,1,1,1,1,1
param_20041,real_003,0.8438578819231088,0.6931667739009824,0.1930093469360229,0.2631608617934071,0.3621413618267404,473.99859225835166,1,1,1,1,1,1,1,1,1,1,1,1,1,1
param_20041,real_004,0.7693175910453359,0.6372202573035832,0.1815493847684594,0.25345605109790037,0.37071030977734754,121.60158117481558,1,1,1,1,1,1,1,1,1,1,1,1,1,1
param_20041,real_005,0.8808370735362502,0.7443205279177867,0.3156276867593787,0.38483364914736357,0.2680701158694453,183.05348420640854,1,1,1,1,1,1,1,1,1,1,1,1,1,1
param_20042,real_001,0.7619890906746022,0.37407575633756734,0.009745208307180382,0.03189410808855899,0.5252825420595737,366.43589631514806,0,0,0,0,0,0,0,1,0,1,0,0,1,1
param_20042,real_002,0.8137475830029021,0.372932681087464,0.06658179607251792,0.09462169918165035,0.45707976211299634,660.3349455262576,0,0,0,0,0,0,0,1,0,0,0,1,1,1
param_20042,real_003,0.79233517006577,0.4297236497823181,0.06650514130927715,0.09456790426497362,0.9852045992560027,348.09823330186464,0,1,0,0,0,0,0,1,0,0,0,1,1,1
param_20042,real_004,0.7779410466877529,0.3412316123639761,0.02042085353586731,0.05088999096030618,0.013949206476274342,418.4558211406306,0,0,0,1,1,1,0,1,0,0,0,1,1,1
param_20042,real_005,0.8095587678142651,0.3879451097436775,0.06400472643971378,0.09581919572842347,0.6185524212798639,594.448336537448,0,0,0,1,0,1,0,1,0,1,0,1,1,1
param_20043,real_001,0.758742813020634,0.39861979818858023,0.024601999588685364,0.06158039751548211,0.7990634841703962,352.6676214597879,0,1,0,0,0,1,0,1,0,1,0,0,1,1
param_20043,real_002,0.8136800948703516,0.4053842442031157,0.08099614946925535,0.11493808416060894,0.8037815291386299,400.4708322898111,0,0,0,0,0,1,0,1,0,0,0,1,1,1
param_20043,real_003,0.7847198450707773,0.4486446103375426,0.08309356818719356,0.10674436200027636,1.1754582794553892,235.3981837893408,0,1,0,0,0,1,0,1,0,1,0,1,1,1
param_20043,real_004,0.7753901911416725,0.36466163681957553,0.02710145420887268,0.06572425564461573,0.12436739528372995,320.0804491985713,0,0,1,1,1,1,0,1,0,0,0,1,1,1
param_20043,real_005,0.8087822892482117,0.4221287460447367,0.08560593395346576,0.11542645233061544,0.7787608949930197,462.60269789710975,0,0,0,1,0,1,0,1,0,1,0,1,1,1
param_20044,real_001,0.7507510028371445,0.4050646974548791,0.023415266421260187,0.06505933551664328,0.772071516646116,418.48798139131964,0,1,0,0,0,1,0,1,0,1,0,0,1,1
param_20044,real_002,0.8060940553953335,0.4167387003753211,0.08700677416335857,0.12177196944471758,0.8261504321420229,391.9808783473195,0,0,0,0,0,1,0,1,0,0,0,1,1,1
param_20044,real_003,0.7755487919468941,0.45807545576579484,0.08586220109477205,0.1111059846968581,1.1577675812341979,227.65082094270167,0,1,0,0,0,1,0,1,0,1,0,1,1,1
param_20044,real_004,0.7692824217528345,0.37961559976822584,0.029334325236029482,0.07036902329978201,0.09946488176182823,342.63841764243,0,0,1,1,1,1,0,1,0,0,0,1,1,1
param_20044,real_005,0.8010212925289686,0.432641589363166,0.09030271626364524,0.12088338143291233,0.7865394274234053,486.3556906098303,0,0,0,1,0,1,0,1,0,1,0,1,1,1
param_20045,real_001,0.7617271563386931,0.49981816751197244,0.10212095414977154,0.13978864107574346,1.0754513068886844,320.3160407035707,1,1,0,1,1,1,0,1,1,1,0,1,1,1
param_20045,real_002,0.8063200079270705,0.4973195033098847,0.12035333713818655,0.1546516724943632,1.0078149986789593,39.42843858747332,1,1,1,1,1,1,1,1,0,1,0,1,1,1
param_20045,real_003,0.7840588926260385,0.5150898327867725,0.11364146956197879,0.14366950371905976,1.2032878011512573,196.18296738051524,1,1,1,1,1,1,1,1,1,1,0,1,1,1
param_20045,real_004,0.758789464153021,0.4353711129218602,0.0715651688743161,0.10987887650676814,0.5755514326942899,182.2121134484773,1,0,1,1,1,1,1,1,0,1,0,1,1,1
param_20045,real_005,0.8129901724488664,0.4975905653623989,0.11688902559684862,0.14533855084239092,1.087996977203073,281.029368188538,1,1,1,1,1,1,1,1,0,1,0,1,1,1
param_20046,real_001,0.7576928841059349,0.5632540142150114,0.1480533182736866,0.19612495251881523,1.001366286871447,379.3807680248691,1,1,1,1,1,1,1,1,0,1,0,1,1,1
param_20046,real_002,0.8017064150823426,0.5842909008831326,0.17449925771259633,0.226065243103873,0.8685315526679901,25.898250791579628,1,1,1,1,1,1,1,1,0,1,0,1,1,1
param_20046,real_003,0.7582319708515058,0.5682664229246717,0.1437838969057915,0.18841665323540305,1.0776348010904218,162.5088986744922,1,1,1,1,1,1,1,1,1,1,0,1,1,1
param_20046,real_004,0.7522861978669533,0.5402182208044582,0.11814808387259289,0.17588254514690355,0.7447001410310939,138.89102719473064,1,1,1,1,1,1,1,1,0,1,0,1,1,1
param_20046,real_005,0.8018478719486501,0.587637516530406,0.16291701969202252,0.20482344322365742,0.9854005762293296,260.95362497216695,1,1,1,1,1,1,1,1,0,1,0,1,1,1
param_20047,real_001,0.7824043630254018,0.6635317565049267,0.20565128535185143,0.270667429719644,0.39662607332094035,119.0181681173975,1,1,1,1,1,1,1,1,1,1,1,1,1,1
param_20047,real_002,0.8279084263948084,0.6962487115275456,0.2349164206750736,0.30946873802759506,0.3483325662682074,180.09397832690257,1,1,1,1,1,1,1,1,1,1,1,1,1,1
param_20047,real_003,0.8150578785710304,0.6810296740518147,0.2202923888748463,0.2955000108696448,0.37538785263383145,256.46099100338114,1,1,1,1,1,1,1,1,1,1,1,1,1,1
param_20047,real_004,0.7443568763224278,0.5942487940551586,0.17340178481859078,0.25320842053515963,0.35778675784892755,143.3598043412471,1,1,1,1,1,1,1,1,1,1,1,1,1,1
param_20047,real_005,0.8410756191501114,0.6977613250092763,0.21308444912785585,0.2827849045583965,0.368460518324802,150.16613374339673,1,1,1,1,1,1,1,1,1,1,1,1,1,1
param_20048,real_001,0.7972623119469572,0.3585985646073553,0.07147287657044955,0.09313166252136516,0.02084569104313194,1034.4149090443675,0,1,0,0,0,0,0,0,0,0,0,0,1,1
param_20048,real_002,0.8099995089206093,0.3934961585766124,0.1156769993702344,0.14490830923044823,0.7635165493485098,322.5723501253196,0,0,0,0,0,1,0,1,0,1,0,0,1,1
param_20048,real_003,0.7392945239058009,0.3268630327327222,0.041767825849453225,0.06720778111350288,0.2747718587508092,479.85929398611256,0,0,0,1,0,0,0,1,0,0,0,1,1,1
param_20048,real_004,0.8472986981935037,0.4937039101545056,0.16911853372236144,0.20401609332375187,0.18010160499932562,319.85571033657675,0,0,0,0,0,0,0,0,0,0,0,0,1,1
param_20048,real_005,0.7562885397491343,0.37933686762822594,0.05870622802705996,0.08228903460854536,0.36029005372184025,69.77194492091373,0,0,0,1,0,0,0,0,0,0,0,0,1,1
param_20049,real_001,0.7922637248923979,0.3883890465731822,0.0852263601988047,0.11619879273898094,0.2838119098092118,897.6816185777541,0,1,0,1,0,0,1,1,0,0,0,1,1,1
param_20049,real_002,0.8046679117389977,0.4252777808229912,0.13106748948195793,0.16314676480501947,0.8350737168828289,273.604711507518,0,0,0,0,0,1,0,1,0,1,0,1,1,1
param_20049,real_003,0.7306757226407329,0.3623798381705589,0.06072565179926778,0.085756002271945,0.8015755596118743,422.96674968387856,0,0,0,1,0,1,0,1,0,0,0,1,1,1
param_20049,real_004,0.8484111099642243,0.5289324796579756,0.20821937820359776,0.25292911141761026,0.3843087165195851,259.0083699577795,1,0,0,1,1,0,0,1,0,0,0,0,1,1
param_20049,real_005,0.7427621854342813,0.39884018115137054,0.0694157974546653,0.09578575597737984,0.6896620516298927,40.84463874602034,0,0,0,1,1,0,0,0,0,0,0,0,1,1
param_20050,real_001,0.7848401586417444,0.4094350688139229,0.08794156044131185,0.12490006338652535,0.2885829683144661,936.2248241195881,0,1,0,1,0,1,1,1,0,0,0,0,1,1
param_20050,real_002,0.7988054400251905,0.4408715761539024,0.14130780079028613,0.17602750028116984,0.8938666315812556,275.97476779600254,0,0,0,0,0,1,0,1,0,1,0,1,1,1
param_20050,real_003,0.7239732560748068,0.37005595741665687,0.0600549641190608,0.0888813377811913,0.8558176668504192,423.79383060976556,0,0,0,1,0,1,0,1,0,0,0,1,1,1
param_20050,real_004,0.8485594778308965,0.5471146824462444,0.22312240860397728,0.27221593214280104,0.4041835228253159,269.8585826901348,1,0,0,1,1,0,0,1,0,0,0,0,1,1
param_20050,real_005,0.7301664773396123,0.4053093788453473,0.0708723882733482,0.0994845221317318,0.7147784610532955,73.16684446409016,0,0,0,1,1,0,0,0,0,1,0,0,1,1
param_20051,real_001,0.7899865957732644,0.4756833937455172,0.14533033929942352,0.19414967622876333,0.6217472249051639,546.2644356356747,1,1,0,1,1,1,1,1,0,1,0,1,1,1
param_20051,real_002,0.7921075686553093,0.505897598198474,0.16553204847541406,0.20001175119280754,0.9086668532512361,156.4476916759735,1,1,1,1,1,1,0,1,0,1,0,1,1,1
param_20051,real_003,0.7413216223524219,0.46140414252662315,0.10533667810874923,0.13739644510907092,1.4861893421934491,102.04515330925518,1,1,1,1,1,1,0,1,0,1,0,1,1,1
param_20051,real_004,0.8479924453589908,0.6094982222526985,0.28339969214308897,0.3239238499857042,0.47668677271271487,112.71948446862184,1,1,1,1,1,1,1,1,0,1,0,1,1,1
param_20051,real_005,0.731179368365018,0.45218694835127904,0.10624539226387295,0.13950677285050875,1.0445180332589445,86.43183713639452,0,0,1,1,1,1,1,1,0,1,0,1,1,1
param_20052,real_001,0.8033375436296581,0.612292178256896,0.23508355987762172,0.28642451224316934,0.5954411204268293,496.4894933079545,1,1,1,1,1,1,1,1,0,1,0,1,1,1
param_20052,real_002,0.7928149647052155,0.604903924953531,0.2232930135919102,0.2704146464672277,0.9657278632213743,195.03134925596302,1,1,1,1,1,1,1,1,0,1,0,1,1,1
param_20052,real_003,0.7390059396098673,0.5526167230557765,0.14950192287192116,0.19516845663290203,1.1846455891683527,95.35873712849144,1,1,1,1,1,1,1,1,0,1,0,1,1,1
param_20052,real_004,0.8561473637747293,0.7034253525446131,0.3280450592919258,0.3834161900632387,0.4667293382111427,123.28772239344217,1,1,1,1,1,1,1,1,1,1,0,1,1,1
param_20052,real_005,0.7148503943413028,0.5375177830573432,0.13855823803807327,0.18005127436176202,1.2385583176320427,55.21514807523534,0,1,1,1,1,1,1,1,0,1,0,1,1,1
param_20053,real_001,0.8400157085837934,0.7180336593170769,0.2949659769835661,0.3693685705695426,0.2770513562744461,226.52272272922286,1,1,1,1,1,1,1,1,1,1,1,1,1,1
param_20053,real_002,0.8211285652369851,0.6826064275295125,0.2719586709563323,0.3432804986196933,0.39700524184263636,166.42530641490947,1,1,1,1,1,1,1,1,1,1,1,1,1,1
param_20053,real_003,0.7983185658171652,0.6702232288158408,0.20448594000352763,0.2839372290589489,0.3997600058180408,173.00683768679158,1,1,1,1,1,1,1,1,1,1,1,1,1,1
param_20053,real_004,0.8810978522740095,0.7823999179932605,0.3786466135265992,0.4451217345123137,0.15599516071019848,68.59957738167408,1,1,1,1,1,1,1,1,1,1,1,1,1,1
param_20053,real_005,0.7763703545272107,0.6384151389762651,0.21176727865581177,0.28147653659361066,0.49721259406671325,35.84631286521967,1,1,1,1,1,1,1,1,1,1,1,1,1,1
param_20054,real_001,0.8724958447688173,0.5000090142881258,0.18132687704430908,0.21366413278353458,0.3918521054433413,467.76294261959043,0,1,0,0,0,0,0,0,0,0,0,0,0,1
param_20054,real_002,0.8463054432307543,0.47532551773117737,0.12225440273495644,0.14294368740498048,0.8014358974358974,199.69064200877438,0,1,0,0,0,1,0,0,0,0,0,0,1,1
param_20054,real_003,0.8372122781840216,0.4176293093194555,0.04574306814922374,0.0712438458253757,0.637291010960066,526.8514138220477,0,0,0,0,0,1,0,1,0,0,0,0,1,1
param_20054,real_004,0.8398641066740177,0.44822096125356914,0.11470730720851466,0.12921136484464096,0.4223317280770523,152.64005289283938,0,0,0,0,0,0,0,0,0,1,0,0,0,0
param_20054,real_005,0.8265671268489725,0.3715548342477161,0.023543061188348632,0.0542311693322909,0.6247466812396111,555.5939961342187,0,1,0,1,0,1,0,0,0,0,0,0,0,1
param_20055,real_001,0.8702054988585918,0.5132244933213775,0.198066658299956,0.22662021634437773,0.4347835296111158,442.5081417076277,0,1,0,0,0,1,0,0,0,0,0,0,0,1
param_20055,real_002,0.8436235418575528,0.48718733471358205,0.12171904488134593,0.14095835401398685,0.9762233895493503,166.05789672071876,0,1,0,0,0,1,0,0,0,0,0,0,1,1
param_20055,real_003,0.8324622067833636,0.4263437078470379,0.05633039005071917,0.08042866357578912,0.8373613106018027,422.88869780145023,1,0,0,0,1,1,0,1,0,0,0,1,1,1
param_20055,real_004,0.8392302103076513,0.4773906584538769,0.12236048447979499,0.14393467262755946,0.5585411471321696,144.4521469131026,0,1,0,1,0,0,0,1,0,1,0,0,0,0
param_20055,real_005,0.8220610150825238,0.3851130750923818,0.031103469216358856,0.06532699828077798,0.8919433686750048,529.0881812488932,0,1,0,1,0,1,0,0,0,0,0,1,0,1
param_20056,real_001,0.8675990656110573,0.5378108229693526,0.21418687154336521,0.24969309464540732,0.3754195661072452,476.6897718071207,0,1,0,0,0,1,0,0,0,0,0,0,0,1
param_20056,real_002,0.8364161346561596,0.5077684870381853,0.13271628391117377,0.15301237282953079,0.9250525188449973,194.89391801335472,0,1,0,0,0,1,0,0,0,0,0,0,1,1
param_20056,real_003,0.825299576384657,0.44567002216246643,0.06494029999172969,0.09075897878321282,0.7814855764398432,434.2281171279561,1,0,0,0,1,1,0,1,0,0,0,1,1,1
param_20056,real_004,0.8291194176444282,0.49309929578310796,0.1315755420777012,0.15534606783831864,0.5227542143015008,150.40643992541072,0,0,0,1,0,1,0,1,0,1,0,0,1,0
param_20056,real_005,0.810574343137092,0.39933552331360384,0.031116100655266682,0.06881148064958774,0.8015473412747145,526.9766965869609,0,1,0,1,0,1,0,0,0,0,0,1,1,1
param_20057,real_001,0.8497771571476843,0.5595572606413382,0.20662254908718927,0.23763264549565186,0.6394610202117421,455.75973134062576,1,1,1,1,1,1,1,1,0,1,0,0,0,1
param_20057,real_002,0.8248855779074908,0.5421660102651351,0.12471846535572687,0.15501545940319317,1.2452948933109567,117.4094889514866,1,1,1,1,1,1,1,1,0,1,0,1,0,1
param_20057,real_003,0.7838759118541786,0.4400864833679342,0.06238121237167905,0.08971738553215779,0.8687514667918329,159.65611222755547,1,1,1,0,1,1,1,1,0,1,0,1,0,1
param_20057,real_004,0.8373982549163489,0.5801977490246598,0.16382091846291125,0.19685754432873628,0.845703938954115,102.6932527739873,1,1,1,1,1,1,1,1,0,1,0,1,1,1
param_20057,real_005,0.7985344662646567,0.47176113268455433,0.06335265065334444,0.10028112376367276,1.2713572307099565,394.0461486203453,1,1,1,1,1,1,1,0,0,1,0,1,0,1
param_20058,real_001,0.8545422587486428,0.6725608214902159,0.27499309910530806,0.3137868597207687,0.5096487985212569,402.88704956299364,1,1,1,1,1,1,1,1,0,1,0,0,1,1
param_20058,real_002,0.81699972182165,0.6373077617903458,0.18782636465062744,0.2238110833772096,0.9794038698843615,168.57225782246036,1,1,1,1,1,1,1,1,0,1,0,1,1,1
param_20058,real_003,0.7896155452547049,0.559169873870325,0.1334991892404477,0.17773356456436507,0.7736980096256816,144.2102617474885,1,1,1,0,1,1,1,1,0,1,0,1,1,1
param_20058,real_004,0.8268236296180046,0.6529356554422071,0.22890863248375934,0.26937273032027953,0.7400173556525348,95.34676297313764,1,1,1,1,1,1,1,1,0,1,0,1,1,1
param_20058,real_005,0.7832638760224913,0.5465323334273456,0.11400326258273523,0.1586943097255355,1.0697009367175485,306.4377441781175,1,1,1,1,1,1,1,1,0,1,0,1,1,1
param_20059,real_001,0.8467686591257064,0.74310558462388,0.2981133564690642,0.3642921079658457,0.20032957113344602,209.2942502111901,1,1,1,1,1,1,1,1,1,1,1,1,1,1
param_20059,real_002,0.8136355207198176,0.705861057171285,0.20676107803361699,0.27406709228090503,0.4030122609304429,24.56454255825482,1,1,1,1,1,1,1,1,1,1,1,1,1,1
param_20059,real_003,0.7483119782881846,0.5932604789673007,0.14279736088104877,0.21292733893784468,0.32578898203154094,42.79374868139796,1,1,1,1,1,1,1,1,1,1,1,1,1,1
param_20059,real_004,0.8333514221112748,0.7431141384832236,0.2656644171217124,0.33608243984129516,0.2817928542999725,120.495166380043,1,1,1,1,1,1,1,1,1,1,1,1,1,1
param_20060,real_001,0.8318910298261564,0.4418083331764437,0.13009981415319946,0.16579916958946125,0.2595719498964395,855.2095400312921,0,1,0,0,1,0,0,1,0,0,0,0,0,1
param_20060,real_002,0.8319702349061684,0.5548134501684996,0.18093766657063348,0.19207174375213318,0.7337937312015197,184.01490770929763,1,1,1,0,0,1,0,1,0,0,0,0,1,1
param_20060,real_003,0.8075044447569549,0.46411589886643567,0.06301137928906514,0.0952050749371177,0.7348924192908551,593.7336094944056,1,0,0,0,1,1,0,1,0,0,0,0,0,1
param_20060,real_004,0.8179424211698739,0.4920827167258799,0.10329971550021533,0.13741618234526698,0.5310051362801335,198.99218315460774,0,0,0,0,1,0,0,1,0,1,0,0,0,0
param_20060,real_005,0.8115480246862492,0.431513983809802,0.05137413189184981,0.09045613086171464,0.6167850436770349,863.1182155622922,1,1,0,1,0,1,0,0,0,0,0,1,0,1
param_20061,real_001,0.8273928970207902,0.4684840551015521,0.13951034909526153,0.17233742865384305,0.4715946240464947,711.721799219756,0,1,0,0,1,0,1,1,0,0,0,0,0,1
param_20061,real_002,0.8337960310397274,0.5612272493140974,0.16502973909310603,0.1822672994677476,0.870246372291831,140.7217270238952,1,1,1,0,0,1,1,1,0,1,0,1,1,1
param_20061,real_003,0.8048050862314878,0.47501832775301317,0.07575932764087105,0.1058871876964712,0.8526488027165403,498.8100262564642,1,0,0,1,1,1,0,1,0,0,0,1,0,1
param_20061,real_004,0.8169484560475871,0.5068698406429739,0.11652208492788388,0.15292805712908603,0.6700512049771937,177.1446235309864,0,0,0,1,1,0,0,1,0,1,0,1,0,0
param_20061,real_005,0.8069930385935362,0.44503747676425026,0.0573787222940461,0.09952562790491003,0.7076106993717317,808.4989502991141,1,1,0,1,1,1,0,0,0,0,0,1,0,1
param_20062,real_001,0.8223807406629682,0.48770723851418263,0.1414303817444741,0.17766579283019893,0.4300685774573589,738.2311260085928,0,1,0,0,1,0,1,1,0,0,0,0,0,1
param_20062,real_002,0.8279878388639174,0.5790746628362436,0.1810393586792094,0.1962627631052592,0.8282512008539406,163.2569683536775,1,1,1,0,0,1,1,1,0,1,0,0,1,1
param_20062,real_003,0.8024569749717756,0.4911184025766749,0.08235655516780137,0.11468625929429425,0.8100503370019623,458.4243314154662,1,0,0,0,1,1,0,1,0,0,0,1,0,1
param_20062,real_004,0.8079615471836332,0.5188054158856021,0.12426659494342285,0.16533720214174952,0.651871043014258,177.61822317313684,0,0,0,1,1,0,0,1,0,1,0,1,0,0
param_20062,real_005,0.7976468929130972,0.46260739708945664,0.0590847846448087,0.10500951649650159,0.6949008916071033,806.0807937404104,1,1,0,1,1,1,0,0,0,0,0,1,0,1
param_20063,real_001,0.8174963052514588,0.5328071548279619,0.17048577253420427,0.20943064589208177,0.5804421952803637,482.99536543374745,1,1,1,1,1,1,1,1,0,1,0,0,0,1
param_20063,real_002,0.8294219579401837,0.6052889803875742,0.15263164202355584,0.18527823247947503,1.0305616627292467,71.31978953024009,1,1,1,1,1,1,1,1,0,1,0,1,1,1
param_20063,real_003,0.7855497734365077,0.5036045026229113,0.08386238653026977,0.1197492537041278,0.8057637911133098,306.8490747683816,1,1,1,1,1,1,0,1,0,1,0,1,0,1
param_20063,real_004,0.8136196951672819,0.5785690520887213,0.15298149355602117,0.19197788849283243,0.7155087555693711,97.00309923089792,1,1,1,1,1,1,1,1,1,1,0,1,0,1
param_20063,real_005,0.7837458527129831,0.5004467945227842,0.08517471835980896,0.12324734740872711,1.0749765567047824,473.8450552137652,1,1,1,1,1,1,0,0,0,0,0,1,0,1
param_20064,real_001,0.8120095381066134,0.6425856070900058,0.21707573363666896,0.27079468906296555,0.4467391069538355,371.18215464772106,1,1,1,1,1,1,1,1,1,1,1,0,1,1
param_20064,real_002,0.8239179762623213,0.6856326699910338,0.2215672632662605,0.26305459616453875,0.8713209489495111,102.90134591921586,1,1,1,1,1,1,1,1,0,1,0,1,1,1
param_20064,real_003,0.7812408375039637,0.6001307041902445,0.15139588858780484,0.2000874783785754,0.6907680438882222,202.53150535999313,1,1,1,1,1,1,0,1,1,1,0,1,1,1
param_20064,real_004,0.8072644828253422,0.6576295400886891,0.2204831510709815,0.26698858970670125,0.6369160778452984,86.67069201573813,1,1,1,1,1,1,1,1,1,1,1,1,1,1
param_20064,real_005,0.7707726509938031,0.5881080721903676,0.13572664982173419,0.1825382379522755,1.0205536217470579,433.23441291545146,1,1,1,1,1,1,1,1,0,1,0,1,1,1
param_20065,real_002,0.8353626261948207,0.7286337729318021,0.22071118010122384,0.2921230115331131,0.4188873612819619,85.77697614053987,1,1,1,1,1,1,1,1,1,1,1,1,1,1
param_20065,real_003,0.7616041758642542,0.6097630005058128,0.14973900865295808,0.21712215581638167,0.38450043930813776,82.0946677346557,1,1,1,1,1,1,1,1,1,1,0,1,1,1
param_20065,real_004,0.8134001606436247,0.7259433220962925,0.24960117651454644,0.31752102294903956,0.2856088607435254,99.27529642080646,1,1,1,1,1,1,1,1,1,1,1,1,1,1
param_20065,real_005,0.7665865062898872,0.6412135791269923,0.16000912946046086,0.23083482748511575,0.510573977804323,144.31639617133385,1,1,1,1,1,1,1,1,1,1,0,1,1,1
param_20066,real_001,0.7579939991556602,0.441261416956877,0.03360792189728478,0.06405430687814773,0.042363085382236244,624.9093809467273,1,0,1,0,1,1,1,0,0,0,0,1,1,1
param_20066,real_002,0.7476392767204447,0.4456727495370444,0.04086925637481514,0.06667372507755136,0.3044976076555024,305.0709464569026,0,0,1,0,0,1,1,1,0,1,1,1,1,1
param_20066,real_003,0.7641400605562084,0.43071460527281535,0.053059910831602705,0.07784418448643472,0.2080945102534709,226.7280135255493,1,0,1,1,0,1,1,1,0,1,1,1,0,1
param_20066,real_004,0.7500803724105845,0.3969274910416787,0.02816971990652934,0.04393826228336629,0.3032137417824989,454.9680263547856,1,0,0,0,1,1,0,0,0,0,0,1,1,1
param_20066,real_005,0.8328686567767996,0.5658215041656388,0.24698862520366646,0.269372590947673,0.266437006346694,308.5212204837362,1,1,0,1,1,1,0,0,0,0,0,0,0,0
param_20067,real_001,0.7532457535072982,0.45107228036263136,0.046214891400158636,0.08337410675139878,0.2206424509159498,526.9593753951076,1,0,1,0,1,1,1,0,1,1,0,1,1,1
param_20067,real_002,0.7452574212778477,0.4559263250851808,0.04611795376316862,0.07846552841584989,0.41564781358306907,246.47342314615867,1,1,1,0,1,1,1,1,0,1,1,1,1,1
param_20067,real_003,0.7640520819464744,0.4417002977435173,0.05811280343855621,0.08843001417817825,0.3790028313170924,197.30251659828224,1,0,1,1,0,1,1,1,0,1,1,1,0,1
param_20067,real_004,0.742753577089749,0.4104210466108558,0.032223322397830996,0.05138000170303638,0.45270663819122087,395.9308732629024,1,0,0,0,1,1,0,1,0,0,0,1,1,1
param_20067,real_005,0.8331001359347195,0.5855153296209562,0.25095277709593733,0.27374326873807536,0.34731213460715815,278.81443206265294,1,1,0,1,1,1,0,1,1,0,0,1,0,0
param_20068,real_001,0.7449614952190174,0.46395763430759657,0.049279448901752475,0.09200412130346479,0.25477033297135687,483.3057010507238,1,0,1,0,1,1,1,1,1,1,0,1,1,1
param_20068,real_002,0.7376046242782744,0.47385944899501153,0.05106708986140753,0.08772446894000374,0.4514150124428497,185.0361893366258,1,1,1,1,1,1,1,1,0,1,1,1,1,1
param_20068,real_003,0.7476509712963529,0.4470048636324399,0.05812627292706299,0.09134711987697017,0.36898894365259094,187.0746162032353,1,1,1,1,0,1,1,1,0,1,1,1,0,1
param_20068,real_004,0.7368793154195346,0.419489534795249,0.037631624906655475,0.057657399273567174,0.5002511561845046,336.6636269763842,1,0,0,0,1,1,0,1,0,0,0,1,1,1
param_20068,real_005,0.8321237739791505,0.6067756608770646,0.2646432806016544,0.2872375739470019,0.350873233078464,268.959557121998,1,1,0,1,1,1,0,1,1,0,0,1,0,0
param_20069,real_001,0.7361483327620753,0.47986246224535023,0.07887864240439212,0.11619986844085464,0.5267476794762567,341.80951013464806,1,1,1,0,1,1,1,1,1,1,0,1,1,1
param_20069,real_002,0.736761321113488,0.5003536107820422,0.07776041520395692,0.12352606324906774,0.5618132329715381,191.27506895300917,1,1,1,1,1,1,1,1,0,1,1,1,1,1
param_20069,real_003,0.754258953300638,0.47290170043251045,0.0897461070664403,0.12949098953946145,0.7945732657833203,184.58951338377844,1,1,1,1,1,1,1,1,0,1,1,1,0,1
param_20069,real_004,0.7127871941069184,0.43571149428567807,0.04476494958245872,0.07514386001579415,0.6898566661125958,304.604896003491,1,1,1,0,1,1,1,1,0,1,0,1,1,1
param_20069,real_005,0.8333444240669071,0.6389350327134278,0.259574429640211,0.2846828173673986,0.5101147342995169,150.86950279516765,1,1,1,1,1,1,1,1,1,1,1,1,0,0
param_20070,real_001,0.7386180514480065,0.5850563435208461,0.13380158098844266,0.19460257045671006,0.6319668531495236,243.58107130144623,1,1,1,1,1,1,1,1,1,1,0,1,1,1
param_20070,real_002,0.7389530745510862,0.5946157360929587,0.1402314578912152,0.2037283275737291,0.7402377877383575,185.15701492098486,1,1,1,1,1,1,1,1,0,1,1,1,1,1
param_20070,real_003,0.7232640314601305,0.5510299828863835,0.1250702782331887,0.1753257852942212,0.8457071087666416,141.88775097879875,1,1,1,1,1,1,1,1,0,1,1,1,1,1
param_20070,real_004,0.7155654031430221,0.5280835527698006,0.09319723923142259,0.14714493033123455,0.7972909905900996,192.22942460358917,1,1,1,1,1,1,1,1,0,1,0,1,1,1
param_20070,real_005,0.846630209181861,0.7260230732526955,0.3074316744612771,0.3550899647802158,0.42119235011497264,90.89795764887253,1,1,1,1,1,1,1,1,1,1,1,1,1,1
param_20071,real_001,0.7383107804664216,0.5981619045368811,0.1594626012236316,0.23233844079184826,0.3515342715301697,125.13705424818887,1,1,1,1,1,1,1,1,1,1,1,1,1,1
param_20071,real_002,0.7528600864062023,0.6318456239376457,0.1831348606675366,0.2611212857475327,0.4165310791915597,133.81865750986145,1,1,1,1,1,1,1,1,1,1,1,1,1,1
param_20071,real_004,0.6956971974520241,0.5494235308284532,0.1269998457995924,0.20163607003243159,0.4407989242727362,155.01753374174993,1,1,1,1,1,1,1,1,1,1,1,1,1,1
param_20071,real_005,0.853679983529799,0.7616014042190177,0.29791120709300695,0.3603939313156113,0.2945569944864726,144.7371407580975,1,1,1,1,1,1,1,1,1,1,1,1,1,1
param_20072,real_001,0.8384146077910409,0.4018447607677077,0.06569123285257884,0.08907636695030424,0.8547712149276258,709.094596032233,0,1,0,1,0,0,0,0,0,0,0,0,0,1
param_20072,real_002,0.8350992628574703,0.4715738265974677,0.12375208017862686,0.14593363350720573,0.5848743753310458,478.66105461625017,0,0,0,0,0,0,0,0,0,0,0,0,1,1
param_20072,real_003,0.8142482974803733,0.3424241132184542,0.03195934751510393,0.0460318627394726,0.4015947487830128,508.0977637283542,0,0,0,0,1,0,0,1,0,0,0,0,1,1
param_20072,real_004,0.8257119524215603,0.4193382300412992,0.10905965361921044,0.12191609910643315,0.3969992259004599,180.98646848887626,0,0,0,0,0,0,0,0,0,1,0,0,1,1
param_20072,real_005,0.8166505364203139,0.33379172622191206,0.02920246833581946,0.056518512296700296,0.26382029631989806,811.1911424476878,0,1,0,1,0,1,0,0,0,0,0,0,1,1
param_20073,real_001,0.8352244488862935,0.41874420286608144,0.06782334937190347,0.09233845079753607,0.9559167668079185,616.3678232091621,0,1,0,1,0,0,0,0,0,0,0,0,0,1
param_20073,real_002,0.8335373048349094,0.4889131344492885,0.12339165618795779,0.1468181892101287,0.7438476125540664,467.9892588973195,0,1,0,0,0,1,0,0,0,0,0,0,1,1
param_20073,real_003,0.8045398188757699,0.3484161896033065,0.03164945436670443,0.04690661827130255,0.5524176206762375,399.66897927956984,1,0,0,0,1,0,0,1,0,0,0,0,1,1
param_20073,real_004,0.8244804866650703,0.44994648930377146,0.11357468562995494,0.1319989734899784,0.5186266274674507,181.5112084268284,0,1,0,0,0,0,0,0,0,1,0,0,1,1
param_20073,real_005,0.8124016467081718,0.3554943543086364,0.043434885492567916,0.07463780161433475,0.38862489795063954,817.5741198720598,0,1,0,1,0,1,0,0,0,0,0,0,1,1
param_20074,real_001,0.8276658021073896,0.4444511055796977,0.08468486151120715,0.11079525766389933,0.9042659437865601,651.8681854418107,0,1,0,1,0,0,0,0,0,0,0,0,0,1
param_20074,real_002,0.8274649076253638,0.5121367249167256,0.13861278969241686,0.16298630295269378,0.6877482621648461,483.1202425229452,0,1,0,0,0,1,0,0,0,0,0,0,1,1
param_20074,real_003,0.8002177906313221,0.3715816458067634,0.037982058698258256,0.055913941535969805,0.503767726113012,392.3853302820801,1,0,0,0,1,0,0,1,0,0,0,0,1,1
param_20074,real_004,0.8157154272769869,0.46885469200781055,0.12129452751771021,0.14241036431666262,0.4772838299951148,181.59832940333078,0,1,0,0,0,0,0,0,0,1,0,0,1,1
param_20074,real_005,0.8027388575764755,0.37680769973197054,0.04663388369956513,0.08053147743332201,0.36718606782768104,838.2609765461191,0,1,0,1,0,1,0,0,0,0,0,0,1,1
param_20075,real_001,0.8090995593399691,0.5006724091576272,0.081115592237383,0.11341200032560167,1.1097670640791344,334.1930277198972,1,1,1,1,1,1,1,1,0,1,0,0,0,1
param_20075,real_002,0.8142688531903428,0.5409217095173376,0.13766143452538587,0.16771793092216655,0.9727593047700827,430.04361607691203,1,1,1,1,1,1,1,0,0,1,0,1,1,1
param_20075,real_003,0.7530234157656607,0.39914471561975406,0.03876217563608729,0.06374197005619271,0.6534853410864926,137.87259846036605,1,0,1,0,1,1,1,1,0,1,0,1,0,1
param_20075,real_004,0.8139759455924253,0.5453046135696623,0.13846616010811016,0.17230978418601925,0.7338399129897998,194.97183649962022,1,1,1,1,1,1,1,1,0,1,0,1,1,1
param_20075,real_005,0.7991256357106308,0.451534329944524,0.09513991107923925,0.13718131092950847,0.6536586078019154,597.9053442407135,1,1,1,1,1,1,1,0,0,1,0,1,0,1
param_20076,real_001,0.8035325834548407,0.5896816994257409,0.14836413485418204,0.19152007608284943,0.8986317421181755,299.0809995358544,1,1,1,1,1,1,1,1,0,1,0,0,1,1
param_20076,real_002,0.8153652616996777,0.6556168675030744,0.21825782078331574,0.24898285808507647,0.8594454028167563,420.39928985898257,1,1,1,1,1,1,1,1,0,1,0,1,1,1
param_20076,real_003,0.7618313607884996,0.5079155797739294,0.09128659561796038,0.13945760153538728,0.5211719315167591,110.06236839395984,1,0,1,0,1,1,1,1,0,1,0,1,1,1
param_20076,real_004,0.8141691164685309,0.6396099863637661,0.21422766574358387,0.25442279908309035,0.6919563692032914,159.5128238140877,1,1,1,1,1,1,1,1,0,1,0,1,1,1
param_20076,real_005,0.7819893060835347,0.5526441114497753,0.14740226026687092,0.19647276195414498,0.7480724749421742,593.5768319947987,1,1,1,1,1,1,1,1,0,1,0,1,1,1
param_20077,real_001,0.7975482388084201,0.6839875643482098,0.18645765157986566,0.2581303251495432,0.3462865770364512,117.60572300908342,1,1,1,1,1,1,1,1,1,1,1,1,1,1
param_20077,real_002,0.82060053803999,0.723912245441149,0.24043732270744234,0.3026080353575871,0.32094370103941233,295.6025959841697,1,1,1,1,1,1,1,1,1,1,1,1,1,1
param_20077,real_003,0.7110400299032337,0.5667854192488354,0.11629256143444422,0.1907496180604115,0.24861297458026616,90.07059706091147,1,1,1,1,1,1,1,1,1,1,1,1,1,1
param_20077,real_004,0.7985584319273503,0.7128543038622532,0.23603728000235552,0.30772740262588977,0.28141869610884485,249.76813832388925,1,1,1,1,1,1,1,1,1,1,1,1,1,1
param_20077,real_005,0.8002547774194859,0.684917534536575,0.23406321079848824,0.30974333964678347,0.24390933451336136,326.18023001103523,1,1,1,1,1,1,1,1,1,1,1,1,1,1
param_20078,real_001,0.8231453903730629,0.4527629763413088,0.11629332302087075,0.13562820906479348,0.34567005321722305,302.94163072772847,0,0,0,0,0,0,0,1,0,0,0,0,1,1
param_20078,real_002,0.805063591978382,0.42230126524493594,0.054346801204000705,0.0812809309872732,0.673372949074168,485.99097176656505,0,0,0,0,0,1,1,0,0,0,0,0,1,1
param_20078,real_003,0.8087115345950905,0.3818196443417001,0.04826672259331317,0.08445879261350946,0.05746408494690818,386.06599634866456,0,0,1,0,0,0,0,0,0,0,0,0,1,1
param_20078,real_004,0.810014947861523,0.3892937008878698,0.07707969817485302,0.10575086503378746,0.5967153284671532,83.54558593676352,0,0,0,1,0,1,0,1,0,0,0,0,1,1
param_20078,real_005,0.7829640601044972,0.3832424191926729,0.03900797770588892,0.05729298302136417,0.11808900711769357,865.3504120943098,1,0,0,0,1,1,0,0,0,0,0,0,0,1
param_20079,real_001,0.8215918127106037,0.47834036090090054,0.12961450654241652,0.14998460923711898,0.4777846869797204,251.3663029954422,1,0,0,1,0,0,0,1,0,0,0,0,1,1
param_20079,real_002,0.804916714193275,0.4546247358033261,0.07059441866290148,0.10442633805520174,0.8859906688523409,420.44804666906714,0,1,0,0,0,1,1,1,0,1,0,0,1,1
param_20079,real_003,0.7956062266218425,0.4033148313571702,0.06299170048740234,0.10191801480917782,0.10304685013651363,373.3032013420697,1,0,1,1,0,0,1,0,0,1,0,0,1,1
param_20079,real_004,0.8081608681785704,0.4142142200300857,0.08972580354797983,0.11564985203379984,0.742281022221434,142.0430913585822,0,0,0,1,0,1,0,1,0,0,0,0,1,1
param_20079,real_005,0.7800564461987648,0.4018053594297677,0.04016467152419589,0.05998647756473496,0.23420228368770818,747.3287999864823,1,0,0,0,1,1,0,0,0,0,0,0,0,1
param_20080,real_001,0.8123297896400495,0.49654115508271474,0.13398316606375768,0.1562237342186458,0.4641203931687907,261.0503488452914,1,0,0,1,0,0,0,1,0,0,0,0,1,1
param_20080,real_002,0.7991985001951971,0.47098108035742436,0.08173356823726069,0.11638148286583938,0.8506946905791452,410.98849487857194,0,1,1,0,0,1,1,0,0,1,0,0,1,1
param_20080,real_003,0.7903359807505637,0.414386048014926,0.06860704682170213,0.1104676260870988,0.09301864011511553,333.87595795269203,1,0,1,0,0,0,1,0,0,1,0,0,1,1
param_20080,real_004,0.8006089649047416,0.43038940829424277,0.09682682975767058,0.12412087581639654,0.7357087881332214,135.37863287736496,0,0,0,1,0,1,0,1,0,0,0,0,1,1
param_20080,real_005,0.7731623377190909,0.41274078131168457,0.046072664493841745,0.06653843751032068,0.21282538445299687,730.4926846291902,1,0,0,0,1,1,0,0,0,0,0,0,0,1
param_20081,real_001,0.8049674716749131,0.5317184261252005,0.14206683167230721,0.1701045076359695,0.6668803053609069,170.7323447350004,1,1,0,1,1,1,1,1,0,1,0,1,1,1
param_20081,real_002,0.7954307261064889,0.5275159003941589,0.1075785149603313,0.14990534287319723,0.801364429636681,311.21892977989773,1,1,1,0,1,1,1,1,0,1,1,1,1,1
param_20081,real_003,0.7572049156094309,0.4605376598820526,0.09705462196045282,0.1370904431110842,0.33116766359397287,273.76815311972814,1,0,1,1,1,0,1,1,0,1,0,1,1,1
param_20081,real_004,0.8027343415390129,0.5172984355944675,0.11515449597810078,0.14495773306479365,0.975734289835463,235.29734723392147,1,1,1,1,1,1,1,1,0,1,0,1,1,1
param_20081,real_005,0.7399826941252889,0.4496715181700772,0.05343430853337273,0.0809795671798787,0.381865032714664,328.02042391786216,1,0,1,0,1,1,1,0,0,1,0,1,0,1
param_20082,real_001,0.783127959302766,0.6126610480618456,0.1871004351306281,0.2242741573215606,0.8336672330281744,178.49254422815673,1,1,0,1,1,1,1,1,0,1,0,1,1,1
param_20082,real_002,0.8036375382317454,0.6269653445375063,0.1783276114125626,0.2326216456276441,0.6084346914795643,176.33108094312797,1,1,1,1,1,1,1,1,0,1,1,1,1,1
param_20082,real_003,0.7876006911813955,0.5896205158911333,0.17600605802846103,0.2337231088021355,0.36752535260519875,183.71375951939586,1,0,1,1,1,1,1,1,0,1,1,1,1,1
param_20082,real_004,0.7998803044994545,0.5958113706519651,0.16762245217901076,0.21252566095323033,0.8733661613869474,210.0780653661045,1,1,1,1,1,1,1,1,0,1,0,1,1,1
param_20082,real_005,0.7488197388459681,0.5470457899579922,0.10823697050922139,0.16865359013279121,0.45415575136937364,300.9281256162131,1,1,1,0,1,1,1,1,1,1,1,0,1,1
param_20083,real_001,0.82128791701166,0.682907278952054,0.22578946226173197,0.2953521323820348,0.4764474188713444,122.73683784717065,1,1,1,1,1,1,1,1,1,1,1,1,1,1
param_20083,real_002,0.8138118268922588,0.7009371853303301,0.23115453742126515,0.3043830177261962,0.21432119834251884,275.7254026883713,1,1,1,1,1,1,1,1,1,1,1,1,1,1
param_20083,real_003,0.7733906685709556,0.639514859543725,0.2062461352932083,0.28323066000560027,0.18620552037420696,85.53651342009915,1,1,1,1,1,1,1,1,1,1,1,1,1,1
param_20083,real_004,0.8214559376845326,0.6944103069806526,0.20068602947907635,0.2747869804646748,0.38810266250899494,286.6586316886358,1,1,1,1,1,1,1,1,1,1,1,1,1,1
param_20083,real_005,0.725493262837107,0.5987526554372128,0.13344293382981898,0.20896274988652877,0.23275571158775923,97.54082524059883,1,1,1,1,1,1,1,1,1,1,1,1,1,1
param_20084,real_001,0.7621814406912694,0.40242351094251816,0.041012321520516364,0.06427965649503047,0.28035717707475044,235.98133596720237,0,0,0,0,0,1,1,0,0,1,0,1,1,1
param_20084,real_002,0.8255853700757075,0.41803360294058306,0.13348444511618068,0.1666626722178621,0.39061246322546134,489.19752499247215,0,0,0,1,0,1,0,0,0,0,0,0,1,1
param_20084,real_003,0.8108753156049774,0.380357406312758,0.09337232304662424,0.12275626451584518,0.20329362179432708,765.0375377960454,0,0,1,0,0,0,0,0,0,0,0,0,1,1
param_20084,real_004,0.8150768149066776,0.40855422929958435,0.029748313803080587,0.04828992418912012,0.6048942698094836,512.194446941669,0,0,0,1,1,0,1,0,0,0,0,0,1,1
param_20084,real_005,0.8383761018054113,0.4347651883624854,0.11380374574815706,0.15379880564762932,0.006032446361985827,748.743043504304,1,0,0,0,0,0,0,0,0,0,0,0,1,1
param_20085,real_001,0.7548135015891592,0.4192915225750098,0.05291400213853517,0.07686530789277897,0.43412784961312767,196.9311669100618,0,0,0,0,0,1,1,0,0,1,0,1,1,1
param_20085,real_003,0.8000557276607136,0.39957190371212975,0.09707522468719891,0.1321462654726511,0.11708378672470077,723.8973316950053,0,0,1,0,0,0,1,0,0,0,0,0,1,1
param_20085,real_004,0.8002463077009064,0.4104012306899309,0.04349302759313708,0.07300447607431777,0.492620331704678,556.1400722352735,0,0,0,1,1,0,1,0,1,0,0,0,1,1
param_20085,real_005,0.8306392419115433,0.44964761579173557,0.1335368572459913,0.17553318160718517,0.17995204498801123,665.1624743505419,1,1,0,1,1,0,0,0,0,0,0,0,1,1
param_20086,real_001,0.7502214448032899,0.43898370270014425,0.05635078124028772,0.0820910364148086,0.37741395221656354,227.55321532097776,0,0,0,0,0,1,1,0,0,1,0,1,1,1
param_20086,real_003,0.7954641207001445,0.41897585599698706,0.10307610724356626,0.13984730246955746,0.11650752846125596,724.3550778369913,0,0,1,0,0,0,1,0,0,0,0,0,1,1
param_20086,real_004,0.7891872239420996,0.4366562898982831,0.043089374524651704,0.07349369643486112,0.5054906832298137,520.7487843612413,0,0,0,1,1,0,1,0,1,0,0,0,1,1
param_20086,real_005,0.8247533223030351,0.46166705645738804,0.14905812102023558,0.19347848479416263,0.18925525100300059,616.5149435118045,1,1,0,1,1,0,0,0,0,0,0,0,1,1
param_20087,real_001,0.735525713723618,0.4702280040454419,0.07555405539968073,0.11133676640121251,0.582272676573015,195.9998289909497,1,1,1,0,1,1,1,1,0,1,1,1,1,1
param_20087,real_002,0.7899458095624161,0.5223514587728038,0.15595471220526164,0.18363273420251716,0.8585053604014599,70.79404738830426,0,1,1,1,0,1,1,1,0,0,1,1,1,1
param_20087,real_003,0.7648654244782356,0.45313480773424053,0.10153037011755632,0.1463329298239334,0.03295655570105911,610.2610982269155,1,0,1,0,1,1,1,1,0,0,1,1,1,1
param_20087,real_004,0.7689229505903044,0.4601987736415033,0.10042936470657736,0.13216771921486842,0.18904385191440742,481.27633314974986,1,1,1,1,1,0,1,0,1,0,1,0,0,1
param_20087,real_005,0.8190604415596652,0.5025605870133962,0.176885989899243,0.21837455480112591,0.5163732751623377,394.578933515999,1,1,1,1,1,1,1,1,0,1,0,1,1,1
param_20088,real_001,0.744400934805646,0.5887097278772367,0.13500915577113473,0.19107359420136816,0.7338414108313212,274.725509861786,1,1,1,0,1,1,1,1,0,1,1,1,1,1
param_20088,real_002,0.8132397666921806,0.6383512161652233,0.2130136239422301,0.26049971712900943,0.774901383644764,32.33933708902002,0,1,1,1,0,1,1,1,0,0,1,1,1,1
param_20088,real_003,0.7721149929440024,0.5837804600217461,0.20007995218210733,0.25888371137188626,0.27876606169691515,467.14860633074176,1,0,1,1,1,1,1,1,0,0,1,1,1,1
param_20088,real_004,0.7635823469315194,0.5962683795717189,0.13793367233068252,0.19581253981772268,0.034915810102787666,348.2487874917129,1,1,1,1,1,0,1,0,1,0,1,0,1,1
param_20088,real_005,0.8183771297432397,0.6186449363872104,0.24001096376586908,0.2882857868798593,0.48909683792367253,270.5757430561568,1,1,1,1,1,1,1,1,1,1,0,1,1,1
param_20089,real_001,0.7677052292481761,0.6375317763121725,0.1782822008107286,0.25318394239944136,0.329745111097657,43.687259866380714,1,1,1,1,1,1,1,1,1,1,1,1,1,1
param_20089,real_002,0.8317759663622869,0.7124507895431123,0.23500440279182372,0.31030427040901926,0.418419475247255,355.16943384690086,1,1,1,1,1,1,1,1,0,1,1,1,1,1
param_20089,real_003,0.7720970173174235,0.6299738278703402,0.20820285984500916,0.28298054777983533,0.3051091208985946,242.92615441138796,1,1,1,1,1,1,1,1,0,1,1,1,1,1
param_20089,real_004,0.7861858782049144,0.6743014709359666,0.20404123437682137,0.28458340929684517,0.006158523862044296,188.7302170568966,1,1,1,1,1,1,1,0,1,1,1,1,1,1
param_20089,real_005,0.8358670525351698,0.6913370390776292,0.26941631216306644,0.3345804785120526,0.21538364779874214,186.59516363828465,1,1,1,1,1,1,1,1,1,1,1,1,1,1
param_20090,real_001,0.8289599418536348,0.33402542588768147,0.03401996923348597,0.052953024902194494,0.1951377851402476,917.4918368148333,0,0,0,0,0,0,0,0,0,0,0,0,1,1
param_20090,real_002,0.8783208017783137,0.4557383160296016,0.13431991288540046,0.15319340269844944,0.6442942942942943,255.6657893875372,0,0,0,1,0,0,0,0,0,0,0,0,0,1
param_20090,real_003,0.8353876670284612,0.38587906521448295,0.06402257612083485,0.08405881808245218,0.8764201405773396,315.46835306837187,0,1,0,0,0,1,0,1,0,0,0,1,0,0
param_20090,real_004,0.839083037288586,0.33828327881660464,0.05906467578944482,0.07963589147540447,0.05879210168963291,932.4329571165061,0,0,0,0,0,0,0,0,0,0,0,0,1,1
param_20090,real_005,0.8217775370323072,0.36214298611968376,0.07318212503421813,0.08379042094175486,0.8188599192499829,327.88228496328486,0,0,0,1,0,1,0,1,0,1,0,0,1,1
param_20091,real_001,0.822565494291526,0.35799666962215126,0.03637786898046811,0.055708574914026275,0.3360606870464404,895.5195508153382,0,0,0,0,0,0,0,0,0,0,0,0,1,1
param_20091,real_002,0.8798790880690049,0.4819719201313859,0.13210205565417157,0.15203051256432784,0.7600031677522817,295.6706943242651,0,0,1,1,0,1,0,1,0,0,0,0,0,0
param_20091,real_003,0.8348352831030991,0.4075966955392677,0.06912342090476337,0.09077697879322692,1.130652649663551,244.1029928679311,0,1,1,0,0,1,0,1,0,1,0,1,0,0
param_20091,real_004,0.8326431830305273,0.3564721113226769,0.05865585297368786,0.08107965110683997,0.002089735709895513,916.3053336309246,0,0,0,0,0,0,0,0,0,0,0,0,1,1
param_20091,real_005,0.8168580312654596,0.3742858885549898,0.07260459369995145,0.08668698259869174,0.985724096310324,293.764491537063,0,0,0,1,0,1,0,1,0,1,0,0,1,1
param_20092,real_001,0.8182097276716792,0.3842117184948387,0.042511452768353566,0.06704678000856297,0.27672052663076,887.165337221179,0,0,0,0,0,0,0,0,0,0,0,0,1,1
param_20092,real_002,0.8734428140301987,0.5031352150527494,0.14309991971835856,0.16460216148551624,0.7308656625007177,289.19387929234773,0,0,1,1,0,1,0,1,0,0,0,0,0,1
param_20092,real_003,0.8244646649329058,0.4307151940687013,0.07271397121342105,0.09767548635726805,1.0483584212397772,253.61412556638118,0,1,1,0,0,1,0,1,0,1,0,1,0,0
param_20092,real_004,0.8259672523397609,0.37700233473009315,0.06755210904616224,0.09275047645443119,0.016869971450817544,899.756545859621,0,0,0,0,0,0,0,0,0,0,0,0,1,1
param_20092,real_005,0.8082419467814675,0.3961473658558707,0.08166819871480487,0.09826072304292786,0.972635757833546,314.17199370065356,0,0,0,1,0,1,0,1,0,1,0,0,1,1
param_20093,real_001,0.7792020458223371,0.42805713403740697,0.04757826488448608,0.07878017706179127,0.6111467194965622,695.7542271838308,1,0,1,0,1,1,1,1,0,1,0,1,1,1
param_20093,real_002,0.8683235423840491,0.5619756713410096,0.1432720383370226,0.17493231828892944,0.7988564114692748,314.82671191705697,1,1,1,1,1,1,1,1,0,0,0,1,0,0
param_20093,real_003,0.8256400503017491,0.49720528918105145,0.08381881121672802,0.11078930619743796,1.2391351919121187,125.4967890820696,1,1,1,1,1,1,1,1,0,1,0,1,0,1
param_20093,real_004,0.7975483568075623,0.4175948676778566,0.0657488346264044,0.09831311638901769,0.37686837286547714,826.3529633629372,1,0,1,1,1,1,1,0,0,1,0,1,1,1
param_20093,real_005,0.7934000051654373,0.4453285093618283,0.08217688635176289,0.11591819475025375,1.0905391364580928,154.97953525300534,1,0,1,1,1,1,1,1,0,1,0,1,1,1
param_20094,real_001,0.7906892664176982,0.5512757062666729,0.1335373677799648,0.18423998201643654,0.6781910996043183,615.8971486844556,1,0,1,1,1,1,1,1,0,1,0,1,1,1
param_20094,real_002,0.8624894856750681,0.6447881312195303,0.20603569616192505,0.25699475037375663,0.6310947143084876,248.7978284739782,1,1,1,1,1,1,1,1,0,1,0,1,1,1
param_20094,real_003,0.802942125721991,0.5773925152406556,0.13034980916733518,0.17605391491977251,0.9050836088352259,141.04614581258056,1,1,1,1,1,1,1,1,0,1,0,1,1,1
param_20094,real_004,0.7966440506709005,0.5326663134198628,0.13755279754990105,0.1852497138828886,0.5260342411503077,715.4706497648015,1,1,1,1,1,1,1,1,0,1,0,1,1,1
param_20094,real_005,0.7836077698464075,0.5412966278147282,0.14512500993753893,0.18551140085357634,1.011911153284307,204.02627809824634,1,1,1,1,1,1,1,1,0,1,0,1,1,1
param_20095,real_001,0.7425954590106152,0.596165786317415,0.16985363666458347,0.24477435018383212,0.2977748060334442,329.0056954920968,1,1,1,1,1,1,1,1,1,1,1,1,1,1
param_20095,real_002,0.8587744475102985,0.7178284621041591,0.22839277212100195,0.29767083736072625,0.370764757022514,348.66128048594356,1,1,1,1,1,1,1,1,1,1,1,1,1,1
param_20095,real_003,0.8114455169397968,0.6648345414834289,0.16205353108551548,0.23156680261914725,0.411082220140977,97.45820844645047,1,1,1,1,1,1,1,1,1,1,1,1,1,1
param_20095,real_004,0.7802409379492654,0.6245881885694629,0.18225636453153357,0.25449918811420263,0.28636488340192046,477.89689347876777,1,1,1,1,1,1,1,1,1,1,1,1,1,1
param_20095,real_005,0.778709378990291,0.623591237872104,0.1837493990484576,0.25408271094989465,0.38426536613701545,70.23873666243554,1,1,1,1,1,1,1,1,1,1,1,1,1,1
param_20096,real_001,0.7692961206153568,0.35481303367775135,0.030968132136474546,0.05042586807463289,0.15735659144216974,671.0678489254128,0,0,0,0,0,0,0,0,0,0,0,0,1,1
param_20096,real_002,0.8310382956158686,0.5114716796524563,0.14895685912706327,0.1611456645400909,0.6762884747689271,294.7650117163176,0,0,0,0,1,0,0,0,0,0,0,0,1,1
param_20096,real_003,0.766821604993664,0.3547494460913419,0.012707582291126222,0.034189891008024026,0.13674147200763345,308.1996263588727,0,0,0,1,1,0,0,0,0,1,0,0,0,1
param_20096,real_004,0.8189151286581012,0.3966730728824149,0.07011775498053513,0.09993092904928157,0.3883743921877207,333.4387983055843,0,1,0,1,0,0,1,1,0,0,0,1,1,1
param_20096,real_005,0.873768415040336,0.4645017673687997,0.22753303867740096,0.24753242979005982,0.5491754215773288,154.85893489701803,0,1,0,0,0,1,0,1,0,1,0,1,1,0
param_20097,real_001,0.7575113647480649,0.3682694314868587,0.036097756587798686,0.05636750349700905,0.2838843058961834,564.4639617007159,0,0,0,0,0,1,0,0,0,0,0,0,1,1
param_20097,real_002,0.823680641421062,0.535610931089265,0.15287324598543725,0.16416668877740065,0.8821183642367285,256.35381942538083,0,0,0,0,1,1,0,0,0,0,0,0,1,1
param_20097,real_003,0.7629975714689123,0.37683107695475937,0.024249860960145683,0.05104998215329211,0.3328463476070529,242.8241770175427,0,0,0,1,1,0,0,0,0,1,0,0,1,1
param_20097,real_004,0.819459892527965,0.4316040947999154,0.09646256456850648,0.12979827016907422,0.585961397420532,298.86331655116214,0,1,0,1,0,0,1,1,0,0,0,1,1,1
param_20097,real_005,0.8722470593160899,0.4969613950892692,0.24606746635782273,0.2630708796521932,0.6001316679772507,158.61198367260533,0,1,0,1,1,1,0,1,0,1,0,1,1,0
param_20098,real_001,0.752312809349785,0.3902328451908532,0.04084184728228928,0.06178098011324597,0.26161821140824976,550.9792166726143,0,0,0,0,0,1,0,0,0,0,0,0,1,1
param_20098,real_002,0.8238356558030283,0.5594435555627396,0.17188758914974525,0.18576268332237528,0.8660388669630814,275.98834786424123,0,0,0,0,1,1,0,0,0,0,0,0,1,1
param_20098,real_003,0.7576340068780799,0.39286982400438697,0.025252391671938098,0.05391682510838793,0.2643475102364285,232.67187800199054,0,0,0,1,1,0,0,0,0,1,0,0,1,1
param_20098,real_004,0.8101676109964889,0.4512726576773653,0.0994449273445313,0.13519774093861409,0.6050424647311752,298.83822546121326,0,1,0,1,0,0,1,1,0,0,0,1,1,1
param_20098,real_005,0.8685456123509107,0.5055237744856096,0.2514549559486985,0.27277152526550774,0.592517785006971,175.49884083114023,0,1,0,1,1,1,0,1,0,1,0,1,1,0
param_20099,real_001,0.724489150641312,0.4288826813577182,0.04388031631046324,0.07147577079677371,0.5376467104554754,379.0530744753346,1,0,1,0,1,1,0,0,0,1,0,1,1,1
param_20099,real_002,0.8023997877052946,0.5797614087701576,0.15771426990550277,0.1880465232315984,0.6704668134905212,47.78736211646628,1,1,0,0,1,1,0,1,1,1,0,1,1,1
param_20099,real_003,0.757520235853605,0.46647641181635485,0.05580820837366267,0.09085351294537235,0.7174918406693801,181.4484865954377,1,1,1,1,1,0,0,0,0,1,0,1,1,1
param_20099,real_004,0.8150701256123827,0.5192003217624243,0.15603363764544267,0.1909056571684299,0.7000139475319208,254.266135157223,1,1,1,1,1,1,1,1,0,0,0,1,1,1
param_20099,real_005,0.8851280351393541,0.614566464748181,0.29961928957347417,0.33171109524430004,0.5105829697325815,110.28885017197425,1,1,1,1,1,1,1,1,0,1,0,1,1,0
param_20100,real_001,0.7270806084639448,0.5253070314295285,0.09170798220028482,0.14443769412035093,0.7969109711682522,340.133282172699,1,1,1,0,1,1,1,1,0,1,0,1,1,1
param_20100,real_002,0.8170604970082563,0.6705716180086282,0.24915887014882024,0.2913723829794228,0.7865215254941982,29.246188949939924,1,1,1,0,1,1,0,1,1,1,0,1,1,1
param_20100,real_003,0.7604575392398116,0.5662587273506411,0.1053019493804357,0.16162919533574477,0.8156836983510182,129.540801987092,1,1,1,1,1,1,1,1,1,1,0,1,1,1
param_20100,real_004,0.8069823281968677,0.6104655097644883,0.20081614013194216,0.2446522586662638,0.7211653478100847,238.28969553420987,1,1,1,1,1,1,1,1,0,0,0,1,1,1
param_20100,real_005,0.871445046468529,0.6886629658698864,0.3395134709917994,0.37509769227749507,0.5177448838557225,145.9457782816536,1,1,1,1,1,1,1,1,1,1,0,1,1,1
param_20101,real_001,0.7061911674754947,0.5781489202149857,0.14225031368003813,0.21574965295359633,0.4028593094251311,125.88821131191709,1,1,1,1,1,1,1,1,1,1,1,1,1,1
param_20101,real_002,0.8232976415627157,0.7087290888535037,0.25639371759933927,0.32395223730562295,0.3272057635770361,241.43876859314562,1,1,1,1,1,1,1,1,1,1,1,1,1,1
param_20101,real_003,0.7586881102836195,0.6516096815595575,0.1654029481462503,0.24011233050527936,0.27337357558610026,216.87930777792818,1,1,1,1,1,1,1,1,1,1,1,1,1,1
param_20101,real_004,0.8547310546919007,0.7253629025566397,0.2805896630907676,0.35403335255836105,0.2402388223833231,294.7537222492452,1,1,1,1,1,1,1,1,1,1,1,1,1,1
param_20101,real_005,0.9305004512336446,0.8465396731152748,0.4401269076814365,0.519700893295584,0.1401978411929812,55.25741613780296,1,1,1,1,1,1,1,1,1,1,1,1,1,1
param_20102,real_001,0.7793528409904849,0.38952982674713355,0.07179206865340801,0.1027108044285497,0.2276786522959877,913.217055282554,0,1,0,1,1,0,0,1,0,0,0,0,0,0
param_20102,real_002,0.8284450392418568,0.4885514906018931,0.18881667367312407,0.2243368337762715,0.13453045377335598,409.40780008421166,0,0,0,0,0,0,0,0,0,1,0,0,1,1
param_20102,real_003,0.7908436268586465,0.3835912492233862,0.045199294914930306,0.06038092628846223,0.3186507535147163,402.7167808653155,1,0,0,0,1,0,0,0,1,0,0,0,1,1
param_20102,real_004,0.8051328482093214,0.42698247797032396,0.10803236853541702,0.1306205148121175,0.09612238828165663,338.42191258360674,0,0,0,0,1,0,0,0,0,1,0,0,1,0
param_20102,real_005,0.8131148989089355,0.3850768004114411,0.08063368685168204,0.10521263390754709,0.07858218834162596,802.8190961480549,0,0,0,1,0,0,0,0,0,0,0,0,1,1
param_20103,real_001,0.7711501607458459,0.4134283421612557,0.08516645718794752,0.12246404345706641,0.45103272958373053,779.3968594276375,0,1,0,1,1,0,1,1,0,0,0,1,0,0
param_20103,real_002,0.8121620374644959,0.5097791060612631,0.19897575397978268,0.22963299544563576,0.3392779752101933,360.8689759684342,0,0,0,0,0,0,0,0,0,1,0,0,1,1
param_20103,real_003,0.7761478399284869,0.39072005070843757,0.05123896914500669,0.06906985272470745,0.22839247182929753,445.2583473242149,1,0,0,0,1,0,0,0,1,0,0,0,1,1
param_20103,real_004,0.7915565444077708,0.4398514257738418,0.11310611494791312,0.14059645238074223,0.09443119747010975,342.3862540941444,0,1,0,1,1,0,0,0,0,1,0,0,1,0
param_20103,real_005,0.8026880546273404,0.39458045358309013,0.1015507809531621,0.12655398254597178,0.0020972550632260716,735.7579217450111,0,0,0,1,0,0,0,0,0,0,0,0,1,1
param_20104,real_001,0.7652477462455769,0.42973301523813745,0.09253791405736628,0.13207490684402384,0.463506336847712,775.528966209886,0,1,0,1,1,0,1,1,0,0,0,1,0,0
param_20104,real_002,0.8163235056489669,0.5504564621520958,0.2218752834457929,0.25586386012894136,0.33029075871526214,322.6507149965494,0,0,0,0,0,0,0,0,0,1,0,0,1,1
param_20104,real_003,0.7733794021577798,0.40719888945953886,0.0561228353938587,0.07596763278205086,0.2277610404879124,372.78800258859224,1,0,0,0,1,0,0,0,1,0,0,0,1,1
param_20104,real_004,0.7872327739595392,0.48027726436123996,0.12021975981970902,0.1514036679101415,0.129219576498857,331.21013173262236,0,1,0,0,1,0,0,0,0,1,0,0,1,0
param_20104,real_005,0.7968306956355765,0.4191058352251914,0.10526652478219439,0.13413350056618642,0.03486242266362748,713.5096937309685,0,0,0,1,0,0,0,0,0,0,0,0,1,1
param_20105,real_001,0.7555270448292908,0.48263276556621887,0.11245698822214699,0.15538293630179842,0.7829520988711653,167.78724391978412,1,1,1,1,1,1,1,1,1,1,1,1,0,0
param_20105,real_002,0.7915600494274841,0.5899216320028985,0.20381157241945758,0.2217370195231276,1.1076855138123354,233.09180647060415,1,1,0,1,1,1,0,1,0,1,0,1,1,1
param_20105,real_003,0.7447743189528093,0.4518932845563512,0.06263773794657444,0.08815705771712004,0.09529249423155228,298.77239146236656,1,0,1,0,1,0,0,0,1,0,0,0,1,1
param_20105,real_004,0.7760744297067678,0.5224969198028748,0.15201164362487676,0.19157806220782375,0.6079770824151609,163.3827224669051,0,1,0,1,1,0,1,1,1,1,0,1,1,0
param_20105,real_005,0.7815085088084941,0.48729724427586063,0.15174204110258946,0.18836453397411362,0.3002994187753185,525.6632773471772,1,1,1,1,1,0,0,0,0,0,0,1,1,1
param_20106,real_001,0.7710156870693791,0.5986123709126012,0.18194098443785603,0.23723152294955402,0.6235092321662798,233.11630931876994,1,1,1,1,1,1,1,1,1,1,1,1,1,1
param_20106,real_002,0.8016487969976316,0.6907509754377901,0.2914018290461274,0.31681770693013755,1.0354873549997896,165.40794586063154,1,1,0,1,1,1,1,1,0,1,0,1,1,1
param_20106,real_003,0.7520551005728088,0.5573415414664592,0.11767870280421625,0.16690921893611027,0.26983306322519063,194.3900808642837,1,0,1,0,1,0,0,1,1,1,0,1,1,1
param_20106,real_004,0.7955602909404712,0.6592629223010859,0.22938670353967705,0.2792078756090836,0.6582876433005573,131.82484686108415,1,1,0,1,1,1,1,1,1,1,1,1,1,1
param_20106,real_005,0.7765825777437935,0.6057009095459815,0.21102741786308357,0.2613033838576015,0.6440332384396399,468.6506973828755,1,1,1,1,1,0,0,1,0,0,0,1,1,1
param_20107,real_001,0.7989694329340236,0.6815470673617589,0.22292444723638394,0.2964570971302687,0.3664681426312299,81.70970874483561,1,1,1,1,1,1,1,1,1,1,1,1,1,1
param_20107,real_002,0.8179523084821984,0.730749499220182,0.2708761725243736,0.32923898324703105,0.5157143364466068,58.57172212281647,1,1,1,1,1,1,1,1,1,1,1,1,1,1
param_20107,real_003,0.7440083713633977,0.6169570076246539,0.14337589593228742,0.21792892723789387,0.2083346563954707,121.99874787356875,1,1,1,0,1,1,1,1,1,1,1,1,1,1
param_20107,real_004,0.8054407220184049,0.7091665420477119,0.24446547822686454,0.3163394741357823,0.37501812432249554,43.244571266413615,1,1,1,1,1,1,1,1,1,1,1,1,1,1
param_20107,real_005,0.8099935469777506,0.7135948938115212,0.271709724912507,0.34900430097278445,0.25190575190575193,284.84793109411675,1,1,1,1,1,1,1,1,1,1,1,1,1,1
param_20108,real_001,0.8291155296755903,0.39510324526474855,0.07936150651273859,0.10572830465077482,0.9707353042837062,633.8603703309706,0,1,0,1,0,0,0,1,0,0,0,0,0,1
param_20108,real_002,0.8319082681341817,0.4560299714066254,0.05456655031363042,0.07849259545389574,0.4632714363735664,942.7829796316278,0,0,0,0,0,0,0,0,0,0,0,0,0,1
param_20108,real_003,0.8381913238225713,0.3601798015042698,0.04517611864592705,0.06786203785893476,0.6939303885812058,199.78442595690188,1,0,0,1,1,0,0,1,0,0,0,0,0,1
param_20108,real_004,0.8980837428944873,0.5300146100041448,0.23151029907606635,0.25505648269406483,0.3946440662137237,164.05390372524442,0,0,0,0,0,0,0,0,0,0,0,0,1,1
param_20108,real_005,0.8257493861635281,0.3340122693448307,0.037607754972044063,0.07534933826858434,0.03618682500350648,988.3450555805223,0,0,0,0,0,0,0,0,0,0,0,0,1,1
param_20109,real_001,0.8232833251364932,0.4137593285150153,0.08218020666052722,0.10952165748018786,1.1812895392676848,561.1671391232632,0,1,0,1,0,0,0,1,0,1,0,0,0,1
param_20109,real_002,0.8238624701301498,0.46620309607279026,0.05515549425756401,0.08013461773811863,0.6438944176312306,899.6904576529375,0,0,0,0,0,0,0,0,0,0,0,0,0,1
param_20109,real_003,0.833428762492562,0.38197524575974795,0.05076206044381126,0.07447477323225991,0.8902495671635489,101.99050613735318,1,0,0,1,1,0,0,1,0,0,0,0,0,1
param_20109,real_004,0.8978085035946645,0.5540705604020372,0.23911350358666766,0.2637234729084626,0.5031340143579066,161.24362819850313,0,0,0,0,0,0,0,0,0,0,0,0,1,1
param_20109,real_005,0.8206940592607777,0.3527467846060032,0.05493919877483399,0.09094926771349182,0.17184576675770413,988.7590920707576,0,0,0,0,0,0,0,0,0,0,0,0,1,1
param_20110,real_001,0.813513099381084,0.42607828474698883,0.0910569820188018,0.11897071098029244,1.0575455200082295,574.8504915926933,0,1,0,1,0,0,0,1,0,1,0,0,0,1
param_20110,real_002,0.8194825230568473,0.4916710396369902,0.06300453774055491,0.09154340411532898,0.5730674960350971,877.5977031709276,0,0,0,0,0,0,0,0,0,0,0,0,0,1
param_20110,real_003,0.8252881961241317,0.3972613027199759,0.05821290302376995,0.08370959226213621,0.7975567545556347,103.03492358895717,1,0,0,1,1,0,0,1,0,0,0,0,0,1
param_20110,real_004,0.8916856948526921,0.5749761240335929,0.2575246319593292,0.28022845688123893,0.4699176428676209,169.88855017384637,0,0,0,0,0,0,0,0,0,0,0,0,1,1
param_20110,real_005,0.8146262375523883,0.3740251333334651,0.06397504137189909,0.1037399215145296,0.11476309016497194,981.1439604028352,0,0,0,0,0,0,0,0,0,0,0,0,1,1
param_20111,real_001,0.7917268972711068,0.48212321283235565,0.09864495211403142,0.12874733256951043,1.2919916720426954,289.3326085659597,1,1,1,1,1,1,1,1,0,1,0,1,0,1
param_20111,real_002,0.7773977638476524,0.517252042087381,0.06562256315280174,0.09750227766142046,0.8841294907224635,738.1840147304065,1,1,1,1,1,0,1,0,0,1,0,0,0,1
param_20111,real_003,0.8071674715802591,0.4700942504878595,0.07003400381135344,0.1013866614326954,1.0507205550942949,49.11797580093445,1,1,1,1,1,1,0,1,0,1,0,1,0,1
param_20111,real_004,0.8949632441406932,0.6358229766341783,0.264038144834067,0.292892875246048,0.6246722324361795,209.05763261981664,1,1,1,1,1,1,1,1,0,1,0,1,1,1
param_20111,real_005,0.7957156595961703,0.4443482208006837,0.09338675340274573,0.1441896679293739,0.5549558318217346,863.5666490636168,1,1,1,1,1,1,1,0,0,1,0,1,1,1
param_20112,real_001,0.7829545089455074,0.5538337352004344,0.14588632864945122,0.18858974924830277,0.9642624040983707,286.59099024129193,1,1,1,1,1,1,1,1,0,1,0,1,1,1
param_20112,real_002,0.7847158073913644,0.6158936903211911,0.14066290228038966,0.18861046606451928,0.7836487509462529,534.7034159887065,1,1,1,1,1,1,1,0,0,1,0,0,1,1
param_20112,real_003,0.7944444173241634,0.5509847777185196,0.12319433418988364,0.17055451126521817,0.657158597049642,28.050697892400045,1,0,1,1,1,1,1,1,0,1,0,1,1,1
param_20112,real_004,0.8878507343623872,0.7138602282125457,0.31210269024997583,0.3610285192900172,0.48629854212359697,171.47256138305008,1,1,1,1,1,1,1,1,0,1,0,1,1,1
param_20112,real_005,0.7935241736824256,0.5533001271934157,0.17499285761563754,0.22402355898242232,0.6404718524330723,758.3716932573082,1,1,1,1,1,1,1,1,0,1,0,1,1,1
param_20113,real_001,0.7623124185344645,0.6303982199534448,0.1848653700498248,0.2568553111341115,0.3683999425301118,113.16356256966586,1,1,1,1,1,1,1,1,1,1,1,1,1,1
param_20113,real_002,0.7483945903829965,0.672278398181219,0.17961043201906382,0.2494545603367689,0.37616688655995617,351.0090015876583,1,1,1,1,1,1,1,1,1,1,1,1,1,1
param_20113,real_003,0.765433793561872,0.6135052799015671,0.15011099871141256,0.21675431345376864,0.3547251075212742,69.5433732206657,1,1,1,1,1,1,1,1,1,1,1,1,1,1
param_20113,real_004,0.890700116238143,0.7945589069189214,0.34379452622847245,0.4209259511820347,0.20669062013317474,161.60099593382307,1,1,1,1,1,1,1,1,1,1,1,1,1,1
param_20113,real_005,0.7923895554543502,0.6517192447974242,0.22109846212261502,0.3010449870842232,0.23734418722971254,360.33357603040037,1,1,1,1,1,1,1,1,1,1,1,1,1,1
param_20114,real_001,0.8106281031434516,0.388672935513849,0.04846828817133624,0.07939807555263818,0.7862402693035977,678.0120277220901,0,1,1,1,0,0,1,1,0,0,0,1,0,1
param_20114,real_002,0.8038745211787979,0.4540732752619354,0.05034349508744977,0.07383712263062997,0.32412870908859365,893.4052799362387,1,0,1,0,0,0,0,0,0,1,0,0,0,1
param_20114,real_003,0.8097879148366534,0.39284698829168135,0.03101555409152719,0.047441981398293684,0.18517480277121462,430.96485250809974,1,0,0,1,1,0,0,1,0,0,0,0,0,1
param_20114,real_004,0.8782268139771909,0.4925968170104859,0.19331646774919087,0.22299226623694518,0.3270236784140969,351.1443164966787,0,0,0,0,0,0,0,0,0,0,0,0,1,1
param_20114,real_005,0.8326113514192579,0.4159966684119485,0.07445039554947494,0.09676399469056929,0.11014137334102712,819.8393589324024,0,0,0,0,0,0,0,0,0,0,0,0,1,1
param_20115,real_001,0.8056372410210867,0.41705276616345827,0.06750226793875223,0.10483408954517814,0.9521331547732925,454.8240038393682,0,1,1,1,1,0,1,1,0,0,0,1,0,1
param_20115,real_002,0.7933777441505923,0.45954148134999856,0.05102118657595108,0.07681041285399823,0.5262705769538117,865.0709490659503,1,0,1,0,0,0,0,0,0,1,0,0,0,1
param_20115,real_003,0.8048258676063409,0.40846559423990764,0.037781071172084915,0.05987281371682343,0.4041344717576115,301.82840268925906,1,0,0,1,1,0,0,1,0,0,0,0,0,1
param_20115,real_004,0.8775632431005076,0.5159669639705052,0.20646258475711488,0.23617326035531438,0.41161138436961364,295.9179802785533,0,0,0,0,0,0,0,0,0,0,0,0,1,1
param_20115,real_005,0.8236254114267036,0.4230211301547247,0.08740014180615129,0.11116806125439778,0.18196860415782776,781.7833674619396,1,0,0,0,0,0,0,0,0,0,0,0,1,1
param_20116,real_001,0.8000383951211768,0.4342177774619583,0.07671699906996268,0.1161073013903418,0.9501557632398754,452.60982092361104,0,1,1,1,1,0,1,1,0,0,0,1,0,1
param_20116,real_002,0.7863826487867569,0.47906823955748495,0.05562782432732563,0.08480678381039787,0.4279284347923934,859.458100169375,1,0,1,0,0,0,0,0,0,1,0,0,0,1
param_20116,real_003,0.7977263364302385,0.41962623643560754,0.03916727360414836,0.06254388259268291,0.32126009293450414,236.98703547014546,1,0,0,1,1,0,0,1,0,0,0,0,0,1
param_20116,real_004,0.8706080916752665,0.5341831839882052,0.21990732916527592,0.24938666238151475,0.3953507508743057,285.1883765162189,0,0,0,0,0,0,0,0,0,0,0,0,1,1
param_20116,real_005,0.8186011459423673,0.44672151512189634,0.096590908730193,0.12333808070850699,0.15251506528289255,763.7075765960258,1,0,0,0,0,0,0,0,0,0,0,0,1,1
param_20117,real_001,0.7771099663987329,0.48702927328047807,0.0988360056861634,0.1422533036001137,0.9119620751887344,119.62868594057366,0,1,1,1,1,1,1,1,0,1,1,1,0,1
param_20117,real_002,0.7524107808755578,0.5169677818060697,0.06873387812440086,0.10309367365715269,0.7531726541476111,646.7851937210025,1,1,1,1,1,0,1,0,0,1,0,1,0,1
param_20117,real_003,0.7862962117962171,0.4723106380316798,0.07581500434793251,0.10934968213213056,0.7114396384764364,148.72394358728164,1,1,1,1,1,1,0,0,1,0,0,1,0,1
param_20117,real_004,0.8681073381858482,0.5868288432809219,0.22189546831721263,0.25262869823839723,0.6039041729279852,265.30436579082084,1,1,0,1,1,1,1,1,0,1,0,1,1,1
param_20117,real_005,0.7959504109424139,0.4885621229278297,0.12395297315541905,0.1630385100986167,0.4091661032553188,554.3852012684882,1,1,0,1,1,0,0,0,0,0,0,1,1,1
param_20118,real_001,0.7804688488739576,0.5841586293185755,0.1602880162850879,0.20972638446555902,0.7596693852974985,184.12256571906676,1,1,1,1,1,1,1,1,0,1,1,1,1,1
param_20118,real_002,0.7516693635293644,0.6073061744204558,0.13589703005466947,0.1847964256175395,0.7749556855984265,571.5743779667648,1,1,1,1,1,1,1,1,0,1,0,1,1,1
param_20118,real_003,0.7784373836903352,0.5616042802612826,0.11792018971966887,0.1688317453076949,0.47520219586808027,120.05168056604384,1,1,1,1,1,1,0,1,1,1,0,1,1,1
param_20118,real_004,0.8618545507307386,0.6743900130907471,0.27709762544007277,0.31902850378020303,0.5674086626100798,190.23305288911166,1,1,0,1,1,1,1,1,0,1,0,1,1,1
param_20118,real_005,0.7930906882159049,0.6062493404701162,0.20624414608861524,0.24450469194483604,0.6780529461998293,524.1840972397333,1,1,0,1,1,0,0,1,0,0,0,1,1,1
param_20119,real_001,0.7679324463034206,0.6297471065529722,0.1887056582139887,0.2618179510344335,0.34304692136609694,97.88942607255954,1,1,1,1,1,1,1,1,1,1,1,1,1,1
param_20119,real_002,0.7362625709250459,0.6476342130026144,0.17423205223805355,0.24221843821559041,0.4245796307135636,343.7701817891947,1,1,1,1,1,1,1,1,1,1,1,1,1,1
param_20119,real_004,0.8800852830625472,0.7610644920846151,0.3140578196658025,0.38616867029817664,0.22063274422954196,171.69780978780574,1,1,1,1,1,1,1,1,1,1,1,1,1,1
param_20119,real_005,0.8032058596976028,0.6796109573279352,0.23313870248157137,0.307223475417647,0.3039791391513427,265.52484022204135,1,1,1,1,1,1,1,1,1,1,1,1,1,1
param_20120,real_001,0.8149949513946397,0.415888253521023,0.06865166551692617,0.10127017202331019,0.7119484382746654,865.7803044056517,0,0,0,1,0,1,0,0,0,0,0,1,1,1
param_20120,real_002,0.8059964960617333,0.5243015904080643,0.1254418019366219,0.16424898807885907,0.6736471861471861,277.1901164822841,1,0,0,1,1,1,1,1,1,1,0,1,0,1
param_20120,real_003,0.7953212857819182,0.383961737399175,0.032680773657456176,0.051334238035645914,0.6476396314412467,166.96180949232325,1,0,0,0,0,1,0,0,0,1,0,0,0,1
param_20120,real_004,0.7922442779879441,0.3477923200187996,0.023919330192533603,0.04793321147631579,0.2376684398998158,1063.2997165213515,1,0,0,1,1,1,0,1,0,0,0,1,0,1
param_20120,real_005,0.8764384274430612,0.45716157591804035,0.10754110758914742,0.1326316721299525,0.13811943066811821,654.3972011978028,0,0,1,1,0,0,1,1,0,1,0,1,1,0
param_20121,real_001,0.80448771337476,0.4380465374713235,0.09709224264150401,0.12024825135527019,1.0170342478034786,516.1199636353659,0,0,1,1,0,1,0,0,0,0,0,1,1,1
param_20121,real_002,0.806537377913629,0.5474759059177271,0.14028188916609952,0.17253128620367938,0.9210534957801058,219.1289217351316,1,0,1,1,1,1,1,1,1,1,0,1,0,1
param_20121,real_003,0.7847507790225035,0.3836032879527442,0.038957940710303916,0.054610138889273824,0.789146149816658,184.2770304416413,1,0,0,0,0,1,0,0,0,1,0,0,0,1
param_20121,real_004,0.7794428870568852,0.35618659868410496,0.034862716351875746,0.06103275511816937,0.42696249577655143,912.8434763358091,1,0,0,1,1,1,0,1,0,0,0,1,0,1
param_20121,real_005,0.8761690276791722,0.4771999203863513,0.10965424364690021,0.14258320510791622,0.30483556820735636,627.8567321755324,0,0,1,1,0,0,1,1,0,1,0,1,1,0
param_20122,real_001,0.797885654029197,0.4542689639365781,0.10470648487274815,0.1292035317304256,0.9350196028835209,658.1986469295737,0,0,1,1,0,1,0,0,0,0,0,1,1,1
param_20122,real_002,0.8076904464225189,0.5691033550744701,0.150345731138243,0.18589028669632476,0.9272081020547278,201.58145951474074,1,0,1,1,1,1,1,1,1,1,0,1,0,1
param_20122,real_003,0.7779739539649794,0.4013006157623131,0.04224109891167391,0.059437600541872006,0.735261964531541,103.02697255278346,1,0,0,0,0,1,0,0,0,1,0,0,0,1
param_20122,real_004,0.766749062350145,0.36936909630637194,0.03891623813009967,0.06669788850966002,0.4089931034482759,894.2157852833354,1,0,0,1,1,1,0,1,0,0,0,1,0,1
param_20122,real_005,0.8696649477475035,0.49957887528062805,0.11565942984606532,0.14880433451196715,0.3023640661938534,616.3965421060868,0,0,1,1,0,0,1,1,0,1,0,1,1,0
param_20123,real_001,0.7963907360951851,0.5366699478960925,0.14829612248520554,0.1745715673166483,1.244734638670617,214.50002004571286,0,1,1,1,0,1,1,1,0,1,0,1,1,1
param_20123,real_002,0.7995110225052712,0.6040564023738034,0.139455527331178,0.17507454992497792,0.9295261804771932,161.1702499057729,1,1,1,1,1,1,1,1,1,1,0,1,0,1
param_20123,real_003,0.7445819010236971,0.41092988051496215,0.04601724637539409,0.06924788148950133,0.7993207690177387,220.51510433059235,1,0,1,0,1,1,0,1,0,1,0,0,0,1
param_20123,real_004,0.7576484197952991,0.41101664521514125,0.077363465659378,0.11395188574278019,0.6605322763306908,644.970552016806,1,0,0,1,1,1,1,1,0,0,0,1,1,1
param_20123,real_005,0.8835617947239198,0.5771617028640605,0.16107103425834893,0.23392046677472927,0.4096340352569255,561.6544337738832,1,1,1,1,0,1,1,1,0,1,1,1,1,0
param_20124,real_001,0.7594694777756401,0.5852051392274302,0.17746831141521174,0.20784544579520792,1.3025581166411184,251.81302526155477,1,1,1,1,0,1,1,1,0,1,0,1,1,1
param_20124,real_002,0.8195807428824421,0.6954242224690623,0.20801750768811153,0.25373497810904194,0.7302678241411347,108.3613993821242,1,1,1,1,1,1,1,1,1,1,0,1,1,1
param_20124,real_003,0.7314241315895726,0.5107888072199492,0.08307686732367618,0.12430832300925193,0.7033368534770523,122.55457258153805,1,1,1,0,1,1,1,1,0,1,0,0,1,1
param_20124,real_004,0.7452759075191193,0.5156107494593729,0.1348461251425451,0.18385209286641968,0.883543090015582,482.36311871232556,1,1,1,1,1,1,1,1,0,0,0,1,1,1
param_20124,real_005,0.8679635230732774,0.6794753519749709,0.24208028946806984,0.3059660723420555,0.44240872367665884,486.13188526372943,1,1,1,1,0,1,1,1,0,1,1,1,1,1
param_20125,real_001,0.8055050284090609,0.7047795016338787,0.2138148597268202,0.2809875279616571,0.5445512367491167,110.21310270117726,1,1,1,1,1,1,1,1,1,1,1,1,1,1
param_20125,real_002,0.826830290485781,0.739365530901253,0.20749553273815155,0.28303799039626426,0.3114013237491993,155.1521553211427,1,1,1,1,1,1,1,1,1,1,1,1,0,1
param_20125,real_003,0.7118536765610647,0.5364631413146974,0.11110132940247064,0.17647136261498336,0.47571124579502916,218.25621868436963,1,1,1,1,1,1,1,1,1,1,0,1,0,1
param_20125,real_004,0.7648595583553509,0.587291281986776,0.1885678524879522,0.26543232025386065,0.35535901759297556,271.76843762892713,1,1,1,1,1,1,1,1,1,1,1,1,1,1
param_20125,real_005,0.9063780731208846,0.8109849242399753,0.3460582558173361,0.43174978618961135,0.16130889421467687,352.88531020644973,1,1,1,1,1,1,1,1,1,1,1,1,1,1
param_20126,real_001,0.8415263584717174,0.378044328341783,0.039205172627866984,0.05929550412956694,0.5714450121990517,454.4640062809438,0,0,0,1,0,0,0,1,0,0,0,1,0,1
param_20126,real_002,0.8157948041319569,0.3767049069799802,0.03599660704239972,0.06522318101770151,0.4899660050444128,251.34119948512702,0,0,0,0,0,1,0,1,0,0,0,1,1,0
param_20126,real_003,0.8154339118613361,0.3114890231878686,0.03845136059996905,0.05907988925695221,0.557266241081487,736.1362710618688,0,1,0,0,0,1,0,0,0,0,0,0,0,1
param_20126,real_004,0.8180406412010837,0.3342844745666301,0.018411465094100653,0.03906099869385108,0.6562073364517357,433.3176485935309,0,0,0,1,0,0,0,1,0,0,0,0,0,1
param_20127,real_001,0.8402615095435277,0.39503537511932324,0.04784684886829754,0.07192724229227279,0.6842499625355912,461.71449184710127,0,0,0,1,0,0,0,1,0,0,0,1,0,1
param_20127,real_002,0.8131060758060888,0.3949868100862428,0.04581334572768461,0.07787066377907662,0.656697035488911,218.80036389969106,0,0,0,0,0,1,0,1,0,0,0,1,1,0
param_20127,real_003,0.8118999770230567,0.3333155292974725,0.04418965624415497,0.06592974769943073,0.6257166081971421,706.0620583335061,0,1,0,0,0,1,0,0,0,0,0,0,0,1
param_20127,real_004,0.8096344994238972,0.3468790152347471,0.02040906209648012,0.04315957576586055,0.7469698862926403,393.5579593757433,0,0,0,1,1,0,0,1,0,0,0,0,0,1
param_20127,real_005,0.8545119835402325,0.4321518069208893,0.1529538860071462,0.18205466442562557,0.3234486545853926,492.8100614519209,0,1,0,0,0,0,0,1,0,0,0,1,0,1
param_20128,real_001,0.8293689397466041,0.4080625296179513,0.050730267489734186,0.07646975569244958,0.6471438900939985,454.9578145750926,0,0,0,1,0,0,0,1,0,0,0,1,0,1
param_20128,real_002,0.8008329516195103,0.4164467827962901,0.04820737416175064,0.0849238648863049,0.6101113463498785,226.75176820891292,0,0,0,0,0,1,0,1,0,0,0,1,1,0
param_20128,real_003,0.8022802850176259,0.3485760884270968,0.04771118815230002,0.07348440840605686,0.5694134193761893,712.2927947370438,0,1,0,0,0,1,0,0,0,0,0,0,0,1
param_20128,real_004,0.802418790226272,0.3689163115614086,0.02391102932440148,0.04938127076400518,0.6846618357487922,383.9759968862816,0,0,0,1,1,0,0,1,0,0,0,0,0,1
param_20128,real_005,0.8494604931151006,0.4535235664400449,0.16252045225762055,0.20230433077171062,0.3012229267890966,502.9274805117968,0,1,0,0,0,0,0,1,0,0,0,0,0,1
param_20129,real_001,0.8270226630949667,0.4754013566986041,0.07418640029061048,0.10345188606936491,1.1789567261330762,387.1829660425474,1,1,1,1,1,1,1,1,0,1,0,1,0,1
param_20129,real_002,0.784628637270544,0.4476857919264921,0.07407794247859986,0.11499409870049167,0.7818305391934753,217.34489997622245,1,0,1,1,1,1,1,1,0,1,0,1,0,1
param_20129,real_003,0.7918663374343261,0.42102162083974337,0.06477652134573933,0.09488530862282842,0.9236206616092159,468.967915094379,1,1,1,1,1,1,1,1,0,0,0,1,0,1
param_20129,real_004,0.767317696150153,0.4186076815558276,0.03464599696460773,0.06273558195517523,0.8527465448582806,318.6266801340145,1,0,1,1,1,1,1,1,0,1,0,1,0,1
param_20129,real_005,0.8352938376780276,0.5282149318622676,0.1764456693521782,0.22299842238145376,0.4988208741445912,537.2440139889251,1,1,1,1,1,0,1,1,0,1,0,1,0,1
param_20130,real_001,0.8074369480618904,0.5473292268228893,0.11826866818310573,0.15909181262542485,0.9371585381065236,329.8937307934562,1,1,1,1,1,1,1,1,0,1,0,1,1,1
param_20130,real_002,0.789421411713974,0.5718820427298699,0.15021568865245347,0.20592005572132627,0.680576154147337,154.0878719701578,1,1,1,1,1,1,1,1,0,1,0,1,1,1
param_20130,real_003,0.7854858977344008,0.5127899067635207,0.11979339126858726,0.16583979338179197,0.8744894496738762,458.9472184879396,1,1,1,1,1,1,1,1,0,0,0,1,1,1
param_20130,real_004,0.7686151896719672,0.5270815942263859,0.08561582841481734,0.13565948148968815,0.7679137134052388,263.5266971065283,1,0,1,1,1,1,1,1,0,1,0,1,1,1
param_20130,real_005,0.8371981012735303,0.6242479297751906,0.23777304176693748,0.29113089636280937,0.46537770341451323,436.449951190975,1,1,1,1,1,1,1,1,0,0,0,1,1,1
param_20131,real_001,0.801275071950978,0.6436643529274062,0.15626451224198745,0.22433080808255387,0.38725872015188767,255.21508294420505,1,1,1,1,1,1,1,1,1,1,1,1,1,1
param_20131,real_002,0.754398915568921,0.6115436514417698,0.19647952155435056,0.2697159285703114,0.2561042393361826,207.31445492552467,1,1,1,1,1,1,1,1,1,1,1,1,1,1
param_20131,real_003,0.7731670368694155,0.6006010237706576,0.16635930043442668,0.23927140471809094,0.3847621761946952,133.1987808267115,1,1,1,1,1,1,1,1,1,1,1,1,1,1
param_20131,real_004,0.7300407362884072,0.587097843582169,0.1355320271269038,0.2064898705922288,0.3786866607258089,242.63509848929414,1,1,1,1,1,1,1,1,1,1,1,1,1,1
param_20131,real_005,0.8198313582239798,0.7321067628581676,0.2879551708241382,0.3548262382926658,0.2164795353154286,379.3297525823615,1,1,1,1,1,1,1,1,1,1,1,1,1,1
param_20132,real_002,0.8080440032249983,0.406704969858434,0.06238735104200584,0.08748004608585866,0.3464621122976843,785.5295406557095,0,0,0,0,0,0,0,0,0,1,0,0,1,1
param_20132,real_003,0.8073182892368925,0.3773297239931741,0.03200870949279884,0.049029934427933665,0.024488735181816365,515.5188865031794,1,0,0,0,1,0,0,1,0,0,0,0,0,1
param_20132,real_004,0.8802304503581186,0.491007191612611,0.21158701178284844,0.24354788013785672,0.045691276462361964,556.3507870043615,0,0,0,0,0,0,0,0,0,0,0,0,1,1
param_20132,real_005,0.8244937456896342,0.39886916144642653,0.08017114109224385,0.1019574647792076,0.1496751624187906,770.9458522686823,0,0,0,0,0,0,0,0,0,0,0,0,1,1
param_20133,real_001,0.8060958542247367,0.4009235136476198,0.07840739688173037,0.11592230236573484,1.072055016806398,340.33195884924004,0,1,1,1,1,0,1,1,0,1,0,1,0,1
param_20133,real_002,0.7990019253659527,0.42153963724844074,0.0608313241151296,0.08695661581323309,0.5389845041955044,687.4466274198446,0,0,0,0,0,0,0,0,0,1,0,0,1,1
param_20133,real_003,0.7994333586382086,0.39502066515953765,0.0366569618182669,0.059107072191489286,0.18799299651630838,404.07139363620894,1,0,0,1,1,0,0,1,0,0,0,0,0,1
param_20133,real_004,0.8766532495799931,0.5238623259198867,0.23144930477100467,0.26211470202165116,0.1967901342546027,524.8931288256825,0,0,0,1,0,0,0,0,0,0,0,0,1,1
param_20133,real_005,0.8175604860027899,0.4068685883041735,0.10117381542966175,0.12335520674307117,0.21688491291758502,746.9870007064225,0,0,0,0,0,0,0,0,0,0,0,0,1,1
param_20134,real_001,0.7962119910390739,0.4112416440408021,0.08226295353352167,0.12175364363083123,1.0216416089494529,307.2819819578792,0,1,1,1,1,0,1,1,0,0,0,1,0,1
param_20134,real_002,0.7935482831592292,0.4419506690170717,0.06927079182174695,0.09861726059362386,0.5477248169047905,722.1450683030187,0,0,0,0,0,0,0,0,0,1,0,0,1,1
param_20134,real_003,0.7936695801975076,0.40498655570840925,0.040129750419211234,0.06468828994652494,0.10220235195880593,372.785456432646,1,0,0,0,1,0,0,1,0,0,0,0,0,1
param_20134,real_004,0.8710709554021777,0.5427799627152612,0.23936339725580738,0.2698032264342707,0.2215789247126684,525.2182309608814,0,0,0,1,0,0,0,0,0,0,0,0,1,1
param_20134,real_005,0.8139445603229586,0.43649318899913886,0.11329946837187144,0.13740675736830674,0.1938287234727378,730.5188063301108,0,0,0,0,0,0,0,0,0,0,0,0,1,1
param_20135,real_001,0.7955070149473312,0.49753101147286116,0.1324515010023168,0.1706334356823198,0.9217782495513939,110.5107906531812,0,1,1,1,1,1,1,1,0,1,1,1,0,1
param_20135,real_002,0.7564155855927344,0.5061585855475303,0.0704402883427918,0.10829016075083192,0.8305271439811173,348.9908972370267,1,1,1,1,1,1,1,0,0,1,0,0,1,1
param_20135,real_003,0.7819192369826956,0.48121424617899405,0.07601616876086031,0.11435193402460853,0.6084589869142073,237.53913535444258,1,1,1,1,1,1,0,1,1,0,0,1,1,1
param_20135,real_004,0.869618409124828,0.6080589469244837,0.26404423699916335,0.2935395736703998,0.4812729389914951,442.4392977900914,1,0,0,1,1,1,0,1,0,1,0,1,1,1
param_20136,real_001,0.7861854091256455,0.5748946067528747,0.17886653151928755,0.22968090608876604,0.7415235968471208,172.4744782881175,1,1,1,1,1,1,1,1,0,1,1,1,1,1
param_20136,real_002,0.7557815489997768,0.5818282101150519,0.13084474763096718,0.17893327727237116,0.8470162146943268,347.32641583628845,1,1,1,1,1,1,1,0,0,1,0,1,1,1
param_20136,real_003,0.7819671719685676,0.5646262060512937,0.12731436675500452,0.1797096393413164,0.40005632098791183,155.40391429406887,1,1,1,1,1,1,0,1,1,0,0,1,1,1
param_20136,real_004,0.8613539555605562,0.6866754695793307,0.2900568631788224,0.33888211964260784,0.5550769721623993,307.3829072485441,1,1,0,1,1,1,1,1,0,1,0,1,1,1
param_20136,real_005,0.8045651885741265,0.6286358007511642,0.2337765044324475,0.27594035399122613,0.6332205286719249,479.0789520775014,1,1,0,1,1,0,0,1,0,0,0,1,1,1
param_20137,real_001,0.800980926653139,0.6615088660670183,0.2210270518093978,0.2947970338983907,0.31966401697698266,67.5230078442681,1,1,1,1,1,1,1,1,1,1,1,1,1,1
param_20137,real_002,0.7448672756508233,0.6555833779044289,0.16260170448673683,0.23129968902003245,0.4247937312446124,162.23109382299268,1,1,1,1,1,1,1,1,1,1,1,1,1,1
param_20137,real_003,0.7916614316157873,0.6493900942109664,0.17783625770265998,0.24967860829355756,0.3554211641654171,166.93013524628864,1,1,1,1,1,1,1,1,1,1,1,1,1,1
param_20137,real_004,0.8895810253876345,0.7806484053873001,0.334915287438065,0.4106832776576217,0.20738185448773744,215.15602735165058,1,1,1,1,1,1,1,1,1,1,1,1,1,1
param_20137,real_005,0.8207569337524118,0.711755968730548,0.2603975673350629,0.33907467096090693,0.28440446733097036,204.63185386583837,1,1,1,1,1,1,1,1,1,1,1,1,1,1
param_20138,real_001,0.8001136866630182,0.37181719706102717,0.04637167858952143,0.07824724510287022,0.4439122501451439,409.8381924348055,0,1,0,1,1,0,0,1,0,0,0,1,1,1
param_20138,real_002,0.7990793917373115,0.4146700785616468,0.05973516411650428,0.0843642517631009,0.05925144502318631,720.4325501246863,0,0,0,0,0,0,0,0,0,1,0,0,1,1
param_20138,real_003,0.8042944149644404,0.4082948291472286,0.03975984931455942,0.05908330344252592,0.30807117023790054,696.2165808730605,1,0,0,0,1,0,0,0,0,0,0,0,0,1
param_20138,real_004,0.8877595628348145,0.5134217973299466,0.23032969502187137,0.2648720917140429,0.09977153473425221,522.2648379276804,0,0,0,0,0,0,0,0,0,0,0,0,1,1
param_20138,real_005,0.833037734571143,0.43372138094388746,0.09395648429818135,0.12079564621729945,0.10128577146287773,736.8422602260196,0,0,0,0,0,0,0,0,0,0,0,0,1,0
param_20139,real_001,0.7995920799707522,0.41191542784462853,0.08237736849263286,0.1193634248174709,0.7183511119146628,282.6656352258667,0,1,1,1,1,0,1,1,0,0,0,1,1,1
param_20139,real_002,0.7850469286846803,0.43196868941054495,0.06441170482355243,0.08948356444473278,0.318373354301498,604.7468536746585,1,0,0,0,0,0,0,0,0,1,0,0,1,1
param_20139,real_003,0.7896510718008298,0.41590257859749974,0.04363539096951149,0.0645515174820848,0.14373163966980126,572.6670260089759,1,0,0,0,1,0,0,0,0,0,0,0,0,1
param_20139,real_004,0.8768141534806785,0.5357090517274183,0.2540677372843738,0.2863729756135845,0.02035502422678078,516.465993619928,0,0,0,0,0,0,0,0,0,0,0,0,1,1
param_20139,real_005,0.8215249030776018,0.4396699231150226,0.1261640439415907,0.15189327492559554,0.013474515129652422,669.5953706502144,0,0,0,0,0,0,0,0,0,0,0,0,1,1
param_20140,real_001,0.7930732024194721,0.4202174223663944,0.0830314470748402,0.12413480520669368,0.7061662007442887,296.3059680704596,0,1,1,1,1,0,1,1,0,0,0,1,1,1
param_20140,real_002,0.7791106844029615,0.44984845285832104,0.07145516917313233,0.09975776352941729,0.31833007175472927,607.5872593372818,1,0,0,0,0,0,0,0,0,1,0,0,1,1
param_20140,real_003,0.7863030047679291,0.43159608306325886,0.04869994983009475,0.07314216343378348,0.17928217192268567,529.592927630881,1,0,0,0,1,0,0,0,0,0,0,0,1,1
param_20140,real_004,0.8726051182781212,0.5584240484021056,0.2639159887596667,0.3004613750456459,0.02375704139113397,514.3129816710964,0,0,0,0,0,0,0,0,0,0,0,0,1,1
param_20140,real_005,0.8248227450480967,0.47413817451981494,0.13540863491983834,0.1689969430648545,0.07648701421402927,664.7212811584143,0,0,0,0,0,0,0,0,0,0,0,0,1,1
param_20141,real_001,0.7892329102277287,0.5061295840802046,0.1428359958856092,0.18529792347485283,0.7233753614535408,119.72233465814199,0,1,1,1,1,1,1,1,1,1,1,1,1,1
param_20141,real_002,0.7445431253584711,0.5160735262639293,0.08022364672459517,0.11722541175502497,0.8233457184576906,268.01236625646146,1,1,0,1,1,1,1,0,0,1,0,1,1,1
param_20141,real_003,0.759021015104463,0.4739798612027847,0.07206206271020284,0.11196028254480007,0.2827343295831481,387.8744101188631,1,0,1,1,1,1,0,0,1,0,0,1,1,1
param_20141,real_004,0.8581351101014597,0.5989572323776879,0.2880018897475776,0.3163886597548847,0.4679747656015305,472.07071144512884,1,0,0,1,1,0,0,1,0,0,0,1,1,1
param_20142,real_001,0.790169079162138,0.597189002289012,0.19433230277726918,0.2486906433408903,0.6240135984341197,126.93698367249895,1,1,1,1,1,1,1,1,1,1,1,1,1,1
param_20142,real_002,0.7376704360325204,0.5776513100497805,0.13313489640193624,0.1813973147506394,0.9643964230587695,267.9679264228634,1,1,0,1,1,1,1,1,0,1,0,1,1,1
param_20142,real_003,0.7697093814304047,0.5736749984513623,0.13008544302484532,0.1859071956956037,0.2835841114712855,222.84178698744668,1,1,1,1,1,1,0,1,1,0,0,1,1,1
param_20142,real_004,0.8527646855025957,0.6890828674985003,0.32206723250943214,0.3595160065925349,0.5519557705597788,301.73968820790566,1,1,0,1,1,1,1,1,0,1,0,1,1,1
param_20142,real_005,0.8220647361597753,0.67106319704107,0.2740810451341851,0.3247540695641959,0.5247050623434959,374.19041431967906,1,1,0,1,1,0,0,1,0,0,0,1,1,1
param_20143,real_001,0.8079834208354589,0.6724058739957869,0.2298047077049883,0.30368698797980237,0.3340033500837521,80.60472945402951,1,1,1,1,1,1,1,1,1,1,1,1,1,1
param_20143,real_002,0.7432372855604572,0.6522881527656849,0.1682463259035062,0.23502637248122638,0.5240198064680068,96.02368237844088,1,1,1,1,1,1,1,1,1,1,1,1,1,1
param_20143,real_003,0.7828757252562731,0.6447681444079195,0.18500182700167436,0.2562939751474696,0.3801428608003277,204.98181657265673,1,1,1,1,1,1,1,1,1,1,1,1,1,1
param_20143,real_004,0.8772012379496935,0.7683083177655263,0.32692036851872575,0.40031926839123344,0.2530438393227876,203.0034848235442,1,1,1,1,1,1,1,1,1,1,1,1,1,1
param_20143,real_005,0.8285374263293375,0.7225418403549958,0.2723682573539973,0.35078016693696407,0.3297976086157673,162.22510158531097,1,1,1,1,1,1,1,1,1,1,1,1,1,1
param_20144,real_001,0.7963113648249679,0.3382735928097316,0.013897665837488344,0.031208050278104135,0.5347890705384704,504.05574777390325,0,0,0,0,0,1,0,1,0,0,0,1,1,1
param_20144,real_002,0.8065727450211222,0.31771717330943894,0.024207624109206877,0.040504244626599205,0.1217349242179942,880.6024681212899,0,0,0,0,0,1,0,0,0,0,0,0,1,1
param_20144,real_003,0.8164895507584333,0.38389405723914166,0.04747475554744733,0.06507245864682955,0.5741521259636173,215.61844386376413,1,0,0,0,0,1,0,1,0,1,0,0,0,0
param_20144,real_004,0.8053135387194891,0.31705905959826775,0.00712033382247266,0.029089681627446216,0.7647286910111079,246.82945406008145,0,1,0,1,0,1,0,1,0,1,0,1,0,0
param_20144,real_005,0.8106983865240633,0.32179821295100014,0.015228787598614431,0.042174693403206794,0.20731380603679228,52.27597454522066,0,1,0,1,0,0,1,1,0,0,0,1,0,0
param_20145,real_001,0.787614767921994,0.3490567203914526,0.022149256826030164,0.041057933288233636,0.7912335522819548,466.20116858524653,0,0,0,0,0,1,0,1,0,0,0,1,1,1
param_20145,real_002,0.8001239805165988,0.32879370320577217,0.025890783829995375,0.04635076521692451,0.24685617668815385,912.775198387435,0,0,0,0,0,1,0,0,0,1,0,0,1,1
param_20145,real_003,0.8131128259251165,0.4047927691721489,0.05555287574117791,0.07891228249415835,0.8220488398013983,165.83810617721133,1,0,0,1,1,1,0,1,0,1,0,1,0,0
param_20145,real_004,0.8049540848871942,0.34388897498828924,0.017875091720068022,0.047273266371343575,1.088439122602522,286.7816147902469,0,1,0,1,0,1,0,1,0,1,0,1,0,0
param_20145,real_005,0.8064332687139654,0.33636847431959993,0.020195983459898943,0.05294407934686365,0.3549219562955255,163.74273997490562,0,1,1,1,0,0,1,1,0,0,0,1,0,0
param_20146,real_001,0.7774710067142168,0.3679816278697141,0.02512290587011712,0.0455969122347721,0.7316865770698523,485.912197860182,0,0,0,0,0,1,0,1,0,0,0,1,1,1
param_20146,real_002,0.7910663516536236,0.34924093784632615,0.030190958081598284,0.05345492530900372,0.2288462335724058,880.9302129336708,0,0,0,0,0,1,0,0,0,1,0,0,1,1
param_20146,real_003,0.8014550662786292,0.42320226641715264,0.058730788936330366,0.08407255204589044,0.7488600559697841,178.8997714918503,1,0,0,1,1,1,0,1,0,1,0,1,0,0
param_20146,real_004,0.7904883023873854,0.3555713170414741,0.016880451151942425,0.04992394173183791,0.9707955892100347,272.7674612492422,0,1,0,1,0,1,0,1,0,1,0,1,0,0
param_20146,real_005,0.7943105292488047,0.35042207910835194,0.022404644534561934,0.057334941532769544,0.2927466345187864,155.37086889216172,0,1,1,1,0,0,1,1,0,0,0,1,0,0
param_20147,real_001,0.7581764693752046,0.40977793956736003,0.04786382215182944,0.07358278673082055,0.9032481203007519,288.89102938906564,1,0,1,0,1,1,1,1,0,1,0,1,1,1
param_20147,real_002,0.7624495462974277,0.3963355681506608,0.042941557872600296,0.0788383578988073,0.3967864572125386,782.9398356577275,1,0,1,1,1,1,1,0,0,1,0,0,1,1
param_20147,real_003,0.7980906450432725,0.5078344266149213,0.09565044608887063,0.12813896755177193,1.2111782520704453,125.97384441283289,1,1,1,1,1,1,1,1,0,1,0,1,0,1
param_20147,real_004,0.8068829934949455,0.4649647577916926,0.07362625089080738,0.10513773236463207,1.499448123620309,263.8294472350345,1,1,1,1,1,1,1,1,0,1,0,1,0,0
param_20147,real_005,0.7979118162734011,0.4334595739331746,0.07678163293023832,0.12519432238634265,0.7095985327083758,494.0645923842456,1,1,1,1,1,0,1,1,0,1,0,1,0,1
param_20148,real_001,0.74709847472991,0.4997521458711165,0.09071669671908729,0.14010933937860195,0.9605530271869651,237.84265507100756,1,1,1,0,1,1,1,1,0,1,0,1,1,1
param_20148,real_002,0.7644951144397604,0.5127280273509658,0.11171033240737126,0.1647649214171752,0.721502689748362,621.193016886162,1,1,1,1,1,1,1,1,0,1,0,1,1,1
param_20148,real_003,0.7811828070780287,0.5797575988607273,0.15023230249899014,0.19134360923068844,0.9002548104400838,79.21446813010424,1,1,1,1,1,1,1,1,0,1,0,1,1,1
param_20148,real_004,0.7698669269617173,0.5347731235046552,0.11281063929919999,0.15687538160520795,1.19167278291266,183.46891044229406,1,1,1,1,1,1,1,1,0,1,0,1,1,1
param_20148,real_005,0.7869529160973445,0.5355526929283456,0.13450927799177445,0.19687365017406594,0.6960057942105388,235.76206005009524,1,1,1,1,1,1,1,1,0,1,0,1,1,1
param_20149,real_001,0.7460119180350411,0.5815294449438465,0.15561410793584118,0.23116108436059657,0.399779549454197,188.1971850255876,1,1,1,1,1,1,1,1,1,1,1,1,1,1
param_20149,real_002,0.739214297773472,0.5960104707903635,0.1734745871880127,0.24617270399762028,0.3152070413594414,386.8005741519642,1,1,1,1,1,1,1,1,1,1,1,1,1,1
param_20149,real_003,0.756338567968846,0.6373912027242309,0.17946456795942345,0.24884189728813205,0.3994696490721928,120.9596263537483,1,1,1,1,1,1,1,1,1,1,1,1,1,1
param_20149,real_004,0.8099206177218323,0.6589000305249553,0.18110325240359096,0.2528616282794756,0.43899483463487476,172.08507950488098,1,1,1,1,1,1,1,1,1,1,1,1,1,1
param_20149,real_005,0.82970603165141,0.6990397823751693,0.2645640393946345,0.33956818131181377,0.17198660914087255,366.05888882774514,1,1,1,1,1,1,1,1,1,1,1,1,1,1
param_20150,real_001,0.7897730761560635,0.3857496888961679,0.019849018636352765,0.041012605869920685,0.12382066122254816,347.40769688039063,0,1,0,0,0,1,1,1,0,1,0,1,1,0
param_20150,real_002,0.8396096859775148,0.41867174852406763,0.09398791680151115,0.12830063589863647,0.39401589322562236,372.276399172465,0,0,0,1,1,0,1,1,0,0,0,1,0,1
param_20150,real_003,0.8600778167859634,0.42908863533559716,0.11327056129513156,0.14703481697236867,0.2647520294699502,338.05610425801444,0,0,0,0,0,1,0,0,0,0,0,0,0,1
param_20150,real_004,0.8559061074037043,0.4533271178681448,0.13495039017025137,0.15865245129145564,0.8128616860434805,124.44388781400454,0,0,0,0,0,0,0,1,0,0,0,1,1,1
param_20150,real_005,0.8225648676855922,0.32680765254070904,0.03282190770948635,0.054643185242266384,0.1171261999736992,1216.1906654504671,1,0,0,0,1,0,0,1,0,0,0,0,0,1
param_20151,real_001,0.7771475213378884,0.40158334560504083,0.026816006354754632,0.05394388182926096,0.2701605849630899,274.78786054913917,0,1,0,0,0,1,1,1,0,1,1,1,1,0
param_20151,real_002,0.8444408421821447,0.4567966242707607,0.12807160195172615,0.1630254536725273,0.49879338421393393,211.4165773266873,0,0,1,1,1,0,1,1,0,1,0,1,0,1
param_20151,real_003,0.8591305855892527,0.4546146919800286,0.12882590067282348,0.15968954157571946,0.37835425715475696,270.9843278358917,0,0,0,0,0,1,0,1,0,0,0,0,1,1
param_20151,real_004,0.8526884076597958,0.4752542483028573,0.1505926285028238,0.17693865056272698,0.7742991382573648,164.3567792061316,0,0,0,0,0,0,1,1,0,0,0,1,1,1
param_20151,real_005,0.8044270992904333,0.34004970556052533,0.04335547559121277,0.07178098261857402,0.13542287534682973,1038.3594127119059,1,0,0,0,1,0,0,1,0,0,0,1,0,1
param_20152,real_001,0.7664505459652473,0.40896690608906283,0.02835038852383156,0.058481535895045324,0.25903303509979353,278.51725386015477,0,1,0,0,0,1,1,1,0,1,0,1,1,1
param_20152,real_002,0.8339880984609113,0.4697446131689692,0.1268348521820761,0.16670067027652638,0.4793211528170629,240.77063848477806,0,0,1,1,1,0,1,1,0,0,0,1,0,1
param_20152,real_003,0.8519571488812748,0.4715851715957885,0.13046894484843766,0.16572106354425462,0.3647263283278983,331.33146058647634,0,0,0,0,0,1,0,1,0,0,0,0,1,1
param_20152,real_004,0.8470343522913721,0.49279779713750893,0.1659499366883929,0.1924764734613685,0.7379066757343746,169.45130923528797,0,0,0,0,0,0,1,1,0,0,0,1,1,1
param_20152,real_005,0.8064273089705645,0.3684295826095154,0.05106085029713258,0.08497156296244741,0.093729672192545,1104.9987788701533,1,1,0,0,1,0,0,1,0,0,0,1,0,1
param_20153,real_001,0.7501331233137728,0.47058919461279886,0.06260210538157704,0.10699489660132222,0.7359145948965835,134.22280946110368,1,1,1,1,1,1,1,1,1,1,1,1,1,1
param_20153,real_002,0.8446239753882456,0.557622650280085,0.1870181533486172,0.23206578320497273,0.51926280850844,164.4003908423051,1,1,1,1,1,1,1,1,0,1,1,1,0,1
param_20153,real_003,0.84299574911204,0.5387760963831623,0.14385455451547188,0.18544846509048732,0.6830745830273786,154.66215464528662,1,1,1,1,1,1,1,1,0,1,1,1,1,1
param_20153,real_004,0.8424856300875434,0.5578655355981895,0.178634792179702,0.21493389366428609,0.7158962636866464,174.93299523653562,0,1,0,1,0,1,1,1,0,0,1,1,1,1
param_20153,real_005,0.7613941392969406,0.3866569768541143,0.07250997236426648,0.11114723786076168,0.4130870648277538,823.3968254429524,1,1,1,0,1,0,1,1,0,0,0,1,0,1
param_20154,real_001,0.7445428677178265,0.5473339305601521,0.11768891626207065,0.1743101960424321,0.877513066341745,143.35949809364007,1,1,1,1,1,1,1,1,1,1,1,1,1,1
param_20154,real_002,0.8363684387030662,0.65556457679771,0.23846762770609117,0.2886821976967699,0.48921212382605694,144.9806516810144,1,1,1,1,1,1,1,1,0,1,1,1,1,1
param_20154,real_003,0.8486325326436951,0.6457534466440155,0.20928540447141003,0.26831390396327515,0.5899713533244005,157.3360875464738,1,1,1,1,1,1,1,1,0,1,1,0,1,1
param_20154,real_004,0.8494044596158683,0.664385842233027,0.26637906976535036,0.3053507889587749,0.6540588646621321,124.12093277166878,0,1,1,1,0,1,1,1,0,0,1,1,1,1
param_20154,real_005,0.7755240601447424,0.5271518244688991,0.14445227145519085,0.20560351189697268,0.4326347135885503,788.233677448525,1,1,1,1,1,1,1,1,1,1,0,1,1,1
param_20155,real_002,0.8538472451148617,0.7541689134962055,0.2954670570753133,0.3680288308925057,0.24263409336351488,194.8272885406451,1,1,1,1,1,1,1,1,1,1,1,1,1,1
param_20155,real_003,0.8321830785798425,0.6880357000703714,0.2319012302383177,0.3026776926382469,0.3219082626873665,91.04771173689795,1,1,1,1,1,1,1,1,1,1,1,1,1,1
param_20155,real_004,0.854048514584456,0.7342194136376691,0.28151741434384925,0.3484863682457102,0.30984466552929374,168.2721676981778,1,1,1,1,1,1,1,1,1,1,1,1,1,1
param_20155,real_005,0.7666434313302806,0.5884027762119209,0.19433345159915227,0.2684481244117439,0.3734605412412899,505.2664194056583,1,1,1,1,1,1,1,1,1,1,1,1,0,1
param_20156,real_001,0.7842180250987636,0.35478471264827965,0.015333431087036904,0.03541384649731155,0.2442911561824359,282.24209849778407,1,1,0,0,1,1,0,1,0,0,0,0,1,0
param_20156,real_002,0.8173082179062205,0.4720695035760216,0.056387774576418345,0.09888315008446061,0.008482414781058949,395.42487762397377,0,0,0,0,0,0,0,0,0,1,0,1,1,1
param_20156,real_003,0.8456405967916224,0.3893180551215702,0.06607804316059158,0.10325413904733459,0.06980888314696841,442.48527968168395,0,0,0,1,0,0,0,0,0,0,0,0,1,1
param_20156,real_005,0.8249482052786999,0.47503865051455046,0.09941785600050589,0.11513233733782771,0.5612902120661893,735.1814748166819,1,0,0,0,1,0,0,0,0,0,0,0,1,0
param_20157,real_001,0.7645602280759993,0.3645508994531834,0.018986274413972454,0.04518795500694783,0.02629221289744574,522.0670695080897,1,1,0,0,1,1,0,1,0,0,0,1,1,1
param_20157,real_002,0.8046098894808189,0.46925137456156923,0.08417847058307813,0.13642911917290113,0.2086149793728574,388.778194493501,0,0,0,0,0,0,0,0,0,1,0,1,1,1
param_20157,real_003,0.8375732300228362,0.41026559531847245,0.09814038829093366,0.13903266257039734,0.35825599381283835,467.0520155538435,0,0,1,1,0,0,0,1,0,0,0,0,1,1
param_20157,real_004,0.8059759234539728,0.37118098447244663,0.07624955982366317,0.09058151316260568,1.1353690791055542,498.23413135622224,0,0,0,0,0,0,0,1,0,0,0,0,1,1
param_20157,real_005,0.8153506393772695,0.4857217579980279,0.1079708295480539,0.13237493397677713,0.4006913139744182,696.6138005920932,1,0,0,0,1,0,0,0,1,0,0,1,1,0
param_20158,real_001,0.7572219340179358,0.39461652441721395,0.020618101519771396,0.048948126560898364,0.028465479560030097,391.6363450391427,1,1,0,0,1,1,0,1,0,0,0,1,1,1
param_20158,real_002,0.7973796068970302,0.4850122332656441,0.08539327410502429,0.14282578286632616,0.19829050044836205,296.23227162862906,0,0,0,0,0,0,0,0,0,1,0,1,1,1
param_20158,real_003,0.8341191033551567,0.4313099354190673,0.1043868834627601,0.14744732437408054,0.2855645745207881,438.3267504933633,0,0,1,1,0,0,0,1,0,0,0,1,1,1
param_20158,real_004,0.8028228878370389,0.3890825055266617,0.08326422021438747,0.09996903815618514,1.1223687736326555,494.5273807197883,0,0,0,0,0,0,0,1,0,0,0,0,1,1
param_20158,real_005,0.8128284447953902,0.49650005220325055,0.111692723020624,0.141532844782072,0.3863180326338876,712.3859350401743,1,0,0,0,1,0,0,0,1,0,0,1,1,1
param_20159,real_001,0.7623201438718448,0.4709535836270199,0.08929098851824976,0.13841024278548103,0.6796541786743516,440.50336269338675,1,1,1,1,1,1,1,1,0,1,0,1,1,1
param_20159,real_002,0.805307219430307,0.5531812134138362,0.19170125735741617,0.23611448529571838,0.46393251167875954,185.16679268051558,0,0,0,1,0,0,1,1,1,1,1,1,1,1
param_20159,real_003,0.8370227754902482,0.5166147324380731,0.19612902989363934,0.2343471013823658,0.7025681653132634,274.7966619610211,1,1,1,1,1,0,1,1,0,0,0,1,1,1
param_20159,real_004,0.7738742560001366,0.4496527189123947,0.09196048806474565,0.12067463465803328,1.1977173428444048,252.32439116274554,0,0,1,1,0,0,1,1,0,0,0,1,1,1
param_20159,real_005,0.7746535611754334,0.5239823152514287,0.13169818018150883,0.1707130896078809,0.015397033842150284,572.2656136904453,1,0,0,0,1,0,0,1,1,0,0,1,1,1
param_20160,real_001,0.7547540289555907,0.5984258006497908,0.1459121656382786,0.21388268959465967,0.7206184321777993,216.26247845503121,1,1,1,1,1,1,1,1,1,1,0,1,1,1
param_20160,real_002,0.8047109257195367,0.6422051635278379,0.2493482644829351,0.3047853332807431,0.5559131585439702,168.39540303771992,0,1,1,1,1,1,1,1,1,1,1,1,1,1
param_20160,real_003,0.8307195490544523,0.6182732528076321,0.221397919938427,0.27234390244149786,0.6661733516675601,247.62603109440818,1,1,1,1,1,1,1,1,0,0,0,1,1,1
param_20160,real_004,0.7770180107838205,0.547662514240136,0.14322407010593444,0.18291312806785448,1.187999752060993,134.51793241780868,0,1,1,1,0,1,1,1,0,0,0,1,1,1
param_20160,real_005,0.8148574707464604,0.6635482839701452,0.22501669652514378,0.28369697636137453,0.1775181305398872,453.64833599171527,1,1,0,0,1,0,0,1,1,0,1,1,1,1
param_20161,real_001,0.8333781711730326,0.7273191935556254,0.2892830800800321,0.3694944652553817,0.16031321439513563,131.7645011659901,1,1,1,1,1,1,1,1,1,1,1,1,1,1
param_20161,real_002,0.843627861094694,0.7508895408460312,0.3075142880351208,0.3810097377246903,0.3465498621554725,9.13430956294291,1,1,1,1,1,1,1,1,1,1,1,1,1,1
param_20161,real_003,0.8635860236929804,0.7290104650351372,0.3093482073645373,0.38487713763964426,0.2930752804363487,53.07540105607217,1,1,1,1,1,1,1,1,1,1,1,1,1,1
param_20161,real_004,0.779963146533312,0.6286949010223246,0.20380235450523543,0.27116980254800815,0.5174726038078227,20.929721560493597,1,1,1,1,1,1,1,1,1,1,1,1,1,1
param_20161,real_005,0.8148445146002412,0.7149999420843097,0.24096255586734266,0.3212760230749015,0.20393306645115616,284.6987659028755,1,1,1,1,1,1,1,1,1,1,1,1,1,1
