param_folder,realization,global_ssim,plume_ssim,iou_0.001,iou_0.0001,area_rel_err_1e-3_d365,centroid_err_m_d365,exceed_w500_+400_true,exceed_w500_+400_pred,exceed_w500_-400_true,exceed_w500_-400_pred,exceed_w1000_+400_true,exceed_w1000_+400_pred,exceed_w1000_-400_true,exceed_w1000_-400_pred,exceed_w1500_+600_true,exceed_w1500_+600_pred,exceed_w1500_-600_true,exceed_w1500_-600_pred,exceed_w1900_+0_true,exceed_w1900_+0_pred
param_20000,real_001,0.7878934696449927,0.45622458292454177,0.09909442392285957,0.11856972692464673,2.1685277179408273,453.95994429728114,0,1,0,1,0,1,0,1,0,1,0,0,0,1
param_20000,real_002,0.7401667464362636,0.3983828873792517,0.06086559004776801,0.0795423354935074,2.717466171928811,130.7813926203387,0,1,0,1,0,1,0,1,0,1,0,1,0,1
param_20000,real_003,0.7887221656442202,0.4242456694152104,0.08717710070380874,0.09943379011637253,2.6553761146425283,332.4281483252445,0,1,0,1,0,1,0,1,0,1,0,1,0,0
param_20000,real_004,0.7644954388377784,0.3892903581055993,0.04459651947404241,0.05956355944745966,2.692215409224207,34.51364845944298,0,1,0,1,0,1,0,1,0,1,0,0,1,1
param_20000,real_005,0.7525370748874798,0.4136000849600992,0.07977650030027547,0.09494533379671621,2.478944351353735,210.07538341079635,0,1,0,1,0,1,0,1,0,1,0,1,0,1
param_20001,real_001,0.7936694146966657,0.47175886929113875,0.10392564756070734,0.12540382935303282,1.9553869810353666,453.3167466613381,0,1,0,1,0,1,0,1,0,1,0,0,0,1
param_20001,real_002,0.7440437727649235,0.4058365567390275,0.0644733873214462,0.08521180539914062,2.4580026455026456,131.32475252765698,0,1,0,1,0,1,0,1,0,1,0,1,0,1
param_20001,real_003,0.7928004401945381,0.43202226500421903,0.09055769852039902,0.10462324263618708,2.4233876057049097,331.78229117506794,0,1,0,1,0,1,0,1,0,1,0,1,0,0
param_20001,real_004,0.7681016079343321,0.3971921163542286,0.047270466812738936,0.06408740955676069,2.441510840529291,34.947989271341164,0,1,0,1,0,1,0,1,0,1,0,0,0,1
param_20001,real_005,0.7570457066250476,0.4229997228433477,0.08373596804705075,0.10101350995922052,2.2339522872602067,209.45293148648628,0,1,0,1,0,1,0,1,0,1,0,1,0,1
param_20002,real_001,0.7923482164601637,0.48640770545899686,0.10618196213106966,0.12914744085844743,1.8555099938590758,458.33244325693494,0,1,0,1,0,1,0,1,0,1,0,0,0,1
param_20002,real_002,0.7416803578419455,0.42231238983782127,0.06564832478472873,0.08764786219914496,2.343164288854254,126.13139563822669,0,1,0,1,0,1,0,1,0,1,0,1,1,1
param_20002,real_003,0.7913483894495452,0.4586858228205425,0.09510159311152509,0.11284231999982007,2.303312629399586,336.60648177450867,0,1,0,1,0,1,0,1,0,1,0,1,0,0
param_20002,real_004,0.766176078251736,0.4137632774615711,0.049655429188651345,0.06757699458984291,2.33468437738272,30.801605888486492,0,1,0,1,0,1,0,1,0,1,0,0,1,1
param_20002,real_005,0.7554798768342488,0.43704138573787615,0.0855344495907183,0.1039444807081484,2.12395565234607,214.64445037243874,0,1,0,1,0,1,0,1,0,1,0,1,0,1
param_20003,real_001,0.8258189447226659,0.5551467245631708,0.13073898363470815,0.16442742133966903,1.1008073918619563,451.016601925001,1,1,1,1,1,1,1,1,0,1,0,0,0,1
param_20003,real_002,0.7714739471231172,0.470732269175325,0.08510910840085809,0.11916012845129616,1.4648565830374638,132.59038344197793,1,1,1,1,1,1,1,1,0,1,0,1,0,1
param_20003,real_003,0.8207648116646561,0.5042673567926808,0.11242263469528867,0.14104589025567996,1.4426783141210375,330.3648222895948,1,1,1,1,1,1,1,1,0,1,0,1,0,0
param_20003,real_004,0.7969658922353883,0.4796455399369911,0.06598098384770804,0.09528509431865312,1.4521793017971494,34.970057064277086,1,1,1,1,1,1,1,1,0,1,0,0,0,1
param_20003,real_005,0.7881866242069926,0.4978417918200842,0.1071461787985831,0.1372252790450834,1.2953087497272529,208.9167278476478,1,1,1,1,1,1,1,1,0,1,0,1,0,1
param_20004,real_001,0.8340141198962343,0.6144386369824061,0.14957308601548033,0.1912416840796873,0.7365675597532768,492.35643033196203,1,1,1,1,1,1,1,1,0,1,0,0,1,1
param_20004,real_002,0.7757883533398615,0.5360096094095749,0.10025999728092783,0.1450710850825513,1.0571990655354728,90.36821171763778,1,1,1,1,1,1,1,1,0,1,0,1,1,1
param_20004,real_003,0.8246041779361848,0.5953651880139477,0.11630772247082721,0.1574034673895875,0.9968710888610763,370.81957473583486,1,1,1,1,1,1,1,1,0,1,0,1,1,0
param_20004,real_004,0.8084309443468999,0.5624097907826835,0.08916950449836607,0.1282666189670933,1.0405421997397049,23.989106121106683,1,1,1,1,1,1,1,1,0,1,0,0,1,1
param_20004,real_005,0.8001391329846492,0.571122302695716,0.13103102388720983,0.1723038484553287,0.9033437070275747,251.31122968194322,1,1,1,1,1,1,1,1,0,1,0,1,1,1
param_20005,real_001,0.8429299287445993,0.6891663964667881,0.16220565198641676,0.2067648120095808,0.12510242108265912,440.52080967096464,1,1,1,1,1,1,1,1,1,1,1,0,1,1
param_20005,real_002,0.8316118252056477,0.6708035921403451,0.16818031583606263,0.2343930595202945,0.0257177363487558,141.09691269602916,1,1,1,1,1,1,1,1,1,1,1,1,1,1
param_20005,real_003,0.8369063508202621,0.6648095547193208,0.1296979944934244,0.17983189652408785,0.006641070872678219,326.5271081895629,1,1,1,1,1,1,1,1,1,1,1,1,1,0
param_20005,real_004,0.8213304743455272,0.6538893961579744,0.11266008673248869,0.16474546397017428,0.014058209774848984,39.54798662290963,1,1,1,1,1,1,1,1,1,1,1,0,1,1
param_20005,real_005,0.8279672552182469,0.6743111695375797,0.17270682343188806,0.22382261220500374,0.04146012538270885,206.94544908186882,1,1,1,1,1,1,1,1,1,1,1,1,1,1
param_20006,real_001,0.7663354889866375,0.45675351436293815,0.12262752622381992,0.13644124404587982,1.8454319732546092,292.7785707710101,0,1,0,1,1,1,0,1,0,1,0,1,0,1
param_20006,real_002,0.7438684707533672,0.4394503237465458,0.08480138011808197,0.10203738678866917,2.174383083392843,277.2499905182943,0,1,1,1,0,1,0,1,0,1,0,0,1,1
param_20006,real_003,0.7438490464997943,0.4362736464852728,0.14667171896062142,0.15042842402519954,1.860147050264807,63.70119827925511,1,1,0,1,1,1,0,1,0,1,0,1,1,1
param_20006,real_004,0.7281933261116532,0.4566843302207508,0.08245881260947628,0.09926800196088502,2.365750014039948,220.50909293784085,0,1,0,1,0,1,0,1,0,1,0,1,0,1
param_20006,real_005,0.7574305675494457,0.4357109476911456,0.0935286815966418,0.10876115383958566,2.0786771105308963,155.4024449710911,1,1,0,1,1,1,0,1,0,1,0,0,0,1
param_20007,real_001,0.7738852185668996,0.470037830280823,0.1293403298375123,0.14509349596433815,1.6454785058620376,291.1983172846065,1,1,0,1,1,1,1,1,0,1,0,1,0,1
param_20007,real_002,0.7501531952795246,0.44791244975741745,0.08952818782235504,0.10869908864809621,1.9527455900804487,274.11125476758707,1,1,1,1,0,1,1,1,0,1,0,0,1,1
param_20007,real_003,0.7515373004378698,0.45134562403704265,0.15331420844444982,0.15865576580066904,1.6813618507202095,65.0063535388689,1,1,0,1,1,1,0,1,0,1,0,1,1,1
param_20007,real_004,0.7343312171541377,0.46740639809603257,0.08692148600693432,0.10537367168632368,2.1361963404210784,217.14846984128613,1,1,1,1,0,1,1,1,0,1,0,1,0,1
param_20007,real_005,0.7636927558533566,0.4497165043821407,0.09735131317288664,0.11448366351108176,1.8815053490940028,153.1582043958521,1,1,1,1,1,1,0,1,0,1,0,0,0,1
param_20008,real_001,0.775497542088178,0.5005546742138324,0.13646271147489478,0.15497808820695394,1.5624768913851084,296.197266183328,1,1,0,1,1,1,1,1,0,1,0,1,0,1
param_20008,real_002,0.7518020932909857,0.469942126992036,0.09552709811579708,0.11701372803217351,1.874874245472837,279.23407852178906,1,1,1,1,0,1,1,1,0,1,0,0,1,1
param_20008,real_003,0.7541521272977307,0.46905783460424744,0.16141267849818536,0.16897099200445986,1.6155265398807834,59.546307970158125,1,1,0,1,1,1,0,1,0,1,0,1,1,1
param_20008,real_004,0.7341473665814741,0.48773207133548446,0.09028093740368934,0.11083555668777795,2.066865671641791,222.23986535801282,0,1,1,1,0,1,1,1,0,1,0,1,0,1
param_20008,real_005,0.765549920300318,0.4771866047296143,0.10269254133246612,0.12237866620511186,1.8118740174171097,157.54290755953167,1,1,1,1,1,1,0,1,0,1,0,0,0,1
param_20009,real_001,0.8082279012945328,0.5511439172244468,0.1632442519325265,0.19107950383448055,1.003896515166118,286.94207355546104,1,1,1,1,1,1,1,1,0,1,0,1,0,1
param_20009,real_002,0.7777665425826779,0.5028882990690707,0.11154763872794589,0.14191259626812516,1.2368571867879956,262.14229336303987,1,1,1,1,1,1,1,1,0,1,0,0,1,1
param_20009,real_003,0.7898091652935061,0.5327712446445235,0.19256724670274936,0.20989503236812182,1.0439478171659897,65.78923151433747,1,1,1,1,1,1,1,1,0,1,0,1,1,1
param_20009,real_004,0.7633229595295213,0.5285978503265047,0.10786299747613633,0.13550124225878224,1.4252050285960938,205.0419355147315,1,1,1,1,1,1,1,1,0,1,0,1,0,1
param_20009,real_005,0.7886503310860183,0.5170371927940378,0.11213060247680781,0.14109499540322668,1.2418246345379265,143.99141263718974,1,1,1,1,1,1,1,1,0,1,0,0,0,1
param_20010,real_001,0.833010124426068,0.6570930662388844,0.19068114717949908,0.23633407206274548,0.6049247937894227,324.73021286691875,1,1,1,1,1,1,1,1,0,1,0,1,1,1
param_20010,real_002,0.8091282290720011,0.6204389867549621,0.15944242137651055,0.20728278086314295,0.8380175730775857,300.37013439190787,1,1,1,1,1,1,1,1,0,1,0,0,1,1
param_20010,real_003,0.828516825876919,0.6302486090789694,0.24740330527384446,0.2848814042325085,0.6604572587003041,27.642102923901287,1,1,1,1,1,1,1,1,0,1,0,1,1,1
param_20010,real_004,0.785958070787532,0.6034722440234547,0.13053525789454404,0.17293314654052985,1.0166111466289804,240.34148744044734,1,1,1,1,1,1,1,1,0,1,0,1,1,1
param_20010,real_005,0.8156653266793836,0.6222320025822355,0.1470500463236135,0.1916753292832049,0.8219620231432201,177.938062066891,1,1,1,1,1,1,1,1,0,1,0,0,1,1
param_20011,real_001,0.8440150377519723,0.6920610970525389,0.20919539894694192,0.25892529128082914,0.08116315334255068,282.5579268686521,1,1,1,1,1,1,1,1,1,1,1,1,1,1
param_20011,real_002,0.8192332322964417,0.6503044142356903,0.18120605603244516,0.2369409546476716,0.03572653666176937,252.94586460556422,1,1,1,1,1,1,1,1,1,1,1,0,1,1
param_20011,real_003,0.8577564706529962,0.6939637705545556,0.29931170882545843,0.35157702455108847,0.06292426207001754,64.14466359687617,1,1,1,1,1,1,1,1,1,1,1,1,1,1
param_20011,real_004,0.806059175017503,0.6544767703779673,0.1713402184507637,0.23154732278701065,0.5833157208778048,972.3021744874811,1,1,1,1,1,1,1,1,1,1,1,1,0,1
param_20011,real_005,0.8076051412682341,0.6379436675202513,0.14766631175020994,0.19833458756761568,0.04440507824033068,124.44673345312852,1,1,1,1,1,1,1,1,1,1,1,0,1,1
param_20012,real_001,0.6987429795199384,0.4269046672959632,0.11495985460804613,0.1277021319298602,1.6541411324355069,387.80557602635207,1,1,1,1,1,1,1,1,0,1,0,1,1,1
param_20012,real_002,0.6899527492163093,0.3999878207247567,0.09748537649270322,0.11352840946135224,1.5664574116495007,301.69822841865596,0,1,1,0,1,1,1,1,0,1,0,1,1,1
param_20012,real_003,0.7001608847614635,0.38091082440554985,0.060538311026756594,0.08942282388620501,1.3856512464787585,56.515500885047715,1,1,0,1,1,1,1,1,0,1,0,1,1,1
param_20012,real_004,0.7576180223054725,0.4501204355884807,0.13559014346814277,0.15283738048787457,1.5653855022081906,110.9896370567534,1,1,0,1,1,1,1,1,0,0,0,1,0,1
param_20012,real_005,0.6604186400763781,0.37217018534027274,0.04420746633666793,0.07472857631232567,1.65775303307296,537.7365342747295,1,0,1,1,1,1,1,1,0,1,0,1,1,1
param_20013,real_001,0.7051096212869958,0.44198359743282395,0.1185180181590461,0.1332581038913522,1.5353781438962404,390.28568010909856,1,1,1,1,1,1,1,1,0,1,0,1,1,1
param_20013,real_002,0.695566351455943,0.4148219757051633,0.10074270004618416,0.1188260180164708,1.425917355371901,305.3855382930597,0,1,1,0,1,1,1,1,0,1,0,1,1,1
param_20013,real_003,0.7048776091290884,0.3946936761225942,0.062256048991685714,0.09323242952437104,1.2836879432624113,58.93681287178818,1,1,0,1,1,1,1,1,0,1,0,1,1,1
param_20013,real_004,0.7643841013017222,0.4577533607373458,0.13943367899347384,0.15807016980322788,1.4614376637963309,108.52929600791299,1,1,0,1,1,1,1,1,0,0,0,1,0,1
param_20013,real_005,0.6650569066725953,0.3825647327771373,0.04507632681300984,0.07733916430873242,1.517624647743195,542.2504276138136,1,0,1,1,1,1,1,1,0,1,0,1,0,1
param_20014,real_001,0.7082618194750335,0.46001418620442175,0.12416980844979701,0.1414281386597372,1.4529607271247371,384.91284685313974,1,1,1,1,1,1,1,1,0,1,0,1,1,1
param_20014,real_002,0.6985448860550286,0.42846854902943754,0.10757931104432487,0.12700763732193085,1.3595003456424932,300.93661594382456,0,1,1,0,1,1,1,1,0,1,0,1,1,1
param_20014,real_003,0.7061911984402954,0.4037320837857507,0.0669022625304741,0.09970468683203297,1.2202521670606776,55.455943666294246,1,1,0,1,1,1,1,1,0,1,0,1,1,1
param_20014,real_004,0.7670155955629251,0.4835949673076142,0.1461527450660856,0.16887814161686168,1.370004424126235,112.34527365531753,1,1,0,1,1,1,1,1,0,0,0,1,0,1
param_20014,real_005,0.6657877047118486,0.39473173745353485,0.048241772502804654,0.08215687384698142,1.4492587146970533,537.2881626015284,1,0,1,1,1,1,1,1,0,1,0,1,1,1
param_20015,real_001,0.730237307473449,0.5051037548239841,0.14006770171496008,0.1649825719936608,1.0272720902529606,396.5211676093893,1,1,1,1,1,1,1,1,0,1,0,1,1,1
param_20015,real_002,0.7196538407943062,0.46817129903418964,0.11609142473269723,0.14450670889248923,0.9487220341233487,320.8843479669418,1,1,1,0,1,1,1,1,0,1,0,1,1,1
param_20015,real_003,0.7235239102794657,0.4377127434343731,0.07193435142465429,0.11303273669548605,0.8558960262467856,64.77080689432105,1,1,1,1,1,1,1,1,0,1,0,1,1,1
param_20015,real_004,0.793055341229033,0.5209751025708091,0.16026593154083885,0.1891142282133545,1.0220746539913323,100.12994122316215,1,1,1,1,1,1,1,1,0,0,0,1,0,1
param_20015,real_005,0.6783753831192567,0.42915005134698947,0.05153470615707485,0.0916751643787961,0.9817460809219902,556.2481734984106,1,0,1,1,1,1,1,1,1,1,0,1,0,1
param_20016,real_001,0.7675860734060842,0.5888333622108566,0.17863768017536252,0.22429150816097398,0.5423886039643021,359.1696926313609,1,1,1,1,1,1,1,1,1,1,1,1,1,1
param_20016,real_002,0.7615770985340877,0.5746193857554236,0.17156121856179063,0.2184754007492951,0.5395621571157336,292.4196808984634,1,1,1,0,1,1,1,1,0,1,0,1,1,1
param_20016,real_003,0.7567186586734538,0.5433356429436909,0.11136357049864197,0.17217798782742283,0.38228717532620693,346.3642559014161,1,1,1,1,1,1,1,1,1,1,0,1,1,1
param_20016,real_004,0.8220781820337101,0.6338743905105123,0.19235502160685605,0.2449894351121909,0.5230127725889501,123.81480778769627,1,1,1,1,1,1,1,1,1,0,0,1,1,1
param_20016,real_005,0.7086275978495422,0.5325339010263774,0.08130702067842419,0.137761372116534,0.5375747553025787,522.0612305379533,1,0,1,1,1,1,1,1,1,1,0,1,1,1
param_20017,real_001,0.7831168147319028,0.6303504938947091,0.20403086311629814,0.2545475745859737,0.02128620950148615,395.2766674069895,1,1,1,1,1,1,1,1,1,1,1,1,1,1
param_20017,real_002,0.7650055281204807,0.6076826237352302,0.1723287138352705,0.23009720400665956,0.009208003672400291,342.1978485625026,1,1,1,0,1,1,1,1,1,1,1,1,1,1
param_20017,real_003,0.7593080042383958,0.5804434082089491,0.11691489402993187,0.1808964460349102,0.019783631169422014,63.19533744278844,1,1,1,1,1,1,1,1,1,1,1,1,1,1
param_20017,real_004,0.8412829539869756,0.6735427006466455,0.23855469772355015,0.29380657052921977,0.01744482259675151,86.05357861659022,1,1,1,1,1,1,1,1,1,0,1,1,0,1
param_20017,real_005,0.7090951170814551,0.5682206058818495,0.08741968909531696,0.14906303684341574,0.009736385161799527,563.8266949236622,1,0,1,1,1,1,1,1,1,1,1,1,1,1
param_20018,real_001,0.7283294582146076,0.3730796668087784,0.06784431487520819,0.08085728788093327,2.6090810664501287,195.3682006406363,0,1,0,1,0,1,0,1,0,1,0,1,0,1
param_20018,real_002,0.7268374620203116,0.3723667318989737,0.08353033560948914,0.09070034488686708,2.617471872931833,54.0612885174799,0,1,0,1,0,1,0,1,0,1,0,0,1,1
param_20018,real_003,0.7184193788781178,0.3743295502329783,0.03672789925260804,0.055760676491364014,2.692852198378849,246.08284754190979,0,1,0,1,0,1,0,1,0,1,0,1,1,1
param_20018,real_004,0.7546120373229764,0.4387923728282698,0.1114692946209107,0.1205437597807766,2.3920788115993594,227.47821786036587,0,1,0,1,0,1,0,1,0,1,0,1,1,1
param_20018,real_005,0.7573534659624929,0.3887629570977304,0.11321689253513367,0.1259707911576214,1.7390111743148144,352.9086389918995,0,1,0,1,0,1,0,1,0,1,0,0,1,1
param_20019,real_001,0.7352476654029452,0.394974497222981,0.07280495576573263,0.08784944683404795,2.3153412622767395,196.22413729750545,0,1,0,1,0,1,0,1,0,1,0,1,0,1
param_20019,real_002,0.7336857454763436,0.39005750132914263,0.08828105560544745,0.09730324385662238,2.3409349576360494,52.739257046578494,0,1,0,1,0,1,0,1,0,1,0,0,1,1
param_20019,real_003,0.7229375527117514,0.39308888862009406,0.03912047380157532,0.060427890062850945,2.411382482775692,246.62206405438556,0,1,0,1,0,1,0,1,0,1,0,1,1,1
param_20019,real_004,0.7621656606424285,0.4656729181259643,0.11731563570314309,0.1285892087251489,2.125845321529571,226.42397707061892,0,1,0,1,0,1,0,1,0,1,0,1,1,1
param_20019,real_005,0.7649022625081168,0.4201379070469451,0.11966732994398432,0.13534977797296877,1.5213800811325442,354.57299631571976,0,1,0,1,0,1,0,1,0,1,0,0,0,1
param_20020,real_001,0.7340724536214451,0.4169195171794108,0.07469927950194993,0.09088551093187938,2.216698162518596,193.20028494052568,0,1,0,1,0,1,0,1,0,1,0,1,0,1
param_20020,real_002,0.7340383337277823,0.41786859259007403,0.09603165988418068,0.1067922730656629,2.2498359849106118,57.523998419640435,0,1,0,1,0,1,0,1,0,1,0,0,1,1
param_20020,real_003,0.7207506755373758,0.4035021113653917,0.040830061856170115,0.06321140367241523,2.3220907575179286,242.54106846703306,0,1,0,1,0,1,0,1,0,1,0,1,1,1
param_20020,real_004,0.7611264125440667,0.47915158241144523,0.12033418767124361,0.13351868355136137,2.0308178350023844,230.8752890228072,0,1,0,1,0,1,0,1,0,1,0,1,1,1
param_20021,real_001,0.7700839120835813,0.4941568721118806,0.10062222663738471,0.12828524212511613,1.306478117972669,198.15556077255303,1,1,1,1,1,1,1,1,0,1,0,1,0,1
param_20021,real_002,0.7697912383823887,0.47094101136706484,0.12043019421249335,0.14175917870636406,1.332117110489922,48.085456847927645,1,1,1,1,1,1,1,1,0,1,0,0,1,1
param_20021,real_003,0.7479106813443558,0.47219476543007227,0.05362730847073045,0.08868820760594087,1.3858072334347995,247.18936848908686,1,1,1,1,1,1,1,1,0,1,0,1,1,1
param_20021,real_004,0.7992402057618516,0.553267047964694,0.14968986207888743,0.17463888052416843,1.1997173471006446,222.94663860960014,1,1,1,1,1,1,1,1,0,1,0,1,1,1
param_20021,real_005,0.8014416680594567,0.5223318700091678,0.14800285943218858,0.18128724164564308,0.7783081526895848,361.6513437521527,1,1,1,1,1,1,1,1,0,1,0,0,0,1
param_20022,real_001,0.7798707790229723,0.5597173767275092,0.11759832529443226,0.15564660218389262,0.960124954061007,175.79986401088885,1,1,1,1,1,1,1,1,0,1,0,1,1,1
param_20022,real_002,0.7832351765363257,0.5753012383594122,0.15956935517691836,0.1932260808037233,1.0119564389612368,88.16074974633844,1,1,1,1,1,1,1,1,0,1,0,0,1,1
param_20022,real_003,0.7592282145827203,0.5353905742016505,0.07309507541400104,0.11821615637567146,1.051543833968069,215.8342807784353,1,1,1,1,1,1,1,1,0,1,0,1,1,1
param_20022,real_004,0.8083499042741998,0.5913418385806285,0.1633160017563069,0.2017997277266932,0.9099343884603827,259.2103142993047,1,1,1,1,1,1,1,1,0,1,0,1,1,1
param_20022,real_005,0.8287562656176612,0.5932571931594961,0.19175580734042555,0.23996423927088956,0.5350100172624522,319.75196281136124,1,1,1,1,1,1,1,1,0,1,0,0,1,1
param_20023,real_001,0.8084002624385904,0.6620675562604199,0.15090735891053111,0.20525327325564457,0.03688031204102762,203.57929503367447,1,1,1,1,1,1,1,1,1,1,1,1,1,1
param_20023,real_002,0.8134280177569337,0.6498170181256749,0.19303385284417243,0.24948828813545987,0.02731858179006664,43.4018056503639,1,1,1,1,1,1,1,1,1,1,1,0,1,1
param_20023,real_003,0.7640695562568415,0.6243612175524093,0.08980548089212359,0.14889219640040469,0.0026129763680234745,249.74020126922238,1,1,1,1,1,1,1,1,1,1,1,1,1,1
param_20023,real_004,0.8402089770876949,0.6857778342357834,0.1993905822157383,0.25305680553806126,0.0732313412885508,211.38094255450383,1,1,1,1,1,1,1,1,1,1,1,1,1,1
param_20023,real_005,0.8065141547712982,0.6443755285377634,0.17422724550203963,0.22643741007265447,0.25596550481576713,377.9684515507699,1,1,1,1,1,1,1,1,1,1,1,0,1,1
param_20024,real_001,0.6898151095592003,0.39943127050693084,0.10578776441463156,0.12026325202961363,1.9100629879681665,304.20176421857127,0,1,0,1,0,1,0,1,0,1,0,1,1,1
param_20024,real_002,0.7012119744465921,0.3999558348808204,0.10077716451670508,0.11109268781550913,2.586866734039281,138.51175372001214,0,1,0,1,0,1,0,1,0,1,0,0,1,1
param_20024,real_003,0.6915867090921165,0.3811493594443129,0.0701850051676972,0.08792495557970513,2.1081179468511104,299.8106048648942,0,1,0,1,1,1,0,0,0,1,0,1,1,1
param_20024,real_004,0.7119168422110229,0.47051381059128516,0.13685215924017244,0.15140322656120056,1.7984232318076117,190.70348580457141,0,1,0,1,0,1,0,1,0,1,0,1,1,1
param_20024,real_005,0.7400397597158143,0.42351648300495925,0.18062105265867856,0.18704241885134856,1.479086004443034,412.2582511630834,0,1,0,1,0,1,0,1,0,0,0,0,1,1
param_20025,real_001,0.6996616316216587,0.4228836851140079,0.11371164294008791,0.1309939114103615,1.6312388097877057,305.35867678702834,0,1,0,1,1,1,1,1,0,1,0,1,1,1
param_20025,real_002,0.7098880638782515,0.4208783752447793,0.1071407133994841,0.1193330941502273,2.283993080698367,133.6523592497993,0,1,0,1,0,1,0,1,0,1,0,0,1,1
param_20025,real_003,0.6992068870159467,0.40243310265603877,0.07595661747884225,0.09648178591805286,1.8429464649080618,303.28483167513184,1,1,0,1,1,1,0,0,0,1,0,1,1,1
param_20025,real_004,0.7210590484045347,0.5001854564107557,0.14503527239745195,0.1625463584571181,1.5594307649744086,186.9904838567206,0,1,0,1,1,1,0,1,0,1,0,1,1,1
param_20025,real_005,0.7500587133654933,0.46560367474520453,0.1915119308828683,0.20083114097652935,1.2531728328590108,419.0110147506166,0,1,0,1,1,1,0,1,0,0,0,0,1,1
param_20026,real_001,0.699582508654559,0.43332617728339956,0.11648749520425604,0.1355438337102679,1.607143460557217,302.5100995219898,0,1,0,1,1,1,1,1,0,1,0,1,1,1
param_20026,real_002,0.7106574628741097,0.44485527631295285,0.11269150516357435,0.12696015742127034,2.2451551350599273,135.73360548929512,0,1,0,1,0,1,0,1,0,1,0,0,1,1
param_20026,real_003,0.699572342291938,0.4113634705217717,0.07888944562734505,0.10091620342985581,1.8021515179141216,298.83421620565434,1,1,0,1,1,1,0,0,0,1,0,1,1,1
param_20026,real_004,0.7219955434775818,0.5165922609534062,0.14821930465611965,0.16765897415994616,1.5275263822956866,189.82897371715558,0,1,0,1,1,1,0,1,0,1,0,1,1,1
param_20026,real_005,0.7532196111684759,0.48510147040800516,0.1965175244699532,0.20821530213704942,1.2287866395297966,415.430746521682,0,1,0,1,1,1,0,1,0,0,0,0,1,1
param_20027,real_001,0.7349895149419985,0.4996352824189161,0.14572895654557225,0.1760422943296651,0.9155494314514127,318.4420910234354,1,1,1,1,1,1,1,1,1,1,1,1,1,1
param_20027,real_002,0.749894370086353,0.49991416997368665,0.1403920639604894,0.16530895097481854,1.3230272331464672,126.79018467833772,1,1,1,1,1,1,0,1,0,1,0,0,1,1
param_20027,real_003,0.7303599891075615,0.48512700218814303,0.0967519331379041,0.131906558741753,1.0813955063179708,309.2677292357038,1,1,1,1,1,1,0,0,0,1,0,1,1,1
param_20027,real_004,0.7559705586292783,0.5869584552831693,0.17408321197581197,0.2052346396546464,0.8923649287887698,171.63573230500475,1,1,1,1,1,1,1,1,1,1,1,1,1,1
param_20027,real_005,0.791918945871066,0.582162336588837,0.2272826333202062,0.2549437364451893,0.6290230644107384,450.96710533191435,1,1,1,1,1,1,0,1,0,0,0,0,1,1
param_20028,real_001,0.7678235907782845,0.5849136373619855,0.17675864730261398,0.22196735983461713,0.6624721231644383,293.01569886460004,1,1,1,1,1,1,1,1,1,1,1,1,1,1
param_20028,real_002,0.7758946300369794,0.5999890373962399,0.1748534633864591,0.2125636220412658,1.0450810431645665,134.7605418420774,1,1,1,1,1,1,1,1,0,1,0,0,1,1
param_20028,real_003,0.7556275558917845,0.5525182265345474,0.12550789555016084,0.176758002736691,0.7729018861394705,280.8653795430243,1,1,1,1,1,1,1,0,1,1,0,1,1,1
param_20028,real_004,0.7899225396293094,0.6263230916195909,0.2048429660105226,0.2531250122472642,0.6612644361889584,186.7883227324323,1,1,1,1,1,1,1,1,1,1,1,1,1,1
param_20028,real_005,0.8363054696527498,0.6518006997886353,0.2772836770609124,0.3220461760864982,0.4326551572357803,426.89646616952905,1,1,1,1,1,1,1,1,0,0,0,0,1,1
param_20029,real_001,0.8018976098893812,0.6686535730790963,0.21955921025154307,0.2765811007412519,0.038381484158835404,340.33103682784326,1,1,1,1,1,1,1,1,1,1,1,1,1,1
param_20029,real_002,0.8084958521266349,0.6539317856467699,0.2237055194699221,0.27857917807110083,0.05394064979246148,134.7503957676108,1,1,1,1,1,1,1,1,1,1,1,0,1,1
param_20029,real_003,0.7607471241963784,0.6228573444707779,0.13657371514078614,0.20069943315215485,0.04360542905327616,316.45726167204896,1,1,1,1,1,1,1,0,1,1,1,1,1,1
param_20029,real_004,0.8114422904370897,0.6799226206065715,0.22909028165722511,0.288845541130966,0.06322504699158898,147.93240822268118,1,1,1,1,1,1,1,1,1,1,1,1,1,1
param_20029,real_005,0.8292958462059099,0.6842846479406285,0.2588437378018793,0.3173453360978579,0.2646752431754001,507.1662438854862,1,1,1,1,1,1,1,1,1,0,1,0,1,1
param_20030,real_001,0.6805671150175643,0.41762892174386823,0.12384837073674135,0.14184257570663247,1.7345682233237674,294.1892757792616,0,1,0,1,1,1,0,1,0,1,0,1,1,1
param_20030,real_002,0.6791422668421723,0.41958503725083285,0.10886019803417113,0.11858365784576992,2.902919257397363,148.60561446957504,0,1,0,1,0,1,0,1,0,1,0,1,1,1
param_20030,real_003,0.6854034883787855,0.3873005800768563,0.10155357706909841,0.11800655763917556,1.8583948869072677,246.89888222014943,0,1,0,1,1,1,0,0,0,1,0,1,1,1
param_20030,real_004,0.6943707143603765,0.48440478381129864,0.16317851780831116,0.18107068964187775,1.3820514516235698,94.4662043854676,0,0,0,1,1,1,0,1,0,1,0,1,1,1
param_20030,real_005,0.719732593388147,0.43836860292540125,0.182301463656181,0.18607593902021707,1.601227767733255,372.1961908230486,0,1,0,1,0,1,0,1,0,0,0,0,1,1
param_20031,real_001,0.69075832403443,0.4430374504175027,0.13398393904298822,0.15481451148872952,1.4051031803093115,299.1432918233937,0,1,0,1,1,1,1,1,0,1,0,1,1,1
param_20031,real_002,0.6878399715750101,0.44126273167600305,0.11561124764833025,0.12617240616906536,2.5909644175761755,142.03206826364553,0,1,0,1,1,1,0,1,0,1,0,1,1,1
param_20031,real_003,0.6940460877773211,0.41017766485934104,0.10890570283365916,0.12700024514874872,1.6207344246188395,252.25569755823855,0,1,0,1,1,1,0,0,0,1,0,1,1,1
param_20031,real_005,0.7294045285353856,0.47742492737119163,0.192272724861079,0.19789949336865986,1.396010844306739,380.57609455065915,1,1,0,1,1,1,0,1,0,0,0,0,1,1
param_20032,real_001,0.6914626835981104,0.4490072772949041,0.1372358775566328,0.1600453184283296,1.3851813644431634,296.5925271627844,0,1,0,1,1,1,1,1,0,1,0,1,1,1
param_20032,real_002,0.6886518731584779,0.4640006394278429,0.11995097550027044,0.13242796754289793,2.54835023854388,143.33068537264657,0,1,0,1,1,1,0,1,0,1,0,1,1,1
param_20032,real_003,0.6966307327434668,0.42070884307140494,0.11342055079271145,0.13316674036222664,1.5795945152488515,249.3398646709002,0,1,0,1,1,1,0,0,0,1,0,1,1,1
param_20032,real_004,0.7066959847945536,0.529781292386305,0.17555205709186258,0.19715345947041094,1.168447668643328,90.17181661883605,0,0,0,1,1,1,1,1,0,1,0,1,1,1
param_20032,real_005,0.732883057770387,0.4912037457355282,0.19828514125266775,0.2057701290725794,1.3678116926609893,378.9233692844221,1,1,0,1,1,1,0,1,0,0,0,0,1,1
param_20033,real_002,0.7211451374965578,0.5066876550850995,0.13808537458013673,0.160191876675541,1.7140491559467044,131.32731405852445,1,1,0,1,1,1,0,1,0,1,0,1,1,1
param_20033,real_003,0.7265294853477607,0.4887378437257505,0.12976220481771494,0.15908226892872931,1.0376220876302722,261.4207979840848,1,1,0,1,1,1,0,0,0,1,0,1,1,1
param_20033,real_004,0.7378527228297841,0.5941974416001299,0.1982740212362624,0.2276040152380231,0.7983872981002073,80.20728591206009,0,0,0,1,1,1,1,1,1,1,1,1,1,1
param_20033,real_005,0.7697191403386725,0.5823015196729819,0.2237568367695769,0.24674903978565854,0.8168068954377927,413.6587196776015,1,1,0,1,1,1,0,1,0,0,0,0,1,1
param_20034,real_001,0.7709659588226949,0.6081071121698725,0.20167586223351835,0.25282533719796285,0.5923675255226057,305.4680070794278,1,1,1,1,1,1,1,1,1,1,1,1,1,1
param_20034,real_002,0.7532290285096477,0.593137768535209,0.1691586051303612,0.2071302223464297,1.2633039253292417,132.19379675602661,1,1,0,1,1,1,1,1,0,1,0,1,1,1
param_20034,real_003,0.7611232386362369,0.5642152655308157,0.1667273800046671,0.21622300675278713,0.689426241559881,247.76028808340473,1,1,1,1,1,1,0,0,1,1,0,1,1,1
param_20034,real_004,0.7888971395567212,0.6418828977941285,0.2377428185152921,0.2886101795351743,0.5275233248515692,80.25666608413101,1,0,1,1,1,1,1,1,1,1,1,1,1,1
param_20034,real_005,0.8222061527092605,0.6590622620530501,0.2810741632542176,0.32431537890642614,0.498631331605339,414.2259771008568,1,1,1,1,1,1,0,1,0,0,0,0,1,1
param_20035,real_001,0.797308547164948,0.6708081510381725,0.23949920689205575,0.2979214436256214,0.06330860323407479,348.76074709968344,1,1,1,1,1,1,1,1,1,1,1,1,1,1
param_20035,real_002,0.7886096893684769,0.645128700173637,0.21803697750821777,0.2761263735433788,0.2384940458698907,149.94782223446413,1,1,1,1,1,1,1,1,1,1,1,1,1,1
param_20035,real_003,0.7719811399247481,0.6300577788043473,0.17809555846233224,0.24043750034064829,0.011514485752478262,281.02077341231,1,1,1,1,1,1,1,0,1,1,1,1,1,1
param_20035,real_004,0.802998477861585,0.6810309397503634,0.2553796564790904,0.3139065959770303,0.025743324114333627,100.56477400780261,1,0,1,1,1,1,1,1,1,1,1,1,1,1
param_20035,real_005,0.828803140596144,0.690774015579826,0.2792126554574999,0.33786313034647814,0.15639403278152017,492.45857337096606,1,1,1,1,1,1,1,1,1,0,1,0,1,1
param_20036,real_001,0.7442847968689057,0.3184463263528537,0.062324469798112805,0.0779168282229706,2.2801342223002017,165.72542926147892,0,1,0,1,0,1,0,1,0,1,0,1,1,1
param_20036,real_002,0.7356832853056641,0.3854860161177186,0.08680791657878763,0.09576460078778438,2.4900234610658027,216.29969896077338,0,1,0,1,0,1,0,1,0,1,0,1,1,1
param_20036,real_003,0.7407542840784312,0.34671512065694027,0.08030746723355313,0.09088451194237568,2.181301213450947,98.399803209961,0,1,0,1,0,1,0,1,0,1,0,1,1,1
param_20036,real_004,0.7391898837980674,0.3393908503094999,0.08680951134172873,0.10763388124622596,1.9503582509318989,451.00642657925505,0,1,0,1,0,1,0,1,0,1,0,1,0,1
param_20036,real_005,0.7709920388791842,0.4132741518759652,0.10419981533817982,0.11923125157112058,2.1348232513162135,396.2402143342615,0,1,0,1,0,1,0,1,0,1,0,1,0,1
param_20037,real_001,0.7501555875823253,0.34371250111720664,0.06593371972410873,0.08378853171958679,2.045056600700383,164.48976366038505,0,1,0,1,0,1,0,1,0,1,0,1,1,1
param_20037,real_002,0.743394169580058,0.4080356190582169,0.09165355044958373,0.10269814617044909,2.21324830281835,215.27191530657598,0,1,0,1,0,1,0,1,0,1,0,1,1,1
param_20037,real_003,0.7485254673885171,0.37833241069408485,0.08604792557549577,0.09915307742891934,1.9536261406389657,98.30740149364446,0,1,0,1,0,1,0,1,0,1,0,1,1,1
param_20037,real_004,0.7454473239023254,0.3606279874343912,0.09266145385774599,0.11655586780409735,1.722309181529843,452.2396419090587,0,1,0,1,0,1,0,1,0,1,0,1,0,1
param_20037,real_005,0.7806989500200108,0.44636897535330006,0.11108935959218767,0.12846749646142444,1.884979729061604,394.42978685908037,0,1,0,1,0,1,0,1,0,1,0,1,0,1
param_20038,real_001,0.7498964946803095,0.36514278670113837,0.07139570875752875,0.09049387305442408,1.9484090998698893,169.83114616084913,0,1,0,1,0,1,0,1,0,1,0,1,1,1
param_20038,real_002,0.7441358170278258,0.43635199765843813,0.09815658602709743,0.11103992663550903,2.126859247692831,219.36360498075717,0,1,0,1,0,1,0,1,0,1,0,1,1,1
param_20038,real_003,0.7485660030335702,0.395407806034218,0.090813983135463,0.10471582583297774,1.8566603674962807,102.39530536413447,0,1,0,1,0,1,0,1,0,1,0,1,1,1
param_20038,real_004,0.7447712830371792,0.37775973185627437,0.09543972515483355,0.12120985315913015,1.638145420433906,447.5387943449936,0,1,0,1,0,1,0,1,0,1,0,1,0,1
param_20038,real_005,0.7787980043304042,0.45787333443618083,0.11279459295089479,0.13171381300270554,1.7924235753526923,399.5686280013771,0,1,0,1,0,1,0,1,0,1,0,1,1,1
param_20039,real_001,0.7844182433204641,0.4455002735976248,0.08981792956716948,0.12052545555669415,1.173062114057392,162.2722629320717,1,1,1,1,1,1,1,1,0,1,0,1,1,1
param_20039,real_002,0.7786625008060604,0.49166841699674185,0.11883086024943172,0.14259944218394682,1.2857059236712713,213.8392786246821,1,1,1,1,1,1,1,1,0,1,0,1,1,1
param_20039,real_003,0.7819565082924949,0.47446433712712877,0.10986228347886247,0.13749059841108408,1.0710683573823059,94.25991100229047,1,1,1,1,1,1,1,1,0,1,0,1,1,1
param_20039,real_004,0.7813790398032299,0.4444257497812057,0.12454567468077654,0.167520353132328,0.9125056067599439,455.1514606602211,1,1,1,1,1,1,1,1,0,1,0,1,0,1
param_20040,real_001,0.8119815338600915,0.5575275445613679,0.13723242620577308,0.1838907089890288,0.8372910089308748,206.2609507265123,1,1,1,1,1,1,1,1,0,1,0,1,1,1
param_20040,real_002,0.7993830433616428,0.5973842259143403,0.16343706776206318,0.19988462714603536,0.9635440237340976,248.55222148990975,1,1,1,1,1,1,1,1,0,1,0,1,1,1
param_20040,real_003,0.8080699792727724,0.565426836018424,0.1586863042901006,0.20063290483258975,0.7834004794357218,135.65192677318487,1,1,1,1,1,1,1,1,0,1,0,1,1,1
param_20040,real_004,0.7902926742413504,0.5348248871347234,0.14467423500258372,0.19730849961212613,0.6366281589341654,417.27704238208645,1,1,1,1,1,1,1,1,0,1,0,1,1,1
param_20040,real_005,0.8296215733528268,0.5977013800823325,0.16048549570138093,0.2035844168075137,0.7383724394342028,433.34751350395203,1,1,1,1,1,1,1,1,0,1,0,1,1,1
param_20041,real_001,0.8053924365279823,0.6240762921647882,0.14426165317146433,0.20046423675445987,0.08403814236632105,160.61863227300705,1,1,1,1,1,1,1,1,1,1,1,1,1,1
param_20041,real_002,0.8087773759587685,0.655206140905619,0.1774877560791738,0.22856917972965132,0.0486179634299358,207.86276582541615,1,1,1,1,1,1,1,1,1,1,1,1,1,1
param_20041,real_003,0.797712051283151,0.6319765347793094,0.15465080952640903,0.20841814063718275,0.1402606517503842,87.96891202454617,1,1,1,1,1,1,1,1,1,1,1,1,1,1
param_20041,real_004,0.8449620649519319,0.6664135101698144,0.21152066703034886,0.29107868327354053,0.20027226524685382,459.8996777563676,1,1,1,1,1,1,1,1,1,1,1,1,1,1
param_20041,real_005,0.8444564628564493,0.6834860086177617,0.18627104886479726,0.23549106817966037,0.11549352137612398,382.84517194638374,1,1,1,1,1,1,1,1,1,1,1,1,1,1
param_20042,real_001,0.7110329551976897,0.4249652211995948,0.10334765392002389,0.11543407230606868,2.735943093806304,324.14149185282633,0,0,0,1,0,1,0,1,0,1,0,1,1,1
param_20042,real_002,0.6506964116118463,0.3625316288748317,0.058420826403492436,0.0739977807857918,3.0136872485569355,395.0670271582729,0,1,0,1,0,1,0,1,0,1,0,1,1,1
param_20042,real_003,0.6985660839717489,0.40759577562857957,0.08685704625264913,0.100736292002212,2.404654210348326,118.33821764817074,0,1,0,1,0,1,0,1,0,1,0,1,1,1
param_20042,real_004,0.7115305189846857,0.39949752285622075,0.07856025624691469,0.09427507114569242,2.203634398703144,161.6663462283665,0,1,0,1,1,1,0,1,0,1,0,1,1,1
param_20042,real_005,0.6790883667154882,0.35476859278142037,0.06565516126918532,0.07940995080839633,2.41293563318596,176.15717999015092,0,1,0,1,0,1,0,1,0,1,0,1,1,1
param_20043,real_001,0.7203728868052237,0.4538977184135588,0.110994960489086,0.12576587319708504,2.3081178518150174,313.65122399497744,0,0,0,1,0,1,0,1,0,1,0,1,1,1
param_20043,real_002,0.6589453647751382,0.38984655324412887,0.06363093741119838,0.08158732029157623,2.6117341518120645,399.119624029234,0,1,0,1,0,1,0,1,0,1,0,1,1,1
param_20043,real_003,0.7088190030678736,0.4339266222493787,0.09270246250688699,0.10979983262710975,2.0630752262873657,114.4307523065493,0,1,0,1,0,1,0,1,0,1,0,1,1,1
param_20043,real_004,0.723556939015499,0.4278375516107012,0.08623200648779601,0.10415009285501955,1.872761207422562,166.7721344739843,0,1,1,1,1,1,0,1,0,1,0,1,1,1
param_20043,real_005,0.6881407091833305,0.3821036387385173,0.07111201460084163,0.08734120123410215,2.102007319926046,180.02042486665198,0,1,0,1,0,1,0,1,0,1,0,1,1,1
param_20044,real_001,0.7205529982271767,0.4689477587126316,0.1153125612185487,0.13143033978555702,2.2811960542540075,317.71699413078215,0,0,0,1,0,1,0,1,0,1,0,1,1,1
param_20044,real_002,0.6581979270786624,0.40000973572885234,0.06578238876086298,0.08447166175867502,2.573347348750292,393.92910945481356,0,1,0,1,0,1,0,1,0,1,0,1,1,1
param_20044,real_003,0.708519829837905,0.44364828593099953,0.09495590240325036,0.1132042609878272,2.0167805974342166,118.85934238304256,0,1,0,1,0,1,0,1,0,1,0,1,1,1
param_20044,real_004,0.7233490821291,0.4389236504168451,0.08973576371466152,0.10902073397693128,1.8270490789961675,162.0264926836868,0,1,1,1,1,1,0,1,0,1,0,1,1,1
param_20044,real_005,0.6865924639457603,0.3918648559165628,0.07375216541888786,0.0910870413155873,2.0586714288371746,174.10978691158556,0,1,0,1,0,1,0,1,0,1,0,1,1,1
param_20045,real_001,0.755827488422459,0.5516714979291404,0.14250657036433698,0.17010731091251902,1.130288596245447,286.60394793415327,1,0,0,1,1,1,0,1,1,1,0,1,1,1
param_20045,real_002,0.68444745803815,0.4585760786827804,0.08497159584057813,0.11383667428746018,1.552667806933378,411.07070595696626,1,1,1,1,1,1,1,1,0,1,0,1,1,1
param_20045,real_003,0.7447132952142645,0.5068669284657643,0.11844422424068615,0.14889538835562025,1.1218040755035104,105.03105599030151,1,1,1,1,1,1,1,1,1,1,0,1,1,1
param_20045,real_004,0.7521280401694468,0.49359764800209016,0.11124961761340205,0.1407882757789341,1.0624098124098125,179.07833704999223,1,1,1,1,1,1,1,1,0,1,0,1,1,1
param_20045,real_005,0.7226940123693594,0.46309073105298004,0.09591035772781835,0.12288233088790942,1.3010341883930197,182.81408815422535,1,1,1,1,1,1,1,1,0,1,0,1,1,1
param_20046,real_001,0.7822394443674517,0.6077911334401415,0.17053210034914687,0.212087177295616,0.9477273281772269,305.6153737282046,1,0,1,1,1,1,1,1,0,1,0,1,1,1
param_20046,real_002,0.7134245054813896,0.5261506976172232,0.10904114300498843,0.15090274944589066,1.2086266016964446,378.24827928675586,1,1,1,1,1,1,1,1,0,1,0,1,1,1
param_20046,real_003,0.7703040886420786,0.5675262621076514,0.1475391702075534,0.1910741871183814,0.8606593355819434,134.06987352387978,1,1,1,1,1,1,1,1,1,1,0,1,1,1
param_20046,real_004,0.7768831073222286,0.5578324524219188,0.14345725729329106,0.18803775307760107,0.7917216986411766,144.8771767666649,1,1,1,1,1,1,1,1,0,1,0,1,1,1
param_20046,real_005,0.7478913799258216,0.542527335540145,0.12438069078325538,0.16223935456930302,0.9904728470086919,141.80722841021617,1,1,1,1,1,1,1,1,0,1,0,1,1,1
param_20047,real_001,0.8058044401785458,0.6790706980878235,0.19776923589150378,0.2543219405770468,0.0095413331309989,224.67010237191,1,0,1,1,1,1,1,1,1,1,1,1,1,1
param_20047,real_002,0.7580324399166699,0.6326458721832351,0.1562619037995113,0.22426905592122928,0.1417038796910179,435.27088892059004,1,1,1,1,1,1,1,1,1,1,1,1,1,1
param_20047,real_003,0.8049309177711104,0.662555867145829,0.1955282598722624,0.2577002449044881,0.04251815923059548,91.53398889998952,1,1,1,1,1,1,1,1,1,1,1,1,1,1
param_20047,real_004,0.8118586022420782,0.6475100636066271,0.18567481769219885,0.24566282464687902,0.015498023890936543,181.3630314984802,1,1,1,1,1,1,1,1,1,1,1,1,1,1
param_20047,real_005,0.7958070737230877,0.6497798560497354,0.1880158852452332,0.24515978874303115,0.018956905419976945,174.28032064283173,1,1,1,1,1,1,1,1,1,1,1,1,1,1
param_20048,real_001,0.6777703511107209,0.37024247110343345,0.11726124763624794,0.12694384191385866,1.9954029319549191,334.0665258934587,0,1,0,1,0,1,0,1,0,1,0,1,1,1
param_20048,real_002,0.7227430574210433,0.43042925042819996,0.1391866044038229,0.14072229527217936,2.365208926164445,169.3407019713928,0,1,0,1,0,1,0,1,0,1,0,0,1,1
param_20048,real_003,0.6801112071125915,0.3712746955408337,0.10532332382162496,0.1126532263407833,2.5359700962682985,74.24873564377224,0,1,0,1,0,1,0,1,0,1,0,1,1,1
param_20048,real_004,0.7209881013000649,0.4409829241723539,0.19997296221068553,0.2080268721735522,1.7173942363889763,248.82564744278034,0,1,0,1,0,1,0,1,0,1,0,1,1,1
param_20048,real_005,0.6344902044732964,0.36710455953655,0.07940603794317286,0.08972912389235274,2.93736873521544,386.7574285152316,0,1,0,1,0,1,0,1,0,1,0,1,1,1
param_20049,real_001,0.6866107027689081,0.4000638056525665,0.12356771459554255,0.13601984694444785,1.7248988244363075,337.4793655073892,0,1,0,1,0,1,1,1,0,1,0,1,1,1
param_20049,real_002,0.7303931435279574,0.45508388011797796,0.14616618991938501,0.1496384833759305,1.988959095443964,162.95100326393552,0,1,0,1,0,1,0,1,0,1,0,0,1,1
param_20049,real_003,0.690089286702894,0.3973629534839507,0.11403359536240315,0.12254699568072597,2.2534729560956865,72.66506243198009,0,1,0,1,0,1,0,1,0,1,0,1,1,1
param_20049,real_004,0.7352168349641376,0.47862114450969856,0.21965496228688106,0.22897485625708858,1.339487536770398,251.39340868434485,1,1,0,1,1,1,0,1,0,1,0,1,1,1
param_20049,real_005,0.644717283522732,0.39211022604123047,0.08494260520360278,0.09782813030233711,2.5530263735386827,390.76440285335764,0,1,0,1,1,1,0,1,0,1,0,1,1,1
param_20050,real_001,0.6895814083370685,0.4248266456642345,0.13064927595134013,0.14495788185057876,1.6811346872214954,332.8981973085666,0,1,0,1,0,1,1,1,0,1,0,1,1,1
param_20050,real_002,0.7326590558402792,0.4733910010212874,0.15273824183645035,0.1593698350715994,1.9563186632458391,165.00839973144264,0,1,0,1,0,1,0,1,0,1,0,0,1,1
param_20050,real_003,0.6905785738609133,0.40863643571865715,0.11966500866724221,0.12996491868771604,2.2187161404375844,74.37739346995713,0,1,0,1,0,1,0,1,0,1,0,1,1,1
param_20050,real_004,0.737784730903186,0.49499783463901986,0.22371244881732175,0.23591614360552204,1.3177329984469965,249.56383380243963,1,1,0,1,1,1,0,1,0,1,0,1,1,1
param_20050,real_005,0.6455876726916735,0.4042806060053536,0.08844930140007998,0.10298848231085136,2.510308262377799,386.85817160534776,0,1,0,1,1,1,0,1,0,1,0,1,1,1
param_20051,real_001,0.7180470697330015,0.49302199582244927,0.15036679713047726,0.17717609400383405,0.9792410308095019,349.9700119332278,1,1,0,1,1,1,1,1,0,1,0,1,1,1
param_20051,real_002,0.7688681428200976,0.546153317245149,0.17418139983489753,0.19437590624553067,1.0962309916969866,147.05986893835404,1,1,1,1,1,1,0,1,0,1,0,0,1,1
param_20051,real_003,0.72880979911337,0.4761657976288334,0.14468515002476434,0.16602179907560466,1.4145764113679467,70.6634914243902,1,1,1,1,1,1,0,1,0,1,0,1,1,1
param_20051,real_004,0.7846661356869875,0.5820909930857583,0.2860822508022986,0.3114085577103137,0.6131899220668303,272.32167579408275,1,1,1,1,1,1,1,1,0,1,0,1,1,1
param_20051,real_005,0.6781403001072384,0.470847361984169,0.10622278755691733,0.13404983377842994,1.5642358361529047,397.8029618783949,0,1,1,1,1,1,1,1,0,1,0,1,1,1
param_20052,real_001,0.7661210510854067,0.5954579599839651,0.2059573650280965,0.2509790264091313,0.6839153010670732,319.7215449418925,1,1,1,1,1,1,1,1,0,1,0,1,1,1
param_20052,real_002,0.8070961277970684,0.6253330481493425,0.21989995124621994,0.26708162293536897,0.7409444853368458,155.82610410351,1,1,1,1,1,1,1,1,0,1,0,0,1,1
param_20052,real_003,0.7673821543259598,0.5713390801113024,0.1765047059849007,0.2147626831515831,1.0270671471155113,81.65293096886731,1,1,1,1,1,1,1,1,0,1,0,1,1,1
param_20052,real_004,0.8298037328239617,0.6772793532531551,0.31885876003454194,0.3704361589747752,0.36917692630052895,271.5954108547754,1,1,1,1,1,1,1,1,1,1,0,1,1,1
param_20052,real_005,0.7092355746081697,0.5360551378396168,0.13389578318983117,0.176693974426653,1.1649425636662007,373.39484200446805,0,1,1,1,1,1,1,1,0,1,0,1,1,1
param_20053,real_001,0.7855661110732237,0.6381649481328016,0.23013778538604399,0.29685018479303565,0.0017156412827066183,357.7418244339046,1,1,1,1,1,1,1,1,1,1,1,1,1,1
param_20053,real_002,0.808801777032898,0.6697086410365073,0.222312829486645,0.2822844510814019,0.08696447195546465,105.38023645732261,1,1,1,1,1,1,1,1,1,1,1,0,1,1
param_20053,real_003,0.8106728668788823,0.6639107563958302,0.25619627734480305,0.31141789039012585,0.026199364863882087,73.81020223150205,1,1,1,1,1,1,1,1,1,1,1,1,1,1
param_20053,real_004,0.8393570587624736,0.7098584665560963,0.3300259341563507,0.38355005544630855,0.20945623385540987,330.5327180853593,1,1,1,1,1,1,1,1,1,1,1,1,1,1
param_20053,real_005,0.7545491121789216,0.6184673307486398,0.18299385838919227,0.25550411722176397,0.1736033317078957,400.53901801598846,1,1,1,1,1,1,1,1,1,1,1,1,1,1
param_20054,real_001,0.7604161973588224,0.4200111975793374,0.10355543350988335,0.11127506482497125,2.287093461143444,19.91277756509347,0,1,0,1,0,1,0,1,0,1,0,1,0,1
param_20054,real_002,0.7636964212124918,0.38981146833809516,0.07776445894743222,0.08968891288037982,2.408843304843305,209.2462384698136,0,1,0,1,0,1,0,1,0,1,0,0,1,1
param_20054,real_003,0.7253461369631604,0.4139665236094575,0.06378155531449653,0.08108347039529899,2.584588941717449,448.71635336724836,0,1,0,1,0,0,0,1,0,1,0,1,1,1
param_20054,real_004,0.7239451041054674,0.41792405227032975,0.0755017265235005,0.0890965098653606,2.6460297905700525,37.06189807738823,0,1,0,1,0,1,0,1,0,1,0,1,0,1
param_20054,real_005,0.7383848444143585,0.35526388647986984,0.0547360151776848,0.07130120247763594,2.403442858118724,227.4280342485767,0,1,0,1,0,1,0,1,0,1,0,1,0,1
param_20055,real_001,0.7663868167977338,0.4325261121654887,0.10932817179293375,0.11914795741829275,2.0505803609251885,20.26062316621166,0,1,0,1,0,1,0,1,0,1,0,1,0,1
param_20055,real_002,0.7686797866323363,0.40085249475518053,0.08167685446087987,0.09563925204429516,2.180770294123902,208.04696143787393,0,1,0,1,0,1,0,1,0,1,0,0,1,1
param_20055,real_003,0.7304043005651883,0.42580522189541303,0.06692481473340804,0.08650923769233158,2.3428256208497262,449.0610864607365,1,1,0,1,1,0,0,1,0,1,0,1,1,1
param_20055,real_004,0.7284409284872004,0.4300992820191901,0.07963561112293358,0.09530058838887155,2.382730673316708,38.23144833338655,0,1,0,1,0,1,0,1,0,1,0,1,0,1
param_20055,real_005,0.7423101853359887,0.3613226934502346,0.05781967675253445,0.07656572993368795,2.1631642435400926,228.47643738931666,0,1,0,1,0,1,0,1,0,1,0,1,0,1
param_20056,real_001,0.7659480750998158,0.4623186509140518,0.11201309418651388,0.12463079898999269,1.947687269750307,18.431519215796527,0,1,0,1,0,1,0,1,0,1,0,1,0,1
param_20056,real_002,0.7693477528791384,0.428364429644938,0.08925776222484325,0.10482439637609688,2.080343535033159,213.03921540504479,0,1,0,1,0,1,0,1,0,1,0,0,1,1
param_20056,real_003,0.7299370281857105,0.44772111580561863,0.06935185900129982,0.09136807803174495,2.228183737059001,444.7733019434849,1,1,0,1,1,0,0,1,0,1,0,1,1,1
param_20056,real_004,0.7277627025527146,0.4532913412239894,0.08220435742779865,0.09903927574388209,2.2705189769142673,33.07496499701534,0,1,0,1,0,1,0,1,0,1,0,1,1,1
param_20056,real_005,0.7417820868914106,0.38217577949033577,0.06173227828295244,0.08170146174936121,2.0592533464325187,223.48611620969945,0,1,0,1,0,1,0,1,0,1,0,1,1,1
param_20057,real_001,0.8051088969388911,0.5296393252949838,0.14361137279924563,0.16931292218802704,1.1325831050566373,20.812159902586895,1,1,1,1,1,1,1,1,0,1,0,1,0,1
param_20057,real_002,0.8002797541002984,0.4807919427559002,0.10963121661635686,0.13734440576262777,1.2411142411891634,202.6625123877053,1,1,1,1,1,1,1,1,0,1,0,0,0,1
param_20057,real_003,0.759750444635918,0.5093301007633508,0.0850654122269889,0.12113069753023935,1.3554623327857311,448.8482481663101,1,1,1,1,1,0,1,1,0,1,0,1,0,1
param_20057,real_004,0.7618584568437174,0.5145253233430127,0.10450039916444777,0.13300898120907406,1.3391869170965842,41.747068450287486,1,1,1,1,1,1,1,1,0,1,0,1,1,1
param_20057,real_005,0.7715434118496525,0.44852564021644686,0.07942246724492864,0.11116814673560402,1.2149133855934087,231.79353996992361,1,1,1,1,1,1,1,1,0,1,0,1,0,1
param_20058,real_001,0.8127662951863124,0.5992353187675483,0.153111985778107,0.19017703472010214,0.7747874306839186,36.911914915154746,1,1,1,1,1,1,1,1,0,1,0,1,1,1
param_20058,real_002,0.8218335185971456,0.6004821813603649,0.1608677930979838,0.2025369915029216,0.9026677013497526,244.47252169746469,1,1,1,1,1,1,1,1,0,1,0,0,1,1
param_20058,real_003,0.7736775782193345,0.5822655591966792,0.10040647750517205,0.15081347529601805,0.9766620302556591,414.58279633031384,1,1,1,1,1,0,1,1,0,1,0,1,1,1
param_20058,real_004,0.774972554533012,0.5625129293227159,0.12777939526199472,0.1670823171409868,1.047174675839171,6.9365707449030385,1,1,1,1,1,1,1,1,0,1,0,1,1,1
param_20058,real_005,0.7905898071757734,0.5409088062588084,0.11612032558853658,0.15908815764273893,0.899731821705919,191.4868760715903,1,1,1,1,1,1,1,1,0,1,0,1,1,1
param_20059,real_001,0.8357975546587515,0.6884725394109266,0.18209292810512462,0.22838646840153046,0.12746042420166845,23.52910327302153,1,1,1,1,1,1,1,1,1,1,1,1,1,1
param_20059,real_002,0.8230883907282114,0.6507544357883036,0.1626818052572168,0.2135053878985614,0.07337971711264071,191.16165944164848,1,1,1,1,1,1,1,1,1,1,1,0,1,1
param_20059,real_003,0.7616972465851178,0.6332647276035374,0.10145359788391115,0.162411306977798,0.019543675627491805,450.6848032733225,1,1,1,1,1,0,1,1,1,1,1,1,1,1
param_20059,real_004,0.8151107971590438,0.6676337048044729,0.17116130962614612,0.22972036654952505,0.0032942473134739613,62.10073726161974,1,1,1,1,1,1,1,1,1,1,1,1,1,1
param_20060,real_001,0.7523100233064147,0.4506583350628518,0.12844042439572095,0.14129112356090734,1.857303481605681,117.33653219384823,0,1,0,1,1,1,0,1,0,1,0,1,0,1
param_20060,real_002,0.7525208153022643,0.48064621400901136,0.10545044498529713,0.11863965128353442,2.056316289377869,193.127427343007,1,1,1,1,0,1,0,1,0,1,0,0,1,1
param_20060,real_003,0.711799766560012,0.43311290860091517,0.07221135476929456,0.09223566255166593,2.1265466497912615,526.610116269386,1,1,0,1,1,1,0,1,0,1,0,1,0,1
param_20060,real_004,0.698818705661512,0.44378404841530744,0.09240838926028148,0.10947459443296889,2.1058748547220034,22.704969580225452,0,1,0,1,1,1,0,1,0,1,0,1,0,1
param_20060,real_005,0.7238924580156639,0.39759803119327514,0.0594945151309421,0.07938433623943934,2.2065678830924975,221.6113691401442,1,1,0,1,0,1,0,1,0,1,0,0,0,1
param_20061,real_001,0.7611463451790484,0.468100013024291,0.13568118727273298,0.15118550623422278,1.6307845986196876,115.27183664090848,0,1,0,1,1,1,1,1,0,1,0,1,0,1
param_20061,real_002,0.7595856876556542,0.48995130913116997,0.11147014983391677,0.12638188087390323,1.8334464603474527,188.57073287572248,1,1,1,1,0,1,1,1,0,1,0,0,1,1
param_20061,real_003,0.7154678388813117,0.44712715845977047,0.07582877932141913,0.09827036411245285,1.9120115417773633,528.397384554945,1,1,0,1,1,1,0,1,0,1,0,1,0,1
param_20061,real_004,0.7039246047294787,0.45101551024402736,0.09697006146863645,0.11666229041913334,1.8955453417451635,23.701702567424686,0,1,0,1,1,1,0,1,0,1,0,1,0,1
param_20061,real_005,0.7286269765398871,0.40858415951806876,0.06324744676466257,0.08532644986257568,1.955287611451789,223.3462841624947,1,1,0,1,1,1,0,1,0,1,0,0,0,1
param_20062,real_001,0.7624510119964149,0.49546859917491576,0.14074159760997293,0.15941294119297275,1.5470546861262529,120.1915992594044,0,1,0,1,1,1,1,1,0,1,0,1,0,1
param_20062,real_002,0.7605982799676019,0.5112507195743088,0.1179266399083507,0.13485846726082615,1.7478028820494573,193.3270234458085,1,1,1,1,0,1,1,1,0,1,0,0,1,1
param_20062,real_003,0.7197956270587117,0.47062433875782256,0.07926351861713893,0.1042468454119912,1.8241617609418992,523.3544821567162,1,1,0,1,1,1,0,1,0,1,0,1,0,1
param_20062,real_004,0.7046589499778616,0.4742697469420654,0.10023704725973928,0.12154148764084192,1.8427843453494157,23.472270266857876,0,1,0,1,1,1,0,1,0,1,0,1,0,1
param_20062,real_005,0.7296712751593666,0.430490586415314,0.06691189760490167,0.09018176275706233,1.8942045538280157,219.45804977981953,1,1,0,1,1,1,0,1,0,1,0,0,0,1
param_20063,real_001,0.7980718676071716,0.5566645597251028,0.16844973404443855,0.2006554986666601,0.9599886339034424,110.0420505339159,1,1,1,1,1,1,1,1,0,1,0,1,0,1
param_20063,real_002,0.788898569105075,0.5536695068157322,0.13833388637209684,0.1657091942018102,1.109191713665351,167.53912969277167,1,1,1,1,1,1,1,1,0,1,0,0,1,1
param_20063,real_003,0.7382746402141676,0.5200132778373829,0.09053498405564307,0.12450452549727967,1.099394954145896,532.5812492484039,1,1,1,1,1,1,0,1,0,1,0,1,0,1
param_20063,real_004,0.7334913801093401,0.5217255350299167,0.1193120147936172,0.1500455978920671,1.14596932960315,35.642237482091524,1,1,1,1,1,1,1,1,1,1,0,1,0,1
param_20063,real_005,0.7491201061109529,0.4733616582163364,0.07861278182189528,0.11084399030002688,1.1988971154249886,232.33275082187606,1,1,1,1,1,1,0,1,0,1,0,0,0,1
param_20064,real_001,0.8193000529679776,0.6454489872855862,0.18473613958392898,0.23166633823370636,0.564569786783608,148.81499155171693,1,1,1,1,1,1,1,1,1,1,1,1,1,1
param_20064,real_002,0.8124306097727606,0.6594705230789571,0.17335601243034796,0.21356695013951502,0.8068176500865659,201.29056599140364,1,1,1,1,1,1,1,1,0,1,0,0,1,1
param_20064,real_003,0.7592286444196314,0.6028869841087822,0.10983929669852772,0.16011768397900938,0.773422767015258,496.46425000281636,1,1,1,1,1,1,0,1,1,1,0,1,1,1
param_20064,real_004,0.7676916600881759,0.5923095767865479,0.15173537162150463,0.19845467445656284,0.8207052669750882,28.614976244891395,1,1,1,1,1,1,1,1,1,1,1,1,1,1
param_20064,real_005,0.7777651890764387,0.5785852767753646,0.11379569063176052,0.15911229756656525,0.8601146077525988,201.33627008056223,1,1,1,1,1,1,1,1,0,1,0,0,1,1
param_20065,real_002,0.8177807398306036,0.6770783838942421,0.1834546185990438,0.2324873713520333,0.01603110178466882,142.40595610952664,1,1,1,1,1,1,1,1,1,1,1,0,1,1
param_20065,real_003,0.7499650838663893,0.6281412256930904,0.10729889674602555,0.16558909285454582,0.06145824648713821,530.3502116351963,1,1,1,1,1,1,1,1,1,1,0,1,1,1
param_20065,real_004,0.8005377993330086,0.6630383957274659,0.19440858242313372,0.2615882999808303,0.04506061485284656,79.98344582727592,1,1,1,1,1,1,1,1,1,1,1,1,1,1
param_20065,real_005,0.7842503928146723,0.6171098808660439,0.1328526304262335,0.19100280772801553,0.04844877176357533,251.03488045365015,1,1,1,1,1,1,1,1,1,1,0,0,1,1
param_20066,real_001,0.6697495167147366,0.40968784047115103,0.06089209308918146,0.09838994628623246,1.0349901590177764,453.204888176837,1,0,1,0,1,1,1,1,0,1,0,1,1,1
param_20066,real_002,0.6913752327331649,0.424358895160138,0.0693502266162793,0.10197031304779271,1.3927113237639552,278.3279223703879,0,1,1,1,0,1,1,1,0,1,1,1,1,1
param_20066,real_003,0.7220515718040166,0.49110353986184413,0.08198641460508066,0.09940356172006001,1.8920678894408356,236.79640007127674,1,1,1,1,0,1,1,1,0,1,1,1,0,1
param_20066,real_004,0.6652781792661593,0.3958024573042498,0.04387653127860016,0.06779229475246369,2.383721154402267,135.27730705135343,1,1,0,1,1,1,0,1,0,1,0,1,1,1
param_20066,real_005,0.7835737434875021,0.6023454990015621,0.2872219233800457,0.2951115754447831,1.075865493536924,66.92108704044654,1,1,0,1,1,1,0,1,0,1,0,1,0,1
param_20067,real_001,0.6735566611940516,0.4179662375192859,0.06405650871809888,0.10387522992867002,0.8615644022748706,455.69316163295036,1,0,1,0,1,1,1,1,1,1,0,1,1,1
param_20067,real_002,0.6984925730689975,0.43407289722029846,0.07478055653734221,0.1105341051054082,1.212565445026178,273.51031916998204,1,1,1,1,1,1,1,1,0,1,1,1,1,1
param_20067,real_003,0.7281225849793573,0.4984071423429352,0.08574777649531974,0.10490608202207984,1.7502384665465502,236.5597049933948,1,1,1,1,0,1,1,1,0,1,1,1,0,1
param_20067,real_004,0.6713960255500439,0.4055231086304071,0.046391601696225616,0.07352696683175791,2.097887286654782,139.15029169552386,1,1,0,1,1,1,0,1,0,1,0,1,1,1
param_20067,real_005,0.7949106364050523,0.6351259286230609,0.3007404492858131,0.31251880939276316,0.9075288749465279,61.14245288819898,1,1,0,1,1,1,0,1,1,1,0,1,0,1
param_20068,real_001,0.6728057400825219,0.4278597698499006,0.06771257631773678,0.10953541168321328,0.8372798172253797,450.9447650332721,1,0,1,0,1,1,1,1,1,1,0,1,1,1
param_20068,real_002,0.698469695885812,0.45378045492249397,0.07857940248665972,0.11660756784290918,1.1705972567856937,277.4883692393161,1,1,1,1,1,1,1,1,0,1,1,1,1,1
param_20068,real_003,0.7288826893282727,0.5104689194577663,0.08887475548394487,0.1096602964953354,1.6885277444755264,242.05112743234167,1,1,1,1,0,1,1,1,0,1,1,1,0,1
param_20068,real_004,0.6716410608281177,0.41478749356855926,0.0498479287907653,0.07818700395340338,2.040150347288379,135.31369533941546,1,1,0,1,1,1,0,1,0,1,0,1,1,1
param_20068,real_005,0.7985541722854975,0.6394387420825046,0.30205837928502527,0.31382777722367783,0.8871850576982762,65.56433072854826,1,1,0,1,1,1,0,1,1,1,0,1,0,1
param_20069,real_001,0.6853009521452067,0.4549817006271308,0.07254097620782679,0.12022726073474786,0.46042778350746605,464.45310042236315,1,0,1,0,1,1,1,1,1,1,0,1,1,1
param_20069,real_002,0.7236545191330529,0.48890581786198795,0.0971290430558321,0.14355463866565896,0.6804216091490529,245.2438399017035,1,1,1,1,1,1,1,1,0,1,1,1,1,1
param_20069,real_003,0.7487899656897082,0.5337533342266321,0.10160673124171586,0.12825796243257204,1.2121614380358534,237.03019555429057,1,1,1,1,1,1,1,1,0,1,1,1,0,1
param_20069,real_004,0.6940920321607975,0.4495558983798692,0.058560322346737956,0.09870435833956746,1.2442046311805546,158.3858839423904,1,1,1,1,1,1,1,1,0,1,0,1,1,1
param_20069,real_005,0.8302805659288585,0.709220511650307,0.32590829680572414,0.3492715169785663,0.4425358005521049,38.02261915455253,1,1,1,1,1,1,1,1,1,1,1,1,0,1
param_20070,real_001,0.7187170545022354,0.5537840406892209,0.10631825935165709,0.17127456077578407,0.243732457564012,433.54585580074166,1,0,1,0,1,1,1,1,1,1,0,1,1,1
param_20070,real_002,0.7586253171139887,0.5867044027197786,0.13330762647863095,0.20043522338957354,0.4246657296968776,253.96125855586735,1,1,1,1,1,1,1,1,0,1,1,1,1,1
param_20070,real_003,0.7692595669687396,0.6008624602861112,0.1274334635224146,0.16642104267593427,0.8251193167545843,272.2547652586123,1,1,1,1,1,1,1,1,0,1,1,1,1,1
param_20070,real_004,0.726865252837335,0.5409220247775889,0.08974672397773972,0.14630395933338713,0.9049567491887082,134.37054479797607,1,1,1,1,1,1,1,1,0,1,0,1,1,1
param_20070,real_005,0.8594017676305675,0.7500401664346213,0.32051486511831095,0.353744189892299,0.25044399992522104,61.01056695455209,1,1,1,1,1,1,1,1,1,1,1,1,1,1
param_20071,real_001,0.7209633202417781,0.5840843475597517,0.1082713764273071,0.1799575912273186,0.2141586087502036,473.594690774872,1,0,1,0,1,1,1,1,1,1,1,1,1,1
param_20071,real_002,0.7685261155019927,0.6175082356295853,0.15314254489595464,0.22220608111199458,0.04650438540739799,176.08345146845735,1,1,1,1,1,1,1,1,1,1,1,1,1,1
param_20071,real_004,0.747170769700054,0.5952492588608073,0.11509794115374467,0.18967500449034097,0.151270866813158,185.70526853459424,1,1,1,1,1,1,1,1,1,1,1,1,1,1
param_20071,real_005,0.8347413874649444,0.7286929335865934,0.26797716510122194,0.3040806988556428,0.1423579946146942,10.766342236852655,1,1,1,1,1,1,1,1,1,1,1,1,1,1
param_20072,real_001,0.7518747078492423,0.39734533829934837,0.07669256722146804,0.09001289168113041,2.3704923280967733,36.190874118636074,0,1,0,1,0,1,0,1,0,1,0,0,0,1
param_20072,real_002,0.7155126498999169,0.3609755472423181,0.07453750348386301,0.08764120040933955,2.542845957211616,130.7285169394308,0,1,0,1,0,1,0,0,0,1,0,1,1,1
param_20072,real_003,0.7339494608013386,0.39806794943228074,0.03659124649212137,0.055325929202324,2.4082909315183154,382.11973250685963,0,0,0,1,1,1,0,1,0,1,0,1,1,1
param_20072,real_004,0.7429500496788866,0.4208853030267388,0.08075125355094896,0.0909862501296754,2.589636173216156,367.5167702064217,0,1,0,1,0,1,0,1,0,1,0,1,1,1
param_20072,real_005,0.7523403261172126,0.38374115044024193,0.1312627323425522,0.1412325167905773,1.734927968319716,446.1230222663073,0,1,0,1,0,1,0,1,0,1,0,1,1,1
param_20073,real_001,0.7597138010175978,0.42024083146149055,0.08176242889027724,0.09744734920467955,2.1074357514810362,37.25873899949947,0,1,0,1,0,1,0,1,0,1,0,0,0,1
param_20073,real_002,0.7206569185425868,0.377132348232487,0.07862047221200584,0.09382125700289717,2.2778854963458546,132.23946337358572,0,1,0,1,0,1,0,0,0,1,0,1,1,1
param_20073,real_003,0.7386695605151569,0.41261589198085596,0.038498748614594215,0.059320113864421965,2.1688750537590367,382.38282386543585,1,0,0,1,1,1,0,1,0,1,0,1,1,1
param_20073,real_004,0.7481257451764933,0.43740590969847404,0.08515671921095867,0.09762341061652446,2.310877782444351,366.43239652336115,0,1,0,1,0,1,0,1,0,1,0,1,1,1
param_20073,real_005,0.7585168621907634,0.4084959552653058,0.1385818422852874,0.15131221857814708,1.5155429025978104,447.95883524840167,0,1,0,1,0,1,0,1,0,1,0,1,1,1
param_20074,real_001,0.7593896668184024,0.44826948754186347,0.08468066419659262,0.10192917573165143,2.0041986833255203,32.34378875235464,0,1,0,1,0,1,0,1,0,1,0,0,0,1
param_20074,real_002,0.7205573719683888,0.40512986080937885,0.0833011660723937,0.10049650878473189,2.18274164184045,127.59128870749848,0,1,0,1,0,1,0,0,0,1,0,1,1,1
param_20074,real_003,0.7371682614472289,0.42590903348595077,0.041072625667237024,0.06300731024823147,2.0603231739878565,378.17765826942576,1,0,0,1,1,1,0,1,0,1,0,1,1,1
param_20074,real_004,0.7467942421515704,0.44868167213478505,0.08795203301153362,0.10140508959956768,2.2092493079303046,371.08333566369265,0,1,0,1,0,1,0,1,0,1,0,1,1,1
param_20074,real_005,0.7588315752622702,0.421317704360848,0.14162916238010945,0.15612361034701971,1.4477034321213973,442.9903525902895,0,1,0,1,0,1,0,1,0,1,0,1,1,1
param_20075,real_001,0.7966595566402009,0.5270201355304622,0.11154058426160679,0.14208841392024854,1.1378325065993675,39.606136342999434,1,1,1,1,1,1,1,1,0,1,0,0,0,1
param_20075,real_002,0.7518594645379271,0.46687859495722195,0.10453924788757293,0.1330537968612402,1.2775738015574571,139.76928869572723,1,1,1,1,1,1,1,0,0,1,0,1,1,1
param_20075,real_003,0.7559514663461114,0.47678958797790527,0.050550606883818114,0.08238688351054903,1.216138411079761,381.4823908024585,1,0,1,1,1,1,1,1,0,1,0,1,0,1
param_20075,real_004,0.7788239861074131,0.5129607242452976,0.10931182498343091,0.13456365792180894,1.3172932772862225,362.092769590394,1,1,1,1,1,1,1,1,0,1,0,1,1,1
param_20075,real_005,0.7971421454229446,0.5141544107632836,0.17817137334691857,0.2088336580060857,0.7544090165849101,456.80298573872705,1,1,1,1,1,1,1,1,0,1,0,1,0,1
param_20076,real_001,0.8082119474638949,0.5908515595152867,0.13274137533635083,0.1723573087367295,0.7990577207093947,13.525177962911485,1,1,1,1,1,1,1,1,0,1,0,0,1,1
param_20076,real_002,0.7682954753440212,0.562592982511196,0.12864470064210085,0.17034640966770045,0.98049640824944,101.70406279310814,1,1,1,1,1,1,1,0,0,1,0,1,1,1
param_20076,real_003,0.7685280670929928,0.5451637558823924,0.07374595601368156,0.1174252344720932,0.8656016397395708,348.4533142576295,1,0,1,1,1,1,1,1,0,1,0,1,1,1
param_20076,real_004,0.7875817505508759,0.561146947706178,0.13017795733757384,0.16583888096567,1.0114052433501308,399.8009016100027,1,1,1,1,1,1,1,1,0,1,0,1,1,1
param_20076,real_005,0.8246969425456017,0.586476992194353,0.213092839633688,0.2586419371935479,0.5442045746594706,414.8337485591747,1,1,1,1,1,1,1,1,0,1,0,1,1,1
param_20077,real_001,0.8172013209962745,0.6687093500834937,0.14489727240728173,0.19256379669650095,0.11690871617897285,43.54075791769552,1,1,1,1,1,1,1,1,1,1,1,0,1,1
param_20077,real_002,0.7775581588600194,0.6340507452754395,0.13899027153486232,0.1959703726251542,0.062145273874478005,156.87092153600003,1,1,1,1,1,1,1,0,1,1,1,1,1,1
param_20077,real_003,0.7612907821559528,0.6159685875968762,0.08387352981214004,0.13807303218864866,0.06484268291208857,381.0626797887741,1,0,1,1,1,1,1,1,1,1,1,1,1,1
param_20077,real_004,0.8187256583555783,0.6584255472277418,0.16705521264559028,0.22321951558444664,0.03720169031974401,346.29858829513245,1,1,1,1,1,1,1,1,1,1,1,1,1,1
param_20077,real_005,0.846908631455661,0.6833494897703831,0.24946117799827328,0.309414264153367,0.26143766747793595,478.50730988943695,1,1,1,1,1,1,1,1,1,1,1,1,1,1
param_20078,real_001,0.6901479604537323,0.3667822441411742,0.08367833266689001,0.0927132635888947,2.4919294541936052,184.33757514356506,0,1,0,1,0,1,0,1,0,1,0,0,1,1
param_20078,real_002,0.6801527144995567,0.400113413750651,0.07517857357577601,0.09278557315386436,1.9569026710203419,437.5124625314189,0,1,0,1,0,1,1,1,0,1,0,0,1,1
param_20078,real_003,0.7025807203797192,0.37972777020491905,0.08431402480549548,0.10095076176548144,1.7468816837961123,236.87284449070074,0,1,1,1,0,1,0,1,0,1,0,1,1,1
param_20078,real_004,0.7011785529424103,0.3872385543523268,0.08497020250120263,0.10091933329315507,2.340645826721676,246.8908112165167,0,1,0,1,0,1,0,1,0,1,0,1,1,1
param_20078,real_005,0.6695889431194024,0.38142338149341976,0.06552883692499535,0.09263130801800976,1.24967646847365,607.556794133493,1,0,0,0,1,1,0,1,0,1,0,0,0,1
param_20079,real_001,0.6965247323941318,0.38205610070366375,0.0880811836308688,0.09942352118337215,2.1852045012336268,187.6634375009107,1,1,0,1,0,1,0,1,0,1,0,0,1,1
param_20079,real_002,0.6880784820351912,0.41755945605474176,0.08127251957475246,0.10296081885012544,1.6263397762686218,444.8236594506625,0,1,0,1,0,1,1,1,0,1,0,0,1,1
param_20079,real_003,0.7137904740924398,0.40285957683803225,0.09361090183837747,0.11331287073442704,1.4308805547645769,235.01688694029377,1,1,1,1,0,1,1,1,0,1,0,1,1,1
param_20079,real_004,0.7105193506221353,0.4162620129550554,0.09304428101440405,0.11120409271126527,1.9868941422668345,245.19941638518458,0,1,0,1,0,1,0,1,0,1,0,1,1,1
param_20079,real_005,0.6785254142192382,0.4066197473451012,0.06916591583722323,0.09969119545277558,1.074261281715583,612.1391109392583,1,0,0,0,1,1,0,1,0,1,0,0,0,1
param_20080,real_001,0.6976411569112742,0.4053552740874561,0.09522763570153103,0.10719143136954645,2.127858648334548,183.5640958063644,1,1,0,1,0,1,0,1,0,1,0,0,1,1
param_20080,real_002,0.6880125746494677,0.4295643279209067,0.0845978500635533,0.10743582874800295,1.5837527468632593,440.63130569137684,0,1,1,1,0,1,1,1,0,1,0,0,1,1
param_20080,real_003,0.713347282026101,0.4076223694456461,0.09722948458844469,0.11812327537760355,1.4003241759150526,230.74246243706395,1,1,1,1,0,1,1,1,0,1,0,1,1,1
param_20080,real_004,0.7102569874259543,0.4342126608571402,0.09555598428680359,0.11534851826462894,1.9460887209627764,249.8649863983872,0,1,0,1,0,1,0,1,0,1,0,1,1,1
param_20080,real_005,0.6778856038809825,0.41457880224009824,0.07349301226314954,0.10523159126021625,1.0324937886685828,607.3238838357925,1,0,0,0,1,1,0,1,0,1,0,0,0,1
param_20081,real_001,0.7221615563871484,0.45093108302946566,0.10911717946505849,0.13297224678556188,1.2616077023870564,202.69032569514036,1,1,0,1,1,1,1,1,0,1,0,0,1,1
param_20081,real_002,0.7205262184543212,0.48177037122234784,0.11095740458194361,0.14505889965509666,0.7793236431979887,462.67325052365214,1,1,1,1,1,1,1,1,0,1,1,0,1,1
param_20081,real_003,0.7514777164397318,0.4723668146498883,0.13145746269610858,0.16392560826839656,0.7396401472016111,227.91516417121173,1,1,1,1,1,1,1,1,0,1,0,1,1,1
param_20081,real_004,0.7494789573590362,0.5101213101771129,0.12614009873711837,0.15730567261856648,1.1498576735042954,242.1789285684045,1,1,1,1,1,1,1,1,0,1,0,1,1,1
param_20081,real_005,0.7026989810654081,0.4815276971141779,0.07754371147181363,0.12705334673559135,0.48626696590787644,627.3206789558536,1,0,1,0,1,1,1,1,0,1,0,0,0,1
param_20082,real_001,0.7553097093699115,0.5604565782607256,0.16390517231591417,0.19884057164763783,1.0134405193619558,174.41914161626684,1,1,0,1,1,1,1,1,0,1,0,0,1,1
param_20082,real_002,0.7501319305272645,0.5672736009738715,0.14553912902955993,0.19439385940803483,0.5433537637481872,434.31283215206315,1,1,1,1,1,1,1,1,0,1,1,0,1,1
param_20082,real_003,0.7843440708317512,0.5659809973185226,0.171065258647578,0.22119887866068993,0.5378567114200637,199.38865792804208,1,1,1,1,1,1,1,1,0,1,1,1,1,1
param_20082,real_004,0.7725571276701675,0.5815824520266636,0.1516253507235649,0.19457466928701733,0.9109331033856767,277.44592199022867,1,1,1,1,1,1,1,1,0,1,0,1,1,1
param_20082,real_005,0.7268928049008027,0.5316743260198474,0.11276255089492128,0.17693164114307625,0.29599179928968594,592.3164546674057,1,0,1,0,1,1,1,1,1,1,1,0,1,1
param_20083,real_001,0.7842345870879531,0.6192552997635579,0.1754991728435237,0.23846334653542167,0.1069887413294294,235.0042944069802,1,1,1,1,1,1,1,1,1,1,1,0,1,1
param_20083,real_002,0.7666748920726835,0.6291975346969169,0.18255126801859622,0.24420649088246932,0.14790506303220868,479.05774780086915,1,1,1,1,1,1,1,1,1,1,1,0,1,1
param_20083,real_003,0.8088005792754334,0.6398307235165764,0.2076102343914618,0.27352191603530346,0.14825661582162958,216.0949174241524,1,1,1,1,1,1,1,1,1,1,1,1,1,1
param_20083,real_004,0.8205149183975676,0.6809118981009702,0.21223533771112713,0.2768650658228891,0.03586299364663481,230.19728600520753,1,1,1,1,1,1,1,1,1,1,1,1,1,1
param_20083,real_005,0.7193177556863537,0.5876953529553951,0.10617143386293192,0.1717582552732535,0.2590003019341547,637.1111244370119,1,0,1,0,1,1,1,1,1,1,1,0,1,1
param_20084,real_001,0.6863812471288724,0.43687447567365995,0.08567114375798435,0.10033813130646956,2.2679402916435127,159.33765250579495,0,1,0,1,0,1,1,1,0,1,0,1,1,1
param_20084,real_002,0.695134515612132,0.42554029853796876,0.09838691390598092,0.10901779582308826,2.548297227422662,125.47137453520905,0,1,0,1,0,1,0,1,0,0,0,0,1,1
param_20084,real_003,0.6758325314531827,0.3791471305591385,0.09148530687615705,0.11070026994856348,1.637752587481518,304.6073411159348,0,1,1,1,0,1,0,1,0,0,0,1,1,1
param_20084,real_004,0.7211867365191372,0.4358696692510998,0.1160002831646851,0.14651450026982882,0.6416931527989564,492.21913770065834,0,1,0,1,1,0,1,0,0,0,0,0,1,1
param_20084,real_005,0.739306172446302,0.4106268676838035,0.1142794698995318,0.13153194864520096,1.672725143002167,181.80851432915435,1,1,0,1,0,1,0,1,0,1,0,1,1,1
param_20085,real_001,0.6949610109060584,0.45290650313518294,0.09117047950138431,0.10907427648236073,1.9520693773692683,152.41990031828695,0,1,0,1,0,1,1,1,0,1,0,1,1,1
param_20085,real_003,0.6861560584729784,0.4030827471696592,0.09840249237307953,0.12072519062156639,1.4126845950567386,307.5325249630024,0,1,1,1,0,1,1,1,0,0,0,1,1,1
param_20085,real_004,0.7288465552222421,0.4636483305012479,0.12042653593995555,0.1557080205049225,0.5107440531538995,499.25616205569384,0,1,0,1,1,0,1,0,1,0,0,0,1,1
param_20085,real_005,0.7503542179754322,0.43839207187068074,0.12302326719289863,0.14425952048527832,1.36161184040296,184.5826498920498,1,1,0,1,1,1,0,1,0,1,0,1,1,1
param_20086,real_001,0.6951190004004515,0.46934562043715716,0.09494188114207022,0.11412223910644173,1.9145845438698432,154.93615026325455,0,1,0,1,0,1,1,1,0,1,0,1,1,1
param_20086,real_003,0.6890134549830167,0.4211745146273463,0.10416827418516858,0.12852464654146586,1.3749540947484393,302.4220974364161,0,1,1,1,0,1,1,1,0,0,0,1,1,1
param_20086,real_004,0.7298062553881767,0.478561593312706,0.12305723147230255,0.16025398677287916,0.48006625258799174,494.6613417611359,0,1,0,1,1,0,1,0,1,0,0,0,1,1
param_20086,real_005,0.75185274278726,0.4464672734616453,0.12927994344789306,0.15330778233086506,1.3078284616162639,178.2925212716661,1,1,0,1,1,1,0,1,0,1,0,1,1,1
param_20087,real_001,0.7287047593945876,0.5167153287679053,0.11248321498640086,0.1431031572806197,1.1135966488616789,135.7708224620325,1,1,1,1,1,1,1,1,0,1,1,1,1,1
param_20087,real_002,0.7289944560448706,0.525287155366533,0.1427729923580353,0.1665372414342427,1.2696880702554745,83.34695008579664,0,1,1,1,0,1,1,1,0,0,1,0,1,1
param_20087,real_003,0.7173612056266109,0.48272321625652626,0.1220532293875331,0.15801730631810493,0.7828933765249155,318.4603152468862,1,1,1,1,1,1,1,1,0,0,1,1,1,1
param_20087,real_004,0.7556337739280715,0.548690191267429,0.14787054582459955,0.19363363150713409,0.10976018678357198,521.6735442707986,1,1,1,1,1,0,1,0,1,0,1,0,0,1
param_20087,real_005,0.7822392571604737,0.5114127724255253,0.15566534143213168,0.19293247661036786,0.7363154423701299,191.52570359276132,1,1,1,1,1,1,1,1,0,1,0,1,1,1
param_20088,real_001,0.7640628757805001,0.6019749587945801,0.1496037361011451,0.19713259925989232,0.838392549154881,149.60711807944287,1,1,1,1,1,1,1,1,0,1,1,1,1,1
param_20088,real_002,0.7655435385584564,0.6025548499559907,0.1691156963187178,0.2086973930911745,0.9205158208379073,87.99309430482097,0,1,1,1,0,1,1,1,0,0,1,0,1,1
param_20088,real_003,0.7613686275596065,0.5885826924938025,0.17040978271791293,0.22573830438089915,0.552002399880006,286.25323850593185,1,1,1,1,1,1,1,1,0,0,1,1,1,1
param_20088,real_004,0.7728891658577755,0.6126171233563116,0.16875448642978463,0.22730534036884767,0.10651721793384794,493.8782313404091,1,1,1,1,1,0,1,0,1,0,1,0,1,1
param_20088,real_005,0.8136685313702349,0.5954095694269751,0.19231395273931612,0.24753315503338935,0.45416210819250746,155.594085043555,1,1,1,1,1,1,1,1,1,1,0,1,1,1
param_20089,real_001,0.7874973475197211,0.6488063206176032,0.18603608717901562,0.24527636249257337,0.032536174850154385,109.56673820556847,1,1,1,1,1,1,1,1,1,1,1,1,1,1
param_20089,real_002,0.7888523437915613,0.6661932114112975,0.19773593298892167,0.25434977669225023,0.08441408059286706,46.147329533849444,1,1,1,1,1,1,1,1,0,0,1,0,1,1
param_20089,real_003,0.7678475436633011,0.6211474506401462,0.16993947741755983,0.2418299668460108,0.057866110497689444,315.55529878774604,1,1,1,1,1,1,1,1,0,0,1,1,1,1
param_20089,real_004,0.7674761677450914,0.6433898642802692,0.166489301543488,0.2200095233947835,0.46726085790085553,561.2081282344719,1,1,1,1,1,0,1,0,1,0,1,0,1,1
param_20089,real_005,0.8291651466309388,0.6606177377240988,0.21918437456025497,0.2824433013142407,0.1389622641509434,201.03918545599012,1,1,1,1,1,1,1,1,1,1,1,1,1,1
param_20090,real_001,0.7649324220326374,0.4128336571772085,0.08759496947370989,0.10364036699733764,2.3729712789057777,128.29501418868932,0,1,0,1,0,1,0,1,0,1,0,1,1,1
param_20090,real_002,0.7684735160077814,0.3553973242147228,0.07571167340636493,0.09113749227163265,1.95999570999571,89.53716667248388,0,1,0,1,0,1,0,1,0,1,0,0,0,1
param_20090,real_003,0.7477873354910811,0.37868828921072023,0.06270827284750653,0.075732647891149,2.4385526722956543,379.62698569583273,0,1,0,1,0,1,0,1,0,1,0,1,0,1
param_20090,real_004,0.7232002081947538,0.32778134701611344,0.06326909282948413,0.07608711478107727,2.2702967431713454,462.10641671657044,0,1,0,1,0,1,0,1,0,0,0,1,1,1
param_20090,real_005,0.6821736943858637,0.30067747295955893,0.06210883588823071,0.07471860597082727,2.43283377814275,436.31655701411023,0,1,0,1,0,1,0,1,0,1,0,0,1,1
param_20091,real_001,0.7729568491466352,0.4387065684635575,0.09302194238250186,0.11155836135058703,2.0975474374524596,127.09939514446017,0,1,0,1,0,1,0,1,0,1,0,1,1,1
param_20091,real_002,0.7770827250969178,0.3827335712722503,0.08055588975299342,0.0984637939935744,1.7320873507691699,89.77039202713698,0,1,1,1,0,1,0,1,0,1,0,0,0,1
param_20091,real_003,0.7542258905557127,0.39589680752461703,0.06650935318505205,0.08184848985990874,2.1817847135581783,378.7405085371221,0,1,1,1,0,1,0,1,0,1,0,1,0,1
param_20091,real_004,0.7288283085049696,0.3493393399447893,0.06661283369212656,0.08183858062412341,2.0097316123745133,463.55132846235006,0,1,0,1,0,1,0,1,0,0,0,1,1,1
param_20091,real_005,0.6871495249750349,0.31806330228937285,0.06601728103300354,0.08127975838742317,2.131791979689093,437.63364169632735,0,1,0,1,0,1,0,1,0,1,0,0,1,1
param_20092,real_001,0.7721448103404255,0.45521142128416037,0.09602287391030635,0.11658903545185233,2.0056652702972273,130.85751920101086,0,1,0,1,0,1,0,1,0,1,0,1,1,1
param_20092,real_002,0.778051632072539,0.41087487393994804,0.08659058879257653,0.10615845341594181,1.6411031790082107,87.60976127160752,0,1,1,1,0,1,0,1,0,1,0,0,0,1
param_20092,real_003,0.7530340473487145,0.41686633119163874,0.0701529694449727,0.08686326268853423,2.073110505313895,383.1294822913028,0,1,1,1,0,1,0,1,0,1,0,1,0,1
param_20092,real_004,0.7290100570405826,0.36955202682743016,0.07288323786668309,0.08943715928600109,1.932879474535327,458.0259279387258,0,1,0,1,0,1,0,1,0,0,0,1,1,1
param_20092,real_005,0.6870544358802111,0.3406233962717096,0.07122115620680804,0.08799974042487052,2.04818618217172,432.3305155531126,0,1,0,1,0,1,0,1,0,1,0,0,1,1
param_20093,real_001,0.8087866633000531,0.5249731689207242,0.11862158667340734,0.15210553588148745,1.1948782193217573,122.6165065762911,1,1,1,1,1,1,1,1,0,1,0,1,1,1
param_20093,real_002,0.8106707482884267,0.4865057006112958,0.10630790651428881,0.1389525904775207,0.9198235924261606,89.51619866549287,1,1,1,1,1,1,1,1,0,1,0,0,0,1
param_20093,real_003,0.7810737739594787,0.47397275193614974,0.0869477834244297,0.11518556094566529,1.269493923877048,377.40172037038724,1,1,1,1,1,1,1,1,0,1,0,1,0,1
param_20093,real_004,0.7557966282726227,0.4401133225663347,0.08731289514798504,0.11616825863270154,1.085267356527417,465.3603914577979,1,1,1,1,1,1,1,1,0,0,0,1,1,1
param_20093,real_005,0.7190220831073788,0.40876114074563835,0.08959175848549743,0.12043414075041259,1.1717270838143616,440.3293043622711,1,1,1,1,1,1,1,1,0,1,0,0,1,1
param_20094,real_001,0.8215627658811003,0.5837975834478188,0.1454760102002152,0.190394002517203,0.840090860241317,155.7124854621724,1,1,1,1,1,1,1,1,0,1,0,1,1,1
param_20094,real_002,0.836783810948605,0.5960679615934728,0.1624417191428281,0.2108716720946056,0.5713033180751975,81.221100354201,1,1,1,1,1,1,1,1,0,1,0,0,1,1
param_20094,real_003,0.7942706878738034,0.5548990357298514,0.11831255424832184,0.15919644526708449,0.8634349096832926,413.74586272871346,1,1,1,1,1,1,1,1,0,1,0,1,1,1
param_20094,real_004,0.7843167067936011,0.5430563606039819,0.14192968726493102,0.18409452706119656,0.7901054042527265,420.51354420773004,1,1,1,1,1,1,1,1,0,0,0,1,1,1
param_20094,real_005,0.7415353901025097,0.5046894361750099,0.1277842509131851,0.17468680005613282,0.8789657023709937,397.26540744360443,1,1,1,1,1,1,1,1,0,1,0,0,1,1
param_20095,real_001,0.8342009201514742,0.6685223418980969,0.16865239756559156,0.22327493330741427,0.09236904245578527,114.04686901349977,1,1,1,1,1,1,1,1,1,1,1,1,1,1
param_20095,real_002,0.8106555675406173,0.6330305600209299,0.14246249457217922,0.1907322248134846,0.17261744161645232,88.41375369233114,1,1,1,1,1,1,1,1,1,1,1,0,1,1
param_20095,real_003,0.8152795508738545,0.6379641144723669,0.14748726221010344,0.20514031455833845,0.0414612806230591,374.0786052104121,1,1,1,1,1,1,1,1,1,1,1,1,1,1
param_20095,real_004,0.7667216274983305,0.595165220323257,0.1284468540466324,0.18045026625747013,0.10437433318091754,462.9224663252297,1,1,1,1,1,1,1,1,1,0,1,1,1,1
param_20095,real_005,0.7537979845386742,0.5966799829521291,0.14270323750327282,0.20840858898861392,0.08939527791560273,442.14927671617266,1,1,1,1,1,1,1,1,1,1,1,0,1,1
param_20096,real_001,0.6886221292996483,0.34263038364206144,0.05657125916975034,0.07231892785397666,2.70268485414342,510.8654285683826,0,1,0,1,0,1,0,1,0,0,0,1,1,1
param_20096,real_002,0.6899926155320725,0.4562372843999629,0.1300818215940507,0.12980644521711626,3.4045048009332657,192.35590177345128,0,1,0,1,1,1,0,0,0,1,0,0,1,1
param_20096,real_003,0.6861581033840506,0.3974755101176734,0.08029638791844038,0.10257873842785577,2.0168266143090445,246.39262306812026,0,0,0,1,1,1,0,1,0,1,0,1,0,1
param_20096,real_004,0.7375877831454354,0.38313583677221486,0.13146161878137683,0.14399105979503254,1.7176119282529305,264.4412739794663,0,1,0,1,0,1,1,1,0,0,0,1,1,1
param_20096,real_005,0.752299158201131,0.3817271412844375,0.1629506866970667,0.1637739510803905,1.9656133253524324,212.59812395472025,0,1,0,1,0,1,0,1,0,1,0,1,1,1
param_20097,real_001,0.696318760955411,0.36927174887715514,0.0636783075549682,0.08208020636507449,2.2956199201410707,512.7571196607378,0,1,0,1,0,1,0,1,0,0,0,1,1,1
param_20097,real_002,0.7011365108554375,0.48871722374162835,0.14411897250154598,0.14624832125937534,2.7400812801625603,186.0961257392648,0,1,0,1,1,1,0,0,0,1,0,0,1,1
param_20097,real_003,0.6945242545328247,0.42133467874595043,0.08618794134372167,0.11142071342426617,1.7608396305625524,246.9407012295037,0,0,0,1,1,1,0,1,0,1,0,1,1,1
param_20097,real_004,0.7513384681448173,0.41824626677312915,0.14483464511103508,0.16087584699750856,1.4094055775182013,263.42483766115845,0,1,0,1,0,1,1,1,0,0,0,1,1,1
param_20097,real_005,0.7628800002927099,0.40848020777938177,0.17685327652757457,0.17987517815186524,1.6275259221330212,215.826498105572,0,1,0,1,1,1,0,1,0,1,0,1,1,1
param_20098,real_001,0.6959904823208731,0.38769820128075616,0.06748743709646818,0.0872181734946465,2.266882321030319,507.13954665598396,0,1,0,1,0,1,0,1,0,0,0,1,1,1
param_20098,real_002,0.7017045809233566,0.5083549834699964,0.1473459211305199,0.15152636832607932,2.6780486586401557,186.55805811791384,0,1,0,1,1,1,0,0,0,1,0,0,1,1
param_20098,real_003,0.6946259750997799,0.44145126532922013,0.08901072548665638,0.11610882990381775,1.7144366662263901,241.81590388676648,0,0,0,1,1,1,0,1,0,1,0,1,1,1
param_20098,real_004,0.750323689761796,0.43618407768534534,0.14618041851734964,0.16521462192309117,1.3931807682740485,264.73849281896526,0,1,0,1,0,1,1,1,0,0,0,1,1,1
param_20098,real_005,0.7633183541025786,0.42352286740584616,0.18356935941628894,0.18951868721484477,1.568208629750116,211.1872192275938,0,1,0,1,1,1,0,1,0,1,0,1,1,1
param_20099,real_001,0.7290543724928027,0.4573204174886829,0.09119886643945951,0.1242282846203773,1.1884892860988479,519.5087573027287,1,1,1,1,1,1,0,1,0,0,0,1,1,1
param_20099,real_002,0.7496032845082058,0.6031053888345608,0.20226409355339764,0.21939427777194426,1.1195462855004246,158.73997075895795,1,1,0,1,1,1,0,0,1,1,0,0,1,1
param_20099,real_003,0.7321792465447752,0.5121763450431323,0.10534817727674174,0.1439178522566352,1.0717517043235,249.11029165545523,1,0,1,1,1,1,0,1,0,1,0,1,1,1
param_20099,real_004,0.7892382572243651,0.5114307405274815,0.19459457655206855,0.22629850792589043,0.7078499245565318,263.24253979654134,1,1,1,1,1,1,1,1,0,0,0,1,1,1
param_20099,real_005,0.8102384193137456,0.5098935112795363,0.2486849776663304,0.2644792833191581,0.796304399464913,225.67709197688046,1,1,1,1,1,1,1,1,0,1,0,1,1,1
param_20100,real_001,0.7582391394021855,0.5542737030350718,0.12504426417476683,0.17139629194918307,0.98053522053181,484.08121422491405,1,1,1,1,1,1,1,1,0,0,0,1,1,1
param_20100,real_002,0.7780578619273829,0.6554212681595892,0.21917985752829075,0.2537631756234306,0.855173804034219,155.91652760188248,1,1,1,1,1,1,0,0,1,1,0,0,1,1
param_20100,real_003,0.7607402994949689,0.6047513065595403,0.1288605096323067,0.1804151255090745,0.8305590504715353,212.5503889090589,1,0,1,1,1,1,1,1,1,1,0,1,1,1
param_20100,real_004,0.8039566575040513,0.5862815989984793,0.19964572395304597,0.24027287538068942,0.5491925837320574,270.72582625251863,1,1,1,1,1,1,1,1,0,0,0,1,1,1
param_20100,real_005,0.8270231313258134,0.6034787411352344,0.25803250504909647,0.2945999916034036,0.6015092068304427,192.34529432179176,1,1,1,1,1,1,1,1,1,1,0,1,1,1
param_20101,real_001,0.7711208705725088,0.6193339447696249,0.1385317990213964,0.20043710110068053,0.0628995777060154,524.9945564628832,1,1,1,1,1,1,1,1,1,0,1,1,1,1
param_20101,real_002,0.7809348002139258,0.6859671302606252,0.22318629886490984,0.270942528240178,0.04857687461635383,74.00937686230576,1,1,1,1,1,1,1,0,1,1,1,0,1,1
param_20101,real_003,0.7735450746695445,0.6564116258441725,0.15155195544534375,0.21783801552449275,0.014476421116992261,250.44890481765182,1,0,1,1,1,1,1,1,1,1,1,1,1,1
param_20101,real_004,0.848153818562053,0.6944889218564184,0.25315315141039885,0.3086120496584326,0.19500242049712826,260.7950780563665,1,1,1,1,1,1,1,1,1,0,1,1,1,1
param_20101,real_005,0.8811805419094285,0.7243334445476559,0.3227540929807629,0.39252097540778264,0.1473899085563052,246.9546968264047,1,1,1,1,1,1,1,1,1,1,1,1,1,1
param_20102,real_001,0.6750184995990604,0.36205602495966216,0.10399104884453335,0.11939373654795203,1.7113848383298613,433.2376181017099,0,1,0,1,1,1,0,1,0,1,0,1,0,1
param_20102,real_002,0.6832820987618383,0.4416387012582642,0.14175779220908724,0.15115770269291492,2.7493326862412037,35.72773350638691,0,1,0,1,0,1,0,0,0,1,0,1,1,1
param_20102,real_003,0.6975165280120731,0.39236105702411583,0.06335170503086687,0.08721123711579037,1.3989582279761303,511.3766431776265,1,0,0,1,1,1,0,1,1,0,0,1,1,1
param_20102,real_004,0.6932143854156527,0.46950547304495616,0.1508148358174433,0.1629918537711966,1.590768830396312,187.30585059399175,0,1,0,1,1,1,0,1,0,1,0,1,1,1
param_20102,real_005,0.7088171712883811,0.39429876328858926,0.13509836863179986,0.1455423313884095,1.6754462044095495,517.0398921376533,0,1,0,1,0,1,0,1,0,0,0,1,1,1
param_20103,real_001,0.6843670559762587,0.3858616432708963,0.11323617761251076,0.13354572596160932,1.3781696854146805,442.48998931180216,0,1,0,1,1,1,1,1,0,1,0,1,0,1
param_20103,real_002,0.6923310586406481,0.4767420716748781,0.15215116256831598,0.16240493560988717,2.3481407644968364,28.20624762945055,0,1,0,1,0,1,0,0,0,1,0,1,1,1
param_20103,real_003,0.7054291740430669,0.4139919163651994,0.06825138272458563,0.09415706810523951,1.132447254854951,514.4661910878388,1,0,0,1,1,1,0,1,1,0,0,1,1,1
param_20103,real_004,0.7010975802900314,0.4900554546886491,0.15928510599671347,0.17392758466065064,1.3569411327008607,190.47589051524963,0,1,0,1,1,1,0,1,0,1,0,1,1,1
param_20103,real_005,0.717517014777648,0.42612367126420864,0.1487238791659866,0.1606683148337215,1.410239539426339,517.5599753307233,0,1,0,1,0,1,0,1,0,0,0,1,1,1
param_20104,real_001,0.6850611718197936,0.3987932070438847,0.11760238340180125,0.13950804384520135,1.3448999733680072,438.10641432568684,0,1,0,1,1,1,1,1,0,1,0,1,0,1
param_20104,real_002,0.6933683397487925,0.5029571612010233,0.15530887433350332,0.16671322002462802,2.3106211566068864,28.502836100891074,0,1,0,1,0,1,0,0,0,1,0,1,1,1
param_20104,real_003,0.7064117663854332,0.4265048041602552,0.07331289685506176,0.10053130306995554,1.091424792416783,508.70314833685256,1,0,0,1,1,1,0,1,1,0,0,1,1,1
param_20104,real_004,0.7023035072512767,0.4957291572163554,0.16292510218881526,0.17975722005871572,1.3256353351465902,189.7241379123837,0,1,0,1,1,1,0,1,0,1,0,1,1,1
param_20104,real_005,0.718336118934099,0.43316844097334894,0.1522639521388406,0.16624091460162524,1.3856642787365678,516.6306615037538,0,1,0,1,0,1,0,1,0,0,0,1,1,1
param_20105,real_001,0.7179122441361904,0.46192483093451714,0.14247379192479748,0.17577702299404163,0.7804660457481355,458.64464452317605,1,1,1,1,1,1,1,1,1,1,1,1,0,1
param_20105,real_002,0.7269801513524912,0.5644032975995378,0.17832685634175782,0.197397792307156,1.527109468278242,68.14907571423198,1,1,0,1,1,1,0,0,0,1,0,1,1,1
param_20105,real_003,0.7227222491346451,0.48306064070127586,0.08410001939695329,0.11432467466515187,0.6096344387639687,515.6877908593897,1,0,1,1,1,1,0,1,1,0,0,1,1,1
param_20105,real_004,0.7268880819918973,0.5438814804533338,0.18374305250307668,0.2108165307949521,0.8066134342674928,211.5719700083474,0,1,0,1,1,1,1,1,1,1,0,1,1,1
param_20105,real_005,0.7508420357125196,0.5297864450833752,0.1840995660236558,0.21539987796870094,0.7205131215875066,540.9321742551967,1,1,1,1,1,1,0,1,0,0,0,1,1,1
param_20106,real_001,0.7607422315649828,0.5674487625818616,0.18046303810238398,0.23161949360321776,0.5102613257996166,431.77828613794964,1,1,1,1,1,1,1,1,1,1,1,1,1,1
param_20106,real_002,0.7552755623556933,0.6210335617920694,0.19499925914523764,0.227402726157793,1.1672534470424867,64.20435699183606,1,1,0,1,1,1,1,0,0,1,0,1,1,1
param_20106,real_003,0.7463179634199804,0.5611769527751751,0.11531303560906839,0.15741941788927136,0.41494576294779123,488.62222386890255,1,0,1,1,1,1,0,1,1,0,0,1,1,1
param_20106,real_004,0.76858478227503,0.6116122283373566,0.22462335998395466,0.2694639398243596,0.5788322986995332,206.93395396104836,1,1,0,1,1,1,1,1,1,1,1,1,1,1
param_20106,real_005,0.7824239777162778,0.5954512175946257,0.21591337040113415,0.2652996586769636,0.503193044548742,540.0788247964922,1,1,1,1,1,1,0,1,0,0,0,1,1,1
param_20107,real_001,0.7895839519268588,0.6444540782193943,0.21854111685411584,0.2795855215202868,0.0455414987501913,466.224668710674,1,1,1,1,1,1,1,1,1,1,1,1,1,1
param_20107,real_002,0.7732153277013764,0.6528654311907218,0.21476382225826374,0.2684723718523273,0.09741112965659292,176.03427506429364,1,1,1,1,1,1,1,0,1,1,1,1,1,1
param_20107,real_003,0.7541628776777052,0.6283556614595007,0.12815918030042636,0.18546251456395946,0.0962257800245137,517.1263375293908,1,0,1,1,1,1,1,1,1,0,1,1,1,1
param_20107,real_004,0.7978624439216786,0.6775492669195544,0.2578346348509406,0.316370253704158,0.03769859079077282,267.20283856679174,1,1,1,1,1,1,1,1,1,1,1,1,1,1
param_20107,real_005,0.8168928347488921,0.6782471658257114,0.24208135847302834,0.30810382509571327,0.21889493043339198,615.0030132395016,1,1,1,1,1,1,1,1,1,0,1,1,1,1
param_20108,real_001,0.722729874925875,0.3463633862648486,0.06088732322868142,0.07401815191663644,2.616355969306634,218.20818277413417,0,1,0,1,0,1,0,1,0,1,0,1,0,1
param_20108,real_002,0.701557446605152,0.38044761299175517,0.04869456144817229,0.07181804292043614,2.158406153286,413.20802967096205,0,1,0,0,0,1,0,0,0,1,0,0,0,1
param_20108,real_003,0.7959869263359771,0.42328804206125575,0.06725997452291799,0.08111954092313779,2.196136701337296,530.0349876435196,1,0,0,1,1,1,0,1,0,1,0,1,0,1
param_20108,real_004,0.79543783807013,0.40821483494634414,0.09746200384097219,0.10629143992657238,2.0945343326095585,56.1326479606046,0,1,0,1,0,1,0,1,0,1,0,0,1,1
param_20108,real_005,0.71556403854324,0.38029798255435376,0.08425590957055058,0.09667809620706487,2.3482631259058393,272.12030333211095,0,1,0,1,0,1,0,1,0,1,0,1,1,1
param_20109,real_001,0.7269517487818721,0.3575845120919737,0.065039798261959,0.08013604043745998,2.342897309732251,218.7309101477964,0,1,0,1,0,1,0,1,0,1,0,1,0,1
param_20109,real_002,0.7052085329378134,0.3911199034864672,0.05147175846647922,0.07689436386608062,1.9640157177636355,414.23248652614177,0,1,0,0,0,1,0,0,0,1,0,0,0,1
param_20109,real_003,0.801323789888142,0.43686594551947666,0.0703440290428745,0.08633942017792479,1.9974663232127021,529.740032866317,1,0,0,1,1,1,0,1,0,1,0,1,0,1
param_20109,real_004,0.8005424267931092,0.42390344009696845,0.10249381725777809,0.11345415929415255,1.8746611143644132,55.70568736111173,0,1,0,1,0,1,0,1,0,1,0,0,1,1
param_20109,real_005,0.7197853117568893,0.3939544216074812,0.08953470149993396,0.10427222369560145,2.0801918238317456,272.980356421616,0,1,0,1,0,1,0,1,0,1,0,1,1,1
param_20110,real_001,0.7265630291365298,0.38104035801634895,0.0687629524292567,0.08536084541472276,2.2288653430717003,213.4699017803312,0,1,0,1,0,1,0,1,0,1,0,1,0,1
param_20110,real_002,0.703126942461715,0.40618190899991236,0.053375755448106965,0.08021683080469959,1.858705278984985,409.2617776338694,0,1,0,0,0,1,0,0,0,1,0,0,0,1
param_20110,real_003,0.8001526460445119,0.4554182808834915,0.07447375387544253,0.09178394272549385,1.890481522956327,535.2518768042082,1,0,0,1,1,1,0,1,0,1,0,1,0,1
param_20110,real_004,0.8015620897018058,0.4529295105463105,0.10986881725883413,0.1219949212464303,1.7775519185230202,59.02878869567181,0,1,0,1,0,1,0,1,0,1,0,0,1,1
param_20110,real_005,0.7183981788701697,0.40757843261556587,0.09151103811159532,0.10728356286616636,2.0216446563436143,269.824528155981,0,1,0,1,0,1,0,1,0,1,0,1,1,1
param_20111,real_001,0.7597345945852284,0.4465494061084414,0.09145166452565916,0.12036787238356911,1.301023400387074,218.78992071502347,1,1,1,1,1,1,1,1,0,1,0,1,0,1
param_20111,real_002,0.7299281933574449,0.4804569247866743,0.069834046653421,0.10786632042681049,1.1074584712563393,419.12793994915637,1,1,1,0,1,1,1,0,0,1,0,0,0,1
param_20111,real_003,0.8295799028696687,0.519960539140883,0.09156715782242206,0.12010336103910856,1.1048214921124422,531.7881415783805,1,0,1,1,1,1,0,1,0,1,0,1,0,1
param_20111,real_004,0.8392226980632551,0.5380784857175711,0.13773164305893845,0.1627129791045717,0.9973778594894361,54.99896280713557,1,1,1,1,1,1,1,1,0,1,0,0,1,1
param_20111,real_005,0.7522795121542015,0.48031409185642215,0.12111897958825817,0.14971535599956873,1.1122859797372031,277.8019181811418,1,1,1,1,1,1,1,1,0,1,0,1,1,1
param_20112,real_001,0.7771250691055888,0.5361785245260985,0.1191879306165023,0.16003205290188796,0.932674901173602,175.6063324731284,1,1,1,1,1,1,1,1,0,1,0,1,1,1
param_20112,real_002,0.7392636625971213,0.5222047921722806,0.08972586962506045,0.1386402266361847,0.7511102699974767,377.6437041661475,1,1,1,0,1,1,1,0,0,1,0,0,1,1
param_20112,real_003,0.8375959172960428,0.5965756242324324,0.11230894943806122,0.15700960169711092,0.7379690273612046,577.0169099282235,1,0,1,1,1,1,1,1,0,1,0,1,1,1
param_20112,real_004,0.8613088278120575,0.6375658137527527,0.18027203032397182,0.22042062955481523,0.7099987098438911,86.80773886606191,1,1,1,1,1,1,1,1,0,1,0,0,1,1
param_20112,real_005,0.7606132783274663,0.5447930212332596,0.14082906475691728,0.17796418136022432,0.9048581649887623,252.58107299202507,1,1,1,1,1,1,1,1,0,1,0,1,1,1
param_20113,real_001,0.8043840171099731,0.6416472597881898,0.1566358594312702,0.2083252706811228,0.06049304374895237,216.39166045501094,1,1,1,1,1,1,1,1,1,1,1,1,1,1
param_20113,real_002,0.7458142696188266,0.6127523796273482,0.10801627426562503,0.16359121039044613,0.13623633964800477,436.05160386473693,1,1,1,0,1,1,1,0,1,1,1,0,1,1
param_20113,real_003,0.8275277715917856,0.6570587508488301,0.12172826935676798,0.16960873759351983,0.1289948524765171,540.1568957363896,1,0,1,1,1,1,1,1,1,1,1,1,1,1
param_20113,real_004,0.8443521929370822,0.6858506280726214,0.16018194563087357,0.20648219331319484,0.18732755343544213,57.00330999060217,1,1,1,1,1,1,1,1,1,1,1,0,1,1
param_20113,real_005,0.8113331090302011,0.6663105303001525,0.20521945403717556,0.2608096343393032,0.11130414280484703,296.17534967434585,1,1,1,1,1,1,1,1,1,1,1,1,1,1
param_20114,real_001,0.7002573316107765,0.35524298311234226,0.05912980308738211,0.0748148051926203,2.3563854407742477,322.9069492726706,0,1,1,1,0,1,1,1,0,1,0,1,0,1
param_20114,real_002,0.6991715508032353,0.4340843310094958,0.060565280569043915,0.0811782842486498,1.9957337521755742,327.37905216353425,1,1,1,0,0,1,0,0,0,1,0,0,0,1
param_20114,real_003,0.7886159085956941,0.4560606018069863,0.06668015480891168,0.08690693268699827,1.8740939489808177,352.8766673714918,1,1,0,1,1,1,0,1,0,1,0,1,0,1
param_20114,real_004,0.7698448392821173,0.42598903610034283,0.0980714452035795,0.10707194775983737,2.2569291483113068,118.33663064389837,0,1,0,1,0,1,0,1,0,1,0,1,1,1
param_20114,real_005,0.7207405447130352,0.42529335046137995,0.09870246290034607,0.10769371443368335,2.199269090209656,467.82759869693564,0,1,0,1,0,1,0,1,0,0,0,1,1,1
param_20115,real_001,0.706271623619546,0.3701779818008535,0.064237104600405,0.08245042053572589,2.0520183661756266,323.4610570457371,0,1,1,1,1,1,1,1,0,1,0,1,0,1
param_20115,real_002,0.7029299804934768,0.443164419650557,0.06326099046852117,0.08574116688185733,1.819661978583986,330.0142407438067,1,1,1,0,0,1,0,0,0,1,0,0,0,1
param_20115,real_003,0.7927635596608665,0.46414792601364674,0.06944890338055087,0.09195614144910731,1.6469839747727146,352.56717952655157,1,1,0,1,1,1,0,1,0,1,0,1,0,1
param_20115,real_004,0.7747231999567573,0.44053740245130557,0.10395926053019554,0.1155903217678532,1.9837726489258838,121.454450129768,0,1,0,1,0,1,0,1,0,1,0,1,1,1
param_20115,real_005,0.7260382726008178,0.4437193861109293,0.10679713602148043,0.11835959241729084,1.8227407721680102,469.12227899240753,1,1,0,1,0,1,0,1,0,0,0,1,1,1
param_20116,real_001,0.7060488366706348,0.3876043303715742,0.06804216836817445,0.08806541319316899,1.9581849873905948,318.18375972572886,0,1,1,1,1,1,1,1,0,1,0,1,0,1
param_20116,real_002,0.7019971098970579,0.4630212052333815,0.06654407122434934,0.09088402632848298,1.6469562281984922,322.5977116790927,1,1,1,0,0,1,0,0,0,1,0,0,0,1
param_20116,real_003,0.7929467000272652,0.48024320657414726,0.07428716247372019,0.09858880563021007,1.536051873708016,356.3500333804148,1,1,0,1,1,1,0,1,0,1,0,1,0,1
param_20116,real_004,0.7756761642719943,0.4661545825744116,0.10780701929856447,0.12125323994163711,1.9201810327093192,117.15377378868777,0,1,0,1,0,1,0,1,0,1,0,1,1,1
param_20116,real_005,0.7252395281874046,0.45533665581137583,0.10937116353939111,0.12193936617548298,1.7842316705724808,466.8466290078405,1,1,0,1,0,1,0,1,0,0,0,1,1,1
param_20117,real_001,0.7387680881188232,0.4540889781886138,0.09143495127945865,0.12636461648303293,1.0275158231870059,323.11148776640414,0,1,1,1,1,1,1,1,0,1,1,1,0,1
param_20117,real_002,0.7225328132492824,0.5184907854233429,0.07701745530725958,0.11111244589969592,1.075511374498184,347.70788061071045,1,1,1,0,1,1,1,0,0,1,0,0,0,1
param_20117,real_003,0.8034787739361353,0.5017640316157049,0.08672973525729175,0.11890441694752032,0.8532989025177534,356.1586711333367,1,1,1,1,1,1,0,1,1,1,0,1,0,1
param_20117,real_004,0.8115398933266552,0.5390539304069663,0.1357869144368968,0.16250098503734767,1.0510634608715756,139.02197561611223,1,1,0,1,1,1,1,1,0,1,0,1,1,1
param_20117,real_005,0.7485178002876982,0.520084619818383,0.13330101218069476,0.16007855979825517,0.9141217256210711,479.2618065991934,1,1,0,1,1,1,0,1,0,0,0,1,1,1
param_20118,real_001,0.7617056417738847,0.5467442556205183,0.12186907279242287,0.17017222990078196,0.7464447971974383,282.25614953446217,1,1,1,1,1,1,1,1,0,1,1,1,1,1
param_20118,real_002,0.7370521257989211,0.5669854564567989,0.09916976917365439,0.14504205948504592,0.7135832746521623,313.83548750031514,1,1,1,0,1,1,1,0,0,1,0,0,1,1
param_20118,real_003,0.8239689839351492,0.6036553685134011,0.12002306546044642,0.16867364939085608,0.5037715291455391,386.08768047388133,1,1,1,1,1,1,0,1,1,1,0,1,1,1
param_20118,real_004,0.8335010084595518,0.6272887216790384,0.16541209144524543,0.20419989618945805,0.8222547433823718,106.96764947463174,1,1,0,1,1,1,1,1,0,1,0,1,1,1
param_20118,real_005,0.7637771299793572,0.576776482450321,0.156027277902529,0.19207161946174534,0.7755123825789924,460.9138432343866,1,1,0,1,1,1,0,1,0,0,0,1,1,1
param_20119,real_001,0.7831856017310508,0.6197765865278483,0.15556275389010638,0.21114457220145155,0.04365419546672582,313.2591009440201,1,1,1,1,1,1,1,1,1,1,1,1,1,1
param_20119,real_002,0.7303779810468805,0.5997147943003371,0.10071015192417661,0.15613532138091393,0.06121295163092641,390.7813623963929,1,1,1,0,1,1,1,0,1,1,1,0,1,1
param_20119,real_004,0.8337644786679743,0.6822803142326106,0.1796533348361581,0.2289507546897449,0.10307526080006066,181.2555256017046,1,1,1,1,1,1,1,1,1,1,1,1,1,1
param_20119,real_005,0.7891491811734406,0.6435171569155044,0.1677938738783834,0.2270755362225922,0.0987571539842189,527.8065969904658,1,1,1,1,1,1,1,1,1,0,1,1,1,1
param_20120,real_001,0.6905185192843792,0.4172551492087043,0.0434309406309056,0.054673044715173695,4.7971652716614654,218.5060934640905,0,1,0,1,0,1,0,1,0,1,0,1,1,1
param_20120,real_002,0.7739880626697411,0.5013609930000199,0.08226019420591152,0.10378219252439479,2.3161255411255413,632.8041255078762,1,1,0,1,1,1,1,1,1,1,0,1,0,1
param_20120,real_003,0.6933690733017202,0.3466975528912263,0.03392225591639656,0.04651475798302944,2.1920600614264587,292.1928867351943,1,0,0,1,0,1,0,1,0,1,0,0,0,1
param_20120,real_004,0.670527000588453,0.31461508038323666,0.04953129281179133,0.06677515615234199,2.484092649707106,138.45137928015697,1,1,0,1,1,1,0,1,0,0,0,1,0,1
param_20120,real_005,0.8106468496907094,0.44656200748874303,0.29106629982953236,0.2852824343590265,1.3175678400064514,312.58857929636264,0,1,1,1,0,1,1,1,0,1,0,1,1,1
param_20121,real_001,0.6955381971680336,0.4264484104972192,0.04808091400702569,0.0614608181069934,4.091805630267169,220.04365726318102,0,1,1,1,0,1,0,1,0,1,0,1,1,1
param_20121,real_002,0.7808637545632666,0.5165860983266206,0.08725048680874778,0.11163636267808057,2.0187185970904076,633.4481880795845,1,1,1,1,1,1,1,1,1,1,0,1,0,1
param_20121,real_003,0.6962458352296126,0.35080530538716237,0.035973475741468385,0.05037724946309117,1.9399057097957046,294.98382923426027,1,0,0,1,0,1,0,1,0,1,0,0,0,1
param_20121,real_004,0.675710435186438,0.325763359012453,0.05451103989758552,0.07412081048346669,2.159514960393438,137.89529269890826,1,1,0,1,1,1,0,1,0,0,0,1,0,1
param_20121,real_005,0.8188181802086265,0.4719380903126983,0.3031795541085282,0.3006281895924199,1.1528953479661397,313.2271591864055,0,1,1,1,0,1,1,1,0,1,0,1,1,1
param_20122,real_001,0.6934129613179709,0.43676150744691916,0.048767293774625735,0.06299055286766377,4.027924623751106,221.92812930686722,0,1,1,1,0,1,0,1,0,1,0,1,1,1
param_20122,real_002,0.7799222470047504,0.5354734364859889,0.08820433142765528,0.11426136484935542,1.9838348427305483,635.9135240402165,1,1,1,1,1,1,1,1,1,1,0,1,0,1
param_20122,real_003,0.6948900258417966,0.3643922722011639,0.03876702926119828,0.05426211827470089,1.8404526682322455,289.8398393783391,1,0,0,1,0,1,0,1,0,1,0,0,0,1
param_20122,real_004,0.6751792414316281,0.3403878174548944,0.05875008576238166,0.07912386414808742,2.0955402298850574,140.03292636290266,1,1,0,1,1,1,0,1,0,0,0,1,0,1
param_20122,real_005,0.8229467600577826,0.5085421228765553,0.3247696263455748,0.32990721247291543,1.090489179850882,307.85856958113084,0,1,1,1,0,1,1,1,0,1,0,1,1,1
param_20123,real_001,0.7220217147635906,0.48887049388196635,0.06874918168024442,0.09335956304200925,2.2007439134355273,216.73417967965327,0,1,1,1,0,1,1,1,0,1,0,1,1,1
param_20123,real_002,0.8076540585876738,0.5956696098146395,0.10275063818941002,0.14103180418031747,1.138714068007585,633.6085106475276,1,1,1,1,1,1,1,1,1,1,0,1,0,1
param_20123,real_003,0.7149633783717105,0.40321789614986636,0.046974702948733696,0.07352694229225197,1.0450828632646814,307.6511170288562,1,0,1,1,1,1,0,1,0,1,0,0,0,1
param_20123,real_004,0.7087238225779637,0.4074920859243676,0.08380537908676407,0.11391042900809413,1.2693199590141833,139.39875505158938,1,1,0,1,1,1,1,1,0,0,0,1,1,1
param_20123,real_005,0.866299417932236,0.6235447856216215,0.3847765232552204,0.4088408753224997,0.539891764453732,315.26546574805957,1,1,1,1,0,1,1,1,0,1,1,1,1,1
param_20124,real_001,0.7288336335984826,0.5410251459206241,0.07684049431253831,0.1102015228687195,1.7954913018408876,233.51120165464005,1,1,1,1,0,1,1,1,0,1,0,1,1,1
param_20124,real_002,0.8165792468406352,0.6491328510417594,0.10718539326060389,0.15675280575497305,0.8365683346153462,657.8516769383272,1,1,1,1,1,1,1,1,1,1,0,1,1,1
param_20124,real_003,0.7312016996310206,0.4953989708585684,0.07654883530876522,0.11436239905274713,0.7031062233713266,268.678894006436,1,0,1,1,1,1,1,1,0,1,0,0,1,1
param_20124,real_004,0.732170628762755,0.500767106108085,0.11977068107130098,0.1620788005225363,1.0174997003475967,158.74040168022833,1,1,1,1,1,1,1,1,0,0,0,1,1,1
param_20124,real_005,0.9038761049220922,0.7406931426042828,0.4533797415464704,0.5163323717003645,0.26877400556266834,274.7345046951424,1,1,1,1,0,1,1,1,0,1,1,1,1,1
param_20125,real_001,0.7818188211123672,0.6440606459771707,0.1214137581479803,0.18664426212354268,0.40479858657243817,182.85988430221582,1,1,1,1,1,1,1,1,1,1,1,1,1,1
param_20125,real_002,0.8120919849333593,0.6842892207338042,0.11576065397240967,0.1776019499424102,0.09034944132090243,649.8833996061524,1,1,1,1,1,1,1,1,1,1,1,1,0,1
param_20125,real_003,0.7457629172574675,0.555853525425066,0.09267455174243758,0.14890434258448854,0.014635756473372615,321.63002861596874,1,0,1,1,1,1,1,1,1,1,0,0,0,1
param_20125,real_004,0.7770638770251987,0.6079800588712571,0.1737647142545379,0.2413872383266098,0.07097636242165876,150.0096730707992,1,1,1,1,1,1,1,1,1,0,1,1,1,1
param_20125,real_005,0.8915237134083764,0.7596970882658793,0.38647511544874513,0.45237613195561444,0.23043553936992062,326.58908901101233,1,1,1,1,1,1,1,1,1,1,1,1,1,1
param_20126,real_001,0.7712486450027068,0.3801308229014853,0.0509790131681056,0.06526025530215704,2.858053675827464,281.8995821124686,0,1,0,1,0,1,0,1,0,1,0,1,0,1
param_20126,real_002,0.7510152028371373,0.36961008080264984,0.06687484824294568,0.08586078928106725,1.6231604342581423,35.661227349614336,0,0,0,0,0,1,0,1,0,0,0,1,1,1
param_20126,real_003,0.7389830230937378,0.2852780940137888,0.043648147670238766,0.06082649472027875,2.041541494555013,379.3410886693846,0,0,0,0,0,1,0,1,0,0,0,0,0,1
param_20126,real_004,0.7354018911960484,0.3119515275069412,0.034068241302541484,0.04987086702999438,2.030773706944786,226.23148718983634,0,1,0,0,0,1,0,1,0,1,0,1,0,1
param_20127,real_001,0.7749230267636784,0.3870137647172978,0.053933381603930505,0.06993052922633008,2.588383892445034,280.98758561207705,0,1,0,1,0,1,0,1,0,1,0,1,0,1
param_20127,real_002,0.7561426813942153,0.38229840751351046,0.06953739208679481,0.09162397043526152,1.4268611894568106,35.47909690253001,0,0,0,0,0,1,0,1,0,0,0,1,1,1
param_20127,real_003,0.7424358675711079,0.30449993093521444,0.0468204016972977,0.06683340694736323,1.7721827671772055,379.7245344579767,0,0,0,0,0,1,0,1,0,0,0,0,0,1
param_20127,real_004,0.7366978962879587,0.3183257110864302,0.03583484981922079,0.05342343655934749,1.8201507767920364,226.9432334096125,0,1,0,0,1,1,0,1,0,1,0,1,0,1
param_20127,real_005,0.7375767201454554,0.36040772066464755,0.10761025902926065,0.12041195235197455,1.686816204114392,471.60211960708665,0,1,0,1,0,1,0,1,0,1,0,0,0,1
param_20128,real_001,0.7724103308468012,0.4038546311122274,0.05601368365270397,0.07392610193211128,2.4628034293977894,285.91641144467695,0,1,0,1,0,1,0,1,0,1,0,1,0,1
param_20128,real_002,0.7563849250843586,0.4029740773242392,0.07458276816519886,0.09816199032948089,1.3446051909354662,38.32760768351754,0,0,0,0,0,1,0,1,0,0,0,1,1,1
param_20128,real_003,0.7420044297558033,0.3220840185138856,0.051453027931319485,0.07278986652103643,1.6804417969719534,374.0901144417373,0,0,0,0,0,1,0,1,0,0,0,0,0,1
param_20128,real_004,0.7357853712527763,0.3391940037283613,0.03976235746546517,0.05873021830823436,1.7258051529790661,222.58236953865912,0,1,0,0,1,1,0,1,0,1,0,1,0,1
param_20128,real_005,0.738158271729139,0.37981842472726624,0.11356288206096016,0.12834462010342773,1.6189986000164704,466.14603684416716,0,1,0,1,0,1,0,1,0,1,0,0,0,1
param_20129,real_001,0.8017343016291093,0.46560232206348007,0.07347157796074981,0.10183787302880011,1.5255695515911283,277.99121257273686,1,1,1,1,1,1,1,1,0,1,0,1,0,1
param_20129,real_002,0.78259752311563,0.4718601917269057,0.08638026438339459,0.12294016574650249,0.6935177843226099,35.460452545341155,1,0,1,0,1,1,1,1,0,0,0,1,0,1
param_20129,real_003,0.7646369752328319,0.41599396466859306,0.06197156783877797,0.09439223192695462,0.9164189698771128,378.3476044227646,1,0,1,0,1,1,1,1,0,0,0,0,0,1
param_20129,real_004,0.7529804724497278,0.39597267351361687,0.049661922103639684,0.07778726559983927,0.982577887092996,228.2531354368209,1,1,1,0,1,1,1,1,0,1,0,1,0,1
param_20129,real_005,0.7787127745236165,0.4749622301705951,0.14635190255760808,0.17530638166981408,0.8404490805711888,471.6860022867258,1,1,1,1,1,1,1,1,0,1,0,0,0,1
param_20130,real_001,0.8025083245243745,0.5386821097542552,0.08527223955283522,0.12378494245936436,1.0907696145690409,319.3537899683333,1,1,1,1,1,1,1,1,0,1,0,1,1,1
param_20130,real_002,0.8124098891992856,0.5792217869829692,0.1347228340955892,0.18675234252881978,0.41906434275002075,65.36468076347394,1,0,1,0,1,1,1,1,0,0,0,1,1,1
param_20130,real_003,0.7883079886779544,0.5073130928009199,0.10443838455352514,0.15111193909740858,0.6286586821832074,330.9738565358949,1,0,1,0,1,1,1,1,0,0,0,0,1,1
param_20130,real_004,0.7734450991341555,0.5041314245461535,0.08901072224854545,0.12995609569684846,0.669251155624037,192.86016675863482,1,1,1,0,1,1,1,1,0,1,0,1,1,1
param_20130,real_005,0.8092887696419251,0.5748829977617447,0.19078207493525345,0.23480844928248204,0.5766251471772944,427.15411956086,1,1,1,1,1,1,1,1,0,1,0,0,1,1
param_20131,real_001,0.8406010748471939,0.662188549904652,0.13356698025631164,0.187026285927409,0.019990020203003677,266.7775798917598,1,1,1,1,1,1,1,1,1,1,1,1,1,1
param_20131,real_002,0.7716365571815187,0.6147129750054593,0.12473331557300968,0.17280767702615532,0.2880689055822093,35.86591656652295,1,0,1,0,1,1,1,1,1,0,1,1,1,1
param_20131,real_003,0.7626304578863625,0.5859542110961437,0.09546615445934133,0.14462654668923247,0.19706817182049677,371.70160141788165,1,0,1,0,1,1,1,1,1,0,1,0,1,1
param_20131,real_004,0.7803775689406666,0.5967995757887562,0.1070491504751255,0.16185311430290533,0.1677595796331008,229.86380239980005,1,1,1,0,1,1,1,1,1,1,1,1,1,1
param_20131,real_005,0.8116999936365389,0.665403357059963,0.21058181875716245,0.26356833607541597,0.23824066588820025,468.0173553311557,1,1,1,1,1,1,1,1,1,1,1,0,1,1
param_20132,real_002,0.7053805280589691,0.40167056914411314,0.06620982599122366,0.08438780753346489,1.9994893541440022,323.1120487710777,0,1,0,0,0,1,0,0,0,1,0,0,1,1
param_20132,real_003,0.7869741741281523,0.45947375483367026,0.07267127657683282,0.09815901092531767,1.5480478979669352,274.9975601147951,1,0,0,1,1,1,0,1,0,0,0,1,0,1
param_20132,real_004,0.7575845711508876,0.42688553049735306,0.1013561196384703,0.10640705090188977,2.4972271784732603,176.61178739315434,0,1,0,1,0,1,0,1,0,1,0,1,1,1
param_20132,real_005,0.6982010840048618,0.40657046606097247,0.08747783918050844,0.10390097561240454,2.2025737131434284,447.51000714680964,0,1,0,1,0,0,0,1,0,0,0,1,1,1
param_20133,real_001,0.726680175269529,0.3693138417078764,0.07657235076397641,0.09373636905985455,1.933411891975428,112.84200290813106,0,1,1,1,1,1,1,1,0,1,0,1,0,1
param_20133,real_002,0.7093477208037285,0.41887906310219014,0.07035005142816293,0.09067410124001742,1.7582123680610848,328.27841633861254,0,1,0,0,0,1,0,0,0,1,0,0,1,1
param_20133,real_003,0.7925194518647113,0.47512378966420526,0.07548997782106497,0.10442783992066379,1.300698543347593,275.3808762036902,1,0,0,1,1,1,0,1,0,0,0,1,0,1
param_20133,real_004,0.7624646869652929,0.4455776818295261,0.10841635194467372,0.11618658297412175,2.1714698036471773,179.72105833012282,0,1,0,1,0,1,0,1,0,1,0,1,1,1
param_20133,real_005,0.7037720496147201,0.4215264914680227,0.09775880290578184,0.117623768275759,1.769501707074636,445.9273448520866,0,1,0,1,0,0,0,1,0,0,0,1,1,1
param_20134,real_001,0.727775100579495,0.3920477912680512,0.0808086479779082,0.10021422224393466,1.850216791486007,108.14266049582427,0,1,1,1,1,1,1,1,0,1,0,1,0,1
param_20134,real_002,0.7079874222222791,0.43287974410869734,0.07308775023556974,0.09455099794568485,1.7034057710009205,324.5328914134443,0,1,0,0,0,1,0,0,0,1,0,0,1,1
param_20134,real_003,0.7928469189563212,0.48875006679450705,0.0800176217071162,0.11093317849375174,1.2173300396632107,277.29940561051797,1,0,0,1,1,1,0,1,0,0,0,1,0,1
param_20134,real_004,0.7635354277510885,0.4690539338774597,0.11433164420711885,0.12380198076475235,2.121776935990702,177.72631778244522,0,1,0,1,0,1,0,1,0,1,0,1,1,1
param_20134,real_005,0.7033137176520148,0.4322744820427598,0.10039138707016222,0.1211872057262013,1.7501877561530375,445.01626233821133,0,1,0,1,0,0,0,1,0,0,0,1,1,1
param_20135,real_001,0.7646689951458433,0.46936405060725883,0.10945877276177735,0.14519018247912563,0.9189096974751687,113.04006334440678,0,1,1,1,1,1,1,1,0,1,1,1,0,1
param_20135,real_002,0.7318732748402546,0.5023518765434121,0.08548884054393392,0.11891731128065043,0.9326228452900365,359.456536654803,1,1,1,0,1,1,1,0,0,1,0,0,1,1
param_20135,real_003,0.8058455850859559,0.5251758601145267,0.08734842161219132,0.12422059829304441,0.5486798780117371,280.8019298471629,1,0,1,1,1,1,0,1,1,0,0,1,1,1
param_20135,real_004,0.7976067163470537,0.5401247816175936,0.13613789140461957,0.16015716223639065,1.1379361172117979,199.34971407689517,1,1,0,1,1,1,0,1,0,1,0,1,1,1
param_20136,real_001,0.7920541569849968,0.5711767388313782,0.14456993214981806,0.1943526156251655,0.6787092209558132,78.79220909153915,1,1,1,1,1,1,1,1,0,1,1,1,1,1
param_20136,real_002,0.7440700637840655,0.5528397017346459,0.10689948931170531,0.15060714087415417,0.7289701685457965,330.78016004455577,1,1,1,0,1,1,1,0,0,1,0,0,1,1
param_20136,real_003,0.8248549071556736,0.6109835576873598,0.11925049706420777,0.16861524984558354,0.3293943407836961,296.11302542797705,1,0,1,1,1,1,0,1,1,0,0,1,1,1
param_20136,real_004,0.8227077053035964,0.6312766596476799,0.17407255839548802,0.21129125517702468,0.9282124910265613,182.60353868904897,1,1,0,1,1,1,1,1,0,1,0,1,1,1
param_20136,real_005,0.7406259789988349,0.5506818469572553,0.14612391333917418,0.19053096158126315,0.7076183116606267,442.1964620695244,1,1,0,1,1,0,0,1,0,0,0,1,1,1
param_20137,real_001,0.8115342061701611,0.6518660810312205,0.17916835473377804,0.23361943950066397,0.09987018298863656,101.56464276070693,1,1,1,1,1,1,1,1,1,1,1,1,1,1
param_20137,real_002,0.7375966369108776,0.6007679314891091,0.09852390258794401,0.15335292916345838,0.12437049951713991,434.4660017859417,1,1,1,0,1,1,1,0,1,1,1,0,1,1
param_20137,real_003,0.8101748117479578,0.6543442919661941,0.12632710838267938,0.17977075107975382,0.2102103032481132,305.09221434233206,1,0,1,1,1,1,1,1,1,0,1,1,1,1
param_20137,real_004,0.8131944048503853,0.664602710050151,0.15459210985760696,0.20598949656667095,0.0717065178434284,262.18445102736314,1,1,1,1,1,1,1,1,1,1,1,1,1,1
param_20137,real_005,0.7789005812855269,0.6423870764578491,0.16874703873111158,0.24138198521226978,0.14286765197619206,505.61856930061253,1,1,1,1,1,0,1,1,1,0,1,1,1,1
param_20138,real_001,0.711456461088736,0.3718969841756364,0.07634068984406077,0.09092997026337252,2.148088247491084,107.3908350129207,0,1,0,1,1,1,0,1,0,1,0,1,1,1
param_20138,real_002,0.6953815835303981,0.4171925170108874,0.07655615399814618,0.09226208968635968,2.02635106920727,232.0936345091792,0,1,0,0,0,1,0,0,0,1,0,0,1,1
param_20138,real_003,0.775431666395216,0.4778664307823246,0.07973828054589402,0.10830155707171739,1.3243734438325792,268.1661127966403,1,0,0,1,1,1,0,1,0,0,0,1,0,1
param_20138,real_004,0.7514888134923673,0.45259739733731474,0.12799078489602567,0.1270443498655757,2.5616981747884813,149.83157841614587,0,1,0,1,0,1,0,1,0,1,0,1,1,1
param_20138,real_005,0.6845077154723085,0.4169053789813371,0.08359703042470226,0.1012837444297699,2.3572893736241745,454.44553895239034,0,1,0,0,0,0,0,1,0,0,0,1,1,1
param_20139,real_001,0.7201865706200548,0.39266171614585743,0.08452138232563473,0.1022727404800724,1.7450009039956609,107.58077171988988,0,1,1,1,1,1,1,1,0,1,0,1,1,1
param_20139,real_002,0.6998662278624832,0.4356293329133399,0.0818409389230451,0.09940023288076758,1.7763059739107643,241.9887210080268,1,1,0,0,0,1,0,0,0,1,0,0,1,1
param_20139,real_003,0.7793079580147471,0.48984929458946846,0.08200594588587974,0.11283118812700536,1.098928331117785,270.50546526084395,1,0,0,1,1,1,0,1,0,0,0,1,0,1
param_20139,real_004,0.7566343031831064,0.47431208458719226,0.13767778178259513,0.13934285420686698,2.2121088620205587,155.36911049103506,0,1,0,1,0,1,0,1,0,1,0,1,1,1
param_20139,real_005,0.6904732235576725,0.43280770963420134,0.09862646813753216,0.1173141727475693,1.847918346560285,444.2994047208849,0,1,0,0,0,0,0,1,0,0,0,1,1,1
param_20140,real_001,0.7217521837549333,0.4106221475096914,0.08915126625910698,0.10899773809824476,1.703406278378234,105.50062849618156,0,1,1,1,1,1,1,1,0,1,0,1,1,1
param_20140,real_002,0.6988892111939223,0.4488438672446597,0.08457856872761761,0.1033931392160497,1.7219751329340371,239.0793065056564,1,1,0,0,0,1,0,0,0,1,0,0,1,1
param_20140,real_003,0.7807597472693634,0.504807273485106,0.0870490142743478,0.11996178251176627,1.0329031027466937,269.4543983654337,1,0,0,1,1,1,0,1,0,0,0,1,1,1
param_20140,real_004,0.7581586181937238,0.4980556544727348,0.1442545557159226,0.1475027641315463,2.1586845679424664,154.63382745745605,0,1,0,1,0,1,0,1,0,1,0,1,1,1
param_20140,real_005,0.690787627893831,0.44525963341580693,0.10103361451407272,0.1210409127933127,1.8178420710071594,444.45817412734044,0,1,0,0,0,0,0,1,0,0,0,1,1,1
param_20141,real_001,0.7581771022259148,0.48002970704612347,0.11838133144325415,0.15671388035905232,0.7774265678596097,110.39634224848847,0,1,1,1,1,1,1,1,1,1,1,1,1,1
param_20141,real_002,0.7218901180460837,0.5098100325576435,0.09785616997598662,0.1271760965517233,0.990805129465512,292.15874770762986,1,1,0,0,1,1,1,0,0,1,0,0,1,1
param_20141,real_003,0.7869287467219721,0.5291566297076001,0.0885908513605834,0.12520694548267744,0.4578303639617458,283.4831263344936,1,0,1,1,1,1,0,1,1,0,0,1,1,1
param_20141,real_004,0.7893766244051563,0.5608386372582834,0.16368552764801855,0.18159532443710502,1.243047101048271,183.9319773702164,1,1,0,1,1,1,0,1,0,1,0,1,1,1
param_20142,real_001,0.7928227150297286,0.5875292321776842,0.15868481009009977,0.21217579888797075,0.5640877717111363,89.94606483443086,1,1,1,1,1,1,1,1,1,1,1,1,1,1
param_20142,real_002,0.7348021083670514,0.5566115772046922,0.1174927939948108,0.15824992929178844,0.7566047122756439,270.5486687301984,1,1,0,0,1,1,1,0,0,1,0,0,1,1
param_20142,real_003,0.8126422264177677,0.6178897734283741,0.1241547051651955,0.1736187678667622,0.23754414824132758,276.3243056251867,1,0,1,1,1,1,0,1,1,0,0,1,1,1
param_20142,real_004,0.8189337977878397,0.6507159630171958,0.20256748928924737,0.23437666863183346,0.9608293020041465,177.97352880040887,1,1,0,1,1,1,1,1,0,1,0,1,1,1
param_20142,real_005,0.7308796934223579,0.5573094957753777,0.1427164839666929,0.18438819376105073,0.7323360094999612,428.17614962443895,1,1,0,0,1,0,0,1,0,0,0,1,1,1
param_20143,real_001,0.8056240193649196,0.6487398432005743,0.19063616164721892,0.24733214460499142,0.07521851682655703,92.14228596333282,1,1,1,1,1,1,1,1,1,1,1,1,1,1
param_20143,real_002,0.7346086048670827,0.5921585219956927,0.1096468638994846,0.16440259048737865,0.054302962042181456,390.99742054919943,1,1,1,0,1,1,1,0,1,1,1,0,1,1
param_20143,real_003,0.8027063178015597,0.6522458069750442,0.13101824906971346,0.1910492162235377,0.1814050538928288,323.52944798526613,1,0,1,1,1,1,1,1,1,0,1,1,1,1
param_20143,real_004,0.8177046681486386,0.6733100186355445,0.187442838825407,0.23536742713206124,0.04990691008451761,285.8856880885997,1,1,1,1,1,1,1,1,1,1,1,1,1,1
param_20143,real_005,0.7604140915685846,0.6321504362563697,0.15626135358007517,0.22425269094216083,0.05156598920202391,472.042886959193,1,1,1,0,1,0,1,1,1,0,1,1,1,1
param_20144,real_001,0.6801139069489593,0.34216597303167434,0.03538623075738543,0.05300977704460575,2.7324797073282268,265.5264549830628,0,1,0,1,0,1,0,1,0,1,0,1,1,1
param_20144,real_002,0.7142103081583357,0.33415098224520207,0.07273171259633801,0.08570638166603384,2.1220343667941215,713.9137882984194,0,1,0,1,0,1,0,0,0,1,0,0,1,1
param_20144,real_003,0.7163991535578831,0.3735675752645151,0.05268432636419124,0.06912050976039323,2.7236138105741303,262.85293538698625,1,1,0,1,0,1,0,1,0,1,0,1,0,1
param_20144,real_004,0.7587915098370792,0.37553083390910247,0.04655579673796439,0.061051674070012905,2.86857651164382,139.64698556428328,0,1,0,1,0,1,0,1,0,1,0,1,0,1
param_20144,real_005,0.7375402666614861,0.36181466423648767,0.05113737714674173,0.07021950068773086,2.52844257903197,75.02524857229359,0,1,0,1,0,1,1,1,0,1,0,1,0,0
param_20145,real_001,0.6820866819731358,0.34471894406358194,0.03726431136049866,0.05695218799189032,2.4700167931466956,264.78431330241636,0,1,0,1,0,1,0,1,0,1,0,1,1,1
param_20145,real_002,0.7180077922184936,0.34677897276325154,0.07716492818678228,0.09277758190260578,1.8646306668075663,715.4758191477113,0,1,0,1,0,1,0,0,0,1,0,0,1,1
param_20145,real_003,0.7206789427094071,0.38548577245017723,0.05615487356557053,0.07469394004907115,2.4554260816698754,263.0529281348831,1,1,0,1,1,1,0,1,0,1,0,1,0,1
param_20145,real_004,0.7627979684185145,0.3869295383218237,0.049413227825907374,0.06606894932428077,2.5945745469958674,140.2014643399604,0,1,0,1,0,1,0,1,0,1,0,1,0,1
param_20145,real_005,0.7413710886668646,0.3669587072254181,0.05428084021958746,0.07551073872870445,2.2891987513007286,74.21891302286238,0,1,1,1,0,1,1,1,0,1,0,1,0,0
param_20146,real_001,0.6808770901876212,0.36517227616671916,0.0403810661312382,0.06130393168885724,2.3855981416957026,268.53848923163486,0,1,0,1,0,1,0,1,0,1,0,1,1,1
param_20146,real_002,0.7174372647805154,0.3584541605149314,0.08147402633937101,0.09877661812837907,1.809585008913395,710.8854544079462,0,1,0,1,0,1,0,0,0,1,0,0,1,1
param_20146,real_003,0.7184609407000074,0.39751365793545834,0.05793752350044283,0.07749520108684459,2.3368167674514178,257.72426455323847,1,1,0,1,1,1,0,1,0,1,0,1,0,1
param_20146,real_004,0.7610298919973661,0.4047473454370076,0.05233337956067408,0.0698284168141979,2.406712595657501,135.85616859785426,0,1,0,1,0,1,0,1,0,1,0,1,0,1
param_20146,real_005,0.7397734671006678,0.3851223503411367,0.05726069973559733,0.08063991541416542,2.1755274261603375,79.45346160727719,0,1,1,1,0,1,1,1,0,1,0,1,0,0
param_20147,real_001,0.7033124973747615,0.4029888242879717,0.05250248938258967,0.08454386394581773,1.454736842105263,260.9114550296459,1,1,1,1,1,1,1,1,0,1,0,1,1,1
param_20147,real_002,0.7481812867468584,0.43381903190133797,0.10087609446954456,0.1353364608271118,0.9444803098773402,723.8406108277359,1,1,1,1,1,1,1,0,0,1,0,0,1,1
param_20147,real_003,0.7492100299017715,0.47271244133334944,0.07783878672004896,0.10808749709609776,1.4473310272566777,260.87791486014726,1,1,1,1,1,1,1,1,0,1,0,1,0,1
param_20147,real_004,0.7917041317979305,0.47625306688796015,0.0680867379965198,0.09726707707371411,1.5298311556589703,141.91027712060585,1,1,1,1,1,1,1,1,0,1,0,1,0,1
param_20147,real_005,0.7682283251284333,0.4289171914859974,0.07746471323572716,0.11226867267796696,1.3005909924597514,73.17016085152615,1,1,1,1,1,1,1,1,0,1,0,1,0,0
param_20148,real_001,0.7158749590192697,0.48219890411536553,0.07998330724629747,0.12336432372046235,1.1659346929027292,293.278736880595,1,1,1,1,1,1,1,1,0,1,0,1,1,1
param_20148,real_002,0.7674724275919593,0.5103091333744423,0.13419941449129533,0.18088204513337913,0.7278127629197155,686.8735571895402,1,1,1,1,1,1,1,0,0,1,0,0,1,1
param_20148,real_003,0.762409067923215,0.5313081055576601,0.10097502740010982,0.14160552124233902,1.0302438559725662,217.05451877651092,1,1,1,1,1,1,1,1,0,1,0,1,1,1
param_20148,real_004,0.799745055959996,0.5660714769634186,0.09181419952912993,0.13096457806120868,1.1099182703670991,117.96708756783639,1,1,1,1,1,1,1,1,0,1,0,1,1,1
param_20148,real_005,0.7788215613585611,0.5241967713618289,0.0988698630618565,0.14752988869141864,0.8765405713471539,117.15925769707466,1,1,1,1,1,1,1,1,0,1,0,1,1,0
param_20149,real_001,0.7559524250194367,0.5958554828733819,0.11422320202821455,0.18498454392287367,0.022339406161342244,240.11377542431944,1,1,1,1,1,1,1,1,1,1,1,1,1,1
param_20149,real_002,0.7725068736692006,0.6027115436690839,0.13901984661319386,0.2012585078621941,0.17268909614727282,755.8930672718008,1,1,1,1,1,1,1,0,1,1,1,0,1,1
param_20149,real_003,0.8029695490907314,0.6437439812024606,0.14326076043064545,0.20744836891609078,0.046632824057307364,258.6991869476976,1,1,1,1,1,1,1,1,1,1,1,1,1,1
param_20149,real_004,0.8212966750758636,0.6551935944753662,0.12342391560742161,0.17914066436323123,0.038030306739455066,147.97246773115805,1,1,1,1,1,1,1,1,1,1,1,1,1,1
param_20149,real_005,0.8159226087183837,0.6317399130079367,0.16778684428223528,0.22925403250868098,0.05687534685547539,73.53839748685536,1,1,1,1,1,1,1,1,1,1,1,1,1,0
param_20150,real_001,0.6802010841843062,0.3804708847245826,0.05264436522481994,0.07543427071883511,2.1786648695790056,161.90906282548727,0,1,0,1,0,1,1,1,0,1,0,1,1,1
param_20150,real_002,0.7674173823457555,0.4906090802179937,0.1743628105823653,0.18553889400039886,2.003731834745577,107.87416314295179,0,1,0,1,1,1,1,1,0,1,0,1,0,1
param_20150,real_003,0.7205012829027442,0.38972318571336095,0.09515090247177756,0.11146710101723965,2.356368101507606,313.0738393520367,0,1,0,1,0,1,0,1,0,1,0,1,0,1
param_20150,real_004,0.7563802341932175,0.42857288608793864,0.10151961636178677,0.11285067310506333,2.2749595954329807,325.1017854690574,0,1,0,1,0,1,0,1,0,0,0,1,1,1
param_20150,real_005,0.7238569667010866,0.39424717812775145,0.07896418963739622,0.0891904267427881,2.5051505720422567,361.7565718600322,1,1,0,1,1,1,0,1,0,1,0,1,0,1
param_20151,real_001,0.6851535025357681,0.3910547393301098,0.05987498244646777,0.08549918696478714,1.805338837770703,161.07047123954348,0,1,0,1,0,1,1,1,0,1,1,1,1,1
param_20151,real_002,0.7766915859214403,0.5146303588477956,0.18470097180345896,0.19975151083833764,1.6846122152681042,107.64749552544663,0,1,1,1,1,1,1,1,0,1,0,1,0,1
param_20151,real_003,0.7274872441458774,0.40970714434019834,0.10270900867714662,0.12385656559539436,1.9274111977152377,314.38825875607404,0,1,0,1,0,1,0,1,0,1,0,1,1,1
param_20151,real_004,0.7648447069380865,0.4534946199358801,0.11372124447745524,0.12895914285620225,1.7975238816272907,323.08248513253477,0,1,0,1,0,1,1,1,0,0,0,1,1,1
param_20151,real_005,0.7315418210618013,0.41399225019177616,0.0830635823833207,0.09481086981897446,2.2869386496762925,363.4066522037966,1,1,0,1,1,1,0,1,0,1,0,1,0,1
param_20152,real_001,0.6833824684549487,0.40490844529052444,0.061663195518248254,0.08872110531607856,1.7592911218169305,159.6316763845685,0,1,0,1,0,1,1,1,0,1,0,1,1,1
param_20152,real_002,0.7768645363352005,0.5277941883506791,0.185982495112932,0.20378302716514163,1.6150905894044798,109.0319046007587,0,1,1,1,1,1,1,1,0,1,0,1,0,1
param_20152,real_003,0.7273858967307111,0.4236783791718335,0.10621181249917733,0.12865997718657998,1.8822518599519635,311.36385115908604,0,1,0,1,0,1,0,1,0,1,0,1,1,1
param_20152,real_004,0.7648625835083643,0.46688139832317516,0.11684928082725174,0.1335692668366479,1.7561590943992278,325.28076444223666,0,1,0,1,0,1,1,1,0,0,0,1,1,1
param_20152,real_005,0.7332076594073301,0.436183758541102,0.08941480759118597,0.1031237989887185,2.152431452169285,358.36572233504694,1,1,0,1,1,1,0,1,0,1,0,1,0,1
param_20153,real_001,0.7186633964279449,0.4712545585145268,0.0900280500673238,0.12999501321114898,0.9477270243025614,155.93897158868174,1,1,1,1,1,1,1,1,1,1,1,1,1,1
param_20153,real_002,0.8227536945368482,0.6204955966525488,0.2355119262035363,0.26999495200822987,0.7671931705175064,104.17772318829202,1,1,1,1,1,1,1,1,0,1,1,1,0,1
param_20153,real_003,0.7660596307776163,0.521400192324252,0.13635168426707506,0.17629100591272773,0.9354216930661912,325.2445700825206,1,1,1,1,1,1,1,1,0,1,1,1,1,1
param_20153,real_004,0.8058657316890144,0.5519417883645665,0.16228659218263516,0.19280965056959196,0.772688791059939,307.6833815882199,0,1,0,1,0,1,1,1,0,0,1,1,1,1
param_20153,real_005,0.7558070748179629,0.4855500485949863,0.10385835981499879,0.1294791169823202,1.42915729995747,367.2887153061821,1,1,1,1,1,1,1,1,0,1,0,1,0,1
param_20154,real_001,0.7438558773103938,0.5522691317036706,0.11338892242490603,0.16954669242235768,0.7140688962281292,147.36049364048176,1,1,1,1,1,1,1,1,1,1,1,1,1,1
param_20154,real_002,0.8447984538542833,0.6757424717241605,0.24363182714086717,0.293912520829148,0.475388978143903,114.36442314331275,1,1,1,1,1,1,1,1,0,1,1,1,1,1
param_20154,real_003,0.7975705963576455,0.6019899910459302,0.1753766077092433,0.23208827995378903,0.7049738945617521,302.56380917653973,1,1,1,1,1,1,1,1,0,1,1,1,1,1
param_20154,real_004,0.8255502187566981,0.6037927280480411,0.18865871132261208,0.2331728970010775,0.5972792575170046,320.9504306250063,0,1,1,1,0,1,1,1,0,0,1,1,1,1
param_20154,real_005,0.7861846252746351,0.5873060390879133,0.1383437705080939,0.1820130951579466,0.8108178493381795,325.5012421680925,1,1,1,1,1,1,1,1,1,1,0,1,1,1
param_20155,real_002,0.8425682026616417,0.7127661229487166,0.2528664619010436,0.3046285566109793,0.16513420013789148,67.46758347285396,1,1,1,1,1,1,1,1,1,1,1,1,1,1
param_20155,real_003,0.79957639344742,0.6705769701450158,0.2022628769819913,0.2652827526590425,0.10171802065519697,377.9158043956413,1,1,1,1,1,1,1,1,1,1,1,1,1,1
param_20155,real_004,0.8350984218723287,0.6874796252532986,0.21036158704959743,0.2587294825369014,0.1972319665689037,226.40788684566786,1,1,1,1,1,1,1,1,1,0,1,1,1,1
param_20155,real_005,0.7806110704177255,0.61156962290466,0.1309992666492827,0.1908590009475859,0.07982228704153838,365.93574495249123,1,1,1,1,1,1,1,1,1,1,1,1,0,1
param_20156,real_001,0.7029138937069278,0.4210150543519091,0.0652080403482178,0.08876932915385743,2.2498301245753116,360.01268494660576,1,1,0,1,1,1,0,1,0,0,0,1,1,1
param_20156,real_002,0.7102050868930607,0.46472680252487253,0.11346371013235583,0.1257427960462926,2.3082771222956664,179.74569380835365,0,1,0,1,0,0,0,1,0,1,0,1,1,1
param_20156,real_003,0.7422051187881094,0.411934368743185,0.11898508141629754,0.12882874259951585,2.391188132044371,11.565342211263193,0,1,0,1,0,1,0,1,0,1,0,1,1,1
param_20156,real_005,0.753287004047232,0.5330297647239428,0.20312028248888253,0.21402102576698734,1.3657713522217274,326.36296198101945,1,1,0,1,1,1,0,1,0,1,0,1,1,1
param_20157,real_001,0.7073272198747417,0.42889799747819546,0.07120236043026013,0.09737517313998467,1.885707494560547,352.9580906684321,1,1,0,1,1,1,0,1,0,0,0,1,1,1
param_20157,real_002,0.7186297524382782,0.4832425584890785,0.12512120139499813,0.14101564617068216,1.8402703801979432,165.21299992235785,0,1,0,1,0,0,0,1,0,1,0,1,1,1
param_20157,real_003,0.7490179084659739,0.429685241680519,0.13076860467874515,0.14296584686912223,1.9436194895591647,10.003247285818674,0,1,1,1,0,1,0,1,0,1,0,1,1,1
param_20157,real_004,0.6988293073335305,0.34960480303431296,0.06341312846496026,0.07304279886042261,3.5545503726857417,299.06097555336925,0,1,0,1,0,1,0,1,0,0,0,1,1,1
param_20157,real_005,0.7648530474018395,0.5690939484180758,0.21320701815101906,0.2261041287956954,1.1999235413115852,320.4577256324936,1,1,0,1,1,1,0,1,1,1,0,1,1,1
param_20158,real_001,0.7059361404798767,0.45580326495581963,0.07301295606033376,0.10071006884844409,1.8273440578983196,355.105233685938,1,1,0,1,1,1,0,1,0,0,0,1,1,1
param_20158,real_002,0.7184897497681487,0.48592734938622967,0.12808764133001949,0.14567773528094194,1.7978936523381603,166.02620260924516,0,1,0,1,0,0,0,1,0,1,0,1,1,1
param_20158,real_003,0.749349901121763,0.4404556526681563,0.13259236815156553,0.14575752610781023,1.900880301817766,8.028399539247776,0,1,1,1,0,1,0,1,0,1,0,1,1,1
param_20158,real_004,0.6982793696775836,0.36119166785615264,0.0671089418000076,0.07758731627806509,3.511834936136005,300.8505096899302,0,1,0,1,0,1,0,1,0,0,0,1,1,1
param_20158,real_005,0.7678690809587154,0.5810034086719287,0.21776242625587883,0.2342671401458179,1.1482524226539532,319.83759432851866,1,1,0,1,1,1,0,1,1,1,0,1,1,1
param_20159,real_001,0.7327503971080439,0.5056099908863867,0.09116679609692811,0.131696338318629,1.0214921549791867,321.5077157177394,1,1,1,1,1,1,1,1,0,0,0,1,1,1
param_20159,real_002,0.7542516763865547,0.5669215434161403,0.17238836126827578,0.20150689196558463,0.8219610376702117,91.75464830763899,0,1,0,1,0,0,1,1,1,1,1,1,1,1
param_20159,real_003,0.7802974469434091,0.504102544594258,0.17346520578038838,0.1970898220054773,1.0102198455139633,6.519749661023661,1,1,1,1,1,1,1,1,0,1,0,1,1,1
param_20159,real_004,0.7332063942456029,0.45672489560413043,0.09223154586840632,0.11751089478426378,1.702434239857334,295.78299534037063,0,1,1,1,0,1,1,1,0,0,0,1,1,1
param_20159,real_005,0.7997547850924466,0.652872886687432,0.24737305283667702,0.26933863208266196,0.6639037143235786,307.4664765540414,1,1,0,1,1,1,0,1,1,1,0,1,1,1
param_20160,real_001,0.7545304718774588,0.6025164581222342,0.11019307964952085,0.16921935405450012,0.7330595482546202,332.7703572434271,1,1,1,1,1,1,1,1,1,0,0,1,1,1
param_20160,real_002,0.7794625149265125,0.6045145474352261,0.20335538990087218,0.24499267392035626,0.6444927893780699,93.30737302240094,0,1,1,1,1,0,1,1,1,1,1,1,1,1
param_20160,real_003,0.8049601211429435,0.5818323269524803,0.19133628130526803,0.22545571480376603,0.7741161115901835,37.984304583353584,1,1,1,1,1,1,1,1,0,1,0,1,1,1
param_20160,real_004,0.7556201027270383,0.5484716657369116,0.12449240951373017,0.16073631933103244,1.3482768239013203,312.718194629845,0,1,1,1,0,1,1,1,0,0,0,1,1,1
param_20160,real_005,0.8347722956528917,0.7041643322575817,0.26568191813665654,0.30425029939564174,0.39110596293311845,306.86259446712717,1,1,0,1,1,1,0,1,1,1,1,1,1,1
param_20161,real_001,0.7705343583818646,0.6579490558115154,0.16091875999055724,0.23466423193444774,0.07009026419363201,249.61058684110503,1,1,1,1,1,1,1,1,1,0,1,1,1,1
param_20161,real_002,0.8100630834483051,0.6792724014209051,0.23814891022949172,0.30143195251148597,0.01633340264688324,90.79382251312003,1,1,1,1,1,0,1,1,1,1,1,1,1,1
param_20161,real_003,0.8556392253363204,0.6951789815091973,0.26863145124540433,0.3344964306616715,0.020762581043531955,13.632865821580912,1,1,1,1,1,1,1,1,1,1,1,1,1,1
param_20161,real_004,0.7828926468901435,0.6265210932979461,0.17006245172925247,0.2276246677104819,0.07415046995279208,288.5335481559697,1,1,1,1,1,1,1,1,1,0,1,1,1,1
param_20161,real_005,0.8110979144129034,0.705262444902793,0.22788444798535912,0.27735887189649727,0.13476923462451681,366.26584742529025,1,1,1,1,1,1,1,1,1,1,1,1,1,1
