param_folder,realization,global_ssim,plume_ssim,iou_0.001,iou_0.0001,area_rel_err_1e-3_d365,centroid_err_m_d365,exceed_w500_+400_true,exceed_w500_+400_pred,exceed_w500_-400_true,exceed_w500_-400_pred,exceed_w1000_+400_true,exceed_w1000_+400_pred,exceed_w1000_-400_true,exceed_w1000_-400_pred,exceed_w1500_+600_true,exceed_w1500_+600_pred,exceed_w1500_-600_true,exceed_w1500_-600_pred,exceed_w1900_+0_true,exceed_w1900_+0_pred
param_20000,real_001,0.7396789344501137,0.400702540672562,0.06072373690783203,0.07795135470323522,2.3277794874049325,46.12011611390307,0,1,0,1,0,1,0,1,0,1,0,0,0,1
param_20000,real_002,0.7347778993527783,0.3738250485890225,0.05110724427878606,0.07337913363718201,2.3824516186371008,107.64348179096716,0,1,0,1,0,1,0,1,0,1,0,1,0,1
param_20000,real_003,0.7486125250512585,0.4151820336856998,0.07361621819813138,0.08497575207115714,2.6093753509579747,134.64441449094386,0,1,0,1,0,1,0,1,0,1,0,1,0,1
param_20000,real_004,0.75245335660933,0.3781661902044177,0.05513706099272813,0.0708937453463243,2.0540744690304806,264.6047459981884,0,1,0,1,0,1,0,0,0,1,0,0,1,1
param_20000,real_005,0.7868752608773665,0.4429185298604945,0.17140983857251402,0.18166834583452193,1.6519975306464414,83.66660956853275,0,1,0,1,0,1,0,1,0,1,0,1,0,1
param_20001,real_001,0.7437596156477876,0.41032173915944337,0.06439209202793317,0.08358738991822301,2.1039261916965657,46.339166594439874,0,1,0,1,0,1,0,1,0,1,0,0,0,1
param_20001,real_002,0.738378468452676,0.37939519971261987,0.05452585366141367,0.0791777271149742,2.146370701058201,107.35984185887634,0,1,0,1,0,1,0,1,0,1,0,1,0,1
param_20001,real_003,0.7520718770847066,0.41921048810925343,0.0772284149557767,0.09042768865982165,2.380306281290757,135.1116001288288,0,1,0,1,0,1,0,1,0,1,0,1,0,1
param_20001,real_004,0.7561173843898941,0.38758059904352976,0.05749440182389806,0.075846109545377,1.846700213290261,265.11501299348106,0,1,0,1,0,1,0,0,0,1,0,0,0,1
param_20001,real_005,0.792996064157198,0.4596046900108551,0.17857298744280764,0.19183019033851678,1.4652402033120184,83.90795385609275,0,1,0,1,0,1,0,1,0,1,0,1,0,1
param_20002,real_001,0.7420771021217533,0.4254822824226086,0.06661126999819178,0.08709220807362578,1.9990293377706463,44.532484304042086,0,1,0,1,0,1,0,1,0,1,0,0,0,1
param_20002,real_002,0.7361186956424512,0.395791715938183,0.05614870531961115,0.08225293265268271,2.0418814690484752,110.50148211161398,0,1,0,1,0,1,0,1,0,1,0,1,1,1
param_20002,real_003,0.7509018704038729,0.437713379873884,0.0812609779418637,0.09728577165399961,2.2617423781106645,131.2039734350011,0,1,0,1,0,1,0,1,0,1,0,1,0,1
param_20002,real_004,0.7546669857007607,0.4020138876550605,0.06057206745492957,0.08062492737498356,1.7583370119186164,260.17168094894816,0,1,0,1,0,1,0,0,0,1,0,0,1,1
param_20002,real_005,0.7925563402318094,0.4723616665750497,0.17944696577923464,0.1950306294984015,1.381389823797268,82.42161207769618,0,1,0,1,0,1,0,1,0,1,0,1,0,1
param_20003,real_001,0.7743036004414577,0.4869421577614169,0.08661469655344618,0.11889344453673974,1.206395009910225,46.82008064530607,1,1,1,1,1,1,1,1,0,1,0,0,0,1
param_20003,real_002,0.7683999274425504,0.44784109590089266,0.07610226152960729,0.11502848314526824,1.2427260271954508,106.86301482424228,1,1,1,1,1,1,1,1,0,1,0,1,0,1
param_20003,real_003,0.7823390057141278,0.4764803501614792,0.09972378826361479,0.12840047296124357,1.4119386407300671,135.63187184905334,1,1,1,1,1,1,1,1,0,1,0,1,0,1
param_20003,real_004,0.7839642496299826,0.47188034985913924,0.07231179823851702,0.10753748994398414,1.028358957712397,265.1701263110318,1,1,1,1,1,1,1,0,0,1,0,0,0,1
param_20003,real_005,0.827194729120187,0.5474563714750882,0.21278974071934934,0.24666796003190342,0.7497127063786457,84.55516844334512,1,1,1,1,1,1,1,1,0,1,0,1,0,1
param_20004,real_001,0.7875804886237857,0.5561435296171574,0.11172729225073207,0.15585347072256525,0.8238483037779492,46.67247171541102,1,1,1,1,1,1,1,1,0,1,0,0,1,1
param_20004,real_002,0.7767700661356198,0.5225383910316412,0.09551200913175378,0.14728347923048143,0.8718062215664576,135.75288877875022,1,1,1,1,1,1,1,1,0,1,0,1,1,1
param_20004,real_003,0.794125150480247,0.5583098228208271,0.1150766990162962,0.16012021867934556,0.9717416378316033,106.20588365381127,1,1,1,1,1,1,1,1,0,1,0,1,1,1
param_20004,real_004,0.8008352660316688,0.5538556431037026,0.09985200669648256,0.14849922800106488,0.6878668074552464,226.13536025068956,1,1,1,1,1,1,1,0,0,1,0,0,1,1
param_20004,real_005,0.8481599834204672,0.6123131881340496,0.22583313776312813,0.27238599449572737,0.4509179513160117,81.70251058129122,1,1,1,1,1,1,1,1,0,1,0,1,1,1
param_20005,real_001,0.8021848529748142,0.6516402595915411,0.13800697657856054,0.1894554291478394,0.08112963626100837,51.13720088036175,1,1,1,1,1,1,1,1,1,1,1,0,1,1
param_20005,real_002,0.8183557437259799,0.6488936123655467,0.1584984823104511,0.22607656613832694,0.06671898085423346,102.93012025696376,1,1,1,1,1,1,1,1,1,1,1,1,1,1
param_20005,real_003,0.8175167216628039,0.6494626307622425,0.15064226116737278,0.21036822106264388,0.019141910162425457,136.21418231141573,1,1,1,1,1,1,1,1,1,1,1,1,1,1
param_20005,real_004,0.798826094012035,0.6390493689061839,0.11001650641223674,0.16594569116121366,0.16120568674110683,270.54809865449374,1,1,1,1,1,1,1,0,1,1,1,0,1,1
param_20005,real_005,0.8551083617735808,0.697288329198209,0.2518067574563928,0.3042625044305163,0.26930553530641005,87.24545225324215,1,1,1,1,1,1,1,1,1,1,1,1,1,1
param_20006,real_001,0.7813950909834882,0.4749707897413911,0.14076541463613892,0.1523120593069099,1.678742497409529,316.92659435713585,0,1,0,1,1,1,0,1,0,1,0,1,0,0
param_20006,real_002,0.7649264853867003,0.44759931099504413,0.1346204810071632,0.1404642138350822,1.7688248829643736,204.34029009506204,0,1,1,1,0,1,0,1,0,0,0,1,1,1
param_20006,real_003,0.7271846899511871,0.4145867442318204,0.11044541128782585,0.126036873413997,1.6583894310047143,317.2876927710677,1,1,0,1,1,1,0,1,0,0,0,1,1,1
param_20006,real_004,0.7254948108680485,0.47026945673975346,0.10025676093892161,0.11736340571924332,1.9554465639566447,179.06898514895477,0,1,0,1,0,1,0,1,0,1,0,1,0,1
param_20006,real_005,0.7338174516442123,0.4027264162522535,0.06800033523348845,0.08906316081717192,2.048699352093608,297.72160077642354,1,1,0,1,1,1,0,1,0,1,0,1,0,1
param_20007,real_001,0.7892840233600488,0.49176702541738054,0.14796827738049972,0.16142457546960487,1.490502590202672,315.3340504368439,1,1,0,1,1,1,1,1,0,1,0,1,0,0
param_20007,real_002,0.7722193766210935,0.4608970705716319,0.1397585134740474,0.14805379563489082,1.5755037272123404,207.16065876781389,1,1,1,1,0,1,1,1,0,0,0,1,1,1
param_20007,real_003,0.7341513218254414,0.4268074037702746,0.11598761083927736,0.13375105205189436,1.4922159173577767,318.5902869933585,1,1,0,1,1,1,0,1,0,0,0,1,1,1
param_20007,real_004,0.7326678130762165,0.48615424375846167,0.10554105985730608,0.12450381600601249,1.7538767464982818,177.5475298353803,1,1,1,1,0,1,1,1,0,1,0,1,0,1
param_20007,real_005,0.7400364041958316,0.4155451747756175,0.07162939981932548,0.0946637900924201,1.8534474956103035,295.43828458064917,1,1,1,1,1,1,0,1,0,1,0,1,0,1
param_20008,real_001,0.7909625004524204,0.5222612347060805,0.1553093178172429,0.17197580688523162,1.4123633290490696,320.4055895345041,1,1,0,1,1,1,1,1,0,1,0,1,0,0
param_20008,real_002,0.7751418494037108,0.48811109545247083,0.14946562903858415,0.1594082391580173,1.5075812014946823,202.52258726909537,1,1,1,1,0,1,1,1,0,0,0,1,1,1
param_20008,real_003,0.7353039905258868,0.44052115530721747,0.12100790282822212,0.1414697203971672,1.4310246948623333,313.39557995300413,1,1,0,1,1,1,0,1,0,0,0,1,1,1
param_20008,real_004,0.7335445285913079,0.50813817074675,0.10868457235038281,0.1294972461364958,1.692997867803838,180.08819309254505,0,1,1,1,0,1,1,1,0,1,0,1,0,1
param_20008,real_005,0.7410762107275386,0.4395005361533476,0.07556739278280111,0.10070034608682141,1.7844941795764073,299.93678296285634,1,1,1,1,1,1,0,1,0,1,0,1,0,1
param_20009,real_001,0.8248400766403026,0.5855399976787727,0.1831728131814431,0.2103477429266883,0.8865053904087898,311.14612323461625,1,1,1,1,1,1,1,1,0,1,0,1,0,0
param_20009,real_002,0.8049240306890088,0.5321630510375408,0.16731038423387684,0.18796206346354544,0.9510770047944536,217.5629008562491,1,1,1,1,1,1,1,1,0,0,0,1,1,1
param_20009,real_003,0.7672328605340374,0.49335799631188876,0.14854744499751352,0.18020868174517082,0.8997657040662128,319.61048244385177,1,1,1,1,1,1,1,1,0,0,0,1,1,1
param_20009,real_004,0.7666148878672048,0.563955266641386,0.12889767476873287,0.1589387521077086,1.1295591885183986,172.43314281868965,1,1,1,1,1,1,1,1,0,1,0,1,0,1
param_20009,real_005,0.767089131682367,0.4825936312364069,0.08793005841171618,0.12038208570790813,1.219995493338591,286.0884585233255,1,1,1,1,1,1,1,1,0,1,0,1,0,1
param_20010,real_001,0.8494688004636735,0.681127788490603,0.20106148366456067,0.24723648214074426,0.5109060032640819,349.4424551942091,1,1,1,1,1,1,1,1,0,1,0,1,1,0
param_20010,real_002,0.8394181394851928,0.6680687813427455,0.2361016148852697,0.2752873489477189,0.6031930167116523,183.32568759740911,1,1,1,1,1,1,1,1,0,0,0,1,1,1
param_20010,real_003,0.8002596937699559,0.596857003386121,0.18239154565943153,0.2352554817005711,0.543326951233247,283.2649109279162,1,1,1,1,1,1,1,1,0,0,0,1,1,1
param_20010,real_004,0.7970969880575255,0.6335432617641383,0.15380002024407122,0.20074503577576305,0.770775149455455,191.45533278461824,1,1,1,1,1,1,1,1,0,1,0,1,1,1
param_20010,real_005,0.7959425933304698,0.591279728945382,0.12419229517056062,0.17481151827071353,0.8042211768476233,320.7138732780096,1,1,1,1,1,1,1,1,0,1,0,1,1,1
param_20011,real_001,0.8451021493248859,0.7043573293894263,0.19754299076495435,0.24494689321183918,0.13498993036484278,307.0467035131368,1,1,1,1,1,1,1,1,1,1,1,1,1,0
param_20011,real_002,0.8339618673344219,0.6844704625421535,0.2320925302813394,0.27835978672035316,0.09659756515886012,223.75776704458872,1,1,1,1,1,1,1,1,1,0,1,1,1,1
param_20011,real_003,0.8281706932251528,0.6690921117811307,0.23531186869695633,0.2979596284247783,0.12902651717387437,319.4197083859251,1,1,1,1,1,1,1,1,1,0,1,1,1,1
param_20011,real_004,0.7908152679498586,0.6578187820678489,0.1618144714361219,0.22265158013221456,0.39030082074042766,935.9732686487064,1,1,1,1,1,1,1,1,1,1,1,1,0,1
param_20011,real_005,0.8014129767491192,0.6304861160479708,0.14509607713630224,0.2021797848604136,0.03423547551094053,266.5496943412644,1,1,1,1,1,1,1,1,1,1,1,1,1,1
param_20012,real_001,0.7131411942479297,0.44458817925639765,0.11145837837192232,0.12434277357952285,1.7218267219551575,482.7934123452797,1,1,1,1,1,1,1,1,0,1,0,1,1,1
param_20012,real_002,0.7017703558151976,0.42877526010009653,0.10495473828420003,0.12615898885593171,1.339325371150786,414.00446958110274,0,1,1,1,1,1,1,1,0,1,0,1,1,1
param_20012,real_003,0.7045172257319084,0.41188284778225276,0.09296525413891966,0.11526127728207633,1.3119372119909465,380.4729400213785,1,1,0,1,1,1,1,1,0,1,0,1,1,1
param_20012,real_004,0.728177397200196,0.4053956292122725,0.08016946007286792,0.10588893552904909,1.6051684077969528,206.12891954296583,1,1,0,1,1,1,1,1,0,0,0,1,0,1
param_20012,real_005,0.6685464212885361,0.3769124424275389,0.03940953817711362,0.06657198834825546,1.1271231510719628,535.8909334707632,1,0,1,1,1,1,1,1,0,1,0,0,1,1
param_20013,real_001,0.7193851395499331,0.45994921554291746,0.114545007372129,0.12948425488246268,1.600035053895364,484.8982395370043,1,1,1,1,1,1,1,1,0,1,0,1,1,1
param_20013,real_002,0.7080512114365358,0.44570183615126824,0.10793551482954046,0.1321283470611994,1.2112231404958678,417.905497050806,0,1,1,1,1,1,1,1,0,1,0,1,1,1
param_20013,real_003,0.7104503922968135,0.4283951746318374,0.09614996648591947,0.12037351009588411,1.213124464188294,382.57598013852873,1,1,0,1,1,1,1,1,0,1,0,1,1,1
param_20013,real_004,0.7339993622151891,0.41039596359292824,0.08294238246902425,0.11032138077274409,1.4996085905857528,207.97812774260706,1,1,0,1,1,1,1,1,0,0,0,1,0,1
param_20013,real_005,0.6720114543902675,0.3860101189534095,0.039221794349299975,0.06829210186746541,1.0149718981722005,539.984868627718,1,0,1,1,1,1,1,1,0,1,0,0,0,1
param_20014,real_001,0.7223284570009418,0.4805639570210627,0.11872417600671172,0.13626227882366068,1.5155158380248253,480.0423280035278,1,1,1,1,1,1,1,1,0,1,0,1,1,1
param_20014,real_002,0.711264499613919,0.46109388689881314,0.11446573159375867,0.14035952060760237,1.1506840506084917,413.2750416834051,0,1,1,1,1,1,1,1,0,1,0,1,1,1
param_20014,real_003,0.7131490995955986,0.43948213687986915,0.1016501790312396,0.12771395426428772,1.151648784627508,377.71077221276596,1,1,0,1,1,1,1,1,0,1,0,1,1,1
param_20014,real_004,0.7340939761821845,0.42877698397815606,0.0862615366343173,0.11658657613909813,1.4067574431827492,204.2166637666354,1,1,0,1,1,1,1,1,0,0,0,1,0,1
param_20014,real_005,0.6716826428505064,0.39535304449824465,0.04278018718209105,0.07335907381889445,0.9602554677448998,535.3464697689705,1,0,1,1,1,1,1,1,0,1,0,0,1,1
param_20015,real_001,0.7458768035439728,0.5310840382702579,0.12888808612732475,0.15553725507572716,1.078971340480695,490.19559994469967,1,1,1,1,1,1,1,1,0,1,0,1,1,1
param_20015,real_002,0.7329368266111789,0.5059356912915446,0.11946290741566909,0.15830652007625262,0.7762597092212706,434.2638408399698,1,1,1,1,1,1,1,1,0,1,0,1,1,1
param_20015,real_003,0.7345609745851627,0.4850418646377848,0.11068746710435157,0.14509849557823223,0.7985508531472075,387.961535011114,1,1,1,1,1,1,1,1,0,1,0,1,1,1
param_20015,real_004,0.7561727201280294,0.4592758761738237,0.09753450350375309,0.13496861733502763,1.0534321263805397,214.46215481524615,1,1,1,1,1,1,1,1,0,0,0,1,0,1
param_20015,real_005,0.6803624107933757,0.42529786640999645,0.040522738419547434,0.07843484692314413,0.5860834004585166,552.2617712516002,1,0,1,1,1,1,1,1,1,1,0,0,0,1
param_20016,real_001,0.7837964746206251,0.615411040419348,0.16094214008076718,0.2077895237985413,0.5817224135541174,456.49565840416483,1,1,1,1,1,1,1,1,1,1,1,1,1,1
param_20016,real_002,0.7644297173272327,0.5895032717589289,0.16261424343550826,0.22054856641318868,0.40331057053843977,404.94598391995555,1,1,1,1,1,1,1,1,0,1,0,1,1,1
param_20016,real_003,0.7715883338761297,0.590592700050334,0.15725510855035588,0.2145414089042739,0.33957600173599645,322.3509818473577,1,1,1,1,1,1,1,1,1,1,0,1,1,1
param_20016,real_004,0.7819994788144704,0.5695321256019251,0.12399545845958894,0.1839115077825734,0.5466310059071907,188.7273268131819,1,1,1,1,1,1,1,1,1,0,0,1,1,1
param_20016,real_005,0.7074051310160692,0.5254366900665979,0.06881413717182322,0.12312441238916196,0.23059246581927967,520.78518469809,1,0,1,1,1,1,1,1,1,1,0,0,1,1
param_20017,real_001,0.7878719593079374,0.6477167118144935,0.1732086826398199,0.22700599828666207,0.04733092819169591,488.5754365702313,1,1,1,1,1,1,1,1,1,1,1,1,1,1
param_20017,real_002,0.7561432442662176,0.6094397804621746,0.1504040633968049,0.21248143928647578,0.09689331137093943,457.922949425498,1,1,1,1,1,1,1,1,1,1,1,1,1,1
param_20017,real_003,0.7781733854794167,0.6253858478610129,0.16216132732385552,0.22490353873217028,0.050071253186322065,389.0484599788011,1,1,1,1,1,1,1,1,1,1,1,1,1,1
param_20017,real_004,0.8138721410152051,0.6330456536465053,0.17834300372504217,0.2507746492467023,0.002207775445461153,214.4481868712382,1,1,1,1,1,1,1,1,1,0,1,1,0,1
param_20017,real_005,0.7048899047396489,0.5627303827513597,0.06882823853110606,0.1291167174564104,0.19186108918705605,556.8893899206739,1,0,1,1,1,1,1,1,1,1,1,0,1,1
param_20018,real_001,0.7233517620021747,0.38141864825913885,0.06878727426933837,0.08368324544358037,2.436482158163035,151.41378913285237,0,1,0,1,0,1,0,1,0,1,0,1,0,1
param_20018,real_002,0.7713566869799127,0.36003675995323725,0.12703217718302426,0.1337467904083654,1.6214427531436135,407.4693628611803,0,1,0,1,0,1,0,1,0,0,0,0,1,1
param_20018,real_003,0.7453165394563418,0.38945383095064107,0.05694241452699427,0.07647042883246584,2.2324096197217695,120.98537890300214,0,1,0,1,0,1,0,1,0,0,0,1,1,1
param_20018,real_004,0.7455071696730867,0.42952052883744124,0.09649124011856638,0.11041576166765613,2.049546344066892,207.83233787005355,0,1,0,1,0,1,0,1,0,1,0,1,1,1
param_20018,real_005,0.748282911912449,0.36925956305097124,0.11527153995057211,0.12763805045754043,1.862513209074353,251.88545170085325,0,1,0,1,0,1,0,1,0,1,0,1,1,1
param_20019,real_001,0.7300774985298036,0.40624672326016426,0.07332931152185446,0.09052090558473169,2.1567900211346402,152.76293785667494,0,1,0,1,0,1,0,1,0,1,0,1,0,1
param_20019,real_002,0.7793425784250148,0.38444345407747926,0.13352581790367832,0.1427758258237137,1.4210470851072798,408.93326717510917,0,1,0,1,0,1,0,1,0,0,0,0,1,1
param_20019,real_003,0.750991967187412,0.41022289129057127,0.06034339315569163,0.08241322123263417,1.9860349024299682,121.16320216477773,0,1,0,1,0,1,0,1,0,0,0,1,1,1
param_20019,real_004,0.7532518592145837,0.4569183400307663,0.1019761269505704,0.11877452168926411,1.8101971392270175,207.05341505459873,0,1,0,1,0,1,0,1,0,1,0,1,1,1
param_20019,real_005,0.7559303825365404,0.39640156112194297,0.12266485471194427,0.13779613381229874,1.6350691282390926,253.5308531267435,0,1,0,1,0,1,0,1,0,1,0,1,0,1
param_20020,real_001,0.7292340751365067,0.4271286522012965,0.07589241988986575,0.09406571787985922,2.0628643802018414,148.043144146668,0,1,0,1,0,1,0,1,0,1,0,1,0,1
param_20020,real_002,0.7811199259309168,0.4173126354066586,0.14394884335335228,0.1548974241739303,1.3550311628669838,403.77862439298355,0,1,0,1,0,1,0,1,0,0,0,0,1,1
param_20020,real_003,0.7498226445205864,0.42386789389556545,0.06351776717935383,0.0872591149929589,1.9078764990659087,120.12860588093412,0,1,0,1,0,1,0,1,0,0,0,1,1,1
param_20020,real_004,0.7522258368541591,0.4735781398948522,0.10391675494854752,0.12245393423157774,1.7247655380702591,210.57274496990402,0,1,0,1,0,1,0,1,0,1,0,1,1,1
param_20021,real_001,0.7670520230032021,0.5119634883848934,0.09802229571238719,0.12905308753108746,1.1961742489765324,156.00159964748212,1,1,1,1,1,1,1,1,0,1,0,1,0,1
param_20021,real_002,0.8207794895269801,0.4972360680119147,0.17778941990848351,0.20247964551845876,0.6899955862880682,414.64135780166123,1,1,1,1,1,1,1,1,0,0,0,0,1,1
param_20021,real_003,0.7824264398666617,0.49724717426452913,0.07913359351446736,0.11846742904065194,1.0883333092892076,121.8380381551102,1,1,1,1,1,1,1,1,0,0,0,1,1,1
param_20021,real_004,0.7912165100457096,0.558973683076239,0.12836724206435562,0.16161547728236478,0.9775896629796808,204.58365356053247,1,1,1,1,1,1,1,1,0,1,0,1,1,1
param_20021,real_005,0.7994671879709,0.4969931758024716,0.16304918901296786,0.19359448277618893,0.8584920808700095,260.4596648945694,1,1,1,1,1,1,1,1,0,1,0,1,0,1
param_20022,real_001,0.7826168125473353,0.5658558772864892,0.12364745382866342,0.16608645381806356,0.866384907509494,118.36966658230989,1,1,1,1,1,1,1,1,0,1,0,1,1,1
param_20022,real_002,0.8511362633304419,0.6312407622510584,0.2380893380558655,0.2793066427593043,0.4579874597009621,371.93181561436563,1,1,1,1,1,1,1,1,0,0,0,0,1,1
param_20022,real_003,0.7977921930953255,0.5716059543442953,0.10240323926218103,0.1579811645476722,0.7957474786319485,120.15161671807883,1,1,1,1,1,1,1,1,0,0,0,1,1,1
param_20022,real_004,0.8017792511549588,0.5933848940493335,0.1464707950021929,0.19247172614338406,0.71706901732946,234.09034554731858,1,1,1,1,1,1,1,1,0,1,0,1,1,1
param_20022,real_005,0.8205271133254967,0.5697982929314854,0.19203729630123476,0.237934349201179,0.6042236306591233,218.04078339078515,1,1,1,1,1,1,1,1,0,1,0,1,1,1
param_20023,real_001,0.7922465119199041,0.6547891597340784,0.14319856547045573,0.1971383959059301,0.08294007175017457,163.87798836781906,1,1,1,1,1,1,1,1,1,1,1,1,1,1
param_20023,real_002,0.8242472972103709,0.658715106139387,0.20741097295344382,0.2574177071105693,0.29513518157161617,424.0448924197958,1,1,1,1,1,1,1,1,1,0,1,0,1,1
param_20023,real_003,0.7856109376959908,0.637787613875726,0.10653467082434841,0.16584256160383629,0.12239763316479332,125.04501587179212,1,1,1,1,1,1,1,1,1,0,1,1,1,1
param_20023,real_004,0.7963560302462838,0.6531714334464813,0.15687455149528237,0.21175167673067802,0.16681653583493328,196.70402222207795,1,1,1,1,1,1,1,1,1,1,1,1,1,1
param_20023,real_005,0.8291895652788128,0.6700372518451079,0.23002272521040582,0.28005767784141683,0.2224169837479311,275.8257828686635,1,1,1,1,1,1,1,1,1,1,1,1,1,1
param_20024,real_001,0.695693268887073,0.3896449768051953,0.10874084530640907,0.123655882440058,1.684984724474786,151.6929416910667,0,1,0,1,0,1,0,1,0,1,0,1,1,1
param_20024,real_002,0.7349616692778345,0.4041024641341339,0.16100421166452553,0.16410329853359326,1.8338239817215167,288.85036626882544,0,1,0,1,0,1,0,1,0,0,0,1,1,1
param_20024,real_003,0.6997925012523177,0.39389683820388993,0.07366362437460267,0.09477913316323651,1.9903531124863487,269.85152244109236,0,1,0,1,1,0,0,1,0,0,0,1,1,1
param_20024,real_004,0.7089466545643195,0.4454386035820741,0.12657171456351718,0.1420018380492962,1.687652430378311,183.90001911946374,0,1,0,1,0,1,0,1,0,1,0,1,1,1
param_20024,real_005,0.7228124291361493,0.4137918050389242,0.1795768958029428,0.18808982963277474,1.6626890934094996,306.30110143861697,0,1,0,1,0,1,0,1,0,1,0,1,1,1
param_20025,real_001,0.7056794162445553,0.4148814354572027,0.11634991572151016,0.1341506755253056,1.4277261488617956,152.99187930225182,0,1,0,1,1,1,1,1,0,1,0,1,1,1
param_20025,real_002,0.7451245293836815,0.4339806320889522,0.1695581533530614,0.1748097879255245,1.5945369699895406,300.50769918810397,0,1,0,1,0,1,0,1,0,0,0,1,1,1
param_20025,real_003,0.7078070873087008,0.4171550946636213,0.0797797368652524,0.1039610578279209,1.7352288282955344,273.03821262118703,1,1,0,1,1,0,0,1,0,0,0,1,1,1
param_20025,real_004,0.717999013662364,0.47595849053313904,0.13429454579521946,0.15340942268492172,1.458120071932494,184.92105987420553,0,1,0,1,1,1,0,1,0,1,0,1,1,1
param_20025,real_005,0.7330663519586378,0.4501472225114749,0.1893285792943577,0.2007092151629959,1.4200446119529266,312.3272803519294,0,1,0,1,1,1,0,1,0,1,0,1,1,1
param_20026,real_001,0.7056242882366884,0.4249060321269125,0.11994492132081788,0.13945629311295638,1.4054944497947184,149.92866960177253,0,1,0,1,1,1,1,1,0,1,0,1,1,1
param_20026,real_002,0.7475782633919175,0.4656562141434679,0.17827230004092268,0.18682885635641744,1.5638528353640357,296.2410553841157,0,1,0,1,0,1,0,1,0,0,0,1,1,1
param_20026,real_003,0.708385223926349,0.4287060334009314,0.08298431374751215,0.10902716158877505,1.6959795788130185,268.97632382386536,1,1,0,1,1,0,0,1,0,0,0,1,1,1
param_20026,real_004,0.7192141969365303,0.4923864512736877,0.13778247636539054,0.15875216082758797,1.4274785697209795,183.98511321032916,0,1,0,1,1,1,0,1,0,1,0,1,1,1
param_20026,real_005,0.7349337775227797,0.4697379448497893,0.19101950407761387,0.20517842486937105,1.3938523576740913,308.9768640111656,0,1,0,1,1,1,0,1,0,1,0,1,1,1
param_20027,real_001,0.7442449096652727,0.49836180903777516,0.14634050832153464,0.17887197112844916,0.7673916281841203,167.18250335726663,1,1,1,1,1,1,1,1,1,1,1,1,1,1
param_20027,real_002,0.7895266744884821,0.5438504916258018,0.21324376964832387,0.23433156307123817,0.8353205657209527,333.55891326538915,1,1,1,1,1,1,0,1,0,0,0,1,1,1
param_20027,real_003,0.7398202005978439,0.5018469570119775,0.09990645887215412,0.13944601435893889,1.0025326056042363,278.73864036328894,1,1,1,1,1,0,0,1,0,0,0,1,1,1
param_20027,real_004,0.7558150796805476,0.5809564673337813,0.16175910268006782,0.19656695444152755,0.8174588969290956,190.70336342271634,1,1,1,1,1,1,1,1,1,1,1,1,1,1
param_20027,real_005,0.7773215813606249,0.5530391932553195,0.2256711972034185,0.25372298890973194,0.7496698132881036,341.4877439514988,1,1,1,1,1,1,0,1,0,1,0,1,1,1
param_20028,real_001,0.7835521869644977,0.5886327945216852,0.1876032926169073,0.2381406777629108,0.5338885357523783,139.82397287272178,1,1,1,1,1,1,1,1,1,1,1,1,1,1
param_20028,real_002,0.8252601440325216,0.6635124736280023,0.2590012694707986,0.3021604648025771,0.6157276348422978,308.0877410209298,1,1,1,1,1,1,1,1,0,0,0,1,1,1
param_20028,real_003,0.7656736305496975,0.5743761376545828,0.12730882780778688,0.18253196561212895,0.7057276345388476,253.1579147474248,1,1,1,1,1,0,1,1,1,0,0,1,1,1
param_20028,real_004,0.7887909744790462,0.6345316701310043,0.19358607935441888,0.24663808651494695,0.5955061224031695,184.7501513277544,1,1,1,1,1,1,1,1,1,1,1,1,1,1
param_20028,real_005,0.8101224929398785,0.6234590500344126,0.2525759257199071,0.2984862026782368,0.5387587421137575,318.1557185314313,1,1,1,1,1,1,1,1,0,1,0,1,1,1
param_20029,real_001,0.7988336853442308,0.6584360922206233,0.21819972679798774,0.2755734490760752,0.11275768377495825,190.7452663233472,1,1,1,1,1,1,1,1,1,1,1,1,1,1
param_20029,real_002,0.8202144189368028,0.6833510600454903,0.2552982352666933,0.3038031350229799,0.16732833691603566,380.39558481053666,1,1,1,1,1,1,1,1,1,0,1,1,1,1
param_20029,real_003,0.7727154359970586,0.636479961151511,0.13821892892185345,0.2057847904687573,0.07984267942821938,287.1087424709486,1,1,1,1,1,0,1,1,1,0,1,1,1,1
param_20029,real_004,0.7881172381765613,0.6700233713060075,0.19550542158314435,0.2546881727428723,0.100305682659629,218.61542380806839,1,1,1,1,1,1,1,1,1,1,1,1,1,1
param_20029,real_005,0.8276664232095297,0.6960332149689062,0.27268830067489597,0.3336834792107862,0.21021650454973329,390.4016196503642,1,1,1,1,1,1,1,1,1,1,1,1,1,1
param_20030,real_001,0.68912796871007,0.41491656365199864,0.12499965233063474,0.14388039719078496,1.5188625097834594,117.1769685450891,0,1,0,1,1,1,0,1,0,1,0,1,1,1
param_20030,real_002,0.7212966599854493,0.440991106385132,0.1875772134833634,0.19200212409292314,1.887727653569696,112.4646781495812,0,1,0,1,0,1,0,1,0,0,0,1,1,1
param_20030,real_003,0.6819695869578724,0.4010186301764533,0.08942040731824821,0.11231867208573768,1.8839029430900531,214.12763386109003,0,1,0,1,1,0,0,1,0,0,0,1,1,1
param_20030,real_004,0.6907383137300781,0.4688366861195018,0.15028765427006377,0.16453213458666596,1.4702235301898023,159.15165054384616,0,1,0,1,1,1,0,1,0,1,0,1,1,1
param_20030,real_005,0.7014155566721305,0.4329322069763204,0.19690636575836204,0.2069292696408994,1.718054913173275,252.62761060716724,0,1,0,1,0,1,0,1,0,1,0,1,1,1
param_20031,real_001,0.699693349165772,0.44090666886060736,0.1352039565603021,0.156930491954732,1.2153860274433617,122.64004515628152,0,1,0,1,1,1,1,1,0,1,0,1,1,1
param_20031,real_002,0.7318884257685454,0.4734172093264138,0.19916547038366114,0.20348394560084881,1.6569156489633627,126.72774827107654,0,1,0,1,1,1,0,1,0,0,0,1,1,1
param_20031,real_003,0.6911796702095091,0.42480106176116167,0.09605905484713329,0.12038826294563248,1.6441216204361633,218.58560163344222,0,1,0,1,1,0,0,1,0,0,0,1,1,1
param_20031,real_005,0.7115286849627372,0.4685423517384376,0.2053593314645851,0.21687176510797956,1.5036212238574749,258.68644143698543,1,1,0,1,1,1,0,1,0,1,0,1,1,1
param_20032,real_001,0.7007662002258904,0.44886221790389846,0.13920089183460388,0.16288412644958086,1.1970356660648998,119.97227467725041,0,1,0,1,1,1,1,1,0,1,0,1,1,1
param_20032,real_002,0.7339719170902888,0.5060783666767346,0.20706525276839216,0.2147733525915621,1.6253858798059575,124.60397492962161,0,1,0,1,1,1,0,1,0,0,0,1,1,1
param_20032,real_003,0.6934524739261804,0.4365067918511596,0.09959292556522355,0.12610083362743635,1.6026145822539979,216.10878584045497,0,1,0,1,1,0,0,1,0,0,0,1,1,1
param_20032,real_004,0.7037598035852324,0.5163426895560014,0.16331852517824091,0.18232965207284835,1.248713163360525,157.86855718663648,0,1,0,1,1,1,1,1,0,1,0,1,1,1
param_20032,real_005,0.7143750240414601,0.4848132295195221,0.20814909786201485,0.2223757357705437,1.4741555831977802,257.34457969319214,1,1,0,1,1,1,0,1,0,1,0,1,1,1
param_20033,real_002,0.7687899148344307,0.5663011461563618,0.2348280377045565,0.25231221371170354,1.0080955520461201,173.61501155574032,1,1,0,1,1,1,0,1,0,0,0,1,1,1
param_20033,real_003,0.7216404952711489,0.49866964987099266,0.11571521649751525,0.1508012445970239,1.055805641949037,226.53911432655332,1,1,0,1,1,0,0,1,0,0,0,1,1,1
param_20033,real_004,0.7376268831551588,0.5942125421710217,0.18472170740531657,0.21304128289172847,0.8649549392116235,162.2361783301534,0,1,0,1,1,1,1,1,1,1,1,1,1,1
param_20033,real_005,0.7540820107178944,0.5680029685206637,0.23489290050882425,0.2616543972837586,0.898403888228125,283.8510424822635,1,1,0,1,1,1,0,1,0,1,0,1,1,1
param_20034,real_001,0.7876212727409773,0.6165471052263485,0.2095778467046448,0.26557329370949306,0.4667598444336412,129.57690356638398,1,1,1,1,1,1,1,1,1,1,1,1,1,1
param_20034,real_002,0.8058273071538139,0.6652456991839694,0.2746857185704287,0.3171229930924736,0.6745940416826492,169.0765096187059,1,1,0,1,1,1,1,1,0,0,0,1,1,1
param_20034,real_003,0.7554974692701316,0.5737421268164877,0.14536592922580543,0.2008312394715075,0.7045025277944287,215.35335330348457,1,1,1,1,1,0,0,1,1,0,0,1,1,1
param_20034,real_004,0.7856054129977028,0.6518312436489899,0.22205459277184025,0.26998248139178815,0.5840648854961832,160.61158504300016,1,1,1,1,1,1,1,1,1,1,1,1,1,1
param_20034,real_005,0.7939733771008443,0.6372223386207102,0.26201962987159677,0.3103864247225183,0.5659383251374724,283.1181006161304,1,1,1,1,1,1,0,1,0,1,0,1,1,1
param_20035,real_001,0.7975121717146978,0.6638777581478206,0.2347802252857272,0.2913863772226668,0.02056633505339402,173.47349066980573,1,1,1,1,1,1,1,1,1,1,1,1,1,1
param_20035,real_002,0.8151266802500424,0.6867125040439028,0.281872373394635,0.3341633519370024,0.08365167989029287,247.63295966079232,1,1,1,1,1,1,1,1,1,0,1,1,1,1
param_20035,real_003,0.7707303807968606,0.6336380386743349,0.16037514714743412,0.23279388784222113,0.0026933308627923288,246.65158181572292,1,1,1,1,1,0,1,1,1,0,1,1,1,1
param_20035,real_004,0.7884419735700499,0.6779755582985323,0.22527443041843387,0.2784540463096481,0.010318968373646735,195.70368317347604,1,1,1,1,1,1,1,1,1,1,1,1,1,1
param_20035,real_005,0.8186702408748059,0.6954297407577091,0.28314212401525324,0.348446926184185,0.1185057408569013,343.543833044992,1,1,1,1,1,1,1,1,1,1,1,1,1,1
param_20036,real_001,0.7456664758006378,0.32259096574287477,0.05893004921901188,0.07736040172590916,1.8775989121852794,102.06655518044685,0,0,0,1,0,1,0,1,0,1,0,1,1,1
param_20036,real_002,0.732796835844556,0.38702845484374054,0.08459776860206007,0.09257175158655588,2.410077086359066,279.530296748159,0,1,0,1,0,1,0,1,0,1,0,1,1,1
param_20036,real_003,0.7655010447137939,0.38173602614468416,0.09593969267023873,0.10546130462706876,2.0445752921685396,258.32010992632723,0,1,0,1,0,1,0,1,0,0,0,1,1,1
param_20036,real_004,0.7493365125330869,0.3484378576964739,0.08037343698080879,0.10203849202779314,1.7969241757996472,382.24298449004976,0,1,0,1,0,1,0,1,0,1,0,1,0,1
param_20036,real_005,0.7596293014820209,0.3935436801147595,0.10644286513705203,0.11864623297706979,2.0465241216288814,382.91472499747266,0,1,0,1,0,1,0,1,0,1,0,1,0,1
param_20037,real_001,0.7514098350959784,0.34674589643993237,0.06165142412928422,0.08225431419106564,1.6713698183891197,100.9843347888767,0,0,0,1,0,1,0,1,0,1,0,1,1,1
param_20037,real_002,0.7408867301553914,0.41429362041695844,0.08940819610689799,0.09954517810654805,2.139642048961119,278.54427552057564,0,1,0,1,0,1,0,1,0,1,0,1,1,1
param_20037,real_003,0.7735806165742517,0.41515281257669967,0.10186303252836931,0.11415495209168698,1.8266852356108005,258.22764365272167,0,1,0,1,0,1,0,1,0,0,0,1,1,1
param_20037,real_004,0.7556380151778883,0.368832870647152,0.08590462975750174,0.11077370034331596,1.5807348519174527,383.2402522921076,0,1,0,1,0,1,0,1,0,1,0,1,0,1
param_20037,real_005,0.7690580210097143,0.42394812072072524,0.1136182215147222,0.12803100077302249,1.8037179867497282,381.1169896987289,0,1,0,1,0,1,0,1,0,1,0,1,0,1
param_20038,real_001,0.7511097732238684,0.36813078587189124,0.06657120101647582,0.0887076505816221,1.5865828174900445,105.9355754882941,0,0,0,1,0,1,0,1,0,1,0,1,1,1
param_20038,real_002,0.7413978296268813,0.44481142597325346,0.09653402236250258,0.10806258148683795,2.0552319180029226,282.4460640698835,0,1,0,1,0,1,0,1,0,1,0,1,1,1
param_20038,real_003,0.7733846038282896,0.4316709586755506,0.107172336036893,0.12082007250270128,1.7338868561778777,262.35856467644635,0,1,0,1,0,1,0,1,0,0,0,1,1,1
param_20038,real_004,0.754536292913452,0.38465755509793614,0.0881615089270128,0.11482537807575126,1.5009480470231324,379.36448222521625,0,1,0,1,0,1,0,1,0,1,0,1,0,1
param_20038,real_005,0.7683317431985759,0.44363789888857497,0.1182537129983205,0.13510405212006604,1.7137688788499454,386.15240177209114,0,1,0,1,0,1,0,1,0,1,0,1,1,1
param_20039,real_001,0.776126094612198,0.4364725421210871,0.07989198308242745,0.1110914132757415,0.906385760988013,99.37657557259483,1,0,1,1,1,1,1,1,0,1,0,1,1,1
param_20039,real_002,0.7778119508167372,0.5155453981993997,0.11577941865328438,0.1401704079363255,1.2333469913369235,277.1192102566123,1,1,1,1,1,1,1,1,0,1,0,1,1,1
param_20039,real_003,0.8081698602475919,0.5059736852614354,0.12529298128865404,0.15328675014305446,0.9820580090365836,254.12423396948793,1,1,1,1,1,1,1,1,0,0,0,1,1,1
param_20039,real_004,0.7930273591436177,0.4441900651790387,0.11696450180220377,0.16156752824030743,0.8130453026203464,385.3212445104102,1,1,1,1,1,1,1,1,0,1,0,1,0,1
param_20040,real_001,0.8041473066941711,0.548705230096038,0.12398754605878701,0.16964262111808043,0.6118202031866148,140.77776915953086,1,0,1,1,1,1,1,1,0,1,0,1,1,1
param_20040,real_002,0.7992955826652988,0.6157055622644194,0.15656269572610687,0.1939808079307049,0.9185648916377533,310.1567813978654,1,1,1,1,1,1,1,1,0,1,0,1,1,1
param_20040,real_003,0.8290863032111414,0.5912523671969165,0.1727038327466501,0.21577010580723907,0.7067535173262045,295.6521795733546,1,1,1,1,1,1,1,1,0,0,0,1,1,1
param_20040,real_004,0.7958871482246254,0.5286896082981589,0.1344250939457695,0.18723818036502526,0.5515149263895596,354.7905261417743,1,1,1,1,1,1,1,1,0,1,0,1,1,1
param_20040,real_005,0.8266027838867676,0.602047443337884,0.16789983522469432,0.2142395564755203,0.6894073906359856,419.17472763768615,1,1,1,1,1,1,1,1,0,1,0,1,1,1
param_20041,real_001,0.7829970472488555,0.606261339379452,0.125602039160585,0.17508734443469043,0.19644421035870238,99.04845177176287,1,0,1,1,1,1,1,1,1,1,1,1,1,1
param_20041,real_002,0.7961069152334536,0.6590655055109632,0.15063237624147635,0.20251079536420416,0.07041138276748407,271.13601830614505,1,1,1,1,1,1,1,1,1,1,1,1,1,1
param_20041,real_003,0.8100652318055662,0.6455508063446918,0.15910706175530298,0.21163983891223587,0.17721051803627827,247.65446817640566,1,1,1,1,1,1,1,1,1,0,1,1,1,1
param_20041,real_004,0.848001790654559,0.6619284936927078,0.20479631580475022,0.2847848301968583,0.24186229428848016,387.4397505976066,1,1,1,1,1,1,1,1,1,1,1,1,1,1
param_20041,real_005,0.8459315964852101,0.6855383623783575,0.2017701789461533,0.25763403037563604,0.1404075742601272,369.2439714498557,1,1,1,1,1,1,1,1,1,1,1,1,1,1
param_20042,real_001,0.7285479820679552,0.4204916859640401,0.12298564807112854,0.1310720816539465,2.3269532255422702,379.346313216843,0,1,0,1,0,1,0,1,0,0,0,1,1,1
param_20042,real_002,0.6909223561389533,0.37209919451040113,0.07877538930032094,0.0963610083281337,2.048233339163897,198.04149485860955,0,1,0,1,0,0,0,1,0,0,0,1,1,1
param_20042,real_003,0.6997735110207958,0.42271991094425787,0.0743844055371521,0.0910113828973656,2.5854328711531958,378.2084100286421,0,1,0,1,0,1,0,1,0,1,0,1,1,1
param_20042,real_004,0.6859144064018404,0.3421174272020026,0.070895571730761,0.09124511353343669,1.960013608981928,438.502692104709,0,1,0,1,1,1,0,1,0,1,0,1,1,1
param_20042,real_005,0.6917450750636263,0.36959835691936993,0.06080446485677415,0.07526341229672708,2.612138572347801,160.71824094951194,0,1,0,1,0,1,0,1,0,1,0,1,1,1
param_20043,real_001,0.7375107412587171,0.44496508721534506,0.13113556616472893,0.14223842835818604,1.9459638654069285,369.3462407769605,0,1,0,1,0,1,0,1,0,0,0,1,1,1
param_20043,real_002,0.6991209591571707,0.4043881761562364,0.08461980053138779,0.1056075338475689,1.7429661984023925,201.6322650282635,0,1,0,1,0,0,0,1,0,0,0,1,1,1
param_20043,real_003,0.7100025977952507,0.4500255239618103,0.07965386550477482,0.09952027007514604,2.2257168935878906,374.6313888937511,0,1,0,1,0,1,0,1,0,1,0,1,1,1
param_20043,real_004,0.695435204076534,0.3682067446116652,0.07768527126281378,0.10118008267456945,1.6543017120706365,444.4907808484236,0,1,1,1,1,1,0,1,0,1,0,1,1,1
param_20043,real_005,0.7006770662316779,0.3967484472894116,0.06588600410425897,0.08265727027848417,2.283062294834547,162.60139411983,0,1,0,1,0,1,0,1,0,1,0,1,1,1
param_20044,real_001,0.7379129797996786,0.4622503482808499,0.13666138217520152,0.14901677907893235,1.9219893136046033,373.2715406538874,0,1,0,1,0,1,0,1,0,0,0,1,1,1
param_20044,real_002,0.6990209379238707,0.4132624405742477,0.08749727375246241,0.1098330238577418,1.7138129720470294,196.6874482567676,0,1,0,1,0,0,0,1,0,0,0,1,1,1
param_20044,real_003,0.7093880085139808,0.459210622297896,0.08169307171976779,0.10262107030921873,2.1769641352186535,378.7403510591463,0,1,0,1,0,1,0,1,0,1,0,1,1,1
param_20044,real_004,0.695398753520896,0.38152360780962846,0.08091697313134194,0.1057045730234654,1.612065768327358,439.34812894438653,0,1,1,1,1,1,0,1,0,1,0,1,1,1
param_20044,real_005,0.69874713590248,0.407074215926783,0.06814859421287843,0.08594829240035608,2.237197016202541,160.45171587544962,0,1,0,1,0,1,0,1,0,1,0,1,1,1
param_20045,real_001,0.7736743407848805,0.5387850621623209,0.16292114344131017,0.1923262005467063,0.8970766788082563,344.30071254725993,1,1,0,1,1,1,0,1,1,0,0,1,1,1
param_20045,real_002,0.726241771995915,0.487028537283891,0.10699332363608749,0.14139626224428253,0.9386480886626897,212.59196687486673,1,1,1,1,1,0,1,1,0,0,0,1,1,1
param_20045,real_003,0.7453906521695641,0.5221286413509132,0.10087715376619821,0.13472471739955197,1.2344665885111372,365.88823316918786,1,1,1,1,1,1,1,1,1,1,0,1,1,1
param_20045,real_004,0.7268251768937839,0.44937985175989104,0.10176315116618159,0.13955336169745278,0.9055735930735931,458.34862081426127,1,1,1,1,1,1,1,1,0,1,0,1,1,1
param_20045,real_005,0.7350571042704354,0.47441528287978507,0.08839719053768355,0.11544294951735004,1.435338735183397,163.93942961639706,1,1,1,1,1,1,1,1,0,1,0,1,1,1
param_20046,real_001,0.80304303703442,0.6112566243142495,0.19732602985513975,0.24193480302548448,0.7345011833020226,361.9772354085287,1,1,1,1,1,1,1,1,0,0,0,1,1,1
param_20046,real_002,0.7570176420943575,0.5532777537663273,0.1355569053671709,0.18528748549519314,0.677362690248451,181.11231408981385,1,1,1,1,1,0,1,1,0,0,0,1,1,1
param_20046,real_003,0.7675369029507852,0.5761744456858318,0.12495050157885806,0.1725793589527265,0.9594557131636094,392.7880706368286,1,1,1,1,1,1,1,1,1,1,0,1,1,1
param_20046,real_004,0.7596506584582962,0.5353878378884386,0.13528516252488063,0.1906366040958149,0.6554699917172214,420.82169417411694,1,1,1,1,1,1,1,1,0,1,0,1,1,1
param_20046,real_005,0.7559687795213357,0.5558600787500466,0.11180058877151847,0.14946722797507228,1.1066508486066386,152.3720964045452,1,1,1,1,1,1,1,1,0,1,0,1,1,1
param_20047,real_001,0.812969225174659,0.6712783348264597,0.20071911176061527,0.26211190807788154,0.10097752823197642,287.1324945830799,1,1,1,1,1,1,1,1,1,0,1,1,1,1
param_20047,real_002,0.7749595024934743,0.6453483389726634,0.15426194720968903,0.21556917653570046,0.13292202057393057,234.80231094124764,1,1,1,1,1,0,1,1,1,0,1,1,1,1
param_20047,real_003,0.8060786847781622,0.6703930906956573,0.17215237375604964,0.23926146099130638,0.008321742335080899,352.981352267559,1,1,1,1,1,1,1,1,1,1,1,1,1,1
param_20047,real_004,0.7826542814067986,0.6270137600644022,0.16315828764873952,0.23026612457259488,0.06172565389226875,463.7984383107136,1,1,1,1,1,1,1,1,1,1,1,1,1,1
param_20047,real_005,0.8124503783113108,0.6692192518678565,0.1829604433346649,0.24262660070355085,0.078430400456106,160.04451369507805,1,1,1,1,1,1,1,1,1,1,1,1,1,1
param_20048,real_001,0.6596250763486309,0.35636193948555794,0.10493248513211897,0.11438955115108876,1.9843869163630201,600.7274808726,0,1,0,1,0,1,0,1,0,1,0,1,1,1
param_20048,real_002,0.686676267556319,0.39563822994736353,0.10879502929870695,0.11647377508513052,2.5499975038690033,193.3111461302293,0,1,0,1,0,1,0,1,0,1,0,0,1,1
param_20048,real_003,0.696734083925451,0.3924236860712441,0.10819787473481929,0.11401513966436257,2.1961910330569885,246.6278985338192,0,1,0,1,0,0,0,1,0,0,0,1,1,1
param_20048,real_004,0.7310237102889502,0.44611754743639126,0.17878479309289336,0.19168832812901543,1.5414287641055613,220.4718580874607,0,1,0,1,0,1,0,1,0,1,0,1,1,1
param_20048,real_005,0.6649556821599489,0.36666276912282314,0.08821097483217519,0.09833078141592771,2.5397607941104945,315.8509313601546,0,1,0,1,0,1,0,1,0,1,0,1,1,1
param_20049,real_001,0.6678914632065459,0.38222214098022866,0.11128791390471342,0.12326325806000703,1.714877625746772,604.1191306951889,0,1,0,1,0,1,1,1,0,1,0,1,1,1
param_20049,real_002,0.6938516198377996,0.4186846056404056,0.11535662140371235,0.12552409894733474,2.1530872408823853,187.66125826381545,0,1,0,1,0,1,0,1,0,1,0,0,1,1
param_20049,real_003,0.7062394634185024,0.41858799314298684,0.11600846286539226,0.12360185379327347,1.9408396579882794,252.49830759151297,0,1,0,1,0,0,0,1,0,0,0,1,1,1
param_20049,real_004,0.7448724819505051,0.4811087104546656,0.1988454755025892,0.21325358103213546,1.187993497445425,222.482192859006,1,1,0,1,1,1,0,1,0,1,0,1,1,1
param_20049,real_005,0.6750971664861529,0.39283908137523105,0.09530479882872804,0.10776472287740864,2.194230539041615,319.433166973924,0,1,0,1,1,1,0,1,0,1,0,1,1,1
param_20050,real_001,0.669801398757876,0.40193622984285354,0.11753571737996812,0.131302912150033,1.671274437302084,599.4978440775309,0,1,0,1,0,1,1,1,0,1,0,1,1,1
param_20050,real_002,0.6955515717734242,0.4308708914479344,0.11981023690523761,0.13179526747796225,2.118654474486328,189.6226580528287,0,1,0,1,0,1,0,1,0,1,0,0,1,1
param_20050,real_003,0.7066045481701326,0.43100188518687405,0.12028465955983082,0.12968283798368582,1.9094227004010873,248.8139632367807,0,1,0,1,0,0,0,1,0,0,0,1,1,1
param_20050,real_004,0.746833477448313,0.49198522791386323,0.2025582450526779,0.21995985308815202,1.1676476791226489,221.19257040172428,1,1,0,1,1,1,0,1,0,1,0,1,1,1
param_20050,real_005,0.6760421751731838,0.4070360998235528,0.09916214398045949,0.11315558722038906,2.15582623777988,315.4927131098463,0,1,0,1,1,1,0,1,0,1,0,1,1,1
param_20051,real_001,0.6972642355572234,0.4631808446456862,0.13650030622144294,0.1618811982811925,0.971962093534344,616.8676725447117,1,1,0,1,1,1,1,1,0,1,0,1,1,1
param_20051,real_002,0.7329264332999536,0.5056003572112562,0.14460464536402165,0.1679591601461214,1.2113381223372828,173.69503680001947,1,1,1,1,1,1,0,1,0,1,0,0,1,1
param_20051,real_003,0.7415744036949089,0.5001588943524325,0.13995053806226232,0.16340066739525647,1.1825545082493192,266.8516995224576,1,1,1,1,1,0,0,1,0,0,0,1,1,1
param_20051,real_004,0.7916573565910299,0.5753285749793386,0.2624444802074313,0.29699031622896477,0.5087274474218,238.1588788692709,1,1,1,1,1,1,1,1,0,1,0,1,1,1
param_20051,real_005,0.710659130641423,0.47734088612080244,0.12287248276988183,0.15010432547182762,1.3052911957382478,325.0060299237628,0,1,1,1,1,1,1,1,0,1,0,1,1,1
param_20052,real_001,0.7452655201846823,0.568351429236794,0.18383371430839446,0.22757494791713512,0.6777224657012195,586.1975614503085,1,1,1,1,1,1,1,1,0,1,0,1,1,1
param_20052,real_002,0.7749131937890307,0.5869699907640554,0.19078986421634767,0.2361623423405831,0.8365423107219876,182.4597818235166,1,1,1,1,1,1,1,1,0,1,0,0,1,1
param_20052,real_003,0.7725586900042213,0.5829610636590421,0.15973191896444144,0.20233959032677562,0.8322818526809764,246.7213408064522,1,1,1,1,1,0,1,1,0,0,0,1,1,1
param_20052,real_004,0.8320634907943681,0.6606140812307133,0.29273032989420755,0.3538885711450456,0.2805155678381715,236.70581631405557,1,1,1,1,1,1,1,1,1,1,0,1,1,1
param_20052,real_005,0.7474261563452758,0.5557324990783843,0.15144505622362525,0.19495904407251174,0.9463198200935999,300.7081278626004,0,1,1,1,1,1,1,1,0,1,0,1,1,1
param_20053,real_001,0.7640713698800624,0.6192465765824703,0.21517879271072393,0.2783797033712149,0.005386972422654937,625.5473112787379,1,1,1,1,1,1,1,1,1,1,1,1,1,1
param_20053,real_002,0.7998258611836871,0.6569185501654902,0.2347665978860288,0.2949457419190511,0.036828346584675396,138.14718078536177,1,1,1,1,1,1,1,1,1,1,1,0,1,1
param_20053,real_003,0.8142849469768124,0.6775168239540454,0.21461582903997709,0.2749296788639649,0.07241036580931372,273.7319894558541,1,1,1,1,1,0,1,1,1,0,1,1,1,1
param_20053,real_004,0.836768833881099,0.703078437875819,0.3052334807246585,0.3696785821202336,0.2606480724585554,282.08755125827986,1,1,1,1,1,1,1,1,1,1,1,1,1,1
param_20053,real_005,0.7907192522843427,0.6485241178198146,0.2082759391981373,0.27768036043546873,0.05508915745219237,312.88499522734827,1,1,1,1,1,1,1,1,1,1,1,1,1,1
param_20054,real_001,0.7767209955686762,0.4434448149832466,0.12341162968852433,0.12954698828420624,2.09622275476435,38.760480141561644,0,1,0,1,0,1,0,1,0,1,0,1,0,1
param_20054,real_002,0.7650013711832452,0.42826790025105255,0.13014828664706793,0.1335237436590438,1.8894131054131054,289.5992474809917,0,1,0,1,0,1,0,0,0,1,0,0,1,1
param_20054,real_003,0.7524318540710792,0.4077603601958396,0.07233266304601775,0.09049593001083249,1.888680550905154,187.6304406100167,0,1,0,1,0,0,0,1,0,0,0,1,1,1
param_20054,real_004,0.7339414826127191,0.43477775099422766,0.08477819372018232,0.09957500196047178,2.282271250979953,153.4780827366286,0,1,0,1,0,1,0,1,0,1,0,1,0,1
param_20054,real_005,0.7258030475179538,0.33729491164013153,0.0381173815214153,0.0564703044116115,2.570098139672564,226.56299994858526,0,1,0,1,0,1,0,1,0,1,0,1,0,1
param_20055,real_001,0.7827674451363462,0.4594406809534253,0.12921542212156725,0.13763900649432104,1.8734431924087096,38.97819050122323,0,1,0,1,0,1,0,1,0,1,0,1,0,1
param_20055,real_002,0.7706414435021158,0.4435229786979775,0.13596528952409417,0.14136940048061367,1.696093234937581,290.788840762693,0,1,0,1,0,1,0,0,0,1,0,0,1,1
param_20055,real_003,0.7583823568992797,0.4224453856066659,0.07578837464096391,0.09647053486952055,1.6938529111763359,187.95705812236275,1,1,0,1,1,0,0,1,0,0,0,1,1,1
param_20055,real_004,0.7391913796383887,0.4509797058767244,0.08958853327321219,0.1066980088512045,2.04524106400665,152.60793682508313,0,1,0,1,0,1,0,1,0,1,0,1,0,1
param_20055,real_005,0.7296618784338007,0.3407410517800285,0.040840378339696545,0.061296217167914044,2.31805388017692,227.5535788703516,0,1,0,1,0,1,0,1,0,1,0,1,0,1
param_20056,real_001,0.7832892888385795,0.4933079448058016,0.13515023754149855,0.14635332654827019,1.776524764633647,37.80168649169227,0,1,0,1,0,1,0,1,0,1,0,1,0,1
param_20056,real_002,0.7718613014327355,0.47967194474838876,0.1431581081295036,0.15158200902925925,1.6109692301355192,285.7673078639182,0,1,0,1,0,1,0,0,0,1,0,0,1,1
param_20056,real_003,0.75819069919326,0.44287698810561826,0.08021893334979625,0.1037550249838313,1.6014674841692633,184.07813799864982,1,1,0,1,1,0,0,1,0,0,0,1,1,1
param_20056,real_004,0.7382725313942573,0.4723295325595831,0.09167648985048528,0.10998228951923926,1.9442245484318177,156.89810484342175,0,1,0,1,0,1,0,1,0,1,0,1,1,1
param_20056,real_005,0.7285296214440486,0.3636128373798364,0.043768292515014885,0.06517085808267704,2.2090548119038846,222.7171849717274,0,1,0,1,0,1,0,1,0,1,0,1,1,1
param_20057,real_001,0.8214540141174819,0.5630264974911906,0.16545656072311019,0.19146827955547555,1.0087510179906716,39.2353341289018,1,1,1,1,1,1,1,1,0,1,0,1,0,1
param_20057,real_002,0.8067742574875308,0.546182901115556,0.16723819423598874,0.1881586559369262,0.8996193958283385,295.8105260550553,1,1,1,1,1,1,1,0,0,1,0,0,0,1
param_20057,real_003,0.7844822860937879,0.5062886050923816,0.09538558689346012,0.1335530136705888,0.8981753109598686,187.90098018688025,1,1,1,1,1,0,1,1,0,0,0,1,0,1
param_20057,real_004,0.7748253482799217,0.5467174311923306,0.11641259287380173,0.14806816170162235,1.105809993245865,150.47594303858173,1,1,1,1,1,1,1,1,0,1,0,1,1,1
param_20057,real_005,0.7589140170322,0.4252002742139684,0.05968787155320089,0.09224101428086096,1.3233703303054103,230.5720502495049,1,1,1,1,1,1,1,1,0,1,0,1,0,1
param_20058,real_001,0.8352492100307657,0.6372111592883217,0.17817415446836876,0.2180711675913847,0.6717313616759089,47.93072870095057,1,1,1,1,1,1,1,1,0,1,0,1,1,1
param_20058,real_002,0.8280536123623174,0.651979345049013,0.1935518049138924,0.22819238347857992,0.6127444120752604,254.33100195106815,1,1,1,1,1,1,1,0,0,1,0,0,1,1
param_20058,real_003,0.7998571582675531,0.5943017014192667,0.11283591235798411,0.17168278645760782,0.5929149074974459,159.00826192100402,1,1,1,1,1,0,1,1,0,0,0,1,1,1
param_20058,real_004,0.7874075169766455,0.5801909615608908,0.1374393753852182,0.1802524515533392,0.8429313445600091,184.38240609503492,1,1,1,1,1,1,1,1,0,1,0,1,1,1
param_20058,real_005,0.7741380413037211,0.5171824869548793,0.08747825260000688,0.13127932538440545,0.9927553730982854,191.62869037378323,1,1,1,1,1,1,1,1,0,1,0,1,1,1
param_20059,real_001,0.8371587145439969,0.6983842254103139,0.18076430623816642,0.22832735218476563,0.17812592767609942,41.670641913158484,1,1,1,1,1,1,1,1,1,1,1,1,1,1
param_20059,real_002,0.8085588818034348,0.6777000224691033,0.17828839560986195,0.2190761961263979,0.21457557602830113,305.2602216993915,1,1,1,1,1,1,1,0,1,1,1,0,1,1
param_20059,real_003,0.7763655617185508,0.6343228801013222,0.10463673300396467,0.16426715402531222,0.20988845268550008,190.33596745569497,1,1,1,1,1,0,1,1,1,0,1,1,1,1
param_20059,real_004,0.7992448789771319,0.6541910135681414,0.15941670206977723,0.21783878606736878,0.10273398034473258,137.14028531318982,1,1,1,1,1,1,1,1,1,1,1,1,1,1
param_20060,real_001,0.749220451613716,0.4306057314071408,0.11094178238928024,0.12483786502752275,1.8562974652332578,11.145377617141108,0,1,0,1,1,1,0,1,0,1,0,1,0,1
param_20060,real_002,0.7427433504316646,0.47169615480916327,0.13108205080942031,0.14431920450128624,1.6979578914041475,147.51020028640744,1,1,1,0,0,1,0,1,0,1,0,1,1,1
param_20060,real_003,0.7226073992057432,0.4442974473892592,0.07209161222147588,0.09715808000422815,1.6962804843493209,442.66129836127243,1,1,0,1,1,0,0,1,0,0,0,1,0,1
param_20060,real_004,0.7157608935740005,0.46630202041849345,0.10409409561448786,0.12185374936030274,1.7764031042627375,161.77595602184186,0,1,0,1,1,1,0,1,0,1,0,1,0,1
param_20060,real_005,0.7035497950592898,0.38655796809641274,0.048308808609737276,0.0694465757645103,2.3831945464935913,254.68141558028023,1,1,0,1,0,1,0,1,0,1,0,1,0,1
param_20061,real_001,0.7573486562364862,0.4484211870748339,0.11699233143870931,0.13347432757937985,1.6298583363603343,12.609165160645626,0,1,0,1,1,1,1,1,0,1,0,1,0,1
param_20061,real_002,0.7497004060531433,0.48329712060976066,0.1354853545943916,0.15142080718594125,1.5012199372603694,150.9520627073206,1,1,1,0,0,1,1,1,0,1,0,1,1,1
param_20061,real_003,0.7256258421302931,0.4552596301951447,0.07557142652380815,0.10365540851272737,1.5112690676847829,444.4800454651847,1,1,0,1,1,0,0,1,0,0,0,1,0,1
param_20061,real_004,0.7216887785174683,0.48076814404338436,0.10968717546765981,0.13009121102626553,1.5883853829887629,159.69397194307527,0,1,0,1,1,1,0,1,0,1,0,1,0,1
param_20061,real_005,0.7090831281518629,0.3980633502972587,0.051971658193746724,0.07529094363644898,2.1180730597043,256.18035794595744,1,1,0,1,1,1,0,1,0,1,0,1,0,1
param_20062,real_001,0.7588358720542944,0.47715187135967313,0.12242218284103495,0.1414849993603548,1.5461579039915596,9.654301398746664,0,1,0,1,1,1,1,1,0,1,0,1,0,1
param_20062,real_002,0.7512205926148375,0.513306481669239,0.14066313741010808,0.15926865003061888,1.4256182173990393,147.05051627081863,1,1,1,0,0,1,1,1,0,1,0,1,1,1
param_20062,real_003,0.7298883037358224,0.4755121467027047,0.07816505163969019,0.10953539434914392,1.435508915621534,439.26667840269744,1,1,0,1,1,0,0,1,0,0,0,1,0,1
param_20062,real_004,0.7229582672745516,0.49967687636312424,0.11305259781589029,0.13498328208363983,1.5412212823636395,162.81835054846553,0,1,0,1,1,1,0,1,0,1,0,1,0,1
param_20062,real_005,0.7097373257426566,0.4177297807466004,0.05457933680121384,0.0790403942663499,2.0536253776435047,252.61471558004317,1,1,0,1,1,1,0,1,0,1,0,1,0,1
param_20063,real_001,0.7930008522750254,0.54168467654852,0.1454466176799063,0.17772917068415028,0.9592985494695822,16.810093589505076,1,1,1,1,1,1,1,1,0,1,0,1,0,1
param_20063,real_002,0.7790392641656386,0.565674439848607,0.15864422816363352,0.1862069587749815,0.8618853186579087,166.90869559492572,1,1,1,0,1,1,1,1,0,1,0,1,1,1
param_20063,real_003,0.7496329136862688,0.5235184671754413,0.09083965634619337,0.13282544420900821,0.8104823877113538,448.6752009848652,1,1,1,1,1,0,0,1,0,0,0,1,0,1
param_20063,real_004,0.7547841503526951,0.5699737175694818,0.13566122926700158,0.1673200720035155,0.9183245259558594,149.36949723868807,1,1,1,1,1,1,1,1,1,1,0,1,0,1
param_20063,real_005,0.7324815148258337,0.46429807315378946,0.06803976383349397,0.10082533150730409,1.3200184747162311,263.8775511624669,1,1,1,1,1,1,0,1,0,1,0,1,0,1
param_20064,real_001,0.8182038588566642,0.6386910031363136,0.17237219923162747,0.22004774034721677,0.5640189237648787,25.907868033049922,1,1,1,1,1,1,1,1,1,1,1,1,1,1
param_20064,real_002,0.8050973650476152,0.661211937173142,0.18894373621580524,0.231104558769769,0.5949651396752609,139.4191346704617,1,1,1,0,1,1,1,1,0,1,0,1,1,1
param_20064,real_003,0.7697883458965401,0.6002802185918267,0.10775879534352999,0.16658332831428435,0.529369535402023,411.34533547193564,1,1,1,1,1,0,0,1,1,0,0,1,1,1
param_20064,real_004,0.7887264365965359,0.623022404811622,0.16995987168778867,0.21853338931408367,0.6275645322578873,170.65975365543875,1,1,1,1,1,1,1,1,1,1,1,1,1,1
param_20064,real_005,0.7578275456368417,0.5565345056300853,0.09714751627467183,0.1432015373891841,0.9625748857474368,235.41191769179295,1,1,1,1,1,1,1,1,0,1,0,1,1,1
param_20065,real_002,0.8021052052424181,0.6796958261857636,0.20097501141498356,0.24627787781415442,0.10310031114941091,186.07925914836665,1,1,1,0,1,1,1,1,1,1,1,1,1,1
param_20065,real_003,0.758635699788298,0.6282243988827684,0.10690760770780504,0.16966592887728932,0.08461651926863212,445.5501191386298,1,1,1,1,1,0,1,1,1,0,0,1,1,1
param_20065,real_004,0.7881434587171451,0.6625373827707974,0.17701324468826726,0.2376285058288661,0.06579959884447023,134.0784832081734,1,1,1,1,1,1,1,1,1,1,1,1,1,1
param_20065,real_005,0.7777229892030771,0.615437090489121,0.12490956975483446,0.18605383045143142,0.10620024157652036,278.41682725624645,1,1,1,1,1,1,1,1,1,1,0,1,1,1
param_20066,real_001,0.671140789924819,0.4157231979001733,0.05996071049469573,0.09098749317512565,1.092926989284264,402.70125315902885,1,1,1,0,1,1,1,1,0,0,0,1,1,1
param_20066,real_002,0.6784566446798054,0.4131628256793853,0.06820745466157475,0.10180330530139589,1.3343221690590112,180.99239231971637,0,1,1,1,0,1,1,1,0,1,1,1,1,1
param_20066,real_003,0.6848932310337265,0.4422173611177712,0.08094410945688582,0.10067942683806405,1.7257196535473187,55.25774854928046,1,1,1,1,0,1,1,1,0,1,1,1,0,1
param_20066,real_004,0.6542578014806294,0.3961150641268902,0.0474474280370932,0.07086120044030358,2.1237685797459083,243.6899762690743,1,1,0,0,1,1,0,1,0,0,0,1,1,1
param_20066,real_005,0.781639902057892,0.5623642886780027,0.24351002816616496,0.24715536009678993,1.0209177102245395,117.43955792865378,1,1,0,1,1,1,0,1,0,1,0,1,0,0
param_20067,real_001,0.6756154359427629,0.4251891688249591,0.06381095341988136,0.09757037660335272,0.9145637449629905,405.00783715390645,1,1,1,0,1,1,1,1,1,0,0,1,1,1
param_20067,real_002,0.6853860127423879,0.42278471650401933,0.07382303960142521,0.11063205179835936,1.1585723766683873,176.09185480537943,1,1,1,1,1,1,1,1,0,1,1,1,1,1
param_20067,real_003,0.6913006695532437,0.4495594391242658,0.08566448568925253,0.10696964398274905,1.592048086968371,55.842593992541076,1,1,1,1,0,1,1,1,0,1,1,1,0,1
param_20067,real_004,0.6599983164399872,0.40992155802733576,0.050128995421482775,0.0768706379834182,1.859893746580299,247.74706442300257,1,1,0,0,1,1,0,1,0,0,0,1,1,1
param_20067,real_005,0.7925691243020124,0.5903679682246579,0.2559584123418056,0.26382968291373105,0.85703693141309,113.58754833015409,1,1,0,1,1,1,0,1,1,1,0,1,0,0
param_20068,real_001,0.6744743574647123,0.434912655538051,0.06727594676417899,0.10297453769589826,0.8895877698957789,400.0809864419272,1,1,1,0,1,1,1,1,1,0,0,1,1,1
param_20068,real_002,0.6862545479272063,0.4434013153264815,0.07763329228413549,0.11695337566492262,1.1176283349730887,180.4166089759103,1,1,1,1,1,1,1,1,0,1,1,1,1,1
param_20068,real_003,0.6929983055712224,0.46252525265231575,0.0898614743889382,0.11329341061245245,1.533886890753815,57.44132683989764,1,1,1,1,0,1,1,1,0,1,1,1,0,1
param_20068,real_004,0.6609573104006387,0.41900341494462995,0.05364555362551818,0.0815323205059223,1.8065924168153396,243.67966419803537,1,1,0,0,1,1,0,1,0,0,0,1,1,1
param_20068,real_005,0.7965544679738605,0.6059750423738234,0.26413886305481493,0.27632937201688157,0.8372316113195836,115.84989896210908,1,1,0,1,1,1,0,1,1,1,0,1,0,0
param_20069,real_001,0.6907460372770575,0.46806498617427883,0.07284729410619228,0.11559266746476869,0.5020066364737007,413.47718539499294,1,1,1,0,1,1,1,1,1,0,0,1,1,1
param_20069,real_002,0.7111351591754648,0.4793703260143714,0.09719107097291384,0.14477306573943657,0.6394144068461082,146.97840703941293,1,1,1,1,1,1,1,1,0,1,1,1,1,1
param_20069,real_003,0.7162876295148577,0.48575961244189114,0.10747581125822617,0.13717653647194758,1.0849205962587685,57.730488633766356,1,1,1,1,1,1,1,1,0,1,1,1,0,1
param_20069,real_004,0.6787683984890432,0.44937618323535,0.062435169550282096,0.10230469645167944,1.0717948062243476,267.388035989985,1,1,1,0,1,1,1,1,0,0,0,1,1,1
param_20069,real_005,0.82754268565594,0.6758074609106681,0.28252930533904697,0.30839585622802523,0.40435213940648723,103.4465477047834,1,1,1,1,1,1,1,1,1,1,1,1,0,0
param_20070,real_001,0.7279530879554937,0.56276936329395,0.10562991535838787,0.16830600303308782,0.27914192427395795,381.24763226666977,1,1,1,0,1,1,1,1,1,0,0,1,1,1
param_20070,real_002,0.7491790944508747,0.5787897483081846,0.13538790665992406,0.20394169520476713,0.3898997189090633,157.34620538956582,1,1,1,1,1,1,1,1,0,1,1,1,1,1
param_20070,real_003,0.7496562481265723,0.5741755302220174,0.14557918890350272,0.1936246875613981,0.7201406681738257,76.14367302910603,1,1,1,1,1,1,1,1,0,1,1,1,1,1
param_20070,real_004,0.7159761196866613,0.5386392324674677,0.0960096554153039,0.15188228640967272,0.7586094619968091,242.09242132105214,1,1,1,0,1,1,1,1,0,0,0,1,1,1
param_20070,real_005,0.8599968810361363,0.7415366732219641,0.30030549157984227,0.3474958787817717,0.2173449739208465,109.0351156596519,1,1,1,1,1,1,1,1,1,1,1,1,1,0
param_20071,real_001,0.7279670764688152,0.5895147594239617,0.11155995690182392,0.17873382147778813,0.19178544930298771,422.2487338842941,1,1,1,0,1,1,1,1,1,0,1,1,1,1
param_20071,real_002,0.7576841730132804,0.6089735472126852,0.15312172201298657,0.22320708630847638,0.0697724672683361,76.70928866107523,1,1,1,1,1,1,1,1,1,1,1,1,1,1
param_20071,real_004,0.7344585857571456,0.5901793822262579,0.11840681828546057,0.18983706627108987,0.06282509592994655,294.6539639367103,1,1,1,0,1,1,1,1,1,0,1,1,1,1
param_20071,real_005,0.8354806043413906,0.7243505813828354,0.24962115281574307,0.29875186876403936,0.16505962302859342,94.66830869198637,1,1,1,1,1,1,1,1,1,1,1,1,1,0
param_20072,real_001,0.726306002651249,0.36708436595169047,0.07181939234735726,0.08427817232680664,2.4525622556081497,372.56411481086604,0,1,0,1,0,1,0,1,0,1,0,1,0,1
param_20072,real_002,0.7574328828968029,0.3872235426368649,0.12503296170327535,0.13710118088876555,1.589526287911936,429.8341301526207,0,1,0,1,0,0,0,0,0,1,0,1,1,1
param_20072,real_003,0.7503459063286892,0.3723926026540047,0.04419838979457226,0.06528458052087245,1.768717372629353,91.26137821582287,0,0,0,0,1,1,0,1,0,0,0,1,1,1
param_20072,real_004,0.7338669009123379,0.4130632040754939,0.07505421175075604,0.09574017973513037,2.0998588406721006,217.23156715542999,0,1,0,1,0,1,0,1,0,1,0,1,1,1
param_20072,real_005,0.7542259799191422,0.35428157629251317,0.10277829832081224,0.11960536666878875,1.6658094176016751,495.4048424231937,0,1,0,1,0,1,0,1,0,0,0,1,1,1
param_20073,real_001,0.7330815643217621,0.39144673642940575,0.07656032935867488,0.09127605226145917,2.183100373157928,373.6991911991478,0,1,0,1,0,1,0,1,0,1,0,1,0,1
param_20073,real_002,0.7644411296667991,0.41332554600018767,0.13097139258837523,0.14577947567242291,1.395862186521211,431.4061336748914,0,1,0,1,0,0,0,0,0,1,0,1,1,1
param_20073,real_003,0.7549317944899276,0.38770832826329354,0.04602164066174289,0.0690956182916906,1.5742284298265374,91.0347185263119,1,0,0,0,1,1,0,1,0,0,0,1,1,1
param_20073,real_004,0.7392619053516877,0.430906688578715,0.07974727417681861,0.10337070503810747,1.859134817303654,216.63642749649622,0,1,0,1,0,1,0,1,0,1,0,1,1,1
param_20073,real_005,0.7605230277294585,0.3746500110350992,0.10957373994346271,0.12950482916611056,1.4519687676623894,497.04835707353266,0,1,0,1,0,1,0,1,0,0,0,1,1,1
param_20074,real_001,0.7326167143283874,0.4161756734717518,0.0794667953067207,0.09549833119948323,2.0773495301958707,368.4634064977124,0,1,0,1,0,1,0,1,0,1,0,1,0,1
param_20074,real_002,0.7654272888842055,0.4494776575932399,0.13676317724686957,0.1555817165324421,1.3263199271764317,426.4253878877657,0,1,0,1,0,0,0,0,0,1,0,1,1,1
param_20074,real_003,0.7542395555940422,0.4044399936411083,0.05032086958930867,0.07486156422993505,1.4860465576234647,95.9022599419829,1,0,0,0,1,1,0,1,0,0,0,1,1,1
param_20074,real_004,0.7377695005719407,0.4447823451052047,0.08135321996833371,0.10636912340147626,1.771372740595994,219.6667533637783,0,1,0,1,0,1,0,1,0,1,0,1,1,1
param_20074,real_005,0.7597005000985694,0.38940100325351734,0.11246851620186821,0.1337220732764246,1.385843772278236,492.4062066601034,0,1,0,1,0,1,0,1,0,0,0,1,1,1
param_20075,real_001,0.7698467665596671,0.5040528027356137,0.10294069948855425,0.13252965170610342,1.1898877382299191,376.1930965733567,1,1,1,1,1,1,1,1,0,1,0,1,0,1
param_20075,real_002,0.800019433570919,0.5350280692713621,0.16293961491053938,0.19724701315488805,0.6647173777869896,438.9932391001066,1,1,1,1,1,0,1,0,0,1,0,1,1,1
param_20075,real_003,0.7697466523329402,0.46177802021340314,0.05604990799305732,0.09072278358449218,0.8002749889001877,93.30236235553387,1,0,1,0,1,1,1,1,0,0,0,1,0,1
param_20075,real_004,0.7760303174485533,0.5317663860153082,0.10511219244494605,0.14471623925833263,1.0011170228401776,214.5271768437414,1,1,1,1,1,1,1,1,0,1,0,1,1,1
param_20075,real_005,0.7987439003128136,0.47544640155744444,0.1456530395305539,0.1842123723962187,0.7100706610604999,504.74297729526415,1,1,1,1,1,1,1,1,0,0,0,1,0,1
param_20076,real_001,0.7858849198511646,0.5654967829354716,0.12753359254424776,0.16951317219651435,0.842863943170306,333.1883196956928,1,1,1,1,1,1,1,1,0,1,0,1,1,1
param_20076,real_002,0.8240887979495194,0.6505755782111443,0.1836698064099322,0.2361555221131872,0.4475784649450295,397.61415355539316,1,1,1,1,1,0,1,0,0,1,0,1,1,1
param_20076,real_003,0.7886022212512528,0.5477654617836243,0.09242837565600975,0.14228168633704794,0.5155172413793103,133.8967829492717,1,0,1,0,1,1,1,1,0,0,0,1,1,1
param_20076,real_004,0.7859859386717315,0.5741790639668828,0.12417246834023399,0.1758755943900163,0.7369649805447471,240.2205694311803,1,1,1,1,1,1,1,1,0,1,0,1,1,1
param_20076,real_005,0.818676778434213,0.552255861316948,0.17698588135673407,0.22873505325212878,0.5051786173220252,465.58511786934,1,1,1,1,1,1,1,1,0,0,0,1,1,1
param_20077,real_001,0.7955613252980654,0.6576746540280041,0.14370710639489317,0.19794995194648934,0.0954058523258322,379.6886553692878,1,1,1,1,1,1,1,1,1,1,1,1,1,1
param_20077,real_002,0.7805777932609007,0.6606386635355872,0.14075456839030376,0.19084922958644704,0.31450605053799496,454.9252687810401,1,1,1,1,1,0,1,0,1,1,1,1,1,1
param_20077,real_003,0.7554988569920285,0.5987490318371311,0.08189067420983286,0.13327927718015364,0.24032708416433984,100.50302521487853,1,0,1,0,1,1,1,1,1,0,1,1,1,1
param_20077,real_004,0.784455646020464,0.6468121531812165,0.14050751574953904,0.200565238105137,0.1685678692689123,207.4035960004124,1,1,1,1,1,1,1,1,1,1,1,1,1,1
param_20077,real_005,0.8320741500194564,0.6613789920120975,0.22113805497268813,0.2777728240030521,0.28010300661307375,522.0630614523269,1,1,1,1,1,1,1,1,1,0,1,1,1,1
param_20078,real_001,0.7244031081090553,0.3895323229876066,0.09184933781099405,0.10196217310556856,2.281985310287197,241.82486629315466,0,1,0,1,0,1,0,1,0,0,0,1,1,1
param_20078,real_002,0.7091073086803962,0.40097653593428284,0.0690482336126637,0.0940652264050928,1.7860141562050014,157.8338186424411,0,0,0,0,0,1,1,1,0,1,0,1,1,1
param_20078,real_003,0.71226691125477,0.3891628370681377,0.08125704361952663,0.1028142707374601,1.3620843033709993,219.01469240221545,0,0,1,1,0,1,0,1,0,1,0,1,1,1
param_20078,real_004,0.7118741647578836,0.3762164714513765,0.0781456796889861,0.09620376188057955,2.382775309425579,327.2669682353932,0,1,0,1,0,1,0,1,0,1,0,1,1,1
param_20078,real_005,0.6803308668563252,0.3810883496791719,0.06021163111167393,0.0864988185346822,1.2076712919692285,328.99806610868046,1,0,0,1,1,1,0,1,0,0,0,0,0,1
param_20079,real_001,0.7314238403095181,0.4055327241853343,0.09636923467795971,0.10896836858455551,1.993701482358133,238.91944400768554,1,1,0,1,0,1,0,1,0,0,0,1,1,1
param_20079,real_002,0.716423799352614,0.42207727309552595,0.0745217068426634,0.1038087266361273,1.4745555095202925,164.78359729716774,0,0,0,0,0,1,1,1,0,1,0,1,1,1
param_20079,real_003,0.721653446226594,0.4100949814617594,0.08920693124548768,0.11442377016536129,1.0903502453895244,216.98934846679947,1,0,1,1,0,1,1,1,0,1,0,1,1,1
param_20079,real_004,0.7205529180001823,0.4027416452351458,0.08686958043076368,0.10721028029620064,2.0245623991345525,325.6332466874474,0,1,0,1,0,1,0,1,0,1,0,1,1,1
param_20079,real_005,0.6877472358512757,0.4006291875979078,0.06296170695109975,0.09209259260294296,1.0355313965628676,333.5682957734511,1,0,0,1,1,1,0,1,0,0,0,0,0,1
param_20080,real_001,0.7323650907946464,0.43073727316976584,0.10373367124697093,0.11749329206571868,1.939803415604625,242.91867752175452,1,1,0,1,0,1,0,1,0,0,0,1,1,1
param_20080,real_002,0.7164930878185836,0.43503672481437766,0.07822923997068658,0.10952003626768171,1.434429715743957,160.0871166485551,0,0,1,0,0,1,1,1,0,1,0,1,1,1
param_20080,real_003,0.7211549426307983,0.4188183032351327,0.09295409458721605,0.11976405710243941,1.064074361985412,211.96306109908795,1,0,1,1,0,1,1,1,0,1,0,1,1,1
param_20080,real_004,0.719238502445482,0.41970247030228724,0.08814804257495475,0.11006406823828813,1.9832423733557234,329.73883438250084,0,1,0,1,0,1,0,1,0,1,0,1,1,1
param_20080,real_005,0.6870888572206976,0.4099823948455915,0.0670765426054426,0.09751489045736245,0.9945437716178691,328.79761204794755,1,0,0,1,1,1,0,1,0,0,0,0,0,1
param_20081,real_001,0.757890656973046,0.48313053724254895,0.11419262691997907,0.14178827020614032,1.125633794792913,226.99183665664992,1,1,0,1,1,1,1,1,0,0,0,1,1,1
param_20081,real_002,0.749284918727336,0.5014751481262387,0.09892667278346151,0.1443664963532105,0.6764910482187969,181.71407126589926,1,0,1,0,1,1,1,1,0,1,1,1,1,1
param_20081,real_003,0.7470022174065077,0.47235561195247655,0.11485323726213334,0.15030570180466188,0.49594236601416875,208.83052988321336,1,0,1,1,1,1,1,1,0,1,0,1,1,1
param_20081,real_004,0.7603169382049845,0.5016264975764488,0.12427792714584308,0.15616970370496436,1.176969913582926,321.95696981642664,1,1,1,1,1,1,1,1,0,1,0,1,1,1
param_20081,real_005,0.7113112665527419,0.4671913205003759,0.07292049660439506,0.11984171499176427,0.45851590609525844,349.2696512738414,1,0,1,1,1,1,1,1,0,0,0,0,0,1
param_20082,real_001,0.78110126829698,0.574629199969591,0.16109350264805575,0.20322069345430818,0.8923870869576244,253.8794339061913,1,1,0,1,1,1,1,1,0,0,0,1,1,1
param_20082,real_002,0.7828968036089441,0.589193084068739,0.1343887197372603,0.19747051815088376,0.4541585950649433,149.45087139932386,1,0,1,0,1,1,1,1,0,1,1,1,1,1
param_20082,real_003,0.7779816209263817,0.5637302391104503,0.14856074255272347,0.20087578452612523,0.3224257966069366,173.57982754047268,1,0,1,1,1,1,1,1,0,1,1,1,1,1
param_20082,real_004,0.7799459814121442,0.5783238611954726,0.13660344343244646,0.18174576824375424,0.9350322229282019,353.4206875365246,1,1,1,1,1,1,1,1,0,1,0,1,1,1
param_20082,real_005,0.737201219057241,0.52908126809153,0.1095323942711185,0.17250544590540023,0.27179349120390983,314.9870860542981,1,0,1,1,1,1,1,1,1,0,1,0,1,1
param_20083,real_001,0.7949693140323475,0.6253556674651631,0.16344523023743285,0.21975455681834435,0.04043361567151173,208.50160171163685,1,1,1,1,1,1,1,1,1,0,1,1,1,1
param_20083,real_002,0.7837196387323566,0.6414011694585391,0.15081086111881015,0.2205614246416435,0.19715025452505217,197.74637733226936,1,0,1,0,1,1,1,1,1,1,1,1,1,1
param_20083,real_003,0.7883985269570435,0.6293356894591362,0.17256121278067138,0.2360847976986333,0.26757323035208086,192.87154439191414,1,0,1,1,1,1,1,1,1,1,1,1,1,1
param_20083,real_004,0.8412754263908886,0.6969464274804426,0.22069510846709978,0.28577290136673983,0.04892644734333389,306.38389817146225,1,1,1,1,1,1,1,1,1,1,1,1,1,1
param_20083,real_005,0.7277606425800428,0.5908318499933479,0.10419245422325922,0.17187559636842223,0.27283599055123703,358.4471861844155,1,0,1,1,1,1,1,1,1,0,1,0,1,1
param_20084,real_001,0.7107575769446888,0.43144451542211937,0.09208117648551958,0.11175383604737249,1.6251556901143962,400.4583647630409,0,1,0,1,0,1,1,1,0,1,0,1,1,1
param_20084,real_002,0.7107328750145667,0.42137119746799023,0.12423118440200293,0.1300765087683659,1.7878220558081483,174.56533347570624,0,1,0,1,0,1,0,1,0,0,0,1,1,1
param_20084,real_003,0.7055097712898428,0.37859503605634565,0.09027782050325842,0.11119296743913648,1.485392838327017,395.2656976721564,0,0,1,1,0,1,0,1,0,0,0,1,1,1
param_20084,real_004,0.6974324070679675,0.3884116458513423,0.09024916197317086,0.11547567800341595,0.5705204754643494,702.6616905823696,0,1,0,1,1,0,1,0,0,0,0,0,1,1
param_20084,real_005,0.7344884141448509,0.40453231370449727,0.11441598261890056,0.12839447101395687,1.5206450227436894,209.75821222621306,1,1,0,1,0,1,0,1,0,1,0,1,1,1
param_20085,real_001,0.7192616433650525,0.451663377556384,0.09772205453330698,0.12146836095708043,1.3714147236502743,391.83327644102945,0,1,0,1,0,1,1,1,0,1,0,1,1,1
param_20085,real_003,0.7159820014729407,0.4035222016607435,0.09732788440451441,0.12113495920364886,1.273325042748329,397.85865119515347,0,0,1,1,0,1,1,1,0,0,0,1,1,1
param_20085,real_004,0.7032923734051502,0.40859509260869964,0.09404186167413599,0.1235278417682004,0.4452484403793809,709.6972947838884,0,1,0,1,1,0,1,0,1,0,0,0,1,1
param_20085,real_005,0.74494039627101,0.43101551010083966,0.12313544432267029,0.14111299092635174,1.2272343068085767,212.35004121497417,1,1,0,1,1,1,0,1,0,1,0,1,1,1
param_20086,real_001,0.7194839081782822,0.4689705126349567,0.10149710928078134,0.1268122438187604,1.3413029360494924,395.5257558432688,0,1,0,1,0,1,1,1,0,1,0,1,1,1
param_20086,real_003,0.7187168092719857,0.4219761437032509,0.10410428393292047,0.12981785783121044,1.2377739013343128,392.95912223605853,0,0,1,1,0,1,1,1,0,0,0,1,1,1
param_20086,real_004,0.7031753233936433,0.42782195598779454,0.0967543244208994,0.127818839408389,0.4159006211180124,705.1035091114452,0,1,0,1,1,0,1,0,1,0,0,0,1,1
param_20086,real_005,0.7464691306244976,0.44083045088816525,0.13016872606891156,0.15005697877596813,1.1765112437207106,206.02970705778978,1,1,0,1,1,1,0,1,0,1,0,1,1,1
param_20087,real_001,0.7544582151195045,0.5319567648175816,0.12043325873946781,0.15965032955164593,0.6978646407812713,369.67251497507533,1,1,1,1,1,1,1,1,0,1,1,1,1,1
param_20087,real_002,0.7451767812307815,0.5281354300349117,0.17612587646466174,0.19591866131444693,0.783245894160584,167.3000137001874,0,1,1,1,0,1,1,1,0,0,1,1,1,1
param_20087,real_003,0.747502479561028,0.4869436605947992,0.12336230976103238,0.16054503150652347,0.6799113194109403,407.2131215117804,1,0,1,1,1,1,1,1,0,0,1,1,1,1
param_20087,real_004,0.726168974689483,0.4826275529212108,0.12047527421858861,0.1567998588371111,0.06164851405223482,732.0563408730903,1,1,1,1,1,0,1,0,1,0,1,0,0,1
param_20087,real_005,0.7746720019245289,0.5020494863591366,0.15790462133793678,0.18842453860725253,0.6375177556818182,218.23468413591286,1,1,1,1,1,1,1,1,0,1,0,1,1,1
param_20088,real_001,0.7909109020358145,0.6214621783133795,0.16167184350103983,0.2215462072273457,0.47679156605726114,393.3922118550408,1,1,1,1,1,1,1,1,0,1,1,1,1,1
param_20088,real_002,0.7850785500757342,0.6142785298607648,0.20688079158616973,0.24712143130249495,0.5089086456687214,167.64383768064476,0,1,1,1,0,1,1,1,0,0,1,1,1,1
param_20088,real_003,0.7890698346879561,0.6004567150507449,0.17640850540613687,0.2310171407467173,0.4623568821558922,376.4820798973355,1,0,1,1,1,1,1,1,0,0,1,1,1,1
param_20088,real_004,0.7468178629823435,0.5760819392331087,0.14252947532024532,0.19253984611489972,0.145252569691637,704.2924067426284,1,1,1,1,1,0,1,0,1,0,1,0,1,1
param_20088,real_005,0.8079727845121125,0.5910963488524117,0.19323216565433024,0.23960751940993938,0.37141916364833716,183.5418601843661,1,1,1,1,1,1,1,1,1,1,0,1,1,1
param_20089,real_001,0.7945060325759902,0.6604694693364305,0.18041369585246525,0.24004897426070804,0.1705576073136768,345.80404289642956,1,1,1,1,1,1,1,1,1,1,1,1,1,1
param_20089,real_002,0.8007852280827404,0.6799907439378318,0.22634095854906724,0.28309090837603806,0.14799880118791378,156.52013254056837,1,1,1,1,1,1,1,1,0,0,1,1,1,1
param_20089,real_003,0.7960777194241024,0.6413766265556587,0.17525934269780602,0.24578671822809192,0.0032375032375032376,398.0110450664062,1,0,1,1,1,1,1,1,0,0,1,1,1,1
param_20089,real_004,0.7652124868441902,0.6281330094510499,0.17029083382699503,0.2321725982794403,0.49035681282976123,770.9033085920009,1,1,1,1,1,0,1,0,1,0,1,0,1,1
param_20089,real_005,0.8300013202684055,0.6577465475425691,0.2259075988866139,0.28686680230842193,0.1879559748427673,226.56416242020765,1,1,1,1,1,1,1,1,1,1,1,1,1,1
param_20090,real_001,0.7521162563337813,0.35620077367899156,0.06421012900907526,0.08134801077747587,2.150500324595375,114.1674714972995,0,1,0,1,0,1,0,1,0,1,0,1,1,1
param_20090,real_002,0.7865371384791524,0.39909365699948685,0.08122413818965595,0.09424709248860616,1.9337623337623338,148.01444613589265,0,1,0,1,0,1,0,1,0,0,0,1,0,1
param_20090,real_003,0.7618921955976732,0.3788325631872778,0.05530888996393632,0.07020503170558387,2.149131338137129,451.24315519329315,0,1,0,1,0,1,0,1,0,1,0,1,0,1
param_20090,real_004,0.7611723318224937,0.33172785288851114,0.07043034756902865,0.0876053885990167,1.7539012933817146,172.17967142347283,0,1,0,0,0,1,0,0,0,0,0,0,1,1
param_20090,real_005,0.7250775360736245,0.3307987701175907,0.067402401010688,0.08086813674943015,2.0533999406920778,37.98781650613596,0,0,0,1,0,1,0,1,0,1,0,1,1,1
param_20091,real_001,0.7591382680947513,0.3806393532576546,0.06890901602881964,0.08870388748166924,1.8932426042801636,112.64632869501207,0,1,0,1,0,1,0,1,0,1,0,1,1,1
param_20091,real_002,0.795433748172576,0.4276881093495464,0.08646477997530447,0.10182304305371247,1.7078738442653785,147.96126304580085,0,1,1,1,0,1,0,1,0,0,0,1,0,1
param_20091,real_003,0.7667397300952125,0.3938492499859379,0.058009544199745966,0.07521729535989051,1.9139754157036795,450.1019854241705,0,1,1,1,0,1,0,1,0,1,0,1,0,1
param_20091,real_004,0.7667431054812863,0.35444188869016885,0.07290109800452167,0.0929566778789334,1.534480639213276,173.55813327766793,0,1,0,0,0,1,0,0,0,0,0,0,1,1
param_20091,real_005,0.7302925310758644,0.34877040283011723,0.07070548578513436,0.08731576783559358,1.7856325307472998,38.98218876765819,0,0,0,1,0,1,0,1,0,1,0,1,1,1
param_20092,real_001,0.7589886023417158,0.39700131041119774,0.07382560324744408,0.09521143402046153,1.8074207061639738,117.37638955714573,0,1,0,1,0,1,0,1,0,1,0,1,1,1
param_20092,real_002,0.7951469031131901,0.4539243245612492,0.09161721228123833,0.10887638847410724,1.6176960324599514,148.27621439231513,0,1,1,1,0,1,0,1,0,0,0,1,0,1
param_20092,real_003,0.7653699812819158,0.4151427897639385,0.06191029115748305,0.08010899999068347,1.814448263600806,455.3640932748889,0,1,1,1,0,1,0,1,0,1,0,1,0,1
param_20092,real_004,0.7673448057185933,0.37737990941259464,0.08024807213830265,0.10213379717188609,1.4697638203996886,168.13723015785442,0,1,0,0,0,1,0,0,0,0,0,0,1,1
param_20092,real_005,0.7303275092809602,0.371833691006047,0.07624575415784354,0.09443547303964463,1.7112677482732779,35.06051844789976,0,0,0,1,0,1,0,1,0,1,0,1,1,1
param_20093,real_001,0.7970582317737835,0.4835678164100725,0.09313837908629004,0.12854537451402082,1.0501107097074933,107.00192200334469,1,1,1,1,1,1,1,1,0,1,0,1,1,1
param_20093,real_002,0.8295126413076965,0.5246660764370799,0.11111884736504721,0.14202982985271148,0.9028088871575842,148.19644648823328,1,1,1,1,1,1,1,1,0,0,0,1,0,1
param_20093,real_003,0.7928567506238794,0.4754047059100405,0.07307520012584316,0.1034477445368844,1.0784717055451005,447.7918996201317,1,1,1,1,1,1,1,1,0,1,0,1,0,1
param_20093,real_004,0.7849277841454432,0.44244248634011385,0.08590512133829764,0.12047783767509206,0.7559936975684538,175.10163123299097,1,1,1,0,1,1,1,0,0,0,0,0,1,1
param_20093,real_005,0.7616099215895643,0.4444619886927243,0.08846640447478167,0.12321853732867895,0.9316843685061187,40.947875461305834,1,0,1,1,1,1,1,1,0,1,0,1,1,1
param_20094,real_001,0.8198041143736648,0.574199432054408,0.13827826055561368,0.188477450466688,0.7187240486541937,146.99658737248447,1,1,1,1,1,1,1,1,0,1,0,1,1,1
param_20094,real_002,0.8462607399710009,0.6161855165506466,0.14785756910728964,0.1936780996006023,0.5573774225137209,156.3519515549949,1,1,1,1,1,1,1,1,0,0,0,1,1,1
param_20094,real_003,0.8096991476715822,0.5642661574474211,0.10802890407543864,0.15103556462820109,0.7065904844041972,491.16108640581984,1,1,1,1,1,1,1,1,0,1,0,1,1,1
param_20094,real_004,0.8135522731824135,0.5589525552993946,0.14322129722734503,0.19286872522940027,0.5074392250045695,131.16296424238902,1,1,1,0,1,1,1,0,0,0,0,0,1,1
param_20094,real_005,0.7862571371447532,0.5439199794703398,0.13276978848743037,0.18144353635934757,0.6712821345186221,28.121051773682208,1,0,1,1,1,1,1,1,0,1,0,1,1,1
param_20095,real_001,0.8189411027255961,0.6539776504657518,0.1534612114282606,0.2104024418724048,0.15223362729507012,96.37113177747,1,1,1,1,1,1,1,1,1,1,1,1,1,1
param_20095,real_002,0.829760483183741,0.666581992734892,0.13567452154092077,0.18338919029394776,0.17995023533291363,148.40313657091784,1,1,1,1,1,1,1,1,1,0,1,1,1,1
param_20095,real_003,0.8095485553596575,0.6370429643802225,0.11777617137938373,0.17462681034076874,0.12214102627298269,442.0560186566635,1,1,1,1,1,1,1,1,1,1,1,1,1,1
param_20095,real_004,0.7736878577913057,0.5915648300711944,0.11247495387573558,0.16057460496616474,0.2457978966620942,171.7145551773337,1,1,1,0,1,1,1,0,1,0,1,0,1,1
param_20095,real_005,0.7744790052014866,0.6187036204876597,0.13469659514381946,0.19173150780926906,0.1900451393511067,40.884991832635464,1,0,1,1,1,1,1,1,1,1,1,1,1,1
param_20096,real_001,0.6950145536189197,0.3409506066459987,0.055130695620332834,0.07185463247739544,2.5435747956186097,342.520199652036,0,1,0,1,0,1,0,1,0,0,0,1,1,1
param_20096,real_002,0.7126576493380713,0.4336423383741609,0.12503802491766794,0.12349815385052146,2.939397565134157,212.0184309668365,0,0,0,1,1,1,0,1,0,1,0,1,1,1
param_20096,real_003,0.677470275755655,0.37958273071704357,0.06718985831992287,0.09135766969208747,1.6581096207130668,119.19436161562045,0,1,0,1,1,0,0,1,0,1,0,1,0,1
param_20096,real_004,0.740290984649929,0.39088637769826706,0.12427871554293958,0.1377393700390159,1.6157214050804027,341.552808308088,0,1,0,1,0,1,1,1,0,0,0,1,1,1
param_20096,real_005,0.7626478351422414,0.4187796634214571,0.1935790609432846,0.19282834522648373,1.8840842948254866,77.32485219953338,0,1,0,1,0,1,0,1,0,1,0,1,1,1
param_20097,real_001,0.7038099629395141,0.3692398386069148,0.06294217417508491,0.0823684428823755,2.1540020674139084,343.83944487616105,0,1,0,1,0,1,0,1,0,0,0,1,1,1
param_20097,real_002,0.7229981081418786,0.46826802542872087,0.14067529097782241,0.14125014099773864,2.3451358902717807,206.27410673865526,0,0,0,1,1,1,0,1,0,1,0,1,1,1
param_20097,real_003,0.684976569627232,0.40074251379883835,0.07141209896745535,0.09943882868947415,1.432560873215785,120.34039319613997,0,1,0,1,1,0,0,1,0,1,0,1,1,1
param_20097,real_004,0.7536384706193594,0.4263397704173343,0.1380140003530705,0.1544266638397146,1.3190705328873227,339.76490069075146,0,1,0,1,0,1,1,1,0,0,0,1,1,1
param_20097,real_005,0.7734078974387039,0.4497418819669736,0.2074186261340049,0.20994133956301098,1.5552914068357624,80.69118347649997,0,1,0,1,1,1,0,1,0,1,0,1,1,1
param_20098,real_001,0.7030141905337507,0.3872803796522826,0.06619309453152854,0.08653942762298225,2.126499367101324,339.13009299286944,0,1,0,1,0,1,0,1,0,0,0,1,1,1
param_20098,real_002,0.7237738759167148,0.4852653909704436,0.14590249312662637,0.14833831818699758,2.2896537942748663,206.69348533325626,0,0,0,1,1,1,0,1,0,1,0,1,1,1
param_20098,real_003,0.684313064192362,0.41865585158361057,0.07412688297968476,0.10395387969841073,1.3916754721965394,120.62146921076739,0,1,0,1,1,0,0,1,0,1,0,1,1,1
param_20098,real_004,0.7523487303512846,0.44276344521959854,0.1387648454607135,0.1568759249411408,1.3034540350378452,342.39120110479945,0,1,0,1,0,1,1,1,0,0,0,1,1,1
param_20098,real_005,0.7739589315459728,0.456354455606413,0.2138896120288758,0.22022021284680407,1.4976048332320453,75.59254055531571,0,1,0,1,1,1,0,1,0,1,0,1,1,1
param_20099,real_001,0.7397550408029173,0.4642690420754447,0.09311069601363979,0.12718559805060925,1.0944465381716377,348.7885927002955,1,1,1,1,1,1,0,1,0,0,0,1,1,1
param_20099,real_002,0.766189857929972,0.5804710581707412,0.19448147611560318,0.21136050152235375,0.8957262742727181,184.55829595399484,1,0,0,1,1,1,0,1,1,1,0,1,1,1
param_20099,real_003,0.71937302554784,0.486027009539717,0.0862485856075195,0.13022000153215715,0.825409226659274,121.13799909827034,1,1,1,1,1,0,0,1,0,1,0,1,1,1
param_20099,real_004,0.7909270853222482,0.527665989472986,0.1787756906982542,0.21073984167750967,0.6438180734654545,337.8620365912692,1,1,1,1,1,1,1,1,0,0,0,1,1,1
param_20099,real_005,0.8211560790168586,0.5495942438324956,0.2775023229475571,0.2977944335844284,0.7469213747233926,90.16672836035261,1,1,1,1,1,1,1,1,0,1,0,1,1,1
param_20100,real_001,0.7668709147825161,0.5583506856695832,0.11803344779351997,0.16752178176215538,0.8954285783889789,319.80570731395704,1,1,1,1,1,1,1,1,0,0,0,1,1,1
param_20100,real_002,0.7894963869411714,0.6383843364770054,0.22452739903556287,0.2606559508334368,0.6592710183820287,182.46041086310527,1,0,1,1,1,1,0,1,1,1,0,1,1,1
param_20100,real_003,0.7428666431574861,0.5737275931095625,0.10531363258182591,0.16299274293552343,0.6128956832529812,129.31322685361695,1,1,1,1,1,0,1,1,1,1,0,1,1,1
param_20100,real_004,0.8053443272788899,0.596222232490044,0.18554770657065547,0.22760204735287118,0.49110921972764077,353.5625604320447,1,1,1,1,1,1,1,1,0,0,0,1,1,1
param_20100,real_005,0.8403433385507164,0.6327808387592342,0.2874167111724344,0.32987266369613016,0.5574813857060056,52.81252083103464,1,1,1,1,1,1,1,1,1,1,0,1,1,1
param_20101,real_001,0.7839600052073024,0.6343614980598038,0.1438362293802829,0.20618252849964658,0.01722514937178867,350.0446342028349,1,1,1,1,1,1,1,1,1,0,1,1,1,1
param_20101,real_002,0.7853031175931914,0.6728434168421604,0.2109108466193608,0.2641867228798569,0.14904532678577198,125.47214044339051,1,0,1,1,1,1,1,1,1,1,1,1,1,1
param_20101,real_003,0.775136956269775,0.6460820267479457,0.13550062895426346,0.2103787686158049,0.13166050244870312,115.1153766084771,1,1,1,1,1,0,1,1,1,1,1,1,1,1
param_20101,real_004,0.8437012878923379,0.696924751993986,0.23527106070608383,0.2967584055370797,0.22518392789906827,326.21787887558196,1,1,1,1,1,1,1,1,1,0,1,1,1,1
param_20101,real_005,0.8813069986042571,0.7320214122658634,0.3231134777056802,0.3998476807318341,0.1708294020258843,110.79758108865413,1,1,1,1,1,1,1,1,1,1,1,1,1,1
param_20102,real_001,0.6898456327812417,0.3832418696864028,0.1056475488937499,0.11982499441785928,1.6675844579295354,206.26249699324094,0,1,0,1,1,1,0,1,0,1,0,1,0,1
param_20102,real_002,0.7236143248130331,0.4508525847489171,0.1888296333752017,0.19740521654306498,2.1532152390196555,159.69637175063787,0,1,0,1,0,1,0,1,0,1,0,1,1,1
param_20102,real_003,0.7105543576463991,0.3999537902970251,0.06650031334594629,0.09164842722699991,1.1814335322477327,275.8103025006698,1,0,0,1,1,0,0,0,1,0,0,1,1,1
param_20102,real_004,0.712133835769543,0.48372796524018274,0.14210280736913986,0.15710508626743655,1.6722618782065581,234.11427618701285,0,1,0,1,1,1,0,1,0,1,0,1,1,1
param_20102,real_005,0.7196391265156293,0.3925664700180297,0.13891213502478203,0.15474061894329527,1.4638015246268317,403.8443174507748,0,1,0,1,0,1,0,1,0,0,0,1,1,1
param_20103,real_001,0.7014837595647238,0.4066864513400857,0.11532684879017065,0.13468867807524715,1.3397521448999046,213.75354497696347,0,1,0,1,1,1,1,1,0,1,0,1,0,1
param_20103,real_002,0.7329906368740408,0.4899919460137561,0.20225023416118654,0.21188449891795189,1.8158100026003294,151.3195406465512,0,1,0,1,0,1,0,1,0,1,0,1,1,1
param_20103,real_003,0.7178099802568978,0.4233074506935219,0.07179160421551303,0.09867972619846384,0.9390883481179573,278.3912727273772,1,0,0,1,1,0,0,0,1,0,0,1,1,1
param_20103,real_004,0.720978571591313,0.5118051485518962,0.15087396622425842,0.16875250777021122,1.4310790928922936,221.00168940420534,0,1,0,1,1,1,0,1,0,1,0,1,1,1
param_20103,real_005,0.7275261971997316,0.4205618829901843,0.15201761615653933,0.17037406906777228,1.21957438059011,403.5983704693267,0,1,0,1,0,1,0,1,0,0,0,1,1,1
param_20104,real_001,0.7030671058708012,0.4232937698057764,0.12051319916907312,0.14176400224953398,1.3070198799993733,210.3503642052627,0,1,0,1,1,1,1,1,0,1,0,1,0,1
param_20104,real_002,0.7347935701250056,0.525733938545941,0.2061657334536019,0.2193428250551313,1.7842557476805725,152.0408287153372,0,1,0,1,0,1,0,1,0,1,0,1,1,1
param_20104,real_003,0.7190473166481417,0.44003963068406454,0.07689202293295194,0.10516255489699362,0.9017855830700272,274.18140348625514,1,0,0,1,1,0,0,0,1,0,0,1,1,1
param_20104,real_004,0.7227305943919385,0.5233634206889275,0.1558163620920216,0.17603424878210006,1.3987885664703232,223.06707450957407,0,1,0,1,1,1,0,1,0,1,0,1,1,1
param_20104,real_005,0.7278782491381582,0.42512434054852205,0.15488723999942844,0.17533185845133542,1.196943178117877,402.8400186458325,0,1,0,1,0,1,0,1,0,0,0,1,1,1
param_20105,real_001,0.7382552219536112,0.48449892754472906,0.1449675231656104,0.17828156436477854,0.7517039574635122,226.71783784520443,1,1,1,1,1,1,1,1,1,1,1,1,0,1
param_20105,real_002,0.7709043417785214,0.6122437819283674,0.23528815464936542,0.2572085073833125,1.1253168904662991,133.94675641776735,1,1,0,1,1,1,0,1,0,1,0,1,1,1
param_20105,real_003,0.7351322349428274,0.5011525788266386,0.0872012611912457,0.11927533925329238,0.4636814007148351,280.85544708339296,1,0,1,1,1,0,0,0,1,0,0,1,1,1
param_20105,real_004,0.7516300455690762,0.5907123935192132,0.17898502799134314,0.2095658968275947,0.8634407487102377,192.08841824843446,0,1,0,1,1,1,1,1,1,1,0,1,1,1
param_20105,real_005,0.7626703910784517,0.5198570825606399,0.19260907249667925,0.23199408114392683,0.5844096753361122,419.8899877227766,1,1,1,1,1,1,0,1,0,0,0,1,1,1
param_20106,real_001,0.7871966494359978,0.6003866833036533,0.18921563234575248,0.24232645201614922,0.48586419130259306,205.61247190744976,1,1,1,1,1,1,1,1,1,1,1,1,1,1
param_20106,real_002,0.8026303044785975,0.6713264389906933,0.24947923136045144,0.28944742908047993,0.8226754379812885,132.38011490628946,1,1,0,1,1,1,1,1,0,1,0,1,1,1
param_20106,real_003,0.7584199995974181,0.5787021096699183,0.11657555839664184,0.16194352529171924,0.2866460522783539,263.2310635331055,1,0,1,1,1,0,0,0,1,0,0,1,1,1
param_20106,real_004,0.7962940626198004,0.6589400586155771,0.21932013203522627,0.2652238720497024,0.6284947211019983,199.27422632312343,1,1,0,1,1,1,1,1,1,1,1,1,1,1
param_20106,real_005,0.7907561283228559,0.5894986020438495,0.22662263252271128,0.2814869525348858,0.3842809879202893,418.4285250696264,1,1,1,1,1,1,0,1,0,0,0,1,1,1
param_20107,real_001,0.8102461503744975,0.6669368590706134,0.23310774912893584,0.2913026790699443,0.06096005713411212,223.55300919056347,1,1,1,1,1,1,1,1,1,1,1,1,1,1
param_20107,real_002,0.799756752645619,0.68682520474331,0.22854398056921435,0.28458810033053894,0.07706949820661245,169.35149092880323,1,1,1,1,1,1,1,1,1,1,1,1,1,1
param_20107,real_003,0.7588565583792076,0.6350903968227016,0.12014104976187244,0.17849617074693808,0.17817519036218032,293.99820920814443,1,0,1,1,1,0,1,0,1,0,1,1,1,1
param_20107,real_004,0.8095635941149021,0.6976335212877697,0.22597422493674948,0.2821377963169821,0.0074292460972292225,175.11576698961252,1,1,1,1,1,1,1,1,1,1,1,1,1,1
param_20107,real_005,0.8199321007747205,0.6777873412539034,0.2528024480145476,0.3182310114326711,0.28068527106988644,477.0923437718989,1,1,1,1,1,1,1,1,1,0,1,1,1,1
param_20108,real_001,0.71031075220625,0.3533232477775377,0.06639751079189184,0.08061550217409294,2.5194598704979607,413.073406817607,0,1,0,1,0,1,0,1,0,1,0,1,0,1
param_20108,real_002,0.7489532947496539,0.4339875636637027,0.05755866619241959,0.08505941381655518,1.7233524485709084,181.75196577574343,0,0,0,0,0,1,0,0,0,1,0,0,0,1
param_20108,real_003,0.7800371734427684,0.40897082421904285,0.06336979533744365,0.07841057157179518,2.0455445990364267,260.171725893265,1,0,0,1,1,1,0,1,0,0,0,1,0,1
param_20108,real_004,0.8083568201611593,0.4705616459743613,0.1350919477549851,0.13962097767033188,1.8823982629403937,8.978058676912626,0,1,0,1,0,1,0,1,0,0,0,1,1,1
param_20108,real_005,0.7582765966909477,0.392224128612819,0.10040711184016513,0.1157119294188901,1.6768899901818692,395.10784889442056,0,1,0,1,0,1,0,1,0,0,0,1,1,1
param_20109,real_001,0.713962116276487,0.36438713623785174,0.07042567897959892,0.08692889949429393,2.2533282211855923,413.60904855095066,0,1,0,1,0,1,0,1,0,1,0,1,0,1
param_20109,real_002,0.7527657208605737,0.44887592687744854,0.0592501961728149,0.08941505531888837,1.555738265066416,182.72624400470812,0,0,0,0,0,1,0,0,0,1,0,0,0,1
param_20109,real_003,0.7846949081290312,0.4220554026378198,0.0659647709003293,0.08320282112761362,1.8562349562940754,259.96140224338995,1,0,0,1,1,1,0,1,0,0,0,1,0,1
param_20109,real_004,0.8144983352874904,0.491765570495889,0.1413950458750762,0.14830823665301873,1.6775977617281541,8.065050041154432,0,1,0,1,0,1,0,1,0,0,0,1,1,1
param_20109,real_005,0.7626685862345657,0.4075698759249681,0.10617977862395259,0.12458410679378758,1.4625706974043569,396.4177568133398,0,1,0,1,0,1,0,1,0,0,0,1,1,1
param_20110,real_001,0.71359207697644,0.3884806020400481,0.07373956848052772,0.09290854005271341,2.142351609916675,408.30131183100156,0,1,0,1,0,1,0,1,0,1,0,1,0,1
param_20110,real_002,0.75192809898137,0.4751404249580324,0.06130577189794149,0.09275579537307703,1.4649337809725855,178.60542683214047,0,0,0,0,0,1,0,0,0,1,0,0,0,1
param_20110,real_003,0.7842063936238063,0.44219254197726954,0.07028236502278352,0.08943455949247202,1.7542909498116666,265.0458700231778,1,0,0,1,1,1,0,1,0,0,0,1,0,1
param_20110,real_004,0.8151881519092964,0.5149458987709806,0.14714501081283266,0.15695757507657823,1.5871455814245898,13.42761997464875,0,1,0,1,0,1,0,1,0,0,0,1,1,1
param_20110,real_005,0.7613918789104878,0.420253867603273,0.10853252029086242,0.12808447036044757,1.4157630479726593,391.9648578435636,0,1,0,1,0,1,0,1,0,0,0,1,1,1
param_20111,real_001,0.7472763561835915,0.4540508416762713,0.09408776842100107,0.12775770256937316,1.2393701249193596,413.7402741043545,1,1,1,1,1,1,1,1,0,1,0,1,0,1
param_20111,real_002,0.7714439776047279,0.5409995762221932,0.06706647539465713,0.10812323343859909,0.8171672386042698,188.09341574734944,1,0,1,0,1,1,1,0,0,1,0,0,0,1
param_20111,real_003,0.8089736041668236,0.5000029352920725,0.08433269116657012,0.11523182221606844,1.0056487961095955,262.42419142407283,1,0,1,1,1,1,0,1,0,0,0,1,0,1
param_20111,real_004,0.8553547290810191,0.6120747791281728,0.17743558842361487,0.20242971495378878,0.8604539015642424,5.20581621151511,1,1,1,1,1,1,1,1,0,0,0,1,1,1
param_20111,real_005,0.7961372293584429,0.5047935862464851,0.13689232229739093,0.17487806151844154,0.6887433821469127,403.9175591786958,1,1,1,1,1,1,1,1,0,0,0,1,1,1
param_20112,real_001,0.7666945506222451,0.5394912246405777,0.11824375158326621,0.16497417189634192,0.8808911000825093,370.06423278037505,1,1,1,1,1,1,1,1,0,1,0,1,1,1
param_20112,real_002,0.7838696728351853,0.5840672700938475,0.0895128770954232,0.14230658487527673,0.5099041130456725,154.44482511706371,1,0,1,0,1,1,1,0,0,1,0,0,1,1
param_20112,real_003,0.8220742584694363,0.5852876529484649,0.11202065302472612,0.15906591491725108,0.6560812878741507,304.3352839485282,1,0,1,1,1,1,1,1,0,0,0,1,1,1
param_20112,real_004,0.8731081204340282,0.6715146140549922,0.20423597485239797,0.2453142263614216,0.5927751257902206,48.86602237597892,1,1,1,1,1,1,1,1,0,0,0,1,1,1
param_20112,real_005,0.8071239376704262,0.5625472886614181,0.16091712021230425,0.20981365503609914,0.522907717473701,367.32524005935096,1,1,1,1,1,1,1,1,0,0,0,1,1,1
param_20113,real_001,0.7854362763053815,0.6409751714674894,0.1468462645739294,0.20494981277889335,0.08566605205814037,411.8691240792277,1,1,1,1,1,1,1,1,1,1,1,1,1,1
param_20113,real_002,0.7510896775483394,0.6226740323935168,0.08417066414898496,0.1370894762315923,0.2552152049986309,207.99931715282668,1,0,1,0,1,1,1,0,1,1,1,0,1,1
param_20113,real_003,0.8100000541689001,0.6433383694633791,0.1141243489154462,0.16445244252055707,0.17003392825370725,272.98609914057516,1,0,1,1,1,1,1,1,1,0,1,1,1,1
param_20113,real_004,0.8413156056385573,0.6964925129798584,0.16457780292768182,0.20699290896297243,0.24303775736691724,10.908502417281863,1,1,1,1,1,1,1,1,1,0,1,1,1,1
param_20113,real_005,0.818386230443026,0.6610807656046879,0.18627445299410414,0.24074932057846013,0.2894999720793443,431.1035531801994,1,1,1,1,1,1,1,1,1,0,1,1,1,1
param_20114,real_001,0.6911463237476565,0.3604414239998021,0.06217237583524755,0.08022895732003436,2.268041237113402,297.6399561321229,0,1,1,1,0,1,1,1,0,1,0,1,0,1
param_20114,real_002,0.7360924021748576,0.4570623750997938,0.06293413514032263,0.09124136181048213,1.5688118181432271,91.44908725332421,1,0,1,0,0,1,0,0,0,1,0,0,0,1
param_20114,real_003,0.7603888118303046,0.4387352241774808,0.059504401583939354,0.08123124748492064,1.763365503984622,401.7058571093691,1,1,0,1,1,1,0,0,0,0,0,1,0,1
param_20114,real_004,0.7902187979458754,0.46555885942002134,0.14638322678459803,0.14787695774768664,1.741166483113069,54.60777334029031,0,1,0,1,0,1,0,1,0,0,0,1,1,1
param_20114,real_005,0.7516517458806935,0.42595808358220694,0.11191226208613336,0.12810190231941634,1.5459944220042316,349.79809313471173,0,1,0,0,0,1,0,1,0,0,0,1,1,1
param_20115,real_001,0.696840044646699,0.3767750930331518,0.0672755567755787,0.08820906285000069,1.9716854792423952,298.199245515486,0,1,1,1,1,1,1,1,0,1,0,1,0,1
param_20115,real_002,0.7398836105157381,0.46881387478230274,0.06447456480594844,0.09486455000086078,1.4178320281284962,92.34988442226543,1,0,1,0,0,1,0,0,0,1,0,0,0,1
param_20115,real_003,0.7651098256531467,0.4497881383788642,0.06151650971647557,0.08644026099509164,1.5450052556844376,403.1635578427984,1,1,0,1,1,1,0,0,0,0,0,1,0,1
param_20115,real_004,0.7962838842403608,0.48564437663096277,0.15502522799266383,0.15893689557454863,1.5112666582587126,57.84881152096344,0,1,0,1,0,1,0,1,0,0,0,1,1,1
param_20115,real_005,0.757911953444936,0.4456789673418974,0.12129100740069104,0.14113198549085046,1.2463512940178192,350.806347110466,1,1,0,0,0,1,0,1,0,0,0,1,1,1
param_20116,real_001,0.696494283913039,0.39420610504715287,0.07031651882766289,0.09341048937788438,1.8803219106957425,292.9186235542482,0,1,1,1,1,1,1,1,0,1,0,1,0,1
param_20116,real_002,0.7397993338684951,0.49127388769696784,0.06810382715519361,0.10066577544267057,1.2697385694460073,92.6084649323698,1,0,1,0,0,1,0,0,0,1,0,0,0,1
param_20116,real_003,0.7653341665366343,0.4668882621985278,0.06546776253073089,0.09242317011517585,1.4383469672609057,399.171252574984,1,1,0,1,1,1,0,0,0,0,0,1,0,1
param_20116,real_004,0.7974877566577913,0.5096220027869068,0.16071340999940756,0.16649423643939734,1.4577453198930261,53.03438169760188,0,1,0,1,0,1,0,1,0,0,0,1,1,1
param_20116,real_005,0.7570545307535432,0.45775185456209433,0.12367726548758708,0.14451659579165255,1.215705557415467,348.7367338592142,1,1,0,0,0,1,0,1,0,0,0,1,1,1
param_20117,real_001,0.7321324577835421,0.46939997524796107,0.09438719330434847,0.13424106034961603,0.9741491065300831,297.8767528087449,0,1,1,1,1,1,1,1,0,1,1,1,0,1
param_20117,real_002,0.7524990359952871,0.5460246608011289,0.0718393356744933,0.11224008166206755,0.7797303060159111,102.36589591421072,1,0,1,0,1,1,1,0,0,1,0,0,0,1
param_20117,real_003,0.77366283851548,0.4902331301514558,0.07416907478822778,0.10790620292477453,0.7818979987088445,409.0878640395629,1,1,1,1,1,1,0,0,1,0,0,1,0,1
param_20117,real_004,0.8366437546839015,0.595831740399595,0.19600005547493068,0.2162430104990452,0.726259969945671,75.56956694695734,1,1,0,1,1,1,1,1,0,0,0,1,1,1
param_20117,real_005,0.7808030416986226,0.5246688413031663,0.15312185410377488,0.1907818150092211,0.5232676899175741,359.53121810758097,1,1,0,0,1,1,0,1,0,0,0,1,1,1
param_20118,real_001,0.755676769253141,0.5496020251344425,0.12159875135871413,0.17472410261874,0.7004762165416827,256.98939359307104,1,1,1,1,1,1,1,1,0,1,1,1,1,1
param_20118,real_002,0.768481501708736,0.5971671425365842,0.09512498661731454,0.148002940978846,0.4693805696525265,98.84061811503784,1,0,1,0,1,1,1,0,0,1,0,0,1,1
param_20118,real_003,0.7936588066029229,0.5890327701775664,0.10206453661402312,0.1496918533823101,0.44583665088211877,376.91651304047133,1,1,1,1,1,1,0,0,1,0,0,1,1,1
param_20118,real_004,0.8600298014076572,0.6666176398904834,0.22999202219466455,0.26468331784469606,0.5336850753549514,39.9062934196686,1,1,0,1,1,1,1,1,0,0,0,1,1,1
param_20118,real_005,0.7979888096388037,0.5889184002942109,0.17625141395419017,0.22652479036215112,0.4129616780529462,342.43824033718465,1,1,0,0,1,1,0,1,0,0,0,1,1,1
param_20119,real_001,0.7827926043435046,0.6357372677098125,0.16151807114318079,0.22353875314721477,0.0688263963407689,288.2021550535602,1,1,1,1,1,1,1,1,1,1,1,1,1,1
param_20119,real_002,0.7396490488667509,0.6090975799170116,0.0849707548728826,0.13699373204338605,0.1949994678869792,140.38792940301144,1,0,1,0,1,1,1,0,1,1,1,0,1,1
param_20119,real_004,0.845511961413489,0.70012072588931,0.1998232351960793,0.24752038288297837,0.2451109861433184,115.96523644792612,1,1,1,1,1,1,1,1,1,0,1,1,1,1
param_20119,real_005,0.8106878585984856,0.6566288151587966,0.19475637196770268,0.24995093697396686,0.28278641335636157,406.38576716190596,1,1,1,0,1,1,1,1,1,0,1,1,1,1
param_20120,real_001,0.6961563361603562,0.41135107964967815,0.06118652268564352,0.07360058730885675,4.092974423284435,285.3223903572614,0,1,0,1,0,1,0,1,0,1,0,1,1,1
param_20120,real_002,0.7465804743819393,0.48940993401417565,0.09144836411221056,0.10777027841633205,2.273268398268398,315.90906516303056,1,1,0,1,1,1,1,1,1,1,0,1,0,1
param_20120,real_003,0.7063260611016077,0.3396107832976918,0.03692288742406666,0.05204113389931285,2.175998179956774,33.64211059998502,1,1,0,0,0,1,0,1,0,1,0,1,0,1
param_20120,real_004,0.6680863723921822,0.32163475299242456,0.0512706382202103,0.07074128542106377,2.187369336176026,304.57843051593505,1,0,0,1,1,1,0,1,0,0,0,1,0,1
param_20120,real_005,0.7966980288470967,0.45640632142274823,0.2775438370072532,0.2859247398374714,1.197693641385428,399.00378781380505,0,1,1,1,0,0,1,1,0,1,0,1,1,1
param_20121,real_001,0.7008890296502653,0.4208100869578836,0.06633512922354169,0.08124878843634878,3.4732959348343964,287.157923373242,0,1,1,1,0,1,0,1,0,1,0,1,1,1
param_20121,real_002,0.7537713410930561,0.5048740164527772,0.0968514514678139,0.11618065312307108,1.979705099996716,317.179385380255,1,1,1,1,1,1,1,1,1,1,0,1,0,1
param_20121,real_003,0.70979286006964,0.3480986848877708,0.039666758250226364,0.0565694333588794,1.9251126244106862,31.184802492608817,1,1,0,0,0,1,0,1,0,1,0,1,0,1
param_20121,real_004,0.673787245384885,0.33513454754888705,0.055845012666661885,0.07816285147282512,1.8904343582235237,305.8427721859399,1,0,0,1,1,1,0,1,0,0,0,1,0,1
param_20121,real_005,0.8045496707725693,0.4797334051134682,0.28632892535299004,0.2988234633163137,1.0415386920368568,399.6422606700339,0,1,1,1,0,0,1,1,0,1,0,1,1,1
param_20122,real_001,0.6991212601763844,0.4301337224823722,0.06690872422889403,0.08278993272376185,3.417174655368661,289.3968276380505,0,1,1,1,0,1,0,1,0,1,0,1,1,1
param_20122,real_002,0.7537682227500485,0.5260623042355176,0.09901377727999922,0.12080036193433305,1.9452721784010127,317.7424002087449,1,1,1,1,1,1,1,1,1,1,0,1,0,1
param_20122,real_003,0.7085622542265313,0.3626402362386327,0.042775436210016456,0.06093222408219803,1.8261600129565148,35.48830325866316,1,1,0,0,0,1,0,1,0,1,0,1,0,1
param_20122,real_004,0.6736390419990594,0.35020987740642967,0.05968459119980169,0.08309885276979384,1.8319080459770114,302.2535515349311,1,0,0,1,1,1,0,1,0,0,0,1,0,1
param_20122,real_005,0.8080545610737708,0.503199390835423,0.29699062004580223,0.31672079250635404,0.9823604291689398,394.2764221914129,0,1,1,1,0,0,1,1,0,1,0,1,1,1
param_20123,real_001,0.731315018882083,0.4957555742510818,0.09325840926494139,0.12003995491689178,1.8119444802267164,283.40733242950034,0,1,1,1,0,1,1,1,0,1,0,1,1,1
param_20123,real_002,0.7853671567261408,0.5916139235196367,0.11511976761203872,0.14970472017340283,1.1110736264119776,327.5857592058904,1,1,1,1,1,1,1,1,1,1,0,1,0,1
param_20123,real_003,0.7287524343234449,0.4112351094110207,0.0534171009238071,0.08119428181592422,1.0347923681257014,20.66531481286382,1,1,1,0,1,1,0,1,0,1,0,1,0,1
param_20123,real_004,0.6992107553030891,0.4149427673638593,0.0797782400993476,0.11380616506982413,1.076052957989538,305.6097994279822,1,0,0,1,1,1,1,1,0,0,0,1,1,1
param_20123,real_005,0.8503145216144523,0.6083830536494138,0.3404851606820704,0.3773384759507824,0.4602421904302631,401.6895354728756,1,1,1,1,0,0,1,1,0,1,1,1,1,1
param_20124,real_001,0.7407056968131529,0.5481046103543228,0.10283490833461326,0.13855923538082887,1.4559185452908996,303.0814379058944,1,1,1,1,0,1,1,1,0,1,0,1,1,1
param_20124,real_002,0.8050358193072554,0.6513091023034938,0.12608209449781163,0.17528883642925333,0.8128327822342987,331.6314401603498,1,1,1,1,1,1,1,1,1,1,0,1,1,1
param_20124,real_003,0.7466852546259422,0.5084815501755244,0.08572221302460123,0.12527114748160073,0.6945364941796245,54.6765294087556,1,1,1,0,1,1,1,1,0,1,0,1,1,1
param_20124,real_004,0.7261800129209022,0.5108510274318944,0.11248261897910593,0.159397564463113,0.845679012345679,282.4773448785927,1,0,1,1,1,1,1,1,0,0,0,1,1,1
param_20124,real_005,0.8853265031836358,0.6897983762964647,0.37514668113086247,0.4338393925640755,0.20314776389563374,361.15829985035754,1,1,1,1,0,0,1,1,0,1,1,1,1,1
param_20125,real_001,0.8005199775530625,0.6655838275810539,0.1611352710417695,0.2255321704226615,0.23415547703180212,242.9961343024924,1,1,1,1,1,1,1,1,1,1,1,1,1,1
param_20125,real_002,0.8035781257486764,0.6878100496123426,0.1309669150951863,0.19575519816869807,0.07625791758593695,375.37476014528363,1,1,1,1,1,1,1,1,1,1,1,1,0,1
param_20125,real_003,0.762326403398474,0.5737424447558671,0.09854998439856473,0.15450225998211084,0.019593935009937426,7.306424092274418,1,1,1,0,1,1,1,1,1,1,0,1,0,1
param_20125,real_004,0.7520123584945231,0.5935332759744857,0.14288016655587196,0.20826178929315273,0.02023351255050425,299.45366851021026,1,0,1,1,1,1,1,1,1,0,1,1,1,1
param_20125,real_005,0.8716056974350369,0.7302143604758515,0.3401842774260342,0.40490122463707534,0.270240597678373,413.0863547248089,1,1,1,1,1,0,1,1,1,1,1,1,1,1
param_20126,real_001,0.7595995315680881,0.3766252879880376,0.03559856361310319,0.05262294693393379,3.072135524559223,374.136494803002,0,1,0,1,0,1,0,1,0,1,0,1,0,1
param_20126,real_002,0.7455329611410277,0.35317732428705234,0.05427138967729743,0.07529689586964378,1.54593705450159,184.4977036472908,0,0,0,1,0,1,0,1,0,0,0,1,1,1
param_20126,real_003,0.7402783208799941,0.31464270541779343,0.04799917894475954,0.06644313949612757,1.9832660533233195,385.2476008583998,0,0,0,0,0,1,0,1,0,0,0,0,0,1
param_20126,real_004,0.7382682762581415,0.31888814785980407,0.03197300827542629,0.0453714937667337,1.7764150309975157,212.2601078191949,0,1,0,0,0,1,0,1,0,1,0,1,0,1
param_20127,real_001,0.7630060147514817,0.38372244475935324,0.03814937892519945,0.05698452668387697,2.7875018732204406,373.27340961238116,0,1,0,1,0,1,0,1,0,1,0,1,0,1
param_20127,real_002,0.7500069278261274,0.3662910944036028,0.05720731369264207,0.0806916777271128,1.3554166751212386,183.99564440455902,0,0,0,1,0,1,0,1,0,0,0,1,1,1
param_20127,real_003,0.74424388150327,0.33461438970323437,0.051220183226972915,0.0725362092046591,1.7190681954308207,385.63173303713796,0,0,0,0,0,1,0,1,0,0,0,0,0,1
param_20127,real_004,0.7397798200940781,0.32575996425026277,0.03357912492635471,0.04870065177895891,1.5834686992377858,211.0974667614931,0,1,0,0,1,1,0,1,0,1,0,1,0,1
param_20127,real_005,0.8008326371334171,0.48692254703956117,0.240431434719336,0.24670355739768052,1.2300722341908503,346.6934355962067,0,1,0,1,0,0,0,1,0,0,0,1,0,1
param_20128,real_001,0.7600208992240765,0.39891165797347183,0.0396563129805793,0.059608807815437065,2.654953000723066,377.76473135363403,0,1,0,1,0,1,0,1,0,1,0,1,0,1
param_20128,real_002,0.7503709949176885,0.38792238373139326,0.06253412718818768,0.08755617044497663,1.2755822159491885,188.79068882570647,0,0,0,1,0,1,0,1,0,0,0,1,1,1
param_20128,real_003,0.7442149812892436,0.3529435963227371,0.05628492405558376,0.0785931743677617,1.6290849673202614,380.0559262575561,0,0,0,0,0,1,0,1,0,0,0,0,0,1
param_20128,real_004,0.7386148837354288,0.34693138385192895,0.037413650099688466,0.05382939820259575,1.4970410628019324,216.1704102949869,0,1,0,0,1,1,0,1,0,1,0,1,0,1
param_20128,real_005,0.8027079875528027,0.5158081639800939,0.2505650875603393,0.25941075722193857,1.173783249608828,341.1110889920785,0,1,0,1,0,0,0,1,0,0,0,1,0,1
param_20129,real_001,0.7882757621591026,0.4556528498612345,0.05515683315655231,0.08595830610045821,1.6657123915139826,370.2317840340783,1,1,1,1,1,1,1,1,0,1,0,1,0,1
param_20129,real_002,0.7797178936934256,0.4579682810449157,0.07629001612480117,0.11302575147206984,0.6436622111463525,182.388621080711,1,0,1,1,1,1,1,1,0,0,0,1,0,1
param_20129,real_003,0.7649131213480466,0.43634832305715093,0.06332437778033714,0.09936777406859344,0.8797006935510108,384.2693296158167,1,0,1,0,1,1,1,1,0,0,0,0,0,1
param_20129,real_004,0.7555858040046851,0.4037654895935572,0.04598599027124504,0.07099065495302086,0.8161893886156009,206.54397689917005,1,1,1,0,1,1,1,1,0,1,0,1,0,1
param_20129,real_005,0.8430197110822106,0.6053660725206398,0.2865359981886032,0.31544610415598967,0.5275828643354216,347.06950054281776,1,1,1,1,1,0,1,1,0,0,0,1,0,1
param_20130,real_001,0.7872284121403346,0.520329693983556,0.06661039161836974,0.10739516318432914,1.2067855806411376,408.2385822001376,1,1,1,1,1,1,1,1,0,1,0,1,1,1
param_20130,real_002,0.8092784894951486,0.5692828551479875,0.1271790270265605,0.17966852840404354,0.37728842115254557,222.11553460638322,1,0,1,1,1,1,1,1,0,0,0,1,1,1
param_20130,real_003,0.788353550406831,0.5283883104944528,0.1047759228310901,0.15294241214315904,0.5974538462505184,337.45682037617837,1,0,1,0,1,1,1,1,0,0,0,0,1,1
param_20130,real_004,0.7771119474723192,0.5148660567468388,0.08355438509726819,0.12087410327457533,0.5291587057010786,249.50688119534988,1,1,1,0,1,1,1,1,0,1,0,1,1,1
param_20130,real_005,0.8733059901322084,0.6815700285627528,0.33262503905561147,0.3808166478939367,0.30860754787135153,301.5337151059952,1,1,1,1,1,0,1,1,0,0,0,1,1,1
param_20131,real_001,0.8309307916569848,0.6504739629925386,0.12030165649910188,0.18321887750380014,0.07658885670471971,357.8592474996591,1,1,1,1,1,1,1,1,1,1,1,1,1,1
param_20131,real_002,0.7757544316825853,0.6094814242010497,0.12853033503715325,0.17956143630322685,0.30902748842248123,171.89024781836258,1,0,1,1,1,1,1,1,1,0,1,1,1,1
param_20131,real_003,0.759168943716911,0.5928215786694612,0.09348426241630392,0.1431827239383896,0.2124522152898681,377.35369713749844,1,0,1,0,1,1,1,1,1,0,1,0,1,1
param_20131,real_004,0.7677936861909856,0.5931912717954329,0.09526255339722203,0.14161888723750748,0.23760562947484867,191.81432431300038,1,1,1,0,1,1,1,1,1,1,1,1,1,1
param_20131,real_005,0.8519351454229223,0.7187582132966887,0.29866093947366257,0.3459967126944361,0.3677355609449385,345.3681465055555,1,1,1,1,1,0,1,1,1,0,1,1,1,1
param_20132,real_002,0.7332639732830473,0.40756533225982094,0.06193084689068921,0.08958020479971625,1.6665038520459137,125.2862966607477,0,0,0,0,0,1,0,0,0,1,0,0,1,1
param_20132,real_003,0.7646141429238642,0.4305699107560928,0.06686659212771186,0.0884374005893876,1.7875377326429842,361.0637253823405,1,0,0,1,1,1,0,1,0,0,0,1,0,1
param_20132,real_004,0.7833368160010132,0.459863451997422,0.12341279131150032,0.1275912172492436,2.09495105367218,114.18230301881165,0,1,0,1,0,1,0,1,0,1,0,1,1,1
param_20132,real_005,0.7493607497497651,0.43106815472642346,0.12051181446898346,0.13679629763344153,1.6079710144927537,289.30838324883604,0,1,0,0,0,1,0,1,0,0,0,1,1,1
param_20133,real_001,0.7224127612899086,0.37550170284810436,0.08332392384417159,0.10329376661678324,1.8554649770119382,107.14282938590665,0,1,1,1,1,1,1,1,0,1,0,1,0,1
param_20133,real_002,0.738078550376687,0.42868175339656006,0.06528542049969258,0.0958476205144461,1.4520120046548661,126.96654832279606,0,0,0,0,0,1,0,0,0,1,0,0,1,1
param_20133,real_003,0.7715543079046817,0.445224460655807,0.0693697345356248,0.09380739940407114,1.516940127434523,362.7701107269099,1,0,0,1,1,1,0,1,0,0,0,1,0,1
param_20133,real_004,0.7898863810673881,0.48423649035560545,0.13183992270167083,0.13902449182204954,1.8066646258800891,116.0684979829334,0,1,0,1,0,1,0,1,0,1,0,1,1,1
param_20133,real_005,0.7568461091859655,0.45068490149435386,0.1326039652035778,0.15361952793103542,1.2553048964950948,286.8032687253441,0,1,0,0,0,1,0,1,0,0,0,1,1,1
param_20134,real_001,0.7232434142464682,0.39731257169509576,0.08684704744870628,0.10945443496149299,1.7744805450757362,102.03785569971672,0,1,1,1,1,1,1,1,0,1,0,1,0,1
param_20134,real_002,0.7373521020005114,0.44561213574478437,0.06789937582638518,0.09960551245119768,1.4032897106495377,126.5668827368007,0,0,0,0,0,1,0,0,0,1,0,0,1,1
param_20134,real_003,0.7718338118810563,0.4615404684947886,0.07364182663428347,0.0997258608552681,1.4257358569341034,359.02092491355285,1,0,0,1,1,1,0,1,0,0,0,1,0,1
param_20134,real_004,0.7909262651505287,0.5103635938022687,0.1374539959271188,0.14642950125725177,1.762687787869657,115.14707025566375,0,1,0,1,0,1,0,1,0,1,0,1,1,1
param_20134,real_005,0.7561548973176468,0.45888891809371507,0.13459821781014375,0.1569809993097344,1.2395768512756689,286.30178044569567,0,1,0,0,0,1,0,1,0,0,0,1,1,1
param_20135,real_001,0.7634414449130528,0.4799439059593499,0.11619565700560469,0.15732037860381187,0.8679202365607703,107.61696965863516,0,1,1,1,1,1,1,1,0,1,1,1,0,1
param_20135,real_002,0.756613454775297,0.5213532000639769,0.07582836208230793,0.1198801958531383,0.7180745297189042,142.5021419660482,1,0,1,0,1,1,1,0,0,1,0,0,1,1
param_20135,real_003,0.7912742654247772,0.5076141212926479,0.08492647296779157,0.12133454869341763,0.6942395781441746,369.87509309878965,1,0,1,1,1,1,0,1,1,0,0,1,1,1
param_20135,real_004,0.8273676991095691,0.5905426597163362,0.16415629861128814,0.1878716649916063,0.8920153884704392,130.3949190383748,1,1,0,1,1,1,0,1,0,1,0,1,1,1
param_20136,real_001,0.7917843396438795,0.5776276946113523,0.14594392992896732,0.20167517109811894,0.6341023911913948,69.28175070882696,1,1,1,1,1,1,1,1,0,1,1,1,1,1
param_20136,real_002,0.7734872499441849,0.5753904083576977,0.10013023980772574,0.15381028103265412,0.5370301641945764,134.96781402913814,1,0,1,0,1,1,1,0,0,1,0,0,1,1
param_20136,real_003,0.808485294642705,0.5971442693963545,0.11428220592901146,0.16226585147231717,0.45434349544738684,339.9805337812576,1,0,1,1,1,1,0,1,1,0,0,1,1,1
param_20136,real_004,0.8507918280474364,0.6711258117840981,0.1969550587304529,0.23397411105889748,0.7064156762649225,119.5739257598209,1,1,0,1,1,1,1,1,0,1,0,1,1,1
param_20136,real_005,0.8004503202498608,0.5866126526911755,0.18642119505652968,0.23842508691025685,0.3905750373054786,280.1858728073587,1,1,0,0,1,1,0,1,0,0,0,1,1,1
param_20137,real_001,0.8105572198765846,0.6568443640952601,0.18809716569275692,0.2470067618110471,0.1237885227535433,98.7082353628208,1,1,1,1,1,1,1,1,1,1,1,1,1,1
param_20137,real_002,0.7435135161954439,0.6068020563587451,0.08510085176638733,0.1368885823873485,0.22157768862329782,200.4360773319296,1,0,1,0,1,1,1,0,1,1,1,0,1,1
param_20137,real_003,0.8078877089363005,0.6551319604047436,0.137523447713057,0.19289494251645922,0.13597833765010595,395.7933385057664,1,0,1,1,1,1,1,1,1,0,1,1,1,1
param_20137,real_004,0.8255461776216066,0.6823871021754928,0.15343443173956417,0.19945857133818737,0.17848548461420305,189.06195547490518,1,1,1,1,1,1,1,1,1,1,1,1,1,1
param_20137,real_005,0.8201017061376252,0.6655615775562829,0.20712494058097972,0.26844415666171506,0.30200628636394033,334.23148048695396,1,1,1,0,1,1,1,1,1,0,1,1,1,1
param_20138,real_001,0.7048885643784589,0.37291841288010524,0.08051102117293127,0.09716102151214936,2.0947582317326034,103.24855932777311,0,1,0,1,1,1,0,1,0,1,0,1,1,1
param_20138,real_002,0.7264556009714065,0.42738075334732395,0.07126455811820659,0.09620085296863964,1.6987318960022857,147.57699313514973,0,1,0,0,0,1,0,0,0,1,0,0,1,1
param_20138,real_003,0.7552646276429371,0.449922098121909,0.07209514727960888,0.09477204257144284,1.5938607491412682,401.42940927416316,1,1,0,1,1,1,0,1,0,0,0,1,0,1
param_20138,real_004,0.7675559874686995,0.47828036769651056,0.14813056229314261,0.14448160613534616,2.399412517888077,82.80858977206799,0,1,0,1,0,1,0,1,0,1,0,1,1,1
param_20138,real_005,0.7313946472547808,0.4450215721668726,0.12384953227551522,0.13959362655104074,1.7270612367420453,329.89999479384903,0,1,0,0,0,1,0,0,0,0,0,1,1,1
param_20139,real_001,0.7140017820693513,0.3948936693439105,0.08894507752572052,0.10901710638285411,1.6984993672030375,103.43738871503695,0,1,1,1,1,1,1,1,0,1,0,1,1,1
param_20139,real_002,0.7316159825769539,0.448340881783513,0.0757359681113892,0.10299079414855367,1.4757555595878948,145.01342812303884,1,1,0,0,0,1,0,0,0,1,0,0,1,1
param_20139,real_003,0.7614235150543197,0.46408695652859827,0.07394404747490334,0.09956547907929827,1.3422775835754024,404.02971953610125,1,1,0,1,1,1,0,1,0,0,0,1,0,1
param_20139,real_004,0.774209003313889,0.5045627865050596,0.15967542073296762,0.15866930642337426,2.065751935878277,86.39739963830813,0,1,0,1,0,1,0,1,0,1,0,1,1,1
param_20139,real_005,0.7396160662886522,0.4657701047093681,0.14153299177060819,0.1591054049579963,1.3133090014005009,321.504874675496,0,1,0,0,0,1,0,0,0,0,0,1,1,1
param_20140,real_001,0.7153342419044623,0.4123248213590167,0.09268481128239489,0.11544707994565381,1.6576093730524741,101.34217224809734,0,1,1,1,1,1,1,1,0,1,0,1,1,1
param_20140,real_002,0.7310885116356886,0.46415709885298495,0.07824598782572982,0.10663809505189174,1.4273063314159204,146.39916393021832,1,1,0,0,0,1,0,0,0,1,0,0,1,1
param_20140,real_003,0.7630924495764201,0.48278919928426667,0.07875773583318249,0.1061512682018888,1.2685974059003051,400.0271764683561,1,1,0,1,1,1,0,1,0,0,0,1,1,1
param_20140,real_004,0.7758892128512782,0.530779404303961,0.1653311825508733,0.16671558064459557,2.0147618729543786,86.14456177575505,0,1,0,1,0,1,0,1,0,1,0,1,1,1
param_20140,real_005,0.7401740871947965,0.475203635777414,0.14374337554316763,0.1632246125874398,1.2888786243675072,321.49578063290477,0,1,0,0,0,1,0,0,0,0,0,1,1,1
param_20141,real_001,0.754937874276899,0.4883101085503582,0.12497531607392035,0.16756052200639593,0.7473161708753322,106.29135212368195,0,1,1,1,1,1,1,1,1,1,1,1,1,1
param_20141,real_002,0.748923180690759,0.5260085517851444,0.08680556510045365,0.12631049596262903,0.775289508305744,147.1443208249092,1,1,0,0,1,1,1,0,0,1,0,0,1,1
param_20141,real_003,0.7725920500264211,0.5114673982807318,0.08401384021033681,0.1191735528871747,0.6268508702937455,415.9651064806576,1,1,1,1,1,1,0,1,1,0,0,1,1,1
param_20141,real_004,0.809243120436618,0.6027039747922288,0.1882187533922529,0.20286022096657175,1.1408446250415039,111.41376244998358,1,1,0,1,1,1,0,1,0,1,0,1,1,1
param_20142,real_001,0.7911659656673352,0.5927592509874444,0.15939630141759292,0.21804245836260727,0.5375914288657669,85.78217746884735,1,1,1,1,1,1,1,1,1,1,1,1,1,1
param_20142,real_002,0.7661042944051331,0.5764866075718185,0.11042212210790085,0.1610895791903057,0.5664425763161588,148.72963904565302,1,1,0,0,1,1,1,0,0,1,0,0,1,1
param_20142,real_003,0.7959747232678757,0.6068433531212575,0.11880223681295625,0.1652001608257018,0.38102472301514345,385.40656406947727,1,1,1,1,1,1,0,1,1,0,0,1,1,1
param_20142,real_004,0.8382244042306688,0.6846677536375648,0.22657050088583333,0.25520952651280515,0.8714858327574292,105.89676467716728,1,1,0,1,1,1,1,1,0,1,0,1,1,1
param_20142,real_005,0.7909023218136533,0.595990811598263,0.1986277453994802,0.24594118613003643,0.4071430415365155,291.191272365915,1,1,0,0,1,1,0,0,0,0,0,1,1,1
param_20143,real_001,0.8089637460290515,0.6539998733879319,0.2035865474120989,0.2645346245607738,0.09088472666362113,88.20342644317955,1,1,1,1,1,1,1,1,1,1,1,1,1,1
param_20143,real_002,0.7447427802172788,0.5980600520070621,0.09398957596229078,0.14762331453153738,0.15667987555714277,199.4175526675952,1,1,1,0,1,1,1,0,1,1,1,0,1,1
param_20143,real_003,0.7973563691703731,0.6495755261393404,0.13630230074739966,0.19788741959152872,0.08649735016257457,456.1024548128342,1,1,1,1,1,1,1,1,1,0,1,1,1,1
param_20143,real_004,0.8262246579076937,0.687525207099933,0.1837718198378417,0.2327938524989162,0.09319706934194136,215.16306151708292,1,1,1,1,1,1,1,1,1,1,1,1,1,1
param_20143,real_005,0.8145131133864717,0.6689098468355449,0.22134234806744288,0.2836643036684212,0.22960539333465246,276.58610541483745,1,1,1,0,1,1,1,0,1,0,1,1,1,1
param_20144,real_001,0.6996303458618763,0.3314802427312047,0.04123388472886988,0.058265766427888374,2.0718875042871843,234.81381116320946,0,0,0,0,0,1,0,1,0,1,0,1,1,1
param_20144,real_002,0.7284282863295494,0.31125680735437317,0.05927241363825452,0.0781411239625892,1.6925415764499931,581.69543950202,0,1,0,0,0,1,0,0,0,1,0,1,1,1
param_20144,real_003,0.7275081977680997,0.3938488045099681,0.046516301481366595,0.06841241870083653,2.133497848922277,255.46088577729842,1,1,0,0,0,1,0,1,0,1,0,1,0,1
param_20144,real_004,0.7554721378979518,0.345381096547118,0.03680191807302557,0.05554280885173347,2.413361311954018,233.70023870024326,0,0,0,1,0,1,0,1,0,1,0,1,0,0
param_20144,real_005,0.7460060437810013,0.3830110284214633,0.07048204214098829,0.08810000316328429,2.256519021253795,202.30513311873176,0,1,0,1,0,1,1,1,0,1,0,1,0,0
param_20145,real_001,0.7012091459186319,0.33466177932839847,0.0430768578313139,0.06218051899236984,1.855876538486066,234.1130197600849,0,0,0,0,0,1,0,1,0,1,0,1,1,1
param_20145,real_002,0.7316309068091402,0.322862378538472,0.06322950962987611,0.0846191727306327,1.470548451865159,583.2344764819069,0,1,0,0,0,1,0,0,0,1,0,1,1,1
param_20145,real_003,0.731681535483905,0.40845545506775865,0.048963462529676385,0.07336106500314911,1.907812341675955,255.6555828097542,1,1,0,0,1,1,0,1,0,1,0,1,0,1
param_20145,real_004,0.7597946409068805,0.35461510461351103,0.03965377128479261,0.06044726392723633,2.171601144431493,233.37616837729848,0,0,0,1,0,1,0,1,0,1,0,1,0,0
param_20145,real_005,0.7502804946211437,0.38980353427743614,0.07453914310853944,0.09433538651929356,2.0357127991675337,203.0841415820973,0,1,1,1,0,1,1,1,0,1,0,1,0,0
param_20146,real_001,0.7002791515987299,0.35284444761083816,0.04732008898594797,0.06762445608393647,1.786398705823793,239.36258697547888,0,0,0,0,0,1,0,1,0,1,0,1,1,1
param_20146,real_002,0.7306453008394932,0.33737254035186903,0.06681445395416939,0.0895318633983962,1.4230753285518842,578.6917943150611,0,1,0,0,0,1,0,0,0,1,0,1,1,1
param_20146,real_003,0.7297693390830657,0.42058133253281454,0.05131614024886517,0.07681700917341373,1.8080001565588368,250.37776350629565,1,1,0,0,1,1,0,1,0,1,0,1,0,1
param_20146,real_004,0.757965837776758,0.37626508618283494,0.04283151191375295,0.06489354266410201,2.005844899270894,235.3185391397863,0,0,0,1,0,1,0,1,0,1,0,1,0,0
param_20146,real_005,0.7487944043393752,0.40605142961897267,0.07739486245197108,0.09931324951354326,1.930801687763713,198.42322090876326,0,1,1,1,0,1,1,1,0,1,0,1,0,0
param_20147,real_001,0.7251211343681024,0.40415238774824613,0.05822305142997173,0.08995261149557468,1.0202857142857142,231.7350570994892,1,0,1,0,1,1,1,1,0,1,0,1,1,1
param_20147,real_002,0.7623555196755111,0.4132096828587214,0.08425145912160001,0.12402259743294229,0.6769815651674915,591.4457696713772,1,1,1,0,1,1,1,0,0,1,0,1,1,1
param_20147,real_003,0.7568280815284802,0.4922138271901386,0.06322814704683086,0.10013029550970658,1.0594795539033457,253.46998370563003,1,1,1,0,1,1,1,1,0,1,0,1,0,1
param_20147,real_004,0.7850719825185738,0.4398623118527593,0.057711666182174985,0.08981845156623663,1.2321460533381063,232.72448893518742,1,0,1,1,1,1,1,1,0,1,0,1,0,0
param_20147,real_005,0.7815364881040474,0.45826663238173687,0.1018639192291905,0.1358820287431088,1.1232932545343386,204.5142615694483,1,1,1,1,1,1,1,1,0,1,0,1,0,0
param_20148,real_001,0.7421305523685612,0.48542955511646957,0.09530991988442991,0.13896596531297928,0.7825971579073069,274.38494616996496,1,0,1,0,1,1,1,1,0,1,0,1,1,1
param_20148,real_002,0.780764804505861,0.49968102741188836,0.11687031948592662,0.16936762729517327,0.49012059250949697,554.8966131197623,1,1,1,0,1,1,1,0,0,1,0,1,1,1
param_20148,real_003,0.7717930686313836,0.5474329618286672,0.0900318841878,0.13828268850261236,0.7084920937321395,210.1511296453606,1,1,1,0,1,1,1,1,0,1,0,1,1,1
param_20148,real_004,0.792378490206951,0.5436767450247576,0.07927780132545698,0.12551243816368063,0.8616442957194571,246.81601714667386,1,0,1,1,1,1,1,1,0,1,0,1,1,0
param_20148,real_005,0.7925871604182647,0.5505339579109912,0.12186525525319027,0.16876089854250229,0.7319227755218352,166.99102966050316,1,1,1,1,1,1,1,1,0,1,0,1,1,0
param_20149,real_001,0.7456636890014012,0.5758523047551604,0.11464050165676198,0.17053322360394196,0.15859913698621558,219.70167059973056,1,0,1,0,1,1,1,1,1,1,1,1,1,1
param_20149,real_002,0.7803483175011772,0.5926685106892708,0.12421131405559305,0.1916005206097157,0.28650080570340347,622.9278962745886,1,1,1,0,1,1,1,0,1,1,1,1,1,1
param_20149,real_003,0.7702952022653987,0.6146571488311127,0.10284966738888768,0.1627765907411967,0.1192368839427663,250.73117383833056,1,1,1,0,1,1,1,1,1,1,1,1,1,1
param_20149,real_004,0.8117324431561583,0.6408919529264694,0.11824105034254596,0.17633981073639976,0.08411466620969914,234.8304607150088,1,0,1,1,1,1,1,1,1,1,1,1,1,0
param_20149,real_005,0.8122570160638297,0.636765290956636,0.16938916007869412,0.22662042382602493,0.12955835227984747,208.69436431554462,1,1,1,1,1,1,1,1,1,1,1,1,1,0
param_20150,real_001,0.7094366227587531,0.4083143774393708,0.054812201412468065,0.08189969346001125,1.7206255450725443,215.96663011923096,0,1,0,1,0,1,1,1,0,0,0,1,1,1
param_20150,real_002,0.7835185902012995,0.47831890834562235,0.18874741996983538,0.20026872226562734,1.5524213021908064,220.64673005971625,0,1,0,1,1,0,1,1,0,0,0,1,0,1
param_20150,real_003,0.7638711896809438,0.41936673463580243,0.11594603129343874,0.12488635027684059,2.090047070059349,164.84612282545427,0,1,0,1,0,1,0,1,0,1,0,1,0,1
param_20150,real_004,0.7550356109140851,0.43946020339114944,0.10207222145198415,0.11166814549633788,2.363953912726135,445.3432864070803,0,1,0,1,0,1,0,1,0,0,0,1,1,1
param_20150,real_005,0.7313057758801886,0.3739380364058231,0.10125524872087971,0.10809973539974611,1.947091570595713,482.8587226913274,1,1,0,1,1,1,0,1,0,1,0,1,0,1
param_20151,real_001,0.7146358365449824,0.424114279752188,0.06205093482861928,0.09243795265271651,1.4010950565021167,214.31023816285182,0,1,0,1,0,1,1,1,0,0,1,1,1,1
param_20151,real_002,0.7927979149772,0.498824415836644,0.20027020416466057,0.21612222938243733,1.2812493868822226,219.3709864921669,0,1,1,1,1,0,1,1,0,0,0,1,0,1
param_20151,real_003,0.7715633937083166,0.4419658820941948,0.12539730663195667,0.1385036770759777,1.6951270304039983,165.788461735542,0,1,0,1,0,1,0,1,0,1,0,1,1,1
param_20151,real_004,0.7635642371581082,0.4632355978801922,0.11461448686519607,0.12781224701659127,1.8735442784297134,443.3497014230404,0,1,0,1,0,1,1,1,0,0,0,1,1,1
param_20151,real_005,0.7381434387362507,0.3924408966150317,0.10403390854734304,0.11372149639155853,1.763621416092899,484.4721812715292,1,1,0,1,1,1,0,1,0,1,0,1,0,1
param_20152,real_001,0.7125980508886088,0.436183025889543,0.06414343873254108,0.09559916501267557,1.3616827253957329,215.79479501198622,0,1,0,1,0,1,1,1,0,0,0,1,1,1
param_20152,real_002,0.7927557233412508,0.5092996501042524,0.20173904617713126,0.2204766294804134,1.2221733812399664,222.1925672699577,0,1,1,1,1,0,1,1,0,0,0,1,0,1
param_20152,real_003,0.7712855204660383,0.45630843882320077,0.1295149625363572,0.14385528559159746,1.6535509949034388,163.62773177925024,0,1,0,1,0,1,0,1,0,1,0,1,1,1
param_20152,real_004,0.7635466348102762,0.47721167862996444,0.117392914846346,0.1320559417663479,1.831055437334094,445.62773787429074,0,1,0,1,0,1,1,1,0,0,0,1,1,1
param_20152,real_005,0.7402544468481367,0.4162720987316634,0.11150704601556681,0.12385289708942221,1.6505292621868286,479.27239186872066,1,1,0,1,1,1,0,1,0,1,0,1,0,1
param_20153,real_001,0.7451076286451035,0.5042925418920745,0.0893845066268046,0.13345333802883758,0.6670634101315326,204.06384446932566,1,1,1,1,1,1,1,1,1,0,1,1,1,1
param_20153,real_002,0.8400569492670127,0.6037837978317346,0.25882372310487467,0.2976110908871436,0.5016724999677123,210.74913779878307,1,1,1,1,1,0,1,1,0,0,1,1,0,1
param_20153,real_003,0.8115257195585309,0.556506549729558,0.16561738265126685,0.19610915079974459,0.7818498898562887,173.85641582446752,1,1,1,1,1,1,1,1,0,1,1,1,1,1
param_20153,real_004,0.8045875588943409,0.5585697140644018,0.16483122997854416,0.1911540045304644,0.8208601422282424,426.6254150340172,0,1,0,1,0,1,1,1,0,0,1,1,1,1
param_20153,real_005,0.7597169526572247,0.46667349576921474,0.12103149631028388,0.1438733577948079,1.0424084087733154,488.0571799424143,1,1,1,1,1,1,1,1,0,1,0,1,0,1
param_20154,real_001,0.767648687412983,0.5758091920010135,0.11330683749899002,0.1707424478657856,0.4670749564455275,215.51242409355365,1,1,1,1,1,1,1,1,1,0,1,1,1,1
param_20154,real_002,0.8596470670057655,0.6681184160149083,0.2610489933654183,0.3182225335487704,0.2537118704376611,231.9311028596653,1,1,1,1,1,0,1,1,0,0,1,1,1,1
param_20154,real_003,0.8429471844456938,0.6469367480161633,0.20861007754863858,0.2558270559514814,0.5696876588273345,157.38182496281982,1,1,1,1,1,1,1,1,0,1,1,1,1,1
param_20154,real_004,0.8226400773408196,0.6048520389689275,0.1862477829792177,0.22570623614741323,0.640683999745725,440.58213885979615,0,1,1,1,0,1,1,1,0,0,1,1,1,1
param_20154,real_005,0.7894043751897009,0.5794003419567333,0.1578056470916728,0.19876006229376356,0.5225154839951538,444.37426657279866,1,1,1,1,1,1,1,1,1,1,0,1,1,1
param_20155,real_002,0.8523761337372582,0.7209413056885982,0.2887633044562666,0.34211890323554056,0.2905727377560297,160.19606031588623,1,1,1,1,1,0,1,1,1,0,1,1,1,1
param_20155,real_003,0.8428011992870629,0.7072915010933885,0.22178714726282273,0.2763924386721713,0.17299488184424008,218.9652742856623,1,1,1,1,1,1,1,1,1,1,1,1,1,1
param_20155,real_004,0.8265543940003789,0.680293260387472,0.1952794462412239,0.24275914927534017,0.17541740947342188,339.33820472752984,1,1,1,1,1,1,1,1,1,0,1,1,1,1
param_20155,real_005,0.7834291636592995,0.6050463632851365,0.14511422422906048,0.2078051175076333,0.09209744503862151,484.15366475515924,1,1,1,1,1,1,1,1,1,1,1,1,0,1
param_20156,real_001,0.7147240603689867,0.3981487125379577,0.05755009983645953,0.08231388274521652,2.167981056316277,226.12333088794355,1,1,0,1,1,1,0,1,0,0,0,1,1,1
param_20156,real_002,0.7389644484419384,0.4778560409957386,0.12394911454428131,0.13822383831976728,1.9491731901549845,273.938880130122,0,1,0,1,0,0,0,1,0,1,0,1,1,1
param_20156,real_003,0.727107482489115,0.4036015795288654,0.10304350358867033,0.11107370727454983,2.437408116897581,195.12538109239657,0,1,0,1,0,1,0,1,0,1,0,1,1,1
param_20156,real_005,0.7489381535343874,0.5158780341863328,0.2193265571868919,0.2294345663166465,0.9212888416869368,321.08980882785437,1,1,0,0,1,0,0,1,0,0,0,1,1,1
param_20157,real_001,0.7197825742326822,0.41108704980720573,0.06367070607124968,0.0913110154216605,1.8130290896458414,219.09723297569968,1,1,0,1,1,1,0,1,0,0,0,1,1,1
param_20157,real_002,0.7471606650605429,0.4932376484403545,0.13653542359017243,0.15536007648357783,1.5319672289903352,259.5213254236408,0,1,0,1,0,0,0,1,0,1,0,1,1,1
param_20157,real_003,0.7344698563564465,0.42032991841640793,0.11408528628394068,0.12427724092361704,1.983739365815932,195.27467017289723,0,1,1,1,0,1,0,1,0,1,0,1,1,1
param_20157,real_004,0.6988622071451629,0.34684776314182,0.06806495109428796,0.07625822044861622,3.0911577302236113,88.272083764092,0,0,0,1,0,0,0,1,0,0,0,1,1,1
param_20157,real_005,0.7583989258914761,0.5464806584862794,0.23099846271138993,0.24348741500095922,0.786600614855286,315.82974017806646,1,1,0,0,1,0,0,1,1,0,0,1,1,1
param_20158,real_001,0.7181396312603574,0.4374639761804318,0.06562135803617908,0.09498198648726636,1.7561355737881121,221.37629128206845,1,1,0,1,1,1,0,1,0,0,0,1,1,1
param_20158,real_002,0.7476229832593583,0.5015674354612244,0.1408155678620697,0.16140741266969666,1.4941903726174803,260.3173229369959,0,1,0,1,0,0,0,1,0,1,0,1,1,1
param_20158,real_003,0.7351028889665391,0.43542000403375547,0.11668073463774219,0.12849285838264077,1.9404176670096414,196.42199516181392,0,1,1,1,0,1,0,1,0,1,0,1,1,1
param_20158,real_004,0.6985436142908101,0.3595814778339059,0.07202939050091081,0.08095970267862311,3.0527882811802187,89.44138014542878,0,0,0,1,0,0,0,1,0,0,0,1,1,1
param_20158,real_005,0.7612607715754868,0.5681113841458076,0.23556591190854345,0.25238528473037436,0.7446374963057444,314.62472592942066,1,1,0,0,1,0,0,1,1,0,0,1,1,1
param_20159,real_001,0.7490309633311321,0.5116933289721137,0.08793083286534095,0.1316741103380459,0.9705795709253923,187.61477407587276,1,1,1,1,1,1,1,1,0,0,0,1,1,1
param_20159,real_002,0.7844871195502496,0.5779998016152131,0.18473389092441125,0.22024407487151257,0.6241924262001789,186.39363009319766,0,1,0,1,0,0,1,1,1,1,1,1,1,1
param_20159,real_003,0.7679220514299923,0.49343597351369434,0.16157646573068177,0.1834050313805266,1.0376180101670298,194.99774773532135,1,1,1,1,1,1,1,1,0,1,0,1,1,1
param_20159,real_004,0.7354876131425546,0.4653219947632711,0.098346200702495,0.12216503471453144,1.4274810521622827,86.33817547210808,0,0,1,1,0,0,1,1,0,0,0,1,1,1
param_20159,real_005,0.7886378639993507,0.634397192279721,0.26787216113168055,0.28991091315459366,0.35128850764430203,304.65378735038644,1,1,0,0,1,0,0,1,1,0,0,1,1,1
param_20160,real_001,0.7742721820796179,0.613167342243577,0.10777516202426735,0.17104474251306287,0.6894113254784834,200.10875785948826,1,1,1,1,1,1,1,1,1,0,0,1,1,1
param_20160,real_002,0.8175020787977703,0.6374621753002424,0.22368275050765696,0.2742565437361924,0.4659878439904008,187.92360438176897,0,1,1,1,1,0,1,1,1,1,1,1,1,1
param_20160,real_003,0.7946424778613113,0.5776409304912246,0.1838101105562659,0.22139347081872982,0.79829631528655,205.50771106529422,1,1,1,1,1,1,1,1,0,1,0,1,1,1
param_20160,real_004,0.7601764721610413,0.5549687059720665,0.13323040410356832,0.16829407487562356,1.1093565982768239,98.54527553840632,0,0,1,1,0,0,1,1,0,0,0,1,1,1
param_20160,real_005,0.8285625523945697,0.7054587318815192,0.28229550557000005,0.32442941110743356,0.12974415793714747,301.1617372750956,1,1,0,0,1,0,0,1,1,0,1,1,1,1
param_20161,real_001,0.7929573466207746,0.6780338516412655,0.15720401919146978,0.2298359077447521,0.09351064080507177,115.41815793155492,1,1,1,1,1,1,1,1,1,0,1,1,1,1
param_20161,real_002,0.8303037976055464,0.6956736388399208,0.240763746736359,0.30299865133991555,0.12310757239353104,52.29057545697206,1,1,1,1,1,0,1,1,1,1,1,1,1,1
param_20161,real_003,0.8457558596201015,0.6803640460529939,0.25983826079825745,0.32639736679022563,0.007416126376453638,183.42345470531478,1,1,1,1,1,1,1,1,1,1,1,1,1,1
param_20161,real_004,0.7746330433665068,0.6182838612414149,0.1704359212105451,0.22310851283525238,0.03513659110562951,83.59575442085617,1,0,1,1,1,0,1,1,1,0,1,1,1,1
param_20161,real_005,0.812526410684496,0.7098403754375076,0.24394346769686134,0.29807867737482696,0.2973292987764768,366.909539562995,1,1,1,0,1,0,1,1,1,0,1,1,1,1
