param_folder,realization,global_ssim,plume_ssim,iou_0.001,iou_0.0001,area_rel_err_1e-3_d365,centroid_err_m_d365,exceed_w500_+400_true,exceed_w500_+400_pred,exceed_w500_-400_true,exceed_w500_-400_pred,exceed_w1000_+400_true,exceed_w1000_+400_pred,exceed_w1000_-400_true,exceed_w1000_-400_pred,exceed_w1500_+600_true,exceed_w1500_+600_pred,exceed_w1500_-600_true,exceed_w1500_-600_pred,exceed_w1900_+0_true,exceed_w1900_+0_pred
param_20000,real_001,0.7587964170984012,0.40991618407548275,0.07508079488979962,0.09089561351730654,2.4196157735085944,112.50936267985333,0,1,0,1,0,1,0,1,0,1,0,1,0,1
param_20000,real_002,0.7676392124204636,0.4270982511380253,0.09374717108154595,0.10746853215383761,2.5622458728642212,9.31765593998195,0,1,0,1,0,1,0,1,0,1,0,1,0,1
param_20000,real_003,0.7828533423524856,0.41427639093232005,0.05892770632016367,0.07328605168341969,2.839895779519777,258.9535207974547,0,1,0,1,0,1,0,1,0,1,0,1,0,1
param_20000,real_004,0.7633281398099424,0.38716566010132875,0.06154859831152347,0.0757244114298338,2.3701679552119437,308.4644405367847,0,1,0,1,0,1,0,1,0,1,0,1,1,1
param_20000,real_005,0.7798749475381581,0.411786256837247,0.08565483317533734,0.10096888518945864,2.1699444395449334,215.67769139195846,0,1,0,1,0,1,0,1,0,1,0,1,0,1
param_20001,real_001,0.7632963341422005,0.42067370648360614,0.07900734879120681,0.09693462599638496,2.189584828293183,112.14178722597191,0,1,0,1,0,1,0,1,0,1,0,1,0,1
param_20001,real_002,0.7721704322812832,0.43747632518245916,0.09827483482742184,0.11406070000340009,2.3136160714285716,9.735432801020634,0,1,0,1,0,1,0,1,0,1,0,1,0,1
param_20001,real_003,0.7866689028069256,0.42275961084065583,0.0622787920150809,0.07827209217609359,2.596196726829063,259.4566382050947,0,1,0,1,0,1,0,1,0,1,0,1,0,1
param_20001,real_004,0.7673011259947939,0.3946832949129297,0.0648958794095545,0.08115160885785952,2.1413306827359135,309.0135051194553,0,1,0,1,0,1,0,1,0,1,0,1,0,1
param_20001,real_005,0.785102383187096,0.42580507438582516,0.08999134777447537,0.1077714099771208,1.9467125758321036,215.14219129340995,0,1,0,1,0,1,0,1,0,1,0,1,0,1
param_20002,real_001,0.7619778552023001,0.43474720949591067,0.0812619412307458,0.10042149603219956,2.0817931498979814,114.82268486033931,0,1,0,1,0,1,0,1,0,1,0,1,0,1
param_20002,real_002,0.7700034658305245,0.45184090731303206,0.09889125742750121,0.11612393011091582,2.203572713103944,6.960198439703257,0,1,0,1,0,1,0,1,0,1,0,1,1,1
param_20002,real_003,0.7845238581569522,0.44181202253948343,0.06422203215800996,0.08126679217956553,2.4700604879633015,255.27720163227374,0,1,0,1,0,1,0,1,0,1,0,1,0,1
param_20002,real_004,0.7658271915204142,0.4112157053528797,0.06799068459374191,0.08547140159844309,2.043821983225651,303.7661972254282,0,1,0,1,0,1,0,1,0,1,0,1,1,1
param_20002,real_005,0.7834623293198675,0.43650604572739515,0.09219575378438702,0.11112280775388492,1.84648584438725,219.74224643950166,0,1,0,1,0,1,0,1,0,1,0,1,0,1
param_20003,real_001,0.7941111281371467,0.49632567548358514,0.1030103343404143,0.13376737017518694,1.2672845983444094,110.5327418443947,1,1,1,1,1,1,1,1,0,1,0,1,0,1
param_20003,real_002,0.8019799399031645,0.5057680263803646,0.12191968251026784,0.1518727384247565,1.3619381546575524,10.865159909452625,1,1,1,1,1,1,1,1,0,1,0,1,0,1
param_20003,real_003,0.8150738641984046,0.4987870148410516,0.08231274468340188,0.1081225871537315,1.5659822286263207,260.0717608391869,1,1,1,1,1,1,1,1,0,1,0,1,0,1
param_20003,real_004,0.7993005201935341,0.4794643961914934,0.0868763009819909,0.11697636849719993,1.2382919703721191,309.102094156606,1,1,1,1,1,1,1,1,0,1,0,1,0,1
param_20003,real_005,0.8155666189833555,0.5041055534101956,0.11569688278266867,0.14743606255784925,1.091439377409266,214.81825711474457,1,1,1,1,1,1,1,1,0,1,0,1,0,1
param_20004,real_001,0.809297338201268,0.5698363073263942,0.1289530874965388,0.17083168439072755,0.874180801850424,136.30510926351045,1,1,1,1,1,1,1,1,0,1,0,1,1,1
param_20004,real_002,0.8038876848539671,0.5668917379237436,0.1311153724158842,0.17096135639787927,0.9713021025451862,34.65457413117108,1,1,1,1,1,1,1,1,0,1,0,1,1,1
param_20004,real_003,0.8230148939603505,0.582064688065329,0.10176412598288936,0.13765331014713275,1.09767110849346,226.42561045698156,1,1,1,1,1,1,1,1,0,1,0,1,1,1
param_20004,real_004,0.8136339073248915,0.5668472803748739,0.11306744713891642,0.15449574376723013,0.8625592417061612,267.25064223322045,1,1,1,1,1,1,1,1,0,1,0,1,1,1
param_20004,real_005,0.8290592042182383,0.5790496747665576,0.14442954631533866,0.18720231053198932,0.7342886781983546,252.94631748434884,1,1,1,1,1,1,1,1,0,1,0,1,1,1
param_20005,real_001,0.8314188741561882,0.6713759328481337,0.16598606089732415,0.21758557575802048,0.05577169354398189,104.34223810016398,1,1,1,1,1,1,1,1,1,1,1,1,1,1
param_20005,real_002,0.8478604026736081,0.6795329393271712,0.18817124829926557,0.24528776240998276,0.017110417675656124,18.54296807034904,1,1,1,1,1,1,1,1,1,1,1,1,1,1
param_20005,real_003,0.8323333818652816,0.6646168988152573,0.12515649146819313,0.1712865778999251,0.043502676571303,260.90704763860754,1,1,1,1,1,1,1,1,1,1,1,1,1,1
param_20005,real_004,0.8094093192113029,0.6445123479552521,0.12834930553660098,0.17633172488048687,0.07439136005857587,315.1822716533216,1,1,1,1,1,1,1,1,1,1,1,1,1,1
param_20005,real_005,0.8358560529697834,0.6703067212219049,0.1725130832247903,0.22057200765564972,0.12659765757885016,213.72587682079853,1,1,1,1,1,1,1,1,1,1,1,1,1,1
param_20006,real_001,0.7567787237607996,0.4402969132018403,0.10947072591217863,0.12229278626509768,2.089366361023676,310.0000560804009,0,1,0,1,1,1,0,1,0,1,0,1,0,0
param_20006,real_002,0.7345472145222165,0.43335170984748783,0.08874536820902926,0.10512884050757215,2.301475839085932,145.63695167102208,0,1,1,1,0,1,0,1,0,1,0,1,1,1
param_20006,real_003,0.7680218088075739,0.45160357668855045,0.17038025060178566,0.17459072604373158,1.6847343201350224,56.082546833041434,1,1,0,1,1,1,0,1,0,1,0,1,1,1
param_20006,real_004,0.7114367032305148,0.4320906571882607,0.08443309168767613,0.10357822778386018,2.405586027443419,86.22893329380501,0,1,0,1,0,1,0,1,0,1,0,1,0,1
param_20006,real_005,0.7609282964839906,0.41354230381030915,0.09726096820374588,0.1144396996022667,2.1217290397447055,255.13411120671333,1,1,0,1,1,1,0,1,0,1,0,1,0,1
param_20007,real_001,0.7639268128259726,0.45169336778979513,0.11597082932988168,0.130481677668555,1.8722711987639735,308.41166105680867,1,1,0,1,1,1,1,1,0,1,0,1,0,0
param_20007,real_002,0.7413865740573232,0.4458666988806192,0.0930565698201026,0.11144395974505068,2.070964646837405,142.65861160257265,1,1,1,1,0,1,1,1,0,1,0,1,1,1
param_20007,real_003,0.7759425657740026,0.46720892136015685,0.17768197842139322,0.18385029520630403,1.516914011348756,56.992620559340416,1,1,0,1,1,1,0,1,0,1,0,1,1,1
param_20007,real_004,0.717411277550624,0.44145090218646205,0.08899436503906054,0.10990706965735644,2.1733154250030524,89.31527258807486,1,1,1,1,0,1,1,1,0,1,0,1,0,1
param_20007,real_005,0.7676354929937979,0.4278774018920963,0.10146424370221849,0.12045007492087664,1.9218000470647865,252.77720722600023,1,1,1,1,1,1,0,1,0,1,0,1,0,1
param_20008,real_001,0.7643560647691949,0.47952838623263566,0.12076768956891094,0.13798518294580397,1.782153987006356,313.45304324238487,1,1,0,1,1,1,1,1,0,1,0,1,0,0
param_20008,real_002,0.7435872418169757,0.46690032289426997,0.09931897140210269,0.11990816212590875,1.9899755676918656,147.4887804080401,1,1,1,1,0,1,1,1,0,1,0,1,1,1
param_20008,real_003,0.7786112612112721,0.4876083202811185,0.18640988062481859,0.19528797423238933,1.455116378086858,52.98890378598826,1,1,0,1,1,1,0,1,0,1,0,1,1,1
param_20008,real_004,0.7175692278123971,0.46250160866724194,0.09128220210079635,0.11414106847450074,2.1031641791044775,84.54619498944739,0,1,1,1,0,1,1,1,0,1,0,1,0,1
param_20008,real_005,0.7694482488520265,0.45484744929181514,0.10780193994483059,0.12933190140534442,1.8511949974386603,257.56175715054286,1,1,1,1,1,1,0,1,0,1,0,1,0,1
param_20009,real_001,0.7963490011602063,0.5260387630245359,0.1479143465174361,0.17335046326091985,1.1756873975960016,304.1838797953113,1,1,1,1,1,1,1,1,0,1,0,1,0,0
param_20009,real_002,0.7695436818070951,0.5089603332856306,0.11442838513871113,0.14357552024819714,1.326414224011406,130.91087822257353,1,1,1,1,1,1,1,1,0,1,0,1,1,1
param_20009,real_003,0.8170443848666722,0.551589153575332,0.22248070142100412,0.24219316623850953,0.9185925607575106,57.27385275436346,1,1,1,1,1,1,1,1,0,1,0,1,1,1
param_20009,real_004,0.7479116362487543,0.5034595900048403,0.10895738340691452,0.13973630518996288,1.453909032049207,100.60474739048011,1,1,1,1,1,1,1,1,0,1,0,1,0,1
param_20009,real_005,0.796793959787597,0.5036646821055263,0.12012112681883229,0.14945284683572724,1.2731740979635524,243.1219010731472,1,1,1,1,1,1,1,1,0,1,0,1,0,1
param_20010,real_001,0.8153885090221206,0.622229237304995,0.16395283070175048,0.2038700539814884,0.7425124608530722,342.2672756768869,1,1,1,1,1,1,1,1,0,1,0,1,1,0
param_20010,real_002,0.8007632599064294,0.6175342385074081,0.16330637125131575,0.20861597136123514,0.911606271176707,167.3712919123358,1,1,1,1,1,1,1,1,0,1,0,1,1,1
param_20010,real_003,0.8551701557160074,0.6511153167253865,0.27032547620036346,0.3129714722543531,0.5586214663813492,37.435052005072535,1,1,1,1,1,1,1,1,0,1,0,1,1,1
param_20010,real_004,0.776555263380143,0.5921462090024434,0.13288965170849815,0.17846409395699772,1.040479154749487,67.1213586876311,1,1,1,1,1,1,1,1,0,1,0,1,1,1
param_20010,real_005,0.8274942145277042,0.623606768634653,0.16218219908492448,0.21099671331372946,0.8474401675651547,279.95758441495593,1,1,1,1,1,1,1,1,0,1,0,1,1,1
param_20011,real_001,0.8440324012272876,0.6833204168238588,0.20003959513964872,0.25390514263645114,0.002392722084382911,299.93546143019427,1,1,1,1,1,1,1,1,1,1,1,1,1,0
param_20011,real_002,0.8067393957182654,0.6470647528328545,0.1779001182894235,0.2302891528172771,0.07719391354437016,119.49025447008806,1,1,1,1,1,1,1,1,1,1,1,1,1,1
param_20011,real_003,0.8746293399234806,0.7124189961885208,0.32055275552522927,0.3707136405817247,0.1203950880939669,54.3720506897868,1,1,1,1,1,1,1,1,1,1,1,1,1,1
param_20011,real_004,0.8014426065427321,0.6512321100113476,0.17424667602861796,0.2358192750146598,0.6020553735601818,692.7838820266045,1,1,1,1,1,1,1,1,1,1,1,1,0,1
param_20011,real_005,0.8310816513305721,0.6579654241142382,0.1727992482862871,0.22886088390697296,0.05900993996653873,224.20813606696598,1,1,1,1,1,1,1,1,1,1,1,1,1,1
param_20012,real_001,0.68957901549991,0.3793857874690709,0.09309390465708997,0.11034697552049617,1.8252724670654288,454.0340910537572,1,1,1,1,1,1,1,1,0,1,0,1,1,1
param_20012,real_002,0.6675820426657196,0.41480661815296876,0.09821356438592405,0.11533844812793496,1.8489866578068441,466.6327915334253,0,1,1,1,1,1,1,1,0,1,0,1,1,1
param_20012,real_003,0.7250085849368836,0.4100647687172514,0.09494544501548266,0.11551672653723069,1.5758552749417876,95.56589140885234,1,1,0,1,1,1,1,1,0,1,0,1,1,1
param_20012,real_004,0.7462783449681476,0.42052034946942873,0.13423273094625554,0.14511218402143264,1.8289672052641848,113.31866686916074,1,1,0,1,1,1,1,1,0,1,0,1,0,1
param_20012,real_005,0.6683529381623725,0.3732365125586861,0.05497083101045236,0.08496768776261396,1.4635698853249128,479.06793289122857,1,0,1,0,1,1,1,1,0,1,0,1,1,1
param_20013,real_001,0.6950759421076321,0.3919241920730759,0.09593054721886311,0.11504037883377391,1.698851984926825,456.3041834934225,1,1,1,1,1,1,1,1,0,1,0,1,1,1
param_20013,real_002,0.6737129007445368,0.4314713426960045,0.10199464753326082,0.12096640010279229,1.6929752066115702,470.43498556893184,0,1,1,1,1,1,1,1,0,1,0,1,1,1
param_20013,real_003,0.7311601273381114,0.42646515228817067,0.09800401086135542,0.12030670505147725,1.4657626061881381,97.03386036212478,1,1,0,1,1,1,1,1,0,1,0,1,1,1
param_20013,real_004,0.7528038756625054,0.42811814438022316,0.13703548928640857,0.14936388344345508,1.7143391988019467,116.26588152359518,1,1,0,1,1,1,1,1,0,1,0,1,0,1
param_20013,real_005,0.6735956528244508,0.38522439458798696,0.055206641270768866,0.08748679828332735,1.3336796863930478,483.52529458086053,1,0,1,0,1,1,1,1,0,1,0,1,0,1
param_20014,real_001,0.6989560733746785,0.41083852465790716,0.10228206019423894,0.12364507380892936,1.6111205317777928,451.1717718219336,1,1,1,1,1,1,1,1,0,1,0,1,1,1
param_20014,real_002,0.6754298116096552,0.4405855968305331,0.10604795741999634,0.1269719254368023,1.6192466601289326,465.87516678254053,0,1,1,1,1,1,1,1,0,1,0,1,1,1
param_20014,real_003,0.7340313927076835,0.43980500465939876,0.10346931466765415,0.12790595015400444,1.39726920046069,96.12454514969976,1,1,0,1,1,1,1,1,0,1,0,1,1,1
param_20014,real_004,0.7551628387343936,0.45546850400514494,0.1455304559288457,0.16038691384202772,1.613511609234954,111.20223949075225,1,1,0,1,1,1,1,1,0,1,0,1,0,1
param_20014,real_005,0.6748293876227451,0.39579112245820913,0.05920209403125361,0.09334949220886263,1.2703087667708142,478.57163053340975,1,0,1,0,1,1,1,1,0,1,0,1,1,1
param_20015,real_001,0.7208200069024057,0.45294106399826456,0.11392975656256762,0.14371444200432054,1.157984724265994,462.01389532500633,1,1,1,1,1,1,1,1,0,1,0,1,1,1
param_20015,real_002,0.7008481286491072,0.48976694563831513,0.11883570215787899,0.1475986091056569,1.1632476930226383,486.38357904052157,1,1,1,1,1,1,1,1,0,1,0,1,1,1
param_20015,real_003,0.7532316076928598,0.4767430902553834,0.11367090715069754,0.14477814415289006,1.0038635471162738,100.49051798836283,1,1,1,1,1,1,1,1,0,1,0,1,1,1
param_20015,real_004,0.7801477279219451,0.4935378233605403,0.15592966343834674,0.17740401484699503,1.229833636236544,126.46566047319857,1,1,1,1,1,1,1,1,0,1,0,1,0,1
param_20015,real_005,0.6860948977737422,0.4310375844727677,0.05769978985786757,0.09939215139486463,0.8369539624512051,497.17698110562105,1,0,1,0,1,1,1,1,1,1,0,1,0,1
param_20016,real_001,0.7662407045172192,0.5592024119815783,0.1645216791818668,0.21647795992968838,0.641837354857283,426.34175011634557,1,1,1,1,1,1,1,1,1,1,1,1,1,1
param_20016,real_002,0.7381463326853169,0.5626058195397546,0.15249498016612142,0.19883220742705027,0.7090453262842098,457.3377694610069,1,1,1,1,1,1,1,1,0,1,0,1,1,1
param_20016,real_003,0.7917451589411137,0.592822353683232,0.16110922631935465,0.21551127055840497,0.4924946457718108,339.6535541332017,1,1,1,1,1,1,1,1,1,1,0,1,1,1
param_20016,real_004,0.8127295428108681,0.6080944250847637,0.198267004365241,0.24295995916759172,0.6794954142930851,94.56044921926181,1,1,1,1,1,1,1,1,1,1,0,1,1,1
param_20016,real_005,0.7163830916448104,0.5318178788695447,0.09001251409530978,0.14766033976732693,0.425235082591389,463.230188042916,1,0,1,0,1,1,1,1,1,1,0,1,1,1
param_20017,real_001,0.7770872732407448,0.6060644394107899,0.18400818448042702,0.24463811067433525,0.08713578695434232,460.4685453361749,1,1,1,1,1,1,1,1,1,1,1,1,1,1
param_20017,real_002,0.766214696506198,0.6232572033677033,0.1802611506552058,0.24459418504766248,0.09986363513622985,508.6449605948578,1,1,1,1,1,1,1,1,1,1,1,1,1,1
param_20017,real_003,0.8011079800220418,0.6292763566368478,0.16565212920675132,0.2266904880676495,0.058367398823820645,97.76478464769116,1,1,1,1,1,1,1,1,1,1,1,1,1,1
param_20017,real_004,0.8440071284799231,0.6654152493220906,0.250744212601856,0.30510251286529266,0.08350825708016603,136.96567698555995,1,1,1,1,1,1,1,1,1,1,1,1,0,1
param_20017,real_005,0.706529579517812,0.5599975870978379,0.0854425860773678,0.14702055985465662,0.06403788476716654,503.79142945442015,1,0,1,0,1,1,1,1,1,1,1,1,1,1
param_20018,real_001,0.7468327577715919,0.40445193211209507,0.0699715980806033,0.08265223598792532,2.699237605449542,182.6537823326882,0,1,0,1,0,1,0,1,0,1,0,1,0,1
param_20018,real_002,0.7545597751239597,0.38606257218454215,0.08927310218556236,0.0986914408049397,2.550605901549556,67.49107100497315,0,1,0,1,0,1,0,1,0,1,0,0,1,1
param_20018,real_003,0.7289985828729145,0.37524024517661175,0.050096611750739296,0.06485394322807253,2.767657369984146,447.38046019398735,0,1,0,1,0,1,0,1,0,1,0,1,1,1
param_20018,real_004,0.7339689799954522,0.4008312115620268,0.06512518673370868,0.07758412762341764,2.6757694360434088,58.974636527399724,0,1,0,1,0,1,0,1,0,1,0,1,1,1
param_20018,real_005,0.7702540582704502,0.3825294912274304,0.1351041086101388,0.14810741851915318,1.929199361467725,306.5455623363183,0,1,0,1,0,1,0,1,0,1,0,0,1,1
param_20019,real_001,0.7536985642218201,0.424320827478814,0.0746310182786933,0.08940744623320873,2.3981600430980894,181.3030903603265,0,1,0,1,0,1,0,1,0,1,0,1,0,1
param_20019,real_002,0.7616726524907915,0.40498386477337034,0.09386365871187165,0.10538263539330663,2.279180542089955,66.16397856379655,0,1,0,1,0,1,0,1,0,1,0,0,1,1
param_20019,real_003,0.7339507972490606,0.3939217280683692,0.053577940711376525,0.07026646750049646,2.4804859936466026,448.0617912698016,0,1,0,1,0,1,0,1,0,1,0,1,1,1
param_20019,real_004,0.7402228716924462,0.41910934121783955,0.06934585169297638,0.08392659040980201,2.387269970080741,59.76778449262751,0,1,0,1,0,1,0,1,0,1,0,1,1,1
param_20019,real_005,0.7783532052043417,0.40916474498753064,0.14251766767343904,0.15840981907658727,1.6964566603195628,308.1844907253263,0,1,0,1,0,1,0,1,0,1,0,0,0,1
param_20020,real_001,0.7521385281450798,0.44700330249596604,0.07665636788577791,0.09233059310891097,2.2970527924088295,185.96240323928185,0,1,0,1,0,1,0,1,0,1,0,1,0,1
param_20020,real_002,0.7623258442795268,0.43510175161528203,0.10269530287451477,0.11623063790012889,2.189765458422175,70.77664671134764,0,1,0,1,0,1,0,1,0,1,0,0,1,1
param_20020,real_003,0.7324559365120058,0.40834460375376935,0.055948443908693406,0.07411831206926012,2.38938550852735,442.66730039994627,0,1,0,1,0,1,0,1,0,1,0,1,1,1
param_20020,real_004,0.7386344963567276,0.43357723130102827,0.07205958227714165,0.08781019128135885,2.2842950246383724,57.33630867909959,0,1,0,1,0,1,0,1,0,1,0,1,1,1
param_20021,real_001,0.7876686866751754,0.5150124891220859,0.10020673600526708,0.1271849620137053,1.3640950239289626,177.84440536823502,1,1,1,1,1,1,1,1,0,1,0,1,0,1
param_20021,real_002,0.798351271553043,0.49471207835574105,0.12593966698925962,0.15141213206832113,1.2890098572899809,60.69962695070522,1,1,1,1,1,1,1,1,0,1,0,0,1,1
param_20021,real_003,0.7646366108777274,0.48103592866149364,0.07396063486642382,0.10365518247436455,1.4341359262518574,448.30733439233427,1,1,1,1,1,1,1,1,0,1,0,1,1,1
param_20021,real_004,0.7733439271176796,0.4977165950613611,0.09330294167564421,0.11991653559108766,1.3836868898086325,62.799786651957454,1,1,1,1,1,1,1,1,0,1,0,1,1,1
param_20021,real_005,0.8205825130046019,0.5142210121789473,0.18451617657642339,0.21696105756798853,0.9017881906430187,315.1996543577038,1,1,1,1,1,1,1,1,0,1,0,0,0,1
param_20022,real_001,0.7924057371833872,0.5693132941113066,0.11650090736443396,0.15221518000095033,1.009089795418351,216.46326650882474,1,1,1,1,1,1,1,1,0,1,0,1,1,1
param_20022,real_002,0.810201937702329,0.5970583419267986,0.16913393317814673,0.20549194173357438,0.9747670905998528,100.42634633530072,1,1,1,1,1,1,1,1,0,1,0,0,1,1
param_20022,real_003,0.779163599350134,0.5547221101994548,0.0965792213458716,0.13687175212973746,1.093101437769039,404.78426978748087,1,1,1,1,1,1,1,1,0,1,0,1,1,1
param_20022,real_004,0.7826397101010691,0.5512744596032251,0.11537889047757034,0.1528488168639727,1.069668436341781,53.09992659868068,1,1,1,1,1,1,1,1,0,1,0,1,1,1
param_20022,real_005,0.8447634074035345,0.5961590697574188,0.21962963505456987,0.26707188868007137,0.6415962098206973,274.6261675734204,1,1,1,1,1,1,1,1,0,1,0,0,1,1
param_20023,real_001,0.8164524023379951,0.6626687373629107,0.14244187974700281,0.19200634381053788,0.01282113018563552,170.50886183733635,1,1,1,1,1,1,1,1,1,1,1,1,1,1
param_20023,real_002,0.8217413810605274,0.6556119408829086,0.18186908204034682,0.2285386247311118,0.04529779217750942,50.2610558091409,1,1,1,1,1,1,1,1,1,1,1,0,1,1
param_20023,real_003,0.7857047097449887,0.6401983990339619,0.11876858409187044,0.16886487446482415,0.022922653474470433,449.2421386033758,1,1,1,1,1,1,1,1,1,1,1,1,1,1
param_20023,real_004,0.81397116659202,0.6525539911102629,0.15700854908443426,0.21276726410528257,0.004277347072690597,74.39745478100971,1,1,1,1,1,1,1,1,1,1,1,1,1,1
param_20023,real_005,0.8459367588930682,0.6841393631235607,0.22896095863181945,0.2785631130888002,0.20430212602224354,331.76089208617606,1,1,1,1,1,1,1,1,1,1,1,0,1,1
param_20024,real_001,0.6946984687263186,0.4088000999375099,0.09655448772052401,0.11224120623351627,2.1099272055218194,161.07158666844612,0,1,0,1,0,1,0,1,0,1,0,1,1,1
param_20024,real_002,0.7178921082975659,0.4068143657940111,0.10084106955849913,0.11108035280613192,2.802056329364208,71.77699227619914,0,1,0,1,0,1,0,1,0,1,0,1,1,1
param_20024,real_003,0.6917110566890678,0.37056941253485015,0.07951525506307838,0.09388869975484491,2.3481373619706347,135.38670532628691,0,1,0,1,1,1,0,1,0,1,0,1,1,1
param_20024,real_004,0.6980961902198566,0.44415001983478514,0.10678994121982559,0.12448136619887075,2.030495528708903,136.0341398201199,0,1,0,1,0,1,0,1,0,1,0,1,1,1
param_20024,real_005,0.7335288637580285,0.39914312880419023,0.1703219558876194,0.1804548882852144,1.7649423463450757,401.8410970803081,0,1,0,1,0,1,0,1,0,1,0,0,1,1
param_20025,real_001,0.7044373210737335,0.4288478171831472,0.10396097461929088,0.12223578060919635,1.811953278199335,162.14860754816465,0,1,0,1,1,1,1,1,0,1,0,1,1,1
param_20025,real_002,0.7264351818559557,0.4281356880022256,0.10647615572085722,0.11849144947648334,2.481012149006356,64.34514390832918,0,1,0,1,0,1,0,1,0,1,0,1,1,1
param_20025,real_003,0.6990831559887667,0.392382139193597,0.08665890466017308,0.10314112555039151,2.0624884383440008,138.71713611709362,1,1,0,1,1,1,0,1,0,1,0,1,1,1
param_20025,real_004,0.7062914260465537,0.4703253975219369,0.11392879767502367,0.13437635709161297,1.7716834970258681,135.7862454117355,0,1,0,1,1,1,0,1,0,1,0,1,1,1
param_20025,real_005,0.7433816203617772,0.43135317317629857,0.1798769675206102,0.1926344803276791,1.5129797707868626,408.60941765646083,0,1,0,1,1,1,0,1,0,1,0,0,1,1
param_20026,real_001,0.7038502494179852,0.4416907585268925,0.10652323306954145,0.12641647134464618,1.7862030513457348,159.46208200650713,0,1,0,1,1,1,1,1,0,1,0,1,1,1
param_20026,real_002,0.7271578746333435,0.4507005230899134,0.11249135662402229,0.126845166849217,2.4398441692671584,67.26725482446238,0,1,0,1,0,1,0,1,0,1,0,1,1,1
param_20026,real_003,0.7000356606415007,0.40335937453551934,0.09125067199279888,0.10918472808310015,2.0185431671073024,134.46429854598364,1,1,0,1,1,1,0,1,0,1,0,1,1,1
param_20026,real_004,0.7063676261796579,0.48390691994258384,0.11693250060456714,0.13909753265247493,1.7371332946279157,135.84388809971858,0,1,0,1,1,1,0,1,0,1,0,1,1,1
param_20026,real_005,0.7455957346994846,0.4491802382717601,0.183399928360958,0.1976316259631065,1.4857816750042798,405.0658811046631,0,1,0,1,1,1,0,1,0,1,0,0,1,1
param_20027,real_001,0.73905261323664,0.5034339594634392,0.13457226537510245,0.16456190215586422,1.0471100849098764,174.5598444638892,1,1,1,1,1,1,1,1,1,1,1,1,1,1
param_20027,real_002,0.7657012897842169,0.5150018076683657,0.13533419151289286,0.16105191250370787,1.462394354173188,54.376960599542265,1,1,1,1,1,1,0,1,0,1,0,1,1,1
param_20027,real_003,0.7360021116484607,0.48362505579796483,0.11225983726086528,0.14217577848282192,1.2421279304413777,144.57784140617863,1,1,1,1,1,1,0,1,0,1,0,1,1,1
param_20027,real_004,0.7388667527299942,0.5501802234592051,0.1393555207284688,0.17150257189669854,1.049298115523281,136.75904121601508,1,1,1,1,1,1,1,1,1,1,1,1,1,1
param_20027,real_005,0.786908440391261,0.5354612094805871,0.21943112568119386,0.24771782032900194,0.8168610713342324,440.551025895079,1,1,1,1,1,1,0,1,0,1,0,0,1,1
param_20028,real_001,0.769413770467227,0.5834352619042887,0.1660677781754902,0.21023982762565652,0.7766513321625961,150.5410800596658,1,1,1,1,1,1,1,1,1,1,1,1,1,1
param_20028,real_002,0.786885682180708,0.6037457911740601,0.1676381863811502,0.20726454257308646,1.1677731292431797,63.76522522785677,1,1,1,1,1,1,1,1,0,1,0,1,1,1
param_20028,real_003,0.7681980134637498,0.5650226643843862,0.15236003407505425,0.19861693656195803,0.9098113860529503,117.97306556633728,1,1,1,1,1,1,1,1,1,1,0,1,1,1
param_20028,real_004,0.7694854219956239,0.6003802478331045,0.17157872258097587,0.21919617732592947,0.799032536841042,135.5882129675757,1,1,1,1,1,1,1,1,1,1,1,1,1,1
param_20028,real_005,0.8266767823615742,0.621826734580409,0.2657802652121083,0.30981040825803957,0.5978505404215777,416.8852932503484,1,1,1,1,1,1,1,1,0,1,0,0,1,1
param_20029,real_001,0.8110613996645801,0.6694577245733044,0.2123083556572964,0.2711515762171625,0.027662836204102998,195.66924555633793,1,1,1,1,1,1,1,1,1,1,1,1,1,1
param_20029,real_002,0.8144957184142438,0.6599326883417034,0.19799566779673114,0.2523430105318023,0.11717050435411301,73.60029307446383,1,1,1,1,1,1,1,1,1,1,1,1,1,1
param_20029,real_003,0.7771812103187702,0.6322574436208007,0.17094907291283185,0.22542695696376522,0.030250605198797693,152.4582987113909,1,1,1,1,1,1,1,1,1,1,1,1,1,1
param_20029,real_004,0.7945526131893585,0.6664586284956102,0.1973416115855373,0.25955127494282076,0.014461384622200282,158.12976467725787,1,1,1,1,1,1,1,1,1,1,1,1,1,1
param_20029,real_005,0.8470161351374543,0.7024444778480365,0.2919011138414416,0.34936304693857934,0.17988704110448697,497.80929731940876,1,1,1,1,1,1,1,1,1,1,1,0,1,1
param_20030,real_001,0.68287223389249,0.42582227385580695,0.11428174041466202,0.13339912818959232,1.8825463083746412,182.79277489588597,0,1,0,1,1,1,0,1,0,1,0,1,1,1
param_20030,real_002,0.6995703131360207,0.4115097145722142,0.11375687243076292,0.12183342738578112,2.9381752436389292,77.85802053611943,0,1,0,1,0,1,0,1,0,1,0,1,1,1
param_20030,real_003,0.6837941320020053,0.3849662674731757,0.10430697818620668,0.11870513792556055,2.169849592406904,67.32238656778105,0,1,0,1,1,1,0,1,0,1,0,1,1,1
param_20030,real_004,0.6848466722454069,0.4647233690091504,0.13548749859486608,0.15666206760374005,1.6557106011507174,132.48991867454032,0,1,0,1,1,1,0,1,0,1,0,1,1,1
param_20030,real_005,0.7146608727976955,0.4139285106732838,0.17912503631464563,0.18058130670639408,1.8733549173779591,336.04349594374895,0,1,0,1,0,1,0,1,0,1,0,0,1,1
param_20031,real_001,0.6935750424486935,0.4501171520863243,0.12413326471737189,0.1457848176253307,1.5352526349604565,187.86329840167124,0,1,0,1,1,1,1,1,0,1,0,1,1,1
param_20031,real_002,0.7082635424628657,0.4355997686329401,0.12016954790072534,0.12919870389326937,2.6234024424879294,70.45118986727819,0,1,0,1,1,1,0,1,0,1,0,1,1,1
param_20031,real_003,0.6922883079406114,0.4090322337570369,0.1119291289134895,0.12752785680130244,1.9062933136831763,67.6594907063438,0,1,0,1,1,1,0,1,0,1,0,1,1,1
param_20031,real_005,0.7241876342735526,0.44349940096073803,0.18763689755856525,0.1910184628958712,1.6466692486444616,344.4835751193334,1,1,0,1,1,1,0,1,0,1,0,0,1,1
param_20032,real_001,0.69392594090265,0.458304944732417,0.12687347361585052,0.1504574792911836,1.5142527724259296,185.26554131708883,0,1,0,1,1,1,1,1,0,1,0,1,1,1
param_20032,real_002,0.7091331680332044,0.45764594208213416,0.12470799074350661,0.1359236114105695,2.5804033195686165,71.78380450651521,0,1,0,1,1,1,0,1,0,1,0,1,1,1
param_20032,real_003,0.6946036196347305,0.42002226130949233,0.1172459983676222,0.13480869663945116,1.8606707422374194,67.26133487178052,0,1,0,1,1,1,0,1,0,1,0,1,1,1
param_20032,real_004,0.6956306742335795,0.508037568524755,0.14742309048972857,0.17199536703127824,1.4175672014689504,129.34443300800675,0,1,0,1,1,1,1,1,0,1,0,1,1,1
param_20032,real_005,0.7270790654982929,0.45563496823234517,0.19304185663962808,0.1978544498842306,1.6155200459286192,342.85463099766986,1,1,0,1,1,1,0,1,0,1,0,0,1,1
param_20033,real_002,0.7419018469487638,0.5131309690477697,0.141010291252252,0.16250526733140958,1.7385657993591022,69.4192418592406,1,1,0,1,1,1,0,1,0,1,0,1,1,1
param_20033,real_003,0.7287728851339514,0.49257344181535606,0.13591875270848955,0.16175689116189493,1.2596442407377093,70.12828806023752,1,1,0,1,1,1,0,1,0,1,0,1,1,1
param_20033,real_004,0.7260894720538181,0.5683107459641116,0.16826152766916821,0.19956124225691518,1.0049928851386773,124.83071923851759,0,1,0,1,1,1,1,1,1,1,1,1,1,1
param_20033,real_005,0.7664064570460366,0.5409281785091179,0.2191038998709708,0.2378027566307831,1.006871943967226,377.7608105164358,1,1,0,1,1,1,0,1,0,1,0,0,1,1
param_20034,real_001,0.7724304833076229,0.6057685906768386,0.1928000813266014,0.2414434099144691,0.6785367039377734,194.3415776263571,1,1,1,1,1,1,1,1,1,1,1,1,1,1
param_20034,real_002,0.7726870869408501,0.5991682754749048,0.1721972982348694,0.21152952024930333,1.2837488812172357,68.41900648712459,1,1,0,1,1,1,1,1,0,1,0,1,1,1
param_20034,real_003,0.7701804967639353,0.5751638128045531,0.18218048490085972,0.2297659095166873,0.8735084881866609,69.0713132875357,1,1,1,1,1,1,0,1,1,1,0,1,1,1
param_20034,real_004,0.7709748891882205,0.6167475230594985,0.20590954902201156,0.2555549447787495,0.703011026293469,124.28108355795476,1,1,1,1,1,1,1,1,1,1,1,1,1,1
param_20034,real_005,0.8161737397852081,0.6384583194239911,0.278361833716253,0.3164173670377958,0.6554104793973015,378.64411585754635,1,1,1,1,1,1,0,1,0,1,0,0,1,1
param_20035,real_001,0.8086085446652791,0.6751364685533798,0.23585252674405882,0.29684667333477033,0.12084835286718111,238.2964736780319,1,1,1,1,1,1,1,1,1,1,1,1,1,1
param_20035,real_002,0.8037980180457015,0.6549391487552809,0.20823169420269091,0.2639603708955465,0.24968165344304044,120.48416491078582,1,1,1,1,1,1,1,1,1,1,1,1,1,1
param_20035,real_003,0.784199879257703,0.6396158847232092,0.20306590465805396,0.25856604565250635,0.09619227867702529,87.1852842788838,1,1,1,1,1,1,1,1,1,1,1,1,1,1
param_20035,real_004,0.7942898000832176,0.6728457007234158,0.2273128469757242,0.290379351310456,0.08618299601712165,146.59343112026085,1,1,1,1,1,1,1,1,1,1,1,1,1,1
param_20035,real_005,0.8433006146052563,0.7134597158654321,0.30690631135698937,0.3616208260871985,0.0681402896337306,458.523338378942,1,1,1,1,1,1,1,1,1,1,1,0,1,1
param_20036,real_001,0.7478298709872507,0.3044563259456895,0.060651133861413166,0.07842214929548091,1.9770374594262654,227.54719625774683,0,1,0,1,0,1,0,1,0,1,0,0,1,1
param_20036,real_002,0.7424992904796899,0.3789006197303882,0.08316001661931523,0.09211788975007813,2.587755558038208,228.19298970754613,0,1,0,1,0,1,0,1,0,1,0,1,1,1
param_20036,real_003,0.7586363248994846,0.38746054926474044,0.08959116323271983,0.09718986778888004,2.175748891774504,85.36267253253936,0,1,0,0,0,1,0,1,0,1,0,1,1,1
param_20036,real_004,0.7502960432026272,0.379981063980506,0.0854205578501765,0.10284207871365175,2.1403316890247988,243.81228130801006,0,1,0,1,0,1,0,1,0,1,0,1,0,1
param_20036,real_005,0.7572836822707846,0.3817964075043814,0.0985207580934795,0.11065252644059476,2.1578596755130546,342.9581737924369,0,1,0,1,0,1,0,1,0,1,0,1,0,1
param_20037,real_001,0.753636240056324,0.3317916076888837,0.06372131262352017,0.08393473737598116,1.7636818959198632,228.80741425567334,0,1,0,1,0,1,0,1,0,1,0,0,1,1
param_20037,real_002,0.7504327931410784,0.4036985747464903,0.08782211530646304,0.09871198664149317,2.3032297881094426,227.45142305232432,0,1,0,1,0,1,0,1,0,1,0,1,1,1
param_20037,real_003,0.7661861129821521,0.4171077282612146,0.09503507600930523,0.10517458228213263,1.948471180028685,85.40152043709617,0,1,0,0,0,1,0,1,0,1,0,1,1,1
param_20037,real_004,0.7572940087321353,0.4009400815006559,0.09117061618416766,0.11097332883268496,1.8975985500679655,243.93936532577942,0,1,0,1,0,1,0,1,0,1,0,1,0,1
param_20037,real_005,0.7667945051473815,0.41013460315782113,0.10545849664821767,0.11964561326128026,1.9061801641451597,341.19616199302664,0,1,0,1,0,1,0,1,0,1,0,1,0,1
param_20038,real_001,0.7531369566236262,0.3499227900480837,0.06921511613849796,0.09089837660998681,1.6759649883688839,223.44060272364027,0,1,0,1,0,1,0,1,0,1,0,0,1,1
param_20038,real_002,0.7506919735730156,0.4281192879587897,0.09416386746438114,0.10642386165157683,2.214421556262887,230.29567544896238,0,1,0,1,0,1,0,1,0,1,0,1,1,1
param_20038,real_003,0.7661010121261325,0.4333568256422802,0.10056739452272283,0.11197774404513858,1.8516746411483254,82.62137043082151,0,1,0,0,0,1,0,1,0,1,0,1,1,1
param_20038,real_004,0.7558377277790423,0.4157630996640724,0.0935099756967714,0.11431111768409613,1.8080154880945252,243.24592902952588,0,1,0,1,0,1,0,1,0,1,0,1,0,1
param_20038,real_005,0.7657548267602281,0.4281923214294436,0.11075744787896291,0.12778459110510465,1.812943856358033,346.04926875186004,0,1,0,1,0,1,0,1,0,1,0,1,1,1
param_20039,real_001,0.7764344694037836,0.43361026688970816,0.07899914239951383,0.11108263874813991,0.972262985833636,231.18001624871658,1,1,1,1,1,1,1,1,0,1,0,0,1,1
param_20039,real_002,0.78870939107506,0.5070157934549461,0.11569925369930617,0.13791067466225979,1.3497131819246078,226.12081950848605,1,1,1,1,1,1,1,1,0,1,0,1,1,1
param_20039,real_003,0.7980628688598395,0.5015087973331267,0.11630473412512402,0.14160779515497363,1.0674537239469466,88.28355892910858,1,1,1,0,1,1,1,1,0,1,0,1,1,1
param_20039,real_004,0.7927469925752939,0.4715328109197592,0.12138121253350206,0.1562453772235025,1.0356517587139902,243.42248444337739,1,1,1,1,1,1,1,1,0,1,0,1,0,1
param_20040,real_001,0.8043054506978211,0.5409716151944024,0.12770576003576517,0.17470414600196338,0.6675183961279069,186.98493538702655,1,1,1,1,1,1,1,1,0,1,0,0,1,1
param_20040,real_002,0.806454665080549,0.5988728733182273,0.16207858217746093,0.1963948204110287,1.0185296927641172,251.67489752617286,1,1,1,1,1,1,1,1,0,1,0,1,1,1
param_20040,real_003,0.81912507948387,0.5887539462579942,0.16822288064179033,0.20529616672745127,0.7802879124465028,66.34124641411324,1,1,1,0,1,1,1,1,0,1,0,1,1,1
param_20040,real_004,0.7994363751119649,0.5447865936136584,0.1446661638559303,0.18870375957516322,0.7420105741490534,240.83811298687806,1,1,1,1,1,1,1,1,0,1,0,1,1,1
param_20040,real_005,0.8177011665853396,0.5826881822502997,0.15936663407172813,0.202575255567527,0.7511469666456141,377.83847745833225,1,1,1,1,1,1,1,1,0,1,0,1,1,1
param_20041,real_001,0.7675674125753933,0.5923327543502412,0.11242707818196349,0.16104475813707123,0.1686764696875976,233.3173196067906,1,1,1,1,1,1,1,1,1,1,1,0,1,1
param_20041,real_002,0.8066049222350306,0.6543929313151995,0.16458567640129063,0.21009442109651505,0.021976147839540012,220.3506304204362,1,1,1,1,1,1,1,1,1,1,1,1,1,1
param_20041,real_003,0.8070805655659467,0.6428180727835305,0.15344770276209638,0.2041265891112262,0.14176115393458294,93.79200965029851,1,1,1,0,1,1,1,1,1,1,1,1,1,1
param_20041,real_004,0.8483568683983287,0.6590802721589497,0.21216243744806623,0.2786556968182211,0.14877783155856728,238.72047449653863,1,1,1,1,1,1,1,1,1,1,1,1,1,1
param_20041,real_005,0.8408899749710073,0.6716525175210621,0.19767089976899652,0.25110655014002314,0.10899367598998344,329.10771365820995,1,1,1,1,1,1,1,1,1,1,1,1,1,1
param_20042,real_001,0.7440848107825656,0.45397790457895176,0.1191859245796111,0.1295400779356224,2.395722675901444,363.0096979517629,0,1,0,1,0,1,0,1,0,1,0,1,1,1
param_20042,real_002,0.713492828590521,0.40856602028524563,0.09121040258236601,0.10564941402006847,2.6140895574602063,252.60666617183722,0,1,0,1,0,1,0,1,0,1,0,1,1,1
param_20042,real_003,0.7069279450261604,0.3897606210045651,0.08388454375394787,0.09699327106072976,2.310492052756172,96.59295799723141,0,1,0,1,0,1,0,1,0,1,0,1,1,1
param_20042,real_004,0.6934257620810123,0.3587169106875691,0.07524471518360958,0.09180655152931631,2.156263133668221,353.72708081575473,0,1,0,1,1,1,0,1,0,1,0,1,1,1
param_20042,real_005,0.7059154017712642,0.3824926479756715,0.07683338154755351,0.08967767639983311,2.4826161861469167,105.22889690397976,0,1,0,1,0,1,0,1,0,1,0,1,1,1
param_20043,real_001,0.7539108307434114,0.48667900457202085,0.12922298230080087,0.14169169396733042,2.0068581137079398,352.6667358788544,0,1,0,1,0,1,0,1,0,1,0,1,1,1
param_20043,real_002,0.7237120342258925,0.4416503929968051,0.09832027191043059,0.11511387049419453,2.252154409160666,256.3122719443206,0,1,0,1,0,1,0,1,0,1,0,1,1,1
param_20043,real_003,0.7165402911766714,0.41500839206751494,0.08992623203306228,0.10624345086023197,1.9783600821480185,101.08503163975934,0,1,0,1,0,1,0,1,0,1,0,1,1,1
param_20043,real_004,0.7036245178268612,0.3879171490531151,0.08234187772633594,0.10116718973888551,1.8302824737087686,358.9713716023839,0,1,1,1,1,1,0,1,0,1,0,1,1,1
param_20043,real_005,0.7156958955374102,0.4116840972147076,0.08245919630529494,0.09781477375451234,2.165339772855903,108.51198881181776,0,1,0,1,0,1,0,1,0,1,0,1,1,1
param_20044,real_001,0.7541466833898034,0.49712614584097414,0.1327719952785484,0.1468847044316299,1.9823879983559392,356.69352488211325,0,1,0,1,0,1,0,1,0,1,0,1,1,1
param_20044,real_002,0.7235060836869939,0.45039333924550085,0.1006465533016276,0.11837072165053318,2.2175893482831115,251.28864656001642,0,1,0,1,0,1,0,1,0,1,0,1,1,1
param_20044,real_003,0.7165104284866294,0.4267354239886839,0.09273510142514865,0.11021041339191345,1.9333458188969004,96.2490256447401,0,1,0,1,0,1,0,1,0,1,0,1,1,1
param_20044,real_004,0.7035992806383327,0.4006212781140129,0.0861618750302825,0.10653193046560798,1.7852462780142344,354.1461610878005,0,1,1,1,1,1,0,1,0,1,0,1,1,1
param_20044,real_005,0.7143747778180822,0.42015908427017445,0.08564902080653153,0.10242923497926468,2.1211191100693862,103.1427968378121,0,1,0,1,0,1,0,1,0,1,0,1,1,1
param_20045,real_001,0.7917557755141845,0.5842612052696431,0.16011011818873389,0.18973905993664544,0.9362900105405009,326.2492379808165,1,1,0,1,1,1,0,1,1,1,0,1,1,1
param_20045,real_002,0.7562100055815183,0.5238827780583449,0.1266730661131772,0.155688768572941,1.2985273872596053,267.51877007836777,1,1,1,1,1,1,1,1,0,1,0,1,1,1
param_20045,real_003,0.7556817014808033,0.5013760471262464,0.11683558325567216,0.14693929073353526,1.063121566974459,111.9053891361891,1,1,1,1,1,1,1,1,1,1,0,1,1,1
param_20045,real_004,0.7326371084453888,0.46847279949826687,0.10401326472362743,0.13645021523038506,1.0319135229849516,371.4547902140774,1,1,1,1,1,1,1,1,0,1,0,1,1,1
param_20045,real_005,0.753017806085867,0.4995690536415365,0.1088891958152835,0.13508563479187397,1.348013490630729,110.94264472608984,1,1,1,1,1,1,1,1,0,1,0,1,1,1
param_20046,real_001,0.8175257446104396,0.631905627319294,0.1866985762500941,0.23049848781863236,0.7703540146875839,344.8464797666771,1,1,1,1,1,1,1,1,0,1,0,1,1,1
param_20046,real_002,0.7849306663090289,0.5818464633641482,0.15172471423911563,0.19493222025585766,0.9887384948565241,235.58765918115722,1,1,1,1,1,1,1,1,0,1,0,1,1,1
param_20046,real_003,0.7862139149102058,0.5739503795086114,0.1493746999530567,0.19377417467214697,0.8091992792126784,80.15329349780885,1,1,1,1,1,1,1,1,1,1,0,1,1,1
param_20046,real_004,0.762357540228901,0.544204508139717,0.13884539379900313,0.18868153547394378,0.7652280002686307,336.6043850804505,1,1,1,1,1,1,1,1,0,1,0,1,1,1
param_20046,real_005,0.7779838679464772,0.5743115919797056,0.13835511016679378,0.17514230163034308,1.0311115415345131,75.19109877205226,1,1,1,1,1,1,1,1,0,1,0,1,1,1
param_20047,real_001,0.8189807489984972,0.6902819162497502,0.18122247304004474,0.23528074604419338,0.08239437510274795,265.7055621275312,1,1,1,1,1,1,1,1,1,1,1,1,1,1
param_20047,real_002,0.8251996065511362,0.687855680521515,0.19799357692084385,0.2602935167972159,0.02803726692622492,290.1482289421244,1,1,1,1,1,1,1,1,1,1,1,1,1,1
param_20047,real_003,0.8163024408783198,0.6728645364083258,0.18869449867124768,0.2486823795201854,0.06899913216115648,128.8355398318765,1,1,1,1,1,1,1,1,1,1,1,1,1,1
param_20047,real_004,0.7887975299962016,0.6291814672736122,0.1672866800791265,0.23298083893596036,0.0004821325483877107,373.7819962429394,1,1,1,1,1,1,1,1,1,1,1,1,1,1
param_20047,real_005,0.8231730938043131,0.6782971489829603,0.19354720267880943,0.24902091434126064,0.039760544352589765,103.53736748203262,1,1,1,1,1,1,1,1,1,1,1,1,1,1
param_20048,real_001,0.6749079679416949,0.36267167969448716,0.09615923221164918,0.10931790270515425,2.2220998220489787,180.65226426491094,0,1,0,0,0,1,0,1,0,1,0,1,1,1
param_20048,real_002,0.7079525801914754,0.3946222019200477,0.12784616071795193,0.1322026413359129,2.379936099046478,140.0751985657129,0,1,0,0,0,1,0,1,0,1,0,0,1,1
param_20048,real_003,0.7041743075701882,0.3805189769911022,0.11606040527119596,0.12290766001013509,2.249566688245244,32.09544400636683,0,1,0,1,0,1,0,1,0,1,0,1,1,1
param_20048,real_004,0.6981909701270872,0.44119729170761346,0.1634524934465641,0.16604404983415003,1.8858292496515758,329.9236745677265,0,1,0,1,0,1,0,1,0,1,0,1,1,1
param_20048,real_005,0.6928204805590312,0.3895750078218886,0.1086243219814576,0.11387271129951132,2.537041540468242,224.07877205189746,0,0,0,1,0,1,0,1,0,1,0,1,1,1
param_20049,real_001,0.6837919592271768,0.38663449372288367,0.10174078682464828,0.11759187115146096,1.9311235305453844,183.2755545444746,0,1,0,0,0,1,1,1,0,1,0,1,1,1
param_20049,real_002,0.715769767782145,0.419870563937323,0.13469568303753088,0.14144415986068143,2.0020396851790268,145.28127782331435,0,1,0,0,0,1,0,1,0,1,0,0,1,1
param_20049,real_003,0.7139435735241533,0.40683375957325973,0.12587610464656687,0.1338546967532135,1.989951003938899,28.293022327381458,0,1,0,1,0,1,0,1,0,1,0,1,1,1
param_20049,real_004,0.7103852865474108,0.4725549489281361,0.17689299606659592,0.18192135854277453,1.4844983743613562,332.43070460176216,1,1,0,1,1,1,0,1,0,1,0,1,1,1
param_20049,real_005,0.704322629909175,0.4249277573096071,0.11583307258674354,0.12329191549805507,2.1917767226589,228.2820628247961,0,0,0,1,1,1,0,1,0,1,0,1,1,1
param_20050,real_001,0.6856685910498829,0.4049801771631033,0.10793452037346246,0.12557409847984352,1.8840472533515369,180.18730337446468,0,1,0,0,0,1,1,1,0,1,0,1,1,1
param_20050,real_002,0.7179271168574053,0.4339077858447263,0.14210570128420696,0.151718198401629,1.9692564085696116,143.37649012493938,0,1,0,0,0,1,0,1,0,1,0,0,1,1
param_20050,real_003,0.713804155175437,0.4178111333695778,0.13025348797868758,0.1399751512268244,1.95800939038531,31.366123096480088,0,1,0,1,0,1,0,1,0,1,0,1,1,1
param_20050,real_004,0.7121195808253841,0.4828820699016159,0.18270452549134308,0.18991359476502695,1.461395402342926,330.6712322269219,1,1,0,1,1,1,0,1,0,1,0,1,1,1
param_20050,real_005,0.7063339441028309,0.4386040079470376,0.12225559508784413,0.13122032172371223,2.1534019236833806,224.00592520247693,0,0,0,1,1,1,0,1,0,1,0,1,1,1
param_20051,real_001,0.712126460858473,0.462880880542679,0.12597754646976034,0.15402175089416587,1.129033161158471,191.05945792936842,1,1,0,0,1,1,1,1,0,1,0,1,1,1
param_20051,real_002,0.7526776379665081,0.5114267082701835,0.1626378307301536,0.18548338015437657,1.1054047330285786,159.1777471044878,1,1,1,0,1,1,0,1,0,1,0,0,1,1
param_20051,real_003,0.75275398399129,0.4899660223924807,0.16072093144426358,0.18131732480406754,1.2190026665906142,24.15450106267393,1,1,1,1,1,1,0,1,0,1,0,1,1,1
param_20051,real_004,0.7504217287765226,0.5507531569511526,0.21725731278853988,0.24322202424898845,0.7131819152343333,352.656361863034,1,1,1,1,1,1,1,1,0,1,0,1,1,1
param_20051,real_005,0.741763469743579,0.5223597093054129,0.1494285062675336,0.17043611526268151,1.3035202649197322,235.3590922722495,0,0,1,1,1,1,1,1,0,1,0,1,1,1
param_20052,real_001,0.754754554302976,0.559706409877073,0.1729651627262563,0.21936044376064706,0.8113567073170732,171.69518862431804,1,1,1,0,1,1,1,1,0,1,0,1,1,1
param_20052,real_002,0.7937496249922766,0.603616060886915,0.21798669597272377,0.27005620085178683,0.7485633853742946,150.37515715681448,1,1,1,0,1,1,1,1,0,1,0,0,1,1
param_20052,real_003,0.7841274749848841,0.5793798579930298,0.18623240431390106,0.225644834677305,0.8628805382304,39.56605335400593,1,1,1,1,1,1,1,1,0,1,0,1,1,1
param_20052,real_004,0.7958324917559614,0.6173800972720352,0.26330935501166336,0.31500019354318143,0.45404401354611457,351.76648216844137,1,1,1,1,1,1,1,1,1,1,0,1,1,1
param_20052,real_005,0.7794432799911961,0.5955189141421676,0.19720727728397858,0.23412188141052592,0.9448246520391418,208.7272320704913,0,0,1,1,1,1,1,1,0,1,0,1,1,1
param_20053,real_001,0.7909830788695977,0.6365071811945295,0.21565878566666627,0.2850976456583708,0.07383611742611446,191.23156848459638,1,1,1,0,1,1,1,1,1,1,1,1,1,1
param_20053,real_002,0.81388935861916,0.6647969595208181,0.23943887171407252,0.30120275565725874,0.08296875211637704,200.56082976632922,1,1,1,0,1,1,1,1,1,1,1,0,1,1
param_20053,real_003,0.832071283226449,0.6800388327139065,0.25044177124738926,0.3147382029160799,0.05691983224649099,28.153190404221675,1,1,1,1,1,1,1,1,1,1,1,1,1,1
param_20053,real_004,0.8118430017113145,0.6674804291381582,0.2699361485448933,0.3350579241789387,0.16045515482457576,408.22066404907457,1,1,1,1,1,1,1,1,1,1,1,1,1,1
param_20053,real_005,0.8076362820561802,0.6650899992352575,0.21451515566872598,0.28024904352095403,0.05427863515953451,232.77111846313628,1,0,1,1,1,1,1,1,1,1,1,1,1,1
param_20054,real_001,0.7626798181177875,0.42181172407768797,0.08458773854734852,0.09853466252140933,2.482893986077827,152.2113041691568,0,1,0,1,0,1,0,1,0,1,0,1,0,0
param_20054,real_002,0.7560786935288633,0.4163539887310776,0.07811981398459757,0.08920759939178502,2.6338461538461537,153.83546730590632,0,1,0,1,0,1,0,1,0,1,0,1,1,1
param_20054,real_003,0.7151863370239258,0.4052553035860885,0.05584950057691751,0.07359414728596378,2.6480278577646823,723.6750786023504,0,1,0,1,0,1,0,1,0,1,0,1,1,1
param_20054,real_004,0.7256923727547496,0.42299938610616555,0.06703383727191246,0.08105102233894879,2.6764251315936836,171.93957279519213,0,1,0,1,0,1,0,1,0,1,0,1,0,1
param_20054,real_005,0.7458419739352488,0.34742981909688964,0.05622702335061002,0.07296998051359119,2.7159869754309267,157.71561632880838,0,1,0,1,0,1,0,1,0,1,0,1,0,1
param_20055,real_001,0.7682066533720913,0.4338696588137003,0.0896437557171106,0.10575381867973155,2.232292637465051,151.43580988852028,0,1,0,1,0,1,0,1,0,1,0,1,0,0
param_20055,real_002,0.7613778395963955,0.42824569442465305,0.0816452199120149,0.09477102171780703,2.3907190404287446,153.06592929271693,0,1,0,1,0,1,0,1,0,1,0,1,1,1
param_20055,real_003,0.7190768908030616,0.4152940752739848,0.05916307339021452,0.07875865295263232,2.401985886467245,724.0509139933117,1,1,0,1,1,1,0,1,0,1,0,1,1,1
param_20055,real_004,0.7298574509091904,0.4320506860184604,0.0710895296356032,0.08707658042720569,2.4109310058187865,172.86528137721277,0,1,0,1,0,1,0,1,0,1,0,1,0,1
param_20055,real_005,0.7499868989507316,0.3512158276583318,0.05924996543708365,0.07822264060310676,2.453643154931962,158.80287180526008,0,1,0,1,0,1,0,1,0,1,0,1,0,1
param_20056,real_001,0.766476882779441,0.45702738912362983,0.09072561042149858,0.10844675041320613,2.1232705689725746,156.6950542908292,0,1,0,1,0,1,0,1,0,1,0,1,0,0
param_20056,real_002,0.7619856798189218,0.45471923930048347,0.08910739288138332,0.10357560396973202,2.2836635498620095,156.20083964700032,0,1,0,1,0,1,0,1,0,1,0,1,1,1
param_20056,real_003,0.7178459525766017,0.4328824453603763,0.061050667557494345,0.08224097947264292,2.285315107045934,718.8454589062063,1,1,0,1,1,1,0,1,0,1,0,1,1,1
param_20056,real_004,0.7289173264421468,0.45343732383251245,0.07385441244460395,0.09079640688073329,2.2977838500331518,168.40055550288332,0,1,0,1,0,1,0,1,0,1,0,1,1,1
param_20056,real_005,0.7497643565259814,0.3796969248569208,0.06406040844762396,0.08474771767553806,2.3401899381882187,154.03395809855857,0,1,0,1,0,1,0,1,0,1,0,1,1,1
param_20057,real_001,0.8014577182736208,0.5093281072335953,0.11837919970476554,0.1481129052006575,1.2596135337232546,149.94569346352887,1,1,1,1,1,1,1,1,0,1,0,1,0,0
param_20057,real_002,0.7928638591816327,0.5109204265153465,0.10819295258416027,0.13446897544418032,1.3890403979860944,149.18851217543025,1,1,1,1,1,1,1,1,0,1,0,1,0,1
param_20057,real_003,0.7500300080552392,0.50109360313682,0.07811291857933471,0.11202538969142052,1.3971485566768365,723.3478766868877,1,1,1,1,1,1,1,1,0,1,0,1,0,1
param_20057,real_004,0.76117819291066,0.5086272086740035,0.09512232417567779,0.12286974857950193,1.3586876859183468,175.2582860578187,1,1,1,1,1,1,1,1,0,1,0,1,1,1
param_20057,real_005,0.7796850264481172,0.4440129496804305,0.08095441373507621,0.11358059165193574,1.4183127602507297,162.62535482935365,1,1,1,1,1,1,1,1,0,1,0,1,0,1
param_20058,real_001,0.8000570164807486,0.5698641377814819,0.12110902796533363,0.15798069293549027,0.8805052372150339,193.29513399897803,1,1,1,1,1,1,1,1,0,1,0,1,1,0
param_20058,real_002,0.8101478426529565,0.6102720382260947,0.15524808196214135,0.19227529227752896,1.028254481153078,177.91483988154357,1,1,1,1,1,1,1,1,0,1,0,1,1,1
param_20058,real_003,0.7617462514548639,0.5603889306805526,0.09540170343431181,0.14072491254796352,1.0116443667606259,680.9885676098452,1,1,1,1,1,1,1,1,0,1,0,1,1,1
param_20058,real_004,0.7738488478639718,0.5539247750942063,0.12087043171859316,0.15946870377752315,1.0642410674983964,141.89083818633128,1,1,1,1,1,1,1,1,0,1,0,1,1,1
param_20058,real_005,0.7980073484912404,0.5482333410864472,0.11959728217788018,0.165660300126437,1.0741875214479086,124.80717538770847,1,1,1,1,1,1,1,1,0,1,0,1,1,1
param_20059,real_001,0.8381393564007104,0.6717912373226612,0.16825033607842768,0.21723202583676465,0.07548632946208417,147.6620727460534,1,1,1,1,1,1,1,1,1,1,1,1,1,0
param_20059,real_002,0.8051694898282815,0.6488889144983164,0.16103899164479785,0.20505770358639988,0.012217561815782462,138.99470938531545,1,1,1,1,1,1,1,1,1,1,1,1,1,1
param_20059,real_003,0.7565521049018501,0.6327488150991283,0.10493454494227579,0.15896875798711782,0.0021918711497249475,723.2297367004475,1,1,1,1,1,1,1,1,1,1,1,1,1,1
param_20059,real_004,0.8028983552932962,0.6486574612112064,0.15998648892835948,0.21601978618925863,0.005014848605455715,191.37648191508785,1,1,1,1,1,1,1,1,1,1,1,1,1,1
param_20060,real_001,0.7458003655463468,0.43223812474357737,0.106489245472638,0.12216947177677309,2.1134036887266987,132.78498529130655,0,1,0,1,1,1,0,1,0,1,0,1,0,0
param_20060,real_002,0.7351312142994441,0.48310281900744256,0.1016280098686781,0.11393670508611392,2.2593398765236663,107.6923340494129,1,1,1,1,0,1,0,1,0,1,0,1,1,1
param_20060,real_003,0.69774805907091,0.4362662217599692,0.06818921183458411,0.08764440869279046,2.254226722330317,693.0070711404285,1,1,0,1,1,1,0,1,0,1,0,1,0,1
param_20060,real_004,0.6844581907379204,0.4312074965545236,0.07925941657076094,0.09919969293543097,2.0912158362388933,115.2401882498676,0,1,0,1,1,1,0,1,0,1,0,1,0,1
param_20060,real_005,0.7228306984928747,0.3839674011423248,0.06305485816955742,0.08137062527898266,2.5782716956486245,166.30917744125696,1,1,0,1,0,1,0,1,0,1,0,1,0,1
param_20061,real_001,0.7539050859080269,0.4462306209140889,0.11277759407103113,0.13107761697809542,1.8665819106429349,130.9632032826225,0,1,0,1,1,1,1,1,0,1,0,1,0,0
param_20061,real_002,0.7423371545411463,0.4951787591626234,0.10674801926338802,0.1210646429693044,2.0216653519473136,103.17023138300274,1,1,1,1,0,1,1,1,0,1,0,1,1,1
param_20061,real_003,0.7019902505595642,0.4495653064610254,0.07204255581886822,0.09405448297354008,2.030930555799919,694.8597682681743,1,1,0,1,1,1,0,1,0,1,0,1,0,1
param_20061,real_004,0.6887410832126164,0.436372680401142,0.08369071521834812,0.10621299236972362,1.8818790304258926,119.00211805229256,0,1,0,1,1,1,0,1,0,1,0,1,0,1
param_20061,real_005,0.7280893092178841,0.39453392992351705,0.06686423033524314,0.08743371898655598,2.2978631353222227,168.07042254680584,1,1,0,1,1,1,0,1,0,1,0,1,0,1
param_20062,real_001,0.7542740809160807,0.47222901149356944,0.1161717967072199,0.13757003297046805,1.7753472832776507,135.24900207686005,0,1,0,1,1,1,1,1,0,1,0,1,0,0
param_20062,real_002,0.7433791179246992,0.5199210605399661,0.11321390366503774,0.12907560824716355,1.9303326810176125,107.75159408126952,1,1,1,1,0,1,1,1,0,1,0,1,1,1
param_20062,real_003,0.705016221345734,0.4700355331613346,0.07487380481034585,0.09894763012235021,1.9394932173022779,689.4212131703101,1,1,0,1,1,1,0,1,0,1,0,1,0,1
param_20062,real_004,0.6890014286958589,0.45312291488806816,0.08686033699349867,0.11077926575469993,1.8293670538579003,114.92935820632701,0,1,0,1,1,1,0,1,0,1,0,1,0,1
param_20062,real_005,0.7295726254822422,0.41934351059541547,0.07061838786925284,0.09267219546265064,2.229699358927124,164.14864010041524,1,1,0,1,1,1,0,1,0,1,0,1,0,1
param_20063,real_001,0.7883165123378538,0.5235112949584606,0.14284369177576334,0.17600531364169442,1.1356624810565057,126.47831358326982,1,1,1,1,1,1,1,1,0,1,0,1,0,0
param_20063,real_002,0.770910740709159,0.5714546954407558,0.13113411770986957,0.15711369193329822,1.2493001406546587,81.9262593622774,1,1,1,1,1,1,1,1,0,1,0,1,1,1
param_20063,real_003,0.7328803916245741,0.527985396066888,0.09396358847918164,0.1288367971348044,1.185128810076487,699.038061088176,1,1,1,1,1,1,0,1,0,1,0,1,0,1
param_20063,real_004,0.7146842243605144,0.49211462634734815,0.1058608782430177,0.1385405308663461,1.1358408455082374,138.65408170680425,1,1,1,1,1,1,1,1,1,1,0,1,0,1
param_20063,real_005,0.7527356259945652,0.4687171613433796,0.0835962034413534,0.11439882702347774,1.453792215426388,177.29988117555047,1,1,1,1,1,1,0,1,0,1,0,1,0,1
param_20064,real_001,0.804891832354037,0.6107294408032675,0.1567039166088569,0.2021808122808398,0.7048022293750406,161.12748360280136,1,1,1,1,1,1,1,1,1,1,1,1,1,0
param_20064,real_002,0.7904805148467497,0.6503620632720062,0.15945961222221924,0.20038917749457333,0.926840110430022,114.96757515427312,1,1,1,1,1,1,1,1,0,1,0,1,1,1
param_20064,real_003,0.7548745641674373,0.592904835735851,0.11664569425434797,0.16626494927168775,0.8458447625578605,659.940459778976,1,1,1,1,1,1,0,1,1,1,0,1,1,1
param_20064,real_004,0.7467965761773148,0.5618775192455192,0.13903871306816679,0.1875870204432655,0.8121119548136834,110.55590448249511,1,1,1,1,1,1,1,1,1,1,1,1,1,1
param_20064,real_005,0.7839174314729921,0.5794613995772252,0.11972498226846799,0.1643235093917382,1.07573820179489,145.9941727474025,1,1,1,1,1,1,1,1,0,1,0,1,1,1
param_20065,real_002,0.8019022912566062,0.6792253736645386,0.17571014090409373,0.22417447602469,0.08352355328680346,54.88289044785414,1,1,1,1,1,1,1,1,1,1,1,1,1,1
param_20065,real_003,0.7530598622240628,0.6329922908834932,0.11868680608554677,0.17512642420504282,0.10480545383416599,694.4076592255103,1,1,1,1,1,1,1,1,1,1,0,1,1,1
param_20065,real_004,0.7797304522282414,0.6345120477384901,0.18494571633976747,0.24990989472243488,0.04012816793026454,186.65217012828896,1,1,1,1,1,1,1,1,1,1,1,1,1,1
param_20065,real_005,0.8043474929791437,0.6372806071304397,0.1485987019026722,0.20807551747044437,0.1699844510140208,197.67958214731868,1,1,1,1,1,1,1,1,1,1,0,1,1,1
param_20066,real_001,0.6613559655077331,0.40377363863477606,0.06622493021217578,0.09715490082095064,1.6292292792652066,291.2763334821623,1,1,1,1,1,1,1,1,0,1,0,1,1,1
param_20066,real_002,0.6824317105198722,0.42869495129810803,0.07877007739097955,0.10847361844779595,1.7139074960127592,116.91592473169537,0,1,1,1,0,1,1,1,0,1,1,1,1,1
param_20066,real_003,0.7106590294912424,0.4554656873495732,0.08078837576739635,0.10043631509451015,1.8830881416380079,186.49466621054103,1,1,1,1,0,1,1,1,0,1,1,1,0,1
param_20066,real_004,0.6720540255910954,0.38830387070977496,0.054780056066734154,0.0765449006058204,2.2775539318694453,42.808544406190386,1,1,0,1,1,1,0,1,0,0,0,1,1,1
param_20066,real_005,0.7680136627922712,0.5516288612098481,0.20419055459807237,0.21133932313838089,1.4295734214732398,105.15163824574782,1,1,0,1,1,1,0,1,0,1,0,1,0,0
param_20067,real_001,0.6664873317492375,0.41312830609755813,0.0702911305181464,0.10414797795760551,1.4051613271984225,293.7953470002902,1,1,1,1,1,1,1,1,1,1,0,1,1,1
param_20067,real_002,0.6899441663998996,0.43828634743496875,0.08448989047044737,0.11714033016118243,1.5095789396062238,112.97164099372209,1,1,1,1,1,1,1,1,0,1,1,1,1,1
param_20067,real_003,0.7173012485875002,0.4644872805727968,0.0851059613378173,0.10644190711638862,1.7416990930700864,187.07812315902305,1,1,1,1,0,1,1,1,0,1,1,1,0,1
param_20067,real_004,0.6787092850025489,0.39973083012853594,0.05811048640885086,0.08295108107889973,2.0006883527189934,41.89675827829022,1,1,0,1,1,1,0,1,0,0,0,1,1,1
param_20067,real_005,0.7790617235224299,0.5775673884336261,0.2161422531182198,0.22824914721789696,1.2325538286040212,104.13646688571403,1,1,0,1,1,1,0,1,1,1,0,1,0,0
param_20068,real_001,0.6664114394934653,0.42382367967031503,0.0743035077901459,0.11001237922137093,1.373785380850974,289.29618736166026,1,1,1,1,1,1,1,1,1,1,0,1,1,1
param_20068,real_002,0.6909445758367617,0.461030678790348,0.08835064014310995,0.1236633089863368,1.4619769662596216,118.51428669342637,1,1,1,1,1,1,1,1,0,1,1,1,1,1
param_20068,real_003,0.7180247943329461,0.4762123765276126,0.08837886669341569,0.11150996106347723,1.6801799801666593,188.53244225667692,1,1,1,1,0,1,1,1,0,1,1,1,0,1
param_20068,real_004,0.6800340558543289,0.40924642831924957,0.06242294874106938,0.08841906952689456,1.9447629605251762,42.37016839471206,1,1,0,1,1,1,0,1,0,0,0,1,1,1
param_20068,real_005,0.7815738446468542,0.5897488920972149,0.21957711462073412,0.23410165559971755,1.2087436165110177,103.97262924341078,1,1,0,1,1,1,0,1,1,1,0,1,0,0
param_20069,real_001,0.6858334743630912,0.45939475409038993,0.08259984355008726,0.127340354872852,0.8868884803372046,302.46870108874083,1,1,1,1,1,1,1,1,1,1,0,1,1,1
param_20069,real_002,0.7180637434983532,0.49499240093018115,0.10781411593371852,0.15112468018816005,0.9060004256415426,88.35368201719164,1,1,1,1,1,1,1,1,0,1,1,1,1,1
param_20069,real_003,0.7427103951677384,0.5104173056537994,0.10585904675884468,0.13522528061530825,1.2052927708495713,188.9690661658364,1,1,1,1,1,1,1,1,0,1,1,1,0,1
param_20069,real_004,0.702686923094411,0.4479765419703023,0.07453813541885566,0.11197145981110528,1.1737907401961412,44.25276046534573,1,1,1,1,1,1,1,1,0,0,0,1,1,1
param_20069,real_005,0.8172879649567342,0.657514632975309,0.25090356385870016,0.2770129158504268,0.6883303140096618,107.49961190829919,1,1,1,1,1,1,1,1,1,1,1,1,0,0
param_20070,real_001,0.7258337619160049,0.558936897907536,0.1210425706292517,0.1836417030827356,0.6069157772134497,273.3774407287848,1,1,1,1,1,1,1,1,1,1,0,1,1,1
param_20070,real_002,0.7572638908712651,0.5966141346863015,0.142904618609023,0.20994220185844925,0.6159120261338601,107.55761703309761,1,1,1,1,1,1,1,1,0,1,1,1,1,1
param_20070,real_003,0.7709083594264119,0.5905627193240841,0.13816333941168318,0.18393990549185696,0.8194523988947501,201.6589592916177,1,1,1,1,1,1,1,1,0,1,1,1,1,1
param_20070,real_004,0.7417769809950056,0.5490487915309042,0.11513901124014435,0.16891606156631997,0.845187058402162,39.483017685140105,1,1,1,1,1,1,1,1,0,0,0,1,1,1
param_20070,real_005,0.842501685201152,0.7076970531526661,0.25036199606462994,0.2926999055481792,0.4635078798302518,98.24976906417953,1,1,1,1,1,1,1,1,1,1,1,1,1,0
param_20071,real_001,0.7355643796471001,0.5936118662603657,0.13169236544943153,0.20359416845297307,0.015315570729706416,311.57054959813144,1,1,1,1,1,1,1,1,1,1,1,1,1,1
param_20071,real_002,0.7743902393370754,0.6289943905535985,0.17212489331850603,0.2444973478008885,0.08149230964789628,63.84748210988364,1,1,1,1,1,1,1,1,1,1,1,1,1,1
param_20071,real_004,0.7561759962229921,0.5973278036619558,0.13431801571426105,0.20535079179202703,0.11514873241284314,61.88115372599466,1,1,1,1,1,1,1,1,1,0,1,1,1,1
param_20071,real_005,0.8349280104659303,0.7180176033019557,0.22933650612095133,0.2760896361041597,0.0037761251442492627,121.07500221193874,1,1,1,1,1,1,1,1,1,1,1,1,1,0
param_20072,real_001,0.7613507273230935,0.399863856746823,0.0638130948012139,0.07618222913752185,2.5895131600009145,199.46497958135313,0,1,0,1,0,1,0,1,0,1,0,1,0,1
param_20072,real_002,0.7717583208791318,0.4027883466432555,0.09735522593448795,0.10670342927578899,2.676024226792253,161.78160007855178,0,1,0,1,0,1,0,1,0,1,0,0,1,1
param_20072,real_003,0.7279630772659564,0.39120985591504537,0.042144310762309296,0.059228272003487466,2.6151016542214585,537.0655284452063,0,1,0,1,1,1,0,1,0,1,0,1,1,1
param_20072,real_004,0.7191087924878525,0.3778774374354616,0.05105608692651181,0.06461912003448456,2.7704794863621873,178.58066030429723,0,1,0,1,0,1,0,1,0,1,0,1,1,1
param_20072,real_005,0.7511111718863112,0.355605035868064,0.11265683911412934,0.1226986579595777,1.971665263205808,432.10888969789846,0,1,0,1,0,1,0,1,0,1,0,1,1,1
param_20073,real_001,0.7684869358137894,0.42111787528915995,0.0682701773232879,0.08288521345552624,2.309362679990724,198.3195826198638,0,1,0,1,0,1,0,1,0,1,0,1,0,1
param_20073,real_002,0.7783018721997003,0.42210535908303,0.10172644730341113,0.11310740616402448,2.4011037010206038,160.40304548541474,0,1,0,1,0,1,0,1,0,1,0,0,1,1
param_20073,real_003,0.7326369898637987,0.40619697995757037,0.04466921659154264,0.0637766070891017,2.3611583280427615,537.363563800773,1,1,0,1,1,1,0,1,0,1,0,1,1,1
param_20073,real_004,0.7229014376320723,0.388016190572154,0.05447109543663455,0.07018454981000848,2.477677446451071,179.80959437949153,0,1,0,1,0,1,0,1,0,1,0,1,1,1
param_20073,real_005,0.7573808795163892,0.37440376733754077,0.11957166495583094,0.13216256433064624,1.7332900713822192,433.9713990802651,0,1,0,1,0,1,0,1,0,1,0,1,1,1
param_20074,real_001,0.7670630315105437,0.4438918795647866,0.07069995339110015,0.08622282554491623,2.199417076004321,203.59107187336417,0,1,0,1,0,1,0,1,0,1,0,1,0,1
param_20074,real_002,0.7788908087267831,0.456830596526407,0.11040693592330425,0.1241689645619932,2.3023833167825223,165.0425191189781,0,1,0,1,0,1,0,1,0,1,0,0,1,1
param_20074,real_003,0.7313816657497657,0.4219778858650626,0.04743889698701656,0.06789587028614062,2.246019659421293,532.1003942524203,1,1,0,1,1,1,0,1,0,1,0,1,1,1
param_20074,real_004,0.721480064893495,0.40344401713667966,0.05686424008006981,0.07343151660614426,2.370929001791239,175.38615468782123,0,1,0,1,0,1,0,1,0,1,0,1,1,1
param_20074,real_005,0.7573449565240398,0.3918386599383876,0.12249976181597935,0.13649231797945405,1.6595783684692942,429.01988856987435,0,1,0,1,0,1,0,1,0,1,0,1,1,1
param_20075,real_001,0.80215343950868,0.5201159273616557,0.09332291027577799,0.1213248073711899,1.2767528210483567,195.79633703210348,1,1,1,1,1,1,1,1,0,1,0,1,0,1
param_20075,real_002,0.814822758433165,0.5209618979346476,0.13132875651061415,0.15750935852535763,1.3631895300980073,154.29850935012263,1,1,1,1,1,1,1,1,0,1,0,0,1,1
param_20075,real_003,0.756119331505883,0.48162124208195123,0.05846932353247643,0.09186999517563971,1.350610847739219,535.7378794681122,1,1,1,1,1,1,1,1,0,1,0,1,0,1
param_20075,real_004,0.7523272417828585,0.46453050818043456,0.0745991669056361,0.10211676952819478,1.4340368617537258,185.14248632467286,1,1,1,1,1,1,1,1,0,1,0,1,1,1
param_20075,real_005,0.7945120814069834,0.4697267976414436,0.15829406322809128,0.18674179668381946,0.9062718990889979,443.05034217566015,1,1,1,1,1,1,1,1,0,1,0,1,0,1
param_20076,real_001,0.8078151167734501,0.5753907784879106,0.1152602606609204,0.15182832980493194,0.9159638223339721,239.10294648746063,1,1,1,1,1,1,1,1,0,1,0,1,1,1
param_20076,real_002,0.8280025228831096,0.629495236713423,0.16627707737467887,0.20658027718451094,1.0549447720075182,192.682701166233,1,1,1,1,1,1,1,1,0,1,0,0,1,1
param_20076,real_003,0.7694344625064846,0.5520472565384053,0.08234804480625327,0.1278485346441689,0.9788039546660237,493.3408800489662,1,1,1,1,1,1,1,1,0,1,0,1,1,1
param_20076,real_004,0.763400487978885,0.5271051819701027,0.09931516105064288,0.13708974465512394,1.112738406582892,150.39596971786332,1,1,1,1,1,1,1,1,0,1,0,1,1,1
param_20076,real_005,0.8175759700612697,0.5539154358830275,0.1907460975468272,0.23229333207849756,0.6778720123361603,401.2624692930467,1,1,1,1,1,1,1,1,0,1,0,1,1,1
param_20077,real_001,0.8193315338673163,0.661008877799292,0.12837000876287205,0.17524091771757835,0.05952380952380952,192.5877536022685,1,1,1,1,1,1,1,1,1,1,1,1,1,1
param_20077,real_002,0.8268469540534039,0.6715738674483124,0.16259358123845047,0.21110840483498688,0.026890602615295515,145.3360451029163,1,1,1,1,1,1,1,1,1,1,1,0,1,1
param_20077,real_003,0.7577109347764932,0.6161616540691436,0.08946776271177757,0.14329600121385197,0.008098536219796691,532.4770653399382,1,1,1,1,1,1,1,1,1,1,1,1,1,1
param_20077,real_004,0.7853694666791831,0.625918089040011,0.13362806847888076,0.18665280504127665,0.011303402623415325,204.38038864339364,1,1,1,1,1,1,1,1,1,1,1,1,1,1
param_20077,real_005,0.8432302015014774,0.6698954317314616,0.24221189627644552,0.2977907001670313,0.1975071907957814,466.06014687081057,1,1,1,1,1,1,1,1,1,1,1,1,1,1
param_20078,real_001,0.6714955291174877,0.3824041659391713,0.06935442343162716,0.08193433920464932,2.9994282447112637,74.67778583811065,0,1,0,1,0,1,0,1,0,1,0,1,1,1
param_20078,real_002,0.7077638193488474,0.4024887260039629,0.07523443575247189,0.09452094002711034,2.13669458697548,271.0501121197343,0,1,0,1,0,1,1,1,0,1,0,1,1,1
param_20078,real_003,0.7098993932258434,0.37792369419434957,0.08846578354464085,0.10783995921324699,1.6362122158499424,383.6038772707635,0,1,1,1,0,1,0,1,0,1,0,1,1,1
param_20078,real_004,0.7236008637504985,0.4009627338611036,0.09353500408929095,0.1072890078066251,2.435873532211996,339.63199920892913,0,1,0,1,0,1,0,1,0,1,0,1,1,1
param_20078,real_005,0.6591373136351854,0.3598766587573348,0.06769148871405674,0.09234307367963365,1.8038859731109353,554.1609933966845,1,1,0,1,1,1,0,1,0,1,0,1,0,1
param_20079,real_001,0.6775330008494583,0.39358247414949665,0.0734060076076733,0.08825591540304277,2.648125488937476,78.43459928432705,1,1,0,1,0,1,0,1,0,1,0,1,1,1
param_20079,real_002,0.7163941927691303,0.42029483267914586,0.08241058156701479,0.10531519309481709,1.7860321005890512,278.347617268052,0,1,0,1,0,1,1,1,0,1,0,1,1,1
param_20079,real_003,0.720507038555901,0.3997932779843256,0.0973294582939121,0.12031573464824633,1.3329424967755985,381.5544363889932,1,1,1,1,0,1,1,1,0,1,0,1,1,1
param_20079,real_004,0.7327908504197191,0.42982595238794685,0.10225828488236693,0.11818313483284613,2.0720378810718785,337.99024131833244,0,1,0,1,0,1,0,1,0,1,0,1,1,1
param_20079,real_005,0.6678902334668735,0.38206438439721796,0.07222679692822219,0.09958072809661495,1.5852571220231684,558.7834521454095,1,1,0,1,1,1,0,1,0,1,0,1,0,1
param_20080,real_001,0.6770785451128064,0.4117538353315047,0.0775531382575285,0.09402051391601644,2.58244528926271,73.59376788283163,1,1,0,1,0,1,0,1,0,1,0,1,1,1
param_20080,real_002,0.7160176697679208,0.43210173721552114,0.08564479422641753,0.10998809971055469,1.7408556036010492,273.794476224419,0,1,1,1,0,1,1,1,0,1,0,1,1,1
param_20080,real_003,0.7203065475581834,0.4050933928091087,0.10173034158520246,0.12628013767279053,1.3036172077868378,376.3445159454225,1,1,1,1,0,1,1,1,0,1,0,1,1,1
param_20080,real_004,0.7316531064370142,0.4485168386965148,0.10382358841063917,0.12127539259721487,2.0300692695214106,342.1570993928125,0,1,0,1,0,1,0,1,0,1,0,1,1,1
param_20080,real_005,0.6675221749049568,0.392152564050004,0.07558991654188203,0.10477092186457693,1.5332001753787694,553.9397753027965,1,1,0,1,1,1,0,1,0,1,0,1,0,1
param_20081,real_001,0.7028840881998997,0.4463585023261725,0.09327482146484757,0.12021731639876465,1.5902979547655671,94.86836568035474,1,1,0,1,1,1,1,1,0,1,0,1,1,1
param_20081,real_002,0.751953099442236,0.48706419669584455,0.11646339110656605,0.15295693985544256,0.8875138822782802,296.0807989526245,1,1,1,1,1,1,1,1,0,1,1,1,1,1
param_20081,real_003,0.7499717368413431,0.45605687791537264,0.12970940694863664,0.16561587318588594,0.6695515625187298,373.16061687671527,1,1,1,1,1,1,1,1,0,1,0,1,1,1
param_20081,real_004,0.7723618583586008,0.5322835180900423,0.13762927670739497,0.16555293318531256,1.211141037260183,334.37410280596134,1,1,1,1,1,1,1,1,0,1,0,1,1,1
param_20081,real_005,0.7020290505469028,0.46778401836383116,0.09522406862290815,0.1377706277384321,0.8524099604574116,574.3357536750455,1,1,1,1,1,1,1,1,0,1,0,1,0,1
param_20082,real_001,0.7222686412876662,0.5254781768930736,0.11887915489091448,0.1574787226944473,1.3060634493951766,61.72932524621126,1,1,0,1,1,1,1,1,0,1,0,1,1,1
param_20082,real_002,0.7834729909319956,0.5783123543537805,0.15016604022076738,0.2033450760942069,0.6371960578826469,265.07506943829617,1,1,1,1,1,1,1,1,0,1,1,1,1,1
param_20082,real_003,0.784008288027301,0.5527353080565011,0.17234059451657616,0.22560897963953191,0.47589780542339116,335.9144792825899,1,1,1,1,1,1,1,1,0,1,1,1,1,1
param_20082,real_004,0.7896403702158203,0.5987235280825126,0.15037042058211358,0.18864576205670772,0.965405736588908,366.2022905658996,1,1,1,1,1,1,1,1,0,1,0,1,1,1
param_20082,real_005,0.7343267830917705,0.5373758589239749,0.13155576381035491,0.1898175297623758,0.6152603621980389,539.2848625860265,1,1,1,1,1,1,1,1,1,1,1,1,1,1
param_20083,real_001,0.7877235302319009,0.6204464778808495,0.17567360658022071,0.24335299376683142,0.2678727038237652,127.84148335541502,1,1,1,1,1,1,1,1,1,1,1,1,1,1
param_20083,real_002,0.8120488015280067,0.6505695421858008,0.21461457940793247,0.2772159127784715,0.09609416550265044,312.56283150676956,1,1,1,1,1,1,1,1,1,1,1,1,1,1
param_20083,real_003,0.8078007051630897,0.6224934455492026,0.20291039349935416,0.27125775430598426,0.1825726141078838,355.817228724032,1,1,1,1,1,1,1,1,1,1,1,1,1,1
param_20083,real_004,0.8362954920779109,0.6960927516271355,0.2078926686048713,0.2655486820031263,0.0653910733066406,319.08902746210254,1,1,1,1,1,1,1,1,1,1,1,1,1,1
param_20083,real_005,0.7448743141799882,0.6107731332921277,0.14665952191780762,0.2119323958564127,0.07645446418528101,583.9460293681067,1,1,1,1,1,1,1,1,1,1,1,1,1,1
param_20084,real_001,0.7229931478511324,0.4357254688654815,0.08885324685165565,0.10637576941874954,2.0471190143139095,163.16169454682208,0,1,0,1,0,1,1,1,0,1,0,1,1,1
param_20084,real_002,0.7244118033848005,0.43742298457098244,0.11653083057996769,0.12343870496255992,2.23544619773558,112.52751750868063,0,0,0,1,0,1,0,1,0,0,0,1,1,1
param_20084,real_003,0.6989523373546744,0.37830693751694006,0.09345363568376402,0.11203749488885553,1.8671504563144745,346.5134312505756,0,1,1,1,0,1,0,1,0,1,0,1,1,1
param_20084,real_004,0.7020271819862394,0.4123780828534379,0.11230143019230689,0.1370123204004339,1.219415406661645,595.3680758626089,0,1,0,1,1,1,1,0,0,0,0,1,1,1
param_20084,real_005,0.7252948786464922,0.40735284166177477,0.10488199706497088,0.11893548136382727,1.9038322628506725,177.28901402229678,1,1,0,1,0,1,0,1,0,1,0,1,1,1
param_20085,real_001,0.7321326008671502,0.45558759625534007,0.09534928828303237,0.11612798514886932,1.7525921309999828,157.95253446067017,0,1,0,1,0,1,1,1,0,1,0,1,1,1
param_20085,real_003,0.7085215749663298,0.4025154413460514,0.10002370328015343,0.12163678956221544,1.622508938286958,349.80483470523745,0,1,1,1,0,1,1,1,0,1,0,1,1,1
param_20085,real_004,0.7094590128246288,0.43835198454409335,0.11752774817386065,0.14777697196876774,1.0423844866354461,602.3885676311477,0,1,0,1,1,1,1,0,1,0,0,1,1,1
param_20085,real_005,0.73676416163738,0.43359513410187167,0.11357474763056297,0.13088952224507527,1.5658173914543478,180.05415494004708,1,1,0,1,1,1,0,1,0,1,0,1,1,1
param_20086,real_001,0.731971251411255,0.4708469596355513,0.0985220481368913,0.120715822293156,1.7176402228526506,159.4904269102239,0,1,0,1,0,1,1,1,0,1,0,1,1,1
param_20086,real_003,0.7107958385179164,0.41865062479977,0.10612886166527394,0.12991630787963973,1.581497123270902,344.51612610059067,0,1,1,1,0,1,1,1,0,1,0,1,1,1
param_20086,real_004,0.7098007976120293,0.45327474331860507,0.12008868666844402,0.15233442154296536,1.0009109730848862,597.8013269811514,0,1,0,1,1,1,1,0,1,0,0,1,1,1
param_20086,real_005,0.7379875447852012,0.43990062662676643,0.1198348693521818,0.1393612618180495,1.507383432790533,174.54655199765824,1,1,0,1,1,1,0,1,0,1,0,1,1,1
param_20087,real_001,0.7693745657927151,0.5367039014613458,0.12172002993820728,0.15576154667803832,0.9707766857936025,146.32569669977246,1,1,1,1,1,1,1,1,0,1,1,1,1,1
param_20087,real_002,0.760292450053555,0.54398107524813,0.16289297840736616,0.1843397184542143,1.0695711678832116,132.5542508333032,0,0,1,1,0,1,1,1,0,0,1,1,1,1
param_20087,real_003,0.7378053943489716,0.4860952593676601,0.12285852229639743,0.1579965646966821,0.9379465619041055,362.3658744466382,1,1,1,1,1,1,1,1,0,1,1,1,1,1
param_20087,real_004,0.7359415991190271,0.5208491177270966,0.14482780003732004,0.1864174295584783,0.5002918493312304,624.6926968705644,1,1,1,1,1,1,1,0,1,0,1,1,0,1
param_20087,real_005,0.7713812534696336,0.5063775647002979,0.147424600784715,0.1779067200153843,0.8864524147727273,188.00717223462567,1,1,1,1,1,1,1,1,0,1,0,1,1,1
param_20088,real_001,0.8040902166980101,0.6238891057281629,0.1598013685910065,0.2126951888905545,0.7141686788547775,152.48991458384222,1,1,1,1,1,1,1,1,0,1,1,1,1,1
param_20088,real_002,0.7969681695368531,0.6201486667509776,0.19063969792771127,0.23198263095923338,0.7511852057372402,129.86518191542243,0,0,1,1,0,1,1,1,0,0,1,1,1,1
param_20088,real_003,0.7781097612050304,0.5923590552373779,0.17401016601012154,0.227259229313037,0.6869756512174391,329.0020795566144,1,1,1,1,1,1,1,1,0,1,1,1,1,1
param_20088,real_004,0.7567627861599344,0.5873147010715585,0.16829528476693478,0.22356960098186116,0.20790505139383275,596.9451050641724,1,1,1,1,1,1,1,0,1,0,1,1,1,1
param_20088,real_005,0.8047558694293018,0.5831820880577081,0.18763014887508622,0.23734329056008396,0.5799016431750348,154.59672652920477,1,1,1,1,1,1,1,1,1,1,0,1,1,1
param_20089,real_001,0.8200693235757466,0.677364108371146,0.19394643993616628,0.25286658271680684,0.03723436459405461,122.36182677714214,1,1,1,1,1,1,1,1,1,1,1,1,1,1
param_20089,real_002,0.8075849631931454,0.6809098019906338,0.19306436910498434,0.2539555027916414,0.01119799471432853,149.79501511455723,1,0,1,1,1,1,1,1,0,0,1,1,1,1
param_20089,real_003,0.788594788915377,0.639979781852141,0.17379758645692434,0.24134370720717882,0.14986572881309723,364.91536067834346,1,1,1,1,1,1,1,1,0,1,1,1,1,1
param_20089,real_004,0.763121208265763,0.6340337287510309,0.1749169483704244,0.23444224663795998,0.2797865680984887,663.5973614702204,1,1,1,1,1,1,1,0,1,0,1,1,1,1
param_20089,real_005,0.8373865061427268,0.6642071109722921,0.2391231485610855,0.30119850445859236,0.06450943396226415,198.49966184619552,1,1,1,1,1,1,1,1,1,1,1,1,1,1
param_20090,real_001,0.7693869410243438,0.3979137245018736,0.07382324749355475,0.08749126036032939,2.7173110071410984,128.52613142418454,0,1,0,1,0,1,0,1,0,1,0,1,1,1
param_20090,real_002,0.76140944992743,0.36389306928154247,0.0681123374988068,0.0808765284607938,2.165100815100815,49.317528064333764,0,1,0,1,0,1,0,1,0,1,0,1,0,1
param_20090,real_003,0.7509035287881137,0.37823253723520034,0.06072958524145932,0.07136269765166221,2.4595950665310995,218.30401973623464,0,1,0,1,0,1,0,1,0,1,0,1,0,1
param_20090,real_004,0.764916684522585,0.32946747106913515,0.07760755758104758,0.092315301355501,1.9816344248792324,348.0415236352128,0,1,0,0,0,1,0,1,0,0,0,1,1,1
param_20090,real_005,0.7042359113226866,0.3275696168408955,0.06755479975387095,0.07770622904906228,2.5401354957914184,340.09231088315624,0,1,0,1,0,1,0,1,0,1,0,1,1,1
param_20091,real_001,0.7764844645173379,0.4220208064391058,0.07845320638605953,0.09448649733533684,2.4137697099274305,126.8717915786712,0,1,0,1,0,1,0,1,0,1,0,1,1,1
param_20091,real_002,0.7692326147236903,0.3878919913734742,0.07235165953240533,0.087349413394376,1.921400146508543,48.72939883601366,0,1,1,1,0,1,0,1,0,1,0,1,0,1
param_20091,real_003,0.7566450680981063,0.39261252129739505,0.06411718119625233,0.07699785859038424,2.201255803489252,217.75496778859875,0,1,1,1,0,1,0,1,0,1,0,1,0,1
param_20091,real_004,0.7709884900136484,0.3523613082966246,0.08112161656184065,0.09858193684784698,1.7440688383527965,349.4954843246916,0,1,0,0,0,1,0,1,0,0,0,1,1,1
param_20091,real_005,0.7102396623413278,0.3458424280216373,0.07172275574317229,0.08422736884369636,2.229683890704014,341.33584596861823,0,1,0,1,0,1,0,1,0,1,0,1,1,1
param_20092,real_001,0.7745115307079269,0.4367137190111538,0.08031881794485737,0.09774479052110811,2.3125074805505683,131.98714337366778,0,1,0,1,0,1,0,1,0,1,0,1,1,1
param_20092,real_002,0.7687963232800503,0.41155596496276525,0.07687697631214749,0.09351152114046063,1.824111466248158,53.88111846887699,0,1,1,1,0,1,0,1,0,1,0,1,0,1
param_20092,real_003,0.7554615412609796,0.41571810966670186,0.06779840597037767,0.08198257308328374,2.091916558018253,220.80421476620756,0,1,1,1,0,1,0,1,0,1,0,1,0,1
param_20092,real_004,0.7720421284546052,0.3784619234414903,0.08874240846240516,0.10799645737036488,1.6740002795024855,343.9713135248272,0,1,0,0,0,1,0,1,0,0,0,1,1,1
param_20092,real_005,0.7102088102682914,0.36858186216278177,0.07773916752438073,0.09167725929928214,2.143464787020721,336.3129216049902,0,1,0,1,0,1,0,1,0,1,0,1,1,1
param_20093,real_001,0.8121650603644542,0.513603824298202,0.10219580741859424,0.13079038561627582,1.4189488404614847,120.80628154675311,1,1,1,1,1,1,1,1,0,1,0,1,1,1
param_20093,real_002,0.8014891226440599,0.48812043383644727,0.09550503010397665,0.12411174522517615,1.0528527108056596,49.74313125818378,1,1,1,1,1,1,1,1,0,1,0,1,0,1
param_20093,real_003,0.7804629574964852,0.4662266524500058,0.08218862344467569,0.10802832098760756,1.2833822049104993,217.40765567382556,1,1,1,1,1,1,1,1,0,1,0,1,0,1
param_20093,real_004,0.7960673404098627,0.449424472936522,0.10095954529963416,0.1331491930994266,0.9012051271132309,351.36120413767907,1,1,1,0,1,1,1,1,0,0,0,1,1,1
param_20093,real_005,0.744006000764084,0.43777893260742695,0.09778718320610924,0.12427294344379451,1.239609789886862,343.8316809218071,1,1,1,1,1,1,1,1,0,1,0,1,1,1
param_20094,real_001,0.8198809050566648,0.5772570866051966,0.12118111111397623,0.1586412616609696,1.0279419666845782,163.34769863449003,1,1,1,1,1,1,1,1,0,1,0,1,1,1
param_20094,real_002,0.8206733888325998,0.5784578388466773,0.13840701070693795,0.17971018020791868,0.6801826421625561,92.53832685853595,1,1,1,1,1,1,1,1,0,1,0,1,1,1
param_20094,real_003,0.7945479303495389,0.5530552430386454,0.11376808719909086,0.15135450017072297,0.8748382923673997,243.93210546549184,1,1,1,1,1,1,1,1,0,1,0,1,1,1
param_20094,real_004,0.8283386313059617,0.5768145209749052,0.16602799542283356,0.2135017730910812,0.6320965088649242,306.55185199531735,1,1,1,0,1,1,1,1,0,0,0,1,1,1
param_20094,real_005,0.7669684732493232,0.5337614521237041,0.14039142898108486,0.18125513870049562,0.9376974267414131,303.3423182697369,1,1,1,1,1,1,1,1,0,1,0,1,1,1
param_20095,real_001,0.8419565412981724,0.678736361576136,0.15249414417109747,0.2037167305300785,0.00028914269191846175,109.65819666352489,1,1,1,1,1,1,1,1,1,1,1,1,1,1
param_20095,real_002,0.8135263716658402,0.6421693967646029,0.1361238151879745,0.18565665042996507,0.11528614683574662,52.46794012793663,1,1,1,1,1,1,1,1,1,1,1,1,1,1
param_20095,real_003,0.8120333702781878,0.6314227156702424,0.13830669267756698,0.1928022100586341,0.03559545521762705,216.6064166107785,1,1,1,1,1,1,1,1,1,1,1,1,1,1
param_20095,real_004,0.7914303407463658,0.6076596400569617,0.1369663832485629,0.18433215782550838,0.18342935528120713,349.2008240872678,1,1,1,0,1,1,1,1,1,0,1,1,1,1
param_20095,real_005,0.7746709900110769,0.6172577389815342,0.15692008610953448,0.2127867990286449,0.060932073142691175,344.87106102383746,1,1,1,1,1,1,1,1,1,1,1,1,1,1
param_20096,real_001,0.71918575504077,0.35788538817992055,0.08553898246623709,0.09641898937591732,2.2864072142645684,317.31631039185805,0,1,0,1,0,1,0,1,0,0,0,1,1,1
param_20096,real_002,0.7083323388228482,0.4456825190268539,0.1390631324716688,0.13572534365038233,3.810684693847028,134.4158488023661,0,1,0,0,1,1,0,1,0,1,0,1,1,1
param_20096,real_003,0.6650429956582197,0.37796029398937514,0.06469651370752254,0.08683646352101487,2.3938014936602015,219.54769620127314,0,1,0,1,1,1,0,1,0,1,0,1,0,1
param_20096,real_004,0.7385827199239594,0.393842786642851,0.13128649153003077,0.14536578798059913,1.8134899017412183,177.0679517495574,0,1,0,1,0,1,1,1,0,0,0,1,1,1
param_20096,real_005,0.7221812701711608,0.38684618736103055,0.15369055244944446,0.14862393631497436,2.2251646060806207,174.73659855844218,0,1,0,1,0,1,0,1,0,1,0,1,1,1
param_20097,real_001,0.7289514517243246,0.39251391902423743,0.09387791294426329,0.1080766233321542,1.9251069177290876,318.917822081872,0,1,0,1,0,1,0,1,0,0,0,1,1,1
param_20097,real_002,0.7185419583041969,0.48026174222429857,0.1516109044911271,0.15113246071228917,3.0849885699771398,139.1270751177601,0,1,0,0,1,1,0,1,0,1,0,1,1,1
param_20097,real_003,0.6730234818807243,0.39842581916859404,0.0700817817226286,0.09516572478238296,2.105827036104114,219.74678639307896,0,1,0,1,1,1,0,1,0,1,0,1,1,1
param_20097,real_004,0.7517080312546236,0.4279524890744055,0.1440569106434084,0.16176191517731994,1.4944099601094754,175.86809631041956,0,1,0,1,0,1,1,1,0,0,0,1,1,1
param_20097,real_005,0.7327412437545088,0.4139818454870088,0.166065368576199,0.16307273181031198,1.8574877018451803,177.6604048781857,0,1,0,1,1,1,0,1,0,1,0,1,1,1
param_20098,real_001,0.7296240923113398,0.41214632911598836,0.09913530216244787,0.11444846396965415,1.8996001687729802,313.7236639013737,0,1,0,1,0,1,0,1,0,0,0,1,1,1
param_20098,real_002,0.7189408392632862,0.4960669150765849,0.15457292556940186,0.15640614616337983,3.01723534995254,138.78134861504697,0,1,0,0,1,1,0,1,0,1,0,1,1,1
param_20098,real_003,0.6727619833999176,0.41812329367462836,0.07210237212953594,0.09906748559103319,2.053625676925109,215.28763519627717,0,1,0,1,1,1,0,1,0,1,0,1,1,1
param_20098,real_004,0.750337713549645,0.44205833908536546,0.1445512639169289,0.16357390951543643,1.4776127358658186,177.49798198451282,0,1,0,1,0,1,1,1,0,0,0,1,1,1
param_20098,real_005,0.7333046165780363,0.4270418225422327,0.17098401074774366,0.1707153696250722,1.7929789439816965,173.04386441487054,0,1,0,1,1,1,0,1,0,1,0,1,1,1
param_20099,real_001,0.7622597288159559,0.4951759295027715,0.12009509105833865,0.15147379156562668,0.9424464304942393,324.77624150433707,1,1,1,1,1,1,0,1,0,0,0,1,1,1
param_20099,real_002,0.7630238325111783,0.5915975468751232,0.19993295842917075,0.216906868575046,1.315009140504671,157.52040260086704,1,1,0,0,1,1,0,1,1,1,0,1,1,1
param_20099,real_003,0.7079326079596047,0.47691474766126535,0.08860597586738368,0.12572403201762442,1.3306324583842635,221.45194634380698,1,1,1,1,1,1,0,1,0,1,0,1,1,1
param_20099,real_004,0.7918050225007022,0.5261212933288494,0.19535543968709926,0.22611585220037989,0.768103262454512,175.3404909645265,1,1,1,1,1,1,1,1,0,0,0,1,1,1
param_20099,real_005,0.7802422649763474,0.5095281794028274,0.22774860941670577,0.23692666503057563,0.9535174465850701,185.33377724924532,1,1,1,1,1,1,1,1,0,1,0,1,1,1
param_20100,real_001,0.7923292423299566,0.5918811174502143,0.1587635291226176,0.20319274853333322,0.7578717858143416,292.4173629209445,1,1,1,1,1,1,1,1,0,0,0,1,1,1
param_20100,real_002,0.7872125856808487,0.6361102358155211,0.21570234662116772,0.24901044373054929,1.0262564412694812,159.60165285530894,1,1,1,0,1,1,0,1,1,1,0,1,1,1
param_20100,real_003,0.7315786974950634,0.5672306442410592,0.10656081171885948,0.15651747077526262,1.0593009920612828,189.92778176704334,1,1,1,1,1,1,1,1,1,1,0,1,1,1
param_20100,real_004,0.803857015198221,0.5755474568219547,0.20376895799250433,0.24166945824625244,0.6038484541774015,185.12767309102708,1,1,1,1,1,1,1,1,0,0,0,1,1,1
param_20100,real_005,0.7980830423208347,0.5837916721183842,0.24536423942549274,0.274108674125357,0.7416737259797583,151.4728543198046,1,1,1,1,1,1,1,1,1,1,0,1,1,1
param_20101,real_001,0.7854463288447551,0.6402697823602914,0.15559185037400836,0.20646532540767154,0.056597853229960644,328.1040712051806,1,1,1,1,1,1,1,1,1,0,1,1,1,1
param_20101,real_002,0.802997825053778,0.6904398131712965,0.21952377862209363,0.26853763020326055,0.03916260136335735,238.58296889718204,1,1,1,0,1,1,1,1,1,1,1,1,1,1
param_20101,real_003,0.768351661044509,0.6372947470201241,0.1454811918517022,0.21418551105448708,0.10867206560246488,224.02714356450932,1,1,1,1,1,1,1,1,1,1,1,1,1,1
param_20101,real_004,0.8560443952223327,0.7023996761804651,0.2606862994474918,0.31832413491092065,0.1666019208587087,172.01285328323596,1,1,1,1,1,1,1,1,1,0,1,1,1,1
param_20101,real_005,0.8515750743788094,0.6984741755718631,0.3038236669493953,0.366111545751133,0.07276924263732873,202.38221402891986,1,1,1,1,1,1,1,1,1,1,1,1,1,1
param_20102,real_001,0.6867839181219927,0.3811546325599501,0.10120212336235608,0.11802021597804563,1.8694683452585816,287.24361413812045,0,1,0,1,1,1,0,1,0,1,0,1,0,1
param_20102,real_002,0.7177971414300882,0.48760275475948667,0.19014161653547293,0.19470693709073353,2.9440184421256976,174.83217681606612,0,1,0,1,0,1,0,1,0,1,0,1,1,1
param_20102,real_003,0.6944476469982405,0.38631732890407927,0.07032063574917526,0.09605759105658462,1.5905229088702337,321.12496909051913,1,0,0,1,1,1,0,1,1,1,0,1,1,1
param_20102,real_004,0.692542004126534,0.48687980692796484,0.2806476110134456,0.2899619820578368,1.81362926611644,202.55143824744127,0,1,0,1,1,1,0,1,0,1,0,1,1,1
param_20102,real_005,0.6940838147249205,0.37189847645729723,0.12720238040834805,0.13361868637690993,2.1104213265166387,423.26439620215007,0,1,0,1,0,1,0,1,0,0,0,1,1,1
param_20103,real_001,0.6974894530650962,0.4046674943968758,0.11075306003706309,0.13219227230823344,1.5168255481410868,296.5194992047476,0,1,0,1,1,1,1,1,0,1,0,1,0,1
param_20103,real_002,0.7268912971636386,0.5228059970035402,0.20116325867264645,0.20681537286827012,2.5219944526306666,159.2289335000807,0,1,0,1,0,1,0,1,0,1,0,1,1,1
param_20103,real_003,0.7038030019557123,0.4099963083127831,0.07627735397184224,0.10617261522082468,1.3027301606329418,323.8151490686633,1,0,0,1,1,1,0,1,1,1,0,1,1,1
param_20103,real_004,0.7002256435763446,0.5157429559876889,0.2842298074358215,0.296203987751102,1.5596874841459083,212.49983208517622,0,1,0,1,1,1,0,1,0,1,0,1,1,1
param_20103,real_005,0.7016117025156625,0.3961058337434272,0.13970099095366653,0.14728591409697683,1.8020972550632262,424.0991472879209,0,1,0,1,0,1,0,1,0,0,0,1,1,1
param_20104,real_001,0.6984648017981098,0.4199770457237804,0.11491078921133985,0.13795582537781104,1.4816160919900365,292.13032161252664,0,1,0,1,1,1,1,1,0,1,0,1,0,1
param_20104,real_002,0.7281716724162162,0.5452903981936598,0.20334582036465484,0.21061666581417945,2.4825266225279083,160.7282347343725,0,1,0,1,0,1,0,1,0,1,0,1,1,1
param_20104,real_003,0.7054583955414578,0.4252370328418805,0.08206925391632187,0.11334705847215563,1.2584319200529062,319.29512667200606,1,0,0,1,1,1,0,1,1,1,0,1,1,1
param_20104,real_004,0.7013746048798555,0.512901240622724,0.2734142008768404,0.28541485769549646,1.5256887316658045,210.67537396593082,0,1,0,1,1,1,0,1,0,1,0,1,1,1
param_20104,real_005,0.7022278602669152,0.4037821925636858,0.14298438671147667,0.15225784497108627,1.7735265385867796,423.1162927413558,0,1,0,1,0,1,0,1,0,0,0,1,1,1
param_20105,real_001,0.7335156465104195,0.48705190443312835,0.14298647704009126,0.17608272077916215,0.8842736323734075,312.69889397513884,1,1,1,1,1,1,1,1,1,1,1,1,0,1
param_20105,real_002,0.7627860650301408,0.6097118910320258,0.22657059407084662,0.24204635770584518,1.658330743690813,104.42016882391917,1,1,0,1,1,1,0,1,0,1,0,1,1,1
param_20105,real_003,0.7283131307225758,0.4880631877372296,0.09410809257579901,0.13466952788487338,0.7381690268289373,326.0757457000749,1,0,1,1,1,1,0,1,1,1,0,1,1,1
param_20105,real_004,0.727746954509389,0.5817296631859377,0.28073366857517784,0.30159480127498006,0.9620200658491691,248.50561015887337,0,1,0,1,1,1,1,1,1,1,0,1,1,1
param_20105,real_005,0.7376100748900647,0.5002585878316936,0.17901607732975333,0.2013601322374419,1.0002348382551518,450.2300321274765,1,1,1,1,1,1,0,1,0,0,0,1,1,1
param_20106,real_001,0.7802471163352764,0.5929997082865921,0.1859226716690587,0.23880392852293458,0.5983150035314297,285.7976155438672,1,1,1,1,1,1,1,1,1,1,1,1,1,1
param_20106,real_002,0.7876360622202229,0.648387299472606,0.22991232911175166,0.2566395039502505,1.2797890395971554,105.73395939268713,1,1,0,1,1,1,1,1,0,1,0,1,1,1
param_20106,real_003,0.7550976884796614,0.5675781133704342,0.12897608311985967,0.18268019850541234,0.5279338218479374,306.48436885689017,1,0,1,1,1,1,0,1,1,1,0,1,1,1
param_20106,real_004,0.7701022251364786,0.6229833961886869,0.2723378072654382,0.30856267388261377,0.7146449771172233,240.525704969906,1,1,0,1,1,1,1,1,1,1,1,1,1,1
param_20106,real_005,0.7695307468009939,0.5768313278705963,0.2145383441102519,0.2523611681317615,0.7475827755122977,449.69414121766476,1,1,1,1,1,1,0,1,0,0,0,1,1,1
param_20107,real_001,0.8099979083977474,0.6675635533174783,0.2256797088230201,0.28350014378357513,0.010106871397235116,320.04755047021297,1,1,1,1,1,1,1,1,1,1,1,1,1,1
param_20107,real_002,0.8151029192667655,0.6903155803154304,0.24191410541870917,0.2922494696864169,0.15439468731133918,81.18965469129654,1,1,1,1,1,1,1,1,1,1,1,1,1,1
param_20107,real_003,0.7632550369723526,0.6355319723572088,0.13728604367330535,0.20151591831554114,0.024056445006128423,337.14288856242086,1,0,1,1,1,1,1,1,1,1,1,1,1,1
param_20107,real_004,0.7968084821828011,0.6820126689827954,0.27597628749000225,0.3260250713178445,0.04507950536134721,317.9570390434285,1,1,1,1,1,1,1,1,1,1,1,1,1,1
param_20107,real_005,0.817323119628167,0.6840544904767808,0.25791388364575024,0.3215720307855536,0.09190255344101499,532.8194601285081,1,1,1,1,1,1,1,1,1,0,1,1,1,1
param_20108,real_001,0.7059671170263604,0.35082341638107445,0.046200684422705335,0.060610055719244944,2.944397078139042,311.06929583684285,0,1,0,1,0,1,0,1,0,1,0,1,0,1
param_20108,real_002,0.7060019640564275,0.41229929352000566,0.06386622379788746,0.07989927690019423,2.448070271254324,573.3591839850947,0,1,0,1,0,1,0,1,0,1,0,1,0,1
param_20108,real_003,0.7714333090578905,0.39968669192959666,0.05389263474631949,0.06598174222125695,2.7809896888648744,406.5565806349685,1,1,0,1,1,1,0,1,0,1,0,1,0,1
param_20108,real_004,0.7923722022268292,0.4100251016748045,0.08343369855479621,0.09446592746683205,2.102542550956083,149.35743432366917,0,1,0,1,0,1,0,1,0,0,0,0,1,1
param_20108,real_005,0.7288665157121175,0.3621206421464381,0.06377986747879835,0.0770370852205433,2.7552012716817056,252.59480346090353,0,1,0,1,0,1,0,1,0,1,0,1,1,1
param_20109,real_001,0.7090841290515364,0.35992951726613076,0.049510710354398225,0.06589666533253402,2.6461328732400364,311.6097416374458,0,1,0,1,0,1,0,1,0,1,0,1,0,1
param_20109,real_002,0.71022790691538,0.42523888134335963,0.06714211020765433,0.08504521943260177,2.2358518771622604,574.370707644509,0,1,0,1,0,1,0,1,0,1,0,1,0,1
param_20109,real_003,0.7754237141354511,0.4093159284764706,0.056941685506311485,0.07065585548544343,2.5459651197162283,406.21160961071035,1,1,0,1,1,1,0,1,0,1,0,1,0,1
param_20109,real_004,0.7976525853721814,0.42588012561727046,0.08809997767407357,0.10133265502617882,1.8821003318368144,150.21095639593537,0,1,0,1,0,1,0,1,0,0,0,0,1,1
param_20109,real_005,0.732641293571035,0.3767817675048276,0.06772884859912716,0.0832752366560007,2.454549364529795,254.1291828052886,0,1,0,1,0,1,0,1,0,1,0,1,1,1
param_20110,real_001,0.7079463179967204,0.38134553020123546,0.051624844561625555,0.06902301563006079,2.5217570208826254,306.30682338161245,0,1,0,1,0,1,0,1,0,1,0,1,0,1
param_20110,real_002,0.708655572109468,0.43725590999614405,0.06922294540027256,0.08833948849973484,2.120883194990834,569.4008555672767,0,1,0,1,0,1,0,1,0,1,0,1,0,1
param_20110,real_003,0.7736063922254527,0.42831222506000194,0.05963034629849076,0.07499370708074585,2.419403440904001,411.69415887376374,1,1,0,1,1,1,0,1,0,1,0,1,0,1
param_20110,real_004,0.7974662042152483,0.4470596220484942,0.09234078181616341,0.10713155633386044,1.7847398310945326,145.0498520780966,0,1,0,1,0,1,0,1,0,0,0,0,1,1
param_20110,real_005,0.7312622102011352,0.39299339635271485,0.06978478900957531,0.08620357152086798,2.388886544871524,249.14749335332007,0,1,0,1,0,1,0,1,0,1,0,1,1,1
param_20111,real_001,0.7365573998354809,0.4423117809864984,0.06993990190039807,0.09899733739997821,1.5097501612808633,311.7866386966362,1,1,1,1,1,1,1,1,0,1,0,1,0,1
param_20111,real_002,0.7366768913555828,0.5174625375258046,0.08717513701471998,0.11800023555160045,1.300737951349874,579.1285469222017,1,1,1,1,1,1,1,1,0,1,0,1,0,1
param_20111,real_003,0.8075297602031373,0.49422528978787,0.0794257646376533,0.10559188226566335,1.4899774641205077,407.76619285243817,1,1,1,1,1,1,0,1,0,1,0,1,0,1
param_20111,real_004,0.8301976570057991,0.5243972304135516,0.11657562612064114,0.14461707831835033,1.002546791645318,153.12502064311485,1,1,1,1,1,1,1,1,0,0,0,0,1,1
param_20111,real_005,0.7598478135953561,0.4682462070882526,0.08999058895611632,0.11858043335529433,1.3690070639590615,263.0738694929912,1,1,1,1,1,1,1,1,0,1,0,1,1,1
param_20112,real_001,0.7493036870554975,0.5185051213297672,0.09140845667896597,0.13018515698211014,1.1079886211100576,268.138030149166,1,1,1,1,1,1,1,1,0,1,0,1,1,1
param_20112,real_002,0.7479966573197744,0.5474151780064257,0.10766687281851114,0.14899617578990243,0.911708301791572,537.7052455969322,1,1,1,1,1,1,1,1,0,1,0,1,1,1
param_20112,real_003,0.811962363448069,0.5687354701014233,0.09621510541102417,0.13420868160296098,1.0559955928261002,453.0276094543621,1,1,1,1,1,1,1,1,0,1,0,1,1,1
param_20112,real_004,0.8432193304761191,0.5955619087283481,0.14792696418986306,0.18650079932480498,0.714423945297381,111.26480657935164,1,1,1,1,1,1,1,1,0,0,0,0,1,1
param_20112,real_005,0.7675822927121739,0.5315957738917758,0.11174583923544334,0.14809734629523016,1.1363690769087549,221.93761143188226,1,1,1,1,1,1,1,1,0,1,0,1,1,1
param_20113,real_001,0.7875092767460434,0.6334371188910606,0.13512950095208692,0.1911420487210022,0.024730011254519766,310.29856877933315,1,1,1,1,1,1,1,1,1,1,1,1,1,1
param_20113,real_002,0.74694712090867,0.6213996224258627,0.11720274834721582,0.1673623563095483,0.057018744865699134,595.3963450731949,1,1,1,1,1,1,1,1,1,1,1,1,1,1
param_20113,real_003,0.8306890671352825,0.6587987749934661,0.13004634192102021,0.1792952334681816,0.03038818094250603,413.77283548547354,1,1,1,1,1,1,1,1,1,1,1,1,1,1
param_20113,real_004,0.8363456426075376,0.6634757810583863,0.1564750775857948,0.19847526346337155,0.18522447177701204,160.95538693483078,1,1,1,1,1,1,1,1,1,0,1,0,1,1
param_20113,real_005,0.801763506593759,0.6504852203739054,0.15707707838278068,0.20868365582919515,0.0032946373727283443,295.44495540077327,1,1,1,1,1,1,1,1,1,1,1,1,1,1
param_20114,real_001,0.6912910639519373,0.3586391972354432,0.04907088414843715,0.06799556224123869,2.5560277719335156,344.07620703217555,0,1,1,1,0,1,1,1,0,1,0,1,0,1
param_20114,real_002,0.7055214962670816,0.44743427504229794,0.08351720581822342,0.09916091141194064,2.210638026913444,441.03439565844775,1,1,1,1,0,1,0,1,0,1,0,1,0,1
param_20114,real_003,0.776828694382323,0.44228307071122863,0.06879630132806516,0.08389655593019006,2.2440230667574386,282.5427717161348,1,1,0,1,1,1,0,1,0,1,0,1,0,1
param_20114,real_004,0.7542559173151315,0.4046388001653407,0.0839031652906975,0.09601180160246656,2.08851872246696,116.63208245291116,0,1,0,1,0,1,0,1,0,0,0,1,1,1
param_20114,real_005,0.714761927118279,0.3848033069198519,0.07527832985271038,0.08770315197278589,2.5145701096364688,329.2402082507466,0,1,0,0,0,1,0,1,0,0,0,1,1,1
param_20115,real_001,0.6965520786609755,0.3735762595356351,0.05330782447433645,0.07500507489202224,2.2335565333843506,344.6512500015906,0,1,1,1,1,1,1,1,0,1,0,1,0,1
param_20115,real_002,0.7102292059889193,0.45892090011445325,0.0873035010190508,0.10476391154713487,2.0219354323158063,443.33749047059115,1,1,1,1,0,1,0,1,0,1,0,1,0,1
param_20115,real_003,0.7827263092369489,0.4549722206299961,0.07364628016250326,0.0910993909883159,1.9876814133180887,281.74332057619205,1,1,0,1,1,1,0,1,0,1,0,1,0,1
param_20115,real_004,0.7589916067781324,0.4167596065353289,0.08959577560516195,0.10403928460688977,1.8294866944129147,119.18690201501143,0,1,0,1,0,1,0,1,0,0,0,1,1,1
param_20115,real_005,0.7192188636944151,0.3973043866318644,0.08230178350927175,0.0971633632405146,2.1009333899024183,330.99610839627695,1,1,0,0,0,1,0,1,0,0,0,1,1,1
param_20116,real_001,0.695735796232223,0.39056561194878775,0.05536037782096697,0.07828711443195938,2.134141818721258,339.3647224440167,0,1,1,1,1,1,1,1,0,1,0,1,0,1
param_20116,real_002,0.7103958320971772,0.4762752254148806,0.0906677332675254,0.11025561110383127,1.8368403285698212,436.2091496624873,1,1,1,1,0,1,0,1,0,1,0,1,0,1
param_20116,real_003,0.7827752109584594,0.4731547013800271,0.0778219212875331,0.09748761766129622,1.8624710683934345,286.52397812254657,1,1,0,1,1,1,0,1,0,1,0,1,0,1
param_20116,real_004,0.758554948574502,0.4316912023722306,0.09265139820990904,0.10839509065780735,1.7691832956181857,114.93868743566723,0,1,0,1,0,1,0,1,0,0,0,1,1,1
param_20116,real_005,0.7184637947141839,0.4106068777789463,0.0845841524373093,0.10021087269617202,2.0586290592567793,328.39937149703707,1,1,0,0,0,1,0,1,0,0,0,1,1,1
param_20117,real_001,0.7274381595393726,0.46227191103001425,0.07721701514137934,0.11484860787094103,1.148115197885158,344.40970721070687,0,1,1,1,1,1,1,1,0,1,1,1,0,1
param_20117,real_002,0.733765663274307,0.5383934293241076,0.10813986432800338,0.13734063302896782,1.2244018646236194,458.3510142483001,1,1,1,1,1,1,1,1,0,1,0,1,0,1
param_20117,real_003,0.8037931152772362,0.5163435648307807,0.09803688027213849,0.126525343256688,1.0918398967075533,282.83332798801746,1,1,1,1,1,1,0,1,1,1,0,1,0,1
param_20117,real_004,0.7922169473138082,0.4988987901741941,0.12200225987342378,0.14972639265865223,0.9450063576465149,133.01166694472352,1,1,0,1,1,1,1,1,0,0,0,1,1,1
param_20117,real_005,0.7408813361048918,0.46988457221877633,0.11124956422002291,0.13827507313240042,1.10276622984306,344.0451730108262,1,1,0,0,1,1,0,1,0,0,0,1,1,1
param_20118,real_001,0.7473989144298214,0.544363264807194,0.10056262183029069,0.14970781861607596,0.8503256883244841,303.46501079947103,1,1,1,1,1,1,1,1,0,1,1,1,1,1
param_20118,real_002,0.750805126289408,0.5802340512903554,0.1287232236661481,0.17002033274289577,0.8365102105237598,426.4369950626059,1,1,1,1,1,1,1,1,0,1,0,1,1,1
param_20118,real_003,0.8231369370086231,0.6094733144116943,0.12904950684060332,0.17385647466355425,0.697324309600637,320.8012711363525,1,1,1,1,1,1,0,1,1,1,0,1,1,1
param_20118,real_004,0.809188836386889,0.5710027646378892,0.1504508873591095,0.18820074756133784,0.7280289609489332,101.36896813415359,1,1,0,1,1,1,1,1,0,0,0,1,1,1
param_20118,real_005,0.7561367171692167,0.5440379231251221,0.13468238422869072,0.1703472352654231,0.9504963706233988,323.1599431764902,1,1,0,0,1,1,0,1,0,0,0,1,1,1
param_20119,real_001,0.7783863533058082,0.6260914914493731,0.14110659020074212,0.20290675234968192,0.01323054235032462,335.1488556507474,1,1,1,1,1,1,1,1,1,1,1,1,1,1
param_20119,real_002,0.7547440121376322,0.631292630286366,0.13460977252148545,0.18828294158186853,0.006132602564784761,494.1546906428616,1,1,1,1,1,1,1,1,1,1,1,1,1,1
param_20119,real_004,0.8191354080612673,0.6529369698264966,0.18642614023227758,0.23206548587126177,0.1494537573532664,163.0157124301861,1,1,1,1,1,1,1,1,1,0,1,1,1,1
param_20119,real_005,0.7955874345722758,0.6411445887734051,0.1679930107687072,0.23031199994868964,0.009935995123437976,401.50337616793655,1,1,1,0,1,1,1,1,1,0,1,1,1,1
param_20120,real_001,0.7068788893467626,0.4309960446432062,0.055782400834212924,0.06647577205884785,4.764355915891394,299.8286032464807,0,1,0,1,0,1,0,1,0,1,0,1,1,1
param_20120,real_002,0.7530232303265281,0.47342689716290287,0.08795142044602997,0.11089048730957626,2.463997113997114,313.24181235611525,1,1,0,1,1,1,1,1,1,0,0,1,0,1
param_20120,real_003,0.6779083126164116,0.34334663175526436,0.038079027733715506,0.05430382599260124,2.458036628369924,189.12613082922033,1,1,0,0,0,1,0,1,0,1,0,1,0,1
param_20120,real_004,0.6794332960611392,0.31729807679337574,0.06435163702467717,0.07910091299306558,2.409989443397984,351.4526367608222,1,1,0,1,1,1,0,1,0,0,0,1,0,1
param_20120,real_005,0.7902463501852397,0.42963763219059026,0.27496514317078213,0.2696172841243017,1.5315713076085642,385.41453315128535,0,1,1,1,0,1,1,1,0,1,0,1,1,1
param_20121,real_001,0.7115417286234544,0.44091779626626065,0.06068143500106528,0.07357826386179853,4.062988293757525,301.6957311071497,0,1,1,1,0,1,0,1,0,1,0,1,1,1
param_20121,real_002,0.7576903262676741,0.4847767512229603,0.09106576199323961,0.11635589921391828,2.1533282979212505,314.57049366243217,1,1,1,1,1,1,1,1,1,0,0,1,0,1
param_20121,real_003,0.6809956354516414,0.3497285034623583,0.04072352668473748,0.058696163230797634,2.1848716605552645,191.86910775608098,1,1,0,0,0,1,0,1,0,1,0,1,0,1
param_20121,real_004,0.6855969833225244,0.3306687227833758,0.06993205966380611,0.08722477332737341,2.0923152006607353,352.8577450533902,1,1,0,1,1,1,0,1,0,0,0,1,0,1
param_20121,real_005,0.7976828020796473,0.45525304058058125,0.28591195416753556,0.2837153841179979,1.351693010712413,386.05312899490195,0,1,1,1,0,1,1,1,0,1,0,1,1,1
param_20122,real_001,0.7093466486576699,0.44950391582945187,0.0612927587394734,0.07481765816969901,3.9994688250916908,303.97224577909486,0,1,1,1,0,1,0,1,0,1,0,1,1,1
param_20122,real_002,0.7572501564772751,0.5050123701031616,0.09239711636031861,0.11916429318417202,2.1168890187295095,314.55730057881146,1,1,1,1,1,1,1,1,1,0,0,1,0,1
param_20122,real_003,0.6798940351620019,0.3626037904899745,0.04381655104979483,0.0629272182777958,2.077131751558831,186.66824018444234,1,1,0,0,0,1,0,1,0,1,0,1,0,1
param_20122,real_004,0.6856428315164965,0.3470679174918846,0.07490065749924696,0.09331800881104729,2.0297011494252875,348.8005408235132,1,1,0,1,1,1,0,1,0,0,0,1,0,1
param_20122,real_005,0.8007727548823182,0.4773330817068988,0.30553302379832326,0.30880244527561834,1.2835242771412985,380.6833230170731,0,1,1,1,0,1,1,1,0,1,0,1,1,1
param_20123,real_001,0.7398870825203591,0.5139423797867793,0.08411280148493364,0.10839226016878625,2.1826291382197605,297.90455824543034,0,1,1,1,0,1,1,1,0,1,0,1,1,1
param_20123,real_002,0.7803080078723587,0.5577990587992014,0.10128925652981186,0.13890526573760312,1.2340828980584218,326.8147535713348,1,1,1,1,1,1,1,1,1,0,0,1,0,1
param_20123,real_003,0.6972889078525555,0.4014709933037299,0.05293335833902558,0.08205614416751965,1.2154882154882154,204.20877604654393,1,1,1,0,1,1,0,1,0,1,0,1,0,1
param_20123,real_004,0.7207266631525626,0.4210790070064457,0.10223964736512448,0.13181949263672557,1.2210537669201316,352.42527561101787,1,1,0,1,1,1,1,1,0,0,0,1,1,1
param_20123,real_005,0.8384705783929043,0.580851979365219,0.35973092176260013,0.3792322303696504,0.6820848738144992,388.08583696538955,1,1,1,1,0,1,1,1,0,1,1,1,1,1
param_20124,real_001,0.7457244469473193,0.5618281221265383,0.09151038117742355,0.12306198942450357,1.7796700746761922,317.88534096925645,1,1,1,1,0,1,1,1,0,1,0,1,1,1
param_20124,real_002,0.7934894612108462,0.6283719392983884,0.11053395120680533,0.15724746051117772,0.9184639820984386,325.0283132389826,1,1,1,1,1,1,1,1,1,0,0,1,1,1
param_20124,real_003,0.7122688639838712,0.48685488569922447,0.0830363404022967,0.12263483844880048,0.8450165689523323,164.92655378798534,1,1,1,0,1,1,1,1,0,1,0,1,1,1
param_20124,real_004,0.7483117865567666,0.5237191456192037,0.14222874971534127,0.18565715170775182,0.9745894762075992,325.51247734933406,1,1,1,1,1,1,1,1,0,0,0,1,1,1
param_20124,real_005,0.8769895073581145,0.6815497212766615,0.43034857807241184,0.47833691202890166,0.3859321884243521,347.5584052389984,1,1,1,1,0,1,1,1,0,1,1,1,1,1
param_20125,real_001,0.7994623814888385,0.6688061249101918,0.13769012024084445,0.1979746631853108,0.3968480565371025,256.88490919056073,1,1,1,1,1,1,1,1,1,1,1,1,1,1
param_20125,real_002,0.8012426042580946,0.6744516462093393,0.12199369919072875,0.1846896394770862,0.13896994282731953,378.5116298396133,1,1,1,1,1,1,1,1,1,0,1,1,0,1
param_20125,real_003,0.7292373143924741,0.5532506186594509,0.09453877797132279,0.15093010438527105,0.06746915184246195,216.62739003201295,1,1,1,0,1,1,1,1,1,1,0,1,0,1
param_20125,real_004,0.7862539912114941,0.617678272534387,0.1868207299461951,0.24877520195533304,0.0481977539528521,344.5627242515949,1,1,1,1,1,1,1,1,1,0,1,1,1,1
param_20125,real_005,0.8901548250857111,0.7480965297365489,0.42097126627732256,0.4896447688086404,0.1593742050368863,399.32933770311365,1,1,1,1,1,1,1,1,1,1,1,1,1,1
param_20126,real_001,0.7931775801760975,0.395005999997301,0.04755793891883318,0.06029303529495764,2.788726234866271,322.47578922098563,0,1,0,1,0,1,0,1,0,1,0,1,0,1
param_20126,real_002,0.7400304195650718,0.35869087532470467,0.06239006473954402,0.07787206490418225,2.06641079065687,43.067408965059364,0,1,0,1,0,1,0,1,0,1,0,1,1,1
param_20126,real_003,0.7348550638543501,0.31082155678474044,0.04777177391754789,0.06398396325036616,2.4363265114532484,477.7681188770787,0,1,0,0,0,1,0,1,0,0,0,1,0,1
param_20126,real_004,0.7425204928318194,0.3220824660472612,0.04004312519041925,0.05983619706735825,2.109912490767888,89.29445924355733,0,1,0,0,0,1,0,1,0,1,0,1,0,1
param_20127,real_001,0.796851325169596,0.4026641648459712,0.0505507748080758,0.06501053624204411,2.5239022928218193,321.54695411166364,0,1,0,1,0,1,0,1,0,1,0,1,0,1
param_20127,real_002,0.7449093528097298,0.3696901995330713,0.06641910383503039,0.0843390793366823,1.8369417446178196,42.574922860628334,0,1,0,1,0,1,0,1,0,1,0,1,1,1
param_20127,real_003,0.7382778744238593,0.32733783681100376,0.05063523423793812,0.07002242236186014,2.1320056473004194,478.1448238624484,0,1,0,0,0,1,0,1,0,0,0,1,0,1
param_20127,real_004,0.7450281849297535,0.3312488231985191,0.04209910700089023,0.06402490123224978,1.8937898288141948,89.93250583348606,0,1,0,0,1,1,0,1,0,1,0,1,0,1
param_20127,real_005,0.7824655531086175,0.4513028801349768,0.22574704705768614,0.2242229257903563,1.599100240780636,435.17967694761546,0,1,0,1,0,1,0,1,0,1,0,1,0,1
param_20128,real_001,0.793885480715517,0.4186617787838163,0.0519820271649319,0.06785133867489632,2.40057845263919,326.721011514158,0,1,0,1,0,1,0,1,0,1,0,1,0,1
param_20128,real_002,0.744626626505234,0.3922360791926455,0.07094550754622726,0.09048576843082864,1.7407864816121696,47.154610644312356,0,1,0,1,0,1,0,1,0,1,0,1,1,1
param_20128,real_003,0.7378329086690207,0.34517899567012,0.0548753216241683,0.07578600968566578,2.0283569123852074,472.5280088591712,0,1,0,0,0,1,0,1,0,0,0,1,0,1
param_20128,real_004,0.7441823347852176,0.3529297662747161,0.04617972476156752,0.06969367611126755,1.7969806763285023,85.8277900886057,0,1,0,0,1,1,0,1,0,1,0,1,0,1
param_20128,real_005,0.7840899305629899,0.47056106945901555,0.24013328122613942,0.2406241991111393,1.5334966647451207,429.67066130088114,0,1,0,1,0,1,0,1,0,1,0,1,0,1
param_20129,real_001,0.8217399719881281,0.4798858051809693,0.06967201030214996,0.09564376335752899,1.4801862343297976,318.6808687366258,1,1,1,1,1,1,1,1,0,1,0,1,0,1
param_20129,real_002,0.7782609715079917,0.46504252239792904,0.09008841266635458,0.12340610696987174,0.9796811282283643,40.909732521107635,1,1,1,1,1,1,1,1,0,1,0,1,0,1
param_20129,real_003,0.7605555882513494,0.4305386808082524,0.0669740170138347,0.09857526186447409,1.1651656980613105,476.7717270652214,1,1,1,0,1,1,1,1,0,0,0,1,0,1
param_20129,real_004,0.7629233521521124,0.4106635154533377,0.05712917941111076,0.09104766706116402,1.0343464511595222,90.95094519290166,1,1,1,0,1,1,1,1,0,1,0,1,0,1
param_20129,real_005,0.8333083602256025,0.5812523129907813,0.29522146221865897,0.3102112781978113,0.7803642992520147,435.3350567549791,1,1,1,1,1,1,1,1,0,1,0,1,0,1
param_20130,real_001,0.8194312630878087,0.550446112787182,0.0803700609669964,0.1146244150790583,1.0531994511662717,361.7706502334504,1,1,1,1,1,1,1,1,0,1,0,1,1,1
param_20130,real_002,0.8035973743662105,0.5692495030096577,0.1350773765582605,0.1843804003682283,0.6588517257335406,79.959793204513,1,1,1,1,1,1,1,1,0,1,0,1,1,1
param_20130,real_003,0.7838707448299512,0.5185539856354127,0.10639384432583679,0.1508615847365288,0.8400547938319237,429.55554521412546,1,1,1,0,1,1,1,1,0,0,0,1,1,1
param_20130,real_004,0.7839586048239764,0.5215008498697618,0.09763484829759404,0.14447937962577187,0.7128382126348228,60.36212567215334,1,1,1,0,1,1,1,1,0,1,0,1,1,1
param_20130,real_005,0.8646779017561189,0.6657182279707236,0.35144607315233484,0.3867093439150664,0.5251533742331288,390.36319984456,1,1,1,1,1,1,1,1,0,1,0,1,1,1
param_20131,real_001,0.8511311810928484,0.6696147297175575,0.12590106441694948,0.17471954466998482,0.0016612710853637757,308.82595098302806,1,1,1,1,1,1,1,1,1,1,1,1,1,1
param_20131,real_002,0.778938906731667,0.6189655614442195,0.13646128994437556,0.189100294951922,0.1677698544030286,30.245075517290726,1,1,1,1,1,1,1,1,1,1,1,1,1,1
param_20131,real_003,0.762554202533268,0.5957757277408974,0.10086130871160655,0.15053689302459106,0.09284948668223865,470.55068159541554,1,1,1,0,1,1,1,1,1,0,1,1,1,1
param_20131,real_004,0.7866676247454965,0.6054174461972166,0.11727673804831965,0.17400933866745624,0.14602833174569033,93.28365271878829,1,1,1,0,1,1,1,1,1,1,1,1,1,1
param_20131,real_005,0.8664446530100861,0.7305730171409697,0.3445764971305239,0.39112260671580656,0.2631096739423336,432.1299402742926,1,1,1,1,1,1,1,1,1,1,1,1,1,1
param_20132,real_002,0.7244032553118112,0.42127061334195387,0.08202275205721472,0.09482578907077151,2.4283430652072555,339.6618632938234,0,1,0,1,0,1,0,1,0,1,0,1,1,1
param_20132,real_003,0.782986583676663,0.44225691716331483,0.08108731283485879,0.09855826237007978,1.681106690922176,191.5805600339969,1,1,0,1,1,1,0,1,0,1,0,1,0,1
param_20132,real_004,0.7551066137230267,0.41482891211738976,0.06551848899912978,0.07749853659430264,2.6847904711385446,276.16487443968816,0,1,0,1,0,1,0,1,0,0,0,1,1,1
param_20132,real_005,0.7043719431245621,0.37284306675265194,0.07228483691982665,0.08562811513650263,2.720689655172414,324.8749048856985,0,1,0,0,0,1,0,1,0,0,0,1,1,1
param_20133,real_001,0.7163839172325901,0.37956734335203846,0.06314295952661066,0.0832245571719361,2.1146505428273383,286.4963571381262,0,1,1,1,1,1,1,1,0,1,0,1,0,1
param_20133,real_002,0.7303558177104912,0.4436492052493224,0.08695891239878342,0.10185550600518817,2.1525693636307954,344.58960314464457,0,1,0,1,0,1,0,1,0,1,0,1,1,1
param_20133,real_003,0.7893165730817401,0.4604092955691314,0.08604936656990116,0.10714799092734979,1.4208407790473097,192.4295709665651,1,1,0,1,1,1,0,1,0,1,0,1,0,1
param_20133,real_004,0.7585012350871685,0.4250579509029934,0.07044882337105246,0.08469779191227815,2.341562076354572,281.06399414846805,0,1,0,1,0,1,0,1,0,0,0,1,1,1
param_20133,real_005,0.7095188845650986,0.38294737818692887,0.0820153783387031,0.09812043988384543,2.2175547776481266,324.1087572226784,0,1,0,0,0,1,0,1,0,0,0,1,1,1
param_20134,real_001,0.7163344598890792,0.39891441229092317,0.0657330783228258,0.08735977613319991,2.0263152955309045,281.1208967052517,0,1,1,1,1,1,1,1,0,1,0,1,0,1
param_20134,real_002,0.7304919039815906,0.4642873222338053,0.08996954643889202,0.10612757195931431,2.0899267619161965,340.4605530073503,0,1,0,1,0,1,0,1,0,1,0,1,1,1
param_20134,real_003,0.7897604867026348,0.4762047798350259,0.09141308606328731,0.11433144650741559,1.3331187808781575,192.9500207397267,1,1,0,1,1,1,0,1,0,1,0,1,0,1
param_20134,real_004,0.757886830651271,0.4415942518554571,0.07306631382851529,0.08826481421161604,2.2892040807541645,277.2255726993886,0,1,0,1,0,1,0,1,0,0,0,1,1,1
param_20134,real_005,0.7088781911470424,0.3983445000383734,0.08458617424296686,0.10163447059861025,2.1951161942364226,322.87157142844546,0,1,0,0,0,1,0,1,0,0,0,1,1,1
param_20135,real_001,0.7519788921753604,0.4809151344590954,0.09186751165286192,0.129490797132323,1.0374680920969495,287.34640569079323,0,1,1,1,1,1,1,1,0,1,1,1,0,1
param_20135,real_002,0.7604308768938199,0.5533086421964148,0.10863555619987235,0.13600530977203282,1.2089407052428296,373.328589755865,1,1,1,1,1,1,1,1,0,1,0,1,1,1
param_20135,real_003,0.8070730545894758,0.5257840013828944,0.10263106209895616,0.13467215858002868,0.6295517781854854,199.22812418306592,1,1,1,1,1,1,0,1,1,1,0,1,1,1
param_20135,real_004,0.7895669678747133,0.5104211167713876,0.09522423813921911,0.12221765937787744,1.2525979098801645,309.4547722176528,1,1,0,1,1,1,0,1,0,0,0,1,1,1
param_20136,real_001,0.7749977529994405,0.5649098461596378,0.11906472425168563,0.16930409479773492,0.7824270095183347,246.2792260579509,1,1,1,1,1,1,1,1,0,1,1,1,1,1
param_20136,real_002,0.7778277953140865,0.5912504833326974,0.13288358217253637,0.17104466702973378,0.9761706702158973,342.2059240466301,1,1,1,1,1,1,1,1,0,1,0,1,1,1
param_20136,real_003,0.8261380329021683,0.6146194691222017,0.14054762937265255,0.18447742658743493,0.398815173291336,204.56406713751318,1,1,1,1,1,1,0,1,1,1,0,1,1,1
param_20136,real_004,0.8069040079114856,0.5808018685876926,0.12034940253298274,0.15754216151290337,1.0316263858977426,281.4619404863404,1,1,0,1,1,1,1,1,0,0,0,1,1,1
param_20136,real_005,0.7433055518058912,0.5285485412823795,0.13363440016855954,0.17040616099214795,0.9838787039010872,323.24339878729484,1,1,0,0,1,1,0,1,0,0,0,1,1,1
param_20137,real_001,0.8011229980711182,0.6486064115057631,0.15731420928673942,0.21638551920770918,0.04425633821184476,281.8412768093195,1,1,1,1,1,1,1,1,1,1,1,1,1,1
param_20137,real_002,0.7750262140604288,0.6396382938617966,0.125180033439848,0.17729528445820403,0.0008231306185146057,440.0248982830274,1,1,1,1,1,1,1,1,1,1,1,1,1,1
param_20137,real_003,0.8244465095700704,0.6680655050717381,0.14908028813522858,0.2024008530775845,0.16896756843840233,227.48718811252417,1,1,1,1,1,1,1,1,1,1,1,1,1,1
param_20137,real_004,0.8094070472585385,0.6551668395729772,0.12589782134672184,0.1755068518608297,0.02192028057959142,378.35007569105306,1,1,1,1,1,1,1,1,1,0,1,1,1,1
param_20137,real_005,0.7865878483139624,0.6331401934812625,0.1655159573468296,0.2328341159889317,0.004199826121848459,404.33783013880327,1,1,1,0,1,1,1,1,1,0,1,1,1,1
param_20138,real_001,0.7019959700205743,0.3806925736482556,0.06347153815372202,0.08248825763274928,2.3928630670979514,327.1512228076833,0,1,0,1,1,1,0,1,0,1,0,1,1,1
param_20138,real_002,0.714347471557206,0.43318779950973635,0.09386221897083125,0.10552498846966837,2.433572888507945,249.82129409474436,0,1,0,1,0,1,0,1,0,1,0,1,1,1
param_20138,real_003,0.7641896672179637,0.4509760904262476,0.08608432157501332,0.10746024234910054,1.364883775875543,263.43192595415763,1,1,0,1,1,1,0,1,0,1,0,1,0,1
param_20138,real_004,0.735476327606862,0.44176966452855515,0.08165404143536398,0.0910921016587249,2.915518063819638,141.61245564140606,0,1,0,1,0,1,0,1,0,0,0,1,1,1
param_20138,real_005,0.6848901236251845,0.3942413216346796,0.07302815387427057,0.08919374165421581,2.8040824494696817,295.2897754986629,0,1,0,0,0,1,0,1,0,0,0,1,1,1
param_20139,real_001,0.7102807299876129,0.403096488887004,0.07071164327463553,0.09307401804657228,1.9584342795154583,327.1373332388313,0,1,1,1,1,1,1,1,0,1,0,1,1,1
param_20139,real_002,0.7206720395142229,0.45736494040381,0.09997426251793774,0.11345557812948127,2.1498820540736707,259.55592931669526,1,1,0,1,0,1,0,1,0,1,0,1,1,1
param_20139,real_003,0.7683763489697378,0.46361527630129123,0.08956004724201164,0.11412617551551042,1.1355094940344312,266.0921004561428,1,1,0,1,1,1,0,1,0,1,0,1,0,1
param_20139,real_004,0.7380988555716592,0.4467692467376775,0.08779059074546552,0.09932244379400021,2.531200470950505,151.42662969415778,0,1,0,1,0,1,0,1,0,0,0,1,1,1
param_20139,real_005,0.6896063763412696,0.4028175223981819,0.08695506648801411,0.10367114820995361,2.226923566608666,285.15142649084214,0,1,0,0,0,1,0,1,0,0,0,1,1,1
param_20140,real_001,0.7106607281752781,0.4187701749088182,0.07299805697129381,0.0971512994954092,1.9136055269671124,323.6912011505718,0,1,1,1,1,1,1,1,0,1,0,1,1,1
param_20140,real_002,0.720729478985474,0.4736750278962392,0.10295857596339517,0.11777453664601507,2.088240526596691,256.134114161305,1,1,0,1,0,1,0,1,0,1,0,1,1,1
param_20140,real_003,0.7696616011883373,0.48009486797534884,0.09547938217520484,0.12201129718174389,1.068333545269583,262.6516861037458,1,1,0,1,1,1,0,1,0,1,0,1,1,1
param_20140,real_004,0.7382768587660729,0.46242476643734753,0.09082809077582046,0.1038595588936992,2.4724689956137422,149.2182381907046,0,1,0,1,0,1,0,1,0,0,0,1,1,1
param_20140,real_005,0.6896408703051412,0.41642781055300987,0.08942005468630562,0.10743657514616074,2.1928446954586494,285.2995353159472,0,1,0,0,0,1,0,1,0,0,0,1,1,1
param_20141,real_001,0.74756249309954,0.4982212673830972,0.10134981591177059,0.1439286639186747,0.9156276706587527,333.1637677971978,0,1,1,1,1,1,1,1,1,1,1,1,1,1
param_20141,real_002,0.7498280200554325,0.5586935580190473,0.12116550304886113,0.14648985857982572,1.258685249172317,306.8173568328742,1,1,0,1,1,1,1,1,0,1,0,1,1,1
param_20141,real_003,0.7790716513650646,0.5143671026812183,0.09965217689323701,0.13234902696905862,0.48323815386018304,278.8557363921694,1,1,1,1,1,1,0,1,1,1,0,1,1,1
param_20141,real_004,0.7663312103765582,0.5116606587933286,0.11152117067562076,0.13502161874394963,1.4658718990624062,195.82747467905278,1,1,0,1,1,1,0,1,0,0,0,1,1,1
param_20142,real_001,0.7784255438907303,0.5881214260177583,0.1316573153903351,0.18850914349318998,0.685701040486247,296.32809270872775,1,1,1,1,1,1,1,1,1,1,1,1,1,1
param_20142,real_002,0.7680781188280494,0.5940700332385983,0.1454075285700922,0.18325683097604145,0.9929711318901404,282.6634241913494,1,1,0,1,1,1,1,1,0,1,0,1,1,1
param_20142,real_003,0.8053765763120418,0.6079316724675116,0.14078369825054046,0.18606665634870975,0.2591126808263583,253.34320793820115,1,1,1,1,1,1,0,1,1,1,0,1,1,1
param_20142,real_004,0.792378432589671,0.5899390856880271,0.140334676939543,0.17719601679888158,1.1556185210780927,184.2107132069195,1,1,0,1,1,1,1,1,0,0,0,1,1,1
param_20142,real_005,0.7262821267009959,0.535610645049645,0.13638911782095756,0.17351779606886836,0.9628778687043396,268.2956912017392,1,1,0,0,1,1,0,1,0,0,0,1,1,1
param_20143,real_001,0.8006941035775523,0.6556451816798321,0.17109128047865338,0.23465573473768775,0.0033135373838891428,330.09933032832856,1,1,1,1,1,1,1,1,1,1,1,1,1,1
param_20143,real_002,0.7730629712543099,0.6339191084290294,0.13810283923667818,0.19076606776617033,0.07294878750626678,399.48961620308836,1,1,1,1,1,1,1,1,1,1,1,1,1,1
param_20143,real_003,0.8099129786360127,0.6558948832367636,0.15196668302716326,0.21236194616444412,0.167138175580532,320.6270761308706,1,1,1,1,1,1,1,1,1,1,1,1,1,1
param_20143,real_004,0.8075339603085269,0.6599103709210377,0.15271245361104435,0.20631800003775125,0.044475548828674376,309.6394764502813,1,1,1,1,1,1,1,1,1,0,1,1,1,1
param_20143,real_005,0.768548336833623,0.627643661943526,0.162695677848442,0.23312795143539547,0.07465302315063459,317.4647439793255,1,1,1,0,1,1,1,1,1,0,1,1,1,1
param_20144,real_001,0.7014786787229955,0.3454000566315065,0.04876763701554319,0.06291690406640128,2.8191379901680578,66.51088490446823,0,1,0,1,0,1,0,1,0,1,0,1,1,1
param_20144,real_002,0.7035101411375121,0.3220351864605824,0.06781241959739431,0.08064998270130358,2.3907034597134564,542.7579789413564,0,1,0,1,0,1,0,1,0,1,0,1,1,1
param_20144,real_003,0.7384140501775562,0.3657218452517072,0.07066257792115918,0.08522524703252021,2.2503767115808784,341.43872203886644,1,1,0,1,0,1,0,1,0,1,0,1,0,1
param_20144,real_004,0.7574203110783224,0.36754322056940913,0.044984953755316005,0.058087875358721466,3.0022352485003307,168.35164264479494,0,1,0,1,0,1,0,1,0,1,0,1,0,1
param_20144,real_005,0.7353755781330622,0.3571756393704007,0.050674499184923345,0.0685437659920492,2.693427397749598,174.66344689879372,0,1,0,1,0,1,1,1,0,1,0,1,0,1
param_20145,real_001,0.7030723063949764,0.3467147328839658,0.05109160981060347,0.06726371524806787,2.5505813829900306,65.74561124811288,0,1,0,1,0,1,0,1,0,1,0,1,1,1
param_20145,real_002,0.7071448604370878,0.33175730864870806,0.07192902073511678,0.08749952524851373,2.111148684349572,544.2881002174028,0,1,0,1,0,1,0,1,0,1,0,1,1,1
param_20145,real_003,0.7428443482280751,0.38122074110453835,0.07478592485634747,0.09162447977167126,2.0162731786401866,341.61878496365057,1,1,0,1,1,1,0,1,0,1,0,1,0,1
param_20145,real_004,0.7616024413245761,0.37917019414267455,0.047781955563239345,0.06286458565781683,2.7187665571685917,169.28582361339625,0,1,0,1,0,1,0,1,0,1,0,1,0,1
param_20145,real_005,0.7392250735753398,0.3624222981711007,0.05384714185498156,0.07392232646255062,2.442996878251821,175.42376620998022,0,1,1,1,0,1,1,1,0,1,0,1,0,1
param_20146,real_001,0.7025131138008746,0.3682241970848199,0.055612329640361204,0.07288428692778558,2.4642027542724407,71.07677757652554,0,1,0,1,0,1,0,1,0,1,0,1,1,1
param_20146,real_002,0.7068475520840226,0.34725060524272594,0.07564339795233414,0.09289170687746218,2.051366029600763,539.7649162325437,0,1,0,1,0,1,0,1,0,1,0,1,1,1
param_20146,real_003,0.7411149884709407,0.3900006678893992,0.07718567436148463,0.09495707667041792,1.9127380183565237,336.55279616929425,1,1,0,1,1,1,0,1,0,1,0,1,0,1
param_20146,real_004,0.7594526051314578,0.3966022678635677,0.05025678964099975,0.06622257670542388,2.524414003655573,162.68100443624786,0,1,0,1,0,1,0,1,0,1,0,1,0,1
param_20146,real_005,0.737589063102591,0.3804340031963379,0.056549972178826825,0.07834996938613158,2.324010448061081,170.23486985789026,0,1,1,1,0,1,1,1,0,1,0,1,0,1
param_20147,real_001,0.7294119431743417,0.41480023417030565,0.06953597517005106,0.09785623071439328,1.5117293233082707,62.890757156804646,1,1,1,1,1,1,1,1,0,1,0,1,1,1
param_20147,real_002,0.7405764740208471,0.4168428291151774,0.09700028563464873,0.12882835614530597,1.1118140735958684,552.4417486525072,1,1,1,1,1,1,1,1,0,1,0,1,1,1
param_20147,real_003,0.7713283210590675,0.47377839472940336,0.09926818049530807,0.12917429656266874,1.1362977422456977,339.45753789178593,1,1,1,1,1,1,1,1,0,1,0,1,0,1
param_20147,real_004,0.7888208260624319,0.46415177201467017,0.06558131843023107,0.09275658047730152,1.617236441739753,171.76567576230894,1,1,1,1,1,1,1,1,0,1,0,1,0,1
param_20147,real_005,0.7660599656982299,0.42412324554784797,0.07766721705606537,0.11159734606441969,1.4081632653061225,176.15686269242005,1,1,1,1,1,1,1,1,0,1,0,1,0,1
param_20148,real_001,0.7451808167070426,0.5023279484988382,0.10961623620060058,0.14652952482135165,1.2162219539055554,106.27075490296312,1,1,1,1,1,1,1,1,0,1,0,1,1,1
param_20148,real_002,0.762751097729412,0.5005263466504217,0.13014464147453522,0.17277858277223726,0.8765010325574281,516.0627370969044,1,1,1,1,1,1,1,1,0,1,0,1,1,1
param_20148,real_003,0.789680841321873,0.5367373821307475,0.12811081023625667,0.1695541850895209,0.7722185178129167,298.1006700829577,1,1,1,1,1,1,1,1,0,1,0,1,1,1
param_20148,real_004,0.7947114785313582,0.5553978685715358,0.08666698524809757,0.12460939637096483,1.1828156293928123,131.59527095302252,1,1,1,1,1,1,1,1,0,1,0,1,1,1
param_20148,real_005,0.7779312595325595,0.52726316806197,0.1003780233211164,0.14670908018013223,0.9642848661869821,132.5717222946935,1,1,1,1,1,1,1,1,0,1,0,1,1,1
param_20149,real_001,0.7710215199431218,0.6039516203560084,0.13772011330590686,0.1942695729603877,0.04607541663274317,49.98969953868504,1,1,1,1,1,1,1,1,1,1,1,1,1,1
param_20149,real_002,0.7756002063030091,0.5944544047152109,0.16083632136659404,0.2207331950670444,0.10149421358464769,583.7148418325105,1,1,1,1,1,1,1,1,1,1,1,1,1,1
param_20149,real_003,0.8090113827204642,0.6391687175480193,0.15835085129767348,0.21479689770114463,0.08638459035915316,335.63138786130133,1,1,1,1,1,1,1,1,1,1,1,1,1,1
param_20149,real_004,0.8169207262795213,0.6508577086661201,0.11776013299388635,0.1731313906686697,0.07389409777473133,175.6393112584691,1,1,1,1,1,1,1,1,1,1,1,1,1,1
param_20149,real_005,0.8267804944768542,0.6402080045737008,0.18563273142340644,0.24762119581663203,0.012776216306533713,174.50823100510718,1,1,1,1,1,1,1,1,1,1,1,1,1,1
param_20150,real_001,0.6836004221810942,0.39501984037195714,0.05607553079367618,0.07976531487952931,2.284091810037263,140.55082115398716,0,1,0,1,0,1,1,1,0,1,0,1,1,1
param_20150,real_002,0.787384328380394,0.49545728915207476,0.18544266140766588,0.20022529782974124,2.0720024586205383,158.3298443497369,0,1,0,1,1,1,1,1,0,1,0,1,0,1
param_20150,real_003,0.7312095601776298,0.37961986001825454,0.08077113342319338,0.09922495796107413,2.457057098028515,238.5585653951046,0,1,0,1,0,1,0,1,0,1,0,1,0,1
param_20150,real_004,0.7380235645419289,0.4039512194793034,0.07110878286855499,0.08055416005036994,2.8968510505187424,400.8578800598651,0,1,0,1,0,1,0,1,0,1,0,1,1,1
param_20150,real_005,0.7200221381943759,0.3550664744266966,0.06879202431960003,0.08149940090859253,2.3706658484197605,653.8859640596729,1,1,0,1,1,1,0,1,0,1,0,1,0,1
param_20151,real_001,0.6881295531859789,0.40349793335930495,0.06300938958470788,0.08993383022691713,1.898383654619879,139.51170097392216,0,1,0,1,0,1,1,1,0,1,1,1,1,1
param_20151,real_002,0.7962382423493973,0.517146922449364,0.19715475953025222,0.21583191928956652,1.7456296964821754,156.65669611965296,0,1,1,1,1,1,1,1,0,1,0,1,0,1
param_20151,real_003,0.737957880574366,0.39580967640788167,0.08940692395755097,0.11167465977379183,2.015231748676147,239.64032209542728,0,1,0,1,0,1,0,1,0,1,0,1,1,1
param_20151,real_004,0.743645496383367,0.4184927785357529,0.08059713218237301,0.09340940926961094,2.328753701930571,398.86821622408837,0,1,0,1,0,1,1,1,0,1,0,1,1,1
param_20151,real_005,0.7276204775276206,0.3729408677349437,0.07255240028383966,0.086739989832974,2.1608262254650086,655.356506842998,1,1,0,1,1,1,0,1,0,1,0,1,0,1
param_20152,real_001,0.6866697284508149,0.4197436839415816,0.06492499537266597,0.093014925433757,1.8508086717136958,138.5859592837741,0,1,0,1,0,1,1,1,0,1,0,1,1,1
param_20152,real_002,0.7954516548927281,0.5260953778087528,0.1975104457053896,0.21833706197984223,1.6745279412888923,159.96578816910647,0,1,1,1,1,1,1,1,0,1,0,1,0,1
param_20152,real_003,0.73759058092669,0.4130859825856371,0.09305091278199729,0.11710232178736728,1.9687176583155963,237.1534621435589,0,1,0,1,0,1,0,1,0,1,0,1,1,1
param_20152,real_004,0.7423179196374714,0.428604369583878,0.0822582670306905,0.09607190173097141,2.2795340368119694,401.1471242103002,0,1,0,1,0,1,1,1,0,1,0,1,1,1
param_20152,real_005,0.7289543340699395,0.3942078896455224,0.07796155178447049,0.09427851935547572,2.0314797658236583,650.1738221015994,1,1,0,1,1,1,0,1,0,1,0,1,0,1
param_20153,real_001,0.7216722371474149,0.48175049974231193,0.09264943443493281,0.13424295947754827,1.012327386229763,133.16280393157214,1,1,1,1,1,1,1,1,1,1,1,1,1,1
param_20153,real_002,0.8408444135054758,0.6119267560231714,0.25537832994406906,0.2935376370734372,0.8073589998579344,146.48430372035543,1,1,1,1,1,1,1,1,0,1,1,1,0,1
param_20153,real_003,0.7762485621674527,0.49643139897704275,0.126360072842608,0.16585907557185295,0.9934831637469842,248.69960474341636,1,1,1,1,1,1,1,1,0,1,1,1,1,1
param_20153,real_004,0.7759796279152686,0.5049078613114308,0.12035165714140622,0.14611152998219012,1.1093097415058133,382.10494593942536,0,1,0,1,0,1,1,1,0,1,1,1,1,1
param_20153,real_005,0.7505992656003408,0.44536523468297573,0.09467258111724439,0.12015079656064387,1.3359560119083784,658.276013817916,1,1,1,1,1,1,1,1,0,1,0,1,0,1
param_20154,real_001,0.7440562752616324,0.5595188238226048,0.11628225434867162,0.17271625985968073,0.7709195070595655,128.31502541399286,1,1,1,1,1,1,1,1,1,1,1,1,1,1
param_20154,real_002,0.8550108908258137,0.6611733773935103,0.2574240158118798,0.31109251292247037,0.5089225062807975,171.4389692167648,1,1,1,1,1,1,1,1,0,1,1,1,1,1
param_20154,real_003,0.8105623186925045,0.6018874033863767,0.16619448238189777,0.22345539211039894,0.7561220718015063,229.88878386399801,1,1,1,1,1,1,1,1,0,1,1,1,1,1
param_20154,real_004,0.7897114802781051,0.5542247856078992,0.13773640970987974,0.17328016143209257,0.9005911893713051,396.0741031352688,0,1,1,1,0,1,1,1,0,1,1,1,1,1
param_20154,real_005,0.7840358772540412,0.5545385985529363,0.13545646667077568,0.18030118072631954,0.7413408517046548,614.1407196686341,1,1,1,1,1,1,1,1,1,1,0,1,1,1
param_20155,real_002,0.8703177109504403,0.7273542490777802,0.29652699060274595,0.34954409133153225,0.14615886806958028,96.30927538917769,1,1,1,1,1,1,1,1,1,1,1,1,1,1
param_20155,real_003,0.8194629077072171,0.6727949995525512,0.20369857095257998,0.2687984047876589,0.07477010899663455,295.8012555117147,1,1,1,1,1,1,1,1,1,1,1,1,1,1
param_20155,real_004,0.8246919552706079,0.6725104410993964,0.18234951000063032,0.23663059795188046,0.044792046057213694,294.73643187829475,1,1,1,1,1,1,1,1,1,1,1,1,1,1
param_20155,real_005,0.7899253673989908,0.6049898739106432,0.14566429964393673,0.2021176598625004,0.038391940798357914,650.5311017279923,1,1,1,1,1,1,1,1,1,1,1,1,0,1
param_20156,real_001,0.7312443697588183,0.4181417380263086,0.08349235719225166,0.09961206004377304,2.2744363224544424,223.03614992840704,1,1,0,0,1,1,0,1,0,1,0,0,1,1
param_20156,real_002,0.72129110703337,0.4455352787997447,0.11569693323907244,0.13259280021289374,2.116768560922237,104.88882948418197,0,1,0,1,0,0,0,1,0,1,0,1,1,1
param_20156,real_003,0.7275492321147752,0.38796259896903906,0.10839219902508619,0.11880879673919012,2.692341961063839,105.44033119579792,0,1,0,1,0,1,0,1,0,1,0,1,1,1
param_20156,real_005,0.7391504749393164,0.4982223672683799,0.19343898922650318,0.19971367282852223,1.3099455274247147,398.68835060255276,1,1,0,0,1,1,0,1,0,1,0,1,1,1
param_20157,real_001,0.7365809898295798,0.42891227937421383,0.09052049402652411,0.10898035985844359,1.9075567257235844,216.88896196374793,1,1,0,0,1,1,0,1,0,1,0,0,1,1
param_20157,real_002,0.7299869793541173,0.46594175350940586,0.12908780229371594,0.1503336924356478,1.6758536538126318,95.76111546782812,0,1,0,1,0,0,0,1,0,1,0,1,1,1
param_20157,real_003,0.7346177596854221,0.40344702740835836,0.11920927349613372,0.13239757273691302,2.205027068832173,103.47883352571546,0,1,1,1,0,1,0,1,0,1,0,1,1,1
param_20157,real_004,0.7035481176577142,0.34281882740078673,0.07491617461780209,0.08012718764535726,3.1686703534503486,205.7215546971708,0,1,0,1,0,1,0,1,0,1,0,1,1,1
param_20157,real_005,0.7489885742474529,0.5255712797072285,0.20346725433103444,0.21178928638848607,1.1480112776565412,393.9386111017485,1,1,0,0,1,1,0,1,1,1,0,1,1,1
param_20158,real_001,0.7354056710396678,0.45732036469823734,0.09301371251250064,0.11308669118315035,1.848751388341514,220.22042699318465,1,1,0,0,1,1,0,1,0,1,0,0,1,1
param_20158,real_002,0.730754041139878,0.4726408480689488,0.1334845068909247,0.15710272473768272,1.6359300173621047,96.04939131776575,0,1,0,1,0,0,0,1,0,1,0,1,1,1
param_20158,real_003,0.7350246864930299,0.41900362019807197,0.12129993088233357,0.13626239890605982,2.158492435501696,99.01221875809475,0,1,1,1,0,1,0,1,0,1,0,1,1,1
param_20158,real_004,0.703363384973902,0.35478817572092436,0.0793475813153768,0.08521019887442267,3.129573942299104,203.46148014463142,0,1,0,1,0,1,0,1,0,1,0,1,1,1
param_20158,real_005,0.7523607602479494,0.5421412559923643,0.21046655103267567,0.22212113451340393,1.097559458072143,392.3788759210814,1,1,0,0,1,1,0,1,1,1,0,1,1,1
param_20159,real_001,0.7693972809706965,0.5311805963202396,0.11488658481262376,0.14812069027429114,1.0367979506884406,188.20046524249673,1,1,1,0,1,1,1,1,0,1,0,0,1,1
param_20159,real_002,0.7706806203691079,0.560761628609733,0.18041051043239384,0.21876256325822788,0.7164918994135772,74.5901629107105,0,1,0,1,0,0,1,1,1,1,1,1,1,1
param_20159,real_003,0.7683936354466355,0.4829251958322607,0.16786295280886926,0.19249045614244914,1.1887370436390043,92.57237989063405,1,1,1,1,1,1,1,1,0,1,0,1,1,1
param_20159,real_004,0.7402600211863792,0.4623117957420497,0.1074455104845636,0.12874903349097122,1.47347302719572,210.06866647138116,0,1,1,1,0,1,1,1,0,1,0,1,1,1
param_20159,real_005,0.7808861091450511,0.5973134223164265,0.24034071889825484,0.25923902054057807,0.6246400732503644,384.075383289291,1,1,0,0,1,1,0,1,1,1,0,1,1,1
param_20160,real_001,0.7934630359991551,0.6263210867422725,0.13807881261475116,0.19010873350206134,0.7461814667998989,207.905223962801,1,1,1,0,1,1,1,1,1,1,0,0,1,1
param_20160,real_002,0.8054488050542927,0.6181341876199097,0.22622180374559916,0.28195734425336527,0.5492968802565771,73.59177351530761,0,1,1,1,1,0,1,1,1,1,1,1,1,1
param_20160,real_003,0.7929164176425846,0.565273967365135,0.18763728213690467,0.22691720190862938,0.9316661616985573,59.777285730987614,1,1,1,1,1,1,1,1,0,1,0,1,1,1
param_20160,real_004,0.7676273057626581,0.5601259829760568,0.1476175174064362,0.18088864325664145,1.1493212669683257,189.33503563133073,0,1,1,1,0,1,1,1,0,1,0,1,1,1
param_20160,real_005,0.8200207628045679,0.6781866213322345,0.27230446036276507,0.30839135124095934,0.35827961321514906,378.8551639275491,1,1,0,0,1,1,0,1,1,1,1,1,1,1
param_20161,real_001,0.8066477671922994,0.6869466514409477,0.17484620915414276,0.24276724724552914,0.06304942141358912,124.25620702006098,1,1,1,0,1,1,1,1,1,1,1,0,1,1
param_20161,real_002,0.8262615886570828,0.6962053105738489,0.25652164643788977,0.314902940002582,0.07327560185402567,209.0943839648163,1,1,1,1,1,0,1,1,1,1,1,1,1,1
param_20161,real_003,0.8584496581689569,0.6929962524771747,0.28773950996120096,0.3536198680744992,0.06619841514870844,89.57049153463034,1,1,1,1,1,1,1,1,1,1,1,1,1,1
param_20161,real_004,0.7904279692024878,0.6341229826008266,0.1863259836297023,0.2368974374258387,0.016855923673428884,221.52016656241625,1,1,1,1,1,1,1,1,1,1,1,1,1,1
param_20161,real_005,0.8057683744607174,0.694041016243874,0.23699534658572688,0.2783859622006297,0.15518634766102204,447.45266849434614,1,1,1,0,1,1,1,1,1,1,1,1,1,1
