param_folder,realization,global_ssim,plume_ssim,iou_0.001,iou_0.0001,area_rel_err_1e-3_d365,centroid_err_m_d365,exceed_w500_+400_true,exceed_w500_+400_pred,exceed_w500_-400_true,exceed_w500_-400_pred,exceed_w1000_+400_true,exceed_w1000_+400_pred,exceed_w1000_-400_true,exceed_w1000_-400_pred,exceed_w1500_+600_true,exceed_w1500_+600_pred,exceed_w1500_-600_true,exceed_w1500_-600_pred,exceed_w1900_+0_true,exceed_w1900_+0_pred
param_20000,real_001,0.8526217578718669,0.4278375769096292,0.06708854482023646,0.08848977264471104,0.6481294236602629,737.4511284390426,0,0,0,0,0,0,0,0,0,0,0,0,0,1
param_20000,real_002,0.815782349289362,0.3329420363955799,0.019108223333713436,0.04849787493597185,0.24125136089941565,198.90825678680125,0,1,0,1,0,1,0,0,0,0,0,1,0,1
param_20000,real_003,0.8032527573943885,0.3503871165812288,0.02236224435043302,0.05653770267600947,0.3874126816558478,396.0666752739794,0,1,0,1,0,1,0,1,0,1,0,0,0,1
param_20000,real_004,0.8202704750426518,0.36783057290228166,0.02754811605670742,0.048526195914972384,0.5358793210699369,1041.683065945245,0,0,0,0,0,1,0,0,0,0,0,0,1,1
param_20000,real_005,0.8483878428192699,0.40747695936774236,0.11121568098639982,0.14151745239811697,0.22781991357262546,784.369624771113,0,1,0,0,0,0,0,0,0,0,0,0,0,1
param_20001,real_001,0.8493133771091428,0.4484081360488613,0.07173365410809839,0.09567584886564383,0.7974782162993337,603.9916098327395,0,0,0,1,0,0,0,0,0,0,0,0,0,1
param_20001,real_002,0.8086002253139444,0.3487933127462719,0.025172925810800217,0.06247925992235048,0.45188492063492064,127.63745241499437,0,1,0,1,0,1,0,0,0,0,0,1,0,1
param_20001,real_003,0.8004400130749283,0.37611527231282776,0.045509051066040425,0.08081211979321541,0.6893222264293828,236.9009653454312,0,1,0,1,0,1,0,1,0,1,0,1,0,1
param_20001,real_004,0.8138814339224913,0.38247881083050955,0.035195058588783114,0.06030748995236408,0.7602451802613324,945.1643936866668,0,0,0,0,0,1,0,0,0,0,0,0,0,1
param_20001,real_005,0.8400202618103839,0.42660407341892376,0.11755566375678869,0.14525620130725733,0.4309313002131497,697.6901945182998,0,1,0,0,0,0,0,0,0,0,0,0,0,1
param_20002,real_001,0.8468077380291079,0.4736099131225317,0.08384081397898732,0.10777960006213153,0.743963075216418,577.7691034861069,0,0,0,1,0,0,0,0,0,0,0,0,0,1
param_20002,real_002,0.800419827077453,0.3564770835246233,0.029210030106868602,0.07078474461790603,0.4226911241657675,91.62822986214891,0,1,0,1,0,1,0,0,0,0,0,1,1,1
param_20002,real_003,0.7923903249432227,0.3847975580315224,0.038367429624987646,0.08271250713932407,0.6347379531522754,279.08172259211324,0,1,0,1,0,1,0,1,0,1,0,1,0,1
param_20002,real_004,0.8094509019300488,0.3997990849722774,0.0379293886914259,0.06579425081480139,0.7753722059472692,1007.5676466106303,0,1,0,0,0,1,0,0,0,0,0,0,1,1
param_20002,real_005,0.8350812979594212,0.4554154858997441,0.1318580932225354,0.1596486519681832,0.41819441694713916,683.4830924958874,0,1,0,0,0,0,0,0,0,0,0,0,0,1
param_20003,real_001,0.8164273275085188,0.519641327243802,0.07682483076226994,0.10868089003860454,1.072825580039641,180.51300113044988,1,1,1,1,1,0,1,1,0,1,0,0,0,1
param_20003,real_002,0.7867166718107929,0.44052936806593634,0.08105189809711161,0.12369727901892821,0.8650392610380235,368.53363823652495,1,1,1,1,1,1,1,0,0,1,0,1,0,1
param_20003,real_003,0.7863940755794752,0.46282167018158515,0.09901045811811134,0.13451549311477326,1.1186059077809798,139.70548297797643,1,1,1,1,1,1,1,1,0,1,0,1,0,1
param_20003,real_004,0.7782845865724505,0.4636291030145366,0.06383935036828714,0.09604456419031907,1.0389972555847375,473.04792062354295,1,1,1,1,1,1,1,0,0,1,0,1,0,1
param_20003,real_005,0.794006821833133,0.49601353938157317,0.11203352185152254,0.1453794582329501,0.6995417848570805,470.93427600841954,1,1,1,1,1,0,1,0,0,0,0,1,0,1
param_20004,real_001,0.8226811127134986,0.618541870779002,0.14222307709327806,0.19216803452105655,0.7241832112567463,140.1587800090034,1,1,1,1,1,1,1,1,0,1,0,0,1,1
param_20004,real_002,0.787230707287884,0.5204675733559045,0.1323483014981691,0.1879908617541158,0.7061846796999877,285.4151011344708,1,1,1,1,1,1,1,1,0,1,0,1,1,1
param_20004,real_003,0.7760060019635149,0.5361131283638702,0.12636415644859006,0.17638896710036506,0.9690667255638176,111.42478213644418,1,1,1,1,1,1,1,1,0,1,0,1,1,1
param_20004,real_004,0.776007151114432,0.5394889359217884,0.10451431807273165,0.15313520347696963,0.8823637747710139,399.9248223828682,1,1,1,1,1,1,1,1,0,1,0,1,1,1
param_20004,real_005,0.8155197736094604,0.6245038025656797,0.18950550276246061,0.233963161182888,0.5632554100021713,367.30942241825846,1,1,1,1,1,0,1,1,0,0,0,1,1,1
param_20005,real_001,0.7988707076842003,0.6893904852811837,0.16441578275513788,0.2375270489206125,0.3823720419273979,189.32635588233015,1,1,1,1,1,1,1,1,1,1,1,1,1,1
param_20005,real_002,0.7872583833965314,0.6545059828139347,0.2003393579958369,0.2698224915886838,0.4011660341963131,125.54938500947762,1,1,1,1,1,1,1,1,1,1,1,1,1,1
param_20005,real_003,0.7735135243550718,0.6485689190759235,0.18785223328591857,0.2588803493461598,0.42656672506088666,99.70963207581076,1,1,1,1,1,1,1,1,1,1,1,1,1,1
param_20005,real_004,0.7529289139738876,0.6360663433153902,0.1498579609808112,0.22409632559556875,0.42952590151931175,144.50241295447205,1,1,1,1,1,1,1,1,1,1,1,1,1,1
param_20005,real_005,0.7688284867582849,0.669764789430777,0.19290284904591057,0.2634622589312679,0.3467524420469456,198.09915206823626,1,1,1,1,1,1,1,1,1,1,1,1,1,1
param_20006,real_001,0.8310656179789582,0.49555345249173344,0.11919845886820613,0.14627847144475378,0.9306535807151655,269.94125911911317,0,1,0,0,1,1,0,1,0,0,0,0,0,1
param_20006,real_002,0.8359935462020402,0.5043628227807573,0.14501607536573718,0.1802204681222347,0.6287986987225264,408.39443698854075,0,1,1,1,0,1,0,1,0,0,0,0,1,1
param_20006,real_003,0.7975202099319273,0.4461060317171652,0.09420367448635153,0.11666547900241798,0.7342619357091587,444.793142323888,1,1,0,0,1,1,0,0,0,0,0,1,1,1
param_20006,real_004,0.7981073302591035,0.4915699856938797,0.1006479457540879,0.1284312993420047,1.0342200340702745,467.4748216183691,0,1,0,1,0,1,0,0,0,1,0,0,0,1
param_20006,real_005,0.7500016665137692,0.3683778281929068,0.01406588416195247,0.0449125833050811,0.7667150178899527,572.376624007819,1,1,0,1,1,1,0,1,0,1,0,1,0,1
param_20007,real_001,0.827013823960392,0.5052488460364658,0.11511245707598192,0.14213117715467388,1.0168499500136325,291.6784098924299,1,1,0,0,1,1,1,1,0,0,0,0,0,1
param_20007,real_002,0.8388618781882397,0.5181396079519169,0.15697351884895064,0.18925327765451277,0.6807882500553546,350.320130624685,1,1,1,1,0,1,1,1,0,0,0,0,1,1
param_20007,real_003,0.7936292287385779,0.45316385451165814,0.09471013983342276,0.11808337543565038,0.8438272952131529,387.58105126005154,1,1,0,1,1,1,0,0,0,0,0,1,1,1
param_20007,real_004,0.8017644551064138,0.5121333333778835,0.11987244834057983,0.14539613250973552,1.1024612325350172,338.3356914695977,1,1,1,1,0,1,1,1,0,1,0,0,0,1
param_20007,real_005,0.7426735132053415,0.37571966732071727,0.016927203899093593,0.050087019235867086,0.8752964176456746,516.8454908349036,1,1,1,1,1,1,0,1,0,1,0,1,0,1
param_20008,real_001,0.8261390062124166,0.5289944985924834,0.12804959384425796,0.15504302895678274,0.9519340810254062,278.45440586863384,1,1,0,0,1,1,1,1,0,0,0,0,0,1
param_20008,real_002,0.8290965118095726,0.5254160721630858,0.15520960591803346,0.1885654038244996,0.6615047427421673,395.8459135604636,1,1,1,1,0,1,1,1,0,0,0,0,1,1
param_20008,real_003,0.7923677526641865,0.4746965289278019,0.10836316130304978,0.13196366373110638,0.793978853250071,388.0670874606453,1,1,0,1,1,1,0,0,0,0,0,1,1,1
param_20008,real_004,0.8023854830173527,0.5296628669426868,0.14058608574584608,0.16771797683550824,1.0046908315565033,338.70128728980325,0,1,1,1,0,1,1,1,0,1,0,0,0,1
param_20008,real_005,0.7389923458358293,0.3961888562290604,0.01893869059344303,0.059092356035567895,0.8247690378195051,462.3958918547134,1,1,1,1,1,1,0,1,0,1,0,1,0,1
param_20009,real_001,0.8138318706220937,0.5641743320107028,0.11714095992291033,0.14952048740792281,1.0248385631084003,296.9767673352155,1,1,1,1,1,1,1,1,0,1,0,1,0,1
param_20009,real_002,0.8472642380274025,0.5645520876428419,0.18632192335023873,0.22009258721759128,0.7475293887421199,232.34906952792446,1,1,1,1,1,1,1,1,0,1,0,1,1,1
param_20009,real_003,0.7826553310327702,0.5043929621507182,0.10648440035199962,0.1383955820197818,0.9265087133132772,209.50840916192564,1,1,1,1,1,1,1,1,0,1,0,1,1,1
param_20009,real_004,0.7999147972421035,0.5737289080679082,0.15179860851197338,0.18009795090291086,1.0014702708535663,169.6937445922515,1,1,1,1,1,1,1,1,0,1,0,1,0,1
param_20009,real_005,0.7178248083663813,0.4095664069361429,0.03637980294876094,0.07842531350885297,1.172562882009971,400.2165101553265,1,1,1,1,1,1,1,1,0,1,0,1,0,1
param_20010,real_001,0.824329445901826,0.675279628449302,0.18857143069062285,0.2373186258989633,0.7322239865907988,293.05756039351866,1,1,1,1,1,1,1,1,0,1,0,1,1,1
param_20010,real_002,0.8284543639970358,0.6455129231320612,0.22131369427049521,0.26376033472001686,0.6308849709986791,306.69336682061623,1,1,1,1,1,1,1,1,0,1,0,1,1,1
param_20010,real_003,0.7881668039597263,0.608574782788406,0.17097326890319509,0.21536065572262808,0.7219506701205091,195.47714692381095,1,1,1,1,1,1,1,1,0,1,0,1,1,1
param_20010,real_004,0.81574466199966,0.6647704032531802,0.24040081975158123,0.2756078984694444,0.7425664838431082,195.1888176290748,1,1,1,1,1,1,1,1,0,1,0,1,1,1
param_20010,real_005,0.7204131317620263,0.5239618194916161,0.09116034397790954,0.1431429586872504,1.072737469811947,296.54847317384883,1,1,1,1,1,1,1,1,0,1,0,1,1,1
param_20011,real_001,0.8178999117511812,0.711825103801942,0.1989571989931459,0.267454724418981,0.43768505716648676,271.6772402634482,1,1,1,1,1,1,1,1,1,1,1,1,1,1
param_20011,real_002,0.870443712812082,0.7512599465575309,0.28966032172803263,0.353414550050882,0.3147947989411483,69.17771987123149,1,1,1,1,1,1,1,1,1,1,1,1,1,1
param_20011,real_003,0.7863112699436844,0.6568702918874888,0.19083221385413768,0.25737924985749383,0.3999313553504691,99.12236610150731,1,1,1,1,1,1,1,1,1,1,1,1,1,1
param_20011,real_004,0.8076285126275738,0.7050348655451651,0.2484899820609133,0.30944585357780047,0.8829652330127866,808.7238997582216,1,1,1,1,1,1,1,1,1,1,1,1,0,1
param_20011,real_005,0.7084489856870329,0.5686271459931195,0.1386454110228942,0.20946725231832178,0.5566512482367221,166.65733828498475,1,1,1,1,1,1,1,1,1,1,1,1,1,1
param_20012,real_001,0.7580367051854019,0.41923564959402143,0.06265670791647407,0.09732384065179872,0.9557997871637738,637.7382308491502,1,1,1,0,1,1,1,1,0,1,0,1,1,1
param_20012,real_002,0.7617810529331748,0.4211539661343835,0.09563745011141302,0.1207528588651326,0.544879080909997,728.4008810128221,0,0,1,0,1,0,1,0,0,0,0,0,1,1
param_20012,real_003,0.7720794132700035,0.4469462644572668,0.09585255098697766,0.13488609648806324,0.6269519482845651,576.5094739614076,1,1,0,0,1,1,1,1,0,1,0,1,1,1
param_20012,real_004,0.7947561669218416,0.4444073934171248,0.07628273284716473,0.11851619430571995,1.0010996612333942,206.261991736406,1,1,0,1,1,0,1,1,0,0,0,1,0,1
param_20012,real_005,0.7208569546619715,0.3713924360015168,0.0259629001936752,0.04394363514608439,0.2967591823167692,976.7039329630085,1,0,1,0,1,0,1,0,0,0,0,0,1,1
param_20013,real_001,0.7545131266353481,0.4263494442090132,0.06795408229391572,0.09957487385911552,1.0557006397335904,581.9000923907548,1,1,1,0,1,1,1,1,0,1,0,1,1,1
param_20013,real_002,0.7609231363544174,0.4286355598071935,0.09997000799327374,0.1254425609237474,0.6087107438016529,688.8396892004305,0,0,1,0,1,0,1,0,0,0,0,0,1,1
param_20013,real_003,0.7751204428494053,0.4644966728620543,0.10631681692160205,0.14697899391217586,0.723404255319149,599.7120218375802,1,1,0,0,1,1,1,1,0,1,0,1,1,1
param_20013,real_004,0.7949881873601332,0.4483349994683891,0.08189412677939653,0.123130890115838,1.059987747183554,230.894299944303,1,1,0,1,1,0,1,1,0,0,0,1,0,1
param_20013,real_005,0.7141416526682963,0.375226370861583,0.027238405346664683,0.04610881913075086,0.3222185487806798,899.4783546393286,1,0,1,0,1,0,1,0,0,0,0,0,0,1
param_20014,real_001,0.7571130566363052,0.4491925599560625,0.0880748819632558,0.11817686315507729,1.0476497320762397,589.1573123900382,1,1,1,0,1,1,1,1,0,1,0,1,1,1
param_20014,real_002,0.7595537559750887,0.4465295077238886,0.11325611779380342,0.14144119775179703,0.45272736041670014,685.8984019909582,0,0,1,0,1,0,1,0,0,0,0,0,1,1
param_20014,real_003,0.7746289772963206,0.4836173970330744,0.11826247328238594,0.16152309788616886,0.7067345577983876,480.87554316965975,1,1,0,0,1,1,1,1,0,1,0,1,1,1
param_20014,real_004,0.7903897611298594,0.4583484652264087,0.08689286444170977,0.1327271892330825,0.9860230382277279,131.23365932079847,1,1,0,1,1,0,1,1,0,0,0,1,0,1
param_20014,real_005,0.7085761247977501,0.38660137667386396,0.035585559238088295,0.0577252067498937,0.3178337315444465,878.977477335347,1,0,1,0,1,0,1,0,0,0,0,0,1,1
param_20015,real_001,0.7459321206527272,0.459303857424048,0.08437050119457613,0.11958059538530627,1.0363674584822367,413.12444981886085,1,1,1,0,1,1,1,1,0,1,0,1,1,1
param_20015,real_002,0.7567609335399065,0.46743740624255264,0.10942762023733195,0.14579750649217502,0.7361216225187546,505.7221625726951,1,1,1,1,1,1,1,1,0,1,0,1,1,1
param_20015,real_003,0.7785761397196486,0.49446332182448316,0.13940113038953725,0.1809910944127499,0.6979592870805518,628.6535374788527,1,1,1,1,1,1,1,1,0,1,0,1,1,1
param_20015,real_004,0.8045499459819264,0.4877025151727472,0.12043172767307779,0.15830083417507623,0.9988676079966448,159.14441792369297,1,1,1,1,1,1,1,1,0,0,0,1,0,1
param_20015,real_005,0.6944964348776846,0.401178471902594,0.030556355188208997,0.057554015050068,0.3738025899993804,644.8741245866755,1,0,1,0,1,0,1,1,1,0,0,1,0,1
param_20016,real_001,0.765578055561323,0.5823349385986137,0.16308882700748487,0.21197461622013583,0.7454871144188427,366.3998973136314,1,1,1,1,1,1,1,1,1,1,1,1,1,1
param_20016,real_002,0.7731641930921894,0.5942097619650737,0.18278697642854447,0.23415994759373746,0.4937533436133052,443.23432178278256,1,1,1,1,1,1,1,1,0,0,0,1,1,1
param_20016,real_003,0.7902466550529639,0.6380029927452368,0.2150641306793582,0.2649593024543458,0.3964770593729656,161.22684376209594,1,1,1,1,1,1,1,1,1,1,0,1,1,1
param_20016,real_004,0.8065673364727148,0.592182132337035,0.17967568385616847,0.23365748142114653,0.621560719813834,331.20960048191733,1,1,1,1,1,1,1,1,1,0,0,1,1,1
param_20016,real_005,0.7088878142653582,0.5265550951055966,0.08963165468154856,0.1437675639370813,0.31357806280406897,472.92422877458966,1,1,1,0,1,1,1,1,1,0,0,1,1,1
param_20017,real_001,0.7399105919643029,0.5866931429347804,0.16120555234473988,0.22756352689452,0.524318523591333,217.61263547342722,1,1,1,1,1,1,1,1,1,1,1,1,1,1
param_20017,real_002,0.7689136544826409,0.620887483231673,0.18300137425805343,0.24944832400040784,0.39373666729673534,191.26762418520696,1,1,1,1,1,1,1,1,1,1,1,1,1,1
param_20017,real_003,0.8097364793876765,0.6896380311935293,0.25642549238154366,0.32906941444865445,0.24214040557447464,393.34127046666316,1,1,1,1,1,1,1,1,1,1,1,1,1,1
param_20017,real_004,0.840882960414409,0.6788077296972497,0.23442231308879802,0.30141522185269237,0.34375403343591,120.54493403169724,1,1,1,1,1,1,1,1,1,1,1,1,0,1
param_20017,real_005,0.7056449165965324,0.5605522488245696,0.10964445690516365,0.18197531826595267,0.23612943962115232,180.78284803023809,1,1,1,1,1,1,1,1,1,1,1,1,1,1
param_20018,real_001,0.8321928871073915,0.37620894988842674,0.06253134374338988,0.08546605798165015,0.8480173230477737,203.65118388838854,0,1,0,1,0,0,0,1,0,0,0,0,0,1
param_20018,real_002,0.836488745073749,0.42735773163587415,0.10928077483907227,0.13559734288582698,0.4635432118487414,520.3098812805267,0,0,0,1,0,0,0,1,0,0,0,0,1,1
param_20018,real_003,0.8281727630226027,0.3846685658184926,0.06343817981386668,0.07566008188468284,0.6079315811803586,674.3067857395081,0,0,0,0,0,1,0,0,0,0,0,0,1,1
param_20018,real_004,0.8412431219428272,0.4406275200721237,0.1298580094386781,0.14670965273450792,0.6179505426080768,147.05636984989974,0,0,0,0,0,0,0,0,0,1,0,0,1,1
param_20018,real_005,0.7989214374438951,0.2985779013802165,0.012542142715093223,0.04674333572953765,0.29795175034287386,830.9708332883918,0,1,0,1,0,1,0,0,0,0,0,0,1,1
param_20019,real_001,0.8289092209116157,0.4046907137402612,0.0700474326799996,0.0930482785604417,1.0796278645725415,165.00785870893048,0,1,0,1,0,0,0,1,0,0,0,0,0,1
param_20019,real_002,0.8370306339492026,0.4510509918764209,0.12089762691023694,0.1456274597317538,0.5687939973865026,446.03697350356464,0,0,0,1,0,0,0,1,0,0,0,0,1,1
param_20019,real_003,0.8211182104983855,0.397128317464025,0.06134925767358814,0.07568112968928728,0.7515574074838071,560.7813427883348,0,0,0,0,0,1,0,0,0,0,0,0,1,1
param_20019,real_004,0.8417621217484457,0.4730912983773143,0.13703388902642666,0.15738173460868748,0.7520185253493996,128.53072739471307,0,1,0,0,0,0,0,0,0,1,0,0,1,1
param_20019,real_005,0.7905905263527765,0.32037228949601304,0.026237566616460897,0.06163697772998498,0.5253746171040649,792.4833976410873,0,1,0,1,0,1,0,0,0,1,0,1,0,1
param_20020,real_001,0.8243669031859876,0.42362875425969093,0.0816614397173224,0.10520650608546558,0.9980901451489687,148.1272692859708,0,1,0,1,0,0,0,1,0,0,0,0,0,1
param_20020,real_002,0.8298300822769662,0.4669756045213683,0.12508159045043563,0.15291954202388053,0.5086927997375759,474.73247615922344,0,0,0,1,0,0,0,1,0,0,0,0,1,1
param_20020,real_003,0.8189176566041454,0.4156523106614738,0.07209911574122438,0.08965421202755616,0.6805407685663205,595.5119824302319,0,0,0,0,0,1,0,0,0,0,0,0,1,1
param_20020,real_004,0.8359764160857446,0.49304967805372696,0.14804529056973903,0.17161483705063277,0.7401247814337943,128.40959654396525,0,1,0,0,0,0,0,0,0,1,0,0,1,1
param_20021,real_001,0.8088638424834466,0.5089515470880327,0.09101576263496124,0.12187174032431976,1.1965778700340195,167.70976242418328,1,1,1,1,1,1,1,1,0,1,0,0,0,1
param_20021,real_002,0.8401137670237051,0.5278804043147464,0.15747817715409726,0.18820692485994037,0.9163454465205237,251.92054063738,1,1,1,1,1,1,1,1,0,1,0,1,1,1
param_20021,real_003,0.7821867637465513,0.4384380677418537,0.06663288510506042,0.09485727683701634,0.8698299118542349,261.7185886193335,1,1,1,0,1,1,1,0,0,0,0,1,1,1
param_20021,real_004,0.8328054001825085,0.5578370405444558,0.15372304697598158,0.1859898325345126,0.8945820053934788,126.7657403345771,1,1,1,1,1,1,1,1,0,1,0,1,1,1
param_20021,real_005,0.7607440157504383,0.41272604198815843,0.07155758026490652,0.11451889825916858,0.7943507773155244,637.8601415384231,1,1,1,1,1,1,1,0,0,1,0,1,0,1
param_20022,real_001,0.8152849436630234,0.5944086797232149,0.16008511694079058,0.20363783369109448,0.852848217567071,96.6999001716743,1,1,1,1,1,1,1,1,0,1,0,1,1,1
param_20022,real_002,0.8195473564521017,0.6102400392573875,0.19971728237810485,0.23400986608618546,0.7687533318102201,318.8636890476476,1,1,1,1,1,1,1,1,0,1,0,1,1,1
param_20022,real_003,0.7883483390179191,0.5448545025663951,0.12875000319579755,0.17209756784363656,0.7531478334222377,213.95543440943143,1,1,1,0,1,1,1,1,0,0,0,1,1,1
param_20022,real_004,0.8407361133782837,0.6607433892092,0.2274432006310098,0.2706064365181581,0.7224156065311029,81.99467978781473,1,1,1,1,1,1,1,1,0,1,0,1,1,1
param_20022,real_005,0.7570951536482942,0.500639065149748,0.11709780291522125,0.17177906413848984,0.7933923868805363,640.9674634458727,1,1,1,1,1,1,1,1,0,1,0,1,1,1
param_20023,real_001,0.8051914798655353,0.6929770902391696,0.18697821088240021,0.26014185614593377,0.41899814605253655,194.97282372793055,1,1,1,1,1,1,1,1,1,1,1,1,1,1
param_20023,real_002,0.8445052569516249,0.7202518605739905,0.2488906832876861,0.31870122278811885,0.3291790925714566,54.621122399910654,1,1,1,1,1,1,1,1,1,1,1,1,1,1
param_20023,real_003,0.7546802399364434,0.6035660721610505,0.15548194425406542,0.2258673560794757,0.36110605895262693,42.68398469252928,1,1,1,1,1,1,1,1,1,1,1,1,1,1
param_20023,real_004,0.8300889949274334,0.7296778045342055,0.2436931547107865,0.31270314902733015,0.33865166354776777,78.03677095059582,1,1,1,1,1,1,1,1,1,1,1,1,1,1
param_20023,real_005,0.762138839672673,0.6393632047822176,0.20875721083000962,0.28251388589562426,0.3213646607586742,233.56847089961477,1,1,1,1,1,1,1,1,1,1,1,1,1,1
param_20024,real_001,0.7882092394959446,0.41155655664352175,0.08116962899575281,0.11097390105747032,0.9561913023799645,164.74027263910136,0,1,0,1,0,0,0,1,0,0,0,1,1,1
param_20024,real_002,0.81423590654218,0.5031438480526207,0.16127005580490456,0.17742207082720335,0.5845160156421635,295.95355979786996,0,0,0,1,0,0,0,1,0,0,0,0,1,1
param_20024,real_003,0.788145532256213,0.4240977957103725,0.0819989048041367,0.10226043062418819,0.5491647453787971,614.5501571888549,0,0,0,0,1,0,0,0,0,0,0,0,1,1
param_20024,real_004,0.7945378850096891,0.45043092413240127,0.13245573587877787,0.1626294460439647,0.720946060915433,149.10519362949987,0,0,0,0,0,1,0,0,0,1,0,0,1,1
param_20024,real_005,0.7825801217997782,0.3733241602088806,0.062344271058066676,0.09854000788431168,0.20577594414471595,713.2052139862524,0,1,0,1,0,1,0,0,0,0,0,1,1,1
param_20025,real_001,0.7856914880217383,0.43659123782848325,0.0910804133696534,0.12079881259954693,1.0555716599880638,99.19309472852183,0,1,0,1,1,1,1,1,0,1,0,1,1,1
param_20025,real_002,0.8121950380614993,0.5248366821148722,0.16746405675229942,0.18222103639045029,0.7767720653310806,304.9133615220179,0,0,0,1,0,1,0,1,0,0,0,0,1,1
param_20025,real_003,0.7833549111648763,0.43799413061061465,0.08688968839795862,0.1103141160930952,0.6616412001923859,454.8212321814268,1,0,0,0,1,1,0,0,0,0,0,0,1,1
param_20025,real_004,0.7956360847866395,0.47857683162056364,0.1523588695938876,0.17927980700068144,0.7455388020473095,131.71380549481933,0,0,0,0,1,1,0,1,0,1,0,1,1,1
param_20025,real_005,0.7724386662536494,0.3930081992938868,0.07633367720449794,0.11287055856670954,0.36452965156526423,682.7690552058589,0,1,0,1,1,1,0,0,0,0,0,1,1,1
param_20026,real_001,0.7825097520719652,0.4490745689259084,0.09796236971469932,0.12972459664029995,1.0283339246794059,87.44231128348684,0,1,0,1,1,1,1,1,0,0,0,1,1,1
param_20026,real_002,0.8127812349905659,0.5465072149646081,0.18115543400615505,0.19614693719632867,0.7371946492814693,323.83633183316243,0,0,0,1,0,0,0,1,0,0,0,0,1,1
param_20026,real_003,0.7855341462014535,0.45939014765518144,0.09652348869405598,0.12338776280649727,0.6192907284164464,471.96332722633224,1,0,0,0,1,1,0,0,0,0,0,0,1,1
param_20026,real_004,0.7945011182607401,0.5036215654923724,0.1550168265167115,0.18763965141007563,0.7233530275605341,141.52626721521128,0,0,0,0,1,1,0,1,0,1,0,1,1,1
param_20026,real_005,0.7719483533025013,0.4212543641400274,0.07197820312285046,0.1177978622571759,0.24638122230042037,688.6648781212225,0,1,0,1,1,1,0,0,0,0,0,1,1,1
param_20027,real_001,0.7743264167640973,0.5101986664316723,0.10385264978170763,0.14232093790004746,0.9803366602115299,256.29019176888244,1,1,1,1,1,1,1,1,1,1,1,1,1,1
param_20027,real_002,0.8325067376028312,0.5939941582576462,0.20134849581955794,0.2341919028852144,0.8042172960359694,224.77489549333828,1,1,1,1,1,1,0,1,0,1,0,1,1,1
param_20027,real_003,0.7699008086403656,0.4858000664092145,0.09347708663722758,0.1255480780302332,0.7571136422118991,127.12222105975165,1,1,1,0,1,1,0,0,0,1,0,1,1,1
param_20027,real_004,0.7876595374523093,0.5518429831745988,0.15673503996560698,0.18921725451532467,0.7103607865197269,112.1786555125349,1,1,1,1,1,1,1,1,1,1,1,1,1,1
param_20027,real_005,0.7600774005198061,0.4768821813688857,0.11221555452978206,0.15481473960756081,0.6076408680782438,522.2202719827388,1,1,1,1,1,1,0,0,0,1,0,1,1,1
param_20028,real_001,0.792516826476101,0.6189013697176144,0.1727255508374504,0.2259921983100266,0.774044107348711,216.8673883265457,1,1,1,1,1,1,1,1,1,1,1,1,1,1
param_20028,real_002,0.8177128360919309,0.6751557162816734,0.23992616284459045,0.27462248213919094,0.8955708094295664,193.71698184342836,1,1,1,1,1,1,1,1,0,1,0,1,1,1
param_20028,real_003,0.7801155413800969,0.5830712832436736,0.15758418068857705,0.20452429258093596,0.7168137509373017,110.72946946920362,1,1,1,0,1,1,1,1,1,0,0,1,1,1
param_20028,real_004,0.8127651550901906,0.6741979494993073,0.23334563923826562,0.2834703103766264,0.6441710905846306,121.92676117956336,1,1,1,1,1,1,1,1,1,1,1,1,1,1
param_20028,real_005,0.7618311813518394,0.5777701176900291,0.15676184353918768,0.20966612487395472,0.7601604147307673,503.3354778387818,1,1,1,1,1,1,1,1,0,1,0,1,1,1
param_20029,real_001,0.8083720378780699,0.7012043943113693,0.20195461350724372,0.27617843053390506,0.4312884811925119,255.09362650634657,1,1,1,1,1,1,1,1,1,1,1,1,1,1
param_20029,real_002,0.8471069115810049,0.7494255496963167,0.26893809365030164,0.34166136471284625,0.34880027886980264,142.84403079354394,1,1,1,1,1,1,1,1,1,1,1,1,1,1
param_20029,real_003,0.7696969997606256,0.6286242192578839,0.1763489691724808,0.2458742484157957,0.3354326004567773,107.59884081230724,1,1,1,1,1,1,1,1,1,1,1,1,1,1
param_20029,real_004,0.8195443755019973,0.7341128896477942,0.25212426142089644,0.32248192219899946,0.3397001398672211,87.7377973511433,1,1,1,1,1,1,1,1,1,1,1,1,1,1
param_20029,real_005,0.7766186928127129,0.6751122593878753,0.22534079637181706,0.3017443971461587,0.3154502667085033,223.8770787559377,1,1,1,1,1,1,1,1,1,1,1,1,1,1
param_20030,real_001,0.7562410940272494,0.4195175073100094,0.08958541729479404,0.12238711202241019,0.7748152013218541,225.69659170424873,0,1,0,1,1,0,0,1,0,1,0,1,1,1
param_20030,real_002,0.7994386184535394,0.5116592053700643,0.1955022150663556,0.2043455093429286,0.5558054416369008,416.2890496529952,0,0,0,1,0,0,0,0,0,0,0,0,1,1
param_20030,real_003,0.7586761037451456,0.4146508213411635,0.0854980992707936,0.10983521200176502,0.4385165907612232,584.5398517847799,0,0,0,0,1,1,0,0,0,0,0,0,1,1
param_20030,real_004,0.771411380753433,0.4624722296057142,0.13946786948590553,0.17766671785400245,0.4578070233450169,130.1913945903796,0,0,0,0,1,0,0,0,0,1,0,1,1,1
param_20030,real_005,0.7628891984390576,0.38642713898675524,0.06635155013511441,0.1034986515117501,0.08333683723668166,681.8135223480805,0,1,0,1,0,1,0,0,0,0,0,0,1,1
param_20031,real_001,0.753821549252215,0.44679879990894994,0.1029729517080502,0.1383494203379461,0.8967432041731043,99.37447430107399,0,1,0,1,1,1,1,1,0,1,0,1,1,1
param_20031,real_002,0.7952936754136937,0.5356666095662791,0.2025760458368333,0.20869090216792,0.7729135391731246,388.9028034530855,0,0,0,1,1,1,0,1,0,0,0,1,1,1
param_20031,real_003,0.7536334770068245,0.4279092302652424,0.0920763405836915,0.1187986658990803,0.5466603505447655,422.9990513724976,0,0,0,0,1,1,0,0,0,0,0,0,1,1
param_20031,real_005,0.7499764631729232,0.4052521920416192,0.08475607745665467,0.12116648855660861,0.2591982958946553,641.1536011749321,1,1,0,1,1,1,0,0,0,0,0,1,1,1
param_20032,real_001,0.7522521741495529,0.4609808418139025,0.1096611037272975,0.14714521625979152,0.8984177071165254,51.4596936716753,0,1,0,1,1,1,1,1,0,1,0,1,1,1
param_20032,real_002,0.7942201427402381,0.5624122236354997,0.22036006816655412,0.22327190222538107,0.7817022812011386,400.1003549121806,0,0,0,1,1,0,0,1,0,0,0,1,1,1
param_20032,real_003,0.7566747253247066,0.4536183375462094,0.10287022955778147,0.13142247062937729,0.5295133492211516,430.08719698593205,0,0,0,0,1,1,0,0,0,0,0,0,1,1
param_20032,real_004,0.7728420474543819,0.5159337815430625,0.1721346587515988,0.21025195056628312,0.5295144637428133,116.69759440330844,0,0,0,0,1,1,1,1,0,1,0,1,1,1
param_20032,real_005,0.7542642627732897,0.4362629667378932,0.0876444602927694,0.13147032789661153,0.1566357286384078,630.6191417922196,1,0,0,1,1,0,0,0,0,0,0,0,1,1
param_20033,real_002,0.8114068369434598,0.60259099712533,0.2197476005288836,0.24786258760532864,0.9107649376734487,254.781049237522,1,1,0,1,1,1,0,1,0,1,0,1,1,1
param_20033,real_003,0.75171069353879,0.4902973413147182,0.11077577362356923,0.14309201451125791,0.7134282752223495,120.62723223661953,1,1,0,0,1,1,0,0,0,1,0,1,1,1
param_20033,real_004,0.763782931023716,0.5516818676640282,0.17140531128202924,0.20471226323172317,0.7005891604463639,87.06002244321554,0,1,0,1,1,1,1,1,1,1,1,1,1,1
param_20033,real_005,0.7462262771125825,0.4941177143239354,0.12608902421793552,0.16761380977758783,0.6436427176482681,470.8447236336814,1,1,0,1,1,1,0,0,0,1,0,1,1,1
param_20034,real_001,0.779172579902627,0.6322007798149342,0.18867170754527354,0.24623316295264133,0.7469413385188787,251.32391419650676,1,1,1,1,1,1,1,1,1,1,1,1,1,1
param_20034,real_002,0.8063327745525808,0.6831760590195237,0.26047171621051124,0.2977317992862031,1.0016749776243448,153.40199514646747,1,1,0,1,1,1,1,1,0,1,0,1,1,1
param_20034,real_003,0.7720850710755519,0.5973821891582266,0.18153464907449565,0.23200884474757835,0.7179727880384994,62.82958240683427,1,1,1,0,1,1,0,1,1,1,0,1,1,1
param_20034,real_004,0.8083660008805841,0.687084157076594,0.2519489474603132,0.3061834597480182,0.588952502120441,171.28798667027667,1,1,1,1,1,1,1,1,1,1,1,1,1,1
param_20034,real_005,0.7577998464554137,0.6100313089912277,0.18115990615580682,0.23231694814431772,0.7948208618977254,415.7356989661216,1,1,1,1,1,1,0,1,0,1,0,1,1,1
param_20035,real_001,0.8024502299755859,0.701730154777996,0.2140846465997931,0.28797330023191703,0.5133197622123181,291.37614708033954,1,1,1,1,1,1,1,1,1,1,1,1,1,1
param_20035,real_002,0.8403821685338112,0.7553067663077618,0.2834370288513113,0.3548634291560525,0.42027342820760394,162.25038673637766,1,1,1,1,1,1,1,1,1,1,1,1,1,1
param_20035,real_003,0.7733595229497726,0.6425761241107874,0.19679344829216625,0.26225014074126557,0.3858610055984224,161.10077066323026,1,1,1,1,1,1,1,1,1,1,1,1,1,1
param_20035,real_004,0.8163687615419327,0.7353140038013259,0.2625664904095502,0.3340024367687952,0.37438380341215693,125.6178022696278,1,1,1,1,1,1,1,1,1,1,1,1,1,1
param_20035,real_005,0.7835786300466636,0.6908177136480019,0.23644977759301133,0.31369248202913763,0.39372596612758065,182.39469664125622,1,1,1,1,1,1,1,1,1,1,1,1,1,1
param_20036,real_001,0.8425068276512221,0.40053477913587004,0.056151303248288154,0.08974771812247358,0.6383235371523818,438.16421155624874,0,0,0,1,0,1,0,1,0,1,0,1,1,1
param_20036,real_002,0.8360982090862501,0.4233634925853086,0.07781245766888023,0.10028041469961897,0.6050497151156295,382.0663648306489,0,1,0,1,0,1,0,1,0,0,0,0,1,0
param_20036,real_003,0.8463008328713855,0.3750666732061173,0.0686477414932554,0.0923767392258265,1.0143509604620964,616.6761156809486,0,1,0,0,0,1,0,0,0,0,0,1,1,1
param_20036,real_004,0.7991596168711986,0.30708303090252637,0.020796566721047446,0.05252159127475863,0.3737193366219504,383.6574198071559,0,1,0,0,0,1,0,0,0,0,0,0,0,1
param_20036,real_005,0.8471990322993085,0.40450464244228374,0.10210577730539067,0.14238520607206231,0.5479961319436983,167.90968352950145,0,1,0,1,0,1,0,0,0,0,0,0,0,1
param_20037,real_001,0.8434775169990053,0.4328195367044724,0.07192019131325782,0.11393795201844296,0.9234465347340989,175.05890280273007,0,0,0,1,0,1,0,1,0,1,0,1,1,1
param_20037,real_002,0.8382279841599434,0.45941352317988476,0.09259101617723905,0.11727823790924863,0.8293766714667764,372.29182022789496,0,1,0,1,0,1,0,1,0,1,0,0,1,0
param_20037,real_003,0.8444206672901529,0.40693678001943323,0.07483659954327114,0.09869809959804718,1.1629632709056517,561.0718086301836,0,1,0,0,0,1,0,0,0,0,0,1,1,1
param_20037,real_004,0.7959095337295692,0.3346855490093811,0.030444796453973213,0.06945576092311327,0.5311611813650781,291.62356577575457,0,1,0,1,0,1,0,0,0,1,0,0,0,1
param_20037,real_005,0.8520345018526615,0.45139926854649476,0.13305670697666766,0.1637853756612899,0.780381686937605,157.92100445152332,0,1,0,1,0,1,0,0,0,0,0,0,0,1
param_20038,real_001,0.8377922503080901,0.4522121005027474,0.07831187941886988,0.12539379158272854,0.8224579111303868,160.5200830320377,0,0,0,1,0,1,0,1,0,1,0,1,1,1
param_20038,real_002,0.8309879933525824,0.47338774088397,0.09697793215305149,0.12219549348194521,0.7348707785318199,313.416670967601,0,1,0,1,0,1,0,1,0,1,0,0,1,1
param_20038,real_003,0.8344595133168611,0.41695311461385787,0.07656995135573778,0.10229034109948852,1.120059507056411,606.0977347411565,0,1,0,0,0,1,0,1,0,0,0,1,1,1
param_20038,real_004,0.7863621546389369,0.3450799426260264,0.03318347638850788,0.07651718618559995,0.4693730914316508,283.4132910348492,0,1,0,1,0,1,0,0,0,1,0,0,0,1
param_20038,real_005,0.8422393984004063,0.45291689801162066,0.12829580680142197,0.1650734344833349,0.7242395819375587,163.8751135258866,0,1,0,1,0,1,0,0,0,0,0,0,1,1
param_20039,real_001,0.8230044265417413,0.48202819119917045,0.12308161473906509,0.15454560644138737,0.9200581184162732,408.78869530839097,1,1,1,1,1,1,1,1,0,1,0,1,1,1
param_20039,real_002,0.8386352797799677,0.5506383219606878,0.13569771373114498,0.1606349749269495,1.059602552095528,261.11354243642336,1,1,1,1,1,1,1,1,0,1,0,1,1,1
param_20039,real_003,0.825727720821032,0.4918379333297627,0.08554621917011952,0.11537225614860494,1.1924938055677015,368.0791117388767,1,1,1,1,1,1,1,1,0,0,0,1,1,1
param_20039,real_004,0.7892710663530678,0.4428218603334292,0.10466974070213748,0.14622142709435937,0.9164411905140857,474.54710623077113,1,1,1,1,1,1,1,1,0,1,0,1,0,1
param_20040,real_001,0.8329740741465307,0.6151826693057704,0.1869288243418503,0.23253892956476224,0.7517781899929978,152.0515778527986,1,1,1,1,1,1,1,1,0,1,0,1,1,1
param_20040,real_002,0.8229034732358668,0.614199246222634,0.18212064600277855,0.21891309584221508,0.9479936642027456,242.77356111715426,1,1,1,1,1,1,1,1,0,1,0,1,1,1
param_20040,real_003,0.8190572842698987,0.5694144637871799,0.13294591419026028,0.18032794812968939,0.8759491446716117,376.8788319301273,1,1,1,1,1,1,1,1,0,0,0,1,1,1
param_20040,real_004,0.7701927999693882,0.5148525136783022,0.14019786930154707,0.18846101964248255,0.7705880167898667,349.646922463618,1,1,1,1,1,1,1,1,0,1,0,0,1,1
param_20040,real_005,0.8518382912497455,0.6381881376368416,0.2336829969535817,0.2745229501571703,0.7194608958852199,88.37889134954335,1,1,1,1,1,1,1,1,0,1,0,0,1,1
param_20041,real_001,0.8077388886038592,0.656353261617268,0.2012617770778663,0.27034746390175207,0.4193271804168223,179.5391323926522,1,1,1,1,1,1,1,1,1,1,1,1,1,1
param_20041,real_002,0.8439912622030599,0.7220534044473454,0.22586822275549787,0.2958958550288624,0.4083860200514076,204.23104225234948,1,1,1,1,1,1,1,1,1,1,1,1,1,1
param_20041,real_003,0.8300051955612013,0.685950252513873,0.17653749204718344,0.247774594555623,0.4273042994227907,368.0442735570403,1,1,1,1,1,1,1,1,1,1,1,1,1,1
param_20041,real_004,0.8102968182056851,0.6731705407134102,0.23450076345837975,0.30534633346648826,0.3000665537270087,196.78975964856767,1,1,1,1,1,1,1,1,1,1,1,1,1,1
param_20041,real_005,0.8734031910294455,0.7536939555486957,0.27374863346586203,0.34478462113809116,0.3084091749683193,128.3286465482649,1,1,1,1,1,1,1,1,1,1,1,1,1,1
param_20042,real_001,0.801691639619433,0.43686876047188833,0.09764679213444312,0.11754496824363224,1.2588857430329692,327.1500002541142,0,0,0,0,0,1,0,0,0,1,0,0,1,1
param_20042,real_002,0.7810959976807691,0.3417521953041207,0.04100663285073646,0.06396229616355348,0.49055448661885603,755.1335790709268,0,0,0,1,0,1,0,1,0,0,0,1,1,1
param_20042,real_003,0.8062993621556308,0.45354999427831083,0.11357649504142815,0.131535725715916,0.8758454514710856,323.3759099525413,0,1,0,1,0,0,0,1,0,0,0,0,1,1
param_20042,real_004,0.8063978166556813,0.38358954528030614,0.06998421639405017,0.10846909470432221,0.3500910600996658,755.5857775321554,0,0,0,1,1,0,0,0,0,0,0,0,1,1
param_20042,real_005,0.8073940932775479,0.3931920574087824,0.07918057923006787,0.1061292286677872,0.6555825393860141,643.3008082677209,0,0,0,1,0,1,0,1,0,1,0,1,1,1
param_20043,real_001,0.8027868295195023,0.4684529227412649,0.11681731984516322,0.1377295094635953,1.4251616111387369,353.76837513053664,0,1,0,0,0,1,0,1,0,1,0,0,1,1
param_20043,real_002,0.7794585275939465,0.3683037036426461,0.05549935188979226,0.08755736436821014,0.6745169794986817,742.1900683452225,0,1,0,1,0,1,0,1,0,0,0,1,1,1
param_20043,real_003,0.7974467456526901,0.4675299475884354,0.11577389504800475,0.13375896441811144,1.1668061154636038,237.4805425587868,0,1,0,1,0,1,0,1,0,0,0,0,1,1
param_20043,real_004,0.8046990921974572,0.4116459183894866,0.08523663032266651,0.12423268105079614,0.537256379885862,592.8929874361149,0,0,1,1,1,1,0,0,0,0,0,0,1,1
param_20043,real_005,0.803288154130545,0.41855796081866364,0.09053108468708088,0.11786531129897705,0.7937403312832509,497.67748636686514,0,1,0,1,0,1,0,1,0,1,0,1,1,1
param_20044,real_001,0.7981565304715987,0.4810570682408871,0.12240754168224488,0.1438655395248991,1.4070283600493219,376.49098651533325,0,1,0,0,0,1,0,1,0,1,0,0,1,1
param_20044,real_002,0.7728781661216838,0.38208644181729295,0.05696575264351391,0.09087748482762699,0.657420384645332,726.9659966686085,0,1,0,1,0,1,0,1,0,0,0,1,1,1
param_20044,real_003,0.7913582186688967,0.48008645611532813,0.11802783816809276,0.13662675531396581,1.1236445360052438,243.65574881496346,0,1,0,1,0,1,0,1,0,0,0,0,1,1
param_20044,real_004,0.8012508461664187,0.42855283754003537,0.08924993866199235,0.1307920443373981,0.5159740741394839,620.8028140285597,0,0,1,1,1,1,0,0,0,0,0,0,1,1
param_20044,real_005,0.7947532760894928,0.4219805810181834,0.08805511961456171,0.12054712477233609,0.8094573729932846,548.6194355364696,0,1,0,1,0,1,0,1,0,1,0,1,1,1
param_20045,real_001,0.8115272067748934,0.5673965329961508,0.15133911786481707,0.18264635861457434,1.0475523355882,340.48288107762414,1,1,0,1,1,1,0,1,1,1,0,1,1,1
param_20045,real_002,0.777114889640532,0.45571438411057996,0.11343545038912804,0.15115201440641984,0.9123107087731008,450.83096093595566,1,1,1,1,1,1,1,1,0,1,0,1,1,1
param_20045,real_003,0.7760049216779618,0.5097337674608952,0.10773348533459048,0.138851182698225,1.217579725226234,103.84662267153547,1,1,1,1,1,1,1,1,1,1,0,1,1,1
param_20045,real_004,0.7841335296291806,0.47722353598840395,0.10486545913497508,0.1474194052046923,0.7746598639455783,258.2919899391996,1,0,1,1,1,1,1,1,0,1,0,1,1,1
param_20045,real_005,0.7998503248031725,0.48487949404334674,0.11339182480704706,0.14194903021006017,1.1317855493513582,272.90595193160095,1,1,1,1,1,1,1,1,0,1,0,1,1,1
param_20046,real_001,0.8045972532400364,0.6236904603360264,0.1911992413150533,0.23453134953281674,1.0103935394149364,347.7224013236543,1,1,1,1,1,1,1,1,0,1,0,1,1,1
param_20046,real_002,0.7754362533498089,0.550289118164039,0.1493286604020048,0.19994264187499433,0.8704686278048487,322.08876855169774,1,1,1,1,1,1,1,1,0,1,0,1,1,1
param_20046,real_003,0.7665853268659607,0.5713765071798987,0.14468107685942422,0.19005503945457075,1.0537933743011598,97.4577538065182,1,1,1,1,1,1,1,1,1,1,0,1,1,1
param_20046,real_004,0.7888379097552152,0.5752427235954859,0.15554087349921952,0.20611460029216197,0.7702760179982538,204.5883425833284,1,1,1,1,1,1,1,1,0,1,0,1,1,1
param_20046,real_005,0.7866311812603591,0.5660531246339641,0.1443872637636057,0.18959073165366833,1.012287243057405,125.41568000355562,1,1,1,1,1,1,1,1,0,1,0,1,1,1
param_20047,real_001,0.840810273216768,0.7261384646125417,0.23138724230327157,0.29812164753117676,0.4641868052657536,347.87572709458016,1,1,1,1,1,1,1,1,1,1,1,1,1,1
param_20047,real_002,0.8124098855346724,0.6749403954488757,0.23014338217327332,0.30314581368512705,0.36915527471297255,39.94716619211862,1,1,1,1,1,1,1,1,1,1,1,1,1,1
param_20047,real_003,0.7909492867253447,0.6605566831025992,0.1946441074608642,0.2725806696812205,0.4143871036770213,225.6198259159838,1,1,1,1,1,1,1,1,1,1,1,1,1,1
param_20047,real_004,0.7877982870651428,0.6432022180365548,0.18968661293956587,0.2662831608485295,0.440643773829084,33.23637792251589,1,1,1,1,1,1,1,1,1,1,1,1,1,1
param_20047,real_005,0.8258815452398796,0.684003812819515,0.20132359780712572,0.27421235012809947,0.43414969696218536,38.29332087437812,1,1,1,1,1,1,1,1,1,1,1,1,1,1
param_20048,real_001,0.7923026520011931,0.38142214008209036,0.08184261736957447,0.11804797241692892,0.20032200660960936,805.8369961176949,0,1,0,0,0,1,0,0,0,0,0,0,1,1
param_20048,real_002,0.7809503929639442,0.36911029581257987,0.11948334593143685,0.13750125638533825,0.4431131745794019,637.7613421039215,0,0,0,0,0,0,0,0,0,0,0,0,1,1
param_20048,real_003,0.7617754689412319,0.36390417547867826,0.06612996707982373,0.09601120539805763,0.5602564370288388,349.8535285184684,0,0,0,1,0,0,0,1,0,0,0,1,1,1
param_20048,real_004,0.811162451923233,0.4557696067739602,0.13836704163258381,0.17217544347418204,0.42631389650676615,452.8329960585373,0,0,0,1,0,0,0,1,0,0,0,0,1,1
param_20048,real_005,0.7793954472274881,0.39105134164598787,0.11725994058463078,0.1407078837165561,0.3222647182366856,632.0818874425106,0,0,0,1,0,0,0,0,0,0,0,0,1,1
param_20049,real_001,0.7845933153720246,0.40036377224538194,0.10185852292057274,0.1373786420533528,0.37868568124879554,625.3639240409515,0,1,0,0,0,1,1,0,0,1,0,0,1,1
param_20049,real_002,0.7704794190670211,0.38921600405285134,0.12593087415586543,0.1452707129186432,0.7190111960979936,439.25128628445384,0,0,0,0,0,1,0,1,0,0,0,0,1,1
param_20049,real_003,0.7553491944511318,0.39703719995856496,0.09680358107325965,0.11925254271383004,0.8255355941973292,259.37467439555144,0,0,0,1,0,0,0,1,0,0,0,1,1,1
param_20049,real_004,0.8090115489880373,0.4750521750357317,0.16485128064529803,0.20150086748538792,0.5041802136553646,439.15938911304147,1,1,0,1,1,0,0,1,0,1,0,1,1,1
param_20049,real_005,0.7706647050644247,0.42078133998361794,0.13262531340628672,0.14871739926386496,0.7823684315524877,519.2264219435455,0,0,0,1,1,0,0,0,0,0,0,0,1,1
param_20050,real_001,0.7853849425575978,0.42994757270784356,0.11403939819558716,0.15375258254330837,0.373589699831238,686.2568861015388,0,1,0,0,0,1,1,0,0,1,0,0,1,1
param_20050,real_002,0.7703338237614404,0.4175534854553535,0.13515799525642241,0.15652438408419003,0.7860886345196588,446.7757968270325,0,0,0,0,0,1,0,1,0,0,0,0,1,1
param_20050,real_003,0.7525749003704142,0.4082295159974365,0.10020253389804483,0.12926361903435152,0.8289391145665026,244.50391177451266,0,0,0,1,0,0,0,1,0,0,0,1,1,1
param_20050,real_004,0.8016450403229528,0.48540946025658216,0.17228435952410454,0.211136702389401,0.5332745364955807,408.03544450082603,1,1,0,1,1,0,0,1,0,1,0,1,1,1
param_20050,real_005,0.7623476676040241,0.4355528370812729,0.13316943892429056,0.15083618977104027,0.820521917376222,451.59586738828494,0,0,0,1,1,0,0,0,0,0,0,1,1,1
param_20051,real_001,0.7815399651014825,0.47343961384219213,0.15218731946778377,0.1963952690816585,0.5778076400845477,454.04269441274846,1,1,0,1,1,1,1,1,0,1,0,0,1,1
param_20051,real_002,0.7494686083575747,0.463835344749153,0.13175855188557006,0.16415081958612912,0.9532450166371241,144.23274022103323,1,1,1,0,1,1,0,1,0,1,0,1,1,1
param_20051,real_003,0.7502802617334708,0.46156638541843814,0.11747159250752558,0.14634423813094735,1.2819598728022017,187.72217505955382,1,1,1,1,1,1,0,1,0,1,0,1,1,1
param_20051,real_004,0.8094554702712036,0.5490336178261649,0.2250571282216091,0.26978728992668727,0.518669264438988,411.3938907597653,1,1,1,1,1,1,1,1,0,1,0,1,1,1
param_20051,real_005,0.7671964354163815,0.5092136619631702,0.1554427159056904,0.18175951414702055,1.160506802965949,242.81520214481873,0,0,1,1,1,1,1,1,0,1,0,1,1,1
param_20052,real_001,0.8027755759808799,0.6192468052757646,0.24471585496168496,0.2890622092793103,0.5934165396341463,420.0272016550719,1,1,1,1,1,1,1,1,0,1,0,0,1,1
param_20052,real_002,0.7698520611289814,0.5876981116518332,0.19354278888520912,0.24057982468499692,1.0145792171903045,54.42383884568709,1,1,1,1,1,1,1,1,0,0,0,1,1,1
param_20052,real_003,0.7663819758702217,0.5709174928750077,0.1706098683088975,0.2127632961884245,1.1304274957202542,122.67916468732459,1,1,1,1,1,1,1,1,0,1,0,1,1,1
param_20052,real_004,0.8128276634328943,0.6610052799954564,0.2720679953702767,0.31829219798535485,0.5823923163176314,155.0303794431017,1,1,1,1,1,1,1,1,1,1,0,1,1,1
param_20052,real_005,0.7478303356764298,0.571043358921836,0.17065356739508794,0.20961654424762532,1.1835531514009603,62.12043627902109,0,1,1,1,1,1,1,1,0,1,0,1,1,1
param_20053,real_001,0.8292809485114434,0.7196733575033406,0.2811728534944782,0.34931384940819654,0.3318812747991358,215.4945277523987,1,1,1,1,1,1,1,1,1,1,1,1,1,1
param_20053,real_002,0.7766291645572513,0.6402066563188533,0.22282409824257257,0.2928681690424291,0.5100570236627884,145.80988864948444,1,1,1,1,1,1,1,1,1,1,1,1,1,1
param_20053,real_003,0.8036021694616349,0.6626700515157424,0.21635436155931673,0.295662635465264,0.36440934765217814,200.27599632216194,1,1,1,1,1,1,1,1,1,1,1,1,1,1
param_20053,real_004,0.8400127638217068,0.7411962216923219,0.30378021142118894,0.3733027251112457,0.31351404374979563,202.7248149847945,1,1,1,1,1,1,1,1,1,1,1,1,1,1
param_20053,real_005,0.7989126026335853,0.6828208997898119,0.22815605069990386,0.2959510250591949,0.5171395811642526,115.31601533987626,1,1,1,1,1,1,1,1,1,1,1,1,1,1
param_20054,real_001,0.8527300503834901,0.4526435549525329,0.11763703150689957,0.13869962836974453,0.6417665183156454,348.85249322010645,0,1,0,0,0,0,0,0,0,0,0,0,0,1
param_20054,real_002,0.839127015671822,0.47338996297291347,0.11869668251432137,0.1409387365196878,0.5772991452991453,273.8693040154799,0,1,0,0,0,0,0,0,0,0,0,0,1,1
param_20054,real_003,0.8300481477774772,0.39839687752557573,0.05908907040067125,0.07541837693411339,0.6734525324225987,868.4534743357922,0,0,0,0,0,1,0,0,0,0,0,0,1,1
param_20054,real_004,0.8439565492635311,0.4310557158415967,0.12442860967134287,0.14509360470383578,0.7312576996304178,147.2009978576712,0,1,0,0,0,0,0,0,0,1,0,0,0,1
param_20054,real_005,0.7903655260938115,0.3168136006350817,0.008554753433614826,0.03417745086663454,0.47241387162146775,471.0297827135708,0,1,0,1,0,1,0,0,0,1,0,1,0,1
param_20055,real_001,0.846991640806833,0.4709681473357285,0.12147098106282737,0.1431926919581861,0.8007074472591714,341.07659823250765,0,1,0,0,0,0,0,0,0,0,0,0,0,1
param_20055,real_002,0.8366803214719036,0.4874724675821831,0.12603988013120426,0.14590730766424356,0.7971969970864082,275.4059767356411,0,1,0,0,0,1,0,0,0,0,0,0,1,1
param_20055,real_003,0.8188230657839849,0.39965709259975457,0.058063775076898284,0.0755253014311069,0.7601323924311497,758.3247870389375,1,0,0,0,1,1,0,0,0,0,0,0,1,1
param_20055,real_004,0.8419638898514785,0.456666089920791,0.13351247155492676,0.1544438538392873,0.925,127.90157861092764,0,1,0,0,0,1,0,1,0,1,0,0,0,1
param_20055,real_005,0.783705224337128,0.3264316729093945,0.015295478525392871,0.04697127703855188,0.6628362220388123,480.62881552199826,0,1,0,1,0,1,0,0,0,1,0,1,0,1
param_20056,real_001,0.8463204295910802,0.5028400129775481,0.14385801743930904,0.16556827329477142,0.6952517396643472,302.3049876546049,0,1,0,0,0,1,0,0,0,0,0,0,0,1
param_20056,real_002,0.8294304582424791,0.5000131593202027,0.13145881130485512,0.1535676250917375,0.7188285208221774,340.073920882476,0,1,0,0,0,1,0,0,0,0,0,0,1,1
param_20056,real_003,0.8163668836505522,0.4254704036272308,0.0711106360694629,0.09167278994881176,0.7301839380842295,720.901836576673,1,0,0,0,1,1,0,0,0,0,0,0,1,1
param_20056,real_004,0.8354687700095059,0.4753671247211203,0.14600187342351958,0.1700553418160857,0.8803721042374073,153.35977936958432,0,1,0,0,0,1,0,1,0,1,0,0,1,1
param_20056,real_005,0.7742980446648908,0.3414998675198921,0.015550338008861457,0.05217522015212429,0.5654345245405051,501.8603563824058,0,1,0,1,0,1,0,0,0,1,0,1,1,1
param_20057,real_001,0.8225450762798096,0.5352890890731665,0.13393085814386285,0.16575625133095342,0.9480121418523728,251.81884391623095,1,1,1,1,1,1,1,1,0,1,0,0,0,1
param_20057,real_002,0.8249320020024098,0.5433772525079124,0.1498965041084758,0.17973606898603042,1.0646277871014145,233.06697206098346,1,1,1,1,1,1,1,1,0,1,0,1,0,1
param_20057,real_003,0.7693983524274263,0.42850964235893074,0.061032544018322775,0.08695963490006856,0.8405303919267777,430.60784621654784,1,1,1,0,1,1,1,0,0,0,0,1,0,1
param_20057,real_004,0.822844308080818,0.538926908668765,0.14707011951989593,0.1785242850619918,0.882636124563496,126.87593229749908,1,1,1,1,1,1,1,1,0,1,0,1,1,1
param_20057,real_005,0.7575317626911968,0.40371058064713095,0.05823575795376068,0.09777109870568561,1.0597483810737518,437.5733423944216,1,1,1,1,1,1,1,0,0,1,0,1,0,1
param_20058,real_001,0.8335964325237781,0.6526296673908876,0.21768197321380964,0.2515898364751119,0.7432902033271719,171.96771675186534,1,1,1,1,1,1,1,1,0,1,0,1,1,1
param_20058,real_002,0.8117736094193765,0.6210248791793752,0.18951405406213365,0.2208095168167008,0.9083923823578053,236.3264863572289,1,1,1,1,1,1,1,1,0,1,0,1,1,1
param_20058,real_003,0.7786066013060418,0.5532989660388374,0.12768585689108952,0.16923212540619803,0.7093462660479315,266.4141859834017,1,1,1,0,1,1,1,1,0,0,0,1,1,1
param_20058,real_004,0.8320350701010695,0.6476794680174441,0.22700238219602034,0.2641843963082242,0.7330499415189969,55.24789120567046,1,1,1,1,1,1,1,1,0,1,0,1,1,1
param_20058,real_005,0.7452365828607317,0.48457205666356173,0.10188115755747602,0.14824665618129307,0.9824476671030389,479.49477990433473,1,1,1,1,1,1,1,1,0,1,0,1,1,1
param_20059,real_001,0.8111973983941624,0.697331540002711,0.19919072689165077,0.2695761941129186,0.40151941985787243,152.70527015075965,1,1,1,1,1,1,1,1,1,1,1,1,1,1
param_20059,real_002,0.8326414370625193,0.7163071157873173,0.22689617314054933,0.2972881673889748,0.36668174242752793,22.838575809677298,1,1,1,1,1,1,1,1,1,1,1,1,1,1
param_20059,real_003,0.7396320110832818,0.5924553929441857,0.14075089403354588,0.21109944463030608,0.3282250728079762,77.39478749041326,1,1,1,1,1,1,1,1,1,1,1,1,1,1
param_20059,real_004,0.8270705672416093,0.7251500971681236,0.25162229730832886,0.32080209874074195,0.317998959066834,100.35508112209118,1,1,1,1,1,1,1,1,1,1,1,1,1,1
param_20060,real_001,0.8104531095169264,0.46133830116091756,0.08902228425608748,0.11594494471070547,1.061643160074958,195.21655732904588,0,1,0,0,1,1,0,1,0,0,0,1,0,1
param_20060,real_002,0.824733956108322,0.5649154262078471,0.16584363036312819,0.18832976589142544,0.6846406522083267,174.14925053248996,1,1,1,0,0,1,0,0,0,1,0,0,1,1
param_20060,real_003,0.7827424119453904,0.42781218371327284,0.04595406903494707,0.06821356993900936,0.6549483348130797,826.0352923702982,1,0,0,0,1,1,0,0,0,0,0,0,0,1
param_20060,real_004,0.7986064265208581,0.452528617412119,0.10002968940167607,0.13337538423288067,0.6247141303940315,94.4961165520683,0,0,0,0,1,1,0,1,0,1,0,1,0,1
param_20060,real_005,0.7766778895099336,0.3969907844140241,0.026992562864597835,0.062055066871950386,0.5957016899338722,752.5443101747708,1,1,0,1,0,1,0,0,0,0,0,1,0,1
param_20061,real_001,0.8081007810749502,0.4810044869564707,0.0915455449853149,0.12018955133994805,1.0682528151107882,136.16402743581685,0,1,0,0,1,1,1,1,0,1,0,1,0,1
param_20061,real_002,0.8246209610941433,0.570215652900887,0.16924806602864476,0.19253920679804995,0.7948304012034269,179.08071305571428,1,1,1,1,0,1,1,0,0,1,0,0,1,1
param_20061,real_003,0.7730917874186878,0.42853441254777136,0.049834432262298056,0.07255282563477365,0.7251086440171015,701.68389578394,1,0,0,0,1,1,0,0,0,0,0,1,0,1
param_20061,real_004,0.7956050643968317,0.46425380945444017,0.11063282543585018,0.14475395001946767,0.7007741912934062,91.90143181936685,0,0,0,0,1,1,0,1,0,1,0,1,0,1
param_20061,real_005,0.7722221976191406,0.4091660349267581,0.0363157321049393,0.07550112990133008,0.6936345509950717,748.3896454507494,1,1,0,1,1,1,0,0,0,0,0,1,0,1
param_20062,real_001,0.8069745202798555,0.5074963742342274,0.10298380071013533,0.13338157942333717,1.0050993493933533,95.71441700608594,0,1,0,0,1,1,1,1,0,1,0,1,0,1
param_20062,real_002,0.8197088100523424,0.5813150995707903,0.17968706577064586,0.20014015240402316,0.7321650951787938,239.26518284167793,1,1,1,1,0,1,1,0,0,1,0,0,1,1
param_20062,real_003,0.7719304803116782,0.45237718617550604,0.060598045099398146,0.08429309759852105,0.7093422062963911,655.08272710845,1,0,0,0,1,1,0,0,0,0,0,1,0,1
param_20062,real_004,0.7926561323323914,0.4842047138769134,0.12283705054637269,0.16080644037207112,0.6766467065868264,113.34995815818621,0,0,0,0,1,1,0,1,0,1,0,1,0,1
param_20062,real_005,0.7660656162171202,0.42831104294736927,0.03793690786091109,0.08230215559489268,0.6516468941124457,735.0655125469805,1,1,0,1,1,1,0,0,0,0,0,1,0,1
param_20063,real_001,0.7953689485438137,0.5342211934664276,0.10599747691534275,0.14466541590085083,1.0637042649924227,123.02863378044052,1,1,1,1,1,1,1,1,0,1,0,1,0,1
param_20063,real_002,0.8284773167173253,0.6001757164493976,0.18305056579504803,0.21432536330999927,0.857146758797744,185.49877061089796,1,1,1,1,1,1,1,1,0,1,0,1,1,1
param_20063,real_003,0.7459939754244868,0.45499945430644373,0.058103533421716126,0.08466635253252125,0.6693938125499448,441.78486476838435,1,0,1,0,1,1,0,0,0,1,0,1,0,1
param_20063,real_004,0.7821511774677632,0.5226608022389656,0.12978905149827885,0.16609159102222704,0.7038389804165371,150.8807831922526,1,1,1,1,1,1,1,1,1,1,0,1,0,1
param_20063,real_005,0.7559491846929427,0.455772492512702,0.08079860885301755,0.12310420215183779,0.9093619224901678,615.0780294718818,1,1,1,1,1,1,0,0,0,1,0,1,0,1
param_20064,real_001,0.8085199180824811,0.6634517431079903,0.1815061483659818,0.22922519581996575,0.7005357412888035,93.84775515900388,1,1,1,1,1,1,1,1,1,1,1,1,1,1
param_20064,real_002,0.8113181396536174,0.6731624726779307,0.21142063359352053,0.25865055526230296,0.812350849281737,137.38160585531165,1,1,1,1,1,1,1,1,0,1,0,1,1,1
param_20064,real_003,0.7531250252803403,0.5673362279427486,0.12420393933076525,0.16940231661616545,0.6099991428081605,285.19018155541033,1,1,1,0,1,1,0,1,1,1,0,1,1,1
param_20064,real_004,0.8000529081475592,0.6363903630735307,0.21192156815131377,0.2574392926934915,0.6319820661311414,56.56886689911136,1,1,1,1,1,1,1,1,1,1,1,1,1,1
param_20064,real_005,0.7445766224467824,0.5555103247922848,0.12060120332479332,0.1712488409017558,0.8958821718642703,555.4636513630204,1,1,1,1,1,1,1,1,0,1,0,1,1,1
param_20065,real_002,0.8309181358237266,0.7269613874651875,0.2330688447535955,0.30981928423972677,0.37281356690370154,76.88463446643802,1,1,1,1,1,1,1,1,1,1,1,1,1,1
param_20065,real_003,0.7334494363255822,0.5899731069034121,0.13194678829748027,0.2007007865117236,0.3370102676252349,137.21293290864696,1,1,1,1,1,1,1,1,1,1,0,1,1,1
param_20065,real_004,0.8036379178975068,0.7074202534787719,0.23625094502370078,0.3075146200708176,0.31062431406188895,132.9246098635222,1,1,1,1,1,1,1,1,1,1,1,1,1,1
param_20065,real_005,0.7523458645587852,0.6197203122168367,0.17784155407680965,0.24703160131578897,0.4637868787913166,222.63091268947346,1,1,1,1,1,1,1,1,1,1,0,1,1,1
param_20066,real_001,0.733771188411178,0.4308291478304816,0.037907030269464854,0.0638019074043644,0.0805554687744072,776.6164146472256,1,0,1,0,1,1,1,1,0,0,0,1,1,1
param_20066,real_002,0.7379233090803823,0.446796567019878,0.049899598950170015,0.07536978364269616,0.5384370015948964,328.4956617209596,0,0,1,1,0,1,1,1,0,0,1,1,1,1
param_20066,real_003,0.7724834060593865,0.44978663492380483,0.05746872497706072,0.09194710056898693,0.48003439052350017,437.7383424205714,1,1,1,1,0,0,1,1,0,1,1,1,0,1
param_20066,real_004,0.7364842180591217,0.4072757840622811,0.04594051715900555,0.0668535218766276,0.718031269881051,739.0415786243236,1,1,0,1,1,0,0,1,0,0,0,1,1,1
param_20066,real_005,0.8089588162120162,0.5574296441150051,0.18139573533074307,0.20895511118194524,0.561938457241283,185.2574955817643,1,0,0,0,1,0,0,1,0,1,0,1,0,0
param_20067,real_001,0.729004661423006,0.43697019563498735,0.04263651506345127,0.07179923394490086,0.18771969935126176,721.9701736225932,1,0,1,0,1,1,1,1,1,1,0,1,1,1
param_20067,real_002,0.7379626926798852,0.45615564429160677,0.05578504260594369,0.0862631157828109,0.5946021679817123,246.23457711584246,1,0,1,1,1,1,1,1,0,1,1,1,1,1
param_20067,real_003,0.7655597829107278,0.4526921313081011,0.06402853308672249,0.09993592054896493,0.7102972125910336,360.3237697218114,1,1,1,1,0,0,1,1,0,1,1,1,0,1
param_20067,real_004,0.7290853277630035,0.4182641830970652,0.04926343935166943,0.07101132296102568,0.8887516105688618,608.0629300591725,1,1,0,1,1,1,0,1,0,0,0,1,1,1
param_20067,real_005,0.8092921867801504,0.5695982926167659,0.18680084977202896,0.21679568420393436,0.582732069014687,155.47844642074392,1,1,0,1,1,0,0,1,1,1,0,1,0,0
param_20068,real_001,0.7201764608887778,0.44691557621715766,0.04583744685672119,0.0800057390716071,0.19913407703047653,727.1393322278918,1,0,1,0,1,1,1,1,1,0,0,1,1,1
param_20068,real_002,0.7307212963403833,0.47379892757794906,0.06004177963256528,0.0934151209295664,0.5849296834307541,239.44415176371845,1,1,1,1,1,1,1,1,0,0,1,1,1,1
param_20068,real_003,0.7559791423546558,0.46326261472010544,0.06994602649875821,0.10719114520564997,0.7154063614700353,374.8194440360144,1,1,1,1,0,0,1,1,0,1,1,1,0,1
param_20068,real_004,0.7254625886923641,0.4287808904333846,0.05243801397221632,0.07647530422678137,0.9057384857880242,550.6742432002685,1,1,0,1,1,1,0,1,0,0,0,1,1,1
param_20068,real_005,0.8081875107395252,0.5914248394090563,0.19953308365183425,0.2286181806148657,0.557035239680614,155.8487891321738,1,1,0,1,1,0,0,1,1,1,0,1,0,0
param_20069,real_001,0.7112394844939846,0.4621829385139037,0.06300118678850501,0.1000576282885361,0.4686673243352316,485.83333560284814,1,0,1,0,1,1,1,1,1,1,0,1,1,1
param_20069,real_002,0.7318268204173228,0.4992154550005408,0.08121907618105517,0.12908808916947986,0.6428867457463848,146.32275086438725,1,1,1,1,1,1,1,1,0,1,1,1,1,1
param_20069,real_003,0.7500280322803125,0.48007684850184895,0.08946121366957582,0.12657275837233634,0.9921448752922837,236.5495600969973,1,1,1,1,1,0,1,1,0,1,1,1,0,1
param_20069,real_004,0.7100582063745711,0.4463503197952285,0.06149317438981581,0.09229124144686127,0.9287933613778465,367.39395761966216,1,1,1,1,1,1,1,1,0,1,0,1,1,1
param_20069,real_005,0.8069178191551045,0.6046551072947122,0.19162899424103966,0.22716423884369127,0.5759899068322981,125.64072683839278,1,1,1,1,1,1,1,1,1,1,1,1,0,1
param_20070,real_001,0.7286694125611415,0.5774412354015938,0.12180140634580783,0.18119823941603264,0.539056384014664,354.39616338953044,1,1,1,0,1,1,1,1,1,1,0,1,1,1
param_20070,real_002,0.7396210575745091,0.5978386317434602,0.14701554236967374,0.2100310752333422,0.7259648256476487,47.50613562793315,1,1,1,1,1,1,1,1,0,1,1,1,1,1
param_20070,real_003,0.7454059500606891,0.5751409542633786,0.1340937962305148,0.18320108170260077,0.8903592062295905,185.03689489755513,1,1,1,1,1,1,1,1,0,1,1,1,1,1
param_20070,real_004,0.7223697310443319,0.5375542921165057,0.10892213983817925,0.1608198101599944,0.9600486232458187,198.78887118786153,1,1,1,1,1,1,1,1,0,1,0,1,1,1
param_20070,real_005,0.8314303873077045,0.7090191695569686,0.254112272955725,0.307894658576116,0.4032454057691948,93.93412021927817,1,1,1,1,1,1,1,1,1,1,1,1,1,1
param_20071,real_001,0.724705679988884,0.5912996262309047,0.150723846954586,0.22536313978978267,0.3034823469800156,89.33237712448864,1,1,1,1,1,1,1,1,1,1,1,1,1,1
param_20071,real_002,0.7447333531867119,0.6207746798630809,0.1841747622559172,0.2585731784489621,0.4468984365069277,65.2834570377219,1,1,1,1,1,1,1,1,1,1,1,1,1,1
param_20071,real_004,0.7189548736619714,0.5738552816042358,0.14639278662396013,0.21920025607163446,0.5142960217769178,128.02301119953506,1,1,1,1,1,1,1,1,1,1,1,1,1,1
param_20071,real_005,0.828656309371188,0.7292545895836625,0.25022927733685324,0.3152529302260796,0.31967559943582513,197.23118324314723,1,1,1,1,1,1,1,1,1,1,1,1,1,1
param_20072,real_001,0.8232353422872708,0.3574258225523147,0.03619528389510995,0.0651767243289815,0.8133360773821774,746.3302841243408,0,1,0,1,0,0,0,1,0,0,0,0,0,1
param_20072,real_002,0.8309040110888994,0.4610249281872613,0.09857942089235687,0.12671267782359508,0.6804688759413214,507.93337595200234,0,0,0,1,0,0,0,0,0,0,0,0,1,1
param_20072,real_003,0.821586728939038,0.3506669807979692,0.03284983532023646,0.049217312792447114,0.30033701182845435,719.2269404599068,0,0,0,0,1,0,0,0,0,0,0,0,1,1
param_20072,real_004,0.8518021205767872,0.42044085052425717,0.15047710387149876,0.17514498578724744,0.38611629707208234,249.34638522551924,0,0,0,0,0,0,0,0,0,1,0,0,1,1
param_20072,real_005,0.8162887132356162,0.3097632064243444,0.024477199015597497,0.05842981913433981,0.21086051116320353,863.8086140311689,0,1,0,1,0,1,0,0,0,0,0,0,1,1
param_20073,real_001,0.8213646000744478,0.38504270524498496,0.04831061176040997,0.07953531244833996,1.0175616132228618,624.9279544267123,0,1,0,1,0,1,0,1,0,0,0,0,0,1
param_20073,real_002,0.8241392269651742,0.47480699395845294,0.10665866884044416,0.1315969615737861,0.8454605501459528,494.7485058566499,0,0,0,1,0,0,0,1,0,0,0,1,1,1
param_20073,real_003,0.8110035779105413,0.35978499350922627,0.032125313378381044,0.050706808873190796,0.46195908169325606,616.8616289567487,1,0,0,0,1,0,0,0,0,0,0,0,1,1
param_20073,real_004,0.849106510929827,0.4513552949728004,0.1571853973112215,0.1841716157222445,0.5183956320873583,226.66647138366017,0,0,0,0,0,0,0,0,0,1,0,0,1,1
param_20073,real_005,0.81003718162925,0.32951007418949096,0.03908423370332572,0.07589826510106507,0.3558644365828641,814.9829277336196,0,1,0,1,0,1,0,0,0,0,0,0,1,1
param_20074,real_001,0.8155487647970012,0.40163787749436664,0.058009139838716785,0.08928481835077713,0.9150072355950513,631.9785605933184,0,1,0,1,0,1,0,1,0,0,0,0,0,1
param_20074,real_002,0.8262921386067517,0.5091229239268464,0.12787005306032448,0.15118965561022818,0.7445382323733863,498.3443207086572,0,0,0,1,0,0,0,1,0,0,0,1,1,1
param_20074,real_003,0.8057074694650781,0.38120769463752324,0.03876480224992943,0.059229281098530165,0.4265936195882202,607.8319399508296,1,0,0,0,1,0,0,1,0,0,0,0,1,1
param_20074,real_004,0.8395890531067708,0.4647682921946318,0.1584042615580187,0.18605334434354692,0.4473212831786354,168.94898948888624,0,0,0,0,0,0,0,0,0,1,0,0,1,1
param_20074,real_005,0.803991185539958,0.3461994850443814,0.0368120066189501,0.07969255250447907,0.2586821468581322,850.9977872732813,0,1,0,1,0,1,0,0,0,0,0,0,1,1
param_20075,real_001,0.8073099579443758,0.49494790761743895,0.09193490937342086,0.12519114250433902,1.1625475009427668,296.0032741487381,1,1,1,1,1,1,1,1,0,1,0,1,0,1
param_20075,real_002,0.795392573009403,0.5217309281540904,0.1275260353983141,0.15447353785567508,1.1748734195955348,454.41294239701074,1,1,1,1,1,1,1,1,0,1,0,1,1,1
param_20075,real_003,0.7598239814531093,0.4100660475649251,0.03889252953480988,0.06402709010688187,0.5292676988298649,338.6407610633301,1,0,1,0,1,1,1,1,0,0,0,1,0,1
param_20075,real_004,0.8345415756347543,0.5465353511507413,0.1746993850528542,0.20913956050718668,0.5957553132073253,267.986443061232,1,1,1,1,1,0,1,1,0,1,0,1,1,1
param_20075,real_005,0.7974050741539324,0.44681535646690784,0.1035700501949439,0.15046809003555128,0.7516205325858444,486.2770116869564,1,1,1,1,1,1,1,0,0,1,0,1,0,1
param_20076,real_001,0.8007549304229954,0.5695511309365505,0.1386408733906572,0.1823355186279865,0.9453673302493623,273.1792887894722,1,1,1,1,1,1,1,1,0,1,0,1,1,1
param_20076,real_002,0.8121738415661706,0.6406060843946456,0.19315741748350046,0.2230868682610194,0.9747161358428383,327.01396007213026,1,1,1,1,1,1,1,1,0,1,0,1,1,1
param_20076,real_003,0.7735376015934691,0.5305487110518223,0.10387425985002335,0.15313144657638872,0.4738967928623101,209.58469831303415,1,0,1,0,1,1,1,1,0,0,0,1,1,1
param_20076,real_004,0.8367267471148763,0.652507386773378,0.23982778962590232,0.2855154499422503,0.63103910186898,119.17267283563248,1,1,1,1,1,1,1,1,0,1,0,1,1,1
param_20076,real_005,0.7872283757918691,0.5204251018091364,0.14226638204034345,0.20040003811799612,0.6927139552814187,560.2009008750788,1,1,1,1,1,1,1,1,0,1,0,1,1,1
param_20077,real_001,0.8071795127711399,0.6884893780160283,0.18780294329197667,0.26228031245561206,0.39815347376998106,120.10034966601663,1,1,1,1,1,1,1,1,1,1,1,1,1,1
param_20077,real_002,0.783611262473427,0.6760861516301646,0.19917262905204705,0.26584387152213085,0.41639284299082513,104.95158250776846,1,1,1,1,1,1,1,1,1,1,1,1,1,1
param_20077,real_003,0.7253673689570409,0.5804956101583931,0.1219031597957418,0.1964641527230076,0.26267058297373413,133.67373963994828,1,1,1,1,1,1,1,1,1,1,1,1,1,1
param_20077,real_004,0.8394535119717491,0.7517399295697635,0.27674389530403165,0.34979251472880885,0.2593553823982022,203.93506801147797,1,1,1,1,1,1,1,1,1,1,1,1,1,1
param_20077,real_005,0.8170871036325731,0.6902724922397716,0.2498650773363672,0.32568297786258316,0.2792671534282273,145.23135996263926,1,1,1,1,1,1,1,1,1,1,1,1,1,1
param_20078,real_001,0.8137793766264143,0.44185313116406283,0.11777440823462541,0.13439860220259003,0.7038527510225624,162.82277942017035,0,0,0,1,0,0,0,1,0,0,0,0,1,1
param_20078,real_002,0.7944558131100021,0.4131010661508181,0.05400741422095368,0.08775056243303554,0.5329263593404587,104.62387511695226,0,0,0,0,0,1,1,1,0,0,0,0,1,1
param_20078,real_003,0.8075356803006016,0.3996918877143173,0.07814817005386697,0.11328162667314047,0.4462930365491265,521.2790331210568,0,0,1,1,0,0,0,0,0,1,0,0,1,1
param_20078,real_004,0.804395213129003,0.3861778285446558,0.08220832633292634,0.11163238957739574,0.8218224373214852,276.37049186251113,0,1,0,1,0,1,0,1,0,0,0,0,1,1
param_20078,real_005,0.7768565618764725,0.3820552909555943,0.023470449896438973,0.04638760244569548,0.16976418146523833,816.6536372366554,1,0,0,1,1,0,0,0,0,0,0,0,0,1
param_20079,real_001,0.8068718584516681,0.45876125703843085,0.13232453881617834,0.14198091329018847,0.9235351934687983,158.92038279676063,1,1,0,1,0,0,0,1,0,1,0,0,1,1
param_20079,real_002,0.7942134679688825,0.44020985353172437,0.06935013652540013,0.10848065873041018,0.5996613405868896,234.311296408557,0,0,0,0,0,1,1,1,0,1,0,0,1,1
param_20079,real_003,0.8025811253765127,0.4291440448687566,0.10420937156204031,0.14279753610413967,0.5502922899113918,391.75283289064396,1,0,1,1,0,0,1,0,0,1,0,0,1,1
param_20079,real_004,0.8040616990036178,0.41752511257427033,0.10519558997486075,0.1329568347479686,0.9929948392359941,235.4649870759671,0,1,0,1,0,1,0,1,0,1,0,0,1,1
param_20079,real_005,0.7698951677783277,0.40078651004907406,0.027295964585021214,0.054273843102389134,0.32889743292288826,710.250430900128,1,0,0,1,1,0,0,0,0,0,0,0,0,1
param_20080,real_001,0.8019878674831001,0.4831405417821067,0.1363554362781938,0.1476768436790832,0.8423385269958832,155.6172837567993,1,1,0,1,0,0,0,1,0,1,0,0,1,1
param_20080,real_002,0.789388148821397,0.4588947768047598,0.07213633355843511,0.11288066213334443,0.5685120861983413,269.6405034897323,0,0,1,0,0,1,1,1,0,1,0,0,1,1
param_20080,real_003,0.8035111468991483,0.4475518630153639,0.11468508834397914,0.15389898879060315,0.5296968293610758,333.0762541283666,1,0,1,1,0,0,1,0,0,1,0,0,1,1
param_20080,real_004,0.7974945381357661,0.4309051427681827,0.10658928061358519,0.13733952323292,0.9572488105233697,231.3765649304371,0,1,0,1,0,1,0,1,0,1,0,0,1,1
param_20080,real_005,0.7684470680676893,0.4209013252264493,0.032214119641727164,0.062172699732485286,0.3344538088046638,704.8751563550065,1,0,0,1,1,0,0,0,0,0,0,0,0,1
param_20081,real_001,0.7791291711172441,0.4903056279640767,0.11659877943390566,0.13773112561417603,1.079502079416624,98.1658771282749,1,1,0,1,1,1,1,1,0,1,0,0,1,1
param_20081,real_002,0.7937883999923327,0.5112477872066719,0.11000698465995087,0.15786724624377604,0.4422314160534056,600.8020065258039,1,1,1,0,1,1,1,1,0,1,1,1,1,1
param_20081,real_003,0.7871373888367873,0.5010506341507902,0.13894255127318172,0.17174553841890372,0.652410006832648,237.74517192610074,1,1,1,1,1,1,1,1,0,1,0,1,1,1
param_20081,real_004,0.8075098301452956,0.5316989905683104,0.1412288700515127,0.17352438582450064,1.0296524169974854,192.6957169587109,1,1,1,1,1,1,1,1,0,1,0,1,1,1
param_20081,real_005,0.7512146460484312,0.48170949348543624,0.048058353247242315,0.08867991683562128,0.5044589315188867,208.9209034630159,1,0,1,1,1,0,1,0,0,1,0,1,0,1
param_20082,real_001,0.7766727382308679,0.586502840910467,0.16699379987799948,0.20307051656146624,1.0711713539421297,91.21466818570269,1,1,0,1,1,1,1,1,0,1,0,0,1,1
param_20082,real_002,0.8004982892638859,0.6241835914111165,0.1738575651294436,0.23058035875371943,0.3887071675823303,323.81835536668336,1,1,1,0,1,1,1,1,0,1,1,0,1,1
param_20082,real_003,0.8145205147553702,0.6227764779313991,0.20124604936141846,0.2546872954797906,0.5173520965571321,131.92805915728857,1,1,1,1,1,1,1,1,0,1,1,0,1,1
param_20082,real_004,0.8117544366327176,0.6101005604867893,0.1877436723165109,0.23289789035002947,0.8556322047744395,196.5609822999187,1,1,1,1,1,1,1,1,0,1,0,0,1,1
param_20082,real_005,0.7624021232032355,0.5674284555354888,0.12038700961633271,0.17839797880872874,0.5540138956480322,163.45329569416924,1,1,1,1,1,1,1,1,1,1,1,0,1,1
param_20083,real_001,0.7810153172341038,0.6292986338962385,0.1787967458949054,0.2482664452507427,0.6248806162640733,125.41106082488167,1,1,1,1,1,1,1,1,1,1,1,1,1,1
param_20083,real_002,0.8122880001370936,0.702435021093016,0.23776833661693522,0.314634562238172,0.19618592309895208,290.5516740489049,1,1,1,1,1,1,1,1,1,1,1,1,1,1
param_20083,real_003,0.8124968055638611,0.6804741494775881,0.21481897105269251,0.28842568783058065,0.30318627594828246,83.01331327001583,1,1,1,1,1,1,1,1,1,1,1,1,1,1
param_20083,real_004,0.8423906319325124,0.723975115624566,0.2280475549083151,0.3010784116974186,0.3930414352577941,262.95237739164054,1,1,1,1,1,1,1,1,1,1,1,1,1,1
param_20083,real_005,0.7591536846431133,0.6468903551140572,0.15268885168941118,0.22423630004475498,0.2879859807827791,59.98644148491303,1,1,1,1,1,1,1,1,1,1,1,1,1,1
param_20084,real_001,0.7692636173648103,0.4044956234302405,0.03695442735441107,0.058871609136989,0.09755303044819591,394.87365499046626,0,0,0,1,0,0,1,0,0,0,0,1,1,1
param_20084,real_002,0.8144093952115874,0.40509144120610974,0.1121993700929448,0.14297891325948808,0.45212623696175447,167.9700050409775,0,0,0,1,0,0,0,0,0,0,0,0,1,1
param_20084,real_003,0.7843004470942172,0.37933213646458847,0.09251214233528979,0.12295742454621124,0.0505599836848456,761.086580824841,0,0,1,0,0,0,0,0,0,0,0,0,1,1
param_20084,real_004,0.7792712342289139,0.3775625392347443,0.034368088194501475,0.05949282584381661,0.38068380151016884,933.8633445868255,0,0,0,1,1,0,1,0,0,0,0,0,1,1
param_20084,real_005,0.8404015441228887,0.4667633353465832,0.15579970924969014,0.19630293697563442,0.16974796478144583,328.80189516327493,1,0,0,0,0,0,0,0,0,0,0,0,1,1
param_20085,real_001,0.7565702495640676,0.4247042830799693,0.04396377587985696,0.06800739308430864,0.27510342559415624,335.99425862397163,0,0,0,0,0,1,1,0,0,1,0,1,1,1
param_20085,real_003,0.77005234750583,0.38650865562447834,0.09705317174685621,0.13001282229409372,0.08678688014923053,721.9912231065342,0,0,1,0,0,1,1,0,0,0,0,0,1,1
param_20085,real_004,0.7626754561742485,0.3765940336783538,0.04383638273831894,0.07966345751332657,0.29432450252751524,875.2331690802488,0,0,0,1,1,0,1,0,1,0,0,0,1,1
param_20085,real_005,0.8320667991016164,0.4790453480999766,0.16941565811180154,0.2063885439168644,0.2706180676545169,267.4500323835239,1,1,0,0,1,0,0,1,0,0,0,0,1,1
param_20086,real_001,0.756904021573345,0.4554911387868686,0.048113920270430544,0.07730938650107361,0.2578015517653895,361.4776082922435,0,0,0,0,0,0,1,0,0,1,0,1,1,1
param_20086,real_003,0.7677102201305864,0.40984821274357897,0.11130450637777166,0.14401519640687752,0.10737238340066103,706.2170000118201,0,0,1,0,0,1,1,0,0,0,0,0,1,1
param_20086,real_004,0.7514463556289083,0.4026005301694153,0.04788524859211257,0.08517360035935502,0.26161490683229816,859.2986392986201,0,0,0,1,1,0,1,0,1,0,0,0,1,1
param_20086,real_005,0.8310037129825418,0.49460647006657477,0.18262814585702816,0.2219741031425427,0.23839385051077172,245.41576410474764,1,1,0,0,1,0,0,1,0,0,0,0,1,1
param_20087,real_001,0.7259368602892549,0.46369322438074945,0.06498582558695212,0.09832931248843475,0.5408296050267075,272.00420200200574,1,0,1,0,1,1,1,1,0,1,1,1,1,1
param_20087,real_002,0.7813965637538093,0.5166451637767157,0.15136968489082528,0.18242291013854867,0.874771897810219,32.02530669028772,0,1,1,1,0,1,1,1,0,0,1,1,1,1
param_20087,real_003,0.7423758714785015,0.43643108289277266,0.09862535343556603,0.13760365094406324,0.2379098031107129,598.9978673620907,1,0,1,0,1,1,1,1,0,0,1,1,1,1
param_20087,real_004,0.7387408215202401,0.4362597589693118,0.09960071759355316,0.1349482172825314,0.07138510450689882,604.5751187545785,1,1,1,1,1,0,1,0,1,0,1,0,0,1
param_20087,real_005,0.8225783259947209,0.5300742588191834,0.18652186851816643,0.2235994790789774,0.5696783685064936,236.5262228718723,1,1,1,1,1,1,1,1,0,1,0,1,1,1
param_20088,real_001,0.7559019457031977,0.6097603177472992,0.1431433198235962,0.20435238953381835,0.6878988444291135,232.3618501460166,1,1,1,1,1,1,1,1,0,1,1,1,1,1
param_20088,real_002,0.8180702904866182,0.6537053457819064,0.21736809143573005,0.2632341134852765,0.787567704500766,120.15910108273198,0,1,1,1,0,1,1,1,0,0,1,1,1,1
param_20088,real_003,0.7538023464888991,0.5647387691808953,0.17215640177502814,0.22141398273936339,0.4192990350482476,438.1255548818474,1,1,1,0,1,1,1,1,0,1,1,1,1,1
param_20088,real_004,0.7450721230815317,0.566946503158343,0.14499229174987394,0.20217144730274167,0.13231412230532336,448.3863506492213,1,1,1,1,1,0,1,0,1,0,1,0,1,1
param_20088,real_005,0.8352378354560679,0.6433403297500232,0.2542881784714325,0.30414273355584287,0.47310057675762374,160.9889185646817,1,1,1,1,1,1,1,1,1,1,0,1,1,1
param_20089,real_001,0.7484278309144559,0.6276194262285181,0.16471726416350382,0.23822060550266225,0.29096688260580006,64.74810049081324,1,1,1,1,1,1,1,1,1,1,1,1,1,1
param_20089,real_002,0.8435803408624772,0.7347587318529947,0.24175723074583735,0.3121082620439048,0.45783723401356835,224.81769618506945,1,1,1,1,1,1,1,1,0,1,1,1,1,1
param_20089,real_003,0.7597022734851018,0.6138822058985653,0.18142143428262128,0.2523196689484806,0.4183126814705762,204.3546463072447,1,1,1,1,1,1,1,1,0,1,1,1,1,1
param_20089,real_004,0.7699555981490757,0.6667656835361642,0.20323935177336533,0.2882625093956437,0.05448475273496885,147.90206203669027,1,1,1,1,1,1,1,1,1,1,1,1,1,1
param_20089,real_005,0.8443083545857888,0.7029537607721091,0.2613304184550957,0.3287943731205422,0.27567295597484276,182.2331090453563,1,1,1,1,1,1,1,1,1,1,1,1,1,1
param_20090,real_001,0.8227129426094385,0.33682976917867874,0.03638544767485016,0.055507231925731676,0.347406594882586,879.4337792720524,0,0,0,0,0,0,0,0,0,0,0,0,1,1
param_20090,real_002,0.8687187171840987,0.4152792252626954,0.09229219661636184,0.11441047963886661,0.5597383097383097,352.236743319543,0,1,0,1,0,0,0,1,0,0,0,0,0,1
param_20090,real_003,0.8540913531513695,0.419330019782902,0.08190339876445965,0.11171987602812644,0.6408425799036294,635.7299533678167,0,1,0,0,0,0,0,1,0,0,0,1,0,0
param_20090,real_004,0.8312146413518263,0.33885245691709853,0.05610657608331059,0.07278084642849224,0.09984194474744551,613.8736456249943,0,0,0,0,0,1,0,0,0,1,0,0,1,1
param_20090,real_005,0.816591670008021,0.34477117987945666,0.053708899842002104,0.07035590593299759,0.65437167818609,99.74273541923444,0,0,0,1,0,1,0,1,0,0,0,0,1,1
param_20091,real_001,0.8184986656892818,0.36742820470697507,0.040609342595271124,0.061844861269089876,0.49184877577452046,827.3026433406823,0,0,0,0,0,0,0,0,0,0,0,0,1,1
param_20091,real_002,0.8698104432433028,0.4452400046383076,0.09729789138515996,0.12089512593744633,0.6858975628105882,358.7741159649737,0,1,1,1,0,0,0,1,0,0,0,0,0,1
param_20091,real_003,0.8543364769792109,0.44414448501413545,0.09721033542623825,0.12402215581366192,0.8978381363385352,542.2438916565275,0,1,1,1,0,1,0,1,0,0,0,1,0,0
param_20091,real_004,0.8284421273552183,0.35113324998897805,0.058020777972709076,0.07839532455299941,0.1312640852284368,685.8834779192813,0,0,0,0,0,1,0,0,0,1,0,0,1,1
param_20091,real_005,0.812339078501816,0.3672966574014079,0.06153254575840954,0.08339718701069194,0.9252700143591451,88.41155532216364,0,1,0,1,0,1,0,1,0,0,0,0,1,1
param_20092,real_001,0.8142211538456279,0.3978925699645608,0.04616550027201167,0.07330050247986827,0.47981248753241573,827.0341389782243,0,0,0,0,0,0,0,0,0,0,0,0,1,1
param_20092,real_002,0.8638957275304712,0.4666293744236091,0.10251492084793093,0.12888518159282839,0.6671132461865299,323.8575906388543,0,1,1,1,0,0,0,1,0,0,0,0,0,1
param_20092,real_003,0.8459508085201871,0.46347976102574884,0.09750317881293649,0.12839817925519653,0.8633795582948125,585.2615676005873,0,1,1,1,0,1,0,1,0,0,0,1,0,0
param_20092,real_004,0.8211761567451719,0.37444067916659485,0.07224854815918168,0.09216761381470524,0.1636886342310687,603.1482273704517,0,0,0,0,0,1,0,0,0,1,0,0,1,1
param_20092,real_005,0.8054326866806715,0.3887337703777419,0.07172959871963715,0.0950574501235451,0.954690000202548,117.53908160918687,0,1,0,1,0,1,0,1,0,0,0,0,1,1
param_20093,real_001,0.7722614056866969,0.4146250472648181,0.05206207466643534,0.08006473370641208,0.7045216175270947,544.4711947649112,1,0,1,0,1,1,1,1,0,1,0,1,1,1
param_20093,real_002,0.8588884284636035,0.5394448241627561,0.12274450754480432,0.15472230771457351,0.8483562653904478,315.58955122018557,1,1,1,1,1,1,1,1,0,0,0,1,0,1
param_20093,real_003,0.8498899162409035,0.5352844524916964,0.12177921187546918,0.1526063639991135,1.1430113644652573,243.85286009263697,1,1,1,1,1,1,1,1,0,1,0,1,0,0
param_20093,real_004,0.7976175380883685,0.40608731600915116,0.06652762623790719,0.09618937178149319,0.2906925577368025,887.971597837431,1,0,1,0,1,1,1,0,0,1,0,1,1,1
param_20093,real_005,0.7997659005491927,0.4481540752970078,0.08860094185134729,0.12062653400562538,1.2852112676056338,88.12622593833115,1,1,1,1,1,1,1,1,0,1,0,1,1,1
param_20094,real_001,0.79287014868514,0.5637078079875434,0.1309534443347094,0.18317700238988302,0.7309608714767232,406.91920890430777,1,1,1,1,1,1,1,1,0,1,0,1,1,1
param_20094,real_002,0.8560685106082592,0.6273487765143383,0.1775180051138815,0.23076010366235114,0.6009655894878276,249.61868495273075,1,1,1,1,1,1,1,1,0,0,0,1,1,1
param_20094,real_003,0.8378513553274545,0.6205001309305711,0.17029762415747854,0.2180792807264305,0.8353456949834699,341.8038185904408,1,1,1,1,1,1,1,1,0,1,0,1,1,1
param_20094,real_004,0.792443931223277,0.5350581623848929,0.14895795665399325,0.1886659990216129,0.4163163346128069,524.1262070419375,1,1,1,0,1,1,1,1,0,1,0,1,1,1
param_20094,real_005,0.790614010347721,0.5451065631904966,0.13908994830470184,0.18209623896429883,1.0380932166356611,89.54608737809637,1,1,1,1,1,1,1,1,0,1,0,1,1,1
param_20095,real_001,0.739772957116381,0.5799021749324019,0.15162585219476607,0.22671318016999803,0.34551346923039855,87.9193548884353,1,1,1,1,1,1,1,1,1,1,1,1,1,1
param_20095,real_002,0.8572114358968722,0.7139321050794923,0.2089837954262476,0.280007684841875,0.38537638276823455,352.4488108261989,1,1,1,1,1,1,1,1,1,1,1,1,1,1
param_20095,real_003,0.8530162587466781,0.7136900574427107,0.20883382713511753,0.27808172918970103,0.42917878444323954,215.9156232215006,1,1,1,1,1,1,1,1,1,1,1,1,1,1
param_20095,real_004,0.7766154169878238,0.6121418685696107,0.16723736735294806,0.2406083224769474,0.2324523700655388,434.94828307009533,1,1,1,1,1,1,1,1,1,1,1,1,1,1
param_20095,real_005,0.8113724042155067,0.6582807518393438,0.19098933694182368,0.26314223803152625,0.4164074885336367,88.17141384433268,1,1,1,1,1,1,1,1,1,1,1,1,1,1
param_20096,real_001,0.7983115788407027,0.37034127355061736,0.04687363283476289,0.07130973408196939,0.3841686971967299,910.5042326429822,0,1,0,0,0,0,0,0,0,0,0,0,1,1
param_20096,real_002,0.8268106679465881,0.509484987726161,0.1616378662659988,0.17847386713593863,0.7794262809966798,98.59380136841114,0,0,0,0,1,1,0,0,0,0,0,0,1,1
param_20096,real_003,0.7659744869903782,0.36658078452102677,0.02543442387465969,0.050282828995845116,0.5188358992238105,325.6736834934002,0,0,0,1,1,0,0,1,0,0,0,0,0,1
param_20096,real_004,0.8159050709319421,0.39506645521095174,0.06353039886508668,0.09411181583986933,0.5041058854387346,385.5781858291376,0,1,0,1,0,0,1,1,0,0,0,1,1,1
param_20096,real_005,0.8579253032699596,0.4478866177805937,0.1665816883686556,0.19129959133955574,0.31092489009061075,304.47533460924217,0,1,0,0,0,1,0,0,0,1,0,0,1,0
param_20097,real_001,0.7899075438921066,0.4048368742897812,0.055171891514384584,0.09402105616097359,0.5759166548432211,786.2827631818041,0,1,0,0,0,0,0,0,0,0,0,0,1,1
param_20097,real_002,0.8159194927830141,0.5340441398040022,0.19380691855769772,0.20655907037142082,1.0362966725933451,99.89085164814094,0,0,0,0,1,1,0,0,0,0,0,0,1,1
param_20097,real_003,0.7510840521516328,0.3820428306483785,0.0344163176079956,0.06295681711400176,0.7021494542401343,424.21529694704816,0,0,0,1,1,0,0,1,0,1,0,1,1,1
param_20097,real_004,0.8142066846888477,0.42701136308680887,0.089336924491999,0.1179541721011272,0.6624152549952597,341.66635403240923,0,1,0,1,0,0,1,1,0,0,0,1,1,1
param_20097,real_005,0.8584839312787858,0.47536979882563457,0.19455215309384222,0.21579549055391742,0.4833860614816305,250.4574703862016,0,1,0,0,1,1,0,1,0,1,0,0,1,0
param_20098,real_001,0.7872044902156438,0.43201997094447203,0.06399346338884872,0.10469942380651397,0.6222699965843563,766.1738699336307,0,1,0,0,0,0,0,0,0,0,0,0,1,1
param_20098,real_002,0.8137443632809361,0.5557299109184497,0.19663143259245364,0.2104987315968466,0.9678773042913523,76.28716186701502,0,0,0,0,1,1,0,0,0,0,0,0,1,1
param_20098,real_003,0.7526679852451628,0.4074157164913615,0.039636486653929985,0.07162940297799869,0.680062078985603,264.9579137312493,0,0,0,1,1,0,0,1,0,1,0,0,1,1
param_20098,real_004,0.8072612772134192,0.45142041813047196,0.09009678567812766,0.12105535252604216,0.653565971358516,339.6602122765551,0,1,0,1,0,0,1,1,0,0,0,1,1,1
param_20098,real_005,0.8541392064635851,0.47924096703962304,0.19762335714566023,0.2242130135889215,0.46416187037500445,272.44939711082077,0,1,0,0,1,1,0,1,0,1,0,0,1,1
param_20099,real_001,0.7583045902321339,0.4738440382250109,0.08503806736801249,0.12260270939952118,0.8513244320017228,423.8633105128456,1,1,1,0,1,1,0,0,0,1,0,1,1,1
param_20099,real_002,0.7937423121680203,0.5988302869443696,0.18732260302883874,0.20920799456815636,1.1230297534222913,109.75622492404457,1,1,0,1,1,1,0,1,1,1,0,1,1,1
param_20099,real_003,0.7254359924975461,0.4459605006085626,0.061664163458146654,0.09841265462150922,1.0852098743652103,342.87711506344704,1,1,1,1,1,0,0,1,0,1,0,1,1,1
param_20099,real_004,0.8074128336352385,0.513768013451324,0.13749259173062522,0.17044153428263137,0.7441261871251601,269.9251538948385,1,1,1,1,1,1,1,1,0,0,0,1,1,1
param_20099,real_005,0.8732538176558655,0.5674060035113728,0.2643114763041627,0.2960406749693148,0.556452923600085,123.26317146266065,1,1,1,1,1,1,1,1,0,1,0,1,1,0
param_20100,real_001,0.7679181510333898,0.5786138946541339,0.14990266085635898,0.19461840536749642,0.8424424765825791,273.3555062695465,1,1,1,0,1,1,1,1,0,0,0,1,1,1
param_20100,real_002,0.7826060021983504,0.6387376948044858,0.21872818879409273,0.25683645004000666,1.0465157299265475,178.81232281728052,1,1,1,1,1,1,0,1,1,1,0,1,1,1
param_20100,real_003,0.7485669062707347,0.5663742626060223,0.11974937694695406,0.17109235110012194,0.8945364256844778,90.00871384623892,1,1,1,1,1,1,1,1,1,1,0,1,1,1
param_20100,real_004,0.800401840392256,0.6034470609796941,0.16970578058726787,0.21224396522447017,0.7850455465587044,230.20226267753338,1,1,1,1,1,1,1,1,0,0,0,1,1,1
param_20100,real_005,0.8695220984066117,0.6569172946066011,0.29304108852804617,0.3385000140286769,0.5306857193811583,167.7327996563109,1,1,1,1,1,1,1,1,1,1,0,1,1,1
param_20101,real_001,0.748755200327942,0.6207758115928742,0.16673808844747195,0.2341111353444743,0.45977747852576256,13.458643872262526,1,1,1,1,1,1,1,1,1,1,1,1,1,1
param_20101,real_002,0.7944406673792572,0.6943279098367436,0.2301494871925026,0.3005837953445033,0.48448292572610085,270.2521102070284,1,1,1,1,1,1,1,1,1,1,1,1,1,1
param_20101,real_003,0.756705846869671,0.6478456717370339,0.17075301590112418,0.24623897646254173,0.38135628780204167,67.31419278807026,1,1,1,1,1,1,1,1,1,1,1,1,1,1
param_20101,real_004,0.8421917506187249,0.7084640630584557,0.2367633454690381,0.3125361837965694,0.318131017624805,355.3647349261076,1,1,1,1,1,1,1,1,1,1,1,1,1,1
param_20101,real_005,0.9122215801828183,0.801357104260898,0.381393735879647,0.45318885696139,0.23745096992030573,123.87262085945241,1,1,1,1,1,1,1,1,1,1,1,1,1,1
param_20102,real_001,0.7713100391947663,0.3909554852870613,0.062317944348269726,0.0960753720547955,0.5335386287473961,690.5546680301917,0,1,0,1,1,0,0,1,0,0,0,1,0,0
param_20102,real_002,0.8247649376988342,0.47129083638772207,0.20051639759270667,0.23340574719520807,0.30174714875030334,268.5093513519629,0,0,0,0,0,0,0,0,0,0,0,0,1,1
param_20102,real_003,0.763952816660301,0.37972760632668573,0.04058141989566362,0.053217903149080294,0.17098209770405584,821.8453836040007,1,0,0,0,1,0,0,0,1,0,0,0,1,1
param_20102,real_004,0.8167645455910361,0.4398610042030275,0.14536640954106125,0.17667894069111434,0.08773886534314819,182.1778683353708,0,0,0,0,1,0,0,0,0,1,0,0,1,1
param_20102,real_005,0.8028141988848941,0.3649701547222472,0.03921346727022391,0.06366470133880613,0.2218925457616287,730.0958633536687,0,0,0,0,0,0,0,0,0,0,0,0,1,0
param_20103,real_001,0.7623997757370021,0.4079470867162702,0.0807934834060808,0.1187438844841407,0.8240387670797585,585.5863600221643,0,1,0,1,1,0,1,1,0,1,0,1,0,0
param_20103,real_002,0.8101384298682595,0.4969955446565237,0.218194516262015,0.24579443957258484,0.3985221461385109,282.6234109399229,0,0,0,1,0,0,0,0,0,0,0,0,1,1
param_20103,real_003,0.7495053643505334,0.3875367295254854,0.044820048314347806,0.060323666461394046,0.10558019659554063,660.5550065386965,1,0,0,0,1,0,0,0,1,0,0,0,1,1
param_20103,real_004,0.8035663166511036,0.4554190057439564,0.1621724955171368,0.19233200949685428,0.3028596553531869,196.5046328057389,0,1,0,0,1,0,0,0,0,1,0,0,1,1
param_20103,real_005,0.7860700028918854,0.38124083204553166,0.06507662341705527,0.09741839963286844,0.07601521537987047,685.957089122506,0,0,0,0,0,0,0,0,0,0,0,0,1,0
param_20104,real_001,0.7630096327891244,0.42677835083447724,0.08645571600111225,0.12606313835664232,0.8137640405432927,586.9138621875541,0,1,0,1,1,0,1,1,0,1,0,1,0,0
param_20104,real_002,0.8104747663544282,0.5392318762510796,0.23331634703673512,0.26049518570637437,0.4165327505303079,272.36434749936404,0,0,0,1,0,0,0,0,0,0,0,0,1,1
param_20104,real_003,0.7486989850666604,0.4046216230598535,0.051313634642946034,0.0690889975547278,0.10985377323829819,652.325274431675,1,0,0,0,1,0,0,0,1,0,0,0,1,1
param_20104,real_004,0.8039226556775441,0.49031657553819435,0.16335710126779648,0.201057159430026,0.29381434697725645,176.69751579127265,0,0,0,0,1,0,0,0,0,1,0,0,1,1
param_20104,real_005,0.7837307166407329,0.415925208632829,0.06190112155839664,0.10073781747716744,0.08472403126017584,664.4869811790356,0,0,0,1,0,0,0,0,0,0,0,0,1,0
param_20105,real_001,0.7585008022845027,0.4816155239346287,0.11358142390663335,0.15552475123274562,0.8687625640842641,242.28314712374453,1,1,1,1,1,1,1,1,1,1,1,1,0,1
param_20105,real_002,0.8002863141857357,0.5944756558611882,0.2230995734874724,0.25898698380953034,0.7801965947563828,284.3274900521497,1,0,0,1,1,1,0,1,0,1,0,1,1,1
param_20105,real_003,0.7256716806085143,0.442530204598776,0.054096767438963515,0.08277997208323523,0.07621137402162602,300.1113057663221,1,0,1,0,1,0,0,0,1,0,0,1,1,1
param_20105,real_004,0.7746206803983232,0.5201303232466143,0.17054847828920852,0.20895561922349173,0.51421979104555,159.83194909353867,0,1,0,0,1,0,1,1,1,1,0,1,1,1
param_20105,real_005,0.7677874993169093,0.48531420063287434,0.13840546145567284,0.1869925149611163,0.3787060412141138,504.4736258122265,1,1,1,1,1,0,0,0,0,0,0,1,1,1
param_20106,real_001,0.7814711807334376,0.5976131763139315,0.17110221612016635,0.2277799025379572,0.7194934920795076,165.89318442224192,1,1,1,1,1,1,1,1,1,1,1,1,1,1
param_20106,real_002,0.8029796444946414,0.6903573123513218,0.27691498189424846,0.3142224232980708,1.008752612458446,140.80740281384973,1,1,0,1,1,1,1,1,0,1,0,1,1,1
param_20106,real_003,0.7442606457881488,0.5543863575075991,0.12066067243106286,0.17349969375155808,0.23695278244529067,226.14890377713522,1,0,1,0,1,0,0,1,1,0,0,1,1,1
param_20106,real_004,0.8005365123099298,0.6569851838943351,0.2306077854987972,0.2842265518072922,0.5773709728578549,170.63685932077547,1,1,0,0,1,1,1,1,1,1,1,1,1,1
param_20106,real_005,0.7695416061198334,0.6010093145308066,0.1879364808580344,0.24075263888465134,0.7063040188761509,441.1632733211246,1,1,1,1,1,1,0,1,0,0,0,1,1,1
param_20107,real_001,0.815541904941891,0.6981317404552239,0.22307867369923456,0.3009217714747825,0.4004807937560578,23.29737144777335,1,1,1,1,1,1,1,1,1,1,1,1,1,1
param_20107,real_002,0.8109604700585215,0.7455643295425218,0.2588845797974768,0.3311332743762511,0.4761674775382648,153.4914615151697,1,1,1,1,1,1,1,1,1,1,1,1,1,1
param_20107,real_003,0.7406587450797053,0.6193016845716339,0.15443629739298184,0.23028229677026132,0.22891091875551717,166.7826704695441,1,1,1,1,1,1,1,1,1,1,1,1,1,1
param_20107,real_004,0.8145156377316072,0.7323598730112001,0.2627720889072683,0.33383082627429245,0.3856303466751362,78.95060825011366,1,1,1,1,1,1,1,1,1,1,1,1,1,1
param_20107,real_005,0.8096495583319434,0.719349225599516,0.2794102601085843,0.3577636448008141,0.3098712617943387,186.53807449209734,1,1,1,1,1,1,1,1,1,1,1,1,1,1
param_20108,real_001,0.8172128980311385,0.3478924085717425,0.03515369360523973,0.06129909878962605,0.8425467198193424,843.4049689093931,0,1,0,1,0,1,0,0,0,1,0,0,0,1
param_20108,real_002,0.8345456915710724,0.44448637157437704,0.043538211777708134,0.07432893215651401,0.7961041325323138,207.6970528819109,0,0,0,1,0,0,0,1,0,0,0,0,0,1
param_20108,real_003,0.8289513981371438,0.33307707641829865,0.03765414463127788,0.05377210918804314,0.3961907334864244,613.6356297877661,1,0,0,0,1,0,0,1,0,0,0,0,0,1
param_20108,real_004,0.9085206071564079,0.5379285884882943,0.24182369743775936,0.27001336293688444,0.3430926198314305,181.27133452958935,0,0,0,0,0,0,0,0,0,0,0,0,1,1
param_20108,real_005,0.8322197560347555,0.3439515404690857,0.03213320771744682,0.057179520883154186,0.029805039973818316,835.6541024097601,0,0,0,0,0,0,0,0,0,0,0,0,1,1
param_20109,real_001,0.8092911426717845,0.36903694275267623,0.04785475345550196,0.07454490513827229,1.0677359575691738,773.6821732272947,0,1,0,1,0,1,0,0,0,1,0,0,0,1
param_20109,real_002,0.8274384475638302,0.4583227703942903,0.051158504248337636,0.08230708912474656,1.097253662495195,209.2578069456782,0,0,0,1,0,0,0,1,0,0,0,1,0,1
param_20109,real_003,0.8172187155330783,0.3363317934072076,0.036498148351327184,0.053843640163171724,0.5501034584688147,551.2957786312872,1,0,0,0,1,0,0,1,0,0,0,0,0,1
param_20109,real_004,0.9094994421031508,0.5572786500090079,0.25386683180896996,0.28131971689428914,0.37226451514954345,157.76568370983472,0,0,0,0,0,0,0,0,0,0,0,0,1,1
param_20109,real_005,0.8287106991501793,0.3647484538775459,0.03727300016256624,0.0654382935774671,0.02180598266703942,829.0773022541334,0,0,0,0,0,0,0,0,0,0,0,0,1,1
param_20110,real_001,0.8072043411019277,0.3932698962732125,0.05845418947113399,0.08397534476887754,0.9648595823474951,725.453747717966,0,1,0,1,0,1,0,0,0,1,0,0,0,1
param_20110,real_002,0.8221257696524709,0.47677671333652927,0.059531596836831,0.09197743745324416,0.9897015509464274,189.55377978558246,0,0,0,1,0,0,0,1,0,0,0,1,0,1
param_20110,real_003,0.8131834510509535,0.3582746722885254,0.045806939829967794,0.06499024337584781,0.5193729003359463,522.9143993474769,1,0,0,0,1,0,0,1,0,0,0,0,0,1
param_20110,real_004,0.9050150677631805,0.5813150829207949,0.25678938478846186,0.28028863347334243,0.41256103438881786,135.42715915460752,0,0,0,0,0,0,0,0,0,0,0,0,1,1
param_20110,real_005,0.8237719634257645,0.38379190056532586,0.040579008393319904,0.0735260523260707,0.05375300620226995,946.9026911022603,0,0,0,0,0,0,0,0,0,0,0,0,1,1
param_20111,real_001,0.7791809064741018,0.4611629777888045,0.08507492189550718,0.11635199147653992,1.1493754032021581,600.4834326502622,1,1,1,1,1,1,1,0,0,1,0,1,0,1
param_20111,real_002,0.7891340329783277,0.5119534984727974,0.08160663975953802,0.11609641369697882,1.4151963315011085,136.0926339995981,1,1,1,1,1,1,1,1,0,1,0,1,0,1
param_20111,real_003,0.7640920158749155,0.39212634059282103,0.04223404818720741,0.06898972723788428,0.6285286442889337,325.31945820544587,1,0,1,0,1,1,0,1,0,0,0,1,0,1
param_20111,real_004,0.9078260589918831,0.6435799806230652,0.28804595223834145,0.31653262668568644,0.433255975165014,107.05319425858903,1,1,1,1,1,1,1,1,0,0,0,1,1,1
param_20111,real_005,0.8101426325514781,0.46269281368207305,0.06808924638705008,0.1288693837875933,0.22542730316034745,560.1578204926211,1,1,1,0,1,1,1,0,0,1,0,1,1,1
param_20112,real_001,0.7837389891759295,0.5528211859273783,0.13234025072425987,0.17502142636244616,0.9251012893612305,387.74862534952774,1,1,1,1,1,1,1,1,0,1,0,0,1,1
param_20112,real_002,0.7931537198827254,0.6065513843761556,0.1351481118534026,0.17853757966513256,0.9932752964925562,136.78657086699525,1,1,1,1,1,1,1,1,0,0,0,1,1,1
param_20112,real_003,0.7756271548853586,0.505324833743468,0.10733100138770833,0.15429888139450143,0.5048295280651283,228.94044612663913,1,0,1,0,1,1,1,1,0,0,0,1,1,1
param_20112,real_004,0.9032438830418549,0.7405376250625405,0.32264651074657036,0.3601033402803675,0.47663527286801705,68.96972151550861,1,1,1,1,1,1,1,1,0,1,0,0,1,1
param_20112,real_005,0.8101695063902382,0.5501699109262709,0.14629641723454254,0.217420071471813,0.5009774846062799,652.3679696000406,1,1,1,1,1,1,1,1,0,0,0,1,1,1
param_20113,real_001,0.7728673469893118,0.6553180155754973,0.17697299166968336,0.24889588174603772,0.4022652714254927,237.63571409925686,1,1,1,1,1,1,1,1,1,1,1,1,1,1
param_20113,real_002,0.7606766246157426,0.6479078994113909,0.16685845845980704,0.23647451547869525,0.46209952453262304,50.857733919891366,1,1,1,1,1,1,1,1,1,1,1,1,1,1
param_20113,real_003,0.7329130659656116,0.5737875967188213,0.13044522421556148,0.20436719823035585,0.3547741899859501,117.09158025177004,1,1,1,1,1,1,1,1,1,1,1,1,1,1
param_20113,real_004,0.913571442417068,0.8223270841656682,0.36652156063739677,0.42883075461863307,0.2221050437171202,41.7966593728356,1,1,1,1,1,1,1,1,1,1,1,1,1,1
param_20113,real_005,0.8089081119376096,0.666956753585248,0.22487598586659552,0.30169869081163125,0.19540736236667888,161.92229024221177,1,1,1,1,1,1,1,1,1,1,1,1,1,1
param_20114,real_001,0.7837051909479635,0.354893954745533,0.027558012813666596,0.05293326897486771,0.7047969703345256,629.6632386266643,0,1,1,1,0,0,1,0,0,1,0,1,0,1
param_20114,real_002,0.8154568263026352,0.47714693624871807,0.05088993342240951,0.08405698235079324,0.6410196544551513,212.1911906187734,1,0,1,1,0,0,0,0,0,1,0,0,0,1
param_20114,real_003,0.8020822737637633,0.3789183502332724,0.027772342832887324,0.043710016828894,0.13920147370950303,539.7568513608625,1,0,0,0,1,0,0,1,0,0,0,0,0,1
param_20114,real_004,0.896209463415023,0.5395877039577911,0.2557645677280917,0.2810645097047658,0.21969071218795888,317.87133204699796,0,0,0,0,0,0,0,0,0,0,0,0,1,1
param_20114,real_005,0.8318364002130306,0.40581820326512114,0.03980192936639283,0.061886125093489584,0.04077707251394499,627.8357700688714,0,0,0,0,0,0,0,0,0,0,0,0,1,1
param_20115,real_001,0.7771971830559048,0.37917196459589575,0.04044901417858712,0.07121429802931209,0.8558255213315478,519.57874411299,0,1,1,1,1,1,1,0,0,1,0,1,0,1
param_20115,real_002,0.8056831879364995,0.4846920899393673,0.055667115512598786,0.0906713031051608,0.8273134089819403,179.15952289780336,1,0,1,1,0,0,0,0,0,1,0,0,0,1
param_20115,real_003,0.7879224280264946,0.3801028203459395,0.029819204917378397,0.0462202788194217,0.20795913474837258,471.6516700766212,1,0,0,0,1,0,0,1,0,0,0,0,0,1
param_20115,real_004,0.8944240830042822,0.5522907037522475,0.2730407513025298,0.2988271002922897,0.30543994618909487,285.4474548319517,0,0,0,0,0,0,0,0,0,0,0,0,1,1
param_20115,real_005,0.8194359072745263,0.4129484301279128,0.047476664814908566,0.07290198476463135,0.03582944420873992,665.0793996497882,1,0,0,0,0,0,0,0,0,0,0,0,1,1
param_20116,real_001,0.7730892730711736,0.3980319813037104,0.04547815873505663,0.07991232518552256,0.9167779261237206,506.38407085348746,0,1,1,1,1,1,1,0,0,1,0,1,0,1
param_20116,real_002,0.804284334769948,0.508199720791792,0.07048270739084486,0.10726148809129928,0.7374817148644087,147.43560635108065,1,0,1,1,0,0,0,0,0,1,0,0,0,1
param_20116,real_003,0.7827348871557989,0.3905390306029524,0.033038819096043184,0.0522318242726071,0.19661124754854326,461.48522398097754,1,0,0,0,1,0,0,1,0,0,0,0,0,1
param_20116,real_004,0.8894947110143154,0.5683590330004156,0.28040887659168284,0.3071002830284407,0.31691010080230403,246.3150702850299,0,0,0,0,0,0,0,0,0,0,0,0,1,1
param_20116,real_005,0.8178098829534484,0.43818202176101884,0.05288627471403769,0.0805574719487976,0.060177435554067626,682.3470413580851,1,0,0,0,0,0,0,0,0,0,0,0,1,1
param_20117,real_001,0.7525301588808557,0.45884515451860053,0.07725452341922719,0.11612311681426006,0.8784855494268067,450.8420547170392,0,1,1,1,1,1,1,0,0,1,1,1,0,1
param_20117,real_002,0.7722969330397847,0.5320265305719469,0.07851742374900898,0.1184098269011027,1.0702763113392055,158.83169482805735,1,1,1,1,1,1,1,1,0,1,0,1,0,1
param_20117,real_003,0.7445998351522767,0.41210400639313155,0.03747101965077058,0.061065609744735114,0.23276952872821174,321.4075688749159,1,0,1,0,1,0,0,1,1,0,0,1,0,1
param_20117,real_004,0.8909809503180433,0.6138813906767288,0.28331320932571913,0.31168845191005873,0.4548607097445382,273.4045442414257,1,1,0,1,1,1,1,1,0,1,0,1,1,1
param_20117,real_005,0.7892486903878791,0.47812571786528885,0.07544060789762823,0.12211980943294902,0.06952256282635902,633.7531091262192,1,1,0,0,1,0,0,0,0,0,0,1,1,1
param_20118,real_001,0.7615466153878861,0.5623246675766229,0.12896136217241136,0.1809668734336222,0.7144123925775905,305.0952070914707,1,1,1,1,1,1,1,1,0,1,1,1,1,1
param_20118,real_002,0.7895716385626207,0.6440802196509675,0.14855988980623105,0.19492491903308765,0.8128111113809096,129.3970441025908,1,1,1,1,1,1,1,1,0,1,0,1,1,1
param_20118,real_003,0.7467378604069403,0.5151110087785628,0.08749159373223288,0.1344521814171963,0.19595189205045468,281.35672981882374,1,0,1,0,1,0,0,1,1,0,0,1,1,1
param_20118,real_004,0.8893927464073873,0.7186168202668789,0.34432939547445296,0.38151023032714404,0.4915658938612031,145.57260498847162,1,1,0,1,1,1,1,1,0,1,0,1,1,1
param_20118,real_005,0.7925334518117458,0.5856869025203381,0.14749806453667705,0.21485405990120426,0.3934137489325363,603.2483597610145,1,1,0,0,1,0,0,1,0,0,0,1,1,1
param_20119,real_001,0.7683374030010297,0.6460357130711776,0.18248826152157996,0.25777098651030916,0.33232220896703457,271.60242390936855,1,1,1,1,1,1,1,1,1,1,1,1,1,1
param_20119,real_002,0.7529299200841586,0.648937280805238,0.16851161433520376,0.23663076397743354,0.469603043686479,144.51561514723537,1,1,1,1,1,1,1,1,1,1,1,1,1,1
param_20119,real_004,0.904671951761716,0.7992042539916386,0.3565337102327967,0.41691883538703756,0.19053727024004347,106.45800601304362,1,1,1,1,1,1,1,1,1,1,1,1,1,1
param_20119,real_005,0.7994789388884139,0.6709007376517548,0.21727001405956933,0.2922011017020986,0.25828168918690103,236.76209795271416,1,1,1,1,1,1,1,1,1,1,1,1,1,1
param_20120,real_001,0.7789058760842889,0.3584189622512978,0.04941145982733152,0.0669925931179196,1.0613899501297792,311.17140871489954,0,0,0,1,0,1,0,0,0,0,0,1,1,1
param_20120,real_002,0.7970830682775931,0.4802133581610201,0.057259467555161384,0.08231613749881571,0.5116522366522367,384.58720903834944,1,0,0,1,1,0,1,1,1,1,0,1,0,1
param_20120,real_003,0.7899597494460068,0.3721719169898847,0.02900596772307101,0.04403375716851425,0.7360709816858151,255.4804376590695,1,0,0,0,0,1,0,1,0,1,0,0,0,1
param_20120,real_004,0.7998846405462355,0.37513690646831904,0.05586013804708366,0.07846102840867039,0.6156361905156176,771.0968491995786,1,0,0,0,1,1,0,1,0,0,0,1,0,1
param_20120,real_005,0.8488580003823404,0.41672342256247047,0.12184138093376021,0.15854766725766414,0.4210717309785896,351.726754513941,0,0,1,1,0,0,1,1,0,1,0,1,1,1
param_20121,real_001,0.7625166875758406,0.37774244262360823,0.06264954366809629,0.08130176928553681,1.2850995158687466,185.16701041316654,0,1,1,1,0,1,0,0,0,0,0,1,1,1
param_20121,real_002,0.7880707363910244,0.49587334461473026,0.07745532199093658,0.10315170090572541,0.7455420183245214,324.68103943315043,1,0,1,1,1,0,1,1,1,1,0,1,0,1
param_20121,real_003,0.7806452473684494,0.3791727457810606,0.03577787072208133,0.051354712543301,0.8616867469879518,222.7200643071045,1,0,0,0,0,1,0,1,0,1,0,0,0,1
param_20121,real_004,0.7972983738433254,0.39037651134654466,0.06594087903595314,0.0878548089835735,0.8591996095656418,710.7327208903516,1,0,0,0,1,1,0,1,0,0,0,1,0,1
param_20121,real_005,0.8443455295281831,0.432781572520237,0.12970302983131887,0.170177328883314,0.5652670612030863,394.9059389077072,0,0,1,1,0,0,1,1,0,1,0,1,1,1
param_20122,real_001,0.756676704402443,0.38457236792211263,0.05738618320660372,0.07980679582865545,1.218211711142026,197.28711261358552,0,1,1,1,0,1,0,0,0,0,0,1,1,1
param_20122,real_002,0.7864137554359817,0.5256522917872286,0.09180685097845817,0.11810171404850284,0.6880254487616451,306.98659924810266,1,0,1,1,1,0,1,1,1,1,0,1,0,1
param_20122,real_003,0.7739336983916617,0.39249548431886716,0.036585355766699273,0.0533491221460302,0.7472062515183415,320.18628999419036,1,0,0,0,0,1,0,1,0,1,0,0,0,1
param_20122,real_004,0.7900762956473945,0.40382356485481374,0.06815693215091248,0.09344761206347636,0.8171218390804598,668.0012543479701,1,0,0,0,1,1,0,1,0,0,0,1,0,1
param_20122,real_005,0.831890525018116,0.4494106171589397,0.14184538553146406,0.18323617678274653,0.5303327877795962,357.1027490706757,0,0,1,1,0,0,1,1,0,1,0,1,1,1
param_20123,real_001,0.743788926649591,0.46011717598266655,0.08845381329396589,0.11868480540998128,1.364404869251578,106.49569411682481,0,1,1,1,0,1,1,0,0,1,0,1,1,1
param_20123,real_002,0.7772199461900148,0.568681965939551,0.11060988315741166,0.1487154618724306,0.8651714149439862,230.53972180518082,1,1,1,1,1,0,1,1,1,1,0,1,0,1
param_20123,real_003,0.7537709019967244,0.42556242725918964,0.051602188367260896,0.077155222901931,0.9883248065066247,132.7031432867037,1,0,1,1,1,1,0,1,0,1,0,1,0,1
param_20123,real_004,0.7884848181261711,0.4379813409383131,0.08745739324512983,0.12018219188038085,0.8781076416976756,509.0371388289519,1,0,0,1,1,1,1,1,0,0,0,1,1,1
param_20123,real_005,0.8467536663949454,0.521645608106748,0.17725273241169454,0.23006590126135926,0.6925735412313133,464.6062921134657,1,1,1,1,0,1,1,1,0,1,1,1,1,1
param_20124,real_001,0.7332770527280165,0.5232849027210946,0.11367628296285921,0.15616935776900842,1.347420085223677,261.344982499325,1,1,1,1,0,1,1,1,0,1,0,1,1,1
param_20124,real_002,0.7965699845640535,0.6640398647376742,0.1783207043963769,0.22786781474075748,0.6546956634666293,224.67368982615642,1,1,1,1,1,1,1,1,1,1,0,1,1,1
param_20124,real_003,0.7420290828315607,0.5197870869672003,0.08088011809939522,0.12911378109494234,0.7359770826505468,152.8915353683637,1,1,1,1,1,1,1,1,0,1,0,0,1,1
param_20124,real_004,0.7858408694946736,0.5493234353927976,0.14411154888417257,0.18768774318483608,0.9676495265492029,345.3828244007602,1,1,1,1,1,1,1,1,0,0,0,1,1,1
param_20124,real_005,0.8322704464309588,0.6326999981055542,0.243966992194845,0.2888134281143014,0.6212860359366033,247.89023767147575,1,1,1,1,0,1,1,1,0,1,1,1,1,1
param_20125,real_001,0.7722944238976934,0.6534401560659697,0.17353718980357122,0.24527651628451935,0.5871378091872792,24.489048310213345,1,1,1,1,1,1,1,1,1,1,1,1,1,1
param_20125,real_002,0.8047309875248626,0.7138151751310723,0.20860152610177377,0.2799385577028354,0.3146632505397006,98.17980891141781,1,1,1,1,1,1,1,1,1,1,1,1,0,1
param_20125,real_003,0.7403952726624341,0.5601173028792925,0.12365160343320979,0.1921088917755478,0.5527526318376864,2.8239555687392555,1,1,1,1,1,1,1,1,1,1,0,1,0,1
param_20125,real_004,0.8028758615624486,0.6283453398340303,0.18780141756214294,0.26086066144037223,0.38616740368402636,189.0371395952161,1,1,1,1,1,1,1,1,1,1,1,1,1,1
param_20125,real_005,0.8761129775913156,0.7662097072721088,0.3274376523274548,0.4029268956219995,0.2561689137624014,197.8689129604316,1,1,1,1,1,1,1,1,1,1,1,1,1,1
param_20126,real_001,0.8527155363273659,0.37358543637636143,0.03420784524824755,0.05762337854649084,0.6218293974128803,443.002796708305,0,0,0,1,0,1,0,1,0,0,0,0,0,0
param_20126,real_002,0.8593660897552181,0.42738321293432835,0.10736499241127362,0.1343717911841189,0.6269766421756772,451.0019601930202,0,0,0,0,0,0,0,1,0,0,0,1,1,1
param_20126,real_003,0.830465196402406,0.3398487413707984,0.03270926823666934,0.059039620015256714,0.6762579797221179,530.4176561643563,0,1,0,0,0,1,0,0,0,0,0,0,0,1
param_20126,real_004,0.8217252452376057,0.32326135240018306,0.02508451715163,0.04158377401403225,0.41254672008236165,289.9906113297947,0,0,0,0,0,0,0,0,0,0,0,0,0,1
param_20127,real_001,0.8498018498573525,0.3989153672258069,0.04626992169155776,0.07321892686712332,1.016227441073837,463.15398918205494,0,0,0,1,0,1,0,1,0,0,0,0,0,1
param_20127,real_002,0.8538718256406294,0.44117476563352687,0.11145846519677655,0.13616296904656358,0.7471541911003794,389.59392293800875,0,0,0,0,0,0,0,1,0,0,0,1,1,1
param_20127,real_003,0.8268274253865507,0.36063897568038283,0.03958917581644452,0.06879769232294468,0.7797125010695645,511.1228382726927,0,1,0,0,0,1,0,0,0,0,0,0,0,1
param_20127,real_004,0.8138403319354558,0.33276839814386455,0.02668463408561082,0.04675323864366913,0.5129743013036778,312.67978762546056,0,0,0,0,1,0,0,0,0,0,0,0,0,1
param_20127,real_005,0.8506777770350614,0.4104201829196756,0.13055964088770497,0.1827545858591087,0.28376209183457946,928.2829005247028,0,1,0,0,0,0,0,1,0,0,0,0,0,1
param_20128,real_001,0.8408469045634429,0.41016962104581767,0.04858690334020929,0.07746897741069053,1.0022311744654477,447.47705592846614,0,0,0,1,0,1,0,1,0,0,0,0,0,1
param_20128,real_002,0.8519910130153956,0.47569946785893097,0.12766976056633203,0.1577766955715941,0.6971300870383439,398.38168820459157,0,0,0,0,0,0,0,1,0,0,0,1,1,1
param_20128,real_003,0.8192069987830551,0.3824447982709716,0.04405184281496424,0.07486190465175963,0.7558327128319682,434.85482884768,0,1,0,0,0,1,0,0,0,0,0,0,0,1
param_20128,real_004,0.8073453823174589,0.3592330922232644,0.03109226002484632,0.053859071817515855,0.47349033816425123,295.0616194665349,0,0,0,0,1,0,0,0,0,0,0,0,0,1
param_20128,real_005,0.8518486465672267,0.4468127188411677,0.1616726615612153,0.21053401482682177,0.32034917236267807,849.1900855378145,0,1,0,0,0,0,0,1,0,0,0,0,0,1
param_20129,real_001,0.8326166568636184,0.49285138701531817,0.07683500584033814,0.10272677370150607,1.4926470588235294,421.42298465923466,1,1,1,1,1,1,1,1,0,1,0,1,0,1
param_20129,real_002,0.8199402177769929,0.4957861239331736,0.10731135838048843,0.14342670689776293,0.8216045536927956,142.24479285278218,1,0,1,1,1,1,1,1,0,1,0,1,0,1
param_20129,real_003,0.8062322968737946,0.4417311070829079,0.0743393155587723,0.10770108938296437,0.947103796045724,440.69049480349264,1,1,1,0,1,1,1,1,0,1,0,1,0,1
param_20129,real_004,0.7675658907662998,0.39852421920809505,0.04317506963363713,0.06916994225779598,0.6809996486296557,327.6908910454126,1,0,1,0,1,1,1,1,0,1,0,1,0,1
param_20129,real_005,0.8289430462956081,0.4885355794549928,0.17582517424540559,0.2232083276433332,0.46958144649083466,755.8889077140065,1,1,1,1,1,1,1,1,0,0,0,1,0,1
param_20130,real_001,0.8139041005587829,0.5562576752723508,0.11372522967254138,0.1534190729578196,1.1020830734688787,329.7913504760036,1,1,1,1,1,1,1,1,0,1,0,1,1,1
param_20130,real_002,0.8436591355815688,0.6393741700481177,0.20333520285508602,0.2526135324277215,0.6081890772753699,209.73187571165323,1,1,1,1,1,1,1,1,0,1,0,1,1,1
param_20130,real_003,0.8008371824281559,0.5466643154906077,0.1292647146277398,0.1754917373318634,0.8812255721305501,228.7101912137216,1,1,1,1,1,1,1,1,0,1,0,1,1,1
param_20130,real_004,0.775357982478799,0.5217241540895475,0.09438087941159919,0.14559719275705166,0.5800308166409861,164.7510505053613,1,1,1,0,1,1,1,1,0,0,0,1,1,1
param_20130,real_005,0.8575880824664934,0.6517956770749568,0.26293015977686535,0.3230731716082766,0.3819669083472764,517.8864986261709,1,1,1,1,1,1,1,1,0,0,0,1,1,1
param_20131,real_001,0.822061869175755,0.664659048796329,0.1638183382355767,0.23758463964810755,0.44697320059391965,339.90586285993356,1,1,1,1,1,1,1,1,1,1,1,1,1,1
param_20131,real_002,0.7956258639017912,0.6616424477612718,0.1999129028261282,0.26783891767614404,0.3422362170978226,73.3064956177299,1,1,1,1,1,1,1,1,1,1,1,1,1,1
param_20131,real_003,0.8074246079696651,0.6491363003071428,0.17921983604704508,0.252156541199191,0.38748830552474894,66.93649215004073,1,1,1,1,1,1,1,1,1,1,1,1,1,1
param_20131,real_004,0.7349139232286896,0.5778482869956897,0.12770212296459163,0.19826716212483275,0.36412746212703195,175.89055635524738,1,1,1,1,1,1,1,1,1,1,1,1,1,1
param_20131,real_005,0.8365789056673887,0.709204317684243,0.2850687384996921,0.3565492593304594,0.15292673433336326,332.04634548615877,1,1,1,1,1,1,1,1,1,1,1,1,1,1
param_20132,real_002,0.8183337278719814,0.4122750405531621,0.05378791198786079,0.08177610529353586,0.5089585044737017,521.533908621509,0,0,0,0,0,0,0,0,0,1,0,0,1,1
param_20132,real_003,0.8062419473477773,0.36803942109848414,0.03295713271678577,0.04893243800200622,0.05521460128340963,556.5164595423754,1,0,0,0,1,0,0,1,0,0,0,0,0,1
param_20132,real_004,0.9007707999923587,0.5608686059703127,0.31392703503425584,0.34620196345207,0.06384722958962241,319.91956787480103,0,0,0,0,0,0,0,0,0,0,0,0,1,1
param_20132,real_005,0.8413122865238206,0.40667884039729585,0.05881089562350798,0.08742307213917239,0.15449775112443778,581.4065099194713,0,0,0,0,0,0,0,0,0,0,0,0,1,1
param_20133,real_001,0.7893136521939051,0.3597720429092508,0.05271571965879431,0.0848477716640393,0.8871460031681027,371.88435964540224,0,1,1,1,1,1,1,0,0,1,0,1,0,1
param_20133,real_002,0.807141577008093,0.43662500800103676,0.05957280689951022,0.09133263441215846,0.7158898348339152,417.80693586798157,0,0,0,1,0,0,0,0,0,1,0,0,1,1
param_20133,real_003,0.7897459847316781,0.3696454738260473,0.03614485141654058,0.05356433031934823,0.01756285987617552,498.0302590202461,1,0,0,0,1,0,0,1,0,0,0,0,0,1
param_20133,real_004,0.9009941061703621,0.5899149968063686,0.33340707638332295,0.368355433950641,0.17442165566099618,332.6998921551847,0,0,0,0,0,0,0,0,0,0,0,0,1,1
param_20133,real_005,0.8291315143887633,0.410328557141758,0.0749132152149639,0.10449608950698386,0.13801374303124594,618.5170156303564,0,0,0,0,0,0,0,0,0,0,0,0,1,1
param_20134,real_001,0.7844188748401854,0.37375211886748766,0.05387096390610249,0.08810342632876804,0.8389548961090152,362.67977436211265,0,1,1,1,1,1,1,0,0,1,0,0,0,1
param_20134,real_002,0.8069273070107796,0.4623197031869389,0.07716638355401338,0.1080387995339861,0.6807539920758795,380.634002975724,0,0,0,1,0,0,0,0,0,1,0,0,1,1
param_20134,real_003,0.7840816514821437,0.3802560120280453,0.03870820960925153,0.05897521281324874,0.00024354603019970775,489.41799737631413,1,0,0,0,1,0,0,1,0,0,0,0,0,1
param_20134,real_004,0.8961305168365193,0.6084869253036195,0.3394439111090302,0.3706793832080525,0.1971288364685119,309.8026085755999,0,0,0,0,0,0,0,0,0,0,0,0,1,1
param_20134,real_005,0.8295205760652367,0.43377713949164315,0.0824267719765571,0.11493895379532837,0.14374611076540136,562.0457345590704,0,0,0,0,0,0,0,0,0,0,0,0,1,1
param_20135,real_001,0.774414489342129,0.46970185539021586,0.10417010765365879,0.1428387509581318,0.8033588596557738,364.48091523458686,0,1,1,1,1,1,1,0,0,1,1,1,0,1
param_20135,real_002,0.7710046484217346,0.519235352281747,0.08087437500306154,0.12086438887821606,1.0156784207138259,234.3534859402956,1,0,1,1,1,1,1,1,0,1,0,1,1,1
param_20135,real_003,0.7481469598640615,0.415930753909141,0.04842893523403159,0.07521807356650122,0.006269516299527356,434.35412428728523,1,0,1,0,1,0,0,1,1,0,0,1,1,1
param_20135,real_004,0.8961476888500889,0.6678828666393359,0.3451052016574691,0.36651227325206853,0.38199961676223043,346.5602193090465,1,1,0,1,1,1,0,1,0,1,0,1,1,1
param_20136,real_001,0.784520501805678,0.559415030928089,0.1491382583433989,0.203106708100672,0.6829653868688991,216.99149373055008,1,1,1,1,1,1,1,1,0,1,1,1,1,1
param_20136,real_002,0.7912148093293981,0.6247487446287802,0.1527289587795687,0.1946326077741,0.9330807919220876,111.82896789642535,1,1,1,1,1,1,1,1,0,1,0,1,1,1
param_20136,real_003,0.7521044438053298,0.5113592834604315,0.09785582071648552,0.1472341072497529,0.0886012578353967,314.8130710652964,1,0,1,0,1,0,0,1,1,0,0,1,1,1
param_20136,real_004,0.8950280499756836,0.7505308241055666,0.388251711347049,0.42349633281084814,0.49314030469809367,158.5974766492515,1,1,0,1,1,1,1,1,0,1,0,1,1,1
param_20136,real_005,0.816029363110263,0.6034908101444784,0.18977325127866582,0.2631173663160347,0.3469675975271797,407.62434845107794,1,1,0,0,1,0,0,1,0,0,0,1,1,1
param_20137,real_001,0.8019444561223389,0.6791675228976665,0.2154397359584304,0.2903218813735092,0.3133035761919158,180.86694952014955,1,1,1,1,1,1,1,1,1,1,1,1,1,1
param_20137,real_002,0.7600360518377631,0.6601601989836232,0.16960082262337473,0.23814518374992286,0.48420172533362715,103.02244508573558,1,1,1,1,1,1,1,1,1,1,1,1,1,1
param_20137,real_003,0.7402363695976126,0.5898035199992391,0.1485918850299,0.22767420587854395,0.23278351282019505,300.74436901954874,1,1,1,1,1,1,1,1,1,1,1,1,1,1
param_20137,real_004,0.9091269150222007,0.8214505204347752,0.3841456346180404,0.45001778628954353,0.17595105217346782,133.8870963374653,1,1,1,1,1,1,1,1,1,1,1,1,1,1
param_20137,real_005,0.8266179973000072,0.7101713337019521,0.26468224804164575,0.3407322933411126,0.19939142646960475,207.35137109296613,1,1,1,1,1,1,1,1,1,1,1,1,1,1
param_20138,real_001,0.7847237330938254,0.3508903410530546,0.028525662148563943,0.06344960928597249,0.3464584888446546,778.9154893072969,0,1,0,1,1,0,0,0,0,1,0,0,1,1
param_20138,real_002,0.8086559425355491,0.4217981609888657,0.0666497133363664,0.09564922766887549,0.28680688336520077,379.4817756326744,0,0,0,0,0,0,0,0,0,1,0,0,1,1
param_20138,real_003,0.8052748815834044,0.3989486693598236,0.038658775646155476,0.056096857222726434,0.3085982225614743,620.5526757893897,1,0,0,0,1,0,0,0,0,0,0,0,0,1
param_20138,real_004,0.9014225059536598,0.5664872877746997,0.33024027058238753,0.35835042686062,0.08066581306017925,311.222055715689,0,0,0,0,0,0,0,0,0,0,0,0,1,1
param_20138,real_005,0.8310443487254864,0.41570921458312976,0.04139345922906643,0.063527357717358,0.2970032019211527,664.4802042566139,0,0,0,0,0,0,0,0,0,0,0,0,1,0
param_20139,real_001,0.7775308277199112,0.3787298217738627,0.058010032358129474,0.09382746435034402,0.6131621768215513,490.8691095325295,0,1,1,1,1,1,1,0,0,1,0,0,1,1
param_20139,real_002,0.7938798162270553,0.4384472885426915,0.07357346998529149,0.10526629782646701,0.5201112925663823,258.8407797627938,1,0,0,1,0,0,0,0,0,1,0,0,1,1
param_20139,real_003,0.7863658208676629,0.3978605293259032,0.042496171645268,0.060916491225470326,0.2561173748215253,528.2824920640616,1,0,0,0,1,0,0,0,0,0,0,0,0,1
param_20139,real_004,0.897334927012574,0.5879902987804828,0.3586790511162251,0.38888850603550223,0.0067699135081284246,335.06600264509837,0,0,0,0,0,0,0,0,0,0,0,0,1,1
param_20139,real_005,0.8153687332890975,0.4125916615970908,0.06421659254935327,0.09186863881206916,0.2538089377413742,676.2926488783924,0,0,0,0,0,0,0,0,0,0,0,0,1,0
param_20140,real_001,0.7713894955717234,0.38905844367913744,0.05734899430084651,0.09550578339676412,0.6325920122504941,471.32712343488095,0,1,1,1,1,1,1,0,0,1,0,0,1,1
param_20140,real_002,0.7923747560288475,0.4649794553642972,0.08840162234157395,0.11978732386165296,0.5201526023443832,241.83822568496765,1,0,0,1,0,0,0,0,0,1,0,0,1,1
param_20140,real_003,0.778817916463576,0.40956623444417384,0.04442769010664768,0.064474792015838,0.23199071719226858,571.7401451712917,1,0,0,0,1,0,0,0,0,0,0,0,1,1
param_20140,real_004,0.8945417686402903,0.6108338044981341,0.3697062662223406,0.40416344251763286,0.06240954734709327,314.64778852003116,0,0,0,0,0,0,0,0,0,0,0,0,1,1
param_20140,real_005,0.8158949314994188,0.4380465556460724,0.06986420322265975,0.10111976024101922,0.2528501543177476,629.1423591570287,0,0,0,0,0,0,0,0,0,0,0,0,1,0
param_20141,real_001,0.7614585718194989,0.469317645107313,0.1135023338275051,0.1545542880185469,0.6236083306992589,364.5578677780147,0,1,1,1,1,1,1,0,1,1,1,1,1,1
param_20141,real_002,0.7595321989209717,0.5141140622793199,0.08746227475533593,0.1253269224405809,0.9420405094767887,142.75526093886336,1,0,0,1,1,1,1,1,0,1,0,1,1,1
param_20141,real_003,0.7445456365099227,0.4303586129860016,0.05449988603518666,0.08150935026380932,0.18696212198930798,494.3712632303022,1,0,1,0,1,0,0,1,1,0,0,1,1,1
param_20141,real_004,0.887475218015724,0.6546417936856858,0.37959728224235223,0.4004991847452708,0.42549053710057394,369.97109815063965,1,1,0,1,1,1,0,1,0,1,0,1,1,1
param_20142,real_001,0.776780989561893,0.5745557971380015,0.15596108642831397,0.2140189159516318,0.5919336561244463,191.19439521348227,1,1,1,1,1,1,1,0,1,1,1,1,1,1
param_20142,real_002,0.7758464266626085,0.6235118360723364,0.16111320314138836,0.20446347997081454,0.8819124644410711,79.33653520619981,1,1,0,1,1,1,1,1,0,1,0,1,1,1
param_20142,real_003,0.7458808950961848,0.532662984291519,0.09837400008103543,0.14884864226595831,0.02356185591949296,376.3544149255805,1,0,1,0,1,0,0,1,1,0,0,1,1,1
param_20142,real_004,0.8895222961113938,0.7461927636347787,0.4203562195773163,0.44716945536818214,0.5193365583966828,152.17468999176742,1,1,0,1,1,1,1,1,0,1,0,1,1,1
param_20142,real_005,0.8083506794178092,0.6188382059751929,0.19157906409675754,0.2634438305546435,0.24100988718795982,399.2653511879274,1,1,0,0,1,0,0,1,0,0,0,1,1,1
param_20143,real_001,0.7969798735969558,0.676843991129269,0.22195341212056974,0.2984328473015379,0.31064412973960714,185.6046849480624,1,1,1,1,1,1,1,1,1,1,1,1,1,1
param_20143,real_002,0.7585312537548233,0.6627836251302274,0.17489932744227737,0.24272190991933462,0.5161494138411774,114.50128627496605,1,1,1,1,1,1,1,1,1,1,1,1,1,1
param_20143,real_003,0.7443111971193112,0.5992475643827632,0.15378045198148185,0.23301371076363198,0.16985201874087918,373.1488243738685,1,1,1,1,1,1,1,1,1,1,1,1,1,1
param_20143,real_004,0.9009446318190532,0.8077510326756747,0.3927459962895478,0.45136363702248894,0.17569214696151836,147.9701655587762,1,1,1,1,1,1,1,1,1,1,1,1,1,1
param_20143,real_005,0.8218026116906283,0.7137411370007055,0.2691009933744123,0.3428881984631578,0.2109845379766515,183.8733184572445,1,1,1,1,1,1,1,1,1,1,1,1,1,1
param_20144,real_001,0.7789228368593426,0.31267696638697223,0.006496727450814338,0.021701146214009065,0.39659311764033384,218.57063377163925,0,1,0,0,0,1,0,0,0,1,0,0,1,1
param_20144,real_002,0.8095613632936223,0.32835815576232,0.032432472192152575,0.05146589864027073,0.20486479015985626,888.7688540136162,0,0,0,0,0,1,0,0,0,1,0,0,1,1
param_20144,real_003,0.8040594533016144,0.3979847441106292,0.039610281122872265,0.058553729113569236,0.2910615623157389,553.5206213980574,1,0,0,0,0,1,0,1,0,1,0,1,0,0
param_20144,real_004,0.8117362260281533,0.3426670296712444,0.019909197009942748,0.03227475409951786,0.8497593686563419,417.99252799287154,0,1,0,1,0,1,0,1,0,1,0,0,0,0
param_20144,real_005,0.8332295766785538,0.3290275331923552,0.026784920423283794,0.06343213282370667,0.2542195034827648,110.08925550578982,0,1,0,1,0,1,1,1,0,1,0,1,0,0
param_20145,real_001,0.7711736712517624,0.32847014682449205,0.00880109655238931,0.03253930186761462,0.45617838998363197,175.85416656969,0,1,0,0,0,1,0,0,0,1,0,0,1,1
param_20145,real_002,0.8037558780808942,0.348005462080893,0.033023118690428926,0.0624424843609485,0.2881115925182289,889.2946990321287,0,0,0,0,0,1,0,0,0,1,0,0,1,1
param_20145,real_003,0.8042724421052967,0.4342451916965158,0.05873135863121493,0.07906561733556847,0.5750937278346338,487.19820758099047,1,0,0,1,1,1,0,1,0,1,0,1,0,1
param_20145,real_004,0.8080134430542187,0.3637746219353419,0.026693213397383852,0.04564552170737924,1.2313447070043446,383.13776678702027,0,1,0,1,0,1,0,1,0,1,0,1,0,1
param_20145,real_005,0.8334021668223803,0.35237959048393486,0.046068740685065314,0.09095867146430438,0.4177315296566077,78.89177006845969,0,1,1,1,0,1,1,1,0,1,0,1,0,0
param_20146,real_001,0.7577989958705368,0.34261065579746075,0.011095937485811612,0.037697105573069115,0.5018251202920192,255.29204827621837,0,1,0,0,0,1,0,0,0,1,0,0,1,1
param_20146,real_002,0.7968929824118947,0.3659371581435633,0.0434730161876451,0.077703690505783,0.3217528294846814,901.0386891281324,0,1,0,0,0,1,0,0,0,1,0,0,1,1
param_20146,real_003,0.7926782483012568,0.44299514496651826,0.05610815025602002,0.08100904148236542,0.4504980527994677,409.4991443061191,1,0,0,1,1,1,0,1,0,1,0,1,0,1
param_20146,real_004,0.7973679351048135,0.37826809476391804,0.03055548980117182,0.051470070210301574,1.0663827906883323,356.7192350675937,0,1,0,1,0,1,0,1,0,1,0,0,0,1
param_20146,real_005,0.8262137927281965,0.36540545649703043,0.045921699465204024,0.09967051798084922,0.38786417520594735,60.1878932050947,0,1,1,1,0,1,1,1,0,1,0,1,0,0
param_20147,real_001,0.7416597300792875,0.40872696093181465,0.04343760861122093,0.07951408805920636,1.0021804511278196,49.08459960589673,1,1,1,0,1,1,1,0,0,1,0,1,1,1
param_20147,real_002,0.773745422095429,0.4224430707443242,0.062329826892336175,0.10799664930932773,0.5203357004519045,805.6551371155845,1,1,1,1,1,1,1,1,0,1,0,1,1,1
param_20147,real_003,0.7994190002230183,0.5411334421891123,0.10244591275279015,0.1448638687232668,0.9323104304516944,432.34852604486747,1,1,1,1,1,1,1,1,0,1,0,1,0,1
param_20147,real_004,0.7965902799416057,0.45573999863065723,0.06136899092747658,0.0911768768436788,1.6432492094743751,318.99892630614534,1,1,1,1,1,1,1,1,0,1,0,1,0,1
param_20147,real_005,0.8504706042237656,0.47794830734616484,0.1599948965752259,0.20309356366990772,0.8829514687472707,222.07961685283402,1,1,1,1,1,1,1,1,0,1,0,1,0,0
param_20148,real_001,0.7302903893033816,0.48742760701138704,0.08737305149784184,0.13158076145280978,1.1034537662372126,49.61400856249644,1,1,1,1,1,1,1,1,0,1,0,1,1,1
param_20148,real_002,0.7818909260687225,0.5378362863563327,0.14547073021218007,0.18970116946207072,0.7441424674298244,670.6684767438262,1,1,1,1,1,1,1,1,0,1,0,1,1,1
param_20148,real_003,0.7730167110844267,0.5774728126792715,0.14460378854296754,0.1866330018048852,0.8375285768717851,219.0171069053292,1,1,1,1,1,1,1,1,0,1,0,1,1,1
param_20148,real_004,0.7757724803579861,0.5385304647445536,0.1059400843941687,0.14672289420107434,1.1124684339507631,236.09913812184834,1,1,1,1,1,1,1,1,0,1,0,1,1,1
param_20148,real_005,0.8358679893202253,0.5746811692369758,0.1857774231830548,0.2451378120590958,0.6719028282396523,127.71353464794899,1,1,1,1,1,1,1,1,0,1,0,1,1,1
param_20149,real_001,0.7341103684684809,0.5889969766077905,0.1595214104973757,0.23080350510890799,0.4545915715243028,24.730631365507293,1,1,1,1,1,1,1,1,1,1,1,1,1,1
param_20149,real_002,0.7438865891870057,0.6040935446110387,0.18514489086328428,0.2555820098685504,0.339713853215489,405.341304457943,1,1,1,1,1,1,1,1,1,1,1,1,1,1
param_20149,real_003,0.7771703615795333,0.6744846374051738,0.1932580225939543,0.2628295837046018,0.38358367452167136,273.96766909296684,1,1,1,1,1,1,1,1,1,1,1,1,1,1
param_20149,real_004,0.8107614136059818,0.6643825732928792,0.16562051085448865,0.24122153814067457,0.4374403290166222,264.74504356348433,1,1,1,1,1,1,1,1,1,1,1,1,1,1
param_20149,real_005,0.8928381338907347,0.7490722096703313,0.3317904649537005,0.409375430597452,0.17794804776311784,88.20318534400712,1,1,1,1,1,1,1,1,1,1,1,1,1,1
param_20150,real_001,0.7945971358288086,0.3980386492481247,0.0414923464962094,0.06997495719374262,0.16909141362086735,786.523480294636,0,1,0,0,0,1,1,1,0,0,0,1,1,1
param_20150,real_002,0.842797879089007,0.4293426257435612,0.09136048141095582,0.12645503731157212,0.3480045660095711,225.13629641190778,0,0,0,1,1,0,1,1,0,0,0,0,0,1
param_20150,real_003,0.8613668748013452,0.42199136458739916,0.14157910821617492,0.17847531147207338,0.25640675807808627,256.9398466191037,0,0,0,0,0,1,0,1,0,0,0,1,0,1
param_20150,real_004,0.8194092685642421,0.3920687237589617,0.05859368908001849,0.08322360714325627,0.5154840727803556,134.17098268946654,0,0,0,0,0,1,0,1,0,1,0,1,1,1
param_20150,real_005,0.8282233854983244,0.33523270295222857,0.03911743378852277,0.05822562319981694,0.03048700302459124,1062.2571634959309,1,0,0,0,1,0,0,1,0,0,0,0,0,1
param_20151,real_001,0.7826611926569497,0.4129278054005841,0.04710154935464863,0.08088481941348048,0.34004478186334536,706.1150821319455,0,1,0,0,0,1,1,1,0,0,1,1,1,1
param_20151,real_002,0.8334701822622815,0.4499784644558744,0.10441264532062591,0.13786801841427931,0.4297121779905433,76.59351107397202,0,0,1,1,1,0,1,1,0,0,0,1,0,1
param_20151,real_003,0.8570603021016134,0.4416304218730413,0.15563628200856774,0.1935647031060268,0.46107772555086174,216.0086136203035,0,0,0,0,0,1,0,1,0,0,0,1,1,1
param_20151,real_004,0.8116088747921779,0.41958437166579615,0.08201784827205014,0.11110392443040923,0.794718207931595,171.20914887641308,0,1,0,0,0,1,1,1,0,1,0,1,1,1
param_20151,real_005,0.8127147863333558,0.3428758457829671,0.04123657797044635,0.06100834559993195,0.18460589867433974,987.1017378114999,1,0,0,0,1,0,0,1,0,0,0,1,0,1
param_20152,real_001,0.7780540616520214,0.4278424118732055,0.05328735131896917,0.08991977573184809,0.3647109428768066,708.4145731082592,0,1,0,1,0,1,1,1,0,0,0,1,1,1
param_20152,real_002,0.8282925165525431,0.46881504021403086,0.10791558640193327,0.14510221600154555,0.435154040210993,82.71776931343032,0,0,1,1,1,0,1,1,0,0,0,1,0,1
param_20152,real_003,0.8498982662563859,0.4595024122098819,0.16252395024001431,0.20355844819033492,0.46120950577024467,219.61519434156776,0,0,0,0,0,1,0,1,0,0,0,1,1,1
param_20152,real_004,0.8045544842654111,0.43160222279330845,0.08713954359245696,0.11789949085448406,0.7260162779983765,196.23765771008462,0,1,0,0,0,1,1,1,0,1,0,1,1,1
param_20152,real_005,0.8101796542638615,0.37159083340731164,0.04716167496873288,0.07287425291075024,0.14336401805602098,996.8847873327566,1,0,0,0,1,0,0,1,0,0,0,0,0,1
param_20153,real_001,0.7684427152155253,0.4999404860410525,0.1135328042853952,0.1533456312795633,0.8574759828509662,345.99222409594677,1,1,1,1,1,1,1,1,1,1,1,1,1,1
param_20153,real_002,0.8210104741613646,0.5430679997135375,0.14105951045446807,0.18133109226568053,0.6183342158622738,64.85816841546914,1,1,1,1,1,0,1,1,0,1,1,1,0,1
param_20153,real_003,0.8476375027520986,0.5315109904260613,0.19456065290644553,0.24558174768735758,0.5091130808769537,264.3934740062789,1,1,1,1,1,1,1,1,0,1,1,1,1,1
param_20153,real_004,0.8146361280172567,0.5370991253757671,0.15514992123422988,0.1879492454155002,0.9040947059487526,201.1821119066343,0,1,0,1,0,1,1,1,0,1,1,1,1,1
param_20153,real_005,0.7739390749791154,0.39522429475868703,0.05248377962987739,0.09385256986026937,0.5359833525730603,681.8663532441935,1,0,1,1,1,1,1,1,0,0,0,1,0,1
param_20154,real_001,0.7779577788589656,0.5848639538708928,0.15532164058251138,0.210911575528146,0.8216564594221951,242.5257721799554,1,1,1,1,1,1,1,1,1,1,1,1,1,1
param_20154,real_002,0.8186106683758954,0.6457513477839757,0.18648527620771066,0.23876974062927356,0.6122510593791445,39.54633598088141,1,1,1,1,1,1,1,1,0,1,1,1,1,1
param_20154,real_003,0.8518762043306293,0.6533995271115054,0.24673520625580192,0.3061150503332134,0.5659682114309477,152.18748212335245,1,1,1,1,1,1,1,1,0,1,1,1,1,1
param_20154,real_004,0.798241014216497,0.59745841645428,0.19264037583213792,0.23297196417639823,0.8497107621893077,273.39365667832044,0,1,1,1,0,1,1,1,0,1,1,1,1,1
param_20154,real_005,0.775208230352223,0.5301364314458035,0.12346787263576484,0.18449747981294373,0.4888413329257108,702.7454045290388,1,1,1,1,1,1,1,1,1,1,0,1,1,1
param_20155,real_002,0.8430056003750453,0.747423997406115,0.24512293503605234,0.31078623389941606,0.30848642745138716,61.622511250191245,1,1,1,1,1,1,1,1,1,1,1,1,1,1
param_20155,real_003,0.8668369974541509,0.7470990918834625,0.3150914202604142,0.3861681570672072,0.25731969303237034,95.73293155355964,1,1,1,1,1,1,1,1,1,1,1,1,1,1
param_20155,real_004,0.850938281816558,0.7368009373300392,0.2746871664755921,0.34602925958442443,0.3533395952741516,193.0175681326335,1,1,1,1,1,1,1,1,1,1,1,1,1,1
param_20155,real_005,0.7819756417517714,0.6022228758982374,0.1937487169170835,0.26401788308739427,0.4447685410252255,347.1161853168383,1,1,1,1,1,1,1,1,1,1,1,1,0,1
param_20156,real_001,0.7865924454673073,0.36947467108861703,0.03836421576370694,0.06447719916375282,0.1468753217337589,427.0387111266998,1,1,0,0,1,1,0,1,0,0,0,0,1,1
param_20156,real_002,0.794399804959114,0.4507608676626022,0.06330185502301836,0.09342416618004071,0.35481760552259345,294.48153423390926,0,0,0,0,0,0,0,0,0,1,0,1,1,1
param_20156,real_003,0.821173684032328,0.3736804194488641,0.08827187677643478,0.13042509640354508,0.24796186572815967,264.6065124626042,0,0,0,1,0,1,0,0,0,1,0,1,1,1
param_20156,real_005,0.8096519446455832,0.4804961256112205,0.09955621012848967,0.11577378798865336,0.2971324814142314,508.32213517370883,1,0,0,0,1,0,0,0,0,0,0,0,1,1
param_20157,real_001,0.7630374235216584,0.3817157856385,0.05039308708722074,0.07517998953695747,0.4976870897555446,487.34703693648953,1,1,0,0,1,1,0,1,0,1,0,1,1,1
param_20157,real_002,0.7888517225669414,0.4568001888539709,0.09297540558844807,0.12700247188191374,0.5175766496872034,233.58234190798692,0,1,0,0,0,0,0,0,0,1,0,1,1,1
param_20157,real_003,0.8098230861967104,0.39688416304604807,0.12582374541395333,0.16149721205956813,0.5602088167053364,233.30812409221465,0,0,1,1,0,1,0,1,0,1,0,1,1,1
param_20157,real_004,0.8079887664240266,0.3751140627256538,0.1030451139151138,0.11693910469298091,1.020828324116374,599.6984252425905,0,0,0,0,0,0,0,1,0,0,0,1,1,1
param_20157,real_005,0.7909154604697389,0.49244591729747855,0.10528069857899153,0.12136822307542364,0.2128418738750219,472.11842656249047,1,0,0,0,1,0,0,0,1,0,0,0,1,1
param_20158,real_001,0.7506719076010541,0.4049681361842942,0.048869889722326205,0.07474802729940339,0.49521693955788043,491.2118176423894,1,1,0,0,1,1,0,1,0,1,0,1,1,1
param_20158,real_002,0.7826993831888481,0.47280426109613066,0.08549164237996701,0.12788965769780192,0.46503729990651177,216.51986132445893,0,1,0,0,0,0,0,1,0,1,0,1,1,1
param_20158,real_003,0.8047046139191002,0.4211955740118675,0.13310787188810946,0.1688421674558612,0.5286002820014482,221.45433929093042,0,0,1,1,0,1,0,0,0,1,0,1,1,1
param_20158,real_004,0.8065475816959838,0.4009130364637707,0.11550014397943324,0.13287759802685423,1.054753327180159,591.5139985148251,0,0,0,0,0,0,0,1,0,0,0,1,1,1
param_20158,real_005,0.7890633107454896,0.5062453828158309,0.11006905849999082,0.13065309201187467,0.22927717027796357,512.1020567287183,1,0,0,0,1,0,0,0,1,0,0,0,1,1
param_20159,real_001,0.7474539671218758,0.47109256970600144,0.08515266580579682,0.12394930277422005,1.0201985270573166,243.00162517611128,1,1,1,1,1,1,1,1,0,1,0,1,1,1
param_20159,real_002,0.7996683661536794,0.5474064604072358,0.17706904685649874,0.22320137875308294,0.6006982407315377,114.83212788568969,0,1,0,0,0,0,1,1,1,1,1,1,1,1
param_20159,real_003,0.7973614569511609,0.48810461079570316,0.17171129190720325,0.20551233085429202,0.8130190796857464,210.46642816476296,1,1,1,1,1,1,1,1,0,1,0,1,1,1
param_20159,real_004,0.7889703813559898,0.46544293522766006,0.12404642364892686,0.15393276031779812,1.1640481497993758,460.72686213445763,0,1,1,1,0,1,1,1,0,1,0,1,1,1
param_20159,real_005,0.7414089150065424,0.5197366929083701,0.10447756968526754,0.13343377926246822,0.18401744515258484,379.9819057434645,1,0,0,0,1,0,0,1,1,0,0,1,1,1
param_20160,real_001,0.7475502932556931,0.5840188991941052,0.12194064065819683,0.17813001091457856,0.9618970231363032,177.26284478603912,1,1,1,1,1,1,1,1,1,1,0,1,1,1
param_20160,real_002,0.8059647167517476,0.6441451326694105,0.23999481192392047,0.2948805367617879,0.6485298405364792,168.2059297260967,0,1,1,1,1,1,1,1,1,1,1,1,1,1
param_20160,real_003,0.7869147057229885,0.5938758771390191,0.20103349687288727,0.24087225030988588,0.9090474747710164,149.0222683815554,1,1,1,1,1,1,1,1,0,1,0,1,1,1
param_20160,real_004,0.7963581199069644,0.5821302373097466,0.17828553585441434,0.2108594101549386,1.1176935473873426,312.4880931884904,0,1,1,1,0,1,1,1,0,1,0,1,1,1
param_20160,real_005,0.792613763313431,0.6448641594867184,0.19807366852167757,0.2552358401479924,0.23947421434327157,369.2571317257157,1,0,0,0,1,1,0,1,1,0,1,1,1,1
param_20161,real_001,0.7963618538247652,0.680485614342152,0.22129441889702256,0.29594609638244584,0.3444710235441069,117.48611449970224,1,1,1,1,1,1,1,1,1,1,1,1,1,1
param_20161,real_002,0.8565069440749773,0.7724959495383217,0.31600888978194175,0.3872108646243625,0.41759177896579713,52.31135211542923,1,1,1,1,1,1,1,1,1,1,1,1,1,1
param_20161,real_003,0.8089606844255394,0.6774078748906049,0.24037925846178523,0.3094422469293883,0.4322386024493156,44.6674922973682,1,1,1,1,1,1,1,1,1,1,1,1,1,1
param_20161,real_004,0.8140474228256263,0.6636042060577219,0.23027195778271686,0.29380433149968127,0.4729794865251846,107.2157556041054,1,1,1,1,1,1,1,1,1,1,1,1,1,1
param_20161,real_005,0.7876032229360272,0.6931384305751804,0.23833042804274884,0.3156105857271862,0.3378502828575187,180.48929436217463,1,1,1,1,1,1,1,1,1,1,1,1,1,1
